time,open,high,low,close,Volume
1778450400,98.07,99,97.57,98.17,3836
1778450700,98.17,98.29,97.7,97.98,1540
1778451000,97.99,98.01,97.6,97.77,1030
1778451300,97.82,98.2,97.71,97.99,885
1778451600,97.98,98.12,97.89,97.99,380
1778451900,97.95,98,97.88,97.91,181
1778452200,97.91,98.04,97.81,97.98,426
1778452500,97.94,98.07,97.91,98.05,228
1778452800,98.01,98.1,98,98.06,256
1778453100,98.08,98.2,97.98,98.09,393
1778453400,98.12,98.43,98.09,98.39,660
1778453700,98.4,98.43,98.22,98.3,485
1778454000,98.3,98.48,98.28,98.4,607
1778454300,98.4,98.41,98.18,98.24,485
1778454600,98.23,98.34,98.23,98.32,206
1778454900,98.3,98.33,98.17,98.26,247
1778455200,98.24,98.29,98.18,98.2,182
1778455500,98.21,98.38,98.2,98.34,283
1778455800,98.34,98.53,98.32,98.48,431
1778456100,98.49,98.56,98.39,98.42,472
1778456400,98.43,98.44,98.33,98.38,207
1778456700,98.39,98.4,98.25,98.31,434
1778457000,98.3,98.54,98.3,98.5,372
1778457300,98.48,98.94,98.48,98.87,874
1778457600,98.87,98.92,98.7,98.74,588
1778457900,98.75,98.75,98.53,98.61,524
1778458200,98.63,98.7,98.54,98.65,356
1778458500,98.65,98.66,98.49,98.62,330
1778458800,98.62,98.66,98.52,98.58,337
1778459100,98.6,98.67,98.53,98.61,255
1778459400,98.63,98.89,98.59,98.82,501
1778459700,98.82,98.92,98.77,98.9,271
1778460000,98.9,99.18,98.89,99.15,944
1778460300,99.15,99.39,99.02,99.28,1460
1778460600,99.28,99.94,99.22,99.33,2421
1778460900,99.34,99.58,99.13,99.26,1366
1778461200,99.23,99.29,98.85,99,2115
1778461500,99.03,99.09,98.85,99.01,1099
1778461800,99.03,99.27,98.91,98.98,835
1778462100,98.96,99.03,98.82,98.89,638
1778462400,98.89,98.97,98.85,98.86,366
1778462700,98.88,99.08,98.88,99.01,443
1778463000,99.03,99.24,99.02,99.17,555
1778463300,99.18,99.39,99.1,99.37,583
1778463600,99.37,99.37,99.12,99.19,402
1778463900,99.16,99.19,98.96,99.07,550
1778464200,99.07,99.13,98.91,99.04,488
1778464500,99.02,99.07,98.96,99.01,224
1778464800,99.02,99.12,98.98,99.06,321
1778465100,99.02,99.1,98.97,98.98,188
1778465400,98.98,99.06,98.86,98.99,423
1778465700,99,99.06,98.96,99.02,192
1778466000,99.04,99.06,98.95,98.97,178
1778466300,98.97,99.12,98.97,99.11,228
1778466600,99.09,99.27,99.04,99.2,397
1778466900,99.22,99.26,99.16,99.19,276
1778467200,99.19,99.48,99.19,99.42,673
1778467500,99.42,99.87,99.38,99.68,1345
1778467800,99.68,99.72,99.52,99.52,606
1778468100,99.53,99.83,99.53,99.81,662
1778468400,99.82,100.33,99.8,100.04,2377
1778468700,100.03,100.03,99.84,99.91,845
1778469000,99.91,99.99,99.8,99.84,588
1778469300,99.83,99.94,99.69,99.92,627
1778469600,99.91,99.97,99.87,99.89,412
1778469900,99.89,99.94,99.83,99.84,304
1778470200,99.84,99.87,99.69,99.81,386
1778470500,99.8,99.87,99.77,99.81,144
1778470800,99.8,99.81,99.69,99.79,269
1778471100,99.79,99.79,99.65,99.71,289
1778471400,99.75,99.94,99.74,99.91,436
1778471700,99.9,99.98,99.88,99.94,343
1778472000,99.94,100.26,99.88,100.15,925
1778472300,100.17,100.25,100.1,100.23,281
1778472600,100.21,100.27,100.18,100.19,301
1778472900,100.2,100.21,100.14,100.14,178
1778473200,100.15,100.15,100.05,100.09,179
1778473500,100.08,100.15,100.02,100.11,246
1778473800,100.11,100.2,100.06,100.17,223
1778474100,100.16,100.18,100.09,100.11,94
1778474400,100.12,100.17,100.12,100.16,122
1778474700,100.18,100.2,100.12,100.15,122
1778475000,100.12,100.23,100.07,100.23,179
1778475300,100.23,100.4,100.17,100.3,443
1778475600,100.29,100.34,99.91,99.95,675
1778475900,99.95,100.17,99.87,100.02,552
1778476200,100.03,100.08,99.84,99.93,457
1778476500,99.91,100.19,99.9,100.12,304
1778476800,100.14,100.14,99.95,100,249
1778477100,100,100.06,99.89,100,752
1778477400,99.99,100.15,99.74,99.81,505
1778477700,99.81,99.95,99.79,99.91,481
1778478000,99.91,99.94,99.76,99.8,335
1778478300,99.81,99.94,99.8,99.9,322
1778478600,99.89,99.89,99.61,99.66,389
1778478900,99.69,99.81,99.68,99.76,365
1778479200,99.77,99.86,99.69,99.72,293
1778479500,99.74,99.8,99.7,99.74,245
1778479800,99.75,99.89,99.73,99.89,469
1778480100,99.89,100.11,99.86,100.02,490
1778480400,100.03,100.13,99.9,99.91,288
1778480700,99.9,99.92,99.77,99.83,380
1778481000,99.82,99.83,99.29,99.57,1192
1778481300,99.59,99.67,99.39,99.47,432
1778481600,99.47,99.49,98.9,99.03,1181
1778481900,99.05,99.21,99.02,99.09,639
1778482200,99.07,99.14,98.9,99.06,692
1778482500,99.05,99.13,98.9,99.02,623
1778482800,99,99.16,98.7,98.81,1473
1778483100,98.83,99.33,98.81,99.23,875
1778483400,99.24,99.26,98.91,99.16,568
1778483700,99.14,99.16,98.91,98.99,499
1778484000,99.01,99.09,98.95,99.01,191
1778484300,99,99.03,98.86,98.97,279
1778484600,98.99,99.03,98.86,98.99,344
1778484900,98.98,99.14,98.72,98.79,544
1778485200,98.78,98.86,98.6,98.78,470
1778485500,98.78,98.98,98.73,98.92,299
1778485800,98.92,98.95,98.77,98.86,340
1778486100,98.84,98.86,98.21,98.29,1127
1778486400,98.29,98.43,98.13,98.21,1101
1778486700,98.21,98.23,97.7,97.98,1706
1778487000,97.97,97.97,97.08,97.38,2377
1778487300,97.34,97.38,97,97.22,1229
1778487600,97.23,97.58,96.92,97.36,1645
1778487900,97.33,97.67,97.25,97.56,1330
1778488200,97.56,97.66,97.35,97.44,794
1778488500,97.44,97.71,97.34,97.69,679
1778488800,97.66,97.66,97.55,97.61,345
1778489100,97.61,97.65,97.47,97.52,342
1778489400,97.53,97.68,97.5,97.6,291
1778489700,97.57,97.64,97.4,97.59,444
1778490000,97.6,97.91,97.55,97.66,820
1778490300,97.65,97.75,97.51,97.55,276
1778490600,97.52,97.64,97.42,97.58,316
1778490900,97.57,97.57,97.36,97.44,330
1778491200,97.44,97.55,97.43,97.55,188
1778491500,97.55,97.7,97.52,97.65,430
1778491800,97.65,97.74,97.61,97.63,326
1778492100,97.63,97.66,97.53,97.61,223
1778492400,97.6,97.65,97.47,97.65,301
1778492700,97.64,97.86,97.58,97.81,373
1778493000,97.78,97.8,97.56,97.58,501
1778493300,97.61,98.11,97.61,98.09,828
1778493600,98.1,98.12,97.76,97.94,543
1778493900,97.97,98.06,97.6,97.6,546
1778494200,97.6,97.65,97.31,97.55,866
1778494500,97.56,97.64,97.44,97.49,412
1778494800,97.49,97.49,97.17,97.38,710
1778495100,97.4,97.71,97.37,97.69,461
1778495400,97.68,97.73,97.47,97.54,406
1778495700,97.54,97.75,97.49,97.72,329
1778496000,97.71,97.86,97.67,97.79,424
1778496300,97.8,98.02,97.62,97.72,692
1778496600,97.72,97.9,97.62,97.84,527
1778496900,97.82,98.03,97.8,98.01,557
1778497200,98.02,98.08,97.87,97.97,430
1778497500,97.97,98.03,97.89,97.91,334
1778497800,97.9,98,97.83,97.87,207
1778498100,97.89,98.06,97.89,98.04,190
1778498400,98.04,98.05,97.89,98,267
1778498700,98.01,98.03,97.85,97.91,218
1778499000,97.93,97.94,97.7,97.75,546
1778499300,97.75,97.89,97.71,97.87,466
1778499600,97.86,97.93,97.75,97.9,278
1778499900,97.89,98.05,97.87,98.01,277
1778500200,98.01,98.6,97.99,98.53,1896
1778500500,98.54,98.55,98.26,98.31,665
1778500800,98.32,98.7,98.32,98.6,867
1778501100,98.61,98.66,98.45,98.49,488
1778501400,98.49,98.64,98.45,98.56,420
1778501700,98.57,98.61,98.24,98.33,846
1778502000,98.33,98.34,97.85,97.95,1317
1778502300,97.95,98.21,97.46,97.55,1987
1778502600,97.56,97.65,96.59,97.23,3959
1778502900,97.25,97.57,97.03,97.55,1685
1778503200,97.55,97.85,97.45,97.82,1623
1778503500,97.83,98.68,97.61,98.14,3311
1778503800,98.14,98.48,98.11,98.26,1704
1778504100,98.26,98.43,98.04,98.05,899
1778504400,98.06,98.13,97.07,97.1,4244
1778504700,97.11,97.21,96.54,96.8,3682
1778505000,96.78,97.07,96.69,96.84,2413
1778505300,96.81,97.05,96.65,96.79,1793
1778505600,96.77,96.96,96.64,96.67,1350
1778505900,96.67,96.88,96.41,96.88,1772
1778506200,96.85,97.06,96.75,97.02,1629
1778506500,97.02,97.29,96.83,96.9,2122
1778506800,96.91,96.95,96.44,96.52,2634
1778507100,96.53,96.58,96.13,96.34,2855
1778507400,96.31,96.4,96.15,96.26,1269
1778507700,96.26,96.66,96.23,96.63,1375
1778508000,96.63,96.94,96.55,96.93,1520
1778508300,96.94,96.99,96.73,96.93,1330
1778508600,96.92,97.14,96.88,96.98,1056
1778508900,96.96,96.99,96.77,96.86,972
1778509200,96.86,97.05,96.74,96.99,799
1778509500,96.99,97.34,96.93,97.28,1994
1778509800,97.26,97.93,97.17,97.51,2558
1778510100,97.52,97.72,97.31,97.42,1661
1778510400,97.42,97.42,97.04,97.21,1610
1778510700,97.21,97.68,97.13,97.54,1574
1778511000,97.54,97.71,97.46,97.62,936
1778511300,97.63,97.77,97.61,97.68,683
1778511600,97.67,97.71,97.48,97.69,953
1778511900,97.7,97.76,97.41,97.46,794
1778512200,97.48,97.79,97.39,97.75,1161
1778512500,97.75,97.92,97.34,97.47,1417
1778512800,97.49,97.51,97.21,97.28,814
1778513100,97.26,97.61,97.25,97.5,1172
1778513400,97.55,97.58,97.19,97.32,831
1778513700,97.33,97.69,97.29,97.62,1460
1778514000,97.6,98.17,97.53,97.99,1480
1778514300,98,98.31,97.79,97.83,2867
1778514600,97.84,98.03,97.66,97.73,1212
1778514900,97.74,97.91,97.59,97.86,893
1778515200,97.87,98.09,97.85,98.01,999
1778515500,98.01,98.22,97.97,98.22,889
1778515800,98.21,98.39,98.16,98.36,1049
1778516100,98.34,98.6,98.32,98.54,981
1778516400,98.54,98.82,98.51,98.56,1296
1778516700,98.58,98.77,98.55,98.72,695
1778517000,98.74,98.84,98.61,98.79,684
1778517300,98.78,99.08,98.78,98.92,1716
1778517600,98.93,99.82,98.87,99.69,3789
1778517900,99.72,99.76,99.42,99.5,1130
1778518200,99.54,99.78,99.39,99.51,1212
1778518500,99.51,99.6,99.23,99.24,1289
1778518800,99.26,99.27,98.8,99.02,1645
1778519100,99.02,99.14,98.91,98.96,815
1778519400,98.95,99.13,98.92,98.97,634
1778519700,98.95,99.02,98.7,98.9,1183
1778520000,98.9,98.9,98.56,98.6,702
1778520300,98.6,98.63,98.4,98.63,908
1778520600,98.65,98.69,98.3,98.3,904
1778520900,98.33,98.42,98.11,98.26,1139
1778521200,98.24,98.29,98.1,98.16,571
1778521500,98.17,98.38,98.12,98.37,661
1778521800,98.36,98.52,98.3,98.43,818
1778522100,98.43,98.44,98.31,98.35,457
1778522400,98.38,98.4,97.82,98.06,1463
1778522700,98.06,98.14,97.9,97.95,605
1778523000,97.97,98.72,97.91,98.56,2138
1778523300,98.55,98.9,98.44,98.77,1888
1778523600,98.76,98.91,98.39,98.55,1729
1778523900,98.56,98.56,97.98,98.08,2481
1778524200,98.08,98.15,97.93,98.1,726
1778524500,98.08,98.3,98.07,98.25,561
1778524800,98.23,98.25,98.12,98.16,213
1778525100,98.17,98.26,97.86,97.95,774
1778525400,97.94,98.09,97.9,98.02,397
1778525700,98.03,98.17,97.99,98.11,380
1778526000,98.12,98.17,98.03,98.04,244
1778526300,98.06,98.07,97.94,97.98,256
1778526600,97.98,97.98,97.84,97.93,407
1778526900,97.94,97.96,97.84,97.91,226
1778527200,97.93,97.99,97.9,97.93,240
1778527500,97.95,98.05,97.91,98.03,305
1778527800,98.02,98.2,98.01,98.14,609
1778528100,98.15,98.15,97.94,97.94,255
1778528400,97.94,98.05,97.93,98.02,221
1778528700,98.02,98.12,98.01,98.09,178
1778529000,98.12,98.29,98.08,98.25,380
1778529300,98.23,98.51,98.14,98.32,775
1778529600,98.3,98.3,98.13,98.26,407
1778529900,98.28,98.35,98.23,98.33,131
1778530200,98.33,98.97,98.3,98.68,2122
1778530500,98.68,98.71,98.38,98.55,527
1778530800,98.56,98.6,98.44,98.45,270
1778531100,98.45,98.46,98.23,98.27,340
1778531400,98.29,98.3,98.18,98.27,223
1778531700,98.27,98.32,98.24,98.3,174
1778532000,98.29,98.32,98.28,98.32,97
1778532300,98.3,98.4,98.3,98.39,232
1778532600,98.36,98.51,98.36,98.42,252
1778532900,98.41,98.46,98.25,98.25,235
1778536800,98.31,98.6,97.95,98.22,651
1778537100,98.16,98.2,98.06,98.13,225
1778537400,98.13,98.22,98.1,98.1,141
1778537700,98.09,98.17,98.09,98.17,86
1778538000,98.19,98.2,98.12,98.18,103
1778538300,98.18,98.18,98.13,98.16,52
1778538600,98.13,98.31,98.13,98.23,289
1778538900,98.25,98.29,98.22,98.27,297
1778539200,98.26,98.27,98.06,98.18,208
1778539500,98.15,98.18,98.12,98.17,86
1778539800,98.16,98.18,98.12,98.17,55
1778540100,98.18,98.23,98.15,98.23,53
1778540400,98.23,98.28,98.15,98.16,151
1778540700,98.15,98.22,98.14,98.21,64
1778541000,98.2,98.25,98.19,98.19,55
1778541300,98.2,98.25,98.2,98.23,41
1778541600,98.22,98.22,98.17,98.19,41
1778541900,98.18,98.19,98.16,98.19,28
1778542200,98.18,98.18,98.12,98.14,71
1778542500,98.14,98.16,98.09,98.11,96
1778542800,98.11,98.16,98.1,98.12,29
1778543100,98.11,98.11,98.02,98.08,144
1778543400,98.08,98.12,98.05,98.08,102
1778543700,98.11,98.12,97.97,98.09,164
1778544000,98.1,98.44,98.1,98.39,715
1778544300,98.38,98.38,98.17,98.2,321
1778544600,98.19,98.3,98.13,98.23,218
1778544900,98.24,98.26,98.12,98.16,166
1778545200,98.13,98.44,98.12,98.36,329
1778545500,98.38,98.49,98.33,98.44,346
1778545800,98.43,98.49,98.32,98.49,258
1778546100,98.47,98.67,98.4,98.55,616
1778546400,98.57,98.71,98.51,98.68,502
1778546700,98.7,98.71,98.58,98.64,280
1778547000,98.66,98.72,98.55,98.63,248
1778547300,98.63,98.8,98.53,98.72,294
1778547600,98.72,98.74,98.46,98.58,480
1778547900,98.56,98.56,98.35,98.48,333
1778548200,98.47,98.65,98.42,98.63,264
1778548500,98.64,98.78,98.64,98.64,360
1778548800,98.64,98.75,98.61,98.72,226
1778549100,98.72,98.92,98.72,98.82,637
1778549400,98.84,98.87,98.77,98.8,291
1778549700,98.77,98.83,98.71,98.78,322
1778550000,98.78,99.17,98.76,99.06,1049
1778550300,99.07,99.09,98.82,98.85,616
1778550600,98.84,99.04,98.82,98.97,250
1778550900,98.98,99.06,98.97,99.03,225
1778551200,99.05,99.14,98.97,99.12,304
1778551500,99.13,99.24,99.09,99.12,605
1778551800,99.12,99.12,98.93,98.93,543
1778552100,98.94,99.27,98.92,99.25,633
1778552400,99.24,99.25,99.15,99.19,211
1778552700,99.2,99.2,99.07,99.12,192
1778553000,99.12,99.17,99.1,99.16,205
1778553300,99.15,99.21,99.14,99.18,136
1778553600,99.17,99.23,99.15,99.17,155
1778553900,99.16,99.16,99.02,99.05,353
1778554200,99.06,99.1,99,99.03,184
1778554500,99.03,99.04,98.94,98.98,381
1778554800,98.98,99.07,98.95,99.05,253
1778555100,99.06,99.09,99.02,99.02,100
1778555400,99.03,99.11,99.01,99.04,171
1778555700,99.03,99.05,98.99,98.99,58
1778556000,98.99,99.04,98.98,99.02,148
1778556300,99.02,99.06,99,99.05,112
1778556600,99.04,99.04,98.97,98.98,164
1778556900,98.98,98.98,98.77,98.82,477
1778557200,98.82,98.93,98.82,98.92,133
1778557500,98.92,99.01,98.9,98.98,218
1778557800,98.98,99.22,98.98,99.14,358
1778558100,99.15,99.2,99.13,99.14,133
1778558400,99.15,99.17,99.07,99.11,166
1778558700,99.11,99.12,99.05,99.06,69
1778559000,99.07,99.1,99.04,99.1,65
1778559300,99.1,99.1,98.63,98.84,871
1778559600,98.85,98.98,98.82,98.96,166
1778559900,98.96,98.98,98.9,98.95,89
1778560200,98.97,98.98,98.86,98.87,88
1778560500,98.87,98.87,98.76,98.82,169
1778560800,98.83,98.88,98.81,98.84,115
1778561100,98.84,98.91,98.84,98.88,82
1778561400,98.88,98.95,98.83,98.91,151
1778561700,98.92,99.03,98.87,99.03,161
1778562000,99.04,99.05,98.84,98.84,203
1778562300,98.84,98.98,98.8,98.91,165
1778562600,98.92,99.04,98.88,98.99,122
1778562900,99,99.07,98.97,99.03,179
1778563200,99.02,99.02,98.91,98.94,98
1778563500,98.94,98.97,98.9,98.96,94
1778563800,98.96,98.96,98.83,98.92,155
1778564100,98.93,99.09,98.9,99.07,134
1778564400,99.08,99.23,99.08,99.21,389
1778564700,99.21,99.23,99.1,99.21,250
1778565000,99.21,99.53,99.21,99.45,970
1778565300,99.46,99.46,99.13,99.21,584
1778565600,99.22,99.46,99.19,99.44,608
1778565900,99.46,99.78,99.42,99.74,1187
1778566200,99.7,99.76,99.6,99.63,485
1778566500,99.65,99.66,99.44,99.52,517
1778566800,99.53,99.57,99.39,99.5,393
1778567100,99.49,99.52,99.43,99.46,247
1778567400,99.46,99.63,99.42,99.58,272
1778567700,99.57,100.17,99.55,99.93,1577
1778568000,99.94,100.08,99.85,99.89,588
1778568300,99.87,100.19,99.86,100.17,614
1778568600,100.15,100.7,100.15,100.61,2247
1778568900,100.58,100.66,100.49,100.51,545
1778569200,100.54,100.66,100.41,100.47,585
1778569500,100.49,100.69,100.43,100.46,491
1778569800,100.46,100.68,100.22,100.55,750
1778570100,100.56,100.66,100.4,100.4,466
1778570400,100.43,100.46,100.29,100.4,327
1778570700,100.39,100.45,100.33,100.37,238
1778571000,100.33,100.55,100.31,100.4,371
1778571300,100.39,100.5,100.31,100.4,324
1778571600,100.41,100.52,100.36,100.5,191
1778571900,100.49,100.59,100.41,100.45,403
1778572200,100.46,100.65,100.39,100.54,420
1778572500,100.54,100.77,100.53,100.69,459
1778572800,100.67,101.11,100.59,100.98,1451
1778573100,100.98,101.07,100.93,101.04,488
1778573400,101.04,101.24,101,101.2,534
1778573700,101.22,101.47,101.16,101.28,1066
1778574000,101.27,101.27,100.69,100.97,955
1778574300,100.96,101.23,100.9,101.18,584
1778574600,101.16,101.18,100.91,100.98,388
1778574900,101,101.15,100.96,101.02,245
1778575200,101.01,101.3,101.01,101.17,396
1778575500,101.17,101.17,100.91,100.99,342
1778575800,100.96,100.98,100.84,100.91,358
1778576100,100.92,100.97,100.81,100.89,258
1778576400,100.9,101.07,100.84,101.01,344
1778576700,101.01,101.38,100.96,101.28,518
1778577000,101.25,101.47,101.16,101.29,453
1778577300,101.27,101.71,101.25,101.65,1014
1778577600,101.66,101.75,101.41,101.49,747
1778577900,101.49,101.61,101.44,101.46,326
1778578200,101.46,101.46,100.95,101.2,1367
1778578500,101.21,101.47,101.13,101.27,395
1778578800,101.3,101.38,101.21,101.34,324
1778579100,101.3,101.3,101.17,101.19,255
1778579400,101.19,101.21,101.04,101.15,449
1778579700,101.14,101.17,101.06,101.09,254
1778580000,101.08,101.18,100.99,101.05,496
1778580300,101.06,101.08,100.89,100.99,589
1778580600,101.01,101.06,100.81,101.01,534
1778580900,100.99,101.29,100.96,101.28,569
1778581200,101.25,101.28,101.03,101.17,389
1778581500,101.16,101.26,101.09,101.1,247
1778581800,101.12,101.43,101.07,101.36,602
1778582100,101.36,101.66,101.29,101.62,474
1778582400,101.62,101.69,101.52,101.59,616
1778582700,101.59,101.91,101.56,101.81,780
1778583000,101.81,101.96,101.75,101.88,758
1778583300,101.88,101.88,101.62,101.67,510
1778583600,101.66,102.05,101.65,101.89,1084
1778583900,101.9,102.02,101.46,101.49,861
1778584200,101.5,101.53,101.14,101.41,1732
1778584500,101.4,101.44,101.2,101.21,549
1778584800,101.21,101.38,101.21,101.3,413
1778585100,101.31,101.32,101.2,101.23,275
1778585400,101.23,101.49,101.15,101.45,628
1778585700,101.45,101.52,101.28,101.32,414
1778586000,101.3,101.38,101.22,101.29,323
1778586300,101.27,101.45,101.27,101.35,269
1778586600,101.37,101.47,101.26,101.38,190
1778586900,101.38,101.46,101.26,101.27,275
1778587200,101.29,101.45,101.25,101.33,342
1778587500,101.34,101.66,101.06,101.59,1167
1778587800,101.59,101.62,101.32,101.48,589
1778588100,101.47,101.62,101.32,101.54,518
1778588400,101.55,101.76,101.49,101.74,618
1778588700,101.76,101.76,101.44,101.55,600
1778589000,101.56,101.64,101.45,101.52,371
1778589300,101.5,101.62,101.12,101.26,737
1778589600,101.24,101.31,101.08,101.27,839
1778589900,101.27,101.27,101.02,101.09,1037
1778590200,101.08,101.11,100.58,100.83,2630
1778590500,100.85,100.94,100.66,100.77,963
1778590800,100.76,101.37,100.68,101.28,2343
1778591100,101.28,101.5,101.14,101.29,1603
1778591400,101.28,101.4,101.22,101.29,630
1778591700,101.28,101.35,101.2,101.27,534
1778592000,101.27,101.42,101.21,101.38,628
1778592300,101.38,101.69,101.32,101.66,1110
1778592600,101.67,101.92,101.52,101.72,1726
1778592900,101.75,102.21,101.46,101.51,2860
1778593200,101.51,101.58,101.3,101.52,1369
1778593500,101.52,101.66,101.39,101.6,1080
1778593800,101.6,101.76,101.54,101.73,1393
1778594100,101.74,101.84,101.66,101.77,883
1778594400,101.77,101.81,101.43,101.6,1243
1778594700,101.61,101.78,101.46,101.63,803
1778595000,101.66,101.77,101.27,101.48,1159
1778595300,101.47,101.7,101.37,101.57,961
1778595600,101.57,101.7,101.43,101.68,742
1778595900,101.67,101.98,101.57,101.97,1294
1778596200,101.96,102.17,101.9,101.91,1599
1778596500,101.93,102.02,101.82,101.84,908
1778596800,101.83,101.88,101.5,101.54,1352
1778597100,101.53,101.78,101.5,101.77,997
1778597400,101.76,101.97,101.73,101.9,994
1778597700,101.92,102.07,101.9,101.93,859
1778598000,101.95,102.14,101.86,102.04,1004
1778598300,102.09,102.19,101.66,101.66,1634
1778598600,101.68,101.83,101.6,101.82,1065
1778598900,101.82,101.99,101.74,101.78,695
1778599200,101.78,102.19,101.74,102.17,1403
1778599500,102.18,102.24,101.88,101.91,1408
1778599800,101.93,101.96,101.48,101.54,2053
1778600100,101.54,101.75,101.43,101.53,1270
1778600400,101.54,101.55,101.22,101.3,1420
1778600700,101.28,101.51,101.14,101.44,1232
1778601000,101.46,101.65,101.39,101.4,799
1778601300,101.43,101.56,101.42,101.5,460
1778601600,101.49,101.69,101.47,101.48,686
1778601900,101.47,101.65,101.45,101.57,511
1778602200,101.56,101.59,101.26,101.29,767
1778602500,101.29,101.4,101.21,101.37,615
1778602800,101.35,101.61,101.33,101.54,809
1778603100,101.53,101.75,101.53,101.7,636
1778603400,101.71,101.91,101.64,101.82,838
1778603700,101.82,101.92,101.72,101.84,565
1778604000,101.84,101.96,101.78,101.91,413
1778604300,101.9,101.91,101.76,101.84,530
1778604600,101.83,101.94,101.76,101.81,366
1778604900,101.81,101.83,101.6,101.64,522
1778605200,101.62,101.62,101.38,101.47,795
1778605500,101.45,101.5,101.35,101.42,444
1778605800,101.42,101.6,101.35,101.57,569
1778606100,101.55,101.55,101.26,101.27,700
1778606400,101.27,101.44,101.24,101.38,553
1778606700,101.38,101.4,101.26,101.37,740
1778607000,101.35,101.51,101.33,101.43,477
1778607300,101.46,101.48,101.21,101.29,521
1778607600,101.3,101.56,101.27,101.48,470
1778607900,101.49,101.68,101.49,101.64,827
1778608200,101.62,101.65,101.37,101.42,688
1778608500,101.43,101.72,101.43,101.68,791
1778608800,101.69,102.05,101.53,101.8,1286
1778609100,101.79,102.11,101.76,102.03,1425
1778609400,102.02,102.68,101.99,102.31,2955
1778609700,102.31,102.34,102.04,102.09,1223
1778610000,102.1,102.26,101.98,102.11,1038
1778610300,102.08,102.31,101.96,102.27,1854
1778610600,102.29,102.58,102.24,102.4,965
1778610900,102.42,102.44,102.31,102.42,520
1778611200,102.41,102.51,102.41,102.44,312
1778611500,102.41,102.72,102.4,102.62,715
1778611800,102.61,102.71,102.54,102.57,550
1778612100,102.54,102.58,102.5,102.54,328
1778612400,102.55,102.55,102.37,102.41,388
1778612700,102.43,102.53,102.41,102.5,291
1778613000,102.47,102.5,102.21,102.27,483
1778613300,102.26,102.37,102.2,102.34,458
1778613600,102.35,102.45,102.3,102.3,403
1778613900,102.33,102.33,102.26,102.26,169
1778614200,102.28,102.3,102.21,102.23,396
1778614500,102.22,102.37,102.21,102.36,225
1778614800,102.36,102.45,102.31,102.33,518
1778615100,102.35,102.37,102.26,102.28,222
1778615400,102.27,102.44,102.25,102.41,251
1778615700,102.41,102.51,102.36,102.38,362
1778616000,102.38,102.41,102.33,102.34,247
1778616300,102.34,102.4,102.34,102.38,127
1778616600,102.38,102.47,102.35,102.47,153
1778616900,102.45,102.47,102.39,102.4,161
1778617200,102.4,102.45,102.23,102.26,448
1778617500,102.24,102.3,102.24,102.28,309
1778617800,102.26,102.32,102.07,102.27,485
1778618100,102.26,102.35,102.2,102.22,302
1778618400,102.21,102.24,102.09,102.15,353
1778618700,102.17,102.19,102.07,102.13,301
1778619000,102.11,102.12,101.91,102.03,514
1778619300,102.02,102.2,101.99,102,432
1778623200,102.08,102.33,101.95,102.16,506
1778623500,102.13,102.15,102,102.07,128
1778623800,102.07,102.1,102,102,70
1778624100,102,102.03,101.86,101.92,384
1778624400,101.9,101.93,101.68,101.81,381
1778624700,101.82,101.92,101.74,101.8,141
1778625000,101.8,101.92,101.8,101.83,210
1778625300,101.83,101.83,101.76,101.81,111
1778625600,101.81,101.86,101.78,101.86,124
1778625900,101.86,101.91,101.81,101.85,169
1778626200,101.86,101.92,101.83,101.87,122
1778626500,101.87,101.97,101.85,101.94,174
1778626800,101.96,102.04,101.93,102.03,163
1778627100,102.04,102.06,101.97,102.06,143
1778627400,102.06,102.07,101.98,102.02,97
1778627700,102.02,102.06,101.99,102.05,75
1778628000,102.06,102.06,102,102.03,68
1778628300,102.01,102.06,101.91,101.95,175
1778628600,101.97,102.01,101.94,101.94,79
1778628900,101.94,102.03,101.94,102.03,137
1778629200,102.03,102.08,102.01,102.03,125
1778629500,102.04,102.16,102.02,102.09,226
1778629800,102.06,102.11,102.03,102.09,155
1778630100,102.06,102.12,102.04,102.06,97
1778630400,102.06,102.08,101.71,101.8,721
1778630700,101.82,101.96,101.6,101.89,574
1778631000,101.9,101.94,101.8,101.83,133
1778631300,101.87,101.95,101.55,101.61,391
1778631600,101.61,101.67,101.42,101.58,644
1778631900,101.55,101.61,101.51,101.52,206
1778632200,101.51,101.62,101.51,101.57,185
1778632500,101.59,101.71,100.88,101.31,1017
1778632800,101.34,101.41,101.11,101.38,701
1778633100,101.39,101.59,101.39,101.53,315
1778633400,101.55,101.6,101.46,101.59,189
1778633700,101.6,101.61,101.44,101.44,212
1778634000,101.47,101.49,101.25,101.34,419
1778634300,101.34,101.51,101.3,101.49,287
1778634600,101.49,101.5,101.3,101.43,164
1778634900,101.44,101.54,101.35,101.36,268
1778635200,101.4,101.51,101.39,101.45,143
1778635500,101.46,101.51,101.43,101.5,159
1778635800,101.48,101.54,101.43,101.48,217
1778636100,101.5,101.7,101.5,101.55,354
1778636400,101.55,101.65,101.52,101.6,169
1778636700,101.61,101.63,101.52,101.52,145
1778637000,101.53,101.56,101.45,101.48,168
1778637300,101.49,101.63,101.49,101.58,105
1778637600,101.58,101.81,101.51,101.52,391
1778637900,101.52,101.63,101.48,101.6,166
1778638200,101.6,101.6,101.46,101.57,193
1778638500,101.58,101.62,101.54,101.54,128
1778638800,101.56,101.57,101.52,101.52,68
1778639100,101.54,101.59,101.51,101.55,60
1778639400,101.56,101.58,101.52,101.55,94
1778639700,101.55,101.64,101.53,101.55,85
1778640000,101.52,101.59,101.52,101.53,107
1778640300,101.54,101.55,101.34,101.39,311
1778640600,101.37,101.38,101.22,101.3,343
1778640900,101.3,101.32,100.78,101.07,1436
1778641200,101.07,101.21,100.95,101.19,383
1778641500,101.2,101.21,101.11,101.12,218
1778641800,101.13,101.17,100.86,100.92,514
1778642100,100.93,101.09,100.91,100.99,337
1778642400,100.98,101.04,100.9,100.98,273
1778642700,100.99,101.07,100.9,101.04,290
1778643000,101.05,101.18,100.93,101,436
1778643300,100.97,100.97,100.84,100.92,294
1778643600,100.94,101,100.92,100.99,130
1778643900,100.96,101.07,100.92,101.02,297
1778644200,101.03,101.08,101.01,101.07,94
1778644500,101.06,101.16,101.06,101.08,144
1778644800,101.08,101.08,100.9,100.96,215
1778645100,100.94,101.05,100.93,101.03,112
1778645400,101.03,101.03,100.9,100.97,239
1778645700,100.94,101.01,100.93,100.97,82
1778646000,100.98,100.99,100.85,100.9,196
1778646300,100.89,100.91,100.85,100.87,149
1778646600,100.89,100.96,100.88,100.91,160
1778646900,100.93,100.98,100.89,100.9,113
1778647200,100.9,100.94,100.87,100.89,87
1778647500,100.91,100.92,100.68,100.71,503
1778647800,100.7,100.88,100.58,100.78,599
1778648100,100.78,100.85,100.71,100.76,339
1778648400,100.75,100.76,100.64,100.66,290
1778648700,100.66,100.74,100.66,100.73,119
1778649000,100.72,100.9,100.7,100.88,288
1778649300,100.88,100.89,100.77,100.85,156
1778649600,100.85,100.9,100.72,100.75,630
1778649900,100.74,100.75,100.64,100.75,332
1778650200,100.74,100.79,100.6,100.67,273
1778650500,100.67,100.72,100.64,100.7,138
1778650800,100.7,100.79,100.65,100.74,255
1778651100,100.74,100.74,100.6,100.7,283
1778651400,100.67,100.72,100.64,100.68,211
1778651700,100.69,100.7,100.55,100.66,344
1778652000,100.66,100.87,100.6,100.76,367
1778652300,100.76,101.09,100.7,101.04,555
1778652600,101.06,101.07,100.88,100.93,432
1778652900,100.93,100.94,100.56,100.72,482
1778653200,100.74,100.89,100.74,100.8,352
1778653500,100.78,100.79,100.63,100.76,348
1778653800,100.74,100.95,100.74,100.85,334
1778654100,100.85,101,100.78,100.85,280
1778654400,100.86,100.93,100.82,100.91,133
1778654700,100.92,101.02,100.91,100.98,297
1778655000,100.99,101.14,100.97,101.1,526
1778655300,101.1,101.11,100.95,100.98,390
1778655600,100.99,101.09,100.81,101.09,363
1778655900,101.1,101.18,100.96,101.14,436
1778656200,101.15,101.37,101.01,101.09,640
1778656500,101.1,101.11,100.71,100.8,546
1778656800,100.81,100.92,100.76,100.89,288
1778657100,100.9,100.95,100.65,100.77,341
1778657400,100.78,100.89,100.75,100.86,267
1778657700,100.89,101.02,100.73,100.94,281
1778658000,100.92,101.11,100.85,101.08,311
1778658300,101.08,101.17,101.02,101.07,342
1778658600,101.06,101.24,100.96,101.19,271
1778658900,101.18,101.34,101.13,101.24,386
1778659200,101.24,101.33,101.09,101.26,437
1778659500,101.25,101.43,101.1,101.14,511
1778659800,101.12,101.19,101.05,101.09,337
1778660100,101.1,101.4,101.1,101.38,351
1778660400,101.38,101.39,101.11,101.17,281
1778660700,101.19,101.29,101.09,101.21,426
1778661000,101.2,101.27,101.12,101.19,501
1778661300,101.19,101.48,101.18,101.43,402
1778661600,101.42,101.8,101.36,101.75,842
1778661900,101.75,101.77,101.53,101.56,496
1778662200,101.54,101.82,101.54,101.7,343
1778662500,101.7,101.71,101.44,101.59,374
1778662800,101.56,101.85,101.5,101.63,608
1778663100,101.63,101.89,101.6,101.87,365
1778663400,101.86,101.98,101.75,101.89,389
1778663700,101.88,101.89,101.72,101.85,220
1778664000,101.82,101.84,101.59,101.61,348
1778664300,101.59,101.65,101.36,101.48,591
1778664600,101.49,101.66,101.41,101.6,364
1778664900,101.62,101.64,101.47,101.52,219
1778665200,101.51,101.68,101.51,101.56,210
1778665500,101.58,101.63,101.51,101.57,90
1778665800,101.52,101.55,101.21,101.26,514
1778666100,101.24,101.34,101.17,101.32,414
1778666400,101.32,101.5,101.32,101.42,295
1778666700,101.44,101.55,101.42,101.44,168
1778667000,101.45,101.65,101.34,101.62,366
1778667300,101.59,101.75,101.57,101.73,340
1778667600,101.73,101.88,101.6,101.82,443
1778667900,101.84,102.07,101.77,102.03,676
1778668200,102.04,102.31,102,102.19,816
1778668500,102.2,102.22,102.06,102.11,538
1778668800,102.14,102.16,102.02,102.05,304
1778669100,102.05,102.2,101.94,102.18,396
1778669400,102.19,102.2,102.04,102.15,234
1778669700,102.15,102.41,102.08,102.31,610
1778670000,102.29,102.3,102.08,102.25,568
1778670300,102.26,102.38,102.16,102.19,306
1778670600,102.18,102.24,102.11,102.13,206
1778670900,102.13,102.16,101.95,101.98,401
1778671200,101.97,102.2,101.94,102.16,389
1778671500,102.15,102.15,102.05,102.07,151
1778671800,102.08,102.13,101.68,101.74,673
1778672100,101.75,101.87,101.72,101.78,418
1778672400,101.78,101.93,101.78,101.79,287
1778672700,101.8,101.86,101.75,101.84,217
1778673000,101.85,102,101.84,101.92,433
1778673300,101.91,101.92,101.8,101.86,195
1778673600,101.87,101.96,101.75,101.82,335
1778673900,101.81,101.92,101.77,101.81,240
1778674200,101.85,101.95,101.81,101.88,240
1778674500,101.87,102.08,101.82,102.04,369
1778674800,102.04,102.28,102.01,102.11,809
1778675100,102.11,102.25,102.09,102.22,411
1778675400,102.17,102.34,102.15,102.28,780
1778675700,102.28,102.55,102.21,102.44,1515
1778676000,102.46,102.76,102.42,102.55,1274
1778676300,102.56,102.62,102.46,102.55,710
1778676600,102.56,102.57,102.45,102.49,602
1778676900,102.49,102.55,102.23,102.34,1190
1778677200,102.31,102.31,102.02,102.15,1328
1778677500,102.14,102.25,102.06,102.23,764
1778677800,102.23,102.37,102.2,102.31,827
1778678100,102.33,102.48,102.33,102.42,867
1778678400,102.44,102.49,102.3,102.48,601
1778678700,102.46,102.64,102.41,102.57,725
1778679000,102.58,102.63,102.28,102.3,1099
1778679300,102.33,102.59,102.31,102.42,765
1778679600,102.43,102.61,102.29,102.38,839
1778679900,102.41,102.68,102.37,102.59,938
1778680200,102.6,102.69,102.48,102.62,782
1778680500,102.63,102.88,102.59,102.87,1193
1778680800,102.87,103.16,102.87,103.07,2073
1778681100,103.07,103.65,103.07,103.63,2075
1778681400,103.65,103.66,103.33,103.42,1444
1778681700,103.39,103.54,103.24,103.42,1079
1778682000,103.44,103.46,103.32,103.44,648
1778682300,103.41,103.6,103.37,103.58,605
1778682600,103.53,103.68,103.24,103.38,1429
1778682900,103.4,103.42,103.13,103.29,1057
1778683200,103.27,103.3,102.97,103.03,1069
1778683500,103.06,103.12,102.89,102.97,1085
1778683800,102.97,103.04,102.7,102.81,1227
1778684100,102.8,103.18,102.69,103.14,1471
1778684400,103.14,103.25,102.93,103.16,1046
1778684700,103.16,103.22,102.77,102.93,998
1778685000,102.91,102.98,102.62,102.85,1180
1778685300,102.83,103.03,102.76,102.9,618
1778685600,102.9,102.96,102.67,102.79,544
1778685900,102.81,102.85,102.55,102.59,1125
1778686200,102.6,102.79,102.23,102.37,2031
1778686500,102.37,102.49,102.24,102.26,1005
1778686800,102.24,102.34,102.02,102.26,1748
1778687100,102.26,102.54,102.25,102.38,1025
1778687400,102.39,102.43,102.13,102.21,819
1778687700,102.22,102.32,102.15,102.22,710
1778688000,102.24,102.39,102.16,102.19,744
1778688300,102.21,102.23,101.74,101.93,2292
1778688600,101.92,102.02,101.84,101.9,1008
1778688900,101.9,101.92,101.53,101.58,1346
1778689200,101.59,101.71,100.84,101.17,2816
1778689500,101.17,101.28,100.88,101.26,2012
1778689800,101.28,101.72,101.14,101.62,2040
1778690100,101.64,101.84,101.55,101.65,1010
1778690400,101.67,101.93,101.65,101.85,983
1778690700,101.84,102.17,101.84,102.15,1159
1778691000,102.12,102.21,101.95,102.07,1092
1778691300,102.07,102.19,101.96,102.1,764
1778691600,102.09,102.18,102.03,102.11,674
1778691900,102.13,102.13,101.73,101.86,1313
1778692200,101.86,101.96,101.76,101.82,528
1778692500,101.81,101.95,101.74,101.85,390
1778692800,101.85,101.95,101.77,101.85,307
1778693100,101.85,101.9,101.68,101.7,529
1778693400,101.68,101.71,101.46,101.5,985
1778693700,101.51,101.68,101.5,101.6,366
1778694000,101.59,101.69,101.55,101.67,252
1778694300,101.65,101.65,101.46,101.49,413
1778694600,101.5,101.52,101.32,101.37,593
1778694900,101.39,101.43,101.21,101.34,638
1778695200,101.33,101.33,101.02,101.17,915
1778695500,101.15,101.36,101.12,101.29,655
1778695800,101.29,101.42,101.12,101.16,582
1778696100,101.18,101.25,101.02,101.04,522
1778696400,101.03,101.33,100.97,101.25,931
1778696700,101.25,101.32,100.93,101.01,1512
1778697000,101.02,101.13,100.8,100.94,989
1778697300,100.94,101.12,100.94,101.01,409
1778697600,101,101,100.8,100.89,616
1778697900,100.9,101.09,100.83,101.01,433
1778698200,101.01,101.07,100.7,100.82,1194
1778698500,100.8,101.06,100.8,101.02,540
1778698800,101.03,101.06,100.95,101.02,243
1778699100,101.02,101.08,100.98,101.03,227
1778699400,101.05,101.22,100.99,101.04,378
1778699700,101.06,101.14,101.04,101.08,289
1778700000,101.08,101.2,101.05,101.2,225
1778700300,101.18,101.21,101.1,101.17,269
1778700600,101.17,101.34,101.11,101.32,424
1778700900,101.32,101.44,101.25,101.31,673
1778701200,101.3,101.3,101.17,101.19,525
1778701500,101.19,101.3,101.13,101.28,376
1778701800,101.29,101.33,101.23,101.29,231
1778702100,101.3,101.37,101.26,101.37,163
1778702400,101.38,101.58,101.3,101.43,781
1778702700,101.41,101.47,101.25,101.34,326
1778703000,101.33,101.33,101.21,101.22,232
1778703300,101.21,101.33,101.18,101.26,173
1778703600,101.25,101.26,101.19,101.23,117
1778703900,101.21,101.24,101.14,101.22,137
1778704200,101.22,101.25,101.01,101.03,342
1778704500,101.03,101.09,100.94,100.97,345
1778704800,100.96,101.01,100.74,100.75,394
1778705100,100.75,100.86,100.69,100.83,427
1778705400,100.8,100.87,100.73,100.78,214
1778705700,100.8,101.06,100.8,101,271
1778709600,101.03,101.34,100.99,101.08,606
1778709900,101.09,101.14,101.05,101.08,255
1778710200,101.1,101.1,100.82,100.9,322
1778710500,100.89,100.92,100.74,100.81,227
1778710800,100.83,100.88,100.75,100.83,165
1778711100,100.87,100.92,100.82,100.82,137
1778711400,100.84,100.92,100.81,100.89,103
1778711700,100.88,100.91,100.81,100.81,88
1778712000,100.82,100.85,100.77,100.8,88
1778712300,100.82,100.85,100.77,100.83,40
1778712600,100.86,100.98,100.84,100.9,126
1778712900,100.9,100.93,100.82,100.86,117
1778713200,100.85,100.87,100.79,100.83,154
1778713500,100.83,100.97,100.83,100.95,131
1778713800,100.94,101.09,100.93,101.04,196
1778714100,101.06,101.09,101.01,101.06,141
1778714400,101.05,101.07,100.92,100.95,178
1778714700,100.94,101.08,100.92,101.02,120
1778715000,101.02,101.03,100.98,101.02,67
1778715300,101.04,101.08,101,101.05,51
1778715600,101.06,101.06,100.99,100.99,55
1778715900,100.98,101.02,100.88,100.97,66
1778716200,100.97,100.99,100.93,100.97,91
1778716500,100.98,101.08,100.98,101.04,127
1778716800,101.05,101.24,100.89,101.2,453
1778717100,101.19,101.21,101.08,101.15,190
1778717400,101.14,101.23,101.1,101.2,122
1778717700,101.18,101.19,101.06,101.11,196
1778718000,101.09,101.3,101.09,101.18,475
1778718300,101.18,101.18,101.06,101.13,164
1778718600,101.11,101.27,100.98,101.24,285
1778718900,101.23,101.29,101.17,101.22,134
1778719200,101.21,101.22,101.14,101.18,79
1778719500,101.17,101.19,101.12,101.16,113
1778719800,101.14,101.22,101.13,101.16,112
1778720100,101.15,101.2,101.04,101.12,293
1778720400,101.13,101.42,101.11,101.3,546
1778720700,101.32,101.38,101.24,101.26,211
1778721000,101.25,101.26,100.85,100.96,785
1778721300,100.96,101.12,100.92,101.08,220
1778721600,101.1,101.2,101.04,101.12,499
1778721900,101.13,101.17,101.06,101.08,499
1778722200,101.09,101.14,100.94,100.94,240
1778722500,100.95,101.03,100.89,100.91,250
1778722800,100.92,100.92,100.72,100.74,619
1778723100,100.75,101.04,100.72,100.99,761
1778723400,101,101.02,100.93,100.95,168
1778723700,100.96,101.14,100.91,101.07,232
1778724000,101.04,101.12,100.97,100.98,151
1778724300,100.97,101.04,100.92,100.99,231
1778724600,100.98,101.1,100.97,101.05,271
1778724900,101.07,101.27,101.04,101.16,365
1778725200,101.17,101.22,101.12,101.21,104
1778725500,101.21,101.21,101.14,101.15,91
1778725800,101.17,101.33,101.16,101.31,222
1778726100,101.31,101.31,101.23,101.26,233
1778726400,101.26,101.3,101.21,101.27,260
1778726700,101.26,101.35,101.24,101.33,174
1778727000,101.34,101.49,101.34,101.43,378
1778727300,101.44,101.52,101.41,101.48,353
1778727600,101.48,101.49,101.37,101.39,170
1778727900,101.39,101.48,101.35,101.42,177
1778728200,101.42,101.42,101.26,101.35,534
1778728500,101.34,101.34,101.19,101.22,312
1778728800,101.22,101.26,101.14,101.24,257
1778729100,101.24,101.28,101.21,101.24,138
1778729400,101.25,101.57,101.25,101.42,455
1778729700,101.41,101.52,101.41,101.52,215
1778730000,101.52,101.56,101.48,101.55,166
1778730300,101.55,101.75,101.52,101.66,529
1778730600,101.64,101.67,101.46,101.47,299
1778730900,101.47,101.5,101.33,101.41,446
1778731200,101.39,101.55,101.37,101.53,511
1778731500,101.53,101.56,101.47,101.47,112
1778731800,101.47,101.57,101.45,101.55,131
1778732100,101.55,101.6,101.49,101.53,147
1778732400,101.53,101.53,101.41,101.45,169
1778732700,101.44,101.49,101.42,101.45,114
1778733000,101.46,101.59,101.45,101.5,112
1778733300,101.52,101.52,101.47,101.52,53
1778733600,101.51,101.54,101.48,101.53,50
1778733900,101.5,101.53,101.46,101.49,59
1778734200,101.52,101.53,101.4,101.44,106
1778734500,101.43,101.51,101.41,101.44,63
1778734800,101.46,101.66,101.46,101.58,213
1778735100,101.58,101.73,101.52,101.65,225
1778735400,101.65,101.69,101.54,101.57,128
1778735700,101.56,101.64,101.53,101.59,110
1778736000,101.57,101.59,101.53,101.57,33
1778736300,101.57,101.64,101.55,101.62,85
1778736600,101.62,101.77,101.62,101.68,271
1778736900,101.7,101.74,101.66,101.7,98
1778737200,101.69,101.81,101.61,101.65,265
1778737500,101.63,101.63,101.33,101.52,585
1778737800,101.53,101.56,101.45,101.55,343
1778738100,101.54,101.55,101.43,101.43,106
1778738400,101.44,101.46,101.29,101.38,336
1778738700,101.37,101.37,101.05,101.26,594
1778739000,101.24,101.4,101.21,101.33,272
1778739300,101.31,101.4,101.31,101.36,128
1778739600,101.36,101.36,101.09,101.14,249
1778739900,101.14,101.3,101.11,101.24,182
1778740200,101.24,101.24,101.09,101.12,129
1778740500,101.11,101.12,100.96,100.99,421
1778740800,100.99,100.99,99.95,99.96,2408
1778741100,99.97,100.51,99.62,100.42,2521
1778741400,100.4,100.65,100.25,100.53,839
1778741700,100.55,101.09,100.53,101.04,902
1778742000,101.05,101.36,100.93,101.04,1078
1778742300,101.04,101.47,101.04,101.29,659
1778742600,101.3,101.57,101.24,101.34,591
1778742900,101.35,101.37,101.1,101.19,450
1778743200,101.17,101.43,101.06,101.31,490
1778743500,101.29,101.37,101.2,101.26,210
1778743800,101.28,101.39,101.17,101.28,231
1778744100,101.26,101.27,101.04,101.13,275
1778744400,101.12,101.22,101.01,101.22,311
1778744700,101.21,101.55,101.18,101.37,439
1778745000,101.38,101.85,101.23,101.69,780
1778745300,101.72,102.13,101.56,101.95,1191
1778745600,101.95,102.08,101.66,102.04,936
1778745900,102.02,102.36,101.86,102.24,804
1778746200,102.23,102.34,101.86,101.96,857
1778746500,101.96,101.98,101.68,101.88,697
1778746800,101.83,101.86,101.37,101.39,1088
1778747100,101.42,101.67,101.3,101.56,836
1778747400,101.54,101.57,100.99,101.23,1101
1778747700,101.21,101.38,101.04,101.28,555
1778748000,101.28,101.63,101.22,101.48,556
1778748300,101.47,101.47,101.17,101.37,460
1778748600,101.37,101.43,101.27,101.3,272
1778748900,101.31,101.37,101.12,101.34,355
1778749200,101.34,101.55,101.21,101.53,389
1778749500,101.5,101.8,101.42,101.51,676
1778749800,101.5,102.09,101.28,101.65,823
1778750100,101.67,101.84,101.59,101.59,318
1778750400,101.59,101.72,101.57,101.68,172
1778750700,101.73,101.85,101.66,101.79,325
1778751000,101.82,101.83,101.5,101.55,296
1778751300,101.56,101.74,101.47,101.52,309
1778751600,101.54,101.56,101.39,101.44,387
1778751900,101.43,101.43,100.85,100.88,781
1778752200,100.89,101.09,100.83,100.9,474
1778752500,100.91,101.06,100.8,101.06,474
1778752800,101.07,101.14,100.81,100.9,399
1778753100,100.88,101,100.84,100.99,198
1778753400,100.97,101,100.13,100.8,2220
1778753700,100.79,100.91,100.33,100.58,852
1778754000,100.57,100.77,100.37,100.6,620
1778754300,100.59,100.76,100.32,100.75,727
1778754600,100.75,101.13,100.67,100.83,679
1778754900,100.86,100.95,100.71,100.84,263
1778755200,100.83,101.45,100.82,101.35,718
1778755500,101.35,101.72,101.3,101.49,627
1778755800,101.48,101.56,100.86,100.86,1045
1778756100,100.88,101.11,100.82,101.07,757
1778756400,101.09,101.15,100.73,101.05,603
1778756700,101.05,101.32,100.84,100.9,559
1778757000,100.93,101.06,100.85,101.05,318
1778757300,101.04,101.1,100.89,101.08,217
1778757600,101.08,101.08,100.77,101.04,397
1778757900,101.04,101.23,100.78,100.83,406
1778758200,100.83,100.91,100.66,100.86,388
1778758500,100.82,101.03,100.79,100.87,341
1778758800,100.85,100.9,100.7,100.82,331
1778759100,100.82,100.83,100.61,100.64,393
1778759400,100.62,100.73,100.41,100.45,758
1778759700,100.43,100.47,100.04,100.29,1488
1778760000,100.27,100.39,100.12,100.29,559
1778760300,100.27,100.28,99.84,99.98,1180
1778760600,99.98,100,99.55,99.72,1499
1778760900,99.72,99.73,99.38,99.61,1998
1778761200,99.58,99.94,99.51,99.92,1121
1778761500,99.9,100.53,99.87,100.45,1347
1778761800,100.43,100.46,100.24,100.41,868
1778762100,100.41,100.43,100.15,100.24,622
1778762400,100.24,100.62,100.2,100.62,645
1778762700,100.62,100.73,100.36,100.69,996
1778763000,100.69,100.93,100.63,100.75,801
1778763300,100.75,100.76,100.32,100.35,1049
1778763600,100.36,100.67,100.36,100.46,1043
1778763900,100.45,100.77,100.38,100.4,925
1778764200,100.41,100.64,100.33,100.52,675
1778764500,100.51,100.51,100.31,100.47,347
1778764800,100.49,100.58,100.26,100.28,653
1778765100,100.3,100.36,100.16,100.35,685
1778765400,100.36,100.65,100.32,100.54,808
1778765700,100.54,100.94,100.52,100.84,1117
1778766000,100.84,101.06,100.72,100.87,1267
1778766300,100.89,101.12,100.23,100.66,1223
1778766600,100.67,100.9,100.4,100.66,1561
1778766900,100.67,100.96,100.65,100.89,738
1778767200,100.93,100.99,100.77,100.88,606
1778767500,100.9,101.22,100.88,101.07,984
1778767800,101.06,101.28,101.03,101.14,724
1778768100,101.14,101.24,101.05,101.1,456
1778768400,101.1,101.4,100.98,101.32,905
1778768700,101.33,101.76,101.3,101.33,2075
1778769000,101.3,101.54,101.29,101.34,872
1778769300,101.33,101.41,101.13,101.33,876
1778769600,101.34,101.42,101.22,101.33,420
1778769900,101.31,101.33,100.8,100.83,1687
1778770200,100.83,101.04,100.67,101.02,1150
1778770500,101.02,101.04,100.33,100.59,2011
1778770800,100.59,100.87,100.39,100.85,1254
1778771100,100.85,100.92,100.74,100.78,689
1778771400,100.77,100.98,100.69,100.87,443
1778771700,100.86,100.87,100.53,100.55,792
1778772000,100.57,100.95,100.55,100.88,696
1778772300,100.84,100.87,100.62,100.74,570
1778772600,100.73,100.79,100.6,100.74,484
1778772900,100.7,100.94,100.62,100.83,552
1778773200,100.83,100.88,100.68,100.72,435
1778773500,100.72,100.84,100.61,100.77,323
1778773800,100.75,100.98,100.72,100.98,582
1778774100,100.95,101.07,100.87,100.98,525
1778774400,100.99,101.08,100.55,100.68,754
1778774700,100.66,100.82,100.6,100.8,356
1778775000,100.8,100.83,100.47,100.53,711
1778775300,100.52,100.53,100.28,100.35,824
1778775600,100.35,100.44,100.24,100.38,481
1778775900,100.36,100.96,100.35,100.88,1017
1778776200,100.86,101.19,100.77,101.07,1055
1778776500,101.07,101.18,100.98,101.14,731
1778776800,101.13,101.15,100.86,100.98,654
1778777100,100.99,101.03,100.85,100.96,315
1778777400,100.97,101.03,100.9,100.92,152
1778777700,100.93,101.07,100.88,101.05,470
1778778000,101.06,101.14,100.88,101.07,486
1778778300,101.07,101.44,101,101.4,946
1778778600,101.38,101.46,101.25,101.4,594
1778778900,101.4,101.46,101.33,101.44,418
1778779200,101.48,101.56,101.39,101.5,1129
1778779500,101.51,101.68,101.43,101.51,618
1778779800,101.52,101.83,101.5,101.69,1132
1778780100,101.68,101.73,101.57,101.63,378
1778780400,101.65,101.73,101.51,101.64,426
1778780700,101.65,101.96,101.65,101.8,667
1778781000,101.81,102.05,101.8,101.99,1041
1778781300,101.98,102,101.71,101.74,766
1778781600,101.71,101.99,101.71,101.79,731
1778781900,101.79,101.84,101.51,101.57,907
1778782200,101.57,101.62,101.4,101.41,557
1778782500,101.42,101.56,101.13,101.18,1394
1778782800,101.17,101.43,101.12,101.38,867
1778783100,101.39,101.47,101.07,101.17,2466
1778783400,101.16,101.37,101.07,101.31,588
1778783700,101.32,101.5,101.3,101.49,435
1778784000,101.48,101.67,101.44,101.53,483
1778784300,101.53,101.55,101.46,101.48,187
1778784600,101.49,101.54,101.4,101.47,180
1778784900,101.48,101.48,101.33,101.43,302
1778785200,101.42,101.51,101.33,101.44,219
1778785500,101.45,101.53,101.44,101.51,329
1778785800,101.51,101.66,101.48,101.63,220
1778786100,101.63,101.74,101.6,101.73,322
1778786400,101.72,101.75,101.53,101.56,313
1778786700,101.56,101.62,101.54,101.61,125
1778787000,101.62,101.78,101.61,101.74,467
1778787300,101.77,101.82,101.74,101.79,240
1778787600,101.8,101.8,101.72,101.76,160
1778787900,101.78,101.87,101.73,101.8,137
1778788200,101.81,101.87,101.8,101.84,90
1778788500,101.84,102.01,101.77,101.99,514
1778788800,101.99,102.08,101.9,101.9,453
1778789100,101.93,102.01,101.83,102,331
1778789400,101.99,102.15,101.98,102.1,399
1778789700,102.1,102.19,101.87,101.94,572
1778790000,101.93,101.99,101.91,101.95,145
1778790300,101.97,101.98,101.9,101.91,122
1778790600,101.9,102.09,101.89,102.08,225
1778790900,102.07,102.13,101.95,101.97,205
1778791200,101.97,102.11,101.96,102.08,144
1778791500,102.08,102.08,102.01,102.06,113
1778791800,102.05,102.08,101.98,102.02,109
1778792100,102.04,102.08,102,102.03,295
1778796000,97.8,98,97.59,97.69,219
1778796300,97.68,97.77,97.3,97.31,289
1778796600,97.35,97.42,97.23,97.3,211
1778796900,97.34,97.45,97.23,97.34,247
1778797200,97.35,97.46,97.27,97.37,119
1778797500,97.37,97.4,97.28,97.31,86
1778797800,97.34,97.41,97.33,97.39,56
1778798100,97.39,97.41,97.36,97.38,32
1778798400,97.38,97.47,97.36,97.44,113
1778798700,97.43,97.49,97.26,97.45,119
1778799000,97.45,97.73,97.4,97.7,165
1778799300,97.7,97.74,97.61,97.73,131
1778799600,97.75,97.78,97.68,97.68,149
1778799900,97.72,97.76,97.49,97.56,170
1778800200,97.56,97.66,97.55,97.65,53
1778800500,97.63,97.87,97.56,97.83,127
1778800800,97.83,97.83,97.73,97.78,292
1778801100,97.77,97.78,97.68,97.73,80
1778801400,97.72,97.8,97.68,97.8,41
1778801700,97.8,97.81,97.75,97.77,51
1778802000,97.77,97.83,97.7,97.82,92
1778802300,97.79,97.87,97.79,97.81,92
1778802600,97.79,97.84,97.76,97.79,100
1778802900,97.79,97.8,97.71,97.76,94
1778803200,97.74,97.81,97.54,97.69,347
1778803500,97.66,97.71,97.6,97.65,164
1778803800,97.62,97.67,97.48,97.64,139
1778804100,97.6,97.6,97.45,97.47,125
1778804400,97.46,97.6,97.44,97.6,150
1778804700,97.62,97.67,97.55,97.58,107
1778805000,97.6,97.67,97.59,97.63,89
1778805300,97.6,97.7,97.58,97.67,82
1778805600,97.67,97.8,97.66,97.75,145
1778805900,97.76,97.85,97.74,97.77,165
1778806200,97.78,97.85,97.72,97.73,99
1778806500,97.73,97.76,97.62,97.66,141
1778806800,97.65,97.82,97.48,97.76,278
1778807100,97.77,97.86,97.75,97.81,175
1778807400,97.82,97.97,97.8,97.9,217
1778807700,97.91,97.98,97.88,97.96,215
1778808000,97.96,98.28,97.85,98.27,425
1778808300,98.28,98.42,98.25,98.34,625
1778808600,98.36,98.74,98.3,98.6,881
1778808900,98.6,98.65,98.28,98.29,528
1778809200,98.28,98.29,98.04,98.07,506
1778809500,98.08,98.28,98.06,98.22,373
1778809800,98.21,98.22,98.03,98.05,188
1778810100,98.05,98.24,97.98,98.24,350
1778810400,98.25,98.29,98.19,98.25,158
1778810700,98.24,98.35,98.14,98.23,225
1778811000,98.23,98.31,98.18,98.3,126
1778811300,98.3,98.35,98.28,98.3,107
1778811600,98.28,98.51,98.27,98.45,236
1778811900,98.47,98.55,98.4,98.52,194
1778812200,98.52,98.73,98.48,98.49,416
1778812500,98.48,98.66,98.48,98.61,164
1778812800,98.61,98.62,98.43,98.57,240
1778813100,98.58,98.58,98.35,98.44,176
1778813400,98.45,98.51,97.83,98.12,1106
1778813700,98.13,98.5,98.09,98.44,421
1778814000,98.46,98.51,98.4,98.41,200
1778814300,98.41,98.52,98.36,98.42,140
1778814600,98.41,98.41,98.25,98.26,213
1778814900,98.26,98.34,98.25,98.33,125
1778815200,98.33,98.38,98.28,98.33,115
1778815500,98.33,98.38,98.29,98.37,106
1778815800,98.36,98.45,98.32,98.42,95
1778816100,98.42,98.44,98.26,98.3,102
1778816400,98.29,98.31,98.24,98.25,96
1778816700,98.24,98.27,98.17,98.26,273
1778817000,98.26,98.29,98.19,98.19,71
1778817300,98.21,98.23,98.16,98.17,99
1778817600,98.17,98.34,98.15,98.29,144
1778817900,98.3,98.39,98.26,98.36,89
1778818200,98.38,98.41,98.35,98.36,52
1778818500,98.35,98.42,98.35,98.39,116
1778818800,98.38,98.41,98.28,98.3,75
1778819100,98.3,98.35,98.27,98.32,49
1778819400,98.32,98.35,98.24,98.25,92
1778819700,98.23,98.3,98.23,98.26,43
1778820000,98.25,98.37,98.19,98.34,97
1778820300,98.34,98.39,98.32,98.32,69
1778820600,98.34,98.34,98.25,98.26,84
1778820900,98.25,98.29,98.21,98.25,83
1778821200,98.25,98.34,98.23,98.3,66
1778821500,98.3,98.49,98.3,98.46,197
1778821800,98.45,98.45,98.34,98.35,99
1778822100,98.37,98.41,98.34,98.39,211
1778822400,98.38,98.4,98.33,98.39,96
1778822700,98.36,98.39,98.24,98.3,152
1778823000,98.34,98.6,98.34,98.57,227
1778823300,98.56,98.77,98.52,98.64,451
1778823600,98.64,98.89,98.62,98.75,409
1778823900,98.75,99.37,98.75,99.32,944
1778824200,99.31,99.35,99.07,99.07,565
1778824500,99.08,99.12,98.89,98.97,500
1778824800,98.99,99.13,98.85,99.1,439
1778825100,99.09,99.29,99.04,99.17,343
1778825400,99.16,99.26,98.99,99.03,307
1778825700,99.04,99.04,98.81,98.89,274
1778826000,98.89,99.08,98.86,99.05,191
1778826300,99.04,99.09,98.95,99.04,322
1778826600,99.03,99.09,98.73,98.77,339
1778826900,98.81,99.01,98.79,98.98,281
1778827200,98.97,99,98.85,98.86,259
1778827500,98.86,98.92,98.75,98.86,203
1778827800,98.88,99.02,98.83,99,159
1778828100,98.98,99,98.87,98.89,123
1778828400,98.89,98.95,98.8,98.89,245
1778828700,98.88,99.12,98.86,99.04,201
1778829000,99.04,99.04,98.74,98.76,220
1778829300,98.8,98.85,98.51,98.53,369
1778829600,98.51,98.62,98.38,98.58,410
1778829900,98.58,98.69,98.5,98.64,297
1778830200,98.62,98.76,98.53,98.72,223
1778830500,98.7,98.81,98.64,98.77,195
1778830800,98.78,98.79,98.61,98.69,257
1778831100,98.73,98.86,98.72,98.75,194
1778831400,98.75,99.02,98.72,99.01,427
1778831700,98.99,99.25,98.91,99.22,340
1778832000,99.23,99.49,99.07,99.42,602
1778832300,99.44,99.59,99.29,99.39,526
1778832600,99.37,99.68,99.35,99.56,403
1778832900,99.6,100.25,99.6,99.97,1418
1778833200,100.04,100.34,99.95,100.25,656
1778833500,100.28,100.57,100.27,100.49,909
1778833800,100.52,100.77,100.26,100.36,1085
1778834100,100.35,100.43,100.22,100.29,479
1778834400,100.32,100.47,100.26,100.38,303
1778834700,100.38,100.6,100.36,100.49,324
1778835000,100.5,100.57,100.43,100.54,266
1778835300,100.54,100.58,100.3,100.41,250
1778835600,100.41,100.52,100.29,100.31,285
1778835900,100.29,100.3,100.06,100.27,537
1778836200,100.25,100.44,100.22,100.28,389
1778836500,100.3,100.47,100.3,100.45,310
1778836800,100.45,100.63,100.38,100.44,260
1778837100,100.46,100.56,100.32,100.32,236
1778837400,100.33,100.48,100.26,100.45,205
1778837700,100.45,100.62,100.41,100.45,211
1778838000,100.5,100.63,100.48,100.53,174
1778838300,100.56,100.84,100.53,100.7,294
1778838600,100.73,100.94,100.73,100.86,467
1778838900,100.86,100.94,100.42,100.81,671
1778839200,100.79,100.82,100.62,100.71,260
1778839500,100.74,100.76,100.45,100.54,377
1778839800,100.56,100.63,100.05,100.2,763
1778840100,100.21,100.38,100.06,100.32,492
1778840400,100.31,100.41,99.88,99.98,841
1778840700,99.97,100.21,99.96,100.07,322
1778841000,100.07,100.13,99.94,100.04,299
1778841300,100.05,100.27,99.95,100.21,328
1778841600,100.2,100.4,99.62,99.69,537
1778841900,99.69,99.83,99.06,99.51,2052
1778842200,99.53,99.61,98.66,98.92,1894
1778842500,98.92,99.33,98.92,99.07,856
1778842800,99.05,99.42,98.87,99.4,661
1778843100,99.41,99.65,99.23,99.57,744
1778843400,99.57,99.86,99.44,99.46,506
1778843700,99.45,99.49,99.29,99.35,315
1778844000,99.32,99.55,99.31,99.51,236
1778844300,99.51,99.7,99.45,99.65,244
1778844600,99.64,99.86,99.57,99.76,447
1778844900,99.76,99.86,99.7,99.78,301
1778845200,99.79,99.98,99.79,99.83,395
1778845500,99.84,99.88,99.69,99.85,371
1778845800,99.83,99.85,99.74,99.79,203
1778846100,99.78,100.17,99.75,100.04,547
1778846400,100.04,100.2,99.97,100.15,492
1778846700,100.14,100.17,99.9,99.94,381
1778847000,99.93,100.04,99.93,99.96,244
1778847300,99.96,99.97,99.54,99.7,884
1778847600,99.72,99.93,99.51,99.92,552
1778847900,99.91,100.03,99.82,99.85,387
1778848200,99.84,100.02,99.84,99.95,283
1778848500,99.94,100.07,99.87,100.01,400
1778848800,100,100.04,99.89,99.99,220
1778849100,99.97,100.02,99.83,99.96,252
1778849400,99.95,100,99.84,99.85,270
1778849700,99.87,100,99.79,99.85,422
1778850000,99.84,99.87,99.45,99.48,698
1778850300,99.45,99.57,99.35,99.52,625
1778850600,99.49,99.57,99.4,99.46,336
1778850900,99.5,99.62,99.3,99.46,471
1778851200,99.46,99.46,99.3,99.37,307
1778851500,99.35,99.57,99.3,99.48,562
1778851800,99.48,99.59,99.34,99.42,581
1778852100,99.42,99.52,99.17,99.28,869
1778852400,99.27,99.63,99.2,99.57,491
1778852700,99.58,99.83,99.52,99.74,865
1778853000,99.71,99.9,99.62,99.71,858
1778853300,99.71,99.91,99.69,99.89,478
1778853600,99.9,100.05,99.79,99.8,829
1778853900,99.81,99.83,99.48,99.61,788
1778854200,99.58,99.66,99.35,99.37,639
1778854500,99.39,99.52,99.32,99.36,535
1778854800,99.36,99.74,99.21,99.72,863
1778855100,99.73,99.98,99.72,99.8,756
1778855400,99.77,99.93,99.71,99.81,392
1778855700,99.8,99.95,99.72,99.9,312
1778856000,99.91,100.25,99.89,100.16,998
1778856300,100.16,100.43,100.12,100.4,874
1778856600,100.39,100.56,100.2,100.2,803
1778856900,100.2,100.32,100.13,100.3,635
1778857200,100.28,100.39,100.24,100.34,476
1778857500,100.34,100.39,100.04,100.06,582
1778857800,100.06,100.29,99.95,100.24,558
1778858100,100.25,100.4,100.24,100.34,378
1778858400,100.34,100.42,100.2,100.29,376
1778858700,100.29,100.41,100.08,100.1,424
1778859000,100.11,100.17,99.91,100.14,696
1778859300,100.15,100.42,100.12,100.42,471
1778859600,100.43,100.6,100.28,100.5,636
1778859900,100.5,100.84,100.49,100.84,630
1778860200,100.84,101.19,100.84,101.1,1449
1778860500,101.1,101.18,100.86,100.89,689
1778860800,100.9,101.02,100.82,100.92,561
1778861100,100.91,101.24,100.89,101.06,654
1778861400,101.04,101.12,100.67,100.79,588
1778861700,100.81,100.93,100.73,100.87,456
1778862000,100.87,100.88,100.61,100.64,384
1778862300,100.65,100.76,100.59,100.67,309
1778862600,100.67,100.68,100.56,100.6,288
1778862900,100.6,100.79,100.6,100.7,342
1778863200,100.7,100.8,100.68,100.76,226
1778863500,100.75,100.83,100.71,100.74,269
1778863800,100.75,100.82,100.7,100.75,307
1778864100,100.73,100.75,100.57,100.71,362
1778864400,100.73,100.78,100.5,100.5,357
1778864700,100.53,100.53,100.38,100.46,476
1778865000,100.48,100.52,100.36,100.36,225
1778865300,100.35,100.47,100.32,100.43,442
1778865600,100.43,100.6,100.37,100.53,248
1778865900,100.54,100.61,100.42,100.59,340
1778866200,100.61,100.68,100.56,100.61,258
1778866500,100.6,100.7,100.54,100.64,209
1778866800,100.62,100.77,100.6,100.66,243
1778867100,100.66,100.76,100.57,100.75,239
1778867400,100.74,100.89,100.67,100.71,414
1778867700,100.73,100.85,100.59,100.65,344
1778868000,100.65,100.86,100.62,100.84,287
1778868300,100.83,101.07,100.8,101.01,580
1778868600,101.02,101.05,100.82,100.91,333
1778868900,100.9,101.04,100.8,100.99,434
1778869200,101,101.07,100.86,100.94,474
1778869500,100.94,101.12,100.84,101.1,534
1778869800,101.11,101.4,101.09,101.29,735
1778870100,101.3,101.3,101.16,101.17,392
1778870400,101.16,101.23,101.07,101.07,175
1778870700,101.08,101.2,101.06,101.06,182
1778871000,101.05,101.09,100.95,100.96,247
1778871300,100.98,101.05,100.95,100.96,207
1778871600,100.98,101.06,100.98,101.03,224
1778871900,101.04,101.04,100.89,100.92,231
1778872200,100.92,101.02,100.88,101,223
1778872500,100.99,101.26,100.98,101.17,381
1778872800,101.14,101.21,101.09,101.12,213
1778873100,101.11,101.11,101.01,101.09,210
1778873400,101.07,101.12,101.01,101.1,138
1778873700,101.1,101.14,101.02,101.1,153
1778874000,101.09,101.09,100.91,101.03,277
1778874300,101.01,101.09,100.97,101.05,150
1778874600,101.07,101.32,101.06,101.28,552
1778874900,101.28,101.38,101.15,101.21,474
1778875200,101.22,101.43,101.2,101.4,512
1778875500,101.38,101.52,101.38,101.52,497
1778875800,101.52,101.58,101.46,101.48,403
1778876100,101.47,101.47,101.24,101.25,543
1778876400,101.25,101.34,101.22,101.31,237
1778876700,101.32,101.36,101.25,101.28,240
1778877000,101.27,101.34,101.21,101.26,247
1778877300,101.25,101.29,101.08,101.12,324
1778877600,101.11,101.15,101.05,101.06,365
1778877900,101.05,101.18,100.97,101.16,395
1778878200,101.15,101.24,101.1,101.12,301
1778878500,101.11,101.24,101.08,101.24,550
1779055200,101.78,103.04,101.57,102.42,2360
1779055500,102.42,102.42,101.92,102.02,1001
1779055800,102.07,102.31,101.99,102.27,686
1779056100,102.26,102.38,102.23,102.28,397
1779056400,102.27,102.53,102.19,102.48,522
1779056700,102.5,102.57,102.4,102.54,444
1779057000,102.54,102.56,102.36,102.53,335
1779057300,102.51,102.51,102.33,102.4,234
1779057600,102.39,102.39,102.27,102.29,273
1779057900,102.3,102.4,102.29,102.4,179
1779058200,102.4,102.48,102.37,102.37,233
1779058500,102.39,102.39,102.23,102.25,241
1779058800,102.25,102.38,102.24,102.37,211
1779059100,102.36,102.42,102.31,102.42,151
1779059400,102.39,102.46,102.34,102.43,204
1779059700,102.4,102.51,102.39,102.47,340
1779060000,102.47,102.6,102.43,102.57,319
1779060300,102.6,102.68,102.56,102.67,282
1779060600,102.66,102.69,102.61,102.64,321
1779060900,102.63,102.65,102.51,102.53,299
1779061200,102.56,102.7,102.56,102.62,476
1779061500,102.6,102.61,102.52,102.54,283
1779061800,102.54,102.62,102.54,102.61,123
1779062100,102.62,102.64,102.36,102.46,680
1779062400,102.45,102.45,102.15,102.17,741
1779062700,102.18,102.22,102,102.13,1003
1779063000,102.11,102.29,102.09,102.25,533
1779063300,102.24,102.43,102.17,102.3,556
1779063600,102.31,102.35,102.22,102.32,297
1779063900,102.31,102.34,102.16,102.31,267
1779064200,102.3,102.47,102.29,102.43,359
1779064500,102.41,102.66,102.35,102.63,458
1779064800,102.64,102.86,102.63,102.85,778
1779065100,102.85,102.96,102.8,102.88,800
1779065400,102.87,103.22,102.82,103.14,1125
1779065700,103.11,103.11,102.91,102.98,682
1779066000,102.98,103.4,102.65,103.29,1620
1779066300,103.3,103.44,103.15,103.3,1156
1779066600,103.28,103.59,103.14,103.58,1279
1779066900,103.57,103.95,103.44,103.91,2034
1779067200,103.9,104.36,103.86,104.02,2507
1779067500,104.02,104.15,103.92,104.01,876
1779067800,104.01,104.02,103.81,103.88,1328
1779068100,103.89,103.93,103.63,103.81,1016
1779068400,103.81,103.92,103.64,103.69,679
1779068700,103.69,103.7,103.24,103.26,1277
1779069000,103.28,103.42,103.11,103.35,1010
1779069300,103.39,103.42,103.11,103.29,713
1779069600,103.31,103.44,103.27,103.41,532
1779069900,103.4,103.73,103.37,103.69,873
1779070200,103.71,103.72,103.36,103.37,766
1779070500,103.35,103.36,103.2,103.26,359
1779070800,103.25,103.36,103.2,103.31,238
1779071100,103.32,103.4,103.28,103.29,287
1779071400,103.32,103.4,103.15,103.29,426
1779071700,103.31,103.38,103.21,103.21,322
1779072000,103.23,103.3,103.14,103.27,353
1779072300,103.27,103.33,103.23,103.29,225
1779072600,103.3,103.36,103.19,103.2,254
1779072900,103.19,103.34,103.15,103.26,313
1779073200,103.26,103.31,103.18,103.23,252
1779073500,103.22,103.33,103.18,103.31,226
1779073800,103.32,103.32,103.22,103.29,175
1779074100,103.29,103.31,103.26,103.29,185
1779074400,103.28,103.28,103.1,103.15,415
1779074700,103.14,103.23,103.13,103.21,244
1779075000,103.21,103.41,103.2,103.32,348
1779075300,103.32,103.35,103.2,103.2,152
1779075600,103.22,103.27,103.12,103.17,222
1779075900,103.17,103.3,103.17,103.26,142
1779076200,103.27,103.29,103.21,103.23,101
1779076500,103.22,103.23,103.14,103.18,132
1779076800,103.19,103.2,103.07,103.16,335
1779077100,103.17,103.18,103.1,103.14,151
1779077400,103.16,103.18,103.04,103.14,159
1779077700,103.15,103.23,103.11,103.23,179
1779078000,103.24,103.26,103.18,103.25,139
1779078300,103.26,103.33,103.26,103.32,225
1779078600,103.32,103.34,103.14,103.19,216
1779078900,103.19,103.25,103.16,103.25,105
1779079200,103.22,103.25,102.92,103.03,384
1779079500,103.03,103.2,103,103.18,516
1779079800,103.17,103.27,103.12,103.13,221
1779080100,103.13,103.21,103.13,103.15,95
1779080400,103.15,103.17,102.95,102.96,231
1779080700,102.95,103.1,102.86,103.05,444
1779081000,103.05,103.14,103.05,103.12,180
1779081300,103.13,103.2,103.05,103.2,247
1779081600,103.2,103.32,103.14,103.15,314
1779081900,103.14,103.21,103.09,103.17,128
1779082200,103.16,103.24,102.96,103.13,354
1779082500,103.15,103.17,102.73,102.75,746
1779082800,102.76,102.91,102.69,102.83,494
1779083100,102.84,102.85,102.55,102.77,515
1779083400,102.79,102.87,102.7,102.7,311
1779083700,102.71,102.9,102.66,102.88,268
1779084000,102.88,102.98,102.79,102.96,413
1779084300,102.97,103.1,102.93,102.98,446
1779084600,102.98,103.13,102.92,103.08,298
1779084900,103.05,103.19,102.98,103.19,404
1779085200,103.17,103.32,103.17,103.23,602
1779085500,103.22,103.29,103.18,103.26,295
1779085800,103.24,103.45,103.22,103.38,634
1779086100,103.38,103.42,103.28,103.29,337
1779086400,103.28,103.29,103.19,103.19,276
1779086700,103.18,103.22,103.06,103.18,577
1779087000,103.19,103.2,102.91,102.92,385
1779087300,102.9,102.98,102.8,102.87,586
1779087600,102.86,102.92,102.75,102.78,345
1779087900,102.77,102.8,102.58,102.59,561
1779088200,102.58,102.93,102.58,102.91,414
1779088500,102.9,102.91,102.57,102.66,331
1779088800,102.66,102.73,102.4,102.45,811
1779089100,102.43,102.49,102.02,102.11,1166
1779089400,102.1,102.11,101.61,101.75,1761
1779089700,101.75,102,101.68,101.99,738
1779090000,101.98,102.04,101.78,101.96,743
1779090300,101.96,102.05,101.87,101.9,307
1779090600,101.88,102.31,101.87,102.19,752
1779090900,102.17,102.34,101.79,102.19,1068
1779091200,102.19,102.19,101.82,101.92,620
1779091500,101.91,101.91,101.63,101.76,451
1779091800,101.78,102.17,101.76,102.16,495
1779092100,102.15,102.4,102.08,102.3,498
1779092400,102.3,102.44,102.03,102.03,459
1779092700,102.04,102.32,101.96,102.11,568
1779093000,102.1,102.17,101.77,101.87,643
1779093300,101.88,102.07,101.84,102.07,222
1779093600,102.06,102.06,101.87,102.01,249
1779093900,101.98,101.98,101.78,101.89,255
1779094200,101.88,101.88,101.7,101.8,414
1779094500,101.82,101.88,101.77,101.82,322
1779094800,101.8,102.05,101.7,101.99,586
1779095100,102,102.12,101.91,102.11,309
1779095400,102.11,102.21,101.96,102.11,334
1779095700,102.1,102.34,102.05,102.34,389
1779096000,102.34,102.34,102.17,102.3,274
1779096300,102.29,102.55,102.16,102.23,792
1779096600,102.23,102.23,101.82,101.9,511
1779096900,101.9,102.09,101.88,102.03,276
1779097200,102.03,102.09,101.97,102.07,169
1779097500,102.09,102.14,102.01,102.06,187
1779097800,102.08,102.28,101.99,102.27,290
1779098100,102.27,102.3,102.14,102.22,238
1779098400,102.19,102.36,102.1,102.34,223
1779098700,102.37,102.41,102.26,102.3,263
1779099000,102.3,102.33,102.16,102.27,211
1779099300,102.27,102.32,102.2,102.24,162
1779099600,102.24,102.33,102.18,102.31,110
1779099900,102.28,102.29,102.11,102.13,170
1779100200,102.13,102.51,102.05,102.44,430
1779100500,102.48,102.49,102.36,102.41,228
1779100800,102.42,102.42,102.21,102.25,242
1779101100,102.24,102.25,102.15,102.23,130
1779101400,102.23,102.39,102.16,102.34,240
1779101700,102.35,102.51,102.34,102.48,174
1779102000,102.46,102.57,102.32,102.51,361
1779102300,102.52,103.13,102.48,103.11,1003
1779102600,103.1,103.23,102.47,102.59,1524
1779102900,102.59,102.66,102.26,102.34,684
1779103200,102.34,102.39,102.26,102.33,325
1779103500,102.33,102.48,102.28,102.4,329
1779103800,102.4,102.48,101.3,101.66,2072
1779104100,101.65,101.74,100.53,100.98,2809
1779104400,100.99,101.2,100.16,100.38,4180
1779104700,100.38,100.81,100.36,100.75,1742
1779105000,100.74,101.1,100.73,100.87,1780
1779105300,100.89,100.96,100.65,100.89,1247
1779105600,100.93,101.03,100.75,101,1095
1779105900,101,101.06,100.78,100.99,943
1779106200,100.99,101.38,100.99,101.34,1203
1779106500,101.33,101.62,101.21,101.49,1732
1779106800,101.51,101.55,101.02,101.07,1242
1779107100,101.07,101.16,101.02,101.1,702
1779107400,101.09,101.1,100.34,100.38,1952
1779107700,100.43,100.54,99.97,100.06,4365
1779108000,100.05,100.16,99.23,99.24,4687
1779108300,99.23,99.45,98.59,98.93,5431
1779108600,98.91,99.49,98.78,99.39,3084
1779108900,99.39,99.5,98.91,99.06,2057
1779109200,99.07,100,98.95,99.54,5281
1779109500,99.54,99.8,99.37,99.78,2311
1779109800,99.76,99.91,99.48,99.57,1842
1779110100,99.59,99.78,99.5,99.71,858
1779110400,99.7,99.8,99.56,99.67,561
1779110700,99.67,99.69,99.4,99.63,1526
1779111000,99.62,99.95,99.59,99.91,1390
1779111300,99.93,99.99,99.74,99.83,1121
1779111600,99.86,100.23,99.51,100.04,2591
1779111900,100.02,100.07,99.04,99.3,3246
1779112200,99.29,99.46,99.12,99.33,1107
1779112500,99.33,99.77,99.3,99.59,1302
1779112800,99.59,100.47,99.56,100.37,2353
1779113100,100.36,100.86,100.22,100.56,3912
1779113400,100.58,101.05,100.38,100.77,2089
1779113700,100.78,100.95,100.51,100.64,1180
1779114000,100.64,101.32,100.58,101.2,2435
1779114300,101.19,101.42,101.09,101.37,1308
1779114600,101.38,101.97,101.25,101.88,2263
1779114900,101.88,102.14,101.57,101.7,2267
1779115200,101.69,102.22,101.67,102.06,1900
1779115500,102.07,102.33,101.91,102,1560
1779115800,102.02,102.16,101.92,102.1,786
1779116100,102.09,102.39,102.05,102.21,1051
1779116400,102.19,103.07,102,102.88,4042
1779116700,102.89,103,102.46,102.92,2609
1779117000,102.92,102.97,102.58,102.69,1191
1779117300,102.67,102.94,102.61,102.77,1013
1779117600,102.77,102.91,102.65,102.77,1235
1779117900,102.76,103.01,102.74,102.98,1401
1779118200,102.98,103.12,102.83,102.91,1368
1779118500,102.92,103.12,102.78,102.9,991
1779118800,102.88,102.97,102.57,102.92,1311
1779119100,102.92,102.93,102.68,102.83,715
1779119400,102.84,102.9,102.69,102.71,488
1779119700,102.74,102.87,102.68,102.82,456
1779120000,102.83,103.05,102.79,103,976
1779120300,103.01,103.07,102.83,103,1002
1779120600,102.99,103.14,102.94,102.96,609
1779120900,102.95,102.99,102.85,102.91,409
1779121200,102.88,103.11,102.71,103,1504
1779121500,102.98,103.66,102.93,103.33,2882
1779121800,103.33,103.48,102.96,103.05,1213
1779122100,103.07,103.15,102.87,103.03,915
1779122400,103.04,103.21,103.04,103.09,544
1779122700,103.11,103.18,102.91,102.94,545
1779123000,102.93,102.95,102.81,102.94,584
1779123300,102.92,102.98,102.71,102.92,1023
1779123600,102.94,103.07,102.75,102.78,879
1779123900,102.79,102.81,102.38,102.41,2217
1779124200,102.42,102.54,102.23,102.54,1263
1779124500,102.51,102.53,102.19,102.33,836
1779124800,102.33,102.67,102.32,102.61,584
1779125100,102.6,102.62,102.49,102.62,362
1779125400,102.62,102.91,102.58,102.83,854
1779125700,102.83,103.08,102.83,103.01,673
1779126000,102.99,103,102.81,102.95,438
1779126300,102.98,103.03,102.88,102.94,375
1779126600,102.94,103.05,102.87,103.04,318
1779126900,103.02,103.11,102.98,103.02,714
1779127200,103.01,103.33,103,103.28,775
1779127500,103.29,103.59,103.25,103.56,1036
1779127800,103.55,103.7,103.53,103.7,1071
1779128100,103.67,104.2,103.67,104.11,2319
1779128400,104.11,104.69,104.11,104.65,2343
1779128700,104.65,105.2,104.14,104.42,5484
1779129000,104.4,104.55,104.27,104.31,1219
1779129300,104.31,104.39,104.21,104.36,872
1779129600,104.39,104.4,104.15,104.2,586
1779129900,104.18,104.44,104.16,104.4,520
1779130200,104.41,104.49,104.39,104.45,396
1779130500,104.5,104.71,104.33,104.65,1225
1779130800,104.66,104.83,101.91,102.93,5946
1779131100,102.92,103.16,102.12,102.22,3711
1779131400,102.26,102.69,102.13,102.51,2813
1779131700,102.51,102.68,101.96,102.18,2380
1779132000,102.21,102.67,102.09,102.65,1479
1779132300,102.67,102.88,102.31,102.38,1263
1779132600,102.4,102.46,101.99,102.25,1101
1779132900,102.27,102.29,101.98,102,725
1779133200,102.02,102.04,101.57,101.78,2183
1779133500,101.81,101.97,101.56,101.66,1005
1779133800,101.63,101.78,101.4,101.53,1101
1779134100,101.53,102.06,101.41,101.97,1321
1779134400,101.97,101.98,101.78,101.94,678
1779134700,101.95,102.06,101.74,101.91,518
1779135000,101.91,101.95,101.37,101.4,1015
1779135300,101.42,101.45,101.11,101.3,1193
1779135600,101.31,101.64,101.22,101.44,511
1779135900,101.46,101.76,101.46,101.71,391
1779136200,101.7,102,101.65,101.82,704
1779136500,101.82,101.92,101.74,101.86,249
1779136800,101.89,102.03,101.86,101.9,432
1779137100,101.92,102.14,101.87,102.13,663
1779137400,102.15,102.53,102.11,102.47,1053
1779137700,102.46,102.6,102.31,102.52,632
1779141600,102.52,102.8,102.12,102.33,927
1779141900,102.37,102.45,102.2,102.38,282
1779142200,102.37,102.47,102.34,102.43,138
1779142500,102.44,102.44,102.31,102.31,156
1779142800,102.34,102.43,102.34,102.38,99
1779143100,102.41,102.68,102.36,102.39,523
1779143400,102.39,102.45,102.33,102.44,300
1779143700,102.44,102.51,102.44,102.46,117
1779144000,102.47,102.47,102.41,102.43,113
1779144300,102.43,102.55,102.41,102.45,160
1779144600,102.44,102.5,102.42,102.49,59
1779144900,102.5,102.51,102.45,102.45,71
1779145200,102.46,102.53,102.44,102.48,310
1779145500,102.48,102.51,102.47,102.5,36
1779145800,102.48,102.5,102.45,102.45,75
1779146100,102.45,102.46,102.29,102.4,271
1779146400,102.38,102.48,102.34,102.43,169
1779146700,102.46,102.46,102.4,102.4,40
1779147000,102.42,102.45,102.38,102.4,52
1779147300,102.41,102.47,102.37,102.46,63
1779147600,102.46,102.49,102.36,102.36,69
1779147900,102.36,102.39,102.3,102.31,65
1779148200,102.33,102.52,102.25,102.49,174
1779148500,102.47,102.51,102.31,102.31,146
1779148800,102.31,102.75,102.22,102.67,566
1779149100,102.68,102.73,102.45,102.56,353
1779149400,102.55,102.66,102.43,102.47,289
1779149700,102.46,102.69,102.46,102.58,296
1779150000,102.56,102.59,102.44,102.53,159
1779150300,102.52,102.61,102.5,102.52,195
1779150600,102.52,102.55,102.36,102.51,308
1779150900,102.5,102.54,102.39,102.42,216
1779151200,102.42,102.5,102.32,102.34,191
1779151500,102.34,102.39,102.24,102.28,325
1779151800,102.27,102.5,102.24,102.47,289
1779152100,102.44,102.57,102.31,102.51,440
1779152400,102.48,102.9,102.46,102.75,1164
1779152700,102.8,102.92,102.74,102.78,941
1779153000,102.78,102.95,102.62,102.89,829
1779153300,102.9,102.99,102.86,102.91,444
1779153600,102.91,103,102.83,102.91,458
1779153900,102.91,102.91,102.73,102.77,302
1779154200,102.76,102.82,102.69,102.71,231
1779154500,102.7,102.72,102.38,102.44,564
1779154800,102.46,102.53,102.22,102.4,755
1779155100,102.42,102.66,102.38,102.58,431
1779155400,102.57,102.57,102.38,102.39,280
1779155700,102.4,102.55,102.36,102.5,266
1779156000,102.5,102.61,102.42,102.58,246
1779156300,102.59,102.69,102.56,102.68,227
1779156600,102.68,102.69,102.57,102.6,184
1779156900,102.6,102.84,102.57,102.74,488
1779157200,102.74,102.74,102.57,102.58,166
1779157500,102.57,102.61,102.51,102.58,208
1779157800,102.58,102.88,102.58,102.83,300
1779158100,102.83,103.13,102.82,102.92,628
1779158400,102.93,102.97,102.84,102.85,206
1779158700,102.87,102.9,102.8,102.89,346
1779159000,102.87,102.93,102.79,102.85,208
1779159300,102.88,102.94,102.86,102.9,173
1779159600,102.9,103.13,102.9,103.03,408
1779159900,103.01,103.04,102.89,102.95,248
1779160200,102.94,102.98,102.9,102.93,151
1779160500,102.91,102.93,102.84,102.87,160
1779160800,102.87,102.93,102.85,102.87,134
1779161100,102.85,102.86,102.8,102.82,187
1779161400,102.83,102.83,102.68,102.74,318
1779161700,102.73,102.73,102.65,102.71,286
1779162000,102.69,102.74,102.66,102.72,228
1779162300,102.72,102.82,102.72,102.8,192
1779162600,102.8,102.88,102.75,102.85,136
1779162900,102.83,102.91,102.81,102.84,162
1779163200,102.83,102.9,102.76,102.76,250
1779163500,102.79,102.84,102.7,102.7,189
1779163800,102.71,102.76,102.64,102.73,246
1779164100,102.73,102.83,102.73,102.78,102
1779164400,102.76,102.78,102.7,102.7,110
1779164700,102.72,102.79,102.7,102.71,74
1779165000,102.7,102.77,102.65,102.75,119
1779165300,102.74,102.84,102.71,102.79,138
1779165600,102.79,102.92,102.74,102.84,114
1779165900,102.85,102.89,102.78,102.89,136
1779166200,102.89,102.91,102.7,102.72,180
1779166500,102.71,102.76,102.57,102.64,205
1779166800,102.64,102.71,102.6,102.68,205
1779167100,102.68,102.69,102.58,102.68,244
1779167400,102.67,102.72,102.58,102.62,189
1779167700,102.62,102.73,102.62,102.71,221
1779168000,102.73,103.39,102.72,103.19,1367
1779168300,103.19,103.25,102.93,103.03,399
1779168600,103.05,103.37,103.02,103.35,651
1779168900,103.35,103.46,103.11,103.19,513
1779169200,103.19,103.29,103.16,103.27,214
1779169500,103.26,103.3,103.17,103.18,256
1779169800,103.2,103.22,103.12,103.19,202
1779170100,103.19,103.32,103.08,103.11,288
1779170400,103.15,103.7,103.13,103.29,958
1779170700,103.29,103.44,103.02,103.07,701
1779171000,103.07,103.09,102.74,102.92,970
1779171300,102.89,103.18,102.87,103,467
1779171600,102.98,103.03,102.91,102.96,218
1779171900,102.94,103.51,102.93,103.43,859
1779172200,103.44,103.63,103.35,103.57,1117
1779172500,103.58,103.65,103.4,103.43,567
1779172800,103.4,103.52,103.35,103.5,283
1779173100,103.52,103.84,103.52,103.75,792
1779173400,103.74,103.78,103.61,103.67,293
1779173700,103.67,103.8,103.61,103.74,324
1779174000,103.72,103.99,103.7,103.91,796
1779174300,103.91,103.92,103.48,103.66,673
1779174600,103.67,103.74,103.54,103.55,236
1779174900,103.55,103.69,103.52,103.58,280
1779175200,103.56,103.62,103.5,103.52,244
1779175500,103.53,103.67,103.51,103.56,282
1779175800,103.54,103.72,103.52,103.67,433
1779176100,103.69,103.76,103.57,103.7,239
1779176400,103.69,103.77,103.48,103.54,272
1779176700,103.56,103.59,103.09,103.24,822
1779177000,103.22,103.31,103.08,103.19,524
1779177300,103.16,103.26,103.01,103.17,576
1779177600,103.16,103.34,103.03,103.23,419
1779177900,103.22,103.62,103.2,103.62,548
1779178200,103.63,103.87,103.55,103.68,660
1779178500,103.69,103.71,103.29,103.41,455
1779178800,103.41,103.64,103.32,103.6,404
1779179100,103.62,103.66,103.33,103.44,585
1779179400,103.47,103.51,103.15,103.21,379
1779179700,103.19,103.32,103.13,103.26,372
1779180000,103.26,103.31,103.19,103.24,234
1779180300,103.22,103.23,103.04,103.12,333
1779180600,103.15,103.26,103.07,103.19,269
1779180900,103.19,103.26,103.09,103.25,262
1779181200,103.25,103.4,103.18,103.19,413
1779181500,103.17,103.36,103.15,103.34,235
1779181800,103.33,103.42,103.26,103.35,206
1779182100,103.38,103.59,103.35,103.54,379
1779182400,103.54,103.55,103.08,103.13,540
1779182700,103.13,103.37,103.13,103.34,316
1779183000,103.33,103.43,103.27,103.38,299
1779183300,103.38,103.38,103.22,103.29,239
1779183600,103.29,103.4,103.24,103.26,194
1779183900,103.28,103.35,103.19,103.27,194
1779184200,103.23,103.25,102.83,102.88,757
1779184500,102.87,103,102.53,102.78,1132
1779184800,102.78,103.02,102.72,103,477
1779185100,103.01,103.04,102.89,103.01,226
1779185400,103.02,103.06,102.87,103.04,189
1779185700,103.04,103.2,103.03,103.07,329
1779186000,103.06,103.22,103.04,103.1,257
1779186300,103.11,103.15,102.99,103.03,245
1779186600,103.02,103.17,102.98,103.08,263
1779186900,103.08,103.58,103.04,103.1,1313
1779187200,103.1,103.95,103.06,103.77,1187
1779187500,103.76,104.18,103.35,103.57,2004
1779187800,103.56,103.73,103.44,103.71,694
1779188100,103.7,103.7,103.27,103.42,1160
1779188400,103.43,103.84,103.42,103.63,695
1779188700,103.67,103.86,103.62,103.69,437
1779189000,103.71,104.04,103.68,103.99,1072
1779189300,103.98,104.09,103.73,103.75,704
1779189600,103.78,103.88,103.66,103.71,419
1779189900,103.72,103.88,103.69,103.82,286
1779190200,103.84,103.94,103.72,103.73,314
1779190500,103.74,103.81,103.67,103.73,257
1779190800,103.71,103.77,103.69,103.75,121
1779191100,103.77,103.84,103.69,103.71,196
1779191400,103.72,103.87,103.71,103.82,212
1779191700,103.83,104,103.83,103.98,433
1779192000,103.99,104.02,103.58,103.69,699
1779192300,103.67,103.76,103.56,103.63,655
1779192600,103.62,103.65,103.54,103.57,300
1779192900,103.58,103.78,103.57,103.61,338
1779193200,103.61,103.63,103.35,103.37,701
1779193500,103.37,103.54,103.27,103.47,680
1779193800,103.49,103.53,103.22,103.38,674
1779194100,103.38,103.48,103.29,103.45,481
1779194400,103.46,103.5,103.31,103.35,413
1779194700,103.34,103.5,103.31,103.39,535
1779195000,103.37,103.56,103.32,103.49,358
1779195300,103.49,103.63,103.43,103.51,438
1779195600,103.52,103.52,103.13,103.29,1295
1779195900,103.31,103.58,103.25,103.34,977
1779196200,103.35,103.65,103.35,103.5,643
1779196500,103.5,104.15,103.48,104.09,1645
1779196800,104.09,104.42,103.96,104.38,2263
1779197100,104.39,104.63,104.32,104.39,2118
1779197400,104.41,104.71,104.25,104.28,1863
1779197700,104.3,104.49,104.04,104.21,1799
1779198000,104.19,104.38,103.94,104.08,1419
1779198300,104.1,104.19,103.86,103.94,1485
1779198600,103.96,103.97,103.37,103.51,1906
1779198900,103.52,103.56,103.2,103.46,2368
1779199200,103.49,103.53,102.63,102.75,2231
1779199500,102.78,103.55,102.78,103.45,2239
1779199800,103.46,103.77,103.2,103.73,1808
1779200100,103.71,103.77,103.54,103.64,921
1779200400,103.65,103.8,103.47,103.5,851
1779200700,103.49,103.53,103.06,103.14,1177
1779201000,103.14,103.15,102.88,102.93,1398
1779201300,102.93,103.27,102.8,103.2,2148
1779201600,103.2,103.51,103.1,103.29,1934
1779201900,103.3,103.75,103.21,103.71,1109
1779202200,103.7,103.72,103.32,103.55,1023
1779202500,103.56,103.56,103.33,103.48,520
1779202800,103.48,103.52,103,103.05,1104
1779203100,103.03,103.44,102.94,103.15,1033
1779203400,103.15,103.5,103.15,103.42,532
1779203700,103.44,103.45,103.08,103.15,729
1779204000,103.14,103.61,103.1,103.59,862
1779204300,103.58,103.7,103.37,103.49,1490
1779204600,103.49,103.52,103.2,103.44,828
1779204900,103.44,103.52,103.3,103.38,590
1779205200,103.39,103.63,103.38,103.59,542
1779205500,103.57,103.83,103.55,103.71,884
1779205800,103.71,103.83,103.61,103.75,806
1779206100,103.76,103.91,103.74,103.82,537
1779206400,103.81,103.94,103.76,103.88,449
1779206700,103.88,103.99,103.83,103.88,503
1779207000,103.88,104.05,103.82,103.96,554
1779207300,103.97,104,103.81,103.86,425
1779207600,103.89,104.02,103.85,103.89,333
1779207900,103.84,103.85,103.65,103.82,703
1779208200,103.83,103.96,103.65,103.95,654
1779208500,103.95,104.15,103.93,104.07,975
1779208800,104.07,104.12,103.91,103.96,490
1779209100,103.97,103.97,103.62,103.68,811
1779209400,103.69,103.76,103.51,103.69,701
1779209700,103.7,103.79,103.61,103.72,400
1779210000,103.73,103.82,103.67,103.81,369
1779210300,103.82,104.06,103.8,104.03,684
1779210600,104.02,104.09,103.91,103.94,365
1779210900,103.92,103.98,103.83,103.94,312
1779211200,103.94,104.05,103.94,103.97,247
1779211500,103.98,104.06,103.89,103.91,164
1779211800,103.92,103.92,103.74,103.77,380
1779212100,103.77,103.79,103.33,103.4,1137
1779212400,103.41,103.59,103.27,103.48,1068
1779212700,103.47,103.85,103.47,103.61,1157
1779213000,103.63,103.63,103.43,103.55,639
1779213300,103.56,103.57,103.41,103.44,509
1779213600,103.43,103.51,103.31,103.36,834
1779213900,103.36,103.36,103.21,103.24,488
1779214200,103.24,103.27,103.1,103.18,677
1779214500,103.19,103.43,103.16,103.35,799
1779214800,103.35,103.86,103.26,103.64,1398
1779215100,103.66,104.45,103.46,104.41,2608
1779215400,104.39,104.65,104.21,104.31,2256
1779215700,104.31,104.49,104.28,104.4,889
1779216000,104.37,104.48,104.28,104.42,759
1779216300,104.44,104.58,104.41,104.51,563
1779216600,104.52,104.77,104.51,104.72,950
1779216900,104.72,104.89,104.57,104.65,903
1779217200,104.65,104.65,104.45,104.46,518
1779217500,104.48,104.48,104.28,104.29,701
1779217800,104.31,104.36,104.16,104.21,481
1779218100,104.19,104.33,104.14,104.3,588
1779218400,104.3,104.54,104.29,104.48,659
1779218700,104.46,104.58,104.42,104.44,475
1779219000,104.44,104.46,104.33,104.43,259
1779219300,104.43,104.48,104.35,104.45,177
1779219600,104.46,104.5,104.41,104.43,175
1779219900,104.43,104.45,104.36,104.37,92
1779220200,104.39,104.39,104.21,104.3,365
1779220500,104.31,104.48,104.29,104.48,308
1779220800,104.48,104.59,104.41,104.52,338
1779221100,104.5,104.52,104.39,104.43,179
1779221400,104.42,104.47,104.4,104.43,115
1779221700,104.43,104.45,104.26,104.3,241
1779222000,104.3,104.39,104.27,104.36,206
1779222300,104.35,104.4,104.16,104.24,456
1779222600,104.23,104.23,103.97,104.04,877
1779222900,104.05,104.1,103.93,104.1,297
1779223200,104.11,104.18,104.05,104.09,404
1779223500,104.05,104.21,104.04,104.12,258
1779223800,104.13,104.16,104.07,104.08,143
1779224100,104.09,104.12,103.98,104.02,532
1779228000,104.05,104.32,104.05,104.2,336
1779228300,104.22,104.33,104.18,104.24,202
1779228600,104.22,104.35,104.21,104.32,131
1779228900,104.31,104.38,104.29,104.34,149
1779229200,104.31,104.33,104.21,104.24,110
1779229500,104.21,104.25,104.17,104.24,126
1779229800,104.24,104.28,104.18,104.18,110
1779230100,104.18,104.22,104.1,104.13,166
1779230400,104.16,104.19,104.13,104.17,54
1779230700,104.19,104.24,104.13,104.2,150
1779231000,104.2,104.24,104.16,104.21,66
1779231300,104.23,104.24,104.2,104.2,55
1779231600,104.21,104.3,104.19,104.25,103
1779231900,104.26,104.29,104.2,104.22,157
1779232200,104.23,104.25,104.14,104.15,83
1779232500,104.15,104.25,104.11,104.12,132
1779232800,104.14,104.17,104.04,104.05,190
1779233100,104.05,104.08,104,104.05,141
1779233400,104.06,104.11,103.74,103.87,578
1779233700,103.87,103.89,103.75,103.85,367
1779234000,103.85,103.89,103.81,103.87,128
1779234300,103.89,103.99,103.81,103.94,233
1779234600,103.94,104.03,103.91,103.98,149
1779234900,103.98,103.99,103.9,103.92,146
1779235200,103.95,104.02,103.77,103.85,373
1779235500,103.84,103.93,103.77,103.83,239
1779235800,103.83,103.87,103.8,103.85,158
1779236100,103.84,103.99,103.84,103.99,230
1779236400,103.98,104,103.88,103.88,313
1779236700,103.9,103.9,103.7,103.77,393
1779237000,103.81,103.87,103.7,103.83,209
1779237300,103.82,103.82,103.74,103.78,152
1779237600,103.78,103.9,103.78,103.8,149
1779237900,103.81,103.89,103.79,103.88,76
1779238200,103.88,103.94,103.8,103.82,147
1779238500,103.83,103.91,103.79,103.86,142
1779238800,103.85,104.45,103.85,104.17,1023
1779239100,104.19,104.27,104.07,104.11,403
1779239400,104.11,104.26,103.97,104.21,462
1779239700,104.22,104.24,103.98,104.06,304
1779240000,104.06,104.06,103.93,104.02,310
1779240300,103.98,104.17,103.96,104.13,213
1779240600,104.13,104.28,104.12,104.24,283
1779240900,104.24,104.39,104.22,104.25,514
1779241200,104.25,104.33,104.06,104.09,291
1779241500,104.08,104.1,103.75,103.75,447
1779241800,103.75,103.78,103.12,103.42,2634
1779242100,103.4,103.64,103.33,103.6,654
1779242400,103.58,103.62,103.47,103.53,334
1779242700,103.53,103.76,103.41,103.75,486
1779243000,103.74,103.74,103.63,103.64,216
1779243300,103.64,103.87,103.6,103.79,291
1779243600,103.79,103.82,103.68,103.71,158
1779243900,103.71,103.96,103.68,103.92,290
1779244200,103.91,104.29,103.9,104.26,1077
1779244500,104.26,104.46,104.1,104.14,720
1779244800,104.14,104.21,104.09,104.15,257
1779245100,104.15,104.22,104.07,104.15,692
1779245400,104.14,104.21,104.09,104.1,224
1779245700,104.09,104.2,104.06,104.2,116
1779246000,104.2,104.3,104.17,104.21,307
1779246300,104.21,104.32,104.2,104.24,211
1779246600,104.23,104.32,104.23,104.27,104
1779246900,104.27,104.33,104.07,104.1,365
1779247200,104.09,104.14,104.03,104.04,187
1779247500,104.04,104.13,104.01,104.06,177
1779247800,104.06,104.08,103.92,103.92,232
1779248100,103.92,103.93,103.72,103.74,378
1779248400,103.75,103.88,103.75,103.83,246
1779248700,103.84,103.91,103.78,103.85,428
1779249000,103.86,103.88,103.76,103.78,123
1779249300,103.77,103.79,103.58,103.69,497
1779249600,103.69,103.69,103.35,103.46,696
1779249900,103.45,103.51,103.34,103.47,551
1779250200,103.46,103.59,103.46,103.51,375
1779250500,103.52,103.61,103.5,103.6,214
1779250800,103.61,103.62,103.52,103.52,123
1779251100,103.53,103.6,103.52,103.52,106
1779251400,103.54,103.66,103.52,103.65,122
1779251700,103.65,103.79,103.65,103.75,297
1779252000,103.76,103.81,103.67,103.74,192
1779252300,103.75,103.86,103.72,103.85,109
1779252600,103.85,103.97,103.79,103.95,165
1779252900,103.95,103.96,103.88,103.9,135
1779253200,103.9,103.91,103.59,103.7,411
1779253500,103.7,103.78,103.68,103.75,195
1779253800,103.76,103.79,103.66,103.72,128
1779254100,103.72,103.82,103.72,103.74,121
1779254400,103.72,103.74,103.65,103.67,134
1779254700,103.67,103.84,103.67,103.78,160
1779255000,103.75,103.75,103.59,103.7,197
1779255300,103.72,103.86,103.64,103.66,219
1779255600,103.65,103.77,103.65,103.71,82
1779255900,103.73,103.88,103.73,103.85,163
1779256200,103.85,103.89,103.77,103.81,122
1779256500,103.82,103.95,103.82,103.86,157
1779256800,103.86,103.88,103.62,103.81,297
1779257100,103.8,104.01,103.75,103.91,462
1779257400,103.91,103.93,103.82,103.85,181
1779257700,103.84,103.87,103.34,103.35,656
1779258000,103.35,103.44,102.94,103.07,1697
1779258300,103.05,103.14,102.94,103.05,945
1779258600,103.03,103.33,102.97,103.31,645
1779258900,103.31,103.36,102.86,102.99,815
1779259200,103,103.14,103,103.07,385
1779259500,103.05,103.11,102.9,103.03,431
1779259800,103.03,103.08,102.63,102.85,1011
1779260100,102.87,102.95,102.79,102.8,530
1779260400,102.78,102.97,102.68,102.9,542
1779260700,102.89,103.19,102.87,102.96,546
1779261000,102.97,103.1,102.95,103.1,241
1779261300,103.09,103.16,103.02,103.03,227
1779261600,103.05,103.1,102.96,103.05,204
1779261900,103.04,103.1,102.44,102.66,860
1779262200,102.68,102.95,102.68,102.86,475
1779262500,102.9,103.18,102.89,102.97,473
1779262800,102.98,103.04,102.69,102.98,580
1779263100,103,103.13,102.95,103.05,304
1779263400,103.04,103.14,102.95,102.96,212
1779263700,102.98,103.1,102.92,103.05,259
1779264000,103.05,103.07,102.52,102.68,756
1779264300,102.7,102.89,102.63,102.85,446
1779264600,102.84,103.09,102.83,102.98,316
1779264900,102.97,102.97,102.82,102.94,224
1779265200,102.95,103.11,102.86,102.94,369
1779265500,102.91,103.03,102.76,102.79,525
1779265800,102.77,102.83,102.58,102.78,622
1779266100,102.77,102.85,102.2,102.37,1392
1779266400,102.39,102.52,102.3,102.37,504
1779266700,102.37,102.4,102.01,102.31,1033
1779267000,102.32,102.32,101.81,101.9,1111
1779267300,101.89,102.13,101.83,102.08,643
1779267600,102.1,102.12,101.65,101.99,1095
1779267900,101.97,102.23,101.93,102.16,657
1779268200,102.15,102.56,102.1,102.51,759
1779268500,102.52,102.53,102.39,102.44,363
1779268800,102.43,102.64,102.34,102.62,414
1779269100,102.62,102.67,102.47,102.48,439
1779269400,102.48,102.49,102.29,102.34,483
1779269700,102.33,102.47,102.3,102.46,185
1779270000,102.46,102.63,102.41,102.57,342
1779270300,102.57,102.74,102.5,102.6,399
1779270600,102.58,102.69,102.41,102.46,348
1779270900,102.45,102.46,102.31,102.34,293
1779271200,102.33,102.51,102.22,102.42,391
1779271500,102.42,102.45,102.13,102.24,413
1779271800,102.21,102.29,102.17,102.18,229
1779272100,102.18,102.34,102.11,102.28,392
1779272400,102.28,102.35,102.18,102.25,326
1779272700,102.25,102.32,102.1,102.17,289
1779273000,102.15,102.15,101.69,101.72,793
1779273300,101.71,101.79,101,101.26,2655
1779273600,101.26,101.39,101.16,101.27,853
1779273900,101.26,101.29,100.86,101.26,1318
1779274200,101.24,101.5,101.16,101.44,872
1779274500,101.47,101.56,101.42,101.49,574
1779274800,101.51,101.56,101.42,101.48,387
1779275100,101.47,101.69,101.47,101.64,438
1779275400,101.63,102.01,101.58,101.98,806
1779275700,101.97,102.2,101.83,102.18,945
1779276000,102.2,102.28,101.96,102,940
1779276300,102.02,102.15,102,102.07,395
1779276600,102.09,102.24,102.08,102.15,391
1779276900,102.16,102.18,102.02,102.12,324
1779277200,102.13,102.55,102.04,102.37,994
1779277500,102.37,102.63,102.23,102.58,986
1779277800,102.57,102.77,102.48,102.57,743
1779278100,102.57,102.59,102.32,102.53,468
1779278400,102.53,102.64,102.18,102.21,731
1779278700,102.2,102.2,101.94,102.06,1130
1779279000,102.08,102.17,101.89,101.89,679
1779279300,101.89,101.91,101.62,101.64,954
1779279600,101.62,101.88,101.58,101.72,957
1779279900,101.73,101.75,101.22,101.27,2208
1779280200,101.28,101.44,100.96,100.96,1802
1779280500,100.96,101.19,100.72,101.08,2436
1779280800,101.06,101.31,101.05,101.29,1062
1779281100,101.27,101.45,101.24,101.44,959
1779281400,101.42,101.66,101.42,101.59,1220
1779281700,101.57,101.79,101.54,101.68,824
1779282000,101.67,102,101.67,101.86,1335
1779282300,101.83,101.94,101.53,101.53,1191
1779282600,101.53,101.61,101.3,101.33,1209
1779282900,101.33,101.59,101.28,101.58,1203
1779283200,101.58,101.92,101.58,101.85,820
1779283500,101.86,102.1,101.75,102.05,1532
1779283800,102.06,102.16,101.89,101.94,1165
1779284100,101.95,102.15,101.95,101.99,694
1779284400,102,102.1,101.84,101.96,961
1779284700,101.97,101.97,101.64,101.89,1325
1779285000,101.89,102.14,101.81,102.13,913
1779285300,102.12,102.34,102.01,102.29,1012
1779285600,102.26,102.45,102.22,102.35,1206
1779285900,102.35,102.53,102.31,102.46,966
1779286200,102.42,102.83,101.46,101.75,2651
1779286500,101.69,101.81,99.45,100.17,3591
1779286800,100.15,100.86,99.79,100.67,6226
1779287100,100.69,100.79,99.99,100.37,3323
1779287400,100.35,100.4,99.46,99.93,4728
1779287700,99.94,100.68,99.86,100.5,4357
1779288000,100.49,101,100.37,100.46,2463
1779288300,100.45,100.8,100.36,100.64,1259
1779288600,100.6,100.98,100.42,100.57,1410
1779288900,100.58,100.64,100.22,100.49,2186
1779289200,100.5,100.53,100,100.37,2336
1779289500,100.39,100.66,100.3,100.59,1457
1779289800,100.6,100.66,100.43,100.61,760
1779290100,100.58,100.58,97,98.85,5876
1779290400,98.86,99.33,98.73,98.92,5230
1779290700,98.93,100,98.92,99.71,5636
1779291000,99.69,99.77,99.03,99.08,3371
1779291300,99.08,99.27,98.82,99.12,2540
1779291600,99.1,99.36,98.94,99.05,1494
1779291900,99.04,99.11,98.87,98.98,1157
1779292200,98.94,99.35,98.71,99.33,2151
1779292500,99.35,99.64,98.92,99.24,2480
1779292800,99.26,99.3,98.56,98.67,2156
1779293100,98.67,98.73,98.37,98.64,2066
1779293400,98.64,98.78,98.51,98.57,1004
1779293700,98.57,98.98,98.57,98.88,1292
1779294000,98.89,99.59,98.79,99.55,3009
1779294300,99.55,99.66,99.2,99.44,1763
1779294600,99.43,99.51,99.16,99.34,1437
1779294900,99.33,99.33,98.7,98.79,1884
1779295200,98.77,98.83,97.91,98.04,3367
1779295500,98.04,98.2,97.81,98.09,3047
1779295800,98.07,98.09,97.62,97.77,1917
1779296100,97.77,98,97.6,97.87,2037
1779296400,97.86,98.09,97.7,97.81,2339
1779296700,97.8,97.95,97.62,97.7,1154
1779297000,97.69,97.84,97.02,97.5,2968
1779297300,97.51,97.52,96.83,97.11,3113
1779297600,97.12,97.51,97.05,97.46,1588
1779297900,97.43,97.8,97.38,97.44,3005
1779298200,97.43,97.72,97.19,97.6,1680
1779298500,97.58,97.68,97.14,97.52,1672
1779298800,97.52,97.79,97.52,97.72,1178
1779299100,97.73,97.88,97.52,97.82,987
1779299400,97.81,97.94,97.75,97.85,734
1779299700,97.84,98.35,97.78,98.3,1424
1779300000,98.33,98.39,97.91,98.15,1203
1779300300,98.17,98.46,98.17,98.38,1085
1779300600,98.37,98.52,98.28,98.43,1099
1779300900,98.42,98.55,98.29,98.48,834
1779301200,98.49,98.57,98.17,98.5,1269
1779301500,98.51,98.74,98.06,98.19,2108
1779301800,98.17,98.18,97.76,97.87,1581
1779302100,97.84,98.06,97.8,97.82,759
1779302400,97.83,98.31,97.74,98.29,1244
1779302700,98.28,98.28,97.96,98,770
1779303000,98.01,98.06,97.94,98.06,368
1779303300,98.05,98.06,97.89,97.97,291
1779303600,97.95,97.96,97.77,97.9,441
1779303900,97.91,98.04,97.79,97.95,562
1779304200,97.95,98.14,97.91,98.08,314
1779304500,98.08,98.17,98.06,98.17,264
1779304800,98.18,98.26,98.14,98.18,324
1779305100,98.19,98.27,98.13,98.23,216
1779305400,98.24,98.34,98.16,98.29,285
1779305700,98.31,98.41,97.85,98.25,1251
1779306000,98.26,98.32,98.11,98.18,589
1779306300,98.16,98.35,98.16,98.29,304
1779306600,98.31,98.49,98.29,98.44,469
1779306900,98.42,98.6,98.42,98.53,786
1779307200,98.54,98.57,98.41,98.47,518
1779307500,98.48,98.54,98.45,98.52,172
1779307800,98.53,98.58,98.33,98.45,408
1779308100,98.45,98.58,98.42,98.44,337
1779308400,98.44,98.47,98.34,98.42,301
1779308700,98.44,98.51,98.39,98.43,189
1779309000,98.43,98.54,98.33,98.51,343
1779309300,98.52,98.67,98.47,98.57,404
1779309600,98.57,98.69,98.48,98.66,397
1779309900,98.65,98.92,98.65,98.91,809
1779310200,98.9,99.11,98.87,99.04,677
1779310500,99.05,99.08,98.89,99.08,382
1779314400,99,99.08,98.75,98.82,553
1779314700,98.85,98.97,98.8,98.89,222
1779315000,98.92,99,98.82,98.83,157
1779315300,98.83,98.94,98.83,98.89,121
1779315600,98.94,98.99,98.87,98.98,229
1779315900,98.98,99.23,98.96,99.2,519
1779316200,99.19,99.21,99.05,99.09,265
1779316500,99.08,99.1,99.04,99.08,83
1779316800,99.07,99.08,98.85,98.97,407
1779317100,98.93,99.07,98.93,99.07,102
1779317400,99.05,99.07,98.93,98.98,89
1779317700,98.96,98.98,98.86,98.96,144
1779318000,98.96,99.01,98.95,98.98,73
1779318300,98.97,99.13,98.94,99.13,277
1779318600,99.13,99.15,99.1,99.11,135
1779318900,99.1,99.14,99.07,99.11,112
1779319200,99.12,99.13,99.06,99.06,205
1779319500,99.09,99.12,99.06,99.08,53
1779319800,99.11,99.11,99.05,99.08,76
1779320100,99.11,99.21,99.1,99.21,170
1779320400,99.18,99.19,98.95,98.95,208
1779320700,98.95,98.97,98.71,98.85,499
1779321000,98.84,98.95,98.77,98.91,162
1779321300,98.91,98.96,98.86,98.89,92
1779321600,98.89,99.3,98.79,99.04,669
1779321900,99.06,99.26,99.03,99.18,337
1779322200,99.19,99.23,99.07,99.14,249
1779322500,99.17,100.13,99.12,99.65,1587
1779322800,99.65,99.92,99.58,99.6,649
1779323100,99.58,99.59,99.48,99.51,442
1779323400,99.53,99.62,99.25,99.26,281
1779323700,99.29,99.31,99.13,99.24,414
1779324000,99.22,99.43,99.22,99.35,228
1779324300,99.34,99.37,99.22,99.24,196
1779324600,99.27,99.32,99.23,99.27,119
1779324900,99.26,99.27,99.08,99.1,392
1779325200,99.13,99.16,98.87,98.88,833
1779325500,98.87,98.9,98.62,98.69,798
1779325800,98.72,98.79,98.64,98.68,553
1779326100,98.71,98.87,98.68,98.73,433
1779326400,98.74,98.84,98.67,98.72,351
1779326700,98.72,98.82,98.6,98.79,595
1779327000,98.81,98.84,98.69,98.82,352
1779327300,98.83,98.92,98.73,98.83,269
1779327600,98.82,98.89,98.71,98.73,341
1779327900,98.74,98.84,98.65,98.83,313
1779328200,98.82,98.86,98.46,98.61,597
1779328500,98.63,98.63,98.51,98.59,296
1779328800,98.59,98.75,98.52,98.71,406
1779329100,98.71,98.8,98.67,98.67,174
1779329400,98.68,98.79,98.68,98.77,130
1779329700,98.76,98.89,98.75,98.78,203
1779330000,98.78,98.79,98.63,98.63,212
1779330300,98.65,98.7,98.62,98.68,121
1779330600,98.67,98.89,98.65,98.84,301
1779330900,98.84,98.84,98.64,98.76,171
1779331200,98.77,98.87,98.75,98.83,208
1779331500,98.83,99.09,98.83,99,663
1779331800,99,99.21,98.97,99.18,585
1779332100,99.17,99.24,99.1,99.15,289
1779332400,99.14,99.21,99.03,99.09,397
1779332700,99.1,99.21,99.06,99.1,201
1779333000,99.1,99.16,99.08,99.13,147
1779333300,99.14,99.21,99.09,99.12,214
1779333600,99.12,99.25,99.12,99.19,184
1779333900,99.18,99.19,99.01,99.05,193
1779334200,99.06,99.15,99.06,99.1,95
1779334500,99.1,99.14,99.07,99.13,77
1779334800,99.11,99.11,98.92,98.96,245
1779335100,98.96,99.13,98.96,99.11,151
1779335400,99.08,99.19,99.03,99.18,141
1779335700,99.18,99.18,99.08,99.08,79
1779336000,99.1,99.14,99.08,99.13,46
1779336300,99.13,99.18,99.06,99.16,72
1779336600,99.15,99.26,99.14,99.18,169
1779336900,99.18,99.21,99.12,99.16,91
1779337200,99.15,99.2,99.14,99.17,70
1779337500,99.18,99.24,99.13,99.23,65
1779337800,99.25,99.3,99.21,99.25,135
1779338100,99.27,99.27,99.1,99.12,183
1779338400,99.13,99.14,98.98,99.02,223
1779338700,99.01,99.18,99,99.18,97
1779339000,99.15,99.16,99.03,99.08,145
1779339300,99.07,99.07,98.77,98.85,314
1779339600,98.83,98.99,98.79,98.93,196
1779339900,98.93,98.99,98.89,98.93,109
1779340200,98.94,98.97,98.79,98.96,147
1779340500,98.96,98.97,98.87,98.88,162
1779340800,98.9,99.03,98.88,99,120
1779341100,99,99.24,99,99.21,284
1779341400,99.22,99.42,99.19,99.22,468
1779341700,99.2,99.23,99.12,99.19,154
1779342000,99.19,99.41,99.16,99.34,251
1779342300,99.34,100.06,99.33,99.49,1663
1779342600,99.48,99.58,99.26,99.32,641
1779342900,99.33,99.47,99.31,99.43,295
1779343200,99.44,99.48,99.14,99.26,548
1779343500,99.25,99.27,99,99.21,494
1779343800,99.2,99.47,99.2,99.43,465
1779344100,99.42,99.77,99.39,99.65,647
1779344400,99.67,99.81,98.8,99.22,1535
1779344700,99.19,99.34,99.08,99.29,432
1779345000,99.28,99.4,99.24,99.36,268
1779345300,99.37,99.58,99.37,99.52,412
1779345600,99.52,99.68,99.52,99.63,282
1779345900,99.65,99.85,99.59,99.79,556
1779346200,99.8,99.8,99.52,99.53,337
1779346500,99.55,99.65,99.51,99.55,304
1779346800,99.57,99.8,99.54,99.73,349
1779347100,99.76,99.82,99.64,99.77,170
1779347400,99.76,99.91,99.74,99.77,462
1779347700,99.78,99.89,99.68,99.84,298
1779348000,99.82,99.82,99.61,99.64,264
1779348300,99.66,99.77,99.6,99.64,359
1779348600,99.64,99.67,99.44,99.48,361
1779348900,99.47,99.57,99.27,99.31,437
1779349200,99.32,99.47,99.29,99.44,327
1779349500,99.43,99.47,99.25,99.36,359
1779349800,99.38,99.45,99.28,99.4,223
1779350100,99.38,99.42,99.27,99.29,210
1779350400,99.3,99.33,98.69,98.82,1162
1779350700,98.83,98.91,98.71,98.72,671
1779351000,98.71,98.77,98.01,98.24,2045
1779351300,98.26,98.79,98.07,98.74,1268
1779351600,98.77,99.01,98.53,98.88,1057
1779351900,98.86,99.19,98.63,98.73,1521
1779352200,98.75,99.29,98.71,99.24,911
1779352500,99.2,99.55,99.18,99.44,776
1779352800,99.46,99.54,99.32,99.38,525
1779353100,99.37,99.61,99.02,99.15,1299
1779353400,99.17,99.23,98.65,98.71,1132
1779353700,98.71,98.79,98.32,98.48,1063
1779354000,98.5,98.52,98.18,98.36,777
1779354300,98.39,98.41,97.76,98.01,1935
1779354600,98.03,98.27,98,98.16,500
1779354900,98.19,98.34,98.04,98.29,386
1779355200,98.29,98.38,98.03,98.07,575
1779355500,98.07,98.24,97.58,97.64,1079
1779355800,97.63,97.69,97.26,97.58,1588
1779356100,97.57,97.64,97.38,97.6,677
1779356400,97.57,97.84,97.48,97.82,779
1779356700,97.82,97.84,97.58,97.73,441
1779357000,97.72,97.76,97.6,97.73,359
1779357300,97.72,97.9,97.55,97.59,630
1779357600,97.6,97.71,97.47,97.65,702
1779357900,97.65,97.78,97.63,97.67,336
1779358200,97.66,97.73,97.59,97.59,279
1779358500,97.59,97.91,97.59,97.87,477
1779358800,97.88,98.18,97.84,98.11,920
1779359100,98.1,99.83,98.08,99.63,5560
1779359400,99.61,100.28,99.58,100.05,3209
1779359700,100.04,100.62,99.74,100.56,2316
1779360000,100.57,101,100.47,100.65,3163
1779360300,100.65,100.86,100.56,100.77,1556
1779360600,100.78,101.34,100.67,100.95,2426
1779360900,100.97,101.15,100.91,101.04,1114
1779361200,101.04,101.1,100.5,100.71,1521
1779361500,100.72,100.95,100.66,100.73,864
1779361800,100.75,100.79,100.59,100.66,618
1779362100,100.68,100.85,100.55,100.62,710
1779362400,100.62,100.7,100.15,100.56,2038
1779362700,100.57,100.63,100.35,100.38,634
1779363000,100.4,100.57,100.32,100.54,631
1779363300,100.55,100.66,100.4,100.49,659
1779363600,100.52,100.63,100.43,100.63,374
1779363900,100.63,100.69,100.5,100.5,331
1779364200,100.52,100.52,100.38,100.48,384
1779364500,100.48,100.7,100.47,100.58,528
1779364800,100.59,100.64,100.49,100.54,265
1779365100,100.53,100.65,100.52,100.59,208
1779365400,100.61,100.89,100.56,100.85,678
1779365700,100.87,100.97,100.77,100.92,646
1779366000,100.92,101.2,100.91,101.11,1239
1779366300,101.12,101.17,101,101.17,449
1779366600,101.18,101.29,100.46,100.59,2079
1779366900,100.6,100.88,100.44,100.65,1852
1779367200,100.66,100.84,100.52,100.74,988
1779367500,100.74,100.96,100.59,100.81,894
1779367800,100.8,101.21,100.72,100.83,1216
1779368100,100.85,101.11,100.8,101.09,856
1779368400,101.1,101.29,100.74,100.86,1390
1779368700,100.84,101.6,100.83,101.46,2378
1779369000,101.46,101.95,101.46,101.78,2994
1779369300,101.81,102,101.69,101.85,2535
1779369600,101.86,102.13,101.72,102.08,1725
1779369900,102.07,102.19,101.89,101.94,1533
1779370200,101.91,102.56,101.86,102.31,3117
1779370500,102.3,102.6,102.23,102.5,2319
1779370800,102.51,102.64,102.17,102.26,1456
1779371100,102.27,102.34,102.08,102.24,1236
1779371400,102.25,102.25,100.38,100.55,4744
1779371700,100.58,100.85,100.28,100.54,4601
1779372000,100.56,100.98,100.29,100.89,3063
1779372300,100.89,101.15,100.77,101.09,3109
1779372600,101.12,101.33,100.78,101.23,1617
1779372900,101.22,101.55,100.98,101.2,2351
1779373200,101.2,101.22,100.73,100.81,1491
1779373500,100.82,100.83,100.43,100.6,1652
1779373800,100.61,100.65,100.36,100.65,1475
1779374100,100.65,100.72,100.55,100.62,586
1779374400,100.64,101.2,100.64,101.1,1376
1779374700,101.07,101.42,100.93,101.09,1619
1779375000,101.07,101.43,101.04,101.3,1101
1779375300,101.32,101.46,101.24,101.34,835
1779375600,101.37,101.72,101.18,101.65,1622
1779375900,101.64,102.15,101.55,102,2192
1779376200,102.02,102.05,101.19,101.46,2338
1779376500,101.44,101.62,101.3,101.55,1293
1779376800,101.54,101.72,101.51,101.7,836
1779377100,101.72,102,101.62,101.75,1654
1779377400,101.78,101.8,101.52,101.54,1133
1779377700,101.53,101.7,101.37,101.39,816
1779378000,101.4,101.44,101.33,101.37,491
1779378300,101.4,101.4,101.01,101.11,1251
1779378600,101.12,101.25,101,101.02,923
1779378900,101.02,101.02,100.72,100.73,1190
1779379200,100.72,100.72,99.95,100.15,3663
1779379500,100.12,100.2,99.8,99.9,1777
1779379800,99.91,100.45,99.79,100.31,2812
1779380100,100.3,100.8,100.25,100.46,1640
1779380400,100.46,100.69,100.35,100.41,953
1779380700,100.43,100.54,100.37,100.42,498
1779381000,100.41,100.43,100.16,100.23,874
1779381300,100.25,100.52,100.25,100.47,671
1779381600,100.45,100.54,100.19,100.21,602
1779381900,100.18,100.37,100.14,100.35,502
1779382200,100.33,100.46,100.23,100.25,382
1779382500,100.25,100.27,99.99,100.02,663
1779382800,100.01,100.18,99.94,100.15,623
1779383100,100.15,100.44,100.11,100.36,831
1779383400,100.35,100.39,98.84,99.25,6905
1779383700,99.26,99.31,98.04,98.44,6827
1779384000,98.46,98.67,97.59,98.3,7326
1779384300,98.31,98.64,98.16,98.48,2028
1779384600,98.49,98.89,98.33,98.4,2132
1779384900,98.4,98.45,98.09,98.16,1359
1779385200,98.18,98.18,97.17,97.27,4599
1779385500,97.27,97.46,96.45,96.61,5278
1779385800,96.58,96.76,96.02,96.1,4083
1779386100,96.08,96.39,95.76,96.33,4115
1779386400,96.34,97.05,96,97.05,5267
1779386700,97.05,97.27,96.6,96.82,3520
1779387000,96.8,97.17,96.67,96.76,2334
1779387300,96.75,97.07,96.74,96.76,1510
1779387600,96.77,96.91,96.45,96.5,1774
1779387900,96.5,96.77,96.22,96.3,2083
1779388200,96.29,96.52,96.19,96.39,1577
1779388500,96.38,96.78,96.25,96.7,978
1779388800,96.73,96.73,96.38,96.51,785
1779389100,96.51,97.35,96.45,97.27,2852
1779389400,97.26,98.25,96.87,98.2,4621
1779389700,98.17,98.3,97.83,98.04,2969
1779390000,98.02,98.1,97.56,97.62,1903
1779390300,97.62,98.08,97.4,97.51,2164
1779390600,97.51,97.69,97.35,97.43,1008
1779390900,97.44,97.61,97.28,97.37,1036
1779391200,97.38,97.48,97.22,97.4,563
1779391500,97.4,97.5,97.18,97.45,898
1779391800,97.46,97.54,97.37,97.51,629
1779392100,97.45,97.45,97.12,97.16,654
1779392400,97.16,97.58,97.06,97.51,761
1779392700,97.52,97.57,97.34,97.37,410
1779393000,97.34,98.23,97.23,97.99,2272
1779393300,98,98.16,97.1,97.39,3204
1779393600,97.38,97.58,97.2,97.49,948
1779393900,97.48,97.66,97.36,97.54,569
1779394200,97.54,97.64,97.38,97.56,521
1779394500,97.58,97.73,97.52,97.7,408
1779394800,97.7,97.89,97.6,97.85,486
1779395100,97.85,97.86,97.67,97.86,403
1779395400,97.86,97.97,97.82,97.95,386
1779395700,97.97,98.03,97.9,97.92,290
1779396000,97.92,98.13,97.87,98.07,345
1779396300,98.06,98.13,98.02,98.13,302
1779396600,98.13,98.17,97.99,98.06,330
1779396900,98.04,98.11,97.92,97.97,417
1779400800,97.97,98.2,97.3,97.64,776
1779401100,97.69,97.7,97.3,97.47,392
1779401400,97.5,97.67,97.46,97.55,245
1779401700,97.57,97.77,97.55,97.59,225
1779402000,97.59,97.61,97.45,97.57,144
1779402300,97.58,97.63,97.52,97.52,112
1779402600,97.53,97.71,97.5,97.69,184
1779402900,97.7,97.86,97.64,97.76,227
1779403200,97.75,97.85,97.73,97.76,140
1779403500,97.8,97.83,97.72,97.72,157
1779403800,97.74,97.75,97.65,97.68,179
1779404100,97.7,97.77,97.67,97.73,125
1779404400,97.72,97.91,97.69,97.91,183
1779404700,97.89,97.89,97.81,97.82,136
1779405000,97.82,97.83,97.74,97.76,96
1779405300,97.75,97.93,97.69,97.76,235
1779405600,97.73,97.8,97.7,97.78,48
1779405900,97.77,97.79,97.56,97.65,144
1779406200,97.61,97.71,97.52,97.52,198
1779406500,97.55,97.65,97.54,97.65,135
1779406800,97.61,97.69,97.59,97.67,117
1779407100,97.67,97.77,97.62,97.77,105
1779407400,97.77,97.81,97.66,97.72,120
1779407700,97.71,97.77,97.7,97.77,105
1779408000,97.74,98,97.68,97.81,523
1779408300,97.79,97.83,97.7,97.81,185
1779408600,97.81,97.85,97.62,97.72,246
1779408900,97.7,97.72,97.61,97.71,211
1779409200,97.72,97.87,97.71,97.86,188
1779409500,97.84,98.15,97.84,98.05,625
1779409800,98.07,98.14,98.03,98.13,231
1779410100,98.12,98.13,98.02,98.1,226
1779410400,98.07,98.13,98.02,98.08,143
1779410700,98.07,98.09,97.96,98,304
1779411000,98.01,98.02,97.87,97.9,208
1779411300,97.86,97.94,97.75,97.93,277
1779411600,97.94,98.14,97.78,98.05,533
1779411900,98.1,98.17,98,98.14,515
1779412200,98.12,98.25,98.1,98.19,443
1779412500,98.19,98.35,98.16,98.25,428
1779412800,98.24,98.25,98.03,98.21,435
1779413100,98.24,98.3,98.06,98.09,244
1779413400,98.08,98.08,97.95,98.06,355
1779413700,98.05,98.14,98.03,98.09,203
1779414000,98.06,98.1,97.85,97.89,254
1779414300,97.87,97.94,97.85,97.87,223
1779414600,97.85,97.85,97.63,97.64,636
1779414900,97.65,97.74,97.64,97.68,286
1779415200,97.67,97.75,97.64,97.73,222
1779415500,97.75,97.82,97.72,97.81,229
1779415800,97.79,97.92,97.79,97.86,318
1779416100,97.87,97.97,97.7,97.8,279
1779416400,97.8,97.81,97.67,97.75,209
1779416700,97.76,97.86,97.76,97.81,127
1779417000,97.82,97.82,97.63,97.71,247
1779417300,97.72,97.74,97.58,97.63,253
1779417600,97.63,97.64,97.4,97.5,660
1779417900,97.5,97.56,97.4,97.44,253
1779418200,97.43,97.53,97.33,97.47,390
1779418500,97.49,97.57,97.42,97.46,327
1779418800,97.47,97.47,97.3,97.42,421
1779419100,97.41,97.47,97.35,97.39,161
1779419400,97.39,97.41,97.23,97.37,265
1779419700,97.37,97.59,97.35,97.51,611
1779420000,97.51,97.53,97.45,97.51,147
1779420300,97.52,97.57,97.47,97.56,132
1779420600,97.54,97.56,97.46,97.47,129
1779420900,97.47,97.51,97.41,97.44,84
1779421200,97.44,97.48,97.43,97.47,72
1779421500,97.48,97.48,97.43,97.45,38
1779421800,97.45,97.55,97.43,97.5,121
1779422100,97.5,97.52,97.45,97.48,31
1779422400,97.47,97.48,97.44,97.45,41
1779422700,97.44,97.44,97.18,97.3,493
1779423000,97.28,97.3,97.2,97.21,224
1779423300,97.21,97.28,97.1,97.15,279
1779423600,97.16,97.17,96.71,97.08,897
1779423900,97.1,97.29,97.08,97.26,373
1779424200,97.25,97.32,97.2,97.24,208
1779424500,97.24,97.32,97.21,97.24,129
1779424800,97.23,97.32,97.21,97.3,161
1779425100,97.3,97.32,97.22,97.29,156
1779425400,97.28,97.35,97.25,97.35,134
1779425700,97.36,97.44,97.33,97.36,170
1779426000,97.34,97.47,97.34,97.42,272
1779426300,97.43,97.46,97.38,97.45,125
1779426600,97.45,97.76,97.43,97.74,601
1779426900,97.74,97.76,97.66,97.67,272
1779427200,97.67,97.76,97.67,97.72,217
1779427500,97.7,97.71,97.6,97.68,285
1779427800,97.68,97.84,97.66,97.83,308
1779428100,97.83,97.9,97.7,97.75,440
1779428400,97.76,97.79,97.66,97.78,221
1779428700,97.76,97.83,97.7,97.77,209
1779429000,97.76,98.04,97.76,98.01,480
1779429300,98,98.56,97.92,98.38,1555
1779429600,98.38,98.73,98.16,98.21,1534
1779429900,98.19,98.31,98.19,98.23,457
1779430200,98.26,98.37,98.2,98.21,372
1779430500,98.22,98.27,97.96,98.1,661
1779430800,98.1,98.2,98.03,98.15,325
1779431100,98.15,98.16,97.94,97.99,336
1779431400,97.98,98.09,97.91,98.06,334
1779431700,98.08,98.12,98.05,98.09,249
1779432000,98.09,98.09,97.93,98.07,251
1779432300,98.04,98.35,98,98.33,529
1779432600,98.33,98.37,98.25,98.35,256
1779432900,98.34,98.34,97.96,98,457
1779433200,97.97,98.25,97.94,98.15,370
1779433500,98.14,98.17,98.04,98.07,204
1779433800,98.06,98.53,98.05,98.52,450
1779434100,98.51,98.58,98.18,98.19,593
1779434400,98.19,98.21,97.99,98.04,472
1779434700,98.05,98.2,97.98,98.14,317
1779435000,98.16,98.8,98.12,98.68,1030
1779435300,98.68,98.8,98.6,98.75,596
1779435600,98.77,98.87,98.57,98.63,616
1779435900,98.6,98.94,98.59,98.67,514
1779436200,98.7,98.79,98.62,98.7,308
1779436500,98.7,98.82,98.44,98.46,556
1779436800,98.47,98.52,98.26,98.39,756
1779437100,98.4,98.71,98.36,98.47,683
1779437400,98.48,98.69,98.47,98.56,340
1779437700,98.54,98.54,98.06,98.43,1057
1779438000,98.4,98.73,98.25,98.61,681
1779438300,98.59,98.67,98.37,98.38,588
1779438600,98.4,99.39,98.34,99.18,1198
1779438900,99.17,99.43,98.56,98.8,1608
1779439200,98.77,98.93,98.66,98.88,720
1779439500,98.87,98.88,98.7,98.76,345
1779439800,98.78,98.82,98.27,98.33,841
1779440100,98.33,98.74,98.32,98.69,566
1779440400,98.71,99.05,98.68,98.96,768
1779440700,98.95,99.08,98.87,98.88,343
1779441000,98.88,99.04,98.86,98.98,248
1779441300,98.99,99.08,98.86,99.03,295
1779441600,99.01,99.03,98.78,98.89,334
1779441900,98.91,98.97,98.78,98.78,256
1779442200,98.8,98.86,98.49,98.57,631
1779442500,98.52,98.52,97.9,98.1,1229
1779442800,98.12,98.42,98.12,98.39,584
1779443100,98.39,98.64,98.37,98.56,445
1779443400,98.57,98.57,98.36,98.44,355
1779443700,98.45,98.68,98.33,98.51,440
1779444000,98.5,98.5,98.28,98.37,360
1779444300,98.36,98.36,97.98,98.06,586
1779444600,98.06,98.08,97.68,98.07,855
1779444900,98.07,98.3,98.04,98.22,590
1779445200,98.21,98.35,98.2,98.29,335
1779445500,98.31,98.53,98.26,98.49,388
1779445800,98.47,98.78,98.46,98.67,825
1779446100,98.68,98.68,98.3,98.32,562
1779446400,98.34,98.36,98.23,98.3,363
1779446700,98.29,98.37,98.09,98.13,363
1779447000,98.1,98.29,98.07,98.26,300
1779447300,98.29,98.41,98.24,98.3,431
1779447600,98.32,98.36,98.13,98.28,313
1779447900,98.25,98.52,98.23,98.41,368
1779448200,98.42,98.52,98.35,98.49,231
1779448500,98.5,98.55,98.4,98.5,212
1779448800,98.51,98.66,98.45,98.6,290
1779449100,98.59,98.62,98.49,98.6,215
1779449400,98.56,98.66,98.46,98.48,306
1779449700,98.5,98.5,98.12,98.17,631
1779450000,98.17,98.24,97.63,97.71,1111
1779450300,97.72,97.73,97.09,97.58,1953
1779450600,97.57,97.91,97.57,97.67,978
1779450900,97.66,97.7,97.5,97.53,404
1779451200,97.55,97.79,97.41,97.65,1168
1779451500,97.66,97.69,97.42,97.51,548
1779451800,97.49,97.52,96.03,96.14,3669
1779452100,96.16,96.77,95.65,95.98,6231
1779452400,95.96,96.5,95.94,96.12,2558
1779452700,96.09,96.89,96.05,96.64,2375
1779453000,96.6,96.67,96.3,96.49,1063
1779453300,96.5,96.69,96.48,96.52,900
1779453600,96.5,96.96,96.46,96.73,1087
1779453900,96.71,96.83,96.4,96.45,1064
1779454200,96.43,96.71,96.35,96.45,926
1779454500,96.42,96.63,96.18,96.2,780
1779454800,96.22,96.89,96.08,96.75,1869
1779455100,96.73,96.82,95.94,96.02,1384
1779455400,96,96.31,95.46,96.16,5648
1779455700,96.18,96.24,95.86,96.08,2350
1779456000,96.08,96.31,95.93,96.28,1169
1779456300,96.27,96.59,96.22,96.55,1141
1779456600,96.59,97.36,96.37,96.84,2503
1779456900,96.84,96.88,96.52,96.7,1635
1779457200,96.71,97.65,96.7,97.25,3309
1779457500,97.27,97.73,97.12,97.71,2021
1779457800,97.74,98.06,97.71,97.98,2697
1779458100,97.98,98.1,97.73,97.76,1566
1779458400,97.77,98.18,97.77,97.92,1665
1779458700,97.91,98.14,97.66,97.75,1242
1779459000,97.74,98,97.64,97.85,1113
1779459300,97.85,97.85,97.51,97.67,1108
1779459600,97.67,97.8,97.63,97.69,681
1779459900,97.68,97.74,97.46,97.55,912
1779460200,97.55,97.59,97.37,97.4,765
1779460500,97.4,97.75,97.25,97.7,1005
1779460800,97.72,97.78,97.52,97.54,666
1779461100,97.54,97.56,97.33,97.49,715
1779461400,97.5,97.63,97.48,97.53,518
1779461700,97.55,97.64,97.48,97.59,401
1779462000,97.57,97.96,97.56,97.7,1113
1779462300,97.71,97.92,97.41,97.85,1103
1779462600,97.8,97.9,97.66,97.72,606
1779462900,97.72,97.78,97.62,97.66,513
1779463200,97.65,97.81,97.6,97.71,387
1779463500,97.72,97.83,97.42,97.43,796
1779463800,97.45,97.48,97,97.19,2270
1779464100,97.2,97.26,97.05,97.06,851
1779464400,97.05,97.11,96.9,96.93,922
1779464700,96.92,97.05,96.8,97.03,884
1779465000,97,97.01,96.82,96.88,546
1779465300,96.87,97.1,96.81,97.06,761
1779465600,97.05,97.4,96.98,97.1,1604
1779465900,97.09,97.36,97.04,97.3,792
1779466200,97.29,97.31,96.92,97.01,721
1779466500,97.03,97.33,97.02,97.25,1038
1779466800,97.27,97.27,97.06,97.08,345
1779467100,97.1,97.18,96.85,96.89,879
1779467400,96.88,96.9,96.53,96.86,1774
1779467700,96.86,96.99,96.79,96.89,837
1779468000,96.9,96.93,96.76,96.87,341
1779468300,96.85,96.86,96.64,96.83,614
1779468600,96.84,97.03,96.75,96.94,625
1779468900,96.94,97.22,96.84,96.86,1081
1779469200,96.83,96.83,96.37,96.44,1382
1779469500,96.42,96.45,96.27,96.36,759
1779469800,96.35,96.63,96.3,96.57,914
1779470100,96.55,97.08,96.35,96.98,1099
1779470400,96.95,97.23,96.8,96.99,1736
1779470700,96.98,97.06,94.73,94.99,3802
1779471000,94.96,95.91,94.8,95.89,5489
1779471300,95.87,96,95.3,95.46,2710
1779471600,95.44,95.75,95.34,95.7,1291
1779471900,95.7,95.89,95.59,95.83,1056
1779472200,95.83,96.09,95.81,96.06,1276
1779472500,96.05,96.27,95.86,96.07,1553
1779472800,96.07,96.68,95.99,96.34,1726
1779473100,96.37,96.47,96.08,96.38,1108
1779473400,96.38,96.57,96.3,96.46,833
1779473700,96.48,96.61,96.28,96.54,1013
1779474000,96.53,96.61,96.34,96.47,760
1779474300,96.48,96.75,96.15,96.75,1409
1779474600,96.75,96.76,96.45,96.51,598
1779474900,96.51,96.65,96.15,96.37,969
1779475200,96.37,96.56,96.21,96.33,757
1779475500,96.32,96.5,96.22,96.37,556
1779475800,96.36,96.36,96.04,96.11,455
1779476100,96.11,96.25,95.99,96.24,407
1779476400,96.23,96.81,96.18,96.59,1561
1779476700,96.61,96.75,96.58,96.72,641
1779477000,96.72,96.95,96.7,96.81,621
1779477300,96.8,96.81,96.58,96.58,400
1779477600,96.59,96.73,96.59,96.64,287
1779477900,96.65,96.86,96.65,96.83,359
1779478200,96.82,96.94,96.8,96.82,464
1779478500,96.82,96.82,96.68,96.71,358
1779478800,96.72,96.77,96.51,96.59,519
1779479100,96.58,96.67,96.55,96.62,495
1779479400,96.63,96.73,96.41,96.45,509
1779479700,96.47,96.47,96.09,96.25,1452
1779480000,96.23,96.48,96.15,96.48,702
1779480300,96.47,96.49,96.27,96.39,354
1779480600,96.42,96.42,96.15,96.26,420
1779480900,96.24,96.28,95.99,96.17,634
1779481200,96.18,96.22,96.05,96.09,296
1779481500,96.1,96.22,96.08,96.21,260
1779481800,96.21,96.65,96.09,96.43,1640
1779482100,96.42,96.6,96.28,96.59,499
1779482400,96.6,97.26,96.59,97.15,1124
1779482700,97.15,97.18,96.77,96.84,614
1779483000,96.84,97.1,96.7,96.93,683
1779483300,96.92,97.15,96.82,97,877
1779660000,94,94.01,92.01,92.16,4508
1779660300,92.15,92.27,91.51,91.56,2516
1779660600,91.59,92.11,91.37,92.02,2558
1779660900,92.02,92.09,91.85,91.91,1131
1779661200,91.89,92.04,91.85,91.99,582
1779661500,91.99,92.14,91.96,92.14,591
1779661800,92.1,92.23,91.92,92.07,1080
1779662100,92.07,92.15,92.03,92.05,462
1779662400,92.04,92.08,91.57,91.61,1055
1779662700,91.63,91.63,91.17,91.41,1375
1779663000,91.39,91.57,91.34,91.53,610
1779663300,91.5,91.62,91.47,91.55,445
1779663600,91.54,91.54,91.3,91.46,545
1779663900,91.43,91.67,91.37,91.6,623
1779664200,91.59,91.68,91.53,91.64,428
1779664500,91.63,91.79,91.57,91.73,410
1779664800,91.73,91.85,91.61,91.79,416
1779665100,91.8,91.82,91.75,91.77,194
1779665400,91.78,91.81,91.69,91.72,327
1779665700,91.71,91.74,91.5,91.5,481
1779666000,91.51,91.69,91.42,91.67,521
1779666300,91.69,91.83,91.67,91.77,505
1779666600,91.78,91.91,91.68,91.88,495
1779666900,91.87,92.18,91.86,92.12,954
1779667200,92.12,92.29,91.97,92.21,1011
1779667500,92.24,92.27,91.95,92.08,599
1779667800,92.05,92.2,92.01,92.18,423
1779668100,92.19,92.2,91.99,92.05,300
1779668400,92.05,92.12,91.86,91.88,451
1779668700,91.87,92.12,91.86,92.02,492
1779669000,92.01,92.05,91.86,92.04,429
1779669300,92.05,92.08,91.94,92.03,376
1779669600,92.04,92.22,92,92.09,551
1779669900,92.09,92.12,90.87,91.23,2054
1779670200,91.24,91.61,91.1,91.6,1268
1779670500,91.59,91.95,91.59,91.92,843
1779670800,91.93,92.16,91.71,92.07,1242
1779671100,92.08,92.39,91.96,92.08,1345
1779671400,92.07,92.34,92.04,92.26,801
1779671700,92.27,92.36,92.22,92.25,602
1779672000,92.24,92.31,92.11,92.3,710
1779672300,92.31,92.36,92.24,92.29,478
1779672600,92.28,92.45,92.21,92.37,624
1779672900,92.37,92.46,92.35,92.44,396
1779673200,92.45,92.54,92.41,92.46,507
1779673500,92.48,92.53,92.4,92.4,414
1779673800,92.42,92.42,92.24,92.32,523
1779674100,92.3,92.5,92.26,92.4,440
1779674400,92.41,92.55,92.4,92.51,311
1779674700,92.53,92.53,92.1,92.15,648
1779675000,92.14,92.23,92.1,92.12,443
1779675300,92.12,92.27,92.11,92.18,386
1779675600,92.21,92.23,92.05,92.05,309
1779675900,92.06,92.19,92.05,92.11,247
1779676200,92.13,92.16,92.01,92.06,334
1779676500,92.07,92.07,91.91,92.01,510
1779676800,92,92.08,91.85,91.89,458
1779677100,91.89,91.98,91.82,91.96,415
1779677400,91.95,92.05,91.92,91.99,262
1779677700,91.98,91.98,91.7,91.74,593
1779678000,91.72,91.76,91.58,91.76,566
1779678300,91.73,91.79,91.27,91.41,1208
1779678600,91.4,91.46,91.22,91.41,958
1779678900,91.39,91.42,91.14,91.3,852
1779679200,91.3,91.3,90.78,90.92,2146
1779679500,90.9,90.98,90.68,90.83,1507
1779679800,90.79,90.81,90.4,90.68,1862
1779680100,90.69,90.94,90.32,90.93,1329
1779680400,90.92,91.02,90.84,90.95,603
1779680700,90.95,91.17,90.89,91.17,688
1779681000,91.17,91.23,90.99,91.1,502
1779681300,91.08,91.08,90.82,90.94,526
1779681600,90.95,91.04,90.94,91.04,272
1779681900,91.04,91.18,91.02,91.14,324
1779682200,91.15,91.28,91.07,91.25,426
1779682500,91.24,91.29,91.11,91.16,366
1779682800,91.17,91.2,90.98,91.06,283
1779683100,91.1,91.1,90.99,91.03,204
1779683400,91.02,91.17,90.99,91.08,244
1779683700,91.09,91.14,91.03,91.12,125
1779684000,91.12,91.14,91.04,91.05,146
1779684300,91.05,91.15,90.9,90.91,392
1779684600,90.9,90.96,90.85,90.88,332
1779684900,90.87,90.99,90.87,90.99,195
1779685200,91.01,91.04,90.82,90.86,282
1779685500,90.88,90.9,90.78,90.84,633
1779685800,90.81,90.81,90.6,90.75,799
1779686100,90.76,90.86,90.68,90.72,270
1779686400,90.7,90.77,90.59,90.7,393
1779686700,90.68,90.89,90.67,90.88,359
1779687000,90.9,90.98,90.79,90.85,591
1779687300,90.84,90.94,90.76,90.88,285
1779687600,90.88,91.02,90.87,90.9,318
1779687900,90.91,91.02,90.8,90.99,308
1779688200,90.98,91.01,90.81,90.84,331
1779688500,90.83,91.06,90.82,90.98,311
1779688800,90.99,91.13,90.87,91.11,402
1779689100,91.11,91.31,91.09,91.21,653
1779689400,91.2,91.28,91.11,91.25,334
1779689700,91.25,91.3,91.19,91.29,213
1779690000,91.3,91.4,91.2,91.21,393
1779690300,91.21,91.28,91.2,91.25,179
1779690600,91.26,91.58,91.26,91.52,669
1779690900,91.53,91.55,91.43,91.46,386
1779691200,91.47,91.55,91.41,91.51,304
1779691500,91.51,91.6,91.44,91.57,313
1779691800,91.57,91.61,91.52,91.55,214
1779692100,91.55,91.56,91.36,91.43,479
1779692400,91.4,91.51,91.23,91.35,553
1779692700,91.36,91.4,91.27,91.33,282
1779693000,91.34,91.95,91.33,91.89,854
1779693300,91.91,92.55,91.8,92.52,2464
1779693600,92.53,92.69,92.23,92.37,1542
1779693900,92.37,92.44,92.14,92.41,550
1779694200,92.38,92.61,91.61,92.03,1718
1779694500,92.05,92.2,91.93,92.07,479
1779694800,92.08,92.13,91.78,91.93,467
1779695100,91.94,92.07,91.75,91.78,493
1779695400,91.78,91.9,91.68,91.78,399
1779695700,91.78,91.78,91.6,91.75,360
1779696000,91.74,91.82,91.62,91.77,343
1779696300,91.77,91.88,91.65,91.74,354
1779696600,91.74,91.97,91.69,91.93,294
1779696900,91.95,92.29,91.92,92.22,621
1779697200,92.23,92.41,92.16,92.34,475
1779697500,92.35,92.47,92.22,92.43,620
1779697800,92.4,92.53,92.06,92.18,815
1779698100,92.2,92.32,92.1,92.1,331
1779698400,92.1,92.15,91.98,92.07,401
1779698700,92.09,92.13,91.85,91.85,368
1779699000,91.86,91.86,91.67,91.78,540
1779699300,91.78,91.9,91.73,91.76,415
1779699600,91.75,91.78,91.5,91.64,631
1779699900,91.65,91.7,91.56,91.63,256
1779700200,91.64,91.64,91.47,91.55,380
1779700500,91.58,91.67,91.5,91.63,276
1779700800,91.63,91.86,91.57,91.83,374
1779701100,91.83,91.86,91.75,91.83,179
1779701400,91.82,91.84,91.47,91.53,379
1779701700,91.53,91.53,91.25,91.27,604
1779702000,91.3,91.3,91.14,91.18,447
1779702300,91.18,91.29,91.11,91.11,463
1779702600,91.13,91.2,91.06,91.13,359
1779702900,91.11,91.28,91.03,91.24,393
1779703200,91.23,91.29,91.11,91.26,269
1779703500,91.29,91.36,91.23,91.29,364
1779703800,91.27,91.27,91.06,91.11,388
1779704100,91.1,91.12,90.72,90.87,1104
1779704400,90.9,91.13,90.9,91.04,461
1779704700,91.05,91.26,91.05,91.18,433
1779705000,91.17,91.3,91.06,91.08,405
1779705300,91.08,91.13,91,91.08,237
1779705600,91.08,91.08,90.86,90.9,323
1779705900,90.9,91.05,90.89,90.99,289
1779706200,90.99,91.03,90.8,90.9,282
1779706500,90.9,90.98,90.84,90.9,263
1779706800,90.93,91.26,90.93,91.24,888
1779707100,91.22,91.42,91,91.02,668
1779707400,91.02,91.02,90.78,90.9,592
1779707700,90.88,90.91,90.67,90.77,475
1779708000,90.78,91.04,90.77,90.94,527
1779708300,90.95,91.33,90.95,91.24,720
1779708600,91.23,91.26,90.76,90.93,983
1779708900,90.93,91.05,90.85,90.87,305
1779709200,90.88,90.95,90.78,90.79,350
1779709500,90.79,90.83,90.56,90.74,1150
1779709800,90.77,90.87,90.55,90.83,708
1779710100,90.83,91,90.8,90.9,500
1779710400,90.91,91.09,90.83,90.95,381
1779710700,90.95,91.04,90.85,90.93,303
1779711000,90.93,90.93,90.62,90.79,463
1779711300,90.78,90.88,90.75,90.85,285
1779711600,90.87,91.02,90.33,90.63,1450
1779711900,90.62,90.96,90.54,90.93,884
1779712200,90.9,91.13,90.85,91.12,576
1779712500,91.13,91.26,91.03,91.03,758
1779712800,91.02,91.15,91.01,91.14,279
1779713100,91.12,91.55,91.11,91.31,1502
1779713400,91.29,91.43,91.25,91.39,423
1779713700,91.38,91.56,91.36,91.49,684
1779714000,91.5,91.86,91.5,91.66,1292
1779714300,91.67,91.69,91.49,91.57,659
1779714600,91.57,91.7,91.4,91.66,654
1779714900,91.66,91.8,91.63,91.63,605
1779715200,91.66,91.84,91.62,91.78,456
1779715500,91.79,91.8,91.64,91.73,438
1779715800,91.73,91.73,91.43,91.55,810
1779716100,91.53,91.8,91.49,91.69,608
1779716400,91.68,91.7,91.58,91.67,307
1779716700,91.65,91.83,91.63,91.75,448
1779717000,91.72,91.88,91.53,91.55,950
1779717300,91.55,91.59,91.3,91.4,949
1779717600,91.39,91.51,91.2,91.26,917
1779717900,91.24,91.51,91.22,91.46,721
1779718200,91.48,91.51,91.44,91.5,357
1779718500,91.5,91.51,91.14,91.2,821
1779718800,91.21,91.22,90.89,91.05,1206
1779719100,91.04,91.1,90.97,91,557
1779719400,90.98,91.41,90.97,91.26,953
1779719700,91.25,91.35,91.24,91.28,421
1779720000,91.27,91.4,91.27,91.3,345
1779720300,91.31,91.36,91.05,91.14,910
1779720600,91.12,91.4,91.07,91.4,582
1779720900,91.38,91.52,91.34,91.45,1237
1779721200,91.44,91.67,91.41,91.65,695
1779721500,91.63,91.81,91.62,91.64,836
1779721800,91.64,91.69,90.43,90.87,4997
1779722100,90.88,91,90.69,90.74,1345
1779722400,90.74,90.99,90.6,90.95,1216
1779722700,90.98,91.17,90.61,90.9,1766
1779723000,90.92,91.05,90.84,90.96,644
1779723300,90.93,91.08,90.81,90.93,641
1779723600,90.91,91.05,90.89,91,391
1779723900,91.02,91.08,90.87,90.96,248
1779724200,90.97,91.06,90.94,91,314
1779724500,91,91.11,90.91,91.09,282
1779724800,91.08,91.54,91.08,91.49,1133
1779725100,91.51,91.59,91.3,91.34,783
1779725400,91.35,91.42,91.13,91.14,528
1779725700,91.16,91.4,91.11,91.37,447
1779726000,91.38,91.41,91.18,91.26,313
1779726300,91.27,91.36,91.22,91.27,296
1779726600,91.28,91.32,90.93,90.98,639
1779726900,91,91.1,90.96,91.04,216
1779727200,91.06,91.13,90.77,90.82,510
1779727500,90.79,90.83,90.46,90.49,1207
1779727800,90.48,90.55,90.11,90.5,3134
1779728100,90.46,90.51,89.75,89.84,2786
1779728400,89.87,89.89,89.42,89.77,2019
1779728700,89.74,89.87,89.5,89.65,1506
1779729000,89.66,90.06,89.65,90,992
1779729300,90,90.04,89.86,89.96,463
1779729600,89.96,89.97,89.8,89.87,426
1779729900,89.88,90,89.62,89.87,1323
1779730200,89.89,90.29,89.89,90.2,1015
1779730500,90.21,90.23,90.03,90.17,344
1779730800,90.16,90.25,90.14,90.17,278
1779731100,90.15,90.45,90.14,90.4,629
1779731400,90.41,90.45,90.29,90.34,514
1779731700,90.35,90.4,90.2,90.32,358
1779732000,90.32,90.35,90.14,90.2,372
1779732300,90.23,90.43,90.19,90.34,303
1779732600,90.36,90.42,90.26,90.31,173
1779732900,90.32,90.34,90.25,90.31,186
1779733200,90.29,90.41,90.27,90.32,180
1779733500,90.31,90.41,90.22,90.31,258
1779746400,90.93,91.23,90.58,90.67,2851
1779746700,90.67,90.88,90.56,90.65,790
1779747000,90.66,90.71,90.35,90.62,1030
1779747300,90.6,90.67,90.55,90.57,170
1779747600,90.58,90.59,90.38,90.5,317
1779747900,90.52,90.69,90.52,90.56,272
1779748200,90.55,90.62,90.42,90.51,389
1779748500,90.52,90.6,90.42,90.49,234
1779748800,90.49,90.6,90.39,90.46,169
1779749100,90.47,90.59,90.47,90.56,65
1779749400,90.56,90.58,90.46,90.54,149
1779749700,90.55,90.81,90.48,90.8,575
1779750000,90.78,90.89,90.61,90.81,529
1779750300,90.78,91,90.76,90.97,394
1779750600,90.98,91.06,90.82,90.82,510
1779750900,90.81,90.99,90.8,90.97,244
1779751200,90.97,90.98,90.88,90.92,289
1779751500,90.9,90.97,90.82,90.96,226
1779751800,90.91,91.04,90.9,91.02,304
1779752100,91.01,91.05,90.95,91.02,277
1779752400,91.03,91.15,91.01,91.07,323
1779752700,91.07,91.09,91,91.03,209
1779753000,91.02,91.05,90.83,90.87,292
1779753300,90.89,90.98,90.86,90.93,196
1779753600,90.94,91.59,90.91,91.25,1854
1779753900,91.26,91.54,91.15,91.5,663
1779754200,91.49,91.59,91.29,91.35,629
1779754500,91.35,91.48,91.18,91.43,584
1779754800,91.38,91.43,91.27,91.4,314
1779755100,91.41,91.43,91.21,91.27,324
1779755400,91.29,91.31,91.06,91.1,512
1779755700,91.09,91.19,91.06,91.14,346
1779756000,91.13,91.31,91.09,91.23,366
1779756300,91.24,91.45,91.2,91.45,431
1779756600,91.45,91.58,91.37,91.44,595
1779756900,91.43,91.49,91.37,91.47,325
1779757200,91.48,91.87,91.36,91.86,1355
1779757500,91.85,91.87,91.73,91.8,678
1779757800,91.79,91.86,91.71,91.75,382
1779758100,91.75,91.86,91.74,91.78,256
1779758400,91.78,91.9,91.74,91.88,419
1779758700,91.86,91.99,91.8,91.92,841
1779759000,91.92,92.06,91.92,91.96,756
1779759300,91.96,92.03,91.89,91.99,590
1779759600,91.98,92.03,91.93,91.99,353
1779759900,91.97,92.04,91.92,92,347
1779760200,91.99,92.01,91.82,91.86,526
1779760500,91.88,91.89,91.74,91.85,621
1779760800,91.85,91.95,91.67,91.74,443
1779761100,91.74,91.8,91.71,91.74,217
1779761400,91.75,91.81,91.67,91.78,225
1779761700,91.78,91.8,91.7,91.75,99
1779762000,91.76,91.78,91.69,91.73,339
1779762300,91.76,91.79,91.71,91.73,156
1779762600,91.71,91.76,91.56,91.58,529
1779762900,91.58,91.64,91.39,91.47,733
1779763200,91.45,91.74,91.45,91.7,449
1779763500,91.68,91.69,91.55,91.58,280
1779763800,91.59,91.61,91.51,91.61,222
1779764100,91.6,91.63,91.56,91.57,124
1779764400,91.58,91.58,91.45,91.5,240
1779764700,91.5,91.58,91.46,91.56,186
1779765000,91.58,91.61,91.54,91.57,115
1779765300,91.58,91.64,91.51,91.52,222
1779765600,91.51,91.51,91.44,91.48,201
1779765900,91.49,91.54,91.4,91.48,196
1779766200,91.48,91.51,91.43,91.46,89
1779766500,91.45,91.52,91.44,91.5,88
1779766800,91.5,91.55,91.47,91.52,117
1779767100,91.51,91.65,91.51,91.62,320
1779767400,91.62,91.72,91.6,91.7,218
1779767700,91.7,91.7,91.62,91.67,87
1779768000,91.63,91.83,91.56,91.79,284
1779768300,91.8,91.89,91.76,91.76,255
1779768600,91.77,91.78,91.73,91.77,93
1779768900,91.75,91.82,91.75,91.82,123
1779769200,91.82,91.88,91.79,91.82,226
1779769500,91.83,91.9,91.81,91.82,134
1779769800,91.85,91.88,91.8,91.81,98
1779770100,91.81,91.83,91.68,91.75,409
1779770400,91.75,91.89,91.72,91.84,189
1779770700,91.85,92.04,91.85,91.97,548
1779771000,91.99,92.04,91.95,92,165
1779771300,92,92.15,91.97,92.03,559
1779771600,92.02,92.34,91.98,92.29,809
1779771900,92.28,92.42,92.23,92.37,580
1779772200,92.38,92.55,92.34,92.46,662
1779772500,92.46,92.46,92.1,92.15,742
1779772800,92.15,92.22,92.09,92.13,250
1779773100,92.12,92.12,92.01,92.04,420
1779773400,92.05,92.11,91.79,91.98,763
1779773700,92,92.02,91.91,91.94,263
1779774000,91.95,92.02,91.95,91.99,201
1779774300,92.01,92.17,92,92.15,411
1779774600,92.16,92.21,92.06,92.08,449
1779774900,92.07,92.11,91.87,91.88,354
1779775200,91.89,91.95,91.72,91.78,601
1779775500,91.77,91.83,91.67,91.71,348
1779775800,91.75,91.77,91.61,91.68,326
1779776100,91.7,91.75,91.67,91.69,277
1779776400,91.7,91.72,91.62,91.64,230
1779776700,91.64,92.32,91.56,91.97,1298
1779777000,91.94,92.19,91.87,91.93,505
1779777300,91.94,91.96,91.61,91.66,614
1779777600,91.66,91.75,91.62,91.69,361
1779777900,91.68,91.79,91.6,91.6,242
1779778200,91.61,91.61,91.36,91.52,857
1779778500,91.52,91.73,91.49,91.67,403
1779778800,91.64,92.22,91.53,92.2,1125
1779779100,92.22,92.5,92.06,92.39,1623
1779779400,92.4,92.59,92.21,92.44,1261
1779779700,92.44,92.75,92.42,92.58,1155
1779780000,92.58,92.59,92.31,92.35,565
1779780300,92.35,92.42,92.23,92.3,626
1779780600,92.32,92.74,92.25,92.65,1023
1779780900,92.66,92.95,92.66,92.9,1168
1779781200,92.9,92.91,92.62,92.65,606
1779781500,92.65,92.67,92.39,92.47,878
1779781800,92.48,92.72,92.4,92.72,539
1779782100,92.72,92.79,92.47,92.47,644
1779782400,92.46,92.69,92.33,92.47,829
1779782700,92.46,92.6,92.37,92.53,421
1779783000,92.52,92.73,92.38,92.71,539
1779783300,92.71,92.79,92.55,92.69,423
1779783600,92.68,92.8,92.66,92.72,514
1779783900,92.71,92.85,92.55,92.76,683
1779784200,92.77,93.17,92.69,93.09,1160
1779784500,93.09,93.29,93.01,93.08,969
1779784800,93.07,93.36,93.04,93.36,903
1779785100,93.35,93.55,93.28,93.52,1090
1779785400,93.53,93.6,93.27,93.33,784
1779785700,93.34,93.41,93.16,93.21,548
1779786000,93.21,93.28,92.81,92.82,997
1779786300,92.81,93.14,92.78,93.03,689
1779786600,93.04,93.12,92.97,93.07,290
1779786900,93.1,93.12,92.68,92.8,994
1779787200,92.84,93.3,92.74,93.17,627
1779787500,93.15,93.23,92.98,93.02,408
1779787800,93.02,93.05,92.77,92.85,557
1779788100,92.86,93.06,92.78,92.98,405
1779788400,92.98,93.07,92.87,93.05,339
1779788700,93.05,93.12,92.89,92.94,286
1779789000,92.92,92.93,92.66,92.69,486
1779789300,92.68,92.71,92.51,92.62,708
1779789600,92.62,92.75,92.37,92.48,919
1779789900,92.48,92.52,92.38,92.43,462
1779790200,92.41,92.46,92.19,92.23,842
1779790500,92.22,92.45,92.19,92.23,624
1779790800,92.23,92.4,92.16,92.34,513
1779791100,92.34,92.37,91.78,91.86,1632
1779791400,91.85,92.06,91.5,91.7,2013
1779791700,91.73,92.04,91.6,91.92,890
1779792000,91.9,92.12,91.79,91.93,564
1779792300,91.93,92.09,91.9,91.94,372
1779792600,91.91,91.99,91.85,91.97,429
1779792900,91.95,92.01,91.88,92.01,317
1779793200,92.02,92.16,91.98,92.08,583
1779793500,92.06,92.17,92.01,92.12,414
1779793800,92.12,92.41,92.11,92.41,620
1779794100,92.42,92.47,92.23,92.3,610
1779794400,92.3,92.41,92.16,92.28,622
1779794700,92.27,92.5,92.24,92.44,439
1779795000,92.43,92.75,92.15,92.52,999
1779795300,92.5,92.89,92.43,92.58,1056
1779795600,92.59,92.67,92.43,92.56,664
1779795900,92.61,92.72,92.49,92.6,356
1779796200,92.6,92.72,92.55,92.71,281
1779796500,92.72,92.78,92.63,92.69,345
1779796800,92.7,92.92,92.7,92.92,607
1779797100,92.91,93.36,92.66,92.79,2253
1779797400,92.8,92.94,92.53,92.66,1018
1779797700,92.66,92.73,92.48,92.5,595
1779798000,92.53,92.68,92.41,92.61,701
1779798300,92.61,92.79,92.56,92.72,490
1779798600,92.74,92.95,92.73,92.79,651
1779798900,92.8,93.02,92.69,92.97,655
1779799200,92.96,92.99,92.82,92.96,465
1779799500,92.94,92.94,92.62,92.64,689
1779799800,92.63,92.71,92.47,92.61,683
1779800100,92.62,92.81,92.5,92.8,826
1779800400,92.82,92.85,92.54,92.72,876
1779800700,92.71,92.92,92.68,92.91,487
1779801000,92.91,92.96,92.74,92.81,690
1779801300,92.79,93,92.67,93,756
1779801600,92.99,92.99,92.77,92.85,564
1779801900,92.86,93.06,92.86,93.06,701
1779802200,93.06,93.17,92.79,93.11,1167
1779802500,93.11,93.14,92.92,93.11,944
1779802800,93.1,93.21,93.05,93.14,810
1779803100,93.11,93.36,93.02,93.36,986
1779803400,93.35,94.5,93.35,94.13,6173
1779803700,94.13,94.23,93.86,94.18,2578
1779804000,94.16,94.43,94,94.08,1917
1779804300,94.07,94.12,93.52,93.81,2992
1779804600,93.81,94.03,93.72,93.82,1232
1779804900,93.81,94.11,93.75,93.94,1393
1779805200,93.95,93.99,93.76,93.82,704
1779805500,93.81,93.94,93.71,93.81,663
1779805800,93.82,93.86,93.47,93.62,1774
1779806100,93.63,93.7,93.15,93.66,2469
1779806400,93.67,93.82,93.48,93.75,1271
1779806700,93.76,93.84,93.53,93.63,1059
1779807000,93.62,94.12,93.62,94.1,1298
1779807300,94.12,94.39,94.09,94.17,1706
1779807600,94.19,94.47,94.15,94.3,1400
1779807900,94.32,94.44,94.16,94.36,1280
1779808200,94.35,94.39,94.14,94.27,880
1779808500,94.26,94.43,94.1,94.22,862
1779808800,94.2,94.36,94.13,94.33,641
1779809100,94.33,94.69,94.23,94.64,1831
1779809400,94.62,94.63,94.19,94.25,1503
1779809700,94.27,94.48,94.19,94.21,775
1779810000,94.21,94.26,94.04,94.08,1262
1779810300,94.08,94.09,93.83,93.83,1372
1779810600,93.84,93.97,93.8,93.9,786
1779810900,93.9,94.08,93.84,93.9,791
1779811200,93.9,94.07,93.85,93.93,655
1779811500,93.93,94.09,93.87,94,547
1779811800,94,94.32,93.99,94.32,714
1779812100,94.3,94.36,94.07,94.09,726
1779812400,94.08,94.26,94.07,94.21,467
1779812700,94.21,94.25,93.94,94.06,652
1779813000,94.06,94.14,93.71,93.79,1391
1779813300,93.77,94.04,93.74,93.99,652
1779813600,93.98,94.19,93.94,94.14,462
1779813900,94.14,94.31,94.06,94.3,367
1779814200,94.3,94.32,94.15,94.18,343
1779814500,94.18,94.19,94.02,94.02,388
1779814800,94.03,94.09,93.88,93.94,468
1779815100,93.94,94.05,93.85,94,520
1779815400,93.98,94.04,93.93,93.98,303
1779815700,93.97,94.15,93.95,94,453
1779816000,93.99,94.02,93.81,93.97,550
1779816300,93.96,94.11,93.93,94.06,382
1779816600,94.06,94.13,93.85,93.86,403
1779816900,93.86,93.94,93.78,93.83,598
1779817200,93.84,93.93,93.53,93.62,769
1779817500,93.6,93.87,93.56,93.87,697
1779817800,93.85,93.97,93.78,93.82,416
1779818100,93.8,93.87,93.74,93.75,356
1779818400,93.75,94.1,93.74,94,843
1779818700,93.98,93.99,93.7,93.78,488
1779819000,93.77,93.9,93.71,93.82,564
1779819300,93.8,93.83,93.55,93.67,871
1779819600,93.69,94,93.65,93.81,1057
1779819900,93.84,93.97,93.71,93.87,1254
1779820200,93.89,94.03,93.85,93.94,600
1779820500,93.93,94.06,93.77,93.77,847
1779820800,93.79,93.88,93.71,93.86,400
1779821100,93.85,93.88,93.81,93.82,115
1779821400,93.81,93.81,93.41,93.6,1255
1779821700,93.59,93.72,93.53,93.69,510
1779822000,93.69,93.87,93.69,93.82,500
1779822300,93.79,93.84,93.72,93.8,276
1779822600,93.8,94.04,93.75,93.96,566
1779822900,93.93,93.98,93.86,93.93,250
1779823200,93.93,94.05,93.87,93.87,285
1779823500,93.87,94,93.87,93.96,148
1779823800,93.96,94.01,93.78,93.79,237
1779824100,93.81,93.81,93.66,93.77,446
1779824400,93.75,93.9,93.75,93.89,203
1779824700,93.88,93.94,93.63,93.66,536
1779825000,93.63,93.74,93.63,93.74,256
1779825300,93.72,93.74,93.52,93.52,388
1779825600,93.51,93.52,93.2,93.45,1102
1779825900,93.45,93.66,93.44,93.63,430
1779826200,93.67,93.72,93.58,93.65,258
1779826500,93.64,93.67,93.54,93.62,146
1779826800,93.63,93.72,93.6,93.71,183
1779827100,93.73,93.73,93.65,93.7,175
1779827400,93.69,93.82,93.69,93.7,220
1779827700,93.72,93.86,93.68,93.79,239
1779828000,93.81,93.84,93.62,93.65,188
1779828300,93.63,93.65,93.57,93.62,217
1779828600,93.62,93.63,93.48,93.53,238
1779828900,93.53,93.63,93.51,93.61,238
1779832800,93.56,93.62,93.25,93.36,372
1779833100,93.37,93.46,93.31,93.42,215
1779833400,93.45,93.49,93.36,93.48,137
1779833700,93.49,93.49,93.39,93.47,92
1779834000,93.48,93.64,93.48,93.6,273
1779834300,93.61,93.7,93.61,93.66,168
1779834600,93.67,93.67,93.54,93.56,164
1779834900,93.56,93.6,93.55,93.58,69
1779835200,93.59,93.62,93.55,93.59,72
1779835500,93.56,93.61,93.56,93.59,34
1779835800,93.59,93.61,93.55,93.61,77
1779836100,93.62,93.67,93.54,93.59,126
1779836400,93.59,93.6,93.55,93.58,64
1779836700,93.56,93.61,93.55,93.59,144
1779837000,93.59,93.62,93.58,93.59,38
1779837300,93.59,93.61,93.46,93.49,212
1779837600,93.49,93.5,93.33,93.34,287
1779837900,93.34,93.39,93.3,93.32,231
1779838200,93.33,93.4,93.32,93.32,130
1779838500,93.34,93.39,93.33,93.34,158
1779838800,93.35,93.4,93.19,93.24,265
1779839100,93.23,93.27,93.11,93.12,381
1779839400,93.14,93.24,93.11,93.2,185
1779839700,93.2,93.35,93.19,93.3,164
1779840000,93.32,93.43,93.09,93.24,592
1779840300,93.25,93.33,92.81,92.94,1012
1779840600,92.97,93.15,92.89,93.1,515
1779840900,93.1,93.17,93.08,93.1,230
1779841200,93.1,93.17,93.06,93.14,146
1779841500,93.17,93.21,93.01,93.16,257
1779841800,93.16,93.17,93.09,93.14,85
1779842100,93.14,93.18,93.08,93.13,107
1779842400,93.16,93.24,93.08,93.08,188
1779842700,93.08,93.08,92.92,93.01,351
1779843000,93.02,93.06,92.95,92.99,257
1779843300,92.99,93.02,92.8,92.98,411
1779843600,92.98,93.22,92.67,92.76,1208
1779843900,92.76,92.85,92.54,92.8,878
1779844200,92.77,92.86,92.74,92.79,505
1779844500,92.81,92.94,92.8,92.92,362
1779844800,92.91,92.96,92.84,92.87,247
1779845100,92.89,92.92,92.82,92.9,143
1779845400,92.88,92.91,92.75,92.87,237
1779845700,92.86,92.86,92.71,92.79,291
1779846000,92.8,92.97,92.76,92.89,230
1779846300,92.88,92.96,92.86,92.9,212
1779846600,92.87,92.93,92.74,92.87,227
1779846900,92.86,92.91,92.84,92.87,135
1779847200,92.85,92.85,92.69,92.71,331
1779847500,92.72,92.76,92.63,92.72,340
1779847800,92.74,92.78,92.7,92.75,159
1779848100,92.76,92.8,92.73,92.8,132
1779848400,92.76,92.84,92.61,92.62,243
1779848700,92.61,92.63,92.41,92.63,798
1779849000,92.65,92.72,92.51,92.65,289
1779849300,92.67,92.72,92.61,92.71,209
1779849600,92.71,92.76,92.64,92.7,226
1779849900,92.69,92.69,92.27,92.36,860
1779850200,92.36,92.41,92.17,92.38,680
1779850500,92.37,92.44,92.33,92.39,275
1779850800,92.39,92.41,91.98,92.09,893
1779851100,92.09,92.12,91.88,91.94,1123
1779851400,91.91,92.13,91.91,92.07,434
1779851700,92.1,92.11,91.92,92,342
1779852000,92.02,92.06,91.93,91.97,299
1779852300,91.97,92.06,91.97,92.04,305
1779852600,92.03,92.17,92.01,92.13,385
1779852900,92.14,92.31,92.14,92.25,408
1779853200,92.25,92.26,92.15,92.22,277
1779853500,92.23,92.26,92.15,92.16,205
1779853800,92.14,92.22,92.09,92.13,280
1779854100,92.17,92.19,92.06,92.09,121
1779854400,92.09,92.14,92.09,92.11,166
1779854700,92.11,92.11,91.9,92,382
1779855000,92.01,92.1,91.99,92.06,224
1779855300,92.08,92.08,92.01,92.03,162
1779855600,92.05,92.05,91.81,91.93,432
1779855900,91.93,92.02,91.92,91.98,125
1779856200,91.98,92,91.92,91.96,179
1779856500,91.96,92,91.88,92,172
1779856800,91.99,92.06,91.96,92,242
1779857100,92,92.05,91.94,92.03,169
1779857400,92.03,92.05,91.94,91.94,152
1779857700,91.94,92.01,91.92,91.97,143
1779858000,91.95,92.09,91.92,91.96,302
1779858300,91.97,92.09,91.94,92.06,208
1779858600,92.06,92.11,91.81,91.89,460
1779858900,91.89,91.93,91.71,91.85,551
1779859200,91.86,91.97,91.86,91.89,295
1779859500,91.89,91.94,91.88,91.94,102
1779859800,91.92,92.21,91.87,92.18,668
1779860100,92.2,92.23,91.91,91.98,327
1779860400,91.98,92,91.94,91.96,203
1779860700,91.95,92.09,91.94,92.04,264
1779861000,92.03,92.03,91.71,91.84,635
1779861300,91.83,91.89,91.77,91.85,239
1779861600,91.84,92.05,91.78,91.99,420
1779861900,91.97,91.97,91.53,91.7,847
1779862200,91.68,91.86,91.56,91.84,567
1779862500,91.83,91.97,91.81,91.89,458
1779862800,91.89,91.92,91.77,91.86,254
1779863100,91.85,92.04,91.85,91.91,361
1779863400,91.92,92.04,91.89,91.98,253
1779863700,91.99,91.99,91.85,91.89,167
1779864000,91.86,91.9,91.64,91.83,432
1779864300,91.83,91.85,91.51,91.56,820
1779864600,91.56,91.58,91.41,91.54,779
1779864900,91.56,91.67,91.55,91.55,524
1779865200,91.54,91.65,91.19,91.23,1132
1779865500,91.24,91.28,91.11,91.26,691
1779865800,91.25,91.41,91.25,91.34,693
1779866100,91.32,91.38,91.22,91.27,336
1779866400,91.27,91.39,91.01,91.08,844
1779866700,91.04,91.22,91.03,91.18,322
1779867000,91.17,91.19,90.82,90.94,1013
1779867300,90.95,91.11,90.95,91.08,343
1779867600,91.07,91.24,90.99,91.06,603
1779867900,91.06,91.48,91.02,91.4,782
1779868200,91.4,91.46,91.24,91.28,576
1779868500,91.29,91.32,91.02,91.13,699
1779868800,91.1,91.28,90.83,90.87,1026
1779869100,90.86,90.86,90.58,90.8,1206
1779869400,90.8,91.09,90.78,90.95,767
1779869700,90.96,91.04,90.86,91.02,376
1779870000,91.03,91.04,90.45,90.54,1145
1779870300,90.55,90.69,90.38,90.58,1007
1779870600,90.57,90.83,90.53,90.61,457
1779870900,90.59,90.59,90.32,90.46,978
1779871200,90.47,90.49,90.11,90.17,1249
1779871500,90.18,90.23,90.04,90.05,867
1779871800,90.06,90.08,89.7,89.96,1888
1779872100,89.95,90.18,89.89,90.17,879
1779872400,90.17,90.29,90.01,90.13,881
1779872700,90.13,90.45,90.12,90.44,865
1779873000,90.44,90.53,90.05,90.07,869
1779873300,90.08,90.08,89.84,89.92,853
1779873600,89.92,89.92,89.65,89.84,1072
1779873900,89.83,90.03,89.75,90,951
1779874200,89.98,90.45,89.98,90.31,1071
1779874500,90.31,90.4,90.18,90.27,754
1779874800,90.27,90.45,90.22,90.35,538
1779875100,90.36,90.39,90.24,90.28,323
1779875400,90.27,90.27,89.87,89.9,958
1779875700,89.9,89.95,89.78,89.86,831
1779876000,89.87,90.25,89.84,90.14,785
1779876300,90.14,90.19,90.08,90.1,305
1779876600,90.09,90.14,89.9,90.01,383
1779876900,90.01,90.07,89.95,89.98,220
1779877200,90.03,90.16,90.01,90.11,424
1779877500,90.11,90.36,90.11,90.35,557
1779877800,90.34,90.53,90.26,90.44,747
1779878100,90.45,90.5,90.37,90.43,408
1779878400,90.43,90.43,90.13,90.2,708
1779878700,90.19,90.41,90.08,90.34,627
1779879000,90.34,90.35,90.26,90.28,260
1779879300,90.29,90.43,90.18,90.21,426
1779879600,90.2,90.45,90.08,90.4,647
1779879900,90.4,90.63,90.33,90.58,697
1779880200,90.56,90.83,90.38,90.4,1300
1779880500,90.39,90.7,90.23,90.3,1340
1779880800,90.28,90.38,89.96,90.3,1126
1779881100,90.31,90.7,90.31,90.69,955
1779881400,90.69,90.86,90.61,90.83,844
1779881700,90.83,90.85,90.37,90.45,1113
1779882000,90.44,90.58,90.4,90.56,518
1779882300,90.56,90.7,90.52,90.66,362
1779882600,90.68,90.78,90.54,90.69,461
1779882900,90.71,90.72,90.52,90.53,414
1779883200,90.55,90.78,90.55,90.67,475
1779883500,90.66,90.68,90.42,90.44,544
1779883800,90.44,90.55,90.28,90.33,785
1779884100,90.32,90.43,89.08,89.6,2651
1779884400,89.63,89.8,88.26,88.98,8598
1779884700,88.96,88.99,88.35,88.51,4601
1779885000,88.51,88.69,87.93,88.4,5753
1779885300,88.39,88.61,87.81,88.54,3740
1779885600,88.52,88.77,88.48,88.7,2474
1779885900,88.7,89,88.64,88.84,2705
1779886200,88.83,88.88,88.51,88.71,2085
1779886500,88.7,88.92,88.64,88.85,1358
1779886800,88.86,89.48,88.76,89.48,2751
1779887100,89.47,89.6,89.32,89.53,1885
1779887400,89.57,89.69,89.29,89.32,1754
1779887700,89.34,89.5,89.34,89.39,1071
1779888000,89.39,89.55,89.23,89.39,960
1779888300,89.39,89.76,89.38,89.7,1207
1779888600,89.72,89.87,89.43,89.48,1665
1779888900,89.48,89.88,89.47,89.7,1213
1779889200,89.72,89.87,89.65,89.69,1100
1779889500,89.69,89.71,89.35,89.53,1319
1779889800,89.54,89.85,89.46,89.73,1127
1779890100,89.74,90.02,89.73,89.79,1517
1779890400,89.8,89.96,89.62,89.68,924
1779890700,89.67,89.99,89.54,89.82,1080
1779891000,89.82,90.02,89.71,89.92,1033
1779891300,89.92,89.96,89.39,89.55,1055
1779891600,89.55,90.25,89.45,90.12,2612
1779891900,90.14,90.29,89.5,89.59,2026
1779892200,89.58,90.45,89.46,89.95,2727
1779892500,89.96,90.3,89.93,90.16,1257
1779892800,90.17,90.79,90.17,90.71,2983
1779893100,90.71,90.73,90.39,90.7,1659
1779893400,90.68,91.04,90.62,90.87,2092
1779893700,90.88,90.91,90.73,90.83,870
1779894000,90.82,91.09,90.47,90.72,2390
1779894300,90.68,91.19,90.67,91.08,1277
1779894600,91.07,91.18,90.78,90.79,1266
1779894900,90.79,90.98,90.7,90.79,717
1779895200,90.8,90.85,90.62,90.85,759
1779895500,90.85,90.93,90.62,90.63,1088
1779895800,90.61,90.64,90.01,90.14,3865
1779896100,90.14,90.2,90,90.1,1302
1779896400,90.09,90.74,89.95,90.58,2788
1779896700,90.58,90.82,90.28,90.38,2065
1779897000,90.37,90.39,90,90.1,1676
1779897300,90.12,90.23,89.95,90.04,884
1779897600,90.03,90.35,89.88,90.28,2117
1779897900,90.25,90.42,90.11,90.23,983
1779898200,90.22,90.28,90.1,90.28,510
1779898500,90.27,90.31,90.11,90.18,461
1779898800,90.17,90.18,89.9,89.95,784
1779899100,89.95,89.96,89.64,89.88,1510
1779899400,89.88,90.08,89.84,89.89,615
1779899700,89.9,89.95,89.64,89.74,568
1779900000,89.75,89.79,89.43,89.61,1407
1779900300,89.6,89.81,89.53,89.73,636
1779900600,89.7,89.77,89.63,89.73,434
1779900900,89.73,89.94,89.71,89.9,783
1779901200,89.9,90.1,89.84,89.91,1326
1779901500,89.92,90.12,89.81,90.05,683
1779901800,90.03,90.06,89.83,89.85,609
1779902100,89.83,89.87,89.56,89.7,865
1779902400,89.71,89.76,89.57,89.63,409
1779902700,89.64,89.69,89.51,89.67,441
1779903000,89.67,89.71,89.5,89.54,462
1779903300,89.53,89.62,89.34,89.62,851
1779903600,89.61,89.78,89.58,89.71,486
1779903900,89.71,89.73,89.6,89.63,313
1779904200,89.6,89.63,89.19,89.43,1018
1779904500,89.43,89.53,89.17,89.53,894
1779904800,89.52,89.57,89.4,89.41,381
1779905100,89.41,89.6,89.33,89.37,397
1779905400,89.39,89.47,89.31,89.35,335
1779905700,89.33,89.36,88.8,88.94,1582
1779906000,88.94,88.99,88.74,88.78,860
1779906300,88.78,88.85,88.56,88.61,1954
1779906600,88.65,88.89,88.48,88.87,1198
1779906900,88.86,89,88.83,88.88,584
1779907200,88.88,89,88.83,88.99,352
1779907500,88.99,89.07,88.84,88.86,497
1779907800,88.85,88.99,88.85,88.94,317
1779908100,88.94,88.98,88.89,88.94,277
1779908400,88.94,88.98,88.74,88.83,328
1779908700,88.83,89,88.83,88.96,275
1779909000,88.95,89.21,88.95,89.18,572
1779909300,89.17,89.34,89.14,89.27,474
1779909600,89.28,89.28,89.19,89.26,204
1779909900,89.26,89.41,89.25,89.34,487
1779910200,89.36,89.46,89.1,89.36,863
1779910500,89.36,89.46,89.33,89.35,369
1779910800,89.35,89.48,89.35,89.39,199
1779911100,89.4,89.45,89.33,89.43,244
1779911400,89.45,89.6,89.45,89.54,575
1779911700,89.53,89.54,89.36,89.42,352
1779912000,89.45,89.46,89.35,89.36,329
1779912300,89.38,89.41,89.31,89.35,254
1779912600,89.35,89.44,89.35,89.41,113
1779912900,89.41,89.48,89.36,89.48,136
1779913200,89.47,89.61,89.44,89.55,209
1779913500,89.55,89.55,89.46,89.5,146
1779913800,89.5,89.56,89.42,89.45,173
1779914100,89.45,89.49,89.36,89.49,223
1779914400,89.48,89.48,89.4,89.46,116
1779914700,89.47,89.51,89.4,89.44,195
1779915000,89.43,89.55,89.37,89.37,234
1779915300,89.4,89.45,89.36,89.42,149
1779919200,89.35,89.57,88.85,89.46,531
1779919500,89.45,89.53,89.41,89.49,221
1779919800,89.5,89.62,89.47,89.5,168
1779920100,89.51,89.52,89.48,89.5,82
1779920400,89.5,89.64,89.49,89.56,193
1779920700,89.57,89.88,89.57,89.88,566
1779921000,89.88,90.07,89.79,89.8,743
1779921300,89.84,89.89,89.66,89.72,360
1779921600,89.74,89.74,89.4,89.63,474
1779921900,89.64,89.65,89.53,89.58,130
1779922200,89.58,89.67,89.5,89.62,220
1779922500,89.62,89.75,89.6,89.75,203
1779922800,89.73,89.75,89.69,89.74,141
1779923100,89.74,89.79,89.69,89.78,127
1779923400,89.79,89.82,89.73,89.82,116
1779923700,89.81,89.89,89.61,89.77,463
1779924000,89.77,90.06,89.73,89.95,404
1779924300,89.94,90.18,89.94,90.01,734
1779924600,90.01,90.13,89.87,89.92,497
1779924900,89.96,90.03,89.91,89.96,207
1779925200,89.98,90.02,89.93,90,156
1779925500,90,90.27,89.99,90.19,468
1779925800,90.18,90.42,90.16,90.36,602
1779926100,90.36,90.38,90.11,90.2,400
1779926400,90.2,90.53,90.18,90.31,1017
1779926700,90.31,90.41,90.27,90.37,225
1779927000,90.34,90.44,90.32,90.41,170
1779927300,90.39,90.45,90.33,90.45,241
1779927600,90.46,90.64,90.36,90.54,457
1779927900,90.56,90.69,90.26,90.3,783
1779928200,90.33,90.59,90.3,90.54,439
1779928500,90.55,90.66,90.51,90.63,278
1779928800,90.63,90.64,90.56,90.56,293
1779929100,90.58,90.6,90.48,90.58,317
1779929400,90.56,90.57,90.41,90.45,464
1779929700,90.42,90.64,90.35,90.47,578
1779930000,90.48,90.48,90.22,90.33,835
1779930300,90.32,90.34,90.21,90.28,517
1779930600,90.29,90.31,90.15,90.29,556
1779930900,90.28,90.3,90.03,90.09,865
1779931200,90.09,90.26,90.09,90.14,343
1779931500,90.13,90.2,90.09,90.1,285
1779931800,90.11,90.2,89.95,90.19,667
1779932100,90.15,90.25,90.1,90.19,333
1779932400,90.19,90.36,90.18,90.26,531
1779932700,90.26,90.42,90.25,90.35,311
1779933000,90.33,90.41,90.24,90.26,504
1779933300,90.28,90.3,90.16,90.2,366
1779933600,90.19,90.26,90.11,90.21,290
1779933900,90.2,90.29,90.19,90.22,249
1779934200,90.2,90.22,90.02,90.06,390
1779934500,90.06,90.21,90.04,90.17,226
1779934800,90.16,90.2,90.13,90.16,169
1779935100,90.16,90.23,90.14,90.2,191
1779935400,90.19,90.22,89.94,90.07,678
1779935700,90.06,90.39,90.06,90.29,486
1779936000,90.3,90.66,90.27,90.6,942
1779936300,90.58,90.86,90.54,90.65,1123
1779936600,90.65,90.91,90.61,90.79,824
1779936900,90.78,90.96,90.73,90.94,582
1779937200,90.94,91.11,90.87,90.97,1158
1779937500,90.97,91.09,90.94,91.05,502
1779937800,91.06,91.56,91,91.5,2000
1779938100,91.52,91.91,91.45,91.66,1991
1779938400,91.66,91.76,91.59,91.65,1037
1779938700,91.63,91.67,91.37,91.43,1688
1779939000,91.45,91.96,91.42,91.93,1165
1779939300,91.93,92.08,91.87,91.97,1579
1779939600,91.97,92.13,91.95,92.02,932
1779939900,92.05,92.15,91.96,92.05,910
1779940200,92.03,92.1,91.97,92.01,479
1779940500,92,92.23,92,92.2,721
1779940800,92.2,92.4,92.2,92.29,938
1779941100,92.28,92.33,91.98,92.06,998
1779941400,92.06,92.27,92.06,92.18,529
1779941700,92.19,92.34,92.16,92.29,436
1779942000,92.29,92.37,92.25,92.36,435
1779942300,92.35,92.55,92.29,92.41,811
1779942600,92.42,92.42,92.21,92.3,501
1779942900,92.29,92.31,92.15,92.15,485
1779943200,92.15,92.23,92.06,92.23,479
1779943500,92.23,92.23,92.11,92.13,298
1779943800,92.12,92.17,92.02,92.17,333
1779944100,92.17,92.19,92.11,92.17,210
1779944400,92.13,92.22,92.06,92.09,349
1779944700,92.09,92.11,91.93,92.04,461
1779945000,92.02,92.04,91.96,91.99,315
1779945300,92.01,92.07,91.97,92,172
1779945600,91.99,92.09,91.96,92.05,277
1779945900,92.04,92.06,91.86,92.01,486
1779946200,92,92,91.57,91.62,1507
1779946500,91.63,91.79,91.43,91.43,1076
1779946800,91.43,91.71,91.39,91.68,658
1779947100,91.68,91.71,91.54,91.59,275
1779947400,91.59,91.6,91.45,91.5,336
1779947700,91.51,91.61,91.5,91.58,244
1779948000,91.57,91.62,91.31,91.37,588
1779948300,91.36,91.39,91.22,91.36,657
1779948600,91.37,91.39,91.26,91.36,381
1779948900,91.36,91.45,91.3,91.33,212
1779949200,91.33,91.45,91.25,91.44,383
1779949500,91.44,91.44,91.16,91.3,440
1779949800,91.3,91.34,91.13,91.17,465
1779950100,91.17,91.22,90.94,91.05,852
1779950400,91.05,91.17,90.9,90.94,619
1779950700,90.92,91.09,90.89,90.96,492
1779951000,90.97,91.02,90.76,90.99,978
1779951300,91,91.17,90.98,91.16,593
1779951600,91.14,91.16,90.93,91.13,466
1779951900,91.13,91.14,90.82,90.86,445
1779952200,90.88,91.09,90.87,91.09,281
1779952500,91.07,91.2,91.02,91.05,348
1779952800,91.08,91.19,90.98,91.17,354
1779953100,91.18,91.32,91.16,91.22,565
1779953400,91.21,91.26,90.94,90.97,579
1779953700,90.96,90.98,90.76,90.95,698
1779954000,90.95,91.09,90.92,91.02,346
1779954300,91.03,91.44,91.01,91.29,679
1779954600,91.28,91.35,91.1,91.17,440
1779954900,91.17,91.24,90.85,90.94,379
1779955200,90.93,90.93,90.63,90.89,1113
1779955500,90.87,90.98,90.7,90.87,456
1779955800,90.87,91.02,90.74,90.8,383
1779956100,90.82,90.95,90.78,90.87,301
1779956400,90.87,90.88,90.56,90.71,588
1779956700,90.72,91.05,90.68,90.82,722
1779957000,90.84,91.01,90.8,90.86,307
1779957300,90.85,90.85,90.68,90.78,305
1779957600,90.77,90.98,90.76,90.93,208
1779957900,90.92,90.93,90.7,90.72,303
1779958200,90.7,90.74,90.51,90.63,393
1779958500,90.63,90.71,90.48,90.58,363
1779958800,90.56,90.67,90.39,90.45,587
1779959100,90.43,90.43,90.14,90.3,1003
1779959400,90.29,90.46,90.27,90.46,311
1779959700,90.45,90.5,90.39,90.48,260
1779960000,90.45,90.67,90.45,90.57,615
1779960300,90.56,90.6,90.32,90.46,373
1779960600,90.45,90.75,90.43,90.71,365
1779960900,90.7,90.78,90.61,90.69,428
1779961200,90.69,90.72,90.53,90.55,291
1779961500,90.53,90.57,90.29,90.29,527
1779961800,90.31,90.33,89.85,90.11,1674
1779962100,90.09,90.28,90.09,90.25,500
1779962400,90.26,90.32,90.2,90.25,303
1779962700,90.27,90.36,90.22,90.31,282
1779963000,90.32,90.32,90.04,90.06,426
1779963300,90.07,90.22,90,90.2,407
1779963600,90.17,90.39,90.15,90.31,441
1779963900,90.28,90.38,90.21,90.23,340
1779964200,90.22,90.49,90.22,90.46,281
1779964500,90.44,90.62,90.42,90.52,380
1779964800,90.52,90.82,90.46,90.8,575
1779965100,90.78,90.93,90.75,90.86,822
1779965400,90.86,91.33,90.77,90.81,1403
1779965700,90.79,91.12,90.66,91.01,1089
1779966000,91,91.05,90.74,90.9,963
1779966300,90.87,91.22,90.85,91.16,713
1779966600,91.18,91.38,91.16,91.26,930
1779966900,91.24,91.27,91.1,91.12,471
1779967200,91.13,91.32,91.06,91.22,418
1779967500,91.23,91.35,91.06,91.23,474
1779967800,91.25,91.4,91.24,91.31,473
1779968100,91.3,91.48,91.24,91.36,540
1779968400,91.33,91.42,91.19,91.31,634
1779968700,91.32,91.47,91.29,91.45,302
1779969000,91.48,91.56,91.41,91.49,500
1779969300,91.49,91.52,91.27,91.28,433
1779969600,91.29,91.44,91.23,91.3,565
1779969900,91.3,91.3,90.99,91.16,1186
1779970200,91.16,91.22,91.06,91.08,493
1779970500,91.09,91.21,91.03,91.2,496
1779970800,91.19,91.37,91.12,91.29,519
1779971100,91.28,91.28,91.01,91.05,481
1779971400,91.03,91.08,90.7,90.86,1392
1779971700,90.84,90.85,90.59,90.7,1214
1779972000,90.73,90.87,90.49,90.74,1561
1779972300,90.72,90.75,90.47,90.54,1045
1779972600,90.57,90.63,90.39,90.48,1111
1779972900,90.5,90.61,90.45,90.56,584
1779973200,90.58,90.62,90.33,90.44,1212
1779973500,90.43,90.85,90.27,90.8,1363
1779973800,90.81,90.94,90.74,90.87,979
1779974100,90.85,91.01,90.78,90.87,965
1779974400,90.86,90.93,90.82,90.92,399
1779974700,90.89,91.01,90.72,91,753
1779975000,91,91.1,90.76,91.08,1439
1779975300,91.08,91.3,91.06,91.25,1311
1779975600,91.25,91.36,90.94,90.95,1084
1779975900,90.93,90.94,90.71,90.77,1019
1779976200,90.77,90.82,90.53,90.8,1204
1779976500,90.78,90.93,90.77,90.84,619
1779976800,90.86,91.15,90.86,91.01,1132
1779977100,91.03,91.07,90.75,90.8,964
1779977400,90.8,90.95,87,88.47,2107
1779977700,88.59,89.66,88,88.71,4021
1779978000,88.71,89.5,88.59,89.17,2938
1779978300,89.14,89.46,88.88,89.15,2465
1779978600,89.12,89.64,88.86,89.45,2537
1779978900,89.42,89.97,89.36,89.46,3159
1779979200,89.45,89.61,89.02,89.12,2608
1779979500,89.13,89.85,88.89,89.66,3622
1779979800,89.67,89.78,89.4,89.53,1486
1779980100,89.56,90,89.42,89.51,2018
1779980400,89.51,89.66,88.98,89.15,1946
1779980700,89.14,89.67,88.98,89.43,1819
1779981000,89.4,89.8,89.3,89.7,1468
1779981300,89.69,89.87,89.68,89.8,853
1779981600,89.81,90.16,89.74,89.81,1659
1779981900,89.8,90,89.56,89.79,1495
1779982200,89.76,89.83,89.51,89.55,1024
1779982500,89.54,89.72,89.4,89.65,967
1779982800,89.63,89.99,89.62,89.98,1039
1779983100,89.97,89.99,89.82,89.99,507
1779983400,89.96,89.99,89.8,89.95,633
1779983700,89.97,90.04,89.74,89.76,557
1779984000,89.76,90.3,89.66,90.07,1306
1779984300,90.09,90.11,89.77,89.9,645
1779984600,89.9,89.99,89.56,89.59,996
1779984900,89.6,89.8,89.01,89.15,2279
1779985200,89.14,89.28,88.8,88.93,2325
1779985500,88.93,89.22,88.8,89.17,1308
1779985800,89.16,89.29,89.07,89.12,882
1779986100,89.13,89.23,88.97,88.99,701
1779986400,88.98,89.11,88.49,88.54,2035
1779986700,88.55,88.55,88.24,88.4,2007
1779987000,88.4,88.43,88.1,88.34,1510
1779987300,88.34,88.35,88.02,88.25,1119
1779987600,88.25,88.7,88.19,88.6,1672
1779987900,88.6,89.01,88.58,88.8,1413
1779988200,88.79,89.07,88.72,88.98,649
1779988500,88.99,89.11,88.82,88.99,832
1779988800,89,89.02,88.8,88.89,556
1779989100,88.87,89.19,88.87,89.04,645
1779989400,89.03,89.06,88.87,88.88,353
1779989700,88.88,88.92,88.74,88.84,423
1779990000,88.83,88.98,88.77,88.95,286
1779990300,88.92,89.01,88.67,88.78,556
1779990600,88.77,88.92,88.63,88.85,600
1779990900,88.84,88.9,88.76,88.86,323
1779991200,88.86,89,88.81,88.88,325
1779991500,88.88,88.91,88.58,88.78,624
1779991800,88.8,89.37,88.79,88.95,1159
1779992100,88.97,89.27,88.57,88.93,1809
1779992400,88.91,88.97,88.61,88.67,1046
1779992700,88.71,89.06,88.59,88.91,1191
1779993000,88.94,89.32,88.87,89.32,798
1779993300,89.29,89.53,89.29,89.45,868
1779993600,89.47,89.53,89.32,89.35,350
1779993900,89.36,89.4,89.23,89.27,277
1779994200,89.26,89.3,89.2,89.22,231
1779994500,89.23,89.26,89.05,89.24,307
1779994800,89.26,89.34,89.12,89.19,232
1779995100,89.2,89.22,89.11,89.19,104
1779995400,89.2,89.24,89.11,89.13,157
1779995700,89.15,89.26,89.15,89.18,139
1779996000,89.16,89.29,89.13,89.23,170
1779996300,89.22,89.32,89.19,89.3,187
1779996600,89.32,89.34,88.92,89.09,420
1779996900,89.1,89.25,89.06,89.23,299
1779997200,89.21,89.36,89.15,89.25,271
1779997500,89.25,89.35,89.24,89.3,209
1779997800,89.32,89.41,89.24,89.35,356
1779998100,89.37,89.49,89.31,89.48,492
1779998400,89.46,89.64,89.39,89.41,605
1779998700,89.43,89.61,89.37,89.43,314
1779999000,89.45,89.49,89.33,89.33,184
1779999300,89.34,89.34,88.92,88.95,704
1779999600,88.95,89.1,88.95,89.06,236
1779999900,89.03,89.04,88.67,88.78,564
1780000200,88.81,88.83,88.66,88.73,391
1780000500,88.71,88.98,88.68,88.91,361
1780000800,88.92,88.94,88.75,88.81,220
1780001100,88.81,88.88,88.73,88.75,178
1780001400,88.74,88.78,88.61,88.66,339
1780001700,88.69,88.8,88.4,88.41,506
1780005600,88.45,88.84,88.35,88.35,702
1780005900,88.41,88.6,88.26,88.35,546
1780006200,88.35,88.65,88.31,88.59,224
1780006500,88.58,88.6,88.46,88.54,161
1780006800,88.57,88.63,88.54,88.63,111
1780007100,88.63,88.97,88.56,88.77,374
1780007400,88.77,88.81,88.71,88.75,115
1780007700,88.77,88.82,88.59,88.62,210
1780008000,88.62,88.65,88.47,88.54,248
1780008300,88.55,88.65,88.52,88.6,109
1780008600,88.6,88.62,88.55,88.62,82
1780008900,88.61,88.63,88.51,88.52,93
1780009200,88.54,88.6,88.16,88.41,918
1780009500,88.4,88.55,88.4,88.53,183
1780009800,88.52,88.52,88.41,88.45,109
1780010100,88.44,88.48,88.42,88.42,53
1780010400,88.41,88.55,88.36,88.54,184
1780010700,88.55,88.59,88.42,88.5,157
1780011000,88.49,88.6,88.49,88.54,107
1780011300,88.52,88.54,88.32,88.37,214
1780011600,88.35,88.43,88.3,88.43,99
1780011900,88.43,88.46,88.4,88.46,71
1780012200,88.47,88.48,88.4,88.44,68
1780012500,88.45,88.69,88.42,88.53,220
1780012800,88.5,88.51,88.22,88.32,399
1780013100,88.33,88.42,88.25,88.39,177
1780013400,88.39,88.55,88.25,88.29,244
1780013700,88.31,88.37,88.17,88.24,327
1780014000,88.22,88.24,88.13,88.18,213
1780014300,88.15,88.19,87.62,87.92,1717
1780014600,87.92,88.14,87.87,88.14,650
1780014900,88.12,88.13,88.03,88.09,205
1780015200,88.1,88.12,88.03,88.12,166
1780015500,88.12,88.29,88.09,88.23,316
1780015800,88.21,88.43,88.2,88.38,311
1780016100,88.4,88.45,88.3,88.36,324
1780016400,88.37,88.37,88.15,88.23,569
1780016700,88.22,88.28,87.78,87.85,716
1780017000,87.84,87.95,87.67,87.88,966
1780017300,87.9,88.03,87.87,88.03,307
1780017600,88.03,88.45,88.02,88.35,713
1780017900,88.34,88.35,88.24,88.3,377
1780018200,88.29,88.4,88.28,88.34,214
1780018500,88.35,88.44,88.34,88.37,204
1780018800,88.37,88.39,88.24,88.25,311
1780019100,88.25,88.26,88.08,88.15,391
1780019400,88.18,88.19,88.06,88.1,204
1780019700,88.09,88.16,87.85,87.9,612
1780020000,87.89,87.89,87.57,87.71,1196
1780020300,87.69,87.8,87.65,87.76,531
1780020600,87.77,87.9,87.73,87.81,583
1780020900,87.82,87.94,87.8,87.92,260
1780021200,87.9,87.98,87.87,87.95,144
1780021500,87.95,88.03,87.87,87.91,333
1780021800,87.9,88.06,87.88,87.9,319
1780022100,87.89,87.94,87.78,87.82,247
1780022400,87.84,87.88,87.73,87.86,247
1780022700,87.84,87.91,87.83,87.85,182
1780023000,87.87,87.98,87.84,87.9,242
1780023300,87.89,87.9,87.72,87.78,244
1780023600,87.78,87.86,87.65,87.67,455
1780023900,87.66,87.73,87.43,87.5,922
1780024200,87.49,87.63,87.36,87.5,654
1780024500,87.49,87.59,87.46,87.58,321
1780024800,87.56,87.62,87.51,87.57,240
1780025100,87.55,87.7,87.55,87.63,327
1780025400,87.63,87.82,87.62,87.76,441
1780025700,87.78,87.79,87.69,87.7,140
1780026000,87.71,87.83,87.69,87.75,258
1780026300,87.77,87.89,87.75,87.77,314
1780026600,87.76,88.29,87.75,88.07,933
1780026900,88.06,88.29,87.95,88.19,859
1780027200,88.19,88.25,88.04,88.06,545
1780027500,88.05,88.17,87.9,87.9,461
1780027800,87.92,87.93,87.75,87.85,575
1780028100,87.83,87.86,87.52,87.71,864
1780028400,87.72,87.73,87.54,87.7,674
1780028700,87.69,87.76,87.45,87.71,1155
1780029000,87.71,87.99,87.55,87.95,993
1780029300,87.96,87.99,87.73,87.78,611
1780029600,87.76,87.78,87.71,87.76,196
1780029900,87.76,87.83,87.76,87.77,154
1780030200,87.78,87.78,87.63,87.64,208
1780030500,87.66,87.81,87.65,87.71,207
1780030800,87.72,87.86,87.7,87.75,274
1780031100,87.74,87.81,87.73,87.76,171
1780031400,87.77,87.82,87.73,87.82,119
1780031700,87.83,87.84,87.76,87.79,154
1780032000,87.79,87.81,87.68,87.8,224
1780032300,87.79,87.83,87.75,87.78,142
1780032600,87.79,87.87,87.67,87.82,242
1780032900,87.83,87.98,87.8,87.96,459
1780033200,87.95,88,87.88,87.89,257
1780033500,87.91,87.97,87.85,87.94,274
1780033800,87.97,88.08,87.93,88.01,307
1780034100,88.01,88.15,87.99,88.02,354
1780034400,88.03,88.05,87.97,88.04,296
1780034700,88.02,88.02,87.89,88.02,210
1780035000,88.02,88.04,87.8,87.83,215
1780035300,87.82,87.93,87.77,87.9,217
1780035600,87.91,87.92,87.41,87.54,835
1780035900,87.55,87.57,87.37,87.42,674
1780036200,87.42,87.42,87.16,87.36,1170
1780036500,87.36,87.54,87.34,87.5,541
1780036800,87.5,87.6,87.46,87.57,491
1780037100,87.58,87.69,87.53,87.56,416
1780037400,87.55,87.62,87.48,87.57,333
1780037700,87.56,87.57,87.41,87.47,347
1780038000,87.47,87.68,87.32,87.58,645
1780038300,87.56,87.64,87.44,87.64,225
1780038600,87.65,87.66,87.5,87.62,183
1780038900,87.62,88.07,87.62,88.01,975
1780039200,88.01,88.15,87.98,88.05,724
1780039500,88.05,88.18,88.03,88.03,378
1780039800,88.02,88.41,88,88.29,773
1780040100,88.3,88.82,88.3,88.73,1203
1780040400,88.74,89,88.72,88.77,1023
1780040700,88.78,88.83,88.53,88.61,704
1780041000,88.6,88.67,88.49,88.62,599
1780041300,88.62,88.8,88.59,88.73,478
1780041600,88.73,88.9,88.58,88.86,528
1780041900,88.86,89.04,88.77,88.93,748
1780042200,88.92,88.96,88.85,88.9,362
1780042500,88.89,88.89,88.56,88.65,656
1780042800,88.64,88.87,88.6,88.87,380
1780043100,88.88,88.95,88.65,88.74,436
1780043400,88.73,88.82,88.7,88.8,221
1780043700,88.78,88.98,88.77,88.84,224
1780044000,88.8,88.88,88.75,88.87,213
1780044300,88.86,88.97,88.81,88.85,235
1780044600,88.82,88.85,88.51,88.6,461
1780044900,88.6,88.69,88.55,88.69,407
1780045200,88.68,88.71,88.04,88.14,1430
1780045500,88.15,88.19,87.86,87.93,951
1780045800,87.94,88.03,87.69,87.7,939
1780046100,87.72,87.79,87.04,87.18,2317
1780046400,87.17,87.43,87.04,87.4,1321
1780046700,87.38,87.5,86.83,87.07,1840
1780047000,87.07,87.29,87.03,87.27,694
1780047300,87.26,87.47,87.17,87.35,654
1780047600,87.34,87.36,87.22,87.34,387
1780047900,87.33,87.34,86.97,87.25,871
1780048200,87.22,87.5,87.2,87.4,582
1780048500,87.41,87.54,87.38,87.51,439
1780048800,87.5,87.66,87.5,87.6,659
1780049100,87.58,87.59,87.42,87.51,396
1780049400,87.51,87.51,87.35,87.41,304
1780049700,87.41,87.72,87.39,87.67,398
1780050000,87.66,87.77,87.61,87.71,449
1780050300,87.71,87.81,87.65,87.69,272
1780050600,87.7,87.74,87.48,87.52,349
1780050900,87.5,87.52,87.07,87.19,1111
1780051200,87.18,87.34,87,87.05,912
1780051500,87.08,87.1,86.71,86.97,1469
1780051800,86.96,87.28,86.92,87.28,523
1780052100,87.28,87.44,87.22,87.34,579
1780052400,87.33,87.49,87.31,87.42,523
1780052700,87.43,87.43,87.2,87.32,581
1780053000,87.34,87.34,87.18,87.24,436
1780053300,87.23,87.29,87.17,87.19,251
1780053600,87.19,87.37,87.17,87.33,363
1780053900,87.32,87.52,87.16,87.29,721
1780054200,87.29,87.59,87.29,87.55,400
1780054500,87.55,87.72,87.55,87.64,559
1780054800,87.64,87.66,87.52,87.64,431
1780055100,87.65,87.75,87.54,87.75,378
1780055400,87.75,88.31,87.69,87.92,2298
1780055700,87.92,87.92,87.57,87.62,1047
1780056000,87.62,87.73,87.53,87.7,529
1780056300,87.71,87.85,87.68,87.76,573
1780056600,87.76,88,87.75,87.91,737
1780056900,87.91,87.94,87.63,87.68,809
1780057200,87.67,87.74,87.6,87.67,345
1780057500,87.67,87.73,87.62,87.69,267
1780057800,87.67,88.17,87.46,87.72,2019
1780058100,87.7,87.79,87.56,87.76,781
1780058400,87.76,88.02,87.73,87.81,698
1780058700,87.82,87.93,87.66,87.66,570
1780059000,87.68,87.68,87.21,87.25,1550
1780059300,87.27,87.47,87.23,87.34,695
1780059600,87.35,87.38,86.73,86.86,2615
1780059900,86.85,87.3,86.82,87.27,1458
1780060200,87.26,87.51,87.15,87.47,1115
1780060500,87.46,87.88,87.43,87.57,2198
1780060800,87.56,87.73,87.47,87.56,779
1780061100,87.56,87.73,87.45,87.54,802
1780061400,87.55,87.7,87.33,87.6,1475
1780061700,87.59,87.63,87.48,87.55,563
1780062000,87.54,87.54,87.19,87.23,1190
1780062300,87.23,87.43,87.23,87.27,1027
1780062600,87.25,87.52,87.24,87.47,798
1780062900,87.47,87.86,87.46,87.69,1267
1780063200,87.68,88.08,87.66,88.07,1871
1780063500,88.05,88.38,88.03,88.33,1943
1780063800,88.32,88.37,88,88.22,1556
1780064100,88.22,88.34,88.1,88.11,808
1780064400,88.12,88.26,88.05,88.24,737
1780064700,88.23,88.57,88.23,88.45,1756
1780065000,88.44,88.63,88.28,88.53,1205
1780065300,88.53,88.86,88.48,88.85,1365
1780065600,88.84,88.89,88.63,88.67,1632
1780065900,88.68,88.85,88.6,88.8,1077
1780066200,88.79,88.95,87.5,88.07,4784
1780066500,88.07,88.09,87.46,87.97,3554
1780066800,87.95,88,87.36,87.41,3360
1780067100,87.4,87.48,86.63,86.8,5429
1780067400,86.82,86.86,86.34,86.5,4525
1780067700,86.49,87.08,86.47,87.06,3229
1780068000,87.07,87.25,86.82,86.99,2888
1780068300,86.98,87.3,86.87,87.26,1727
1780068600,87.24,87.33,87.02,87.24,1343
1780068900,87.23,87.5,86.92,87.24,2809
1780069200,87.28,87.67,87.06,87.49,4208
1780069500,87.49,87.81,87.4,87.62,1769
1780069800,87.61,87.79,87.42,87.58,1420
1780070100,87.58,87.63,87.52,87.59,504
1780070400,87.59,87.8,87.57,87.75,1453
1780070700,87.75,87.91,87.72,87.82,827
1780071000,87.79,87.98,87.64,87.84,1018
1780071300,87.83,87.87,87.67,87.76,586
1780071600,87.78,87.83,87.38,87.47,1296
1780071900,87.45,87.61,87.43,87.47,696
1780072200,87.45,87.45,86.79,86.87,2769
1780072500,86.85,86.99,86.44,86.49,2958
1780072800,86.48,86.73,86.44,86.59,1680
1780073100,86.58,86.8,86.53,86.69,1123
1780073400,86.7,86.8,86.56,86.58,920
1780073700,86.59,86.82,86.5,86.57,823
1780074000,86.57,86.85,86.56,86.84,654
1780074300,86.83,86.92,86.77,86.87,840
1780074600,86.85,86.99,86.74,86.93,657
1780074900,86.92,87.05,86.83,87.04,736
1780075200,87.01,87.3,86.73,86.93,2250
1780075500,86.95,87.32,86.93,87.12,997
1780075800,87.12,87.12,86.82,86.84,854
1780076100,86.83,86.87,86.71,86.81,806
1780076400,86.82,86.82,86.63,86.65,716
1780076700,86.64,86.86,86.56,86.81,612
1780077000,86.81,87.08,86.77,87.08,586
1780077300,87.06,87.26,87.02,87.18,961
1780077600,87.18,87.21,87.07,87.11,511
1780077900,87.1,87.32,87.04,87.21,660
1780078200,87.2,87.34,87.12,87.28,963
1780078500,87.28,87.55,87.18,87.28,1420
1780078800,87.28,87.33,87.09,87.14,680
1780079100,87.15,87.46,86.99,87.42,1161
1780079400,87.43,87.43,87.12,87.24,564
1780079700,87.23,87.3,87.13,87.17,331
1780080000,87.18,87.24,87.14,87.2,913
1780080300,87.2,88,87.19,87.85,2841
1780080600,87.82,87.91,87.62,87.65,817
1780080900,87.66,87.73,87.52,87.65,614
1780081200,87.67,87.73,87.57,87.71,409
1780081500,87.72,87.72,87.48,87.54,396
1780081800,87.54,87.7,87.53,87.58,329
1780082100,87.58,87.66,87.51,87.65,281
1780082400,87.65,87.72,87.54,87.72,390
1780082700,87.68,87.78,87.58,87.62,415
1780083000,87.63,87.84,87.59,87.8,271
1780083300,87.79,87.8,87.69,87.76,246
1780083600,87.79,88.14,87.78,88.07,831
1780083900,88.08,88.17,88.01,88.05,421
1780084200,88.04,88.06,87.82,87.99,431
1780084500,87.99,88.13,87.89,88.08,397
1780084800,88.08,88.14,87.96,87.96,447
1780085100,87.97,87.98,87.84,87.89,307
1780085400,87.89,87.93,87.7,87.72,344
1780085700,87.73,87.87,87.71,87.87,220
1780086000,87.86,87.95,87.85,87.93,244
1780086300,87.92,87.98,87.82,87.85,211
1780086600,87.85,87.94,87.81,87.89,267
1780086900,87.9,87.97,87.85,87.89,302
1780087200,87.92,87.92,87.68,87.69,331
1780087500,87.69,87.8,87.65,87.8,380
1780087800,87.79,87.88,87.63,87.88,362
1780088100,87.88,87.9,87.75,87.8,647
1780264800,88.48,89.56,88.45,89.46,2335
1780265100,89.51,90.06,89.35,89.94,1814
1780265400,89.94,89.96,89.53,89.6,1244
1780265700,89.62,89.78,89.59,89.67,428
1780266000,89.67,89.8,89.63,89.7,300
1780266300,89.69,89.71,89.62,89.65,225
1780266600,89.66,89.66,89.34,89.43,794
1780266900,89.43,89.55,89.41,89.47,337
1780267200,89.49,89.49,89.35,89.38,313
1780267500,89.38,89.46,89.36,89.41,246
1780267800,89.43,89.45,89.4,89.42,144
1780268100,89.41,89.65,89.38,89.6,443
1780268400,89.63,89.65,89.42,89.49,363
1780268700,89.49,89.54,89.41,89.49,199
1780269000,89.49,89.53,89.46,89.5,143
1780269300,89.49,89.59,89.48,89.5,162
1780269600,89.5,89.57,89.43,89.5,209
1780269900,89.49,89.51,89.2,89.34,479
1780270200,89.35,89.36,89.11,89.28,671
1780270500,89.27,89.51,89.26,89.5,430
1780270800,89.51,89.66,89.4,89.44,522
1780271100,89.44,89.48,89.35,89.44,254
1780271400,89.43,89.48,89.34,89.45,267
1780271700,89.43,89.49,89.36,89.43,166
1780272000,89.43,89.62,89.41,89.52,492
1780272300,89.53,89.64,89.4,89.58,319
1780272600,89.56,89.65,89.51,89.63,222
1780272900,89.63,89.88,89.57,89.81,635
1780273200,89.8,89.88,89.69,89.73,386
1780273500,89.72,89.75,89.67,89.7,170
1780273800,89.7,89.88,89.65,89.82,378
1780274100,89.81,89.94,89.63,89.71,508
1780274400,89.71,89.73,89.6,89.7,272
1780274700,89.69,89.69,89.47,89.51,397
1780275000,89.51,89.58,89.4,89.41,354
1780275300,89.41,89.45,89.25,89.35,528
1780275600,89.36,89.58,89.03,89.5,1314
1780275900,89.49,89.7,89.47,89.63,651
1780276200,89.63,89.77,89.62,89.69,465
1780276500,89.71,89.8,89.66,89.73,422
1780276800,89.73,89.73,89.63,89.65,355
1780277100,89.67,89.77,89.65,89.73,234
1780277400,89.75,89.83,89.71,89.71,306
1780277700,89.71,90.02,89.69,89.91,889
1780278000,89.9,89.95,89.72,89.75,763
1780278300,89.75,90.28,89.73,90.03,1193
1780278600,90.02,90.11,89.95,90.03,531
1780278900,90.03,90.05,89.83,89.87,347
1780279200,89.89,89.97,89.8,89.95,483
1780279500,89.95,89.99,89.92,89.95,256
1780279800,89.95,90,89.92,89.96,254
1780280100,89.94,89.94,89.8,89.84,192
1780280400,89.83,89.85,89.77,89.84,218
1780280700,89.83,89.85,89.72,89.85,258
1780281000,89.84,89.94,89.83,89.83,220
1780281300,89.83,89.84,89.64,89.65,429
1780281600,89.65,89.74,89.55,89.65,416
1780281900,89.65,89.65,89.51,89.56,250
1780282200,89.56,89.71,89.51,89.68,358
1780282500,89.68,89.69,89.59,89.62,181
1780282800,89.6,89.66,89.44,89.64,399
1780283100,89.64,89.87,89.63,89.77,569
1780283400,89.75,89.79,89.69,89.7,422
1780283700,89.72,90.05,89.62,89.66,1041
1780284000,89.65,89.8,89.63,89.65,275
1780284300,89.67,89.69,89.59,89.66,259
1780284600,89.64,89.68,89.17,89.35,1075
1780284900,89.36,89.51,89.34,89.49,293
1780285200,89.48,89.7,89.48,89.66,284
1780285500,89.66,89.69,89.55,89.59,174
1780285800,89.6,89.75,89.58,89.71,257
1780286100,89.71,89.8,89.68,89.73,236
1780286400,89.73,89.82,89.67,89.75,257
1780286700,89.76,89.79,89.73,89.77,97
1780287000,89.77,89.93,89.75,89.86,226
1780287300,89.86,89.87,89.74,89.78,132
1780287600,89.78,89.8,89.76,89.76,52
1780287900,89.77,89.83,89.67,89.73,176
1780288200,89.71,89.73,89.62,89.65,139
1780288500,89.65,89.67,89.58,89.6,134
1780288800,89.6,89.61,89.28,89.41,994
1780289100,89.41,89.64,89.39,89.62,306
1780289400,89.62,89.68,89.57,89.62,258
1780289700,89.61,89.69,89.59,89.65,125
1780290000,89.64,89.7,89.62,89.63,154
1780290300,89.61,89.61,89.49,89.59,242
1780290600,89.59,89.63,89.56,89.63,91
1780290900,89.61,89.68,89.6,89.66,107
1780291200,89.67,89.74,89.65,89.7,160
1780291500,89.69,89.78,89.67,89.72,220
1780291800,89.72,90.02,89.7,89.92,863
1780292100,89.96,89.96,89.84,89.84,362
1780292400,89.85,89.99,89.79,89.79,502
1780292700,89.81,89.94,89.79,89.92,196
1780293000,89.93,89.97,89.78,89.79,207
1780293300,89.79,89.8,89.67,89.74,331
1780293600,89.74,89.87,89.7,89.84,284
1780293900,89.83,89.9,89.73,89.81,196
1780294200,89.82,90.05,89.81,90.02,501
1780294500,90.03,90.12,89.99,90.01,562
1780294800,90.02,90.12,90,90.07,369
1780295100,90.07,90.07,89.98,90.01,181
1780295400,90,90.02,89.92,89.95,342
1780295700,89.91,90.2,89.9,90.17,579
1780296000,90.17,90.32,90.07,90.27,712
1780296300,90.26,90.74,90.2,90.24,2538
1780296600,90.24,90.43,90.21,90.31,754
1780296900,90.31,90.34,90.13,90.15,563
1780297200,90.15,90.3,90.07,90.15,562
1780297500,90.17,90.35,90.13,90.31,315
1780297800,90.3,90.33,90.13,90.17,298
1780298100,90.19,90.39,90.15,90.33,328
1780298400,90.31,90.45,90.25,90.38,477
1780298700,90.38,90.51,90.32,90.4,405
1780299000,90.39,90.41,90.26,90.38,273
1780299300,90.39,90.53,90.33,90.44,245
1780299600,90.45,90.73,90.42,90.54,704
1780299900,90.53,90.68,90.48,90.57,283
1780300200,90.57,90.7,90.51,90.62,380
1780300500,90.64,90.65,90.33,90.37,554
1780300800,90.38,90.58,90.2,90.57,752
1780301100,90.55,90.57,90.4,90.43,471
1780301400,90.44,90.68,90.43,90.62,313
1780301700,90.6,90.89,90.59,90.84,938
1780302000,90.83,90.93,90.69,90.78,801
1780302300,90.78,90.92,90.73,90.85,491
1780302600,90.86,91.1,90.8,90.97,1232
1780302900,90.96,91.1,90.96,91.03,420
1780303200,91.02,91.17,90.97,90.98,629
1780303500,90.97,91.29,90.95,90.97,860
1780303800,90.98,91.02,90.73,90.95,864
1780304100,90.93,90.98,90.81,90.81,395
1780304400,90.82,90.84,90.55,90.64,717
1780304700,90.65,90.97,90.64,90.84,730
1780305000,90.82,91.06,90.82,90.95,467
1780305300,90.93,91.13,90.93,91.02,433
1780305600,91.02,91.24,91.02,91.1,536
1780305900,91.11,91.24,91.02,91.02,347
1780306200,91.04,91.06,90.82,90.83,371
1780306500,90.84,90.99,90.76,90.79,345
1780306800,90.79,90.83,90.71,90.81,165
1780307100,90.81,90.89,90.78,90.83,169
1780307400,90.84,90.93,90.8,90.82,223
1780307700,90.82,90.88,90.75,90.79,200
1780308000,90.79,90.89,90.64,90.84,500
1780308300,90.87,90.93,90.53,90.57,563
1780308600,90.55,90.6,90.45,90.58,637
1780308900,90.56,90.67,90.47,90.64,359
1780309200,90.64,90.72,90.57,90.62,327
1780309500,90.63,90.63,90.5,90.58,291
1780309800,90.56,90.71,90.53,90.65,198
1780310100,90.67,90.8,90.6,90.76,203
1780310400,90.78,90.82,90.67,90.68,204
1780310700,90.7,90.79,90.6,90.64,229
1780311000,90.65,90.67,90.58,90.59,210
1780311300,90.58,90.67,90.58,90.63,156
1780311600,90.64,90.64,90.4,90.56,599
1780311900,90.56,90.79,90.56,90.65,491
1780312200,90.65,90.78,90.61,90.65,246
1780312500,90.66,90.69,90.5,90.52,255
1780312800,90.52,90.52,90.35,90.48,531
1780313100,90.47,90.6,90.46,90.51,308
1780313400,90.5,90.56,90.36,90.4,391
1780313700,90.4,90.48,90.27,90.3,447
1780314000,90.3,90.43,90.24,90.34,378
1780314300,90.36,90.55,90.35,90.44,381
1780314600,90.45,90.46,90.31,90.41,359
1780314900,90.42,90.44,90.17,90.25,562
1780315200,90.25,90.36,90.18,90.34,446
1780315500,90.33,90.39,90.22,90.33,435
1780315800,90.34,90.49,90.34,90.4,434
1780316100,90.42,90.42,90.1,90.32,1070
1780316400,90.32,90.33,89.92,89.97,1278
1780316700,89.98,90.02,89.71,89.93,1843
1780317000,89.94,90.02,89.73,89.88,1064
1780317300,89.9,89.93,89.75,89.75,484
1780317600,89.76,90.01,89.25,89.42,2296
1780317900,89.38,89.61,89.28,89.36,1719
1780318200,89.36,89.81,89.34,89.72,1316
1780318500,89.72,89.87,89.62,89.65,778
1780318800,89.65,89.84,89.5,89.81,1335
1780319100,89.82,89.88,89.44,89.63,1156
1780319400,89.61,91.74,89.59,91.2,7795
1780319700,91.17,91.51,90.86,91.4,5325
1780320000,91.41,92.45,91.4,92.42,7361
1780320300,92.42,92.74,92.29,92.55,4813
1780320600,92.55,92.78,92.08,92.31,4654
1780320900,92.33,92.7,92.19,92.59,2794
1780321200,92.6,93.14,92.53,93.07,3327
1780321500,93.1,93.49,92.84,93.38,2868
1780321800,93.38,93.87,93.32,93.77,3331
1780322100,93.79,94.19,93.74,94.14,3093
1780322400,94.16,94.29,93.69,93.97,3799
1780322700,93.98,94.26,93.64,93.71,3200
1780323000,93.72,93.91,93.45,93.46,2450
1780323300,93.48,94.06,92.85,93.85,3893
1780323600,93.85,94.02,93.58,93.98,1938
1780323900,93.99,94.37,93.95,94.16,2605
1780324200,94.18,94.31,93.77,94.26,2275
1780324500,94.27,94.43,94.13,94.19,1478
1780324800,94.18,94.25,94.05,94.16,982
1780325100,94.16,94.5,94.14,94.33,1634
1780325400,94.32,94.6,94.2,94.48,1519
1780325700,94.49,94.71,94.4,94.5,1353
1780326000,94.49,94.72,94.37,94.4,1585
1780326300,94.41,94.79,94.03,94.19,2768
1780326600,94.2,94.23,94.05,94.19,887
1780326900,94.18,94.22,93.93,93.98,1182
1780327200,93.97,94.1,93.79,94,1162
1780327500,94.03,94.06,93.59,93.73,1734
1780327800,93.73,93.83,92.25,92.84,4703
1780328100,92.84,93.52,92.82,93.45,3286
1780328400,93.44,93.73,93.44,93.59,1647
1780328700,93.58,93.81,93.51,93.7,1164
1780329000,93.7,93.95,93.7,93.83,1411
1780329300,93.84,93.87,93.66,93.78,870
1780329600,93.76,93.95,93.48,93.87,1684
1780329900,93.86,94.16,93.82,93.93,1068
1780330200,93.92,94.45,93.89,94.2,3555
1780330500,94.23,94.37,94.07,94.13,1245
1780330800,94.11,94.28,94.09,94.26,808
1780331100,94.26,94.37,94.02,94.16,1526
1780331400,94.14,94.29,93.93,94.2,2720
1780331700,94.23,94.45,94.15,94.38,1223
1780332000,94.36,94.38,94.04,94.23,861
1780332300,94.23,94.29,93.71,93.91,1790
1780332600,93.89,93.97,93.02,93.09,3714
1780332900,93.1,93.21,92.72,92.82,3629
1780333200,92.81,93.13,92.69,92.97,3812
1780333500,92.94,93.2,92.92,93.1,1107
1780333800,93.08,93.09,92.62,92.74,1350
1780334100,92.75,92.88,92.67,92.81,800
1780334400,92.8,92.86,92.53,92.7,1375
1780334700,92.72,92.78,91.4,91.51,2299
1780335000,91.42,91.97,91.37,91.81,5491
1780335300,91.8,92,91.71,91.93,1693
1780335600,91.93,92.09,90.86,91.48,3203
1780335900,91.46,91.85,91.4,91.74,2004
1780336200,91.74,91.85,91.48,91.52,1519
1780336500,91.53,91.82,91.45,91.82,1112
1780336800,91.79,91.99,91.72,91.93,1135
1780337100,91.9,91.92,91.42,91.46,1030
1780337400,91.47,91.97,91.44,91.92,1054
1780337700,91.91,92.14,91.8,91.93,1417
1780338000,91.91,92.16,91.77,92.07,967
1780338300,92.07,92.28,91.93,92.19,1776
1780338600,92.21,92.44,92.11,92.22,1190
1780338900,92.22,92.44,92.19,92.44,498
1780339200,92.42,92.48,92.33,92.36,414
1780339500,92.37,92.46,92.37,92.46,274
1780339800,92.44,92.65,92.44,92.61,778
1780340100,92.61,92.62,92.42,92.53,471
1780340400,92.5,92.65,92.35,92.38,595
1780340700,92.37,92.57,92.27,92.43,1082
1780341000,92.42,92.42,92.16,92.3,693
1780341300,92.29,92.33,92.19,92.23,384
1780341600,92.24,92.29,92.11,92.16,331
1780341900,92.16,92.23,92.08,92.21,318
1780342200,92.2,92.25,92.11,92.25,853
1780342500,92.26,92.4,92.21,92.31,711
1780342800,92.3,92.57,92.3,92.52,535
1780343100,92.5,92.57,92.39,92.46,421
1780343400,92.45,92.51,92.41,92.5,409
1780343700,92.5,92.63,92.44,92.45,466
1780344000,92.44,92.55,92.34,92.37,1156
1780344300,92.38,92.48,92.32,92.32,185
1780344600,92.3,92.43,92.27,92.33,250
1780344900,92.33,92.35,92.17,92.18,399
1780345200,92.18,92.29,92.15,92.28,308
1780345500,92.3,92.32,92.21,92.3,128
1780345800,92.28,92.4,92.23,92.26,374
1780346100,92.25,92.3,92.06,92.16,497
1780346400,92.18,92.24,92.12,92.19,242
1780346700,92.22,92.49,92.2,92.39,541
1780347000,92.37,92.57,92.37,92.48,244
1780347300,92.46,92.5,92.34,92.5,361
1780351200,92.5,92.64,92.27,92.43,630
1780351500,92.46,92.56,92.33,92.56,318
1780351800,92.55,92.58,92.31,92.41,193
1780352100,92.41,92.41,92.23,92.25,156
1780352400,92.28,92.29,92.21,92.26,113
1780352700,92.27,92.33,92.13,92.21,211
1780353000,92.24,92.32,92.19,92.32,86
1780353300,92.3,92.39,92.27,92.38,152
1780353600,92.35,92.4,92.34,92.4,58
1780353900,92.4,92.45,92.32,92.33,140
1780354200,92.35,92.35,92.28,92.33,88
1780354500,92.31,92.34,92.3,92.3,78
1780354800,92.33,92.36,92.25,92.28,167
1780355100,92.28,92.36,92.28,92.3,116
1780355400,92.32,92.39,92.29,92.33,94
1780355700,92.35,92.35,92.25,92.27,136
1780356000,92.27,92.33,92.25,92.31,170
1780356300,92.31,92.34,92.3,92.32,43
1780356600,92.34,92.37,92.29,92.3,72
1780356900,92.29,92.32,92.02,92.06,274
1780357200,92.08,92.09,91.7,92.04,984
1780357500,92.05,92.09,91.89,91.97,182
1780357800,91.96,92.04,91.95,91.99,171
1780358100,91.98,92.02,91.86,91.92,195
1780358400,91.92,92.12,91.81,91.95,593
1780358700,91.94,92,91.89,91.96,183
1780359000,91.95,92,91.86,91.91,238
1780359300,91.91,91.92,91.66,91.82,514
1780359600,91.84,91.9,91.81,91.87,136
1780359900,91.89,91.97,91.8,91.87,298
1780360200,91.87,91.92,91.81,91.85,115
1780360500,91.85,91.91,91.83,91.84,90
1780360800,91.84,92.25,91.8,92.16,506
1780361100,92.18,92.34,92.18,92.34,330
1780361400,92.32,92.33,92.17,92.28,329
1780361700,92.3,92.5,92.2,92.39,416
1780362000,92.39,92.64,92.17,92.42,1324
1780362300,92.44,92.46,91.94,92.12,1133
1780362600,92.1,92.13,91.58,91.8,1248
1780362900,91.81,92,91.73,91.77,668
1780363200,91.77,91.89,91.75,91.86,350
1780363500,91.9,92.18,91.8,92.03,681
1780363800,92.04,92.04,91.76,91.84,326
1780364100,91.83,91.83,91.48,91.71,879
1780364400,91.69,91.79,91.56,91.71,848
1780364700,91.72,91.95,91.72,91.88,971
1780365000,91.9,91.91,91.63,91.71,298
1780365300,91.71,91.74,91.64,91.7,177
1780365600,91.68,91.68,91.47,91.62,654
1780365900,91.6,91.66,91.49,91.65,313
1780366200,91.64,91.66,91.53,91.65,178
1780366500,91.63,91.77,91.62,91.7,227
1780366800,91.68,91.78,91.68,91.76,111
1780367100,91.77,91.83,91.74,91.77,160
1780367400,91.77,91.78,91.57,91.65,483
1780367700,91.67,91.72,91.59,91.65,147
1780368000,91.66,91.84,91.57,91.78,376
1780368300,91.77,91.84,91.72,91.82,121
1780368600,91.85,91.89,91.78,91.87,234
1780368900,91.87,91.87,91.73,91.79,245
1780369200,91.79,91.79,91.7,91.78,155
1780369500,91.79,91.82,91.73,91.76,60
1780369800,91.78,91.81,91.74,91.78,84
1780370100,91.77,91.77,91.65,91.73,250
1780370400,91.76,91.8,91.63,91.64,286
1780370700,91.64,91.67,91.55,91.65,313
1780371000,91.67,91.75,91.64,91.64,112
1780371300,91.62,91.65,91.35,91.51,515
1780371600,91.49,91.58,91.47,91.5,162
1780371900,91.5,91.52,91.28,91.34,337
1780372200,91.36,91.36,91.29,91.31,156
1780372500,91.32,91.5,91.28,91.45,220
1780372800,91.45,91.52,91.43,91.44,138
1780373100,91.45,91.45,91.36,91.4,124
1780373400,91.4,91.41,91.33,91.35,110
1780373700,91.36,91.36,91.18,91.28,579
1780374000,91.28,91.29,91.19,91.27,214
1780374300,91.28,91.32,91.25,91.3,162
1780374600,91.29,91.35,91.27,91.27,108
1780374900,91.29,91.41,91.29,91.39,134
1780375200,91.4,91.44,91.35,91.36,126
1780375500,91.36,91.38,91.27,91.31,147
1780375800,91.3,91.33,91.25,91.3,97
1780376100,91.31,91.31,91.17,91.22,270
1780376400,91.22,91.35,91.12,91.31,227
1780376700,91.34,91.4,91.3,91.37,170
1780377000,91.37,91.38,91.26,91.27,121
1780377300,91.27,91.33,91.21,91.23,213
1780377600,91.22,91.28,91.19,91.27,91
1780377900,91.27,91.36,91.24,91.36,129
1780378200,91.37,91.37,91.01,91.01,741
1780378500,91.03,91.18,91,91.16,656
1780378800,91.18,91.23,91.02,91.03,299
1780379100,91.03,91.26,91,91.19,406
1780379400,91.2,91.38,91.19,91.38,329
1780379700,91.38,91.47,91.36,91.38,420
1780380000,91.38,91.53,91.25,91.3,859
1780380300,91.3,91.3,91.09,91.23,323
1780380600,91.26,91.31,91.19,91.26,177
1780380900,91.24,91.29,91.1,91.18,241
1780381200,91.19,91.23,91.1,91.18,246
1780381500,91.18,91.26,91.12,91.14,246
1780381800,91.15,91.18,91,91.13,421
1780382100,91.12,91.23,91.06,91.23,346
1780382400,91.22,91.46,91.21,91.46,528
1780382700,91.46,91.64,91.39,91.6,903
1780383000,91.59,91.7,91.53,91.57,691
1780383300,91.57,91.59,91.47,91.55,347
1780383600,91.54,91.75,91.37,91.47,776
1780383900,91.48,91.5,91.31,91.36,446
1780384200,91.36,91.42,91.29,91.32,336
1780384500,91.32,91.37,91.09,91.19,484
1780384800,91.17,91.28,91.03,91.25,604
1780385100,91.25,91.5,91.2,91.44,697
1780385400,91.44,91.7,91.41,91.48,573
1780385700,91.48,91.49,91.25,91.29,286
1780386000,91.31,91.31,90.93,91,847
1780386300,90.99,91.05,90.66,90.76,1271
1780386600,90.78,90.9,90.65,90.69,691
1780386900,90.69,90.94,90.56,90.81,924
1780387200,90.81,90.84,90.61,90.63,491
1780387500,90.62,90.8,90.6,90.7,531
1780387800,90.74,90.99,90.66,90.98,416
1780388100,90.98,90.99,90.59,90.74,575
1780388400,90.74,90.93,90.5,90.56,1137
1780388700,90.57,91.24,90.56,91.12,1787
1780389000,91.12,91.12,90.56,90.69,931
1780389300,90.66,90.71,90.56,90.6,342
1780389600,90.6,90.64,90.4,90.53,876
1780389900,90.52,90.52,90.21,90.3,808
1780390200,90.3,90.53,90.15,90.52,744
1780390500,90.51,90.68,90.48,90.65,461
1780390800,90.64,90.71,90.47,90.49,346
1780391100,90.48,90.49,90.31,90.33,310
1780391400,90.33,90.58,90.33,90.53,305
1780391700,90.54,90.54,90.17,90.18,522
1780392000,90.17,90.3,90.11,90.26,374
1780392300,90.25,90.65,90.2,90.64,696
1780392600,90.65,90.79,90.58,90.65,605
1780392900,90.63,90.79,90.57,90.76,352
1780393200,90.76,91.02,90.69,90.81,825
1780393500,90.82,90.93,90.63,90.9,522
1780393800,90.92,91,90.83,90.88,304
1780394100,90.89,91.08,90.79,91,363
1780394400,91,91.27,90.98,91.15,689
1780394700,91.15,91.15,90.87,90.96,492
1780395000,90.96,91.12,90.93,91.11,310
1780395300,91.1,91.36,91.09,91.31,666
1780395600,91.33,91.53,91.32,91.36,764
1780395900,91.37,91.44,91.24,91.25,333
1780396200,91.27,91.27,91.08,91.15,467
1780396500,91.16,91.21,91.1,91.17,204
1780396800,91.17,91.33,91.11,91.23,289
1780397100,91.24,91.25,91.02,91.16,485
1780397400,91.17,91.25,91.08,91.18,207
1780397700,91.16,91.21,91.11,91.16,108
1780398000,91.15,91.18,90.92,90.97,445
1780398300,91,91.01,90.76,90.76,515
1780398600,90.78,90.95,90.73,90.91,413
1780398900,90.9,91.04,90.85,90.91,350
1780399200,90.94,91.19,90.88,91.14,448
1780399500,91.12,91.13,91.03,91.07,239
1780399800,91.06,91.25,91.05,91.23,364
1780400100,91.24,91.25,91.03,91.07,401
1780400400,91.05,91.09,90.91,91.06,416
1780400700,91.06,91.13,91.01,91.13,199
1780401000,91.15,91.19,91.02,91.14,183
1780401300,91.12,91.24,90.99,91.02,300
1780401600,91.02,91.04,90.85,90.93,371
1780401900,90.93,90.97,90.83,90.88,282
1780402200,90.88,90.94,90.69,90.76,634
1780402500,90.76,90.79,90.56,90.63,597
1780402800,90.62,91.04,90.6,90.91,859
1780403100,90.92,91.11,90.78,90.81,750
1780403400,90.79,91.18,90.77,91.1,798
1780403700,91.12,91.61,91.01,91.33,2225
1780404000,91.31,91.45,91.02,91.24,1614
1780404300,91.23,91.29,91.08,91.27,608
1780404600,91.25,91.27,91.02,91.05,469
1780404900,91.06,91.23,91.05,91.15,440
1780405200,91.14,91.49,91.1,91.34,1072
1780405500,91.33,92.07,91.16,91.83,3295
1780405800,91.82,91.93,91.54,91.74,1699
1780406100,91.75,91.9,91.64,91.81,1113
1780406400,91.82,91.86,91.69,91.79,633
1780406700,91.8,92.21,91.79,92.17,1261
1780407000,92.16,92.41,92.12,92.35,1951
1780407300,92.36,92.36,91.92,92.07,1875
1780407600,92.09,92.28,91.93,92.23,1241
1780407900,92.24,92.31,92.1,92.22,899
1780408200,92.23,92.45,92.08,92.19,1224
1780408500,92.2,92.3,92.09,92.27,718
1780408800,92.29,92.43,92.16,92.25,1025
1780409100,92.23,92.42,92.04,92.29,1178
1780409400,92.3,92.31,91.97,92.02,1078
1780409700,92.02,92.23,91.91,91.97,1609
1780410000,91.96,92.5,91.81,92.35,3049
1780410300,92.34,92.38,92.09,92.15,1548
1780410600,92.14,92.14,91.64,91.9,2640
1780410900,91.92,91.93,91.7,91.82,1498
1780411200,91.82,91.91,91.68,91.89,818
1780411500,91.89,92.18,91.74,92.07,1264
1780411800,92.05,92.1,91.9,91.96,576
1780412100,91.96,92.09,91.9,91.91,476
1780412400,91.91,91.93,91.75,91.81,971
1780412700,91.81,91.92,91.45,91.53,1316
1780413000,91.55,91.8,91.45,91.75,1096
1780413300,91.75,91.75,91.53,91.6,865
1780413600,91.62,91.68,91.5,91.61,480
1780413900,91.59,91.99,91.52,91.82,1293
1780414200,91.8,92.26,91.79,92.12,1475
1780414500,92.13,92.16,92.03,92.12,781
1780414800,92.13,92.43,92.11,92.39,1653
1780415100,92.39,92.59,92.31,92.57,1738
1780415400,92.56,93,92.55,92.83,2394
1780415700,92.84,93.09,92.81,92.86,1703
1780416000,92.84,93.07,92.76,92.87,1055
1780416300,92.85,93,92.44,92.64,1995
1780416600,92.64,92.8,92.59,92.75,803
1780416900,92.75,93.22,92.75,93.14,1360
1780417200,93.14,93.23,92.98,93.02,915
1780417500,93.02,93.24,92.98,93.2,607
1780417800,93.19,93.37,93.11,93.29,786
1780418100,93.34,93.38,93.21,93.29,616
1780418400,93.31,93.43,93.26,93.31,648
1780418700,93.3,93.31,93.12,93.17,650
1780419000,93.19,93.27,93.16,93.17,443
1780419300,93.16,93.23,93.03,93.1,693
1780419600,93.1,93.2,92.9,93.02,1570
1780419900,93.04,93.35,92.92,93.28,1764
1780420200,93.27,93.45,93.21,93.27,851
1780420500,93.26,93.8,93.23,93.5,1456
1780420800,93.49,93.63,93.47,93.52,712
1780421100,93.53,93.69,93.47,93.65,498
1780421400,93.65,93.79,93.53,93.54,727
1780421700,93.55,93.68,93.54,93.65,405
1780422000,93.62,93.64,93.53,93.53,331
1780422300,93.53,93.68,93.48,93.62,594
1780422600,93.62,93.87,93.62,93.84,733
1780422900,93.84,93.95,93.78,93.84,735
1780423200,93.84,93.85,93.42,93.65,1149
1780423500,93.67,93.67,93.37,93.44,510
1780423800,93.44,93.68,93.2,93.59,1253
1780424100,93.61,93.75,93.61,93.74,441
1780424400,93.76,93.87,93.68,93.72,451
1780424700,93.77,93.86,93.42,93.72,1559
1780425000,93.72,94,93.71,93.9,835
1780425300,93.9,93.95,93.77,93.78,354
1780425600,93.77,93.93,93.74,93.88,427
1780425900,93.9,93.9,93.8,93.84,162
1780426200,93.82,93.92,93.82,93.85,143
1780426500,93.87,93.93,93.85,93.89,122
1780426800,93.88,93.91,93.77,93.78,193
1780427100,93.78,93.84,93.75,93.76,360
1780427400,93.78,93.82,93.77,93.8,231
1780427700,93.8,93.8,93.7,93.73,301
1780428000,93.74,93.76,93.61,93.62,316
1780428300,93.61,93.64,93.55,93.6,309
1780428600,93.57,93.59,93.47,93.56,253
1780428900,93.56,93.69,93.51,93.58,313
1780429200,93.56,93.57,93.44,93.46,294
1780429500,93.46,93.66,93.46,93.6,492
1780429800,93.58,93.77,93.54,93.68,492
1780430100,93.69,93.7,93.63,93.68,300
1780430400,93.67,93.72,93.62,93.64,174
1780430700,93.64,93.65,93.56,93.6,175
1780431000,93.57,93.6,93.47,93.56,377
1780431300,93.58,93.61,93.55,93.57,112
1780431600,93.58,93.59,93.5,93.53,256
1780431900,93.53,93.56,93.49,93.51,206
1780432200,93.5,93.53,93.37,93.41,824
1780432500,93.41,93.48,93.33,93.39,351
1780432800,93.4,93.53,93.38,93.49,298
1780433100,93.49,93.52,93.43,93.44,207
1780433400,93.47,93.5,93.38,93.43,192
1780433700,93.41,93.47,93.36,93.38,266
1780437600,93.42,93.99,93.4,93.98,879
1780437900,93.92,93.94,93.7,93.79,348
1780438200,93.78,94.1,93.76,93.97,489
1780438500,93.97,94.07,93.9,93.96,432
1780438800,93.97,94.1,93.88,93.99,296
1780439100,93.99,93.99,93.8,93.86,167
1780439400,93.87,93.9,93.81,93.81,131
1780439700,93.8,93.86,93.8,93.83,60
1780440000,93.85,93.97,93.77,93.9,228
1780440300,93.91,93.98,93.87,93.96,136
1780440600,93.96,94.31,93.93,94.16,854
1780440900,94.18,94.5,93.95,94.25,937
1780441200,94.26,94.72,94.12,94.65,1258
1780441500,94.65,94.79,94.47,94.73,802
1780441800,94.7,94.92,94.64,94.83,668
1780442100,94.82,95.43,94.8,95.43,1884
1780442400,95.43,96.07,95.11,95.8,2435
1780442700,95.81,96.07,95.57,95.57,1586
1780443000,95.57,95.78,95.51,95.62,662
1780443300,95.62,95.63,95.03,95.37,1789
1780443600,95.38,95.4,94.83,94.83,1545
1780443900,94.85,95.04,94.82,94.86,893
1780444200,94.86,95.1,94.72,94.84,585
1780444500,94.85,94.9,94.55,94.59,699
1780444800,94.59,94.63,94.18,94.47,1398
1780445100,94.49,94.61,94.43,94.52,519
1780445400,94.5,94.87,94.5,94.77,1025
1780445700,94.78,94.9,94.51,94.52,786
1780446000,94.52,94.61,94.46,94.61,322
1780446300,94.61,94.79,94.59,94.61,412
1780446600,94.62,94.72,94.54,94.57,345
1780446900,94.6,94.67,94.54,94.57,195
1780447200,94.57,94.65,94.51,94.55,169
1780447500,94.54,94.63,94.53,94.63,222
1780447800,94.61,94.61,94.38,94.48,423
1780448100,94.49,94.54,94.34,94.4,232
1780448400,94.39,94.89,94.2,94.86,1237
1780448700,94.85,95.05,94.79,94.87,868
1780449000,94.87,94.94,94.71,94.93,752
1780449300,94.94,95.06,94.91,95.04,576
1780449600,95.03,95.1,95,95.04,366
1780449900,95.03,95.06,94.77,94.81,462
1780450200,94.82,94.95,94.73,94.93,538
1780450500,94.94,94.97,94.82,94.91,204
1780450800,94.89,94.96,94.85,94.95,220
1780451100,94.94,94.97,94.84,94.89,182
1780451400,94.9,94.97,94.84,94.87,131
1780451700,94.85,94.91,94.81,94.84,183
1780452000,94.84,94.88,94.76,94.84,205
1780452300,94.86,94.86,94.77,94.79,279
1780452600,94.8,94.82,94.6,94.63,582
1780452900,94.64,94.72,94.63,94.69,152
1780453200,94.69,94.73,94.67,94.68,178
1780453500,94.71,94.71,94.57,94.61,215
1780453800,94.63,94.67,94.58,94.59,147
1780454100,94.61,94.61,94.54,94.56,184
1780454400,94.58,94.6,94.52,94.57,139
1780454700,94.57,94.78,94.57,94.74,296
1780455000,94.75,94.81,94.66,94.81,265
1780455300,94.78,94.79,94.68,94.72,190
1780455600,94.73,94.74,94.61,94.62,285
1780455900,94.62,94.64,94.55,94.55,361
1780456200,94.56,94.62,94.5,94.58,197
1780456500,94.59,94.7,94.58,94.67,177
1780456800,94.66,94.67,94.61,94.63,98
1780457100,94.62,94.69,94.59,94.66,126
1780457400,94.67,94.69,94.52,94.55,196
1780457700,94.56,94.65,94.54,94.65,125
1780458000,94.65,94.73,94.63,94.7,143
1780458300,94.68,94.72,94.65,94.66,95
1780458600,94.65,94.77,94.65,94.76,143
1780458900,94.75,94.8,94.7,94.71,132
1780459200,94.72,94.78,94.7,94.77,67
1780459500,94.77,94.92,94.77,94.85,259
1780459800,94.86,94.95,94.85,94.86,245
1780460100,94.86,94.95,94.84,94.86,202
1780460400,94.87,94.88,94.84,94.85,45
1780460700,94.85,94.92,94.82,94.89,64
1780461000,94.89,94.99,94.88,94.95,227
1780461300,94.93,94.98,94.92,94.95,247
1780461600,94.94,95.04,94.9,95.02,414
1780461900,95.03,95.18,95.01,95.09,403
1780462200,95.11,95.12,94.98,95,217
1780462500,94.99,95.03,94.87,94.89,272
1780462800,94.88,94.96,94.85,94.85,142
1780463100,94.85,94.96,94.85,94.91,113
1780463400,94.93,94.95,94.78,94.86,183
1780463700,94.86,94.92,94.84,94.92,87
1780464000,94.91,94.97,94.89,94.9,138
1780464300,94.89,95,94.89,94.96,90
1780464600,94.95,95.08,94.89,95.06,288
1780464900,95.07,95.25,94.98,95.16,458
1780465200,95.15,95.22,95.11,95.21,352
1780465500,95.23,95.44,95.23,95.34,672
1780465800,95.33,95.54,95.29,95.5,665
1780466100,95.51,95.58,95.46,95.58,385
1780466400,95.58,95.63,95.2,95.2,877
1780466700,95.2,95.36,95.16,95.2,463
1780467000,95.21,95.54,95.15,95.43,612
1780467300,95.42,95.49,95.33,95.4,312
1780467600,95.37,95.4,95.29,95.34,182
1780467900,95.36,95.38,95.23,95.28,238
1780468200,95.3,95.67,95.3,95.49,485
1780468500,95.5,95.59,95.3,95.37,408
1780468800,95.35,95.85,95.35,95.52,973
1780469100,95.51,95.73,95.5,95.67,474
1780469400,95.67,95.8,95.61,95.75,585
1780469700,95.76,95.84,95.73,95.74,312
1780470000,95.73,95.92,95.69,95.85,599
1780470300,95.84,95.87,95.56,95.59,472
1780470600,95.6,95.66,95.49,95.52,579
1780470900,95.51,95.68,95.51,95.58,328
1780471200,95.58,95.71,95.51,95.7,275
1780471500,95.68,95.83,95.68,95.81,205
1780471800,95.82,95.93,95.77,95.83,350
1780472100,95.83,96,95.65,95.75,675
1780472400,95.74,96.01,95.72,95.91,679
1780472700,95.89,96.05,95.89,95.96,381
1780473000,95.96,95.96,95.72,95.85,286
1780473300,95.85,95.89,95.81,95.86,182
1780473600,95.86,96.03,95.73,95.74,528
1780473900,95.74,96.04,95.67,95.68,788
1780474200,95.71,95.82,95.65,95.71,243
1780474500,95.7,96.2,95.6,96.13,1328
1780474800,96.15,96.56,96.13,96.51,1612
1780475100,96.52,96.54,96,96.01,1452
1780475400,96.02,96.15,95.94,96.05,891
1780475700,96.06,96.23,96.05,96.1,540
1780476000,96.06,96.32,96.04,96.23,332
1780476300,96.21,96.23,96,96.14,372
1780476600,96.12,96.31,96.11,96.29,255
1780476900,96.29,96.44,96.23,96.35,300
1780477200,96.35,96.49,96.32,96.33,409
1780477500,96.32,96.32,95.87,95.93,763
1780477800,95.93,96.19,95.9,96.16,453
1780478100,96.16,96.39,96.15,96.26,389
1780478400,96.26,96.54,96.18,96.36,559
1780478700,96.37,96.5,96.25,96.29,432
1780479000,96.28,96.48,96.26,96.34,288
1780479300,96.35,96.35,96.14,96.21,303
1780479600,96.24,96.48,96.23,96.37,245
1780479900,96.37,96.8,96.34,96.69,1149
1780480200,96.7,96.92,96.59,96.92,835
1780480500,96.93,96.98,96.82,96.87,775
1780480800,96.87,97,96.76,96.76,610
1780481100,96.76,96.76,95.65,95.95,4514
1780481400,95.95,96.22,95.75,96.22,1525
1780481700,96.17,96.42,96.16,96.28,802
1780482000,96.26,96.5,96.22,96.42,555
1780482300,96.4,96.48,96.29,96.3,439
1780482600,96.3,96.38,96.09,96.23,746
1780482900,96.27,96.32,96.12,96.23,331
1780483200,96.22,96.54,96.17,96.42,421
1780483500,96.41,96.44,96.23,96.25,276
1780483800,96.24,96.31,95.97,95.97,392
1780484100,95.97,96.08,95.85,95.98,617
1780484400,95.98,96.05,95.85,95.95,504
1780484700,95.95,96.04,95.86,95.94,411
1780485000,95.95,96,95.69,95.78,628
1780485300,95.79,95.95,95.77,95.88,406
1780485600,95.86,95.94,95.65,95.73,421
1780485900,95.72,95.77,95.55,95.7,834
1780486200,95.7,95.76,95.55,95.71,455
1780486500,95.69,95.82,95.68,95.73,385
1780486800,95.74,95.85,95.72,95.76,261
1780487100,95.74,95.99,95.55,95.88,559
1780487400,95.88,95.94,95.5,95.69,610
1780487700,95.69,95.78,95.61,95.71,339
1780488000,95.72,95.75,95.32,95.52,1445
1780488300,95.53,95.86,95.53,95.78,638
1780488600,95.77,95.95,95.75,95.94,457
1780488900,95.95,96.24,95.95,96.2,1120
1780489200,96.22,96.33,96.1,96.2,634
1780489500,96.2,96.4,96.2,96.33,520
1780489800,96.33,96.5,96.26,96.49,854
1780490100,96.47,96.5,96.22,96.22,576
1780490400,96.25,96.32,96.1,96.14,608
1780490700,96.14,96.4,96.06,96.06,580
1780491000,96.07,96.16,95.96,96.09,834
1780491300,96.1,96.31,95.9,96.01,1001
1780491600,96.01,96.17,95.62,95.63,1650
1780491900,95.62,95.77,95.17,95.23,3047
1780492200,95.23,95.35,95.05,95.2,1932
1780492500,95.21,95.3,94.97,95.09,1459
1780492800,95.08,95.2,94.91,95.18,1291
1780493100,95.18,95.26,95.05,95.12,736
1780493400,95.12,95.17,94.74,94.91,2679
1780493700,94.91,95.09,94.78,94.82,1435
1780494000,94.81,95.06,94.76,95.06,922
1780494300,95.03,95.18,94.89,94.95,1556
1780494600,94.94,94.99,94.52,94.6,1927
1780494900,94.6,94.79,94.43,94.49,1655
1780495200,94.48,94.65,94.33,94.6,1448
1780495500,94.62,94.72,94.57,94.65,710
1780495800,94.64,94.73,94.53,94.67,594
1780496100,94.66,95.39,94.6,95.1,2631
1780496400,95.11,95.3,94.81,94.91,1578
1780496700,94.91,95.3,94.91,95.19,1017
1780497000,95.19,95.55,94.92,95.45,2234
1780497300,95.42,95.44,94.95,95.16,1523
1780497600,95.17,95.59,95.15,95.53,1110
1780497900,95.55,95.65,95.46,95.53,1012
1780498200,95.54,95.66,95.2,95.27,1246
1780498500,95.28,95.45,95.2,95.23,686
1780498800,95.25,95.57,95.05,95.51,1178
1780499100,95.51,95.82,95.46,95.82,1567
1780499400,95.83,95.86,95.59,95.68,1031
1780499700,95.68,95.73,95.08,95.3,2038
1780500000,95.3,95.47,95.17,95.42,668
1780500300,95.44,95.84,95.44,95.47,1629
1780500600,95.45,95.73,95.44,95.7,935
1780500900,95.68,96.3,95.68,95.99,2169
1780501200,96,96.22,95.86,95.88,1098
1780501500,95.89,96.02,95.83,95.97,526
1780501800,95.99,96.01,95.86,95.96,401
1780502100,95.96,96.02,95.81,95.86,583
1780502400,95.87,95.99,95.77,95.81,541
1780502700,95.82,96.17,95.66,96.1,1196
1780503000,96.09,96.2,96.01,96.14,578
1780503300,96.12,96.32,96.09,96.13,741
1780503600,96.14,96.17,95.85,95.98,906
1780503900,95.96,96.29,95.92,96.17,835
1780504200,96.18,96.19,95.91,95.98,581
1780504500,96.02,96.08,95.88,95.98,418
1780504800,95.96,95.96,95.84,95.86,420
1780505100,95.87,95.87,95.62,95.83,864
1780505400,95.84,96.04,95.73,95.94,1170
1780505700,95.92,95.95,95.62,95.65,923
1780506000,95.65,95.86,95.6,95.8,502
1780506300,95.82,95.83,95.22,95.6,1625
1780506600,95.63,96.24,95.54,96.15,1397
1780506900,96.16,96.32,96.04,96.17,992
1780507200,96.19,96.23,96.07,96.07,511
1780507500,96.07,96.25,96.04,96.16,333
1780507800,96.16,96.48,96.15,96.38,949
1780508100,96.37,96.39,96.18,96.23,464
1780508400,96.25,96.45,96.21,96.37,507
1780508700,96.39,96.43,96.21,96.28,427
1780509000,96.29,96.31,96.1,96.11,371
1780509300,96.11,96.26,96.08,96.22,464
1780509600,96.23,96.26,95.91,96.02,682
1780509900,96.02,96.16,95.96,96.13,384
1780510200,96.13,96.28,96.05,96.12,552
1780510500,96.13,96.16,96.03,96.05,340
1780510800,96.05,96.39,95.83,95.92,958
1780511100,95.93,96.14,95.86,96.03,747
1780511400,96.02,96.34,95.99,96.31,788
1780511700,96.32,96.57,96.3,96.34,986
1780512000,96.34,96.45,96.32,96.34,317
1780512300,96.33,96.35,96.14,96.22,433
1780512600,96.22,96.22,96.07,96.11,195
1780512900,96.1,96.15,96.02,96.06,243
1780513200,96.05,96.13,95.97,96.01,274
1780513500,96,96.04,95.95,96.03,223
1780513800,96.03,96.09,95.99,95.99,191
1780514100,96.02,96.06,95.63,95.81,944
1780514400,95.79,95.99,95.78,95.98,321
1780514700,96,96.19,96,96.14,376
1780515000,96.13,96.17,96.06,96.06,147
1780515300,96.06,96.17,96.01,96.06,207
1780515600,96.07,96.07,95.97,96.02,204
1780515900,96.03,96.07,96,96.03,115
1780516200,96.05,96.21,95.92,96.19,578
1780516500,96.2,96.24,96.13,96.21,484
1780516800,96.22,96.37,96.18,96.33,376
1780517100,96.32,96.37,96.25,96.32,224
1780517400,96.34,96.47,96.26,96.41,625
1780517700,96.43,96.46,96.31,96.35,217
1780518000,96.34,96.35,96.23,96.29,213
1780518300,96.29,96.31,96.19,96.25,234
1780518600,96.26,96.28,96.02,96.06,420
1780518900,96.06,96.26,96.01,96.22,241
1780519200,96.22,96.49,96.21,96.42,677
1780519500,96.42,96.46,96.3,96.35,1005
1780519800,96.34,96.43,96.24,96.27,258
1780520100,96.28,96.34,96.04,96.21,470
1780524000,95.92,95.92,95.36,95.71,1025
1780524300,95.68,95.92,95.68,95.68,435
1780524600,95.67,95.72,95.45,95.64,742
1780524900,95.63,95.8,95.61,95.75,210
1780525200,95.72,95.84,95.72,95.82,160
1780525500,95.79,95.9,95.76,95.82,204
1780525800,95.85,95.85,94.82,95.35,1315
1780526100,95.38,95.52,95.33,95.47,510
1780526400,95.48,95.68,95.39,95.65,329
1780526700,95.65,95.65,95.43,95.54,203
1780527000,95.54,95.65,95.5,95.56,150
1780527300,95.57,95.57,95.01,95.24,1040
1780527600,95.23,95.34,95.17,95.31,289
1780527900,95.3,95.36,95.15,95.27,235
1780528200,95.26,95.44,95.22,95.33,339
1780528500,95.33,95.5,95.28,95.42,209
1780528800,95.47,95.5,95.42,95.45,97
1780529100,95.47,95.47,95.32,95.37,160
1780529400,95.37,95.38,95.3,95.38,128
1780529700,95.36,95.38,95.23,95.29,135
1780530000,95.3,95.4,95.27,95.37,160
1780530300,95.36,95.5,95.33,95.35,238
1780530600,95.35,95.39,95.29,95.32,157
1780530900,95.32,95.41,95.31,95.39,135
1780531200,95.41,95.59,95.24,95.37,681
1780531500,95.35,95.42,95.27,95.39,211
1780531800,95.39,95.42,95.3,95.39,244
1780532100,95.38,95.63,95.38,95.48,445
1780532400,95.47,95.57,95.46,95.56,155
1780532700,95.55,95.76,95.53,95.67,300
1780533000,95.67,95.68,95.42,95.45,271
1780533300,95.45,95.52,95.38,95.38,186
1780533600,95.39,95.49,95.39,95.48,129
1780533900,95.48,95.59,95.46,95.54,119
1780534200,95.53,95.56,95.44,95.48,127
1780534500,95.47,95.53,95.29,95.3,306
1780534800,95.33,95.51,95.28,95.34,469
1780535100,95.38,95.4,95.11,95.14,783
1780535400,95.14,95.23,95.07,95.21,657
1780535700,95.21,95.33,95.21,95.24,275
1780536000,95.23,95.24,95.12,95.17,261
1780536300,95.16,95.18,95.06,95.1,394
1780536600,95.1,95.1,94.83,94.95,949
1780536900,94.94,95.01,94.89,94.96,322
1780537200,94.95,95.1,94.94,95.04,229
1780537500,95.05,95.05,94.93,94.98,243
1780537800,94.98,95.18,94.98,95.17,257
1780538100,95.16,95.16,95,95.02,248
1780538400,94.99,95.1,94.9,94.96,332
1780538700,94.98,95.05,94.98,95.01,179
1780539000,95,95.03,94.95,95,214
1780539300,95,95.09,94.87,94.94,199
1780539600,94.95,94.96,94.77,94.87,341
1780539900,94.86,94.95,94.83,94.94,192
1780540200,94.92,94.98,94.87,94.95,217
1780540500,94.94,94.96,94.88,94.92,94
1780540800,94.93,94.93,94.88,94.91,53
1780541100,94.9,94.93,94.84,94.92,177
1780541400,94.92,94.92,94.83,94.86,114
1780541700,94.86,94.89,94.82,94.83,129
1780542000,94.84,94.93,94.83,94.88,163
1780542300,94.88,94.89,94.77,94.83,116
1780542600,94.81,94.85,94.77,94.85,139
1780542900,94.84,94.9,94.84,94.88,129
1780543200,94.88,94.96,94.86,94.87,228
1780543500,94.86,94.97,94.85,94.94,133
1780543800,94.94,95.16,94.94,95.07,413
1780544100,95.09,95.24,95.09,95.22,320
1780544400,95.22,95.53,95.22,95.46,618
1780544700,95.48,95.52,95.35,95.36,279
1780545000,95.35,95.36,95.24,95.29,281
1780545300,95.28,95.28,95.08,95.1,423
1780545600,95.1,95.21,95.02,95.13,356
1780545900,95.14,95.26,95.14,95.23,136
1780546200,95.23,95.27,95.15,95.16,140
1780546500,95.17,95.32,95.13,95.32,273
1780546800,95.32,95.36,95.24,95.26,112
1780547100,95.23,95.27,95.2,95.2,116
1780547400,95.21,95.34,95.12,95.23,233
1780547700,95.22,95.3,95.18,95.26,144
1780548000,95.28,95.29,95.19,95.2,66
1780548300,95.21,95.3,95.19,95.25,85
1780548600,95.24,95.31,95.21,95.24,73
1780548900,95.23,95.24,95.18,95.18,33
1780549200,95.19,95.29,95.18,95.28,72
1780549500,95.28,95.39,95.26,95.34,157
1780549800,95.33,95.37,95.3,95.33,44
1780550100,95.34,95.47,95.33,95.37,190
1780550400,95.37,95.53,95.37,95.49,300
1780550700,95.48,95.61,95.44,95.57,341
1780551000,95.57,95.6,95.33,95.44,471
1780551300,95.45,95.46,95.35,95.4,163
1780551600,95.39,95.39,95.16,95.2,366
1780551900,95.19,95.48,95.19,95.45,330
1780552200,95.43,95.45,95.3,95.34,189
1780552500,95.32,95.34,95.17,95.18,231
1780552800,95.18,95.25,94.96,95.12,597
1780553100,95.12,95.13,95.02,95.13,239
1780553400,95.14,95.31,95.09,95.29,284
1780553700,95.29,95.45,95.23,95.41,397
1780554000,95.39,95.48,95.29,95.31,194
1780554300,95.32,95.32,95.16,95.18,227
1780554600,95.2,95.24,94.9,95.01,550
1780554900,95,95.1,94.94,95.08,255
1780555200,95.07,95.21,95.05,95.16,241
1780555500,95.16,95.41,95.15,95.25,341
1780555800,95.24,95.27,95.08,95.13,526
1780556100,95.13,95.3,95.12,95.22,253
1780556400,95.21,95.32,95.07,95.18,390
1780556700,95.16,95.28,95.12,95.21,126
1780557000,95.19,95.23,95.01,95.11,222
1780557300,95.12,95.13,94.87,94.95,274
1780557600,94.97,95.27,94.93,95.19,297
1780557900,95.22,95.43,95.22,95.31,412
1780558200,95.32,95.35,95.05,95.16,319
1780558500,95.17,95.33,95.11,95.28,230
1780558800,95.28,95.52,95.2,95.43,438
1780559100,95.44,95.5,95.32,95.37,226
1780559400,95.36,95.62,95.34,95.5,521
1780559700,95.52,95.55,95.34,95.43,237
1780560000,95.46,95.7,95.36,95.43,823
1780560300,95.44,95.49,95.03,95.09,716
1780560600,95.09,95.4,95,95.39,680
1780560900,95.4,95.41,95.07,95.22,452
1780561200,95.23,95.5,95.19,95.19,597
1780561500,95.18,95.3,94.79,94.81,997
1780561800,94.78,95.29,94.38,95.2,2585
1780562100,95.21,95.39,95.14,95.32,486
1780562400,95.3,95.31,95.07,95.08,332
1780562700,95.07,95.08,94.88,95,435
1780563000,94.98,95.04,94.83,94.83,303
1780563300,94.83,94.98,94.82,94.89,288
1780563600,94.89,95.03,94.5,94.52,723
1780563900,94.52,94.71,94.46,94.67,489
1780564200,94.64,94.89,94.62,94.77,375
1780564500,94.77,94.89,94.67,94.7,338
1780564800,94.69,94.89,94.65,94.88,346
1780565100,94.88,94.92,94.78,94.84,202
1780565400,94.82,95,94.8,94.83,269
1780565700,94.81,94.85,94.2,94.49,1197
1780566000,94.47,94.51,94.35,94.38,398
1780566300,94.36,94.4,94.1,94.19,848
1780566600,94.19,94.27,94.06,94.23,620
1780566900,94.23,94.56,94.2,94.51,647
1780567200,94.5,94.75,94.5,94.59,601
1780567500,94.58,94.88,94.51,94.85,605
1780567800,94.86,95.14,94.84,94.93,912
1780568100,94.93,95.24,94.89,95.17,555
1780568400,95.15,95.17,94.93,94.96,439
1780568700,94.98,95.13,94.93,95.08,312
1780569000,95.09,95.1,94.82,94.91,395
1780569300,94.92,95.19,94.88,95.14,405
1780569600,95.14,95.29,95.02,95.07,556
1780569900,95.06,95.15,94.98,95.15,222
1780570200,95.15,95.32,95.12,95.18,628
1780570500,95.16,95.19,94.85,94.89,487
1780570800,94.87,94.93,94.69,94.79,583
1780571100,94.77,94.79,94.63,94.66,478
1780571400,94.67,94.77,94.57,94.59,389
1780571700,94.59,94.64,94,94,1455
1780572000,94,94.21,93.68,93.88,2075
1780572300,93.86,93.89,93.63,93.8,1480
1780572600,93.79,94.13,93.7,93.87,1211
1780572900,93.87,93.91,93.5,93.54,1145
1780573200,93.54,93.64,93.27,93.4,1642
1780573500,93.42,93.44,92.99,93.02,1558
1780573800,93.01,93.09,92.77,92.8,1779
1780574100,92.78,92.87,92.35,92.45,2419
1780574400,92.46,92.69,92.18,92.62,2216
1780574700,92.63,92.64,91.9,92.4,3249
1780575000,92.39,92.67,92.16,92.35,2166
1780575300,92.35,92.83,92.16,92.72,2247
1780575600,92.72,92.96,92.69,92.91,1470
1780575900,92.91,92.93,92.62,92.76,954
1780576200,92.74,92.92,92.6,92.83,657
1780576500,92.83,92.89,92.73,92.88,523
1780576800,92.83,93,92.79,92.91,790
1780577100,92.87,93,92.76,92.95,763
1780577400,92.94,92.97,92.33,92.56,1357
1780577700,92.56,92.84,92.51,92.67,997
1780578000,92.67,92.94,92.44,92.49,1503
1780578300,92.49,92.7,92.33,92.58,1282
1780578600,92.58,93.07,92.53,92.91,1414
1780578900,92.91,92.96,92.71,92.77,655
1780579200,92.77,93.12,92.68,92.98,948
1780579500,92.98,93.14,92.91,93.1,846
1780579800,93.1,93.17,92.83,93.06,1227
1780580100,93.06,93.09,92.71,92.84,1298
1780580400,92.86,93.1,92.78,92.84,865
1780580700,92.86,92.9,92.38,92.4,1574
1780581000,92.41,92.57,92.34,92.52,1215
1780581300,92.52,92.52,92.12,92.37,1581
1780581600,92.36,92.5,92.21,92.38,1186
1780581900,92.36,92.55,92.3,92.5,835
1780582200,92.52,92.54,92.24,92.33,742
1780582500,92.34,92.35,92.02,92.15,1675
1780582800,92.13,92.45,92.06,92.45,888
1780583100,92.44,92.72,92.36,92.61,1303
1780583400,92.61,92.8,92.6,92.63,1004
1780583700,92.65,92.97,92.65,92.81,927
1780584000,92.82,92.89,92.67,92.77,769
1780584300,92.74,92.87,92.66,92.83,548
1780584600,92.83,93.02,92.71,92.97,702
1780584900,92.97,93.12,92.93,93.05,795
1780585200,93.08,93.25,93,93.17,1492
1780585500,93.15,93.2,92.93,92.93,903
1780585800,92.96,93.07,92.77,92.84,1015
1780586100,92.81,92.94,92.63,92.85,1157
1780586400,92.81,92.91,92.71,92.85,508
1780586700,92.85,92.98,92.67,92.74,831
1780587000,92.73,92.92,92.64,92.89,630
1780587300,92.9,93.07,92.8,92.91,687
1780587600,92.91,93.18,92.89,93,728
1780587900,93,93.06,92.78,93.03,690
1780588200,93.01,93.14,92.99,93.08,724
1780588500,93.06,93.11,92.96,92.99,315
1780588800,93,93.05,92.79,92.83,494
1780589100,92.84,92.94,92.76,92.84,339
1780589400,92.85,93.1,92.74,93,436
1780589700,92.99,93.07,92.93,93.05,262
1780590000,93.06,93.16,92.95,92.97,415
1780590300,92.97,93,92.87,92.96,295
1780590600,92.96,93.03,92.26,92.59,1616
1780590900,92.57,92.7,92.54,92.58,516
1780591200,92.55,92.67,92.53,92.62,262
1780591500,92.64,92.74,92.41,92.55,592
1780591800,92.54,92.56,92.3,92.45,464
1780592100,92.46,92.49,92.31,92.4,418
1780592400,92.4,92.52,92.23,92.3,548
1780592700,92.29,92.46,92.26,92.39,309
1780593000,92.4,92.44,92.26,92.28,463
1780593300,92.29,92.4,92.15,92.39,689
1780593600,92.39,92.61,92.37,92.42,679
1780593900,92.42,92.45,92.18,92.19,349
1780594200,92.18,92.23,91.94,92.1,1189
1780594500,92.11,92.35,92.06,92.33,582
1780594800,92.33,92.36,92.19,92.21,366
1780595100,92.21,92.31,92.19,92.24,269
1780595400,92.24,92.36,92.21,92.32,336
1780595700,92.33,92.4,92.26,92.34,309
1780596000,92.33,92.64,92.33,92.59,1251
1780596300,92.56,92.56,92.41,92.48,236
1780596600,92.5,92.54,91.96,92.06,1333
1780596900,92.07,92.2,92.01,92.13,777
1780597200,92.13,92.25,91.94,92.2,848
1780597500,92.21,93.24,92.18,93.07,3055
1780597800,93.08,93.28,93.05,93.12,1381
1780598100,93.15,93.45,93.15,93.41,1019
1780598400,93.42,93.46,93.22,93.33,488
1780598700,93.34,93.35,93.17,93.21,360
1780599000,93.23,93.32,93.14,93.28,337
1780599300,93.27,93.45,93.16,93.31,527
1780599600,93.32,93.36,93.2,93.32,276
1780599900,93.34,93.35,93.18,93.2,214
1780600200,93.2,93.26,93.08,93.24,350
1780600500,93.22,93.27,93.15,93.17,95
1780600800,93.2,93.22,93.09,93.15,138
1780601100,93.12,93.16,93.08,93.11,244
1780601400,93.13,93.16,92.94,92.98,506
1780601700,92.97,93.12,92.97,93.1,272
1780602000,93.12,93.19,93.08,93.15,211
1780602300,93.15,93.16,93.06,93.15,294
1780602600,93.16,93.24,93.14,93.22,235
1780602900,93.24,93.25,93.15,93.16,213
1780603200,93.15,93.21,93.05,93.11,248
1780603500,93.11,93.13,93.03,93.04,155
1780603800,93.03,93.13,93,93.07,220
1780604100,93.08,93.09,92.97,92.99,204
1780604400,93,93.04,92.96,93,156
1780604700,92.98,93.13,92.98,93.06,225
1780605000,93.05,93.1,93.01,93.02,126
1780605300,93.04,93.07,92.97,92.99,166
1780605600,93,93.01,92.96,93,108
1780605900,93,93.04,92.97,93.01,180
1780606200,92.99,93.03,92.86,92.9,216
1780606500,92.9,92.94,92.85,92.93,157
1780610400,92.81,92.94,92.5,92.82,462
1780610700,92.83,92.85,92.75,92.77,100
1780611000,92.75,92.78,92.64,92.66,262
1780611300,92.65,92.71,92.63,92.7,97
1780611600,92.7,92.8,92.7,92.78,150
1780611900,92.79,92.84,92.68,92.8,122
1780612200,92.8,92.83,92.77,92.8,40
1780612500,92.81,92.86,92.79,92.83,70
1780612800,92.83,92.88,92.82,92.85,66
1780613100,92.86,92.9,92.84,92.88,73
1780613400,92.87,92.9,92.84,92.87,45
1780613700,92.87,92.92,92.86,92.92,72
1780614000,92.9,92.91,92.85,92.87,61
1780614300,92.87,92.89,92.85,92.88,39
1780614600,92.86,92.9,92.84,92.85,65
1780614900,92.87,92.87,92.82,92.85,37
1780615200,92.84,92.9,92.84,92.9,53
1780615500,92.9,92.93,92.84,92.86,56
1780615800,92.84,92.86,92.83,92.85,46
1780616100,92.86,92.89,92.83,92.87,57
1780616400,92.87,92.95,92.86,92.95,89
1780616700,92.93,92.96,92.91,92.92,82
1780617000,92.92,93.06,92.9,93.01,138
1780617300,93.02,93.03,92.96,92.97,127
1780617600,92.97,93.02,92.88,92.93,235
1780617900,92.94,93.01,92.92,92.98,138
1780618200,92.99,93.03,92.92,93,168
1780618500,92.99,93.03,92.95,93.01,113
1780618800,93.01,93.04,92.84,92.88,183
1780619100,92.87,92.92,92.67,92.71,356
1780619400,92.72,92.77,92.62,92.75,252
1780619700,92.76,92.77,92.71,92.76,115
1780620000,92.74,92.75,92.71,92.74,45
1780620300,92.74,92.76,92.72,92.75,50
1780620600,92.75,92.93,92.71,92.78,323
1780620900,92.78,92.78,92.62,92.7,292
1780621200,92.7,92.77,92.53,92.69,371
1780621500,92.67,92.68,92.53,92.61,243
1780621800,92.59,92.73,92.55,92.7,209
1780622100,92.68,92.88,92.67,92.82,324
1780622400,92.81,93.1,92.8,93.04,549
1780622700,93.05,93.16,92.93,93.08,532
1780623000,93.09,93.11,92.99,93.02,261
1780623300,93.02,93.06,92.93,93.03,218
1780623600,93,93.14,92.99,93.11,274
1780623900,93.09,93.16,93.07,93.11,203
1780624200,93.11,93.12,93.05,93.07,155
1780624500,93.08,93.2,93.05,93.14,269
1780624800,93.13,93.25,93.1,93.14,296
1780625100,93.14,93.28,93.13,93.19,391
1780625400,93.19,93.29,93.15,93.17,186
1780625700,93.16,93.5,93.09,93.35,697
1780626000,93.35,93.47,93.27,93.29,449
1780626300,93.29,93.39,93.27,93.38,172
1780626600,93.39,93.56,93.38,93.48,464
1780626900,93.46,93.49,93.38,93.39,181
1780627200,93.4,93.48,93.38,93.47,151
1780627500,93.45,93.51,93.43,93.5,190
1780627800,93.49,93.55,93.41,93.44,238
1780628100,93.46,93.48,93.39,93.42,109
1780628400,93.4,93.5,93.34,93.45,258
1780628700,93.47,93.48,93.23,93.24,383
1780629000,93.26,93.33,93.21,93.26,265
1780629300,93.26,93.27,93.08,93.22,391
1780629600,93.25,93.27,93.18,93.2,155
1780629900,93.21,93.26,93.15,93.23,126
1780630200,93.22,93.22,93.11,93.11,152
1780630500,93.11,93.13,93,93.05,230
1780630800,93.04,93.23,93.01,93.21,257
1780631100,93.19,93.23,93.07,93.11,121
1780631400,93.14,93.16,93.1,93.15,63
1780631700,93.14,93.19,93.11,93.18,95
1780632000,93.18,93.21,93.04,93.05,156
1780632300,93.07,93.08,92.93,93.08,280
1780632600,93.07,93.1,93.06,93.09,67
1780632900,93.1,93.13,93.01,93.09,174
1780633200,93.09,93.1,93.05,93.08,49
1780633500,93.06,93.13,93.04,93.12,42
1780633800,93.12,93.16,93.08,93.12,100
1780634100,93.13,93.14,93.07,93.07,56
1780634400,93.09,93.11,93.04,93.11,50
1780634700,93.09,93.15,93.08,93.13,97
1780635000,93.12,93.15,93,93.02,168
1780635300,93.02,93.08,92.96,93.03,210
1780635600,93.04,93.17,93.02,93.15,211
1780635900,93.15,93.19,93.1,93.12,104
1780636200,93.12,93.17,93.1,93.11,62
1780636500,93.1,93.19,93.07,93.18,112
1780636800,93.18,93.21,93.14,93.14,62
1780637100,93.15,93.18,93.04,93.04,106
1780637400,93.03,93.09,92.91,93.05,303
1780637700,93.05,93.23,93.05,93.18,298
1780638000,93.2,93.21,93.1,93.12,186
1780638300,93.11,93.14,93.08,93.11,64
1780638600,93.09,93.11,92.93,93.07,229
1780638900,93.06,93.11,92.94,92.96,197
1780639200,92.96,93.13,92.87,93.09,464
1780639500,93.07,93.11,92.91,92.99,209
1780639800,93,93,92.56,92.69,918
1780640100,92.7,93,92.69,92.91,595
1780640400,92.91,92.99,92.8,92.82,260
1780640700,92.82,92.9,92.8,92.82,165
1780641000,92.83,92.83,92.7,92.71,324
1780641300,92.72,92.83,92.67,92.74,219
1780641600,92.72,92.86,92.69,92.77,221
1780641900,92.77,92.92,92.74,92.86,334
1780642200,92.88,92.93,92.81,92.87,222
1780642500,92.84,92.88,92.72,92.76,221
1780642800,92.76,92.85,92.37,92.51,879
1780643100,92.51,92.59,92.45,92.52,284
1780643400,92.5,92.6,92.36,92.42,372
1780643700,92.38,92.45,92.27,92.36,489
1780644000,92.36,92.45,92.2,92.23,516
1780644300,92.24,92.29,92.08,92.1,645
1780644600,92.1,92.27,92.04,92.15,616
1780644900,92.15,92.44,92.14,92.38,408
1780645200,92.36,92.56,92.33,92.49,448
1780645500,92.49,92.53,92.34,92.37,279
1780645800,92.38,92.41,92.19,92.4,244
1780646100,92.39,92.8,92.39,92.69,541
1780646400,92.7,92.92,92.61,92.61,608
1780646700,92.62,92.72,92.5,92.54,427
1780647000,92.57,92.83,92.44,92.68,428
1780647300,92.69,92.72,92.47,92.52,341
1780647600,92.52,92.55,92.16,92.21,631
1780647900,92.21,92.22,91.5,91.55,2817
1780648200,91.55,92.02,91.54,91.99,1228
1780648500,91.98,92.17,91.89,92.14,649
1780648800,92.11,92.22,92.03,92.11,475
1780649100,92.12,92.48,92.12,92.48,452
1780649400,92.46,92.76,92.44,92.64,825
1780649700,92.63,92.98,92.63,92.81,964
1780650000,92.84,92.94,92.63,92.9,489
1780650300,92.87,93.08,92.74,93.07,636
1780650600,93.05,93.15,92.1,92.44,2343
1780650900,92.43,92.75,92.31,92.41,1406
1780651200,92.43,92.5,92.03,92.15,1395
1780651500,92.15,92.55,91.95,92.46,1058
1780651800,92.46,92.68,92.37,92.54,816
1780652100,92.57,92.73,92.54,92.68,457
1780652400,92.67,92.89,92.62,92.85,546
1780652700,92.83,92.83,92.57,92.62,317
1780653000,92.64,92.78,92.58,92.7,285
1780653300,92.7,92.97,92.7,92.83,459
1780653600,92.83,92.89,92.73,92.79,213
1780653900,92.8,92.84,92.68,92.69,226
1780654200,92.72,92.93,92.63,92.82,275
1780654500,92.78,92.86,92.71,92.73,133
1780654800,92.73,92.75,92.46,92.54,318
1780655100,92.53,92.71,92.53,92.61,155
1780655400,92.63,92.72,92.59,92.59,167
1780655700,92.6,92.84,92.5,92.79,244
1780656000,92.78,92.98,92.75,92.85,323
1780656300,92.85,93.1,92.8,93.09,430
1780656600,93.08,93.13,92.95,92.99,291
1780656900,93,93.04,92.8,92.87,255
1780657200,92.88,93.17,92.88,93.06,513
1780657500,93.09,93.16,92.87,92.95,346
1780657800,92.94,92.99,92.84,92.98,244
1780658100,92.99,93.36,92.98,93.22,669
1780658400,93.23,93.73,93.17,93.42,1569
1780658700,93.4,93.42,92.95,92.98,633
1780659000,93.01,93.07,92.84,92.85,547
1780659300,92.87,92.98,92.71,92.93,664
1780659600,92.91,92.93,92.61,92.73,520
1780659900,92.74,92.74,92.58,92.63,307
1780660200,92.64,92.85,92.64,92.81,321
1780660500,92.85,92.94,92.76,92.91,346
1780660800,92.91,93.16,92.84,93,739
1780661100,93,93.06,92.67,92.69,561
1780661400,92.68,92.87,92.66,92.69,587
1780661700,92.67,92.83,92.63,92.66,414
1780662000,92.66,92.68,92.51,92.63,583
1780662300,92.63,92.95,92.61,92.79,473
1780662600,92.85,93.04,92.72,92.82,812
1780662900,92.84,93,92.8,92.83,375
1780663200,92.83,92.9,92.62,92.64,609
1780663500,92.63,92.68,92.46,92.5,805
1780663800,92.51,92.69,92.43,92.5,497
1780664100,92.5,92.64,92.33,92.4,811
1780664400,92.39,92.59,92.02,92.06,1693
1780664700,92.07,92.36,91.84,91.92,1690
1780665000,91.9,92.04,91.52,91.91,2595
1780665300,91.9,91.99,91.73,91.86,1225
1780665600,91.89,92.2,91.63,92.14,1550
1780665900,92.13,92.13,91.84,91.87,772
1780666200,91.88,91.94,91.4,91.65,2310
1780666500,91.64,91.77,91.58,91.61,831
1780666800,91.61,91.73,91.32,91.54,1486
1780667100,91.53,91.63,91.35,91.51,1070
1780667400,91.49,91.81,91.25,91.49,1799
1780667700,91.47,91.5,91.32,91.48,661
1780668000,91.5,91.6,90.56,91.06,2909
1780668300,91.05,91.54,90.77,91.18,2432
1780668600,91.17,91.28,90.92,91.05,1369
1780668900,91.03,91.42,91.01,91.19,1288
1780669200,91.2,91.53,91.17,91.52,1383
1780669500,91.51,91.68,91.28,91.32,1254
1780669800,91.32,91.34,91.08,91.25,839
1780670100,91.26,91.66,91.25,91.5,1096
1780670400,91.5,91.57,91.31,91.34,549
1780670700,91.35,91.35,91.02,91.12,856
1780671000,91.11,91.37,91.11,91.35,487
1780671300,91.37,91.38,91.18,91.31,495
1780671600,91.31,91.36,91.2,91.23,412
1780671900,91.23,91.4,91.12,91.24,647
1780672200,91.25,91.29,90.96,91.17,1013
1780672500,91.18,91.48,91.08,91.45,697
1780672800,91.47,91.53,90.89,91.15,1466
1780673100,91.15,91.23,91.02,91.1,875
1780673400,91.09,91.19,90.71,90.79,1464
1780673700,90.8,90.82,90.51,90.73,1325
1780674000,90.73,90.73,90.54,90.58,866
1780674300,90.57,90.77,90.46,90.75,1269
1780674600,90.72,90.8,90.65,90.72,603
1780674900,90.7,90.84,90.65,90.78,465
1780675200,90.78,91.03,90.77,90.88,1229
1780675500,90.87,90.93,90.74,90.84,514
1780675800,90.82,90.83,90.41,90.47,1229
1780676100,90.48,90.58,90.3,90.34,1389
1780676400,90.33,90.5,90.2,90.22,1201
1780676700,90.21,90.24,89.95,90.13,2307
1780677000,90.11,90.2,89.78,89.88,1678
1780677300,89.88,89.99,89.81,89.82,838
1780677600,89.82,90.14,89.82,89.95,921
1780677900,89.96,90.05,89.79,89.9,787
1780678200,89.86,89.86,89.65,89.85,792
1780678500,89.83,90.1,89.82,90.08,710
1780678800,90.08,90.23,90,90.03,862
1780679100,90.01,90.11,89.91,89.97,503
1780679400,89.96,90.07,89.93,90.05,399
1780679700,90.05,90.13,89.97,89.99,328
1780680000,90,90.1,89.98,90.09,279
1780680300,90.09,90.21,90.02,90.11,385
1780680600,90.11,90.2,90,90.05,373
1780680900,90.04,90.17,90,90.16,413
1780681200,90.16,90.35,90.11,90.15,748
1780681500,90.16,90.35,90,90.11,994
1780681800,90.12,90.14,89.95,90.04,660
1780682100,90.02,90.07,89.96,90.03,284
1780682400,90.02,90.11,89.9,89.96,658
1780682700,89.95,90.23,89.89,90.21,567
1780683000,90.22,90.27,90.14,90.23,558
1780683300,90.24,90.37,90.22,90.26,775
1780683600,90.26,90.28,89.93,90.21,1213
1780683900,90.22,90.65,90.2,90.58,1767
1780684200,90.58,90.63,90.4,90.52,775
1780684500,90.5,90.69,90.43,90.56,515
1780684800,90.56,90.72,90.53,90.67,450
1780685100,90.67,90.71,90.48,90.48,430
1780685400,90.5,90.57,90.49,90.53,249
1780685700,90.54,90.61,90.01,90.3,1251
1780686000,90.3,90.39,90.11,90.16,384
1780686300,90.14,90.22,90.07,90.09,314
1780686600,90.11,90.18,90.02,90.13,314
1780686900,90.16,90.29,90.16,90.23,380
1780687200,90.24,90.28,90.02,90.21,395
1780687500,90.18,90.21,90.12,90.14,132
1780687800,90.16,90.21,90.1,90.2,228
1780688100,90.19,90.32,90.15,90.28,239
1780688400,90.28,90.36,90.27,90.32,218
1780688700,90.33,90.45,90.31,90.37,221
1780689000,90.37,90.42,90.25,90.32,211
1780689300,90.33,90.35,90.19,90.22,512
1780689600,90.22,90.38,90.19,90.24,325
1780689900,90.25,90.35,90.21,90.34,176
1780690200,90.34,90.44,90.31,90.37,205
1780690500,90.37,90.38,90.21,90.3,221
1780690800,90.29,90.3,90.2,90.28,173
1780691100,90.29,90.39,90.28,90.38,317
1780691400,90.38,90.38,90.27,90.32,257
1780691700,90.33,90.35,90.26,90.26,236
1780692000,90.29,90.32,90.21,90.23,247
1780692300,90.27,90.29,90.22,90.25,193
1780692600,90.26,90.29,90.14,90.24,389
1780692900,90.22,90.31,90.17,90.28,412
1780869600,92.97,93.93,92.95,93.41,4217
1780869900,93.4,93.64,93.19,93.35,1439
1780870200,93.34,93.36,92.76,92.79,1346
1780870500,92.8,93.05,92.73,92.85,766
1780870800,92.84,92.91,92.61,92.74,524
1780871100,92.75,92.99,92.74,92.96,484
1780871400,92.97,93.25,92.85,92.89,862
1780871700,92.9,92.94,92.79,92.94,400
1780872000,92.93,93.08,92.88,92.94,191
1780872300,92.95,93.01,92.63,92.74,648
1780872600,92.72,92.77,92.5,92.67,543
1780872900,92.66,93.09,92.66,92.9,657
1780873200,92.9,92.93,92.71,92.9,228
1780873500,92.87,92.93,92.77,92.83,101
1780873800,92.85,92.86,92.7,92.71,177
1780874100,92.74,92.77,92.54,92.69,331
1780874400,92.65,92.7,92.54,92.6,270
1780874700,92.63,92.63,92.45,92.56,447
1780875000,92.53,92.69,92.36,92.65,507
1780875300,92.63,92.85,92.63,92.78,390
1780875600,92.8,92.84,92.66,92.7,275
1780875900,92.7,92.76,92.65,92.71,285
1780876200,92.72,92.73,92.63,92.66,149
1780876500,92.67,92.76,92.61,92.76,141
1780876800,92.76,92.86,92.5,92.56,345
1780877100,92.55,92.69,92.55,92.56,194
1780877400,92.55,92.73,92.51,92.68,180
1780877700,92.66,92.71,92.57,92.62,143
1780878000,92.62,92.63,92.47,92.51,291
1780878300,92.48,92.55,92.43,92.55,210
1780878600,92.55,92.66,92.49,92.53,281
1780878900,92.55,92.64,92.52,92.54,182
1780879200,92.56,92.63,92.5,92.56,90
1780879500,92.55,92.6,92.48,92.52,113
1780879800,92.51,92.59,92.51,92.53,99
1780880100,92.55,92.55,92.29,92.42,445
1780880400,92.39,92.63,92.21,92.35,915
1780880700,92.35,92.57,92.25,92.52,739
1780881000,92.52,93.65,92.51,93.56,2790
1780881300,93.55,94.13,93.45,93.87,3502
1780881600,93.87,94.02,93.58,93.93,1904
1780881900,93.94,94.49,93.93,94.39,3001
1780882200,94.41,94.8,93.71,93.92,3813
1780882500,93.93,94.05,93.68,93.78,1385
1780882800,93.77,93.77,93.41,93.61,1697
1780883100,93.62,93.65,93.2,93.36,1616
1780883400,93.36,93.54,93.26,93.48,872
1780883700,93.48,93.49,93.25,93.3,767
1780884000,93.29,93.59,93.22,93.56,638
1780884300,93.57,93.73,93.48,93.71,774
1780884600,93.7,93.78,93.53,93.73,656
1780884900,93.71,93.85,93.62,93.84,462
1780885200,93.83,93.89,93.63,93.65,447
1780885500,93.64,94.18,93.6,93.95,914
1780885800,93.97,94.37,93.82,94.07,1593
1780886100,94.05,94.21,93.41,93.62,1683
1780886400,93.62,93.71,93.35,93.38,704
1780886700,93.38,93.49,93.28,93.45,525
1780887000,93.46,93.96,93.46,93.64,1138
1780887300,93.65,93.81,93.5,93.64,531
1780887600,93.63,93.91,93.59,93.9,307
1780887900,93.87,94.03,93.68,93.79,625
1780888200,93.8,93.98,93.77,93.78,229
1780888500,93.8,93.9,93.74,93.85,230
1780888800,93.85,93.86,93.7,93.72,207
1780889100,93.71,93.74,93.61,93.65,309
1780889400,93.65,93.65,93.37,93.4,683
1780889700,93.4,93.57,93.39,93.45,235
1780890000,93.43,93.52,93.39,93.51,300
1780890300,93.48,93.58,93.42,93.53,215
1780890600,93.54,93.62,93.49,93.49,142
1780890900,93.5,93.58,93.48,93.55,237
1780891200,93.53,93.71,93.53,93.71,237
1780891500,93.69,93.87,93.67,93.86,337
1780891800,93.85,93.9,93.76,93.77,315
1780892100,93.77,93.93,93.68,93.87,229
1780892400,93.87,93.99,93.83,93.85,337
1780892700,93.85,94.09,93.85,93.97,479
1780893000,93.98,94.55,93.91,94.42,1365
1780893300,94.44,94.56,94.27,94.31,596
1780893600,94.32,94.51,94.28,94.41,349
1780893900,94.4,94.47,94.27,94.4,438
1780894200,94.39,94.43,94.27,94.4,171
1780894500,94.41,94.61,94.39,94.47,513
1780894800,94.45,94.47,94.21,94.31,593
1780895100,94.33,94.61,94.33,94.45,321
1780895400,94.43,94.63,94.43,94.51,293
1780895700,94.52,94.53,94.24,94.28,330
1780896000,94.26,94.34,94.12,94.22,388
1780896300,94.22,94.28,94.14,94.24,241
1780896600,94.22,94.73,94.09,94.61,738
1780896900,94.61,94.85,94.49,94.61,791
1780897200,94.61,94.84,94.55,94.66,451
1780897500,94.66,94.77,94.61,94.74,243
1780897800,94.74,94.74,94.51,94.65,382
1780898100,94.66,94.72,94.46,94.48,260
1780898400,94.47,94.63,94.25,94.54,996
1780898700,94.55,94.71,94.44,94.55,413
1780899000,94.56,94.57,94.25,94.34,509
1780899300,94.34,94.68,94.34,94.5,445
1780899600,94.52,94.56,94.35,94.41,296
1780899900,94.41,94.44,93.93,94.2,981
1780900200,94.2,94.59,94.18,94.51,511
1780900500,94.54,94.85,94.53,94.65,702
1780900800,94.67,94.8,94.44,94.5,490
1780901100,94.51,94.64,94.48,94.58,184
1780901400,94.59,94.71,94.41,94.5,378
1780901700,94.51,94.79,94.5,94.62,370
1780902000,94.61,94.94,94.47,94.67,804
1780902300,94.69,94.85,94.58,94.69,374
1780902600,94.68,94.73,94.45,94.63,362
1780902900,94.62,94.81,94.52,94.53,393
1780903200,94.56,94.57,94.35,94.44,376
1780903500,94.44,94.46,94.21,94.39,364
1780903800,94.37,94.4,94.02,94.11,686
1780904100,94.1,94.53,94.02,94.34,699
1780904400,94.33,94.59,94.3,94.39,431
1780904700,94.37,94.39,94.27,94.32,225
1780905000,94.34,94.7,94.27,94.68,413
1780905300,94.69,94.73,94.49,94.61,384
1780905600,94.59,94.97,94.56,94.74,870
1780905900,94.73,95.07,94.69,94.86,881
1780906200,94.85,95.23,94.85,95.06,1053
1780906500,95.09,95.14,94.68,94.71,792
1780906800,94.72,95.03,94.68,94.95,504
1780907100,94.98,94.99,94.45,94.45,881
1780907400,94.49,94.66,94.22,94.28,802
1780907700,94.28,94.69,94.28,94.66,459
1780908000,94.66,94.89,94.65,94.79,545
1780908300,94.78,95.06,94.69,94.92,576
1780908600,94.92,95.07,94.83,94.84,401
1780908900,94.87,95.01,94.67,94.69,451
1780909200,94.65,94.75,94.48,94.54,382
1780909500,94.53,94.67,94.47,94.55,304
1780909800,94.58,94.59,94.42,94.43,229
1780910100,94.44,94.63,94.41,94.62,214
1780910400,94.59,94.74,94.53,94.64,234
1780910700,94.64,94.8,94.63,94.76,206
1780911000,94.76,94.79,94.56,94.79,351
1780911300,94.79,94.85,94.25,94.46,1022
1780911600,94.47,94.62,94.36,94.45,547
1780911900,94.47,94.57,94.43,94.57,287
1780912200,94.55,94.9,94.51,94.87,572
1780912500,94.87,94.89,94.64,94.68,350
1780912800,94.67,95.48,94.62,94.77,1458
1780913100,94.77,94.81,94.17,94.32,1008
1780913400,94.35,94.59,94.33,94.52,423
1780913700,94.51,94.73,94.5,94.68,379
1780914000,94.7,94.71,94.5,94.59,211
1780914300,94.6,94.71,94.51,94.55,213
1780914600,94.55,94.65,93.5,93.88,1059
1780914900,93.87,94.16,93.71,94.06,1305
1780915200,94.06,94.13,93.83,93.99,402
1780915500,93.92,94.12,93.81,93.87,500
1780915800,93.88,94.23,93.7,93.85,1139
1780916100,93.85,93.92,93.74,93.75,308
1780916400,93.76,94.06,93.75,93.94,506
1780916700,93.92,93.98,93.73,93.75,577
1780917000,93.76,93.82,92.25,92.47,3292
1780917300,92.49,92.68,91.91,92.07,3774
1780917600,92.05,92.44,91.93,92.32,1573
1780917900,92.3,92.35,91.84,91.87,1121
1780918200,91.86,92.14,91.52,92.07,2019
1780918500,92.09,92.24,91.87,91.89,899
1780918800,91.88,91.94,91.42,91.5,1381
1780919100,91.51,91.74,91.32,91.41,837
1780919400,91.42,91.5,91.12,91.27,1550
1780919700,91.27,91.39,91.05,91.27,1012
1780920000,91.23,91.62,91,91.6,1793
1780920300,91.6,91.87,91.47,91.62,1696
1780920600,91.6,92.02,91.59,91.98,1497
1780920900,91.98,92.12,91.71,91.79,1373
1780921200,91.77,91.77,91.52,91.66,1126
1780921500,91.65,91.74,91.57,91.6,533
1780921800,91.58,91.81,91.41,91.77,860
1780922100,91.76,92.15,91.74,92.12,1289
1780922400,92.11,92.14,91.45,91.51,1366
1780922700,91.51,91.8,91.47,91.79,549
1780923000,91.77,91.79,91.57,91.69,715
1780923300,91.66,91.95,91.57,91.91,743
1780923600,91.91,91.95,91.46,91.61,1407
1780923900,91.62,91.91,91.58,91.91,537
1780924200,91.91,91.98,91.78,91.85,607
1780924500,91.83,92.07,91.83,91.85,813
1780924800,91.83,91.86,91.17,91.34,1971
1780925100,91.33,91.34,90.92,91.22,1847
1780925400,91.24,91.27,90.68,90.72,2954
1780925700,90.69,90.78,90.48,90.57,1912
1780926000,90.56,90.85,90.4,90.75,1494
1780926300,90.74,91.02,90.71,91.01,1016
1780926600,90.99,91.2,90.89,91.18,1211
1780926900,91.19,91.28,90.96,91.06,832
1780927200,91.06,91.5,90.98,91.49,1293
1780927500,91.49,91.6,91.17,91.28,1222
1780927800,91.27,91.5,91.21,91.28,961
1780928100,91.3,91.5,91.26,91.36,783
1780928400,91.32,91.4,91.21,91.29,684
1780928700,91.3,91.47,91.26,91.43,621
1780929000,91.44,91.66,91.41,91.6,875
1780929300,91.59,92.22,91.55,91.91,1780
1780929600,91.9,92.03,91.62,91.65,1533
1780929900,91.63,91.86,91.26,91.86,1417
1780930200,91.86,91.88,91.68,91.81,488
1780930500,91.82,91.92,91.75,91.76,493
1780930800,91.75,91.98,91.65,91.95,572
1780931100,91.97,92.08,91.93,92.08,890
1780931400,92.09,92.32,92.05,92.28,1041
1780931700,92.28,92.39,91.89,91.97,2006
1780932000,91.96,91.97,91.41,91.45,1235
1780932300,91.45,91.91,91.45,91.83,939
1780932600,91.83,91.86,91.51,91.54,826
1780932900,91.56,91.63,91.45,91.55,571
1780933200,91.54,91.66,91.45,91.49,737
1780933500,91.49,91.62,91.43,91.5,473
1780933800,91.48,91.62,91.38,91.55,448
1780934100,91.55,91.67,91.5,91.6,346
1780934400,91.62,91.75,91.61,91.65,397
1780934700,91.63,91.64,91.2,91.4,1071
1780935000,91.44,91.54,91.23,91.24,484
1780935300,91.25,91.48,91.12,91.45,672
1780935600,91.43,91.62,91.32,91.61,825
1780935900,91.6,91.79,91.48,91.76,348
1780936200,91.75,91.75,91.39,91.46,334
1780936500,91.45,91.47,91.27,91.28,430
1780936800,91.28,91.3,91.03,91.08,563
1780937100,91.11,91.25,91.08,91.17,352
1780937400,91.16,91.4,91.15,91.33,485
1780937700,91.31,91.43,91.29,91.43,169
1780938000,91.42,91.42,91.19,91.23,370
1780938300,91.24,91.38,91.15,91.34,249
1780938600,91.34,91.49,91.25,91.41,350
1780938900,91.43,91.43,91.21,91.29,420
1780939200,91.28,91.37,91.15,91.27,410
1780939500,91.26,91.34,90.96,90.97,811
1780939800,90.95,91.14,90.82,90.89,1400
1780940100,90.89,91.05,90.86,90.96,387
1780940400,90.98,91.03,90.92,91,231
1780940700,91.01,91.06,90.83,90.98,295
1780941000,90.95,90.97,90.76,90.83,353
1780941300,90.82,91.12,90.82,91.11,319
1780941600,91.12,91.31,91.12,91.19,496
1780941900,91.22,91.35,91.17,91.29,313
1780942200,91.28,91.49,91.21,91.36,834
1780942500,91.35,91.36,91.09,91.14,450
1780942800,91.15,91.49,91.14,91.34,500
1780943100,91.34,91.44,91.18,91.25,627
1780943400,91.26,91.31,90.91,90.96,641
1780943700,90.95,91.06,90.91,91.04,219
1780944000,91.03,91.15,91.01,91.13,198
1780944300,91.13,91.24,91.09,91.21,105
1780944600,91.18,91.18,91.09,91.12,73
1780944900,91.13,91.18,91.13,91.15,46
1780945200,91.15,91.23,91.15,91.15,93
1780945500,91.13,91.14,91.07,91.09,86
1780945800,91.07,91.19,91.01,91.19,172
1780946100,91.18,91.2,91.1,91.16,111
1780946400,91.16,91.22,91.14,91.18,107
1780946700,91.18,91.34,91.18,91.32,338
1780947000,91.34,91.47,91.32,91.47,255
1780947300,91.47,91.51,91.44,91.47,345
1780947600,91.45,91.51,91.4,91.41,883
1780947900,91.39,91.43,91.36,91.39,263
1780948200,91.38,91.44,91.26,91.28,282
1780948500,91.3,91.32,91.12,91.23,214
1780948800,91.25,91.29,91.2,91.25,201
1780949100,91.26,91.47,91.23,91.41,406
1780949400,91.43,91.49,91.37,91.37,190
1780949700,91.38,91.45,91.33,91.4,101
1780950000,91.41,91.45,91.36,91.37,256
1780950300,91.36,91.56,91.21,91.23,484
1780950600,91.25,91.32,91.19,91.31,116
1780950900,91.32,91.32,91.17,91.17,262
1780951200,91.16,91.2,91.09,91.17,248
1780951500,91.17,91.33,91.17,91.24,266
1780951800,91.25,91.36,91.24,91.33,200
1780952100,91.31,91.33,91.23,91.3,164
1780956000,91.35,91.55,91.06,91.49,297
1780956300,91.49,91.54,91.41,91.43,128
1780956600,91.44,91.45,91.25,91.38,159
1780956900,91.38,91.46,91.36,91.38,224
1780957200,91.36,91.43,91.33,91.43,55
1780957500,91.44,91.5,91.44,91.44,57
1780957800,91.44,91.46,91.33,91.36,73
1780958100,91.32,91.33,91.27,91.3,44
1780958400,91.3,91.34,91.28,91.3,44
1780958700,91.29,91.36,91.28,91.33,55
1780959000,91.33,91.38,91.31,91.34,27
1780959300,91.32,91.43,91.28,91.38,80
1780959600,91.39,91.44,91.36,91.42,86
1780959900,91.41,91.41,91.32,91.32,41
1780960200,91.34,91.37,91.3,91.35,24
1780960500,91.35,91.38,91.34,91.35,30
1780960800,91.35,91.38,91.34,91.34,15
1780961100,91.37,91.43,91.37,91.4,64
1780961400,91.39,91.43,91.38,91.43,23
1780961700,91.41,91.41,91.31,91.33,48
1780962000,91.33,91.41,91.33,91.4,49
1780962300,91.41,91.44,91.36,91.44,80
1780962600,91.41,91.44,91.39,91.42,32
1780962900,91.4,91.43,91.37,91.39,22
1780963200,91.38,91.47,91.25,91.44,240
1780963500,91.45,91.45,91.2,91.23,208
1780963800,91.23,91.23,91.02,91.1,513
1780964100,91.11,91.19,91.1,91.19,101
1780964400,91.17,91.19,91.05,91.08,205
1780964700,91.07,91.08,90.85,90.91,638
1780965000,90.92,91.02,90.88,90.96,253
1780965300,90.97,90.99,90.89,90.94,172
1780965600,90.93,90.93,90.71,90.77,406
1780965900,90.78,91.07,90.76,91.02,382
1780966200,91.02,91.37,91.02,91.28,562
1780966500,91.3,91.34,90.98,91.02,293
1780966800,91.03,91.13,90.85,90.86,590
1780967100,90.88,91,90.83,90.99,192
1780967400,90.99,91.11,90.97,91.02,198
1780967700,91,91.03,90.92,91,160
1780968000,91,91.11,90.92,90.98,236
1780968300,90.97,90.97,90.81,90.84,259
1780968600,90.82,90.93,90.76,90.84,375
1780968900,90.87,90.92,90.8,90.89,110
1780969200,90.9,90.96,90.78,90.88,295
1780969500,90.87,90.87,90.58,90.73,493
1780969800,90.75,90.92,90.75,90.91,160
1780970100,90.91,91.07,90.89,90.96,624
1780970400,90.95,91.01,90.83,90.86,234
1780970700,90.85,90.85,90.47,90.59,683
1780971000,90.58,90.77,90.58,90.76,203
1780971300,90.78,90.88,90.76,90.86,258
1780971600,90.87,90.88,90.77,90.85,138
1780971900,90.86,90.95,90.85,90.92,188
1780972200,90.9,90.9,90.71,90.79,256
1780972500,90.79,90.84,90.53,90.55,294
1780972800,90.56,90.68,90.49,90.66,420
1780973100,90.65,90.72,90.6,90.67,221
1780973400,90.67,90.67,90.62,90.63,153
1780973700,90.62,90.64,90.58,90.63,149
1780974000,90.63,90.71,90.54,90.71,143
1780974300,90.69,90.69,90.31,90.41,1032
1780974600,90.4,90.46,90.36,90.42,446
1780974900,90.42,90.42,90.31,90.35,251
1780975200,90.32,90.42,90.3,90.32,197
1780975500,90.32,90.46,90.32,90.39,254
1780975800,90.39,90.39,90.22,90.24,477
1780976100,90.24,90.31,90.12,90.14,415
1780976400,90.12,90.16,89.92,90,797
1780976700,89.99,90.08,89.85,90.07,565
1780977000,90.07,90.2,90.07,90.19,243
1780977300,90.19,90.19,90.09,90.14,105
1780977600,90.14,90.2,90.04,90.1,179
1780977900,90.1,90.14,90.05,90.12,128
1780978200,90.13,90.22,90.1,90.22,136
1780978500,90.22,90.28,90.18,90.22,146
1780978800,90.22,90.23,90.13,90.16,110
1780979100,90.17,90.25,90.17,90.24,79
1780979400,90.25,90.37,90.21,90.24,291
1780979700,90.24,90.24,90.01,90.03,350
1780980000,90.05,90.12,90.04,90.09,147
1780980300,90.08,90.13,90.07,90.1,124
1780980600,90.12,90.18,90.09,90.12,177
1780980900,90.14,90.3,90.14,90.29,239
1780981200,90.29,90.37,90.27,90.3,252
1780981500,90.29,90.3,90.22,90.27,88
1780981800,90.28,90.32,90.13,90.19,214
1780982100,90.2,90.22,90.14,90.2,86
1780982400,90.19,90.23,90,90,408
1780982700,90,90.07,89.87,90.04,528
1780983000,90.02,90.15,89.8,90.05,509
1780983300,90.04,90.08,89.92,89.95,256
1780983600,89.96,89.96,89.81,89.93,368
1780983900,89.92,90.05,89.83,89.88,309
1780984200,89.9,90.09,89.9,90.06,281
1780984500,90.06,90.17,90.04,90.13,239
1780984800,90.14,90.16,89.75,89.84,558
1780985100,89.82,90.03,89.78,89.99,357
1780985400,89.99,90.1,89.92,89.97,454
1780985700,89.96,89.97,89.6,89.69,836
1780986000,89.7,89.84,89.65,89.84,465
1780986300,89.82,89.9,89.77,89.9,306
1780986600,89.91,90.12,89.89,89.92,677
1780986900,89.91,90.05,89.84,89.85,193
1780987200,89.82,89.93,89.74,89.87,331
1780987500,89.86,89.9,89.73,89.9,619
1780987800,89.9,90.1,89.87,90.09,393
1780988100,90.08,90.13,89.92,89.93,381
1780988400,89.92,89.98,89.73,89.81,567
1780988700,89.81,89.82,89.68,89.72,286
1780989000,89.72,90.12,89.65,90.03,549
1780989300,90.03,90.1,89.94,90.02,376
1780989600,89.99,90.01,89.77,89.79,544
1780989900,89.8,89.9,89.7,89.73,675
1780990200,89.74,89.78,89.6,89.68,612
1780990500,89.68,89.77,89.52,89.65,500
1780990800,89.65,89.65,89.36,89.4,779
1780991100,89.4,89.71,89.34,89.68,444
1780991400,89.7,89.86,89.6,89.67,590
1780991700,89.66,89.77,89.64,89.69,188
1780992000,89.71,89.9,89.61,89.7,482
1780992300,89.74,89.8,89.5,89.57,446
1780992600,89.56,89.57,89.26,89.44,770
1780992900,89.44,89.48,89.06,89.26,874
1780993200,89.25,89.43,89.13,89.4,548
1780993500,89.39,89.45,89.16,89.24,571
1780993800,89.22,89.39,89.01,89.39,827
1780994100,89.38,89.38,89.05,89.16,656
1780994400,89.18,89.22,88.8,89.02,1129
1780994700,89,89.39,88.99,89.33,671
1780995000,89.34,89.43,89.17,89.2,349
1780995300,89.19,89.28,89.16,89.25,158
1780995600,89.24,89.36,89.06,89.11,367
1780995900,89.1,89.22,89.02,89.08,260
1780996200,89.09,89.09,88.88,88.97,356
1780996500,88.96,89.1,88.83,89.01,306
1780996800,89.03,89.09,88.84,88.91,399
1780997100,88.91,89,88.86,88.89,230
1780997400,88.88,88.98,88.82,88.89,369
1780997700,88.93,89.02,88.86,89.02,305
1780998000,88.99,89.11,88.88,89.1,335
1780998300,89.11,89.22,88.97,89.04,332
1780998600,89.04,89.1,88.83,89.05,333
1780998900,89.05,89.18,88.96,89.18,244
1780999200,89.15,89.37,89.08,89.31,538
1780999500,89.33,89.45,89.19,89.39,484
1780999800,89.38,89.47,89.31,89.33,392
1781000100,89.32,89.37,89.11,89.37,410
1781000400,89.37,89.39,89.24,89.31,230
1781000700,89.31,89.33,89.19,89.25,275
1781001000,89.24,89.33,89.2,89.31,129
1781001300,89.32,89.35,89.17,89.24,132
1781001600,89.29,89.37,89.27,89.31,160
1781001900,89.29,89.32,89.18,89.22,136
1781002200,89.23,89.23,88.67,89.16,1114
1781002500,89.17,89.19,88.98,89.02,353
1781002800,88.99,89.3,88.96,89.24,408
1781003100,89.21,89.27,89.05,89.2,229
1781003400,89.18,89.25,89.13,89.22,154
1781003700,89.23,89.33,89.19,89.3,274
1781004000,89.31,89.63,89.28,89.61,842
1781004300,89.59,89.61,89.38,89.39,385
1781004600,89.39,89.56,89.29,89.55,447
1781004900,89.54,89.65,89.49,89.49,393
1781005200,89.49,89.71,89.31,89.67,623
1781005500,89.67,89.78,89.56,89.6,551
1781005800,89.6,89.75,89.58,89.72,253
1781006100,89.75,89.78,89.52,89.56,380
1781006400,89.56,89.56,89.32,89.38,515
1781006700,89.37,89.44,89.2,89.41,665
1781007000,89.41,89.55,89.38,89.49,382
1781007300,89.45,89.53,89.31,89.32,294
1781007600,89.33,89.43,89.29,89.39,267
1781007900,89.36,89.65,89.29,89.62,570
1781008200,89.61,89.68,89.34,89.34,663
1781008500,89.36,89.39,89.05,89.36,873
1781008800,89.36,89.44,89.3,89.38,268
1781009100,89.4,89.46,89.12,89.18,426
1781009400,89.18,89.33,89.08,89.26,657
1781009700,89.29,89.43,88.85,89.04,1371
1781010000,89.07,89.56,88.9,89.52,2219
1781010300,89.51,89.51,88.93,89.16,1363
1781010600,89.14,89.2,89.03,89.03,613
1781010900,89.03,89.04,88.78,88.96,1550
1781011200,88.95,89.08,88.82,88.84,750
1781011500,88.82,88.86,88.66,88.75,1948
1781011800,88.76,88.78,88.43,88.63,2144
1781012100,88.62,88.68,88.43,88.49,1410
1781012400,88.49,88.71,88.35,88.37,1336
1781012700,88.37,88.42,87.46,87.71,5364
1781013000,87.71,88.07,87.62,87.9,2775
1781013300,87.91,88.04,87.81,87.86,1262
1781013600,87.85,87.87,87.42,87.62,2136
1781013900,87.61,87.86,87.54,87.65,1131
1781014200,87.65,88.03,87.65,87.97,1025
1781014500,87.97,88.21,87.81,88.1,1789
1781014800,88.1,88.12,87.71,87.75,1178
1781015100,87.75,87.75,87.5,87.52,1215
1781015400,87.5,87.79,87.34,87.77,1483
1781015700,87.76,87.89,87.62,87.87,1158
1781016000,87.89,88.06,87.83,88.04,880
1781016300,88.03,88.13,87.88,88.06,1105
1781016600,88.05,88.08,87.66,87.74,880
1781016900,87.74,87.86,87.65,87.78,720
1781017200,87.76,87.88,87.64,87.81,710
1781017500,87.8,87.84,87.6,87.61,412
1781017800,87.61,87.61,87.47,87.56,869
1781018100,87.56,87.56,87.35,87.49,820
1781018400,87.49,87.82,87.49,87.78,820
1781018700,87.78,87.92,87.66,87.76,995
1781019000,87.77,87.79,87.55,87.55,814
1781019300,87.56,87.85,87.49,87.68,872
1781019600,87.66,87.77,87.5,87.57,824
1781019900,87.56,87.59,87.27,87.37,913
1781020200,87.35,87.39,87.06,87.22,1878
1781020500,87.21,87.21,86.7,86.71,2232
1781020800,86.7,86.73,86.4,86.46,2381
1781021100,86.46,86.62,86.04,86.14,2221
1781021400,86.14,86.25,85.95,86.17,2120
1781021700,86.17,86.62,86.14,86.54,1525
1781022000,86.54,86.61,86.42,86.43,840
1781022300,86.44,86.58,86.37,86.56,516
1781022600,86.55,86.69,86.36,86.37,923
1781022900,86.37,89.41,86.27,88.78,2234
1781023200,88.77,89.3,87.91,87.97,4980
1781023500,87.98,88.46,87.8,88.17,2501
1781023800,88.13,88.27,87.62,87.8,2204
1781024100,87.78,88,87.51,87.86,1621
1781024400,87.87,88.11,87.63,87.75,1496
1781024700,87.75,88.08,87.75,87.99,806
1781025000,88,88.41,87.92,88.05,2062
1781025300,88.05,88.17,87.67,87.73,914
1781025600,87.73,87.78,87.14,87.2,2360
1781025900,87.18,87.68,87.12,87.58,1554
1781026200,87.59,87.95,87.5,87.87,1044
1781026500,87.91,88.16,87.87,88.11,701
1781026800,88.13,88.35,88.07,88.28,992
1781027100,88.26,88.5,88.18,88.2,1169
1781027400,88.25,88.34,88.13,88.2,578
1781027700,88.17,88.26,88.15,88.15,324
1781028000,88.14,88.29,87.95,88.23,606
1781028300,88.26,88.41,88.19,88.25,454
1781028600,88.25,88.56,88.24,88.37,1131
1781028900,88.39,88.62,88.2,88.29,693
1781029200,88.26,88.44,88.07,88.1,528
1781029500,88.11,88.42,88.07,88.15,902
1781029800,88.16,88.25,87.98,88.25,501
1781030100,88.22,88.31,88.13,88.2,194
1781030400,88.21,88.38,88.1,88.14,450
1781030700,88.12,88.25,88.1,88.14,215
1781031000,88.15,88.2,88.1,88.17,157
1781031300,88.17,88.27,87.98,88.05,339
1781031600,88.06,88.1,87.92,88.06,341
1781031900,88.06,88.19,88.02,88.18,207
1781032200,88.17,88.23,88.12,88.15,169
1781032500,88.17,88.17,88.02,88.07,210
1781032800,88.06,88.21,88.06,88.07,182
1781033100,88.11,88.16,88.08,88.15,77
1781033400,88.17,88.18,88.05,88.17,157
1781033700,88.17,88.25,88.15,88.23,201
1781034000,88.22,88.3,88.16,88.28,164
1781034300,88.28,88.46,88.27,88.41,337
1781034600,88.4,88.64,88.33,88.58,677
1781034900,88.58,88.6,88.22,88.3,796
1781035200,88.33,88.58,88.22,88.3,829
1781035500,88.3,88.53,88.27,88.51,308
1781035800,88.46,88.53,88.44,88.51,106
1781036100,88.52,88.53,88.39,88.47,297
1781036400,88.46,88.49,88.42,88.45,67
1781036700,88.46,88.57,88.46,88.47,198
1781037000,88.47,88.53,88.38,88.5,213
1781037300,88.5,88.62,88.34,88.56,298
1781037600,88.58,88.7,88.54,88.65,182
1781037900,88.66,88.77,88.63,88.73,284
1781038200,88.77,88.78,88.65,88.74,131
1781038500,88.75,88.75,88.67,88.67,180
1781042400,89.47,89.92,89.24,89.4,2273
1781042700,89.4,89.73,88.8,89.3,1318
1781043000,89.29,89.3,88.7,88.98,884
1781043300,88.98,89.07,88.66,88.86,630
1781043600,88.85,88.96,88.69,88.86,327
1781043900,88.86,88.94,88.81,88.83,143
1781044200,88.88,89.09,88.85,89.03,353
1781044500,89.04,89.13,88.9,89,296
1781044800,89.02,89.12,88.97,89.04,296
1781045100,89.06,89.15,89,89.15,118
1781045400,89.15,89.3,89.12,89.13,289
1781045700,89.16,89.19,89.09,89.12,143
1781046000,89.13,89.17,88.87,88.89,325
1781046300,88.9,89.01,88.88,88.9,241
1781046600,88.95,89.01,88.9,89,59
1781046900,88.97,89.01,88.93,89.01,80
1781047200,89,89.27,88.96,89.21,391
1781047500,89.22,89.26,89.08,89.16,211
1781047800,89.19,89.19,89.02,89.08,95
1781048100,89.06,89.08,89.03,89.06,56
1781048400,89.07,89.08,88.96,89,84
1781048700,89,89.34,88.98,89.31,254
1781049000,89.31,89.31,89.08,89.13,116
1781049300,89.14,89.23,89.11,89.18,143
1781049600,89.17,89.31,88.86,88.93,657
1781049900,88.92,89.12,88.87,88.99,341
1781050200,88.99,89.42,88.99,89.29,641
1781050500,89.3,89.5,89.3,89.42,434
1781050800,89.43,89.66,89.43,89.62,549
1781051100,89.64,89.81,89.59,89.63,593
1781051400,89.64,89.77,89.6,89.75,379
1781051700,89.77,89.99,89.64,89.65,824
1781052000,89.66,89.89,89.66,89.8,291
1781052300,89.8,89.81,89.54,89.58,414
1781052600,89.58,89.63,89.31,89.35,627
1781052900,89.33,89.36,88.75,88.88,1839
1781053200,88.86,89.12,88.81,88.96,977
1781053500,88.95,89.05,88.8,88.83,814
1781053800,88.83,88.83,88.52,88.71,1875
1781054100,88.71,88.83,88.27,88.48,1970
1781054400,88.5,88.6,88.4,88.52,627
1781054700,88.54,88.79,88.51,88.67,1062
1781055000,88.69,88.81,88.65,88.68,484
1781055300,88.68,88.99,88.67,88.89,582
1781055600,88.89,89.02,88.81,89,541
1781055900,89.01,89.11,88.95,89.07,476
1781056200,89.06,89.36,89,89.26,820
1781056500,89.27,89.29,89.04,89.26,712
1781056800,89.26,89.37,89.26,89.34,566
1781057100,89.34,89.4,89.19,89.27,525
1781057400,89.28,89.3,89.03,89.08,551
1781057700,89.05,89.1,88.98,88.98,397
1781058000,89,89,88.76,88.8,548
1781058300,88.81,88.98,88.8,88.97,229
1781058600,88.95,89.05,88.88,88.96,300
1781058900,88.92,88.94,88.82,88.92,210
1781059200,88.87,88.91,88.81,88.83,163
1781059500,88.81,88.83,88.73,88.77,387
1781059800,88.77,88.98,88.75,88.96,363
1781060100,88.96,89.01,88.9,88.97,202
1781060400,88.95,89.16,88.88,88.9,359
1781060700,88.89,89.03,88.83,89.01,201
1781061000,89.03,89.05,88.92,89,164
1781061300,89,89.09,88.91,89.04,256
1781061600,89.07,89.16,89.06,89.12,216
1781061900,89.09,89.11,89,89.01,133
1781062200,89.02,89.02,88.79,88.86,281
1781062500,88.87,88.95,88.74,88.75,214
1781062800,88.76,88.92,88.76,88.92,135
1781063100,88.91,88.93,88.78,88.81,122
1781063400,88.81,88.81,88.63,88.65,353
1781063700,88.67,88.69,88.57,88.63,218
1781064000,88.63,88.81,88.6,88.75,189
1781064300,88.75,88.83,88.75,88.78,129
1781064600,88.79,88.8,88.69,88.71,146
1781064900,88.7,88.8,88.68,88.78,120
1781065200,88.77,88.8,88.7,88.8,111
1781065500,88.79,88.88,88.76,88.86,122
1781065800,88.87,88.96,88.71,88.73,208
1781066100,88.74,88.77,88.67,88.75,135
1781066400,88.74,88.76,88.66,88.73,152
1781066700,88.71,88.8,88.7,88.74,143
1781067000,88.73,88.79,88.63,88.68,171
1781067300,88.68,88.7,88.64,88.68,108
1781067600,88.68,88.77,88.6,88.62,160
1781067900,88.61,88.66,88.43,88.49,567
1781068200,88.48,88.64,88.47,88.57,263
1781068500,88.55,88.62,88.42,88.45,316
1781068800,88.44,88.47,88.21,88.33,544
1781069100,88.33,88.33,88.07,88.19,623
1781069400,88.18,88.25,88.01,88.07,589
1781069700,88.05,88.11,87.91,87.94,675
1781070000,87.94,88.18,87.87,88.15,515
1781070300,88.14,88.29,88.11,88.13,389
1781070600,88.12,88.13,87.95,88.1,379
1781070900,88.11,88.18,88.04,88.08,262
1781071200,88.07,88.15,87.88,87.94,524
1781071500,87.95,88.03,87.8,87.99,431
1781071800,88,88.15,87.95,87.97,401
1781072100,87.96,87.97,87.69,87.69,624
1781072400,87.69,87.85,87.61,87.82,479
1781072700,87.81,88.02,87.74,87.9,446
1781073000,87.89,88.08,87.85,88.07,312
1781073300,88.07,88.14,87.8,88.05,541
1781073600,88.03,88.15,87.92,87.96,345
1781073900,87.98,88.05,87.95,88.01,146
1781074200,88.01,88.14,87.99,88.02,243
1781074500,88.04,88.3,88.04,88.26,356
1781074800,88.26,88.28,88.05,88.18,311
1781075100,88.18,88.26,88.15,88.2,201
1781075400,88.18,88.18,87.78,87.85,428
1781075700,87.82,87.94,87.69,87.84,403
1781076000,87.82,87.98,87.75,87.89,284
1781076300,87.9,88.26,87.88,88.21,340
1781076600,88.2,88.46,88.19,88.39,732
1781076900,88.39,88.67,88.38,88.55,703
1781077200,88.54,88.58,88.36,88.38,290
1781077500,88.38,88.58,88.15,88.44,688
1781077800,88.44,88.46,88.21,88.23,301
1781078100,88.2,88.23,88.01,88.02,382
1781078400,88.01,88.33,87.96,88.29,519
1781078700,88.27,88.43,88.21,88.35,328
1781079000,88.34,88.6,88.27,88.54,377
1781079300,88.56,88.64,88.4,88.45,289
1781079600,88.47,88.75,88.42,88.61,798
1781079900,88.6,88.87,88.56,88.62,822
1781080200,88.58,88.73,88.23,88.27,570
1781080500,88.28,88.31,87.98,88.15,618
1781080800,88.13,88.22,88.02,88.07,347
1781081100,88.08,88.08,87.7,87.81,544
1781081400,87.81,87.85,87.47,87.54,928
1781081700,87.53,87.7,87.4,87.7,555
1781082000,87.68,87.71,87.43,87.56,355
1781082300,87.55,87.68,87.4,87.57,352
1781082600,87.57,87.76,87.48,87.74,251
1781082900,87.75,87.81,87.43,87.62,428
1781083200,87.63,87.83,87.6,87.77,412
1781083500,87.77,87.83,87.62,87.78,295
1781083800,87.77,87.91,87.59,87.78,345
1781084100,87.79,88.06,87.75,88.02,442
1781084400,88.03,88.5,88.03,88.38,748
1781084700,88.38,88.39,88.1,88.11,327
1781085000,88.1,88.16,87.95,88.02,465
1781085300,88.02,88.02,87.86,87.93,315
1781085600,87.92,88.19,87.86,88.09,379
1781085900,88.08,88.23,88.05,88.1,379
1781086200,88.08,88.31,88.08,88.29,244
1781086500,88.31,88.47,88.26,88.41,415
1781086800,88.41,88.43,88.2,88.22,341
1781087100,88.22,88.26,88.11,88.14,278
1781087400,88.15,88.28,88.06,88.26,343
1781087700,88.26,88.26,87.95,87.97,429
1781088000,87.97,88.06,87.85,87.87,349
1781088300,87.84,88.11,87.74,88.04,498
1781088600,88.03,88.05,87.94,87.99,197
1781088900,88,88.06,87.77,88.04,676
1781089200,88,89.61,87.77,89.53,1085
1781089500,89.51,89.95,89.06,89.64,2934
1781089800,89.65,89.68,89.33,89.38,1399
1781090100,89.39,89.64,89.23,89.6,1150
1781090400,89.62,89.62,88.91,89.38,1870
1781090700,89.39,90.42,89.37,89.88,2787
1781091000,89.87,90.12,89.64,89.78,1558
1781091300,89.82,90.27,89.79,90.17,1072
1781091600,90.21,90.24,89.94,90.06,1103
1781091900,90.05,90.1,89.82,89.92,758
1781092200,89.93,90.04,89.75,90.02,737
1781092500,90,90.13,89.86,90.05,653
1781092800,90.06,90.09,89.8,89.8,697
1781093100,89.81,90.08,89.62,90.03,1114
1781093400,90.03,90.1,89.55,89.82,1334
1781093700,89.83,89.92,89.57,89.78,1272
1781094000,89.77,89.91,89.7,89.8,428
1781094300,89.8,89.82,89.58,89.75,793
1781094600,89.68,89.83,89.35,89.38,1305
1781094900,89.4,89.49,89.25,89.46,986
1781095200,89.45,89.46,89.01,89.2,1122
1781095500,89.2,89.22,88.94,89,1063
1781095800,88.99,89.01,88.7,88.8,1235
1781096100,88.82,89.13,88.81,89.09,1027
1781096400,89.08,89.52,88.9,89.5,1397
1781096700,89.51,89.64,89.33,89.44,1219
1781097000,89.44,89.56,89.26,89.54,718
1781097300,89.53,89.54,89.26,89.28,491
1781097600,89.28,89.49,89.23,89.37,579
1781097900,89.4,89.58,89.31,89.33,627
1781098200,89.35,89.58,89.3,89.58,713
1781098500,89.57,89.6,89.16,89.24,1336
1781098800,89.25,89.38,89.19,89.29,574
1781099100,89.29,89.54,89.19,89.49,598
1781099400,89.47,89.89,89.44,89.7,1665
1781099700,89.68,89.84,89.68,89.78,729
1781100000,89.76,89.95,89.72,89.94,1044
1781100300,89.93,89.99,89.76,89.9,738
1781100600,89.91,89.91,89.65,89.77,1137
1781100900,89.77,89.9,89.6,89.76,1025
1781101200,89.76,89.91,89.56,89.58,944
1781101500,89.59,89.85,89.48,89.7,789
1781101800,89.7,90.18,89.7,90.03,1708
1781102100,90.03,90.26,89.98,90.19,1132
1781102400,90.2,90.28,90.02,90.24,1158
1781102700,90.24,90.24,89.94,89.97,789
1781103000,90,90.21,89.9,90.14,1189
1781103300,90.14,90.39,90.12,90.26,1186
1781103600,90.27,90.29,89.85,90.09,1263
1781103900,90.09,90.14,89.9,89.92,492
1781104200,89.91,89.92,89.61,89.75,1796
1781104500,89.76,89.9,89.71,89.84,629
1781104800,89.81,89.86,89.62,89.76,573
1781105100,89.75,89.8,89.4,89.52,1173
1781105400,89.54,89.57,89.36,89.48,851
1781105700,89.48,89.79,89.47,89.74,824
1781106000,89.74,90.06,89.73,90,909
1781106300,90.01,91.07,89.91,90.64,1812
1781106600,90.7,91.49,90.53,90.92,4901
1781106900,90.95,90.98,90.5,90.63,1859
1781107200,90.63,90.93,90.51,90.82,1563
1781107500,90.81,91.19,90.78,91.14,1458
1781107800,91.12,91.25,90.96,91.02,1316
1781108100,91.04,91.08,90.85,90.89,595
1781108400,90.88,90.98,90.65,90.97,929
1781108700,90.96,91.09,90.87,90.93,592
1781109000,90.92,91.13,90.89,90.95,737
1781109300,90.94,91.09,90.89,91.01,605
1781109600,90.98,91.08,90.94,90.99,349
1781109900,90.99,91.1,90.98,91.06,494
1781110200,91.07,91.13,90.96,91.13,426
1781110500,91.13,91.27,90.95,91.05,882
1781110800,91.04,91.07,90.82,91.01,699
1781111100,91.01,91.24,91.01,91.15,431
1781111400,91.15,91.28,91.15,91.2,280
1781111700,91.23,91.46,91.21,91.41,512
1781112000,91.42,91.45,91.25,91.37,608
1781112300,91.41,91.45,91.32,91.43,322
1781112600,91.44,91.69,91.43,91.64,1168
1781112900,91.64,91.73,91.4,91.58,728
1781113200,91.59,91.63,91.51,91.62,367
1781113500,91.6,91.6,91.34,91.42,549
1781113800,91.45,91.84,91.16,91.18,1699
1781114100,91.16,91.19,90.84,90.89,1445
1781114400,90.89,90.91,90.57,90.62,1622
1781114700,90.61,90.7,90.51,90.68,932
1781115000,90.67,90.67,90.4,90.49,921
1781115300,90.51,90.89,90.45,90.76,923
1781115600,90.76,90.8,90.42,90.44,927
1781115900,90.45,90.61,89.79,89.93,2374
1781116200,89.93,90.23,89.91,90.19,1369
1781116500,90.21,90.52,90.09,90.17,1274
1781116800,90.18,90.23,90.15,90.18,330
1781117100,90.19,90.27,90.12,90.26,345
1781117400,90.26,90.33,90.23,90.25,346
1781117700,90.26,90.29,90.14,90.19,326
1781118000,90.17,90.39,90.14,90.38,284
1781118300,90.39,90.58,90.32,90.42,768
1781118600,90.44,90.45,90.32,90.36,223
1781118900,90.36,90.48,90.33,90.45,217
1781119200,90.45,90.49,90.4,90.42,228
1781119500,90.41,90.41,90.3,90.39,313
1781119800,90.36,90.49,90.36,90.44,187
1781120100,90.44,90.56,90.4,90.47,371
1781120400,90.47,90.6,90.42,90.51,383
1781120700,90.5,90.61,90.49,90.57,225
1781121000,90.58,90.61,90.43,90.44,252
1781121300,90.45,90.52,90.4,90.41,246
1781121600,90.41,90.54,90.27,90.29,617
1781121900,90.3,90.78,90.3,90.72,675
1781122200,90.74,90.93,90.58,90.92,825
1781122500,90.93,90.98,90.81,90.83,385
1781122800,90.82,91.15,90.82,91.1,407
1781123100,91.11,91.14,90.97,91.02,303
1781123400,91.05,91.23,91,91.04,456
1781123700,91.04,91.3,91.01,91.21,454
1781124000,91.22,91.57,91.2,91.44,631
1781124300,91.46,91.8,91.38,91.68,705
1781124600,91.69,91.87,91.66,91.78,643
1781124900,91.77,91.86,91.75,91.85,440
1781128800,92.19,92.5,91.85,92.1,1897
1781129100,92.1,92.27,92.03,92.2,580
1781129400,92.2,92.43,92.16,92.29,473
1781129700,92.23,92.33,92.15,92.2,332
1781130000,92.2,92.47,92.13,92.38,285
1781130300,92.44,92.47,92.27,92.33,346
1781130600,92.36,92.36,92.03,92.22,548
1781130900,92.22,92.25,92.11,92.16,242
1781131200,92.15,92.56,92.07,92.4,588
1781131500,92.4,92.67,92.32,92.62,972
1781131800,92.66,93.09,92.52,92.91,1180
1781132100,92.89,93.35,92.87,93.35,1187
1781132400,93.32,93.47,93.12,93.32,809
1781132700,93.34,93.36,93.05,93.27,462
1781133000,93.27,93.58,93.17,93.54,869
1781133300,93.54,93.65,92.7,93.2,1933
1781133600,93.23,93.28,92.47,92.9,2643
1781133900,92.9,92.9,92.5,92.68,1073
1781134200,92.63,93.17,92.56,92.8,988
1781134500,92.82,92.83,92.6,92.74,377
1781134800,92.75,92.88,92.61,92.83,312
1781135100,92.82,93.06,92.7,92.92,484
1781135400,92.91,92.92,92.58,92.66,347
1781135700,92.66,92.7,92.45,92.52,459
1781136000,92.49,92.59,92.23,92.57,1384
1781136300,92.59,92.75,92.44,92.69,938
1781136600,92.72,92.76,92.43,92.57,748
1781136900,92.57,92.57,91.9,92.18,1861
1781137200,92.16,92.34,92.06,92.32,502
1781137500,92.31,92.55,92.29,92.37,605
1781137800,92.36,92.49,92.32,92.42,473
1781138100,92.44,92.6,92.3,92.4,507
1781138400,92.38,92.44,92.16,92.38,478
1781138700,92.36,92.39,92.13,92.3,347
1781139000,92.3,92.42,92.22,92.39,222
1781139300,92.39,92.44,92.3,92.33,289
1781139600,92.33,92.39,91.38,91.96,2462
1781139900,92,92.29,91.92,92.03,998
1781140200,92.04,92.06,91.66,91.77,1059
1781140500,91.77,91.82,91.65,91.65,500
1781140800,91.67,91.84,91.65,91.73,607
1781141100,91.72,91.75,91.47,91.55,801
1781141400,91.57,91.67,91.41,91.5,539
1781141700,91.5,91.51,91.25,91.3,872
1781142000,91.28,91.4,91.2,91.37,624
1781142300,91.38,91.56,91.37,91.53,524
1781142600,91.55,91.6,91.51,91.55,243
1781142900,91.53,91.71,91.52,91.65,387
1781143200,91.65,91.67,91.45,91.45,441
1781143500,91.46,91.55,91.43,91.46,215
1781143800,91.46,91.7,91.43,91.7,795
1781144100,91.71,91.8,91.65,91.74,331
1781144400,91.76,91.93,91.76,91.92,550
1781144700,91.92,92,91.86,91.87,440
1781145000,91.86,91.91,91.58,91.62,481
1781145300,91.6,91.72,91.54,91.72,449
1781145600,91.71,91.81,91.7,91.78,168
1781145900,91.8,91.87,91.68,91.72,277
1781146200,91.72,91.76,91.66,91.68,125
1781146500,91.68,91.68,91.44,91.58,328
1781146800,91.56,91.61,91.53,91.57,127
1781147100,91.58,91.69,91.55,91.66,136
1781147400,91.67,91.75,91.63,91.74,161
1781147700,91.73,91.76,91.62,91.67,171
1781148000,91.68,91.88,91.66,91.86,201
1781148300,91.87,91.96,91.85,91.86,203
1781148600,91.87,91.89,91.76,91.8,137
1781148900,91.78,91.99,91.78,91.95,275
1781149200,91.94,92.15,91.92,92.05,448
1781149500,92.03,92.04,91.84,91.86,309
1781149800,91.87,91.89,91.71,91.82,292
1781150100,91.81,91.87,91.8,91.84,78
1781150400,91.82,91.96,91.81,91.94,172
1781150700,91.92,91.95,91.87,91.89,140
1781151000,91.89,91.89,91.77,91.84,114
1781151300,91.83,91.83,91.71,91.75,135
1781151600,91.74,91.76,91.58,91.66,296
1781151900,91.67,91.72,91.6,91.63,148
1781152200,91.62,91.7,91.59,91.68,114
1781152500,91.68,91.69,91.45,91.45,256
1781152800,91.45,91.48,91.09,91.24,983
1781153100,91.2,91.27,90.96,91.05,703
1781153400,91.06,91.16,90.99,91.12,672
1781153700,91.1,91.17,91.09,91.11,146
1781154000,91.11,91.16,91.06,91.14,309
1781154300,91.13,91.2,90.96,90.98,392
1781154600,91.01,91.11,90.91,91.08,368
1781154900,91.08,91.13,91.04,91.07,121
1781155200,91.08,91.08,90.84,90.91,502
1781155500,90.92,90.98,90.77,90.95,401
1781155800,90.95,90.95,90.69,90.7,557
1781156100,90.7,90.85,90.7,90.81,172
1781156400,90.8,90.8,90.55,90.65,537
1781156700,90.65,90.7,90.36,90.48,673
1781157000,90.47,90.6,90.46,90.56,433
1781157300,90.55,90.68,90.34,90.63,645
1781157600,90.64,90.85,90.6,90.82,550
1781157900,90.84,90.96,90.73,90.92,511
1781158200,90.92,90.93,90.74,90.76,278
1781158500,90.75,90.83,90.71,90.75,182
1781158800,90.71,90.77,90.67,90.75,253
1781159100,90.74,90.74,90.45,90.49,383
1781159400,90.49,90.7,90.44,90.62,305
1781159700,90.6,90.66,90.42,90.47,284
1781160000,90.44,90.6,90.39,90.59,220
1781160300,90.57,90.68,90.4,90.68,320
1781160600,90.67,90.68,90.49,90.59,191
1781160900,90.58,90.6,90.45,90.47,192
1781161200,90.48,90.48,90.1,90.14,864
1781161500,90.11,90.34,90.11,90.28,299
1781161800,90.23,90.55,90.12,90.36,486
1781162100,90.34,90.45,90.23,90.42,196
1781162400,90.4,90.43,89.97,89.98,676
1781162700,89.97,90.07,89.81,89.87,931
1781163000,89.85,89.88,89.46,89.61,1262
1781163300,89.6,89.62,89.39,89.57,775
1781163600,89.57,89.71,89.43,89.6,486
1781163900,89.61,89.79,89.55,89.77,340
1781164200,89.74,89.81,89.54,89.73,400
1781164500,89.69,89.86,89.69,89.83,221
1781164800,89.85,89.94,89.65,89.75,380
1781165100,89.77,89.77,89.45,89.45,417
1781165400,89.43,89.6,89.38,89.44,519
1781165700,89.44,89.47,89.09,89.13,935
1781166000,89.11,89.3,89.05,89.15,806
1781166300,89.14,89.56,89.14,89.53,636
1781166600,89.49,89.57,88.92,88.93,988
1781166900,88.96,89.15,88.86,89.05,551
1781167200,89.04,89.04,88.76,88.91,577
1781167500,88.91,89.2,88.81,89.19,548
1781167800,89.17,89.2,89,89.05,229
1781168100,89.05,89.13,88.99,89.09,261
1781168400,89.11,89.41,89.11,89.15,523
1781168700,89.15,89.54,89.14,89.48,649
1781169000,89.46,89.65,89.38,89.55,579
1781169300,89.56,89.57,89.47,89.57,248
1781169600,89.57,89.61,89.42,89.46,201
1781169900,89.47,89.49,89.33,89.39,212
1781170200,89.4,89.58,89.37,89.58,272
1781170500,89.56,89.82,89.56,89.75,468
1781170800,89.75,89.75,89.56,89.66,283
1781171100,89.65,89.74,89.56,89.71,121
1781171400,89.68,89.68,89.19,89.23,429
1781171700,89.2,89.33,89.05,89.33,458
1781172000,89.32,89.51,89.11,89.44,503
1781172300,89.4,89.4,89.26,89.37,252
1781172600,89.39,89.42,89.27,89.32,158
1781172900,89.34,89.5,89.32,89.44,225
1781173200,89.45,89.49,89.22,89.26,207
1781173500,89.26,89.34,89,89.31,635
1781173800,89.26,89.29,88.77,88.86,948
1781174100,88.85,89.15,88.83,89.07,371
1781174400,89.07,89.28,89.07,89.21,315
1781174700,89.21,89.37,89.17,89.31,226
1781175000,89.31,89.31,89.02,89.16,308
1781175300,89.18,89.21,88.96,88.97,334
1781175600,88.98,89.17,88.88,88.98,348
1781175900,89,89.29,88.96,89.19,305
1781176200,89.17,89.2,89.03,89.18,221
1781176500,89.16,89.31,88.93,89.06,387
1781176800,89.06,89.29,89.04,89.27,383
1781177100,89.26,89.42,89.04,89.2,628
1781177400,89.14,89.24,88.63,88.99,1688
1781177700,88.98,89.05,88.77,88.92,848
1781178000,88.92,88.94,88.7,88.83,725
1781178300,88.82,88.93,88.77,88.87,334
1781178600,88.87,89.02,88.84,88.97,272
1781178900,88.97,89.1,88.93,89.04,237
1781179200,89.06,89.14,88.96,89.1,326
1781179500,89.1,89.14,88.98,89,262
1781179800,89.02,89.13,88.96,89.04,215
1781180100,89.01,89.59,89.01,89.59,903
1781180400,89.6,91.43,89.42,90.87,3568
1781180700,90.91,90.95,90.44,90.62,2850
1781181000,90.67,90.92,90.56,90.74,1521
1781181300,90.74,90.84,90.52,90.64,1234
1781181600,90.65,91.25,90.34,90.76,2355
1781181900,90.78,90.97,90.2,90.37,3206
1781182200,90.37,90.53,90.09,90.2,1841
1781182500,90.19,90.22,89.84,90.06,2632
1781182800,90.07,90.31,89.97,90.06,1117
1781183100,90.07,90.44,90.03,90.28,934
1781183400,90.29,90.5,90.18,90.4,764
1781183700,90.42,90.59,90.37,90.59,566
1781184000,90.58,90.67,90.26,90.31,704
1781184300,90.34,90.39,90.07,90.2,581
1781184600,90.25,90.25,89.4,89.6,3207
1781184900,89.58,89.82,89.55,89.76,801
1781185200,89.77,89.85,89.6,89.68,701
1781185500,89.68,89.73,89.04,89.41,2079
1781185800,89.39,89.39,89.14,89.36,1115
1781186100,89.34,89.42,89.19,89.37,728
1781186400,89.37,89.8,89.33,89.73,1133
1781186700,89.72,89.89,89.57,89.85,878
1781187000,89.84,90.1,89.8,89.85,1180
1781187300,89.83,90.24,89.74,90.16,943
1781187600,90.17,90.22,89.83,90.06,946
1781187900,90.08,90.2,90.07,90.14,467
1781188200,90.13,90.35,90.08,90.28,796
1781188500,90.27,90.41,90.1,90.21,555
1781188800,90.2,90.23,90.04,90.22,563
1781189100,90.22,90.29,90.14,90.17,364
1781189400,90.21,90.22,90.09,90.11,329
1781189700,90.12,90.16,89.86,90.08,797
1781190000,90.08,90.13,89.97,90.02,408
1781190300,90.02,90.49,90.01,90.46,808
1781190600,90.48,90.5,90.05,90.48,1334
1781190900,90.5,90.57,90.31,90.5,638
1781191200,90.52,90.53,90.26,90.27,487
1781191500,90.28,90.48,90.19,90.47,667
1781191800,90.47,90.72,90.37,90.64,740
1781192100,90.63,90.99,90.63,90.89,1087
1781192400,90.89,91.21,90.82,91.05,1179
1781192700,91.06,91.18,90.89,91.04,766
1781193000,91.05,91.08,90.97,91.02,363
1781193300,91,91.1,90.81,90.84,874
1781193600,90.83,90.92,90.65,90.87,723
1781193900,90.85,90.9,90.74,90.86,348
1781194200,90.83,91.02,90.83,90.99,406
1781194500,90.99,91.1,90.86,91.07,483
1781194800,91.05,91.49,90.95,91.19,1274
1781195100,91.19,91.27,91.1,91.17,358
1781195400,91.18,91.29,91.16,91.23,378
1781195700,91.24,91.41,91.24,91.38,330
1781196000,91.36,91.39,91.03,91.04,745
1781196300,91.04,91.04,90.81,90.83,718
1781196600,90.85,90.87,90.69,90.73,513
1781196900,90.76,90.9,90.67,90.87,338
1781197200,90.86,90.95,90.6,90.69,1162
1781197500,90.68,90.71,90.53,90.57,603
1781197800,90.56,90.61,90.31,90.34,1159
1781198100,90.4,90.43,90.13,90.24,551
1781198400,90.22,90.29,90.08,90.17,451
1781198700,90.21,90.29,88.25,88.4,1536
1781199000,88.36,88.37,86.77,86.99,5022
1781199300,86.99,87.25,86.56,86.6,5113
1781199600,86.59,86.95,86.55,86.71,3076
1781199900,86.7,87.27,86.61,87.21,3059
1781200200,87.21,87.4,86.89,87.2,1973
1781200500,87.21,87.53,87.06,87.38,1710
1781200800,87.4,88.03,87.35,87.91,2182
1781201100,87.92,88.29,87.92,88.18,1722
1781201400,88.17,88.19,87.5,87.56,1699
1781201700,87.57,87.67,87.28,87.31,1143
1781202000,87.33,87.86,87.12,87.58,2238
1781202300,87.58,87.86,87.43,87.79,1261
1781202600,87.81,88.32,87.79,88.05,930
1781202900,88.05,88.15,87.89,87.94,409
1781203200,87.95,88.07,87.85,88.05,432
1781203500,88.08,88.14,87.99,88.09,306
1781203800,88.09,88.12,87.94,88.08,411
1781204100,88.06,88.15,87.72,87.81,852
1781204400,87.81,87.81,87.53,87.54,521
1781204700,87.52,87.87,87.47,87.59,721
1781205000,87.59,87.69,87.13,87.62,1138
1781205300,87.6,87.6,86.98,87.04,1496
1781205600,87.05,87.09,86.82,86.91,1239
1781205900,86.89,86.95,86.7,86.74,1029
1781206200,86.74,86.74,85.93,85.98,3991
1781206500,85.99,86.23,85.82,86.23,2362
1781206800,86.21,86.33,85.93,86.29,1302
1781207100,86.3,86.58,86.24,86.5,1147
1781207400,86.5,86.63,86.38,86.38,1004
1781207700,86.39,86.56,86.33,86.55,657
1781208000,86.53,86.54,86.05,86.15,1530
1781208300,86.15,86.35,86.1,86.3,677
1781208600,86.32,86.6,86.22,86.23,946
1781208900,86.24,86.39,86.21,86.37,258
1781209200,86.37,86.37,86,86.07,597
1781209500,86.07,86.26,85.72,85.99,995
1781209800,85.99,86.33,85.92,86.33,437
1781210100,86.33,86.55,86.24,86.42,590
1781210400,86.43,86.48,86.29,86.35,189
1781210700,86.35,86.52,86.34,86.41,233
1781211000,86.34,86.6,86.29,86.49,290
1781211300,86.51,86.54,86.4,86.42,369
1781215200,86.46,86.67,85.31,85.49,1743
1781215500,85.42,85.6,85.1,85.32,1085
1781215800,85.33,85.79,85.28,85.71,623
1781216100,85.74,85.83,85.72,85.83,231
1781216400,85.85,85.89,85.61,85.73,229
1781216700,85.7,86.07,85.65,86.02,310
1781217000,86.07,86.08,85.89,85.92,276
1781217300,85.93,86.04,85.84,85.94,150
1781217600,85.97,85.97,85.67,85.82,255
1781217900,85.78,85.93,85.7,85.9,195
1781218200,85.89,85.96,85.87,85.94,106
1781218500,85.94,85.97,85.83,85.96,195
1781218800,85.95,85.96,85.68,85.78,358
1781219100,85.78,85.87,85.75,85.79,101
1781219400,85.78,85.9,85.78,85.85,66
1781219700,85.85,85.91,85.83,85.86,71
1781220000,85.88,85.9,85.79,85.84,86
1781220300,85.83,85.9,85.81,85.86,90
1781220600,85.87,85.97,85.87,85.96,101
1781220900,85.95,86.06,85.9,86,132
1781221200,86,86.12,85.93,86.06,227
1781221500,86.06,86.23,85.99,86.22,216
1781221800,86.22,86.22,86.03,86.08,156
1781222100,86.06,86.1,86.03,86.08,63
1781222400,86.05,86.45,86.05,86.37,526
1781222700,86.36,86.46,86.25,86.26,575
1781223000,86.25,86.44,86.21,86.24,206
1781223300,86.26,86.35,86.26,86.34,118
1781223600,86.35,86.36,86.18,86.2,246
1781223900,86.2,86.29,86.18,86.29,186
1781224200,86.29,86.42,86.26,86.36,256
1781224500,86.35,86.5,86.32,86.48,250
1781224800,86.5,86.6,86.43,86.44,361
1781225100,86.42,86.44,86.33,86.4,640
1781225400,86.4,86.5,86.33,86.5,181
1781225700,86.51,86.77,86.47,86.63,543
1781226000,86.63,86.95,86.61,86.68,1140
1781226300,86.72,86.86,86.68,86.69,412
1781226600,86.71,86.8,86.64,86.78,296
1781226900,86.76,86.85,86.68,86.69,270
1781227200,86.69,86.78,86.66,86.78,194
1781227500,86.78,86.79,86.66,86.71,297
1781227800,86.69,86.71,86.56,86.63,296
1781228100,86.64,86.75,86.61,86.66,224
1781228400,86.66,86.9,86.65,86.88,393
1781228700,86.88,86.89,86.69,86.69,273
1781229000,86.69,86.88,86.66,86.86,216
1781229300,86.87,86.88,86.73,86.81,116
1781229600,86.82,86.86,86.69,86.69,218
1781229900,86.7,86.8,86.65,86.79,138
1781230200,86.77,86.81,86.71,86.78,101
1781230500,86.77,86.87,86.77,86.83,98
1781230800,86.83,86.87,86.8,86.85,112
1781231100,86.86,86.9,86.8,86.9,133
1781231400,86.88,86.88,86.77,86.82,107
1781231700,86.81,86.85,86.75,86.83,196
1781232000,86.8,86.85,86.72,86.76,169
1781232300,86.74,86.74,86.55,86.61,347
1781232600,86.62,86.7,86.47,86.68,453
1781232900,86.68,86.78,86.6,86.74,267
1781233200,86.73,86.99,86.71,86.85,491
1781233500,86.85,86.88,86.79,86.79,219
1781233800,86.81,86.93,86.76,86.9,206
1781234100,86.89,87.01,86.84,86.92,274
1781234400,86.91,86.91,86.82,86.87,105
1781234700,86.86,86.87,86.68,86.72,257
1781235000,86.7,86.76,86.43,86.49,433
1781235300,86.49,86.61,86.46,86.57,144
1781235600,86.55,86.62,86.49,86.59,174
1781235900,86.59,86.62,86.37,86.42,246
1781236200,86.42,86.43,86.32,86.35,236
1781236500,86.33,86.35,86.22,86.22,298
1781236800,86.21,86.35,86.18,86.29,135
1781237100,86.3,86.33,86.11,86.16,234
1781237400,86.16,86.2,86.05,86.09,386
1781237700,86.1,86.21,86.08,86.17,195
1781238000,86.17,86.28,86.17,86.23,131
1781238300,86.25,86.25,86.15,86.16,169
1781238600,86.18,86.18,86.09,86.16,145
1781238900,86.15,86.28,86.13,86.25,212
1781239200,86.24,86.29,86.22,86.23,85
1781239500,86.24,86.37,86.23,86.27,234
1781239800,86.26,86.26,86.19,86.23,103
1781240100,86.21,86.25,86.05,86.05,247
1781240400,86.07,86.1,85.91,86,663
1781240700,85.98,86.06,85.93,85.95,156
1781241000,85.94,86.01,85.88,86,251
1781241300,86,86.1,86,86.07,174
1781241600,86.07,86.13,86.02,86.06,174
1781241900,86.03,86.05,85.91,85.93,262
1781242200,85.95,86.17,85.9,86.1,389
1781242500,86.11,86.14,85.86,85.89,324
1781242800,85.88,85.9,85.67,85.81,575
1781243100,85.79,85.95,85.75,85.9,253
1781243400,85.89,85.94,85.74,85.78,267
1781243700,85.8,86.07,85.8,86.06,314
1781244000,86.04,86.04,85.83,85.94,227
1781244300,85.93,85.96,85.83,85.88,226
1781244600,85.9,86.06,85.9,86.03,235
1781244900,86.05,86.11,85.95,86.08,280
1781245200,86.08,86.15,85.83,85.86,400
1781245500,85.86,86.01,85.82,85.93,193
1781245800,85.95,86.05,85.88,85.91,219
1781246100,85.92,85.92,85.72,85.86,297
1781246400,85.84,86.02,85.78,85.99,330
1781246700,85.97,86.1,85.89,86.05,285
1781247000,86.03,86.04,85.87,86.01,227
1781247300,86.01,86.14,85.94,86.08,228
1781247600,86.07,86.27,85.98,86.23,371
1781247900,86.22,86.35,86.16,86.29,377
1781248200,86.3,86.36,86.08,86.36,275
1781248500,86.35,86.4,86.17,86.21,363
1781248800,86.23,86.26,86,86.01,289
1781249100,86.05,86.14,86.03,86.04,174
1781249400,86.04,86.19,85.84,85.89,359
1781249700,85.87,85.96,85.44,85.96,1156
1781250000,85.93,86.07,85.6,85.66,532
1781250300,85.65,85.75,85.51,85.68,339
1781250600,85.67,85.74,85.45,85.5,352
1781250900,85.51,85.53,84.9,85.18,2060
1781251200,85.18,85.22,84.78,84.99,1169
1781251500,84.98,85.11,84.5,84.56,1502
1781251800,84.56,84.6,84.28,84.36,1220
1781252100,84.37,84.64,83.69,83.73,2011
1781252400,83.72,84.02,83.48,83.82,1902
1781252700,83.82,84.04,83.4,83.43,1537
1781253000,83.46,83.78,83.16,83.78,1692
1781253300,83.78,83.94,83.67,83.75,863
1781253600,83.76,84,83.7,83.76,648
1781253900,83.76,83.95,83.67,83.83,519
1781254200,83.85,83.97,83.78,83.95,363
1781254500,83.95,84,83.77,83.89,429
1781254800,83.87,83.92,83.58,83.65,656
1781255100,83.64,83.98,83.61,83.83,421
1781255400,83.81,84,83.75,83.75,281
1781255700,83.75,83.8,83.47,83.72,639
1781256000,83.73,84.09,83.65,83.91,676
1781256300,83.91,84.06,83.7,83.81,433
1781256600,83.8,83.85,83.56,83.6,287
1781256900,83.58,83.91,83.56,83.91,381
1781257200,83.93,83.96,83.84,83.87,159
1781257500,83.86,84.22,83.85,84.08,568
1781257800,84.06,84.08,83.94,84.05,338
1781258100,84.04,84.16,83.87,84.16,304
1781258400,84.17,84.3,84.01,84.19,400
1781258700,84.18,84.24,84.07,84.07,251
1781259000,84.06,84.34,84.02,84.21,570
1781259300,84.2,84.48,84.19,84.32,434
1781259600,84.33,84.5,84.29,84.31,302
1781259900,84.31,85.03,84.3,84.93,1910
1781260200,84.92,85.28,84.75,85.01,1427
1781260500,85,85,84.7,84.81,489
1781260800,84.79,84.91,84.69,84.75,376
1781261100,84.73,84.83,84.65,84.79,299
1781261400,84.81,84.89,84.77,84.77,274
1781261700,84.76,84.86,84.48,84.71,748
1781262000,84.69,84.76,84.59,84.66,323
1781262300,84.66,84.74,84.54,84.61,281
1781262600,84.62,84.62,84.35,84.37,387
1781262900,84.4,84.45,84.25,84.26,536
1781263200,84.25,84.28,84.06,84.09,577
1781263500,84.07,84.32,84.04,84.3,550
1781263800,84.3,84.59,84.17,84.51,706
1781264100,84.53,84.67,84.47,84.62,273
1781264400,84.6,84.61,84.34,84.45,505
1781264700,84.44,84.91,84.44,84.88,475
1781265000,84.88,85.04,84.76,84.79,699
1781265300,84.78,85.22,84.78,84.91,741
1781265600,84.88,85.11,84.71,85.01,727
1781265900,85,85.08,84.92,84.94,303
1781266200,84.97,85.02,84.89,84.92,308
1781266500,84.91,85.02,84.85,84.95,310
1781266800,84.94,85.24,84.94,85.2,469
1781267100,85.2,85.24,85.09,85.23,283
1781267400,85.24,85.47,85.23,85.37,985
1781267700,85.36,85.51,85.34,85.44,498
1781268000,85.41,85.7,85.36,85.45,1219
1781268300,85.43,85.6,85.09,85.23,1251
1781268600,85.25,85.42,85.11,85.36,637
1781268900,85.37,85.62,85.08,85.1,987
1781269200,85.09,85.25,84.94,85.18,898
1781269500,85.18,85.46,85.18,85.35,619
1781269800,85.37,85.62,85.35,85.39,773
1781270100,85.37,85.39,85.15,85.24,715
1781270400,85.23,85.44,85.15,85.38,409
1781270700,85.38,85.51,85.29,85.35,461
1781271000,85.35,85.67,85.31,85.57,1117
1781271300,85.55,85.93,85.43,85.82,1511
1781271600,85.83,86.89,85.82,86.23,3416
1781271900,86.21,86.57,86.05,86.37,1346
1781272200,86.37,86.77,86.29,86.76,1257
1781272500,86.76,87.05,86.7,87,1777
1781272800,87.01,87.26,86.79,86.81,2859
1781273100,86.79,86.95,86.6,86.62,1523
1781273400,86.66,86.69,86.38,86.41,1242
1781273700,86.42,86.55,86.12,86.55,1369
1781274000,86.53,86.79,86.41,86.58,1070
1781274300,86.58,86.61,86.36,86.45,449
1781274600,86.47,86.65,86.46,86.5,486
1781274900,86.52,86.54,86.09,86.18,1238
1781275200,86.2,86.49,86.19,86.43,625
1781275500,86.45,86.63,86.36,86.55,617
1781275800,86.56,86.68,85.17,85.28,2234
1781276100,85.33,85.52,84.74,84.96,3562
1781276400,84.95,85.06,84.5,84.87,2699
1781276700,84.84,84.85,84.52,84.57,1523
1781277000,84.56,84.8,84.4,84.62,1271
1781277300,84.58,84.74,84.31,84.42,1416
1781277600,84.41,84.49,84.23,84.31,1175
1781277900,84.3,84.55,84.27,84.46,1256
1781278200,84.45,84.73,84.24,84.58,1608
1781278500,84.59,84.77,84.24,84.29,1196
1781278800,84.28,84.57,84.25,84.49,728
1781279100,84.49,84.62,84.33,84.58,704
1781279400,84.57,84.57,84.12,84.24,979
1781279700,84.23,84.43,84.14,84.41,644
1781280000,84.43,84.73,84.41,84.54,955
1781280300,84.57,84.81,84.57,84.72,645
1781280600,84.74,84.81,84.19,84.47,1282
1781280900,84.51,84.62,84.21,84.57,1027
1781281200,84.55,84.8,84.49,84.6,606
1781281500,84.61,84.85,84.59,84.79,485
1781281800,84.78,84.85,84.67,84.72,471
1781282100,84.73,84.85,84.64,84.67,307
1781282400,84.68,84.79,84.57,84.76,413
1781282700,84.74,84.78,84.45,84.55,452
1781283000,84.55,84.67,84.52,84.63,501
1781283300,84.64,85.01,84.64,84.86,776
1781283600,84.87,84.92,84.77,84.85,262
1781283900,84.84,84.98,84.44,84.83,830
1781284200,84.83,84.98,84.72,84.8,815
1781284500,84.8,84.96,84.65,84.68,517
1781284800,84.66,84.8,84.63,84.68,337
1781285100,84.68,84.81,84.47,84.55,333
1781285400,84.55,84.68,84.55,84.64,251
1781285700,84.66,84.79,84.57,84.74,185
1781286000,84.73,84.8,84.69,84.79,202
1781286300,84.79,84.89,84.71,84.72,251
1781286600,84.68,84.89,84.63,84.83,355
1781286900,84.85,85.05,84.84,84.92,496
1781287200,84.9,85.09,84.89,85,399
1781287500,85.03,85.06,84.71,84.76,564
1781287800,84.78,85.02,84.75,84.93,243
1781288100,84.94,85.01,84.83,84.93,383
1781288400,84.93,84.94,84.77,84.86,310
1781288700,84.86,85.04,84.79,84.87,452
1781289000,84.89,84.89,84.71,84.77,403
1781289300,84.76,84.76,84.62,84.63,301
1781289600,84.61,84.61,84.32,84.33,628
1781289900,84.35,84.48,84.33,84.43,338
1781290200,84.42,84.46,84.39,84.42,160
1781290500,84.42,84.48,84.32,84.44,265
1781290800,84.46,84.47,84.34,84.37,230
1781291100,84.37,84.63,84.37,84.54,718
1781291400,84.55,84.58,84.49,84.53,191
1781291700,84.52,84.52,84.44,84.47,148
1781292000,84.48,84.57,84.47,84.5,267
1781292300,84.52,84.52,84.42,84.45,153
1781292600,84.46,84.55,84.38,84.54,232
1781292900,84.54,84.66,84.3,84.52,880
1781293200,84.52,84.58,84.45,84.56,186
1781293500,84.59,84.59,84.36,84.39,220
1781293800,84.38,84.44,84.3,84.38,306
1781294100,84.37,84.4,84.22,84.28,754
1781294400,84.3,84.38,84.27,84.37,348
1781294700,84.35,84.44,84.33,84.43,265
1781295000,84.43,84.47,84.3,84.38,237
1781295300,84.37,84.4,84.23,84.23,205
1781295600,84.25,84.28,84.22,84.28,172
1781295900,84.27,84.29,84.2,84.24,272
1781296200,84.26,84.29,84.23,84.27,243
1781296500,84.27,84.33,84.21,84.21,302
1781296800,84.21,84.29,84.2,84.27,198
1781297100,84.27,84.31,84.24,84.28,293
1781297400,84.27,84.31,84.2,84.22,386
1781297700,84.24,84.33,84.17,84.33,406
1781474400,81.77,82.5,80.21,81.12,6319
1781474700,81.12,81.43,80.86,80.92,1720
1781475000,80.92,81,80.8,80.97,725
1781475300,80.96,81.26,80.89,80.9,1284
1781475600,80.88,81.13,80.82,81.11,676
1781475900,81.14,81.5,81.12,81.34,1075
1781476200,81.37,81.5,81.31,81.38,548
1781476500,81.37,81.55,81.34,81.5,371
1781476800,81.51,81.7,81.43,81.54,494
1781477100,81.56,81.59,81.09,81.25,845
1781477400,81.29,81.43,81.26,81.37,360
1781477700,81.41,81.41,81.25,81.25,211
1781478000,81.27,81.33,81.11,81.15,326
1781478300,81.13,81.16,80.96,81,449
1781478600,80.97,81.05,80.89,80.9,488
1781478900,80.91,81.18,80.9,81.17,344
1781479200,81.16,81.19,81.03,81.03,200
1781479500,81.05,81.23,81.04,81.14,236
1781479800,81.13,81.16,81.06,81.14,92
1781480100,81.13,81.15,81.06,81.06,142
1781480400,81.08,81.09,81.03,81.06,120
1781480700,81.08,81.13,81.01,81.01,314
1781481000,81.02,81.03,80.88,80.91,290
1781481300,80.9,81.03,80.9,81.01,333
1781481600,81,81.01,80.81,80.84,472
1781481900,80.84,80.95,80.78,80.83,424
1781482200,80.82,80.88,80.44,80.63,1023
1781482500,80.63,80.75,80.58,80.67,413
1781482800,80.69,80.89,80.67,80.83,283
1781483100,80.81,80.87,80.69,80.84,253
1781483400,80.84,80.96,80.76,80.93,314
1781483700,80.93,80.98,80.85,80.91,207
1781484000,80.9,81.18,80.9,81.12,434
1781484300,81.12,81.23,80.97,80.97,339
1781484600,80.97,81.01,80.87,80.97,282
1781484900,80.95,81.04,80.91,80.97,191
1781485200,80.98,81.22,80.71,80.85,885
1781485500,80.84,81.02,80.83,81.01,479
1781485800,81,81.09,80.8,80.88,397
1781486100,80.89,80.92,80.68,80.78,344
1781486400,80.77,80.79,80.51,80.7,766
1781486700,80.69,80.75,80.53,80.63,381
1781487000,80.62,80.65,80.5,80.6,472
1781487300,80.61,80.8,80.57,80.69,540
1781487600,80.69,80.83,80.68,80.78,344
1781487900,80.78,80.88,80.75,80.86,254
1781488200,80.86,80.92,80.8,80.88,326
1781488500,80.86,80.96,80.79,80.9,236
1781488800,80.89,80.9,80.76,80.78,189
1781489100,80.78,80.78,80.5,80.61,497
1781489400,80.61,80.67,80.55,80.6,294
1781489700,80.6,80.66,80.57,80.58,179
1781490000,80.57,80.59,80.51,80.54,174
1781490300,80.53,80.54,80.31,80.33,616
1781490600,80.34,80.34,80.11,80.17,983
1781490900,80.17,80.24,80.05,80.08,734
1781491200,80.07,80.2,80.05,80.2,426
1781491500,80.19,80.23,80.09,80.1,270
1781491800,80.11,80.19,79.99,80.05,787
1781492100,80.06,80.14,79.98,80.1,359
1781492400,80.08,80.22,80,80.15,373
1781492700,80.17,80.28,80.13,80.14,352
1781493000,80.15,80.19,80.03,80.09,300
1781493300,80.09,80.14,79.96,80.06,327
1781493600,80.07,80.16,80,80.16,245
1781493900,80.15,80.19,80.11,80.12,183
1781494200,80.13,80.55,80.13,80.5,1108
1781494500,80.51,80.67,80.4,80.46,635
1781494800,80.47,80.6,80.35,80.57,343
1781495100,80.57,80.66,80.44,80.54,338
1781495400,80.55,80.55,80.46,80.47,166
1781495700,80.47,80.55,80.41,80.52,161
1781496000,80.51,80.62,80.43,80.62,151
1781496300,80.61,80.62,80.55,80.56,130
1781496600,80.58,80.59,80.51,80.53,77
1781496900,80.52,80.62,80.49,80.56,125
1781497200,80.56,80.61,80.51,80.6,92
1781497500,80.6,80.66,80.56,80.59,105
1781497800,80.61,80.65,80.51,80.51,155
1781498100,80.53,80.7,80.48,80.69,205
1781498400,80.69,80.72,80.57,80.59,184
1781498700,80.58,80.62,80.56,80.61,88
1781499000,80.62,80.62,80.5,80.58,212
1781499300,80.59,80.61,80.52,80.52,164
1781499600,80.53,80.64,80.51,80.61,217
1781499900,80.61,80.75,80.59,80.73,185
1781500200,80.72,80.86,80.71,80.78,371
1781500500,80.8,80.83,80.72,80.75,231
1781500800,80.72,80.74,80.69,80.7,85
1781501100,80.7,80.91,80.7,80.8,234
1781501400,80.8,80.93,80.73,80.88,402
1781501700,80.88,80.88,80.7,80.74,363
1781502000,80.76,80.92,80.74,80.89,256
1781502300,80.87,80.89,80.67,80.72,352
1781502600,80.72,81.1,80.62,80.93,559
1781502900,80.92,80.96,80.72,80.79,281
1781503200,80.8,81.08,80.79,81.03,347
1781503500,81.05,81.11,80.93,81.11,368
1781503800,81.1,81.1,80.83,80.92,360
1781504100,80.92,80.93,80.8,80.83,190
1781504400,80.81,80.81,80.46,80.58,954
1781504700,80.57,80.8,80.56,80.73,295
1781505000,80.75,80.86,80.48,80.57,375
1781505300,80.58,80.74,80.57,80.66,207
1781505600,80.66,80.66,80.43,80.58,359
1781505900,80.54,80.61,80.53,80.6,122
1781506200,80.59,80.71,80.51,80.59,212
1781506500,80.57,80.59,80.46,80.5,219
1781506800,80.51,80.68,80.45,80.53,293
1781507100,80.53,80.53,80.34,80.46,374
1781507400,80.46,80.51,80.31,80.39,193
1781507700,80.36,80.38,80.03,80.14,635
1781508000,80.14,80.14,79.99,80.02,574
1781508300,80.01,80.1,79.79,79.84,787
1781508600,79.85,79.91,79.69,79.76,631
1781508900,79.75,80.08,79.75,80.01,711
1781509200,80.01,80.19,80.01,80.09,426
1781509500,80.12,80.48,80.11,80.47,572
1781509800,80.46,80.54,80.27,80.34,448
1781510100,80.35,80.51,80.34,80.49,170
1781510400,80.49,80.63,80.36,80.41,434
1781510700,80.45,80.64,80.43,80.6,245
1781511000,80.59,80.89,80.56,80.7,701
1781511300,80.7,80.81,80.57,80.61,344
1781511600,80.58,80.8,80.53,80.7,289
1781511900,80.69,80.73,80.26,80.31,790
1781512200,80.3,80.53,80.23,80.33,579
1781512500,80.33,80.4,80.2,80.34,344
1781512800,80.37,80.41,80.16,80.3,293
1781513100,80.29,80.46,80.16,80.4,330
1781513400,80.39,80.51,80.35,80.45,293
1781513700,80.46,80.52,80.31,80.42,308
1781514000,80.42,80.42,79.96,80.14,1114
1781514300,80.1,80.24,80,80.16,335
1781514600,80.17,80.37,80.06,80.36,262
1781514900,80.35,80.4,80.15,80.21,261
1781515200,80.22,80.42,80.22,80.35,219
1781515500,80.34,80.38,80.07,80.12,204
1781515800,80.1,80.23,80.01,80.14,394
1781516100,80.16,80.25,80.13,80.22,165
1781516400,80.2,80.37,80.19,80.37,230
1781516700,80.35,80.5,80.31,80.33,300
1781517000,80.32,80.32,80.05,80.13,450
1781517300,80.13,80.26,80.1,80.26,190
1781517600,80.25,80.31,80.13,80.15,230
1781517900,80.16,80.25,80.11,80.19,174
1781518200,80.17,80.32,80.17,80.22,130
1781518500,80.21,80.21,80.05,80.13,250
1781518800,80.14,80.4,80.13,80.34,303
1781519100,80.34,80.37,80.16,80.37,264
1781519400,80.37,80.54,80.31,80.35,373
1781519700,80.35,80.5,80.33,80.48,186
1781520000,80.47,80.53,80.44,80.48,242
1781520300,80.46,80.51,80.38,80.45,172
1781520600,80.45,80.67,80.43,80.6,310
1781520900,80.61,80.7,80.47,80.6,215
1781521200,80.59,80.62,80.23,80.29,500
1781521500,80.27,80.44,80.25,80.38,208
1781521800,80.4,80.4,80.11,80.21,306
1781522100,80.2,80.38,80.17,80.31,172
1781522400,80.32,80.37,80.25,80.26,148
1781522700,80.25,80.25,80.12,80.17,196
1781523000,80.13,80.31,80.06,80.29,313
1781523300,80.31,80.42,80.26,80.35,197
1781523600,80.34,80.48,80.29,80.46,278
1781523900,80.43,80.48,80.29,80.34,277
1781524200,80.3,80.36,80.23,80.35,229
1781524500,80.34,80.48,80.34,80.41,234
1781524800,80.41,80.61,80.35,80.58,381
1781525100,80.58,80.6,80.46,80.53,274
1781525400,80.52,80.56,80.21,80.29,547
1781525700,80.31,80.33,80.21,80.21,351
1781526000,80.21,80.46,80.18,80.33,571
1781526300,80.32,80.36,80.13,80.23,382
1781526600,80.22,80.25,79.96,80.07,743
1781526900,80.05,80.24,80.05,80.18,438
1781527200,80.15,80.18,80.01,80.02,412
1781527500,80.03,80.27,80.03,80.26,416
1781527800,80.26,80.43,80.16,80.3,481
1781528100,80.29,80.41,80.25,80.33,314
1781528400,80.35,80.44,80.25,80.3,492
1781528700,80.31,80.4,80.26,80.32,331
1781529000,80.29,80.47,80.29,80.47,295
1781529300,80.46,80.55,80.38,80.4,525
1781529600,80.41,80.66,80.4,80.47,923
1781529900,80.46,80.58,80.38,80.5,350
1781530200,80.49,80.68,80.4,80.46,880
1781530500,80.45,80.49,80.29,80.49,878
1781530800,80.49,80.53,80.35,80.5,361
1781531100,80.51,80.65,80.45,80.49,644
1781531400,80.5,80.5,80.28,80.33,524
1781531700,80.34,80.43,80.21,80.23,569
1781532000,80.22,80.29,80.15,80.25,533
1781532300,80.26,80.28,80.01,80.1,904
1781532600,80.1,80.37,80.1,80.27,485
1781532900,80.28,80.32,80.06,80.07,475
1781533200,80.08,80.09,79.93,80.02,913
1781533500,80.05,80.13,79.82,79.9,1095
1781533800,79.91,79.97,79.79,79.95,816
1781534100,79.93,80,79.85,79.89,542
1781534400,79.88,79.96,79.81,79.92,343
1781534700,79.92,80.16,79.89,80.13,802
1781535000,80.11,80.35,80.03,80.29,789
1781535300,80.29,80.5,80.27,80.48,935
1781535600,80.49,80.86,80.4,80.66,1986
1781535900,80.62,80.74,80.52,80.63,648
1781536200,80.63,80.73,80.55,80.63,431
1781536500,80.61,80.63,80.46,80.55,565
1781536800,80.54,80.58,80.44,80.5,360
1781537100,80.5,80.67,80.33,80.62,733
1781537400,80.62,80.79,80.5,80.6,849
1781537700,80.6,80.62,80.26,80.37,522
1781538000,80.35,80.58,80.35,80.51,361
1781538300,80.48,80.49,80.2,80.23,497
1781538600,80.22,80.29,80.14,80.24,542
1781538900,80.23,80.33,80.21,80.26,261
1781539200,80.25,80.28,80.12,80.2,451
1781539500,80.24,80.37,80.11,80.16,522
1781539800,80.14,80.27,80.11,80.16,324
1781540100,80.17,80.22,80.03,80.13,638
1781540400,80.11,80.14,80.05,80.08,277
1781540700,80.06,80.2,80.06,80.1,293
1781541000,80.1,80.27,80.1,80.25,285
1781541300,80.25,80.36,80.24,80.3,279
1781541600,80.29,80.47,80.27,80.41,341
1781541900,80.4,80.46,80.36,80.43,278
1781542200,80.43,80.44,80.34,80.42,173
1781542500,80.41,80.52,80.41,80.5,377
1781542800,80.51,80.64,80.51,80.57,510
1781543100,80.58,80.73,80.51,80.57,728
1781543400,80.59,80.6,80.52,80.58,181
1781543700,80.58,80.59,80.37,80.43,373
1781544000,80.45,80.58,80.44,80.51,259
1781544300,80.5,80.65,80.42,80.58,311
1781544600,80.56,80.59,80.47,80.58,181
1781544900,80.56,80.59,80.29,80.29,416
1781545200,80.3,80.47,80.3,80.44,275
1781545500,80.45,80.51,80.4,80.46,233
1781545800,80.48,80.64,80.46,80.5,225
1781546100,80.5,80.63,80.46,80.58,182
1781546400,80.57,80.66,80.42,80.46,519
1781546700,80.47,80.52,80.4,80.51,224
1781547000,80.49,80.53,80.4,80.44,225
1781547300,80.41,80.68,80.36,80.58,268
1781547600,80.62,80.68,80.54,80.58,256
1781547900,80.57,80.94,80.51,80.89,897
1781548200,80.89,81.01,80.78,80.81,671
1781548500,80.81,80.88,80.8,80.82,164
1781548800,80.82,80.99,80.82,80.98,268
1781549100,80.98,81.02,80.95,80.96,281
1781549400,80.96,81.04,80.87,80.98,281
1781549700,80.98,80.98,80.84,80.88,126
1781550000,80.89,80.96,80.87,80.92,152
1781550300,80.92,81,80.89,80.94,142
1781550600,80.93,81,80.92,80.94,126
1781550900,80.94,81.12,80.94,81.04,339
1781551200,81.04,81.23,81,81.14,402
1781551500,81.15,81.15,81.04,81.09,185
1781551800,81.09,81.17,81.05,81.14,221
1781552100,81.13,81.41,81.13,81.27,938
1781552400,81.28,81.46,81.27,81.36,416
1781552700,81.35,81.47,81.35,81.44,215
1781553000,81.44,81.45,81.34,81.35,288
1781553300,81.35,81.45,81.29,81.31,349
1781553600,81.31,81.6,81.3,81.58,583
1781553900,81.56,81.59,81.44,81.49,192
1781554200,81.5,81.62,81.41,81.42,371
1781554500,81.43,81.46,81.29,81.3,218
1781554800,81.3,81.35,81.28,81.32,165
1781555100,81.32,81.35,81.29,81.31,159
1781555400,81.32,81.38,81.28,81.36,169
1781555700,81.36,81.37,81.21,81.21,259
1781556000,81.22,81.24,81.17,81.19,298
1781556300,81.2,81.29,81.14,81.17,342
1781556600,81.16,81.18,81.1,81.18,144
1781556900,81.16,81.19,81.12,81.18,181
1781560800,81.1,81.41,81.03,81.07,329
1781561100,81.06,81.07,80.92,81.06,232
1781561400,81.05,81.18,81.03,81.15,96
1781561700,81.15,81.2,81.11,81.15,75
1781562000,81.16,81.37,81.16,81.35,125
1781562300,81.35,81.52,81.25,81.29,268
1781562600,81.29,81.36,81.25,81.35,57
1781562900,81.32,81.46,81.3,81.43,56
1781563200,81.44,81.5,81.34,81.38,79
1781563500,81.36,81.45,81.33,81.4,49
1781563800,81.42,81.48,81.42,81.45,52
1781564100,81.45,81.45,81.26,81.43,127
1781564400,81.4,81.42,81.35,81.37,53
1781564700,81.36,81.38,81.29,81.34,53
1781565000,81.34,81.44,81.34,81.39,65
1781565300,81.42,81.44,81.39,81.39,33
1781565600,81.41,81.47,81.41,81.43,29
1781565900,81.43,81.43,81.37,81.4,58
1781566200,81.37,81.45,81.37,81.45,54
1781566500,81.46,81.49,81.43,81.47,45
1781566800,81.47,81.57,81.42,81.51,154
1781567100,81.51,81.53,81.46,81.5,41
1781567400,81.49,81.49,81.41,81.41,24
1781567700,81.43,81.55,81.43,81.51,66
1781568000,81.51,81.52,81.31,81.39,158
1781568300,81.39,81.44,81.27,81.31,122
1781568600,81.28,81.32,81.21,81.3,124
1781568900,81.3,81.39,81.3,81.33,70
1781569200,81.35,81.48,81.33,81.44,134
1781569500,81.47,81.47,81.3,81.33,87
1781569800,81.32,81.33,81.22,81.28,138
1781570100,81.28,81.35,81.26,81.29,71
1781570400,81.29,81.32,81.22,81.31,145
1781570700,81.32,81.4,81.32,81.38,95
1781571000,81.38,81.41,81.29,81.33,72
1781571300,81.36,81.36,81.29,81.3,66
1781571600,81.27,81.38,81.06,81.08,639
1781571900,81.06,81.19,80.96,80.99,335
1781572200,80.97,81.28,80.94,81.23,332
1781572500,81.23,81.24,81.03,81.07,175
1781572800,81.07,81.1,81.02,81.05,167
1781573100,81.08,81.13,80.99,81.02,158
1781573400,81.02,81.17,80.97,81.13,124
1781573700,81.11,81.17,81.09,81.12,99
1781574000,81.1,81.1,80.95,80.97,158
1781574300,80.95,81.11,80.85,80.9,497
1781574600,80.89,80.97,80.86,80.9,159
1781574900,80.92,81.06,80.91,80.92,202
1781575200,80.91,80.99,80.87,80.96,239
1781575500,80.96,80.97,80.9,80.9,112
1781575800,80.89,80.93,80.77,80.84,203
1781576100,80.84,80.88,80.76,80.86,135
1781576400,80.86,80.96,80.82,80.94,145
1781576700,80.95,80.99,80.91,80.95,83
1781577000,80.92,80.92,80.8,80.88,113
1781577300,80.9,80.95,80.87,80.92,59
1781577600,80.95,81,80.84,80.9,58
1781577900,80.87,80.87,80.65,80.67,491
1781578200,80.68,80.74,80.57,80.73,264
1781578500,80.74,80.84,80.68,80.71,214
1781578800,80.71,80.75,80.66,80.66,156
1781579100,80.66,80.66,80.59,80.63,162
1781579400,80.62,80.68,80.62,80.67,63
1781579700,80.67,80.69,80.59,80.62,106
1781580000,80.62,80.74,80.6,80.72,148
1781580300,80.73,80.76,80.62,80.69,93
1781580600,80.69,80.72,80.64,80.69,85
1781580900,80.68,80.69,80.61,80.65,75
1781581200,80.64,80.68,80.61,80.63,150
1781581500,80.62,80.68,80.57,80.64,224
1781581800,80.66,80.69,80.61,80.64,49
1781582100,80.64,80.7,80.64,80.7,43
1781582400,80.7,80.78,80.68,80.77,118
1781582700,80.79,80.82,80.74,80.74,110
1781583000,80.72,80.73,80.68,80.7,65
1781583300,80.69,80.75,80.61,80.75,99
1781583600,80.71,80.72,80.63,80.65,40
1781583900,80.67,80.7,80.67,80.67,43
1781584200,80.67,80.71,80.65,80.65,104
1781584500,80.66,80.75,80.66,80.71,41
1781584800,80.71,80.71,80.67,80.67,35
1781585100,80.67,80.71,80.67,80.68,46
1781585400,80.68,80.76,80.64,80.74,82
1781585700,80.72,80.72,80.58,80.61,153
1781586000,80.63,80.63,80.57,80.59,66
1781586300,80.6,80.62,80.54,80.58,130
1781586600,80.58,80.64,80.56,80.61,70
1781586900,80.61,80.61,80.47,80.51,222
1781587200,80.51,80.54,80.4,80.41,216
1781587500,80.42,80.5,80.38,80.41,173
1781587800,80.4,80.42,80.27,80.42,383
1781588100,80.42,80.5,80.35,80.46,166
1781588400,80.46,80.52,80.41,80.48,109
1781588700,80.46,80.46,80.32,80.44,122
1781589000,80.45,80.5,80.39,80.42,123
1781589300,80.43,80.51,80.43,80.48,107
1781589600,80.48,80.51,80.39,80.48,101
1781589900,80.5,80.5,80.39,80.47,100
1781590200,80.48,80.5,80.43,80.43,120
1781590500,80.42,80.54,80.39,80.52,191
1781590800,80.52,80.53,80.45,80.46,140
1781591100,80.45,80.45,80.4,80.44,177
1781591400,80.45,80.56,80.4,80.46,140
1781591700,80.46,80.6,80.46,80.54,102
1781592000,80.52,80.59,80.49,80.53,94
1781592300,80.54,80.75,80.54,80.73,195
1781592600,80.72,80.8,80.7,80.77,178
1781592900,80.77,80.78,80.53,80.55,258
1781593200,80.55,80.58,80.38,80.53,416
1781593500,80.53,80.53,80.21,80.3,457
1781593800,80.28,80.28,80.08,80.18,835
1781594100,80.19,80.27,80.15,80.18,214
1781594400,80.17,80.21,80.03,80.05,386
1781594700,80.03,80.16,79.96,79.98,263
1781595000,79.98,80.03,79.75,79.82,790
1781595300,79.84,79.9,79.42,79.46,1081
1781595600,79.45,79.67,79.45,79.65,477
1781595900,79.66,79.68,79.42,79.52,640
1781596200,79.53,79.58,79.42,79.49,280
1781596500,79.47,79.49,79.3,79.38,537
1781596800,79.38,79.59,79.32,79.43,345
1781597100,79.43,79.46,78.95,79.03,1127
1781597400,79.04,79.05,78.63,78.75,973
1781597700,78.72,78.93,78.59,78.83,720
1781598000,78.81,78.81,78.52,78.67,509
1781598300,78.66,78.78,78.45,78.58,678
1781598600,78.56,78.69,78.53,78.62,382
1781598900,78.64,78.92,78.64,78.79,388
1781599200,78.78,78.82,78.63,78.7,339
1781599500,78.68,78.74,78.53,78.61,322
1781599800,78.59,78.68,78.39,78.47,474
1781600100,78.45,78.7,78.45,78.65,290
1781600400,78.67,78.95,78.66,78.92,437
1781600700,78.91,78.93,78.72,78.82,265
1781601000,78.83,78.91,78.73,78.83,266
1781601300,78.83,78.83,78.7,78.76,180
1781601600,78.77,78.81,78.68,78.81,222
1781601900,78.82,78.91,78.77,78.86,144
1781602200,78.86,78.91,78.73,78.85,124
1781602500,78.84,78.9,78.83,78.87,117
1781602800,78.88,79.1,78.86,79.02,387
1781603100,79.02,79.25,79,79.17,328
1781603400,79.16,79.17,78.96,78.97,262
1781603700,78.96,79.09,78.82,78.92,250
1781604000,78.92,78.96,78.87,78.94,108
1781604300,78.93,78.94,78.63,78.74,429
1781604600,78.77,78.93,78.69,78.74,207
1781604900,78.76,78.78,78.63,78.68,183
1781605200,78.67,78.67,78.51,78.53,353
1781605500,78.51,78.62,78.5,78.62,262
1781605800,78.59,78.69,78.52,78.55,272
1781606100,78.53,78.55,78.31,78.38,586
1781606400,78.37,78.42,78.28,78.3,352
1781606700,78.28,78.45,78.25,78.42,242
1781607000,78.43,78.54,78.42,78.45,176
1781607300,78.47,78.56,78.38,78.42,184
1781607600,78.4,78.44,78.31,78.36,343
1781607900,78.35,78.4,78.32,78.38,86
1781608200,78.4,78.42,78.19,78.31,456
1781608500,78.33,78.42,78.25,78.35,285
1781608800,78.33,78.36,78.24,78.26,116
1781609100,78.24,78.29,78.13,78.25,283
1781609400,78.22,78.35,78.13,78.32,253
1781609700,78.32,78.5,78.32,78.46,520
1781610000,78.46,78.58,78.4,78.48,371
1781610300,78.49,78.5,78.38,78.38,471
1781610600,78.37,78.44,78.3,78.35,442
1781610900,78.37,78.44,78.28,78.42,298
1781611200,78.43,78.44,78.22,78.28,458
1781611500,78.28,78.28,77.97,78.03,1246
1781611800,78.03,78.05,77.78,77.84,987
1781612100,77.85,77.9,77.56,77.62,1073
1781612400,77.63,77.77,77.6,77.74,1014
1781612700,77.74,77.77,77.56,77.56,622
1781613000,77.55,77.6,77.17,77.23,1997
1781613300,77.22,77.39,76.92,76.96,1851
1781613600,76.95,77.16,76.86,77.14,1407
1781613900,77.14,77.28,77.02,77.23,1238
1781614200,77.22,77.37,77.13,77.23,1049
1781614500,77.23,77.33,77.13,77.33,555
1781614800,77.35,77.64,77.26,77.52,1574
1781615100,77.51,77.61,77.33,77.61,697
1781615400,77.62,77.73,77.5,77.58,948
1781615700,77.57,77.73,77.53,77.53,662
1781616000,77.53,77.75,77.53,77.72,531
1781616300,77.7,77.72,77.55,77.61,381
1781616600,77.6,77.85,77.54,77.66,1320
1781616900,77.65,77.89,77.64,77.84,685
1781617200,77.86,77.98,77.71,77.94,776
1781617500,77.95,78.06,77.86,77.87,858
1781617800,77.87,77.96,77.81,77.88,405
1781618100,77.88,77.92,77.72,77.76,467
1781618400,77.77,77.8,77.55,77.57,854
1781618700,77.56,77.81,77.55,77.78,569
1781619000,77.77,77.85,77.66,77.82,437
1781619300,77.82,77.86,77.69,77.7,429
1781619600,77.7,77.7,77.46,77.56,744
1781619900,77.54,77.55,77.36,77.45,683
1781620200,77.45,77.5,77.32,77.41,526
1781620500,77.4,77.43,77.09,77.13,869
1781620800,77.15,77.17,76.82,77,1162
1781621100,76.99,77.08,76.86,76.96,804
1781621400,76.95,77.09,76.78,77,907
1781621700,77.01,77.12,76.94,77.07,697
1781622000,77.09,77.25,77.09,77.24,643
1781622300,77.23,77.29,77.05,77.05,818
1781622600,77.05,77.26,77.02,77.19,582
1781622900,77.16,77.27,76.9,76.93,654
1781623200,76.93,77.12,76.93,77.06,547
1781623500,77.06,77.11,76.93,76.98,402
1781623800,76.99,77.06,76.64,76.66,945
1781624100,76.67,76.82,76.57,76.67,755
1781624400,76.67,76.73,76.56,76.64,461
1781624700,76.64,76.79,76.53,76.55,1004
1781625000,76.55,76.55,75.96,75.98,2561
1781625300,75.98,76.04,75.67,76.01,2123
1781625600,76.03,76.11,75.85,76.06,1158
1781625900,76.08,76.19,76.02,76.12,571
1781626200,76.11,76.14,75.88,75.97,443
1781626500,75.98,76.13,75.89,76.07,475
1781626800,76.06,76.17,75.97,75.98,416
1781627100,75.98,76.08,75.83,75.86,469
1781627400,75.86,75.89,75.6,75.82,1497
1781627700,75.81,75.84,75.68,75.68,288
1781628000,75.7,75.79,75.55,75.65,524
1781628300,75.65,75.68,75.5,75.62,533
1781628600,75.6,76.03,75.59,75.88,726
1781628900,75.87,75.88,75.6,75.76,528
1781629200,75.77,76.06,75.76,75.97,467
1781629500,75.99,76.11,75.87,75.89,439
1781629800,75.9,76.13,75.9,76.09,336
1781630100,76.1,76.15,75.71,75.87,577
1781630400,75.83,75.93,75.81,75.86,324
1781630700,75.87,75.94,75.76,75.79,268
1781631000,75.79,75.88,75.64,75.88,370
1781631300,75.86,75.95,75.76,75.86,305
1781631600,75.85,75.86,75.62,75.71,376
1781631900,75.71,75.77,75.63,75.76,317
1781632200,75.72,75.93,75.72,75.81,257
1781632500,75.83,75.9,75.79,75.87,184
1781632800,75.91,75.96,75.72,75.81,302
1781633100,75.82,76,75.81,75.89,278
1781633400,75.9,75.97,75.76,75.78,171
1781633700,75.8,75.87,75.77,75.86,146
1781634000,75.85,76.05,75.84,76.01,303
1781634300,76.02,76.12,75.87,76.05,563
1781634600,76.05,76.17,75.93,76.01,504
1781634900,76.01,76.29,75.98,76.26,593
1781635200,76.26,76.5,76.24,76.47,471
1781635500,76.48,76.49,76.31,76.41,293
1781635800,76.43,76.44,76.29,76.35,327
1781636100,76.36,76.45,76.32,76.44,319
1781636400,76.45,76.52,76.39,76.46,270
1781636700,76.46,76.74,76.45,76.62,752
1781637000,76.61,76.75,76.56,76.71,208
1781637300,76.7,76.9,76.69,76.9,383
1781637600,76.89,77.04,76.88,76.99,528
1781637900,77.01,77.1,76.93,77.06,418
1781638200,77.06,77.17,76.96,76.99,372
1781638500,77,77.06,76.88,77.04,497
1781638800,77.02,77.07,76.96,76.99,208
1781639100,76.98,77.04,76.94,76.98,209
1781639400,76.99,77.08,76.97,77.04,274
1781639700,77.02,77.03,76.81,76.88,482
1781640000,76.88,76.92,76.63,76.66,481
1781640300,76.66,76.66,76.5,76.58,424
1781640600,76.55,76.63,76.5,76.63,160
1781640900,76.64,76.71,76.59,76.65,248
1781641200,76.66,76.75,76.61,76.73,94
1781641500,76.74,76.77,76.56,76.58,196
1781641800,76.56,76.74,76.52,76.68,208
1781642100,76.67,76.67,76.59,76.64,108
1781642400,76.62,76.67,76.53,76.67,173
1781642700,76.69,76.76,76.67,76.72,219
1781643000,76.72,76.73,76.51,76.6,230
1781643300,76.61,76.69,76.53,76.62,162
1781647200,75.85,75.85,75.51,75.68,251
1781647500,75.64,75.87,75.62,75.78,194
1781647800,75.75,76,75.75,76,114
1781648100,75.95,76.06,75.92,75.99,116
1781648400,76.02,76.05,75.97,75.97,63
1781648700,75.97,76.07,75.91,76,161
1781649000,76,76.03,75.87,75.89,70
1781649300,75.91,75.94,75.86,75.9,23
1781649600,75.86,75.89,75.79,75.79,58
1781649900,75.8,75.9,75.77,75.89,100
1781650200,75.9,75.93,75.85,75.92,32
1781650500,75.91,75.94,75.88,75.92,29
1781650800,75.94,75.97,75.87,75.87,41
1781651100,75.85,75.97,75.81,75.95,51
1781651400,75.92,75.99,75.91,75.99,32
1781651700,75.98,75.99,75.9,75.94,36
1781652000,75.89,75.9,75.81,75.81,29
1781652300,75.82,75.85,75.81,75.83,17
1781652600,75.83,75.83,75.71,75.73,65
1781652900,75.74,75.85,75.73,75.78,42
1781653200,75.78,75.81,75.75,75.75,35
1781653500,75.77,75.83,75.77,75.83,12
1781653800,75.81,75.91,75.81,75.83,42
1781654100,75.85,75.87,75.84,75.87,14
1781654400,75.86,75.89,75.7,75.76,227
1781654700,75.77,75.83,75.66,75.79,149
1781655000,75.79,75.87,75.79,75.87,59
1781655300,75.86,75.87,75.81,75.82,66
1781655600,75.82,75.84,75.78,75.82,66
1781655900,75.83,75.86,75.82,75.85,33
1781656200,75.86,75.87,75.78,75.79,82
1781656500,75.78,75.82,75.73,75.78,79
1781656800,75.81,75.86,75.81,75.85,35
1781657100,75.86,75.9,75.84,75.9,59
1781657400,75.91,75.91,75.87,75.9,79
1781657700,75.88,75.9,75.85,75.86,68
1781658000,75.85,75.9,75.7,75.73,353
1781658300,75.71,75.74,75.53,75.54,392
1781658600,75.54,75.75,75.53,75.73,239
1781658900,75.73,75.78,75.68,75.7,128
1781659200,75.72,75.76,75.57,75.58,120
1781659500,75.58,75.62,75.53,75.58,196
1781659800,75.56,75.56,75.45,75.52,299
1781660100,75.52,75.52,75.41,75.44,241
1781660400,75.46,75.61,75.44,75.57,141
1781660700,75.56,75.7,75.53,75.65,229
1781661000,75.65,75.68,75.43,75.45,277
1781661300,75.45,75.48,75.34,75.42,504
1781661600,75.42,75.45,75.29,75.35,225
1781661900,75.35,75.39,75.3,75.38,172
1781662200,75.39,75.45,75.38,75.39,132
1781662500,75.41,75.52,75.41,75.46,182
1781662800,75.44,75.45,75.36,75.39,99
1781663100,75.36,75.4,75.36,75.38,32
1781663400,75.38,75.48,75.29,75.43,197
1781663700,75.41,75.41,75.34,75.35,95
1781664000,75.34,75.37,75.28,75.35,160
1781664300,75.37,75.47,75.35,75.41,154
1781664600,75.41,75.44,75.34,75.36,144
1781664900,75.36,75.37,75.29,75.36,109
1781665200,75.37,75.37,75.29,75.31,86
1781665500,75.32,75.32,75.18,75.23,332
1781665800,75.21,75.22,75.12,75.18,251
1781666100,75.2,75.21,75.1,75.11,131
1781666400,75.12,75.16,75.08,75.16,142
1781666700,75.15,75.15,75.01,75.04,263
1781667000,75.04,75.17,75.04,75.08,208
1781667300,75.1,75.16,75.05,75.15,139
1781667600,75.14,75.2,75.06,75.09,162
1781667900,75.09,75.1,74.82,74.86,547
1781668200,74.86,74.9,74.72,74.81,463
1781668500,74.8,74.84,74.74,74.8,231
1781668800,74.82,75.02,74.8,74.99,482
1781669100,74.99,75.05,74.96,75.01,213
1781669400,74.99,75.04,74.92,75.03,107
1781669700,75.02,75.07,74.94,75.06,194
1781670000,75.05,75.16,75.02,75.12,287
1781670300,75.1,75.12,75.05,75.08,110
1781670600,75.07,75.1,75.05,75.09,53
1781670900,75.09,75.15,74.92,74.97,221
1781671200,75,75.02,74.96,74.99,96
1781671500,74.99,74.99,74.76,74.83,315
1781671800,74.83,74.88,74.79,74.82,149
1781672100,74.82,74.92,74.8,74.89,223
1781672400,74.88,74.94,74.75,74.77,214
1781672700,74.79,74.88,74.7,74.83,204
1781673000,74.84,74.89,74.79,74.82,142
1781673300,74.81,74.82,74.56,74.68,517
1781673600,74.68,74.75,74.65,74.69,218
1781673900,74.69,74.69,74.5,74.56,609
1781674200,74.56,74.7,74.46,74.67,639
1781674500,74.69,74.86,74.62,74.82,407
1781674800,74.81,74.96,74.81,74.93,375
1781675100,74.93,75.04,74.91,75.02,374
1781675400,75.03,75.18,75.03,75.16,356
1781675700,75.17,75.66,75.17,75.44,870
1781676000,75.46,75.54,75.3,75.3,467
1781676300,75.31,75.4,75.23,75.39,239
1781676600,75.38,75.6,75.33,75.5,486
1781676900,75.49,75.62,75.45,75.48,337
1781677200,75.46,75.5,75.3,75.43,439
1781677500,75.42,75.49,75.25,75.27,233
1781677800,75.27,75.37,75.09,75.09,412
1781678100,75.09,75.22,74.91,74.92,361
1781678400,74.94,74.95,74.65,74.75,746
1781678700,74.74,74.74,74.54,74.56,586
1781679000,74.55,74.85,74.48,74.85,736
1781679300,74.85,74.94,74.76,74.77,652
1781679600,74.78,74.82,74.52,74.65,439
1781679900,74.61,74.67,74.22,74.27,837
1781680200,74.26,74.43,74.1,74.25,906
1781680500,74.29,74.7,74.24,74.69,599
1781680800,74.69,74.77,74.57,74.61,343
1781681100,74.63,75.1,74.63,75.04,591
1781681400,75.04,75.09,74.85,75.03,499
1781681700,75.03,75.04,74.56,74.56,531
1781682000,74.55,74.78,74.48,74.67,402
1781682300,74.68,74.88,74.67,74.74,234
1781682600,74.75,74.85,74.62,74.74,229
1781682900,74.74,75.03,74.72,75,450
1781683200,75,75.13,74.83,75,558
1781683500,75.01,75.11,74.8,74.84,432
1781683800,74.84,75.4,74.83,75.38,788
1781684100,75.36,75.48,75.31,75.39,435
1781684400,75.39,75.59,75.36,75.44,452
1781684700,75.45,75.47,75.19,75.45,570
1781685000,75.46,75.73,75.42,75.66,624
1781685300,75.66,75.78,75.58,75.67,432
1781685600,75.67,75.83,75.62,75.66,392
1781685900,75.66,75.77,75.58,75.73,228
1781686200,75.74,75.77,75.41,75.46,401
1781686500,75.47,75.49,75.26,75.4,399
1781686800,75.36,75.6,75.35,75.46,304
1781687100,75.44,75.56,75.4,75.55,171
1781687400,75.55,75.66,75.34,75.42,319
1781687700,75.43,75.51,75.24,75.27,332
1781688000,75.29,75.32,75.03,75.05,509
1781688300,75.05,75.22,75.02,75.18,335
1781688600,75.17,75.17,74.85,75.09,647
1781688900,75.09,75.41,75.05,75.4,354
1781689200,75.38,75.38,75.23,75.25,234
1781689500,75.24,75.26,75.05,75.12,253
1781689800,75.14,75.28,75.09,75.19,165
1781690100,75.2,75.36,75.15,75.33,180
1781690400,75.33,75.6,75.33,75.47,382
1781690700,75.47,75.63,75.43,75.6,238
1781691000,75.58,75.73,75.57,75.57,288
1781691300,75.57,75.61,75.47,75.52,209
1781691600,75.54,75.63,75.45,75.51,163
1781691900,75.48,75.62,75.48,75.58,161
1781692200,75.6,75.6,75.26,75.48,381
1781692500,75.48,75.55,75.37,75.4,239
1781692800,75.4,75.48,75.27,75.28,181
1781693100,75.3,75.51,75.25,75.38,285
1781693400,75.37,75.74,75.12,75.63,710
1781693700,75.62,75.82,75.54,75.69,458
1781694000,75.67,75.67,75.56,75.65,277
1781694300,75.66,75.86,75.61,75.73,475
1781694600,75.72,75.88,75.68,75.86,306
1781694900,75.87,75.89,75.68,75.89,409
1781695200,75.9,75.95,75.73,75.75,396
1781695500,75.77,75.81,75.64,75.64,193
1781695800,75.66,75.96,75.65,75.94,358
1781696100,75.95,75.96,75.84,75.88,126
1781696400,75.87,75.99,75.82,75.91,254
1781696700,75.93,75.95,75.8,75.89,176
1781697000,75.88,76.06,75.87,76,400
1781697300,76,76.28,75.98,76,1089
1781697600,76.02,76.03,75.72,75.79,641
1781697900,75.79,75.88,75.7,75.74,433
1781698200,75.75,75.88,75.6,75.78,531
1781698500,75.8,76.07,75.78,75.96,496
1781698800,75.97,75.97,75.83,75.86,329
1781699100,75.88,75.95,75.82,75.91,216
1781699400,75.92,76,75.88,75.93,166
1781699700,75.94,76,75.84,75.9,334
1781700000,75.91,75.99,75.76,75.79,354
1781700300,75.8,75.88,75.77,75.86,195
1781700600,75.86,75.89,75.77,75.83,213
1781700900,75.83,75.9,75.78,75.85,168
1781701200,75.83,76.05,75.78,75.98,650
1781701500,76.02,76.14,75.94,76.05,488
1781701800,76.03,76.12,75.95,75.97,401
1781702100,75.97,76.03,75.79,75.87,401
1781702400,75.87,75.97,75.79,75.92,380
1781702700,75.91,76.14,75.91,76.13,593
1781703000,76.11,76.32,76.07,76.23,974
1781703300,76.23,76.49,76.2,76.43,874
1781703600,76.42,76.44,76.27,76.3,570
1781703900,76.3,76.48,76.27,76.38,484
1781704200,76.38,76.46,76.26,76.37,375
1781704500,76.38,76.49,76.33,76.36,449
1781704800,76.36,76.43,76.23,76.37,593
1781705100,76.38,76.42,76.12,76.41,724
1781705400,76.41,76.93,76.37,76.85,1882
1781705700,76.84,77.07,76.69,76.69,2249
1781706000,76.68,76.78,76.48,76.5,1196
1781706300,76.5,76.63,76.35,76.53,842
1781706600,76.53,77.01,76.53,76.69,1197
1781706900,76.68,76.83,76.62,76.64,429
1781707200,76.67,76.79,76.59,76.74,347
1781707500,76.77,78.97,76.72,77.43,2455
1781707800,77.41,77.46,76.9,77.1,2505
1781708100,77.1,77.19,76.82,77,1635
1781708400,77.01,77.01,76.71,76.77,1050
1781708700,76.76,77.18,76.75,77.12,785
1781709000,77.15,77.19,76.84,76.85,774
1781709300,76.86,76.96,76.33,76.52,2122
1781709600,76.55,76.55,76.01,76.07,1558
1781709900,76.05,76.22,75.93,76.11,1304
1781710200,76.12,76.3,76.05,76.12,774
1781710500,76.14,76.25,76.08,76.11,458
1781710800,76.12,76.34,76.11,76.21,455
1781711100,76.2,76.21,75.83,75.95,912
1781711400,75.95,75.99,75.75,75.84,723
1781711700,75.86,75.96,75.77,75.86,411
1781712000,75.87,76.06,75.85,75.93,483
1781712300,75.92,75.96,75.76,75.87,394
1781712600,75.85,75.99,75.83,75.92,349
1781712900,75.92,76.26,75.87,75.92,1147
1781713200,75.92,76.02,75.88,75.98,208
1781713500,75.98,76.17,75.97,76.02,265
1781713800,76.02,76.08,75.9,75.97,338
1781714100,75.96,76.06,75.88,75.97,197
1781714400,75.99,76.13,75.98,75.99,265
1781714700,76,76.14,75.97,76.12,156
1781715000,76.13,76.14,75.82,75.83,376
1781715300,75.84,75.84,75.56,75.62,1314
1781715600,75.63,75.98,75.63,75.95,637
1781715900,75.95,76.3,75.84,75.94,1139
1781716200,75.96,75.97,75.68,75.73,475
1781716500,75.73,75.79,75.56,75.56,763
1781716800,75.57,75.65,75.39,75.56,996
1781717100,75.57,75.59,75.4,75.48,387
1781717400,75.48,75.67,75.48,75.67,385
1781717700,75.65,75.7,75.45,75.48,247
1781718000,75.46,75.56,75.38,75.47,451
1781718300,75.48,75.64,75.41,75.61,424
1781718600,75.58,75.7,75.57,75.63,381
1781718900,75.62,75.75,75.58,75.68,397
1781719200,75.66,75.89,75.52,75.69,696
1781719500,75.68,75.95,75.57,75.89,542
1781719800,75.91,75.91,75.72,75.88,413
1781720100,75.89,75.91,75.68,75.72,293
1781720400,75.75,75.95,75.72,75.9,340
1781720700,75.9,76.14,75.85,76.1,447
1781721000,76.09,76.25,75.99,76.1,465
1781721300,76.09,76.09,75.78,75.96,427
1781721600,75.94,76.03,75.82,75.91,187
1781721900,75.91,75.91,75.7,75.8,234
1781722200,75.77,75.88,75.71,75.81,184
1781722500,75.81,75.87,75.71,75.71,177
1781722800,75.74,75.84,75.7,75.8,174
1781723100,75.8,75.82,75.74,75.77,129
1781723400,75.75,75.83,75.56,75.57,329
1781723700,75.56,75.6,75.39,75.51,845
1781724000,75.57,75.59,75.34,75.45,370
1781724300,75.45,75.45,75.25,75.38,555
1781724600,75.39,75.39,75.25,75.28,210
1781724900,75.28,75.41,75.23,75.37,190
1781725200,75.37,75.41,75.32,75.36,142
1781725500,75.37,75.52,75.33,75.47,206
1781725800,75.49,75.57,75.4,75.41,327
1781726100,75.41,75.42,75.28,75.3,253
1781726400,75.3,75.38,75.24,75.36,222
1781726700,75.37,75.38,75.24,75.27,197
1781727000,75.27,75.35,75.21,75.27,174
1781727300,75.28,75.3,75.23,75.28,132
1781727600,75.28,75.28,75.13,75.18,283
1781727900,75.19,75.22,75.17,75.21,155
1781728200,75.22,75.24,75.08,75.08,190
1781728500,75.09,75.12,74.94,75,538
1781728800,75,75.04,74.98,75.04,167
1781729100,75.03,75.06,74.98,75.06,179
1781729400,75.04,75.07,74.98,75,167
1781729700,75.01,75.03,74.95,74.99,179
1781733600,74.93,75.5,74.85,75.22,758
1781733900,75.23,75.25,75.06,75.08,203
1781734200,75.11,75.67,75.08,75.61,444
1781734500,75.61,75.75,75.51,75.52,425
1781734800,75.56,75.74,75.53,75.55,209
1781735100,75.57,75.62,75.44,75.55,164
1781735400,75.51,75.59,75.46,75.5,102
1781735700,75.49,75.56,75.33,75.36,196
1781736000,75.36,75.41,75.27,75.34,164
1781736300,75.36,75.42,75.31,75.33,106
1781736600,75.36,75.42,75.35,75.36,77
1781736900,75.38,75.49,75.35,75.36,92
1781737200,75.37,75.39,75.3,75.32,100
1781737500,75.33,75.33,75.2,75.24,242
1781737800,75.22,75.3,75.22,75.22,87
1781738100,75.22,75.25,75.13,75.18,136
1781738400,75.18,75.26,75.18,75.23,130
1781738700,75.25,75.29,75.23,75.29,77
1781739000,75.27,75.36,75.24,75.33,166
1781739300,75.33,75.45,75.31,75.4,242
1781739600,75.4,75.41,75.25,75.26,103
1781739900,75.28,75.3,75.21,75.27,113
1781740200,75.28,75.35,75.22,75.29,124
1781740500,75.28,75.33,75.26,75.33,107
1781740800,75.31,75.36,75.04,75.1,568
1781741100,75.1,75.3,75,75.27,409
1781741400,75.26,75.29,75.13,75.18,180
1781741700,75.18,75.24,75.12,75.17,104
1781742000,75.19,75.21,75.01,75.03,231
1781742300,75.03,75.17,75.02,75.09,213
1781742600,75.1,75.18,75,75.16,194
1781742900,75.16,75.18,75.1,75.11,105
1781743200,75.09,75.23,75.08,75.09,163
1781743500,75.11,75.15,75.03,75.04,180
1781743800,75.05,75.32,75.03,75.26,374
1781744100,75.26,75.37,75.22,75.31,245
1781744400,75.31,75.44,75.11,75.26,678
1781744700,75.23,75.32,75.18,75.21,162
1781745000,75.18,75.24,75.06,75.1,284
1781745300,75.1,75.14,74.94,74.99,444
1781745600,74.97,74.99,74.77,74.82,765
1781745900,74.84,74.87,74.71,74.79,468
1781746200,74.79,74.8,74.66,74.75,396
1781746500,74.76,74.87,74.71,74.74,421
1781746800,74.75,74.77,74.63,74.69,477
1781747100,74.73,74.94,74.72,74.88,415
1781747400,74.9,74.95,74.73,74.82,264
1781747700,74.82,74.83,74.74,74.8,281
1781748000,74.8,74.87,74.79,74.81,198
1781748300,74.79,74.81,74.69,74.7,276
1781748600,74.71,74.76,74.7,74.72,156
1781748900,74.71,74.76,74.59,74.64,490
1781749200,74.66,74.69,74.61,74.67,193
1781749500,74.66,74.75,74.65,74.71,94
1781749800,74.7,74.8,74.68,74.78,308
1781750100,74.79,75.02,74.77,75,571
1781750400,74.98,74.98,74.84,74.85,454
1781750700,74.85,74.94,74.78,74.85,247
1781751000,74.86,74.92,74.84,74.84,191
1781751300,74.84,74.92,74.78,74.78,182
1781751600,74.81,74.83,74.65,74.69,291
1781751900,74.69,74.73,74.66,74.7,184
1781752200,74.7,74.72,74.64,74.65,193
1781752500,74.65,74.69,74.6,74.6,229
1781752800,74.6,74.7,74.57,74.66,278
1781753100,74.66,74.71,74.54,74.57,150
1781753400,74.58,74.69,74.47,74.61,449
1781753700,74.61,74.7,74.61,74.64,169
1781754000,74.63,74.63,74.54,74.56,122
1781754300,74.57,74.61,74.54,74.55,111
1781754600,74.55,74.58,74.51,74.53,197
1781754900,74.52,74.55,74.49,74.51,306
1781755200,74.52,74.54,74.49,74.54,179
1781755500,74.53,74.59,74.51,74.51,189
1781755800,74.51,74.51,74.41,74.44,189
1781756100,74.42,74.44,74.35,74.36,285
1781756400,74.37,74.38,74.23,74.29,398
1781756700,74.29,74.3,74.16,74.18,340
1781757000,74.18,74.27,74.17,74.24,201
1781757300,74.24,74.26,74.06,74.11,523
1781757600,74.11,74.13,74.04,74.11,278
1781757900,74.11,74.17,74.05,74.08,310
1781758200,74.08,74.14,74.04,74.11,182
1781758500,74.12,74.14,74.07,74.12,133
1781758800,74.11,74.23,74.11,74.22,365
1781759100,74.22,74.24,74.15,74.15,260
1781759400,74.15,74.22,74.08,74.21,204
1781759700,74.22,74.22,73.94,74.01,698
1781760000,74.01,74.06,73.83,73.9,632
1781760300,73.91,73.93,73.76,73.81,632
1781760600,73.81,74.01,73.72,73.96,739
1781760900,73.97,73.97,73.82,73.87,301
1781761200,73.88,74.19,73.81,74.18,567
1781761500,74.17,74.18,74.06,74.11,258
1781761800,74.1,74.15,74.08,74.14,174
1781762100,74.13,74.13,74.01,74.03,196
1781762400,74.04,74.04,73.6,73.68,923
1781762700,73.66,73.68,73.54,73.54,591
1781763000,73.54,73.69,73.41,73.66,966
1781763300,73.65,73.79,73.5,73.58,562
1781763600,73.6,73.66,73.45,73.49,461
1781763900,73.48,73.7,73.48,73.56,496
1781764200,73.55,73.79,73.46,73.78,586
1781764500,73.78,74.16,73.75,74.06,982
1781764800,74.05,74.29,74.01,74.06,832
1781765100,74.07,74.1,73.97,74,424
1781765400,73.99,74.21,73.98,74.21,414
1781765700,74.22,74.33,74.17,74.17,752
1781766000,74.2,74.26,73.96,73.99,564
1781766300,73.99,74.21,73.99,74.05,360
1781766600,74.04,74.38,74.03,74.33,526
1781766900,74.36,74.66,74.36,74.61,960
1781767200,74.61,74.74,74.55,74.66,810
1781767500,74.65,74.67,74.36,74.36,421
1781767800,74.36,74.49,74.25,74.26,472
1781768100,74.25,74.37,74.23,74.28,271
1781768400,74.28,74.39,74.14,74.2,352
1781768700,74.18,74.51,74.16,74.43,575
1781769000,74.45,74.48,74.3,74.33,272
1781769300,74.33,74.49,74.23,74.33,352
1781769600,74.33,74.39,74.11,74.31,478
1781769900,74.32,74.32,74.05,74.25,494
1781770200,74.24,74.39,74.19,74.36,262
1781770500,74.35,74.4,74.05,74.11,316
1781770800,74.12,74.37,74.06,74.36,211
1781771100,74.35,74.4,74.21,74.32,397
1781771400,74.31,74.5,74.23,74.36,418
1781771700,74.37,74.52,74.11,74.13,371
1781772000,74.16,74.19,73.91,73.98,714
1781772300,73.98,74.01,73.82,73.86,500
1781772600,73.86,74.09,73.83,73.97,316
1781772900,73.96,74.07,73.84,73.98,345
1781773200,73.99,74.22,73.87,74.21,472
1781773500,74.21,74.29,73.88,74,386
1781773800,74.02,74.14,73.98,74.06,199
1781774100,74.06,74.06,73.72,73.73,459
1781774400,73.73,74.17,73.72,74.09,434
1781774700,74.08,74.16,74.02,74.08,244
1781775000,74.09,74.27,74.08,74.15,400
1781775300,74.15,74.19,73.98,74.03,274
1781775600,74.04,74.19,73.98,74.18,223
1781775900,74.18,74.19,73.99,74.07,216
1781776200,74.08,74.08,73.72,73.8,534
1781776500,73.8,73.81,73.69,73.76,405
1781776800,73.76,73.99,73.72,73.91,400
1781777100,73.92,73.99,73.81,73.94,218
1781777400,73.93,74.06,73.88,73.93,248
1781777700,73.95,74.17,73.94,74.13,264
1781778000,74.17,74.26,74.07,74.2,257
1781778300,74.2,74.35,74.14,74.23,272
1781778600,74.22,74.69,74.2,74.57,773
1781778900,74.56,74.7,74.47,74.61,628
1781779200,74.64,74.86,74.58,74.84,821
1781779500,74.86,75.05,74.73,75,844
1781779800,74.99,75.04,74.74,74.77,516
1781780100,74.78,74.83,74.58,74.63,482
1781780400,74.64,74.65,74.43,74.56,567
1781780700,74.54,74.73,74.53,74.65,291
1781781000,74.65,74.74,74.6,74.64,228
1781781300,74.66,74.69,74.53,74.59,211
1781781600,74.56,74.77,74.53,74.64,257
1781781900,74.68,74.85,74.65,74.81,300
1781782200,74.81,74.91,74.8,74.82,329
1781782500,74.82,74.82,74.66,74.74,312
1781782800,74.75,74.8,74.55,74.59,387
1781783100,74.58,74.71,74.41,74.58,569
1781783400,74.6,74.77,74.56,74.73,371
1781783700,74.73,74.79,74.68,74.73,185
1781784000,74.71,74.79,74.52,74.54,359
1781784300,74.53,74.65,74.45,74.48,454
1781784600,74.47,74.48,74.27,74.34,766
1781784900,74.36,74.49,74.27,74.44,514
1781785200,74.47,74.54,74.39,74.4,314
1781785500,74.39,74.58,74.31,74.58,307
1781785800,74.56,74.57,74.37,74.39,272
1781786100,74.4,74.55,74.39,74.53,226
1781786400,74.53,74.69,74.5,74.59,431
1781786700,74.56,74.57,74.44,74.47,293
1781787000,74.47,74.47,74.33,74.35,365
1781787300,74.36,74.53,74.29,74.45,472
1781787600,74.45,74.56,74.33,74.5,731
1781787900,74.49,74.59,73.95,74.04,2601
1781788200,74.05,74.09,73.77,74.04,1673
1781788500,74.04,74.22,73.94,74.04,998
1781788800,74.05,74.18,73.97,74.1,607
1781789100,74.05,74.25,74,74.17,685
1781789400,74.17,74.18,73.82,73.86,1187
1781789700,73.87,73.89,73.43,73.56,2293
1781790000,73.55,73.64,73.3,73.4,1607
1781790300,73.42,73.55,73.08,73.18,2186
1781790600,73.15,73.3,73.04,73.29,1807
1781790900,73.28,73.39,73.19,73.21,1066
1781791200,73.21,73.46,73.2,73.43,1072
1781791500,73.42,73.43,72.98,73.04,1694
1781791800,73.04,73.19,72.95,73.06,1089
1781792100,73.07,73.25,72.92,73.02,1342
1781792400,73.03,73.22,73.01,73.17,700
1781792700,73.17,73.23,73.01,73.15,555
1781793000,73.17,73.33,73.14,73.16,883
1781793300,73.15,73.41,73.14,73.35,651
1781793600,73.36,73.54,73.36,73.5,1007
1781793900,73.49,73.52,73.23,73.25,659
1781794200,73.26,73.38,73.2,73.27,501
1781794500,73.27,73.37,73.24,73.3,252
1781794800,73.33,73.45,73.29,73.34,479
1781795100,73.32,73.4,73.21,73.23,421
1781795400,73.23,73.34,73.16,73.25,509
1781795700,73.24,73.26,72.84,72.88,1380
1781796000,72.88,73.2,72.84,73.19,847
1781796300,73.2,73.64,73.04,73.48,1716
1781796600,73.52,73.78,73.49,73.6,1304
1781796900,73.61,73.89,73.59,73.75,1021
1781797200,73.75,73.86,73.58,73.79,723
1781797500,73.8,73.91,73.68,73.78,527
1781797800,73.76,73.91,73.73,73.84,407
1781798100,73.83,73.98,73.71,73.93,565
1781798400,73.92,74.02,73.85,73.91,821
1781798700,73.92,74.18,73.81,74.16,1037
1781799000,74.14,74.19,73.97,74.03,833
1781799300,74.03,74.12,73.95,74.09,403
1781799600,74.11,74.27,74,74.04,621
1781799900,74.03,74.04,73.8,73.86,846
1781800200,73.87,73.88,73.68,73.71,838
1781800500,73.71,73.83,73.67,73.76,925
1781800800,73.76,73.94,73.71,73.91,446
1781801100,73.92,74.24,73.87,74.23,800
1781801400,74.22,74.41,74.22,74.3,803
1781801700,74.3,74.39,74.23,74.27,555
1781802000,74.28,74.39,74.25,74.31,392
1781802300,74.33,74.46,74.22,74.28,494
1781802600,74.26,74.4,74.24,74.35,323
1781802900,74.35,74.41,74.28,74.31,458
1781803200,74.31,74.31,74.06,74.1,701
1781803500,74.1,74.43,74.1,74.4,597
1781803800,74.42,74.57,74.35,74.37,735
1781804100,74.37,74.62,74.23,74.56,661
1781804400,74.56,74.59,74.39,74.44,729
1781804700,74.45,74.59,74.33,74.46,503
1781805000,74.46,74.6,74.42,74.54,444
1781805300,74.54,74.65,74.5,74.53,529
1781805600,74.52,74.99,74.51,74.93,1595
1781805900,74.94,75,74.83,74.85,830
1781806200,74.85,75.21,74.74,75.12,1312
1781806500,75.12,75.31,75.12,75.22,1241
1781806800,75.22,75.45,75.19,75.34,1363
1781807100,75.33,76.06,75.2,75.84,3510
1781807400,75.83,76.02,75.71,75.81,1255
1781807700,75.8,75.91,75.74,75.8,680
1781808000,75.8,75.81,75.59,75.66,687
1781808300,75.7,75.72,75.6,75.63,386
1781808600,75.62,75.67,75.54,75.66,577
1781808900,75.66,75.7,75.6,75.63,384
1781809200,75.64,75.85,75.64,75.7,706
1781809500,75.69,75.76,75.61,75.72,544
1781809800,75.73,75.79,75.67,75.68,254
1781810100,75.68,75.82,75.57,75.67,893
1781810400,75.66,75.74,75.6,75.73,328
1781810700,75.74,75.77,75.63,75.66,264
1781811000,75.65,75.65,75.44,75.6,783
1781811300,75.59,75.64,75.49,75.56,282
1781811600,75.55,75.67,75.55,75.62,209
1781811900,75.64,75.66,75.55,75.58,154
1781812200,75.58,75.65,75.55,75.61,197
1781812500,75.64,75.73,75.59,75.71,317
1781812800,75.72,75.85,75.7,75.8,397
1781813100,75.8,75.88,75.73,75.74,443
1781813400,75.75,75.75,75.55,75.59,331
1781813700,75.58,75.62,75.53,75.53,110
1781814000,75.52,75.54,75.37,75.45,470
1781814300,75.45,75.5,75.4,75.46,208
1781814600,75.44,75.44,75.33,75.38,251
1781814900,75.4,75.47,75.38,75.43,179
1781815200,75.44,75.45,75.38,75.43,145
1781815500,75.42,75.42,75.31,75.4,246
1781815800,75.41,75.52,75.39,75.48,218
1781816100,75.49,75.55,75.43,75.54,211
1781820000,75.52,75.59,75.38,75.44,431
1781820300,75.43,75.49,75.39,75.41,88
1781820600,75.44,75.49,75.33,75.47,130
1781820900,75.43,75.56,75.41,75.56,57
1781821200,75.56,75.71,75.56,75.65,204
1781821500,75.64,75.66,75.53,75.56,181
1781821800,75.55,75.58,75.45,75.48,108
1781822100,75.47,75.47,75.37,75.43,60
1781822400,75.43,75.48,75.39,75.42,71
1781822700,75.43,75.44,75.36,75.39,78
1781823000,75.39,75.46,75.37,75.42,43
1781823300,75.42,75.43,75.25,75.39,118
1781823600,75.39,75.46,75.38,75.45,100
1781823900,75.45,75.47,75.3,75.32,70
1781824200,75.35,75.38,75.25,75.33,177
1781824500,75.3,75.31,75.25,75.26,93
1781824800,75.27,75.27,75.13,75.21,232
1781825100,75.22,75.26,75.16,75.18,81
1781825400,75.17,75.25,75.12,75.24,157
1781825700,75.27,75.3,75.22,75.29,60
1781826000,75.3,75.3,75.26,75.3,41
1781826300,75.28,75.37,75.26,75.34,108
1781826600,75.36,75.37,75.31,75.33,62
1781826900,75.35,75.43,75.29,75.41,129
1781827200,75.42,75.42,75.07,75.08,618
1781827500,75.09,75.16,75,75.12,688
1781827800,75.13,75.16,75.06,75.07,169
1781828100,75.07,75.17,75.01,75.16,193
1781828400,75.17,75.27,75.14,75.18,164
1781828700,75.16,75.2,75.09,75.11,106
1781829000,75.12,75.19,75.09,75.18,63
1781829300,75.2,75.22,75.11,75.18,62
1781829600,75.16,75.17,75.13,75.15,79
1781829900,75.15,75.16,75.12,75.14,77
1781830200,75.14,75.2,75.14,75.15,83
1781830500,75.16,75.23,75.06,75.06,189
1781830800,75.06,75.07,74.95,75.03,344
1781831100,75.03,75.18,75.03,75.14,190
1781831400,75.16,75.38,75.1,75.31,410
1781831700,75.3,75.35,75.26,75.32,138
1781832000,75.31,75.44,75.3,75.35,398
1781832300,75.36,75.44,75.3,75.37,188
1781832600,75.37,75.57,75.37,75.46,479
1781832900,75.47,75.62,75.47,75.53,288
1781833200,75.54,75.56,75.38,75.44,250
1781833500,75.44,75.65,75.39,75.62,313
1781833800,75.64,75.71,75.54,75.65,421
1781834100,75.64,75.68,75.58,75.67,191
1781834400,75.67,75.8,75.57,75.68,364
1781834700,75.67,75.74,75.66,75.71,190
1781835000,75.7,75.85,75.7,75.73,365
1781835300,75.74,75.79,75.7,75.78,193
1781835600,75.78,75.83,75.64,75.68,251
1781835900,75.67,75.67,75.57,75.6,211
1781836200,75.6,75.61,75.56,75.61,103
1781836500,75.62,75.64,75.51,75.56,240
1781836800,75.56,75.57,75.51,75.53,93
1781837100,75.53,75.7,75.52,75.64,193
1781837400,75.64,75.67,75.57,75.6,95
1781837700,75.59,75.66,75.59,75.6,113
1781838000,75.6,75.69,75.59,75.67,122
1781838300,75.67,75.74,75.67,75.72,156
1781838600,75.71,75.74,75.68,75.68,104
1781838900,75.67,75.69,75.57,75.61,112
1781839200,75.6,75.62,75.51,75.56,164
1781839500,75.56,75.57,75.51,75.56,65
1781839800,75.57,75.59,75.4,75.41,324
1781840100,75.42,75.44,75.22,75.28,418
1781840400,75.29,75.33,75.24,75.26,146
1781840700,75.25,75.28,75.21,75.24,144
1781841000,75.23,75.27,75.19,75.22,164
1781841300,75.2,75.33,75.17,75.27,202
1781841600,75.25,75.29,75.21,75.22,177
1781841900,75.21,75.27,75.19,75.23,131
1781842200,75.22,75.3,75.19,75.3,163
1781842500,75.31,75.52,75.31,75.45,463
1781842800,75.45,75.54,75.45,75.51,149
1781843100,75.52,75.54,75.47,75.48,75
1781843400,75.49,75.73,75.44,75.67,454
1781843700,75.65,75.88,75.63,75.65,526
1781844000,75.65,75.75,75.62,75.72,159
1781844300,75.71,75.81,75.7,75.78,163
1781844600,75.8,75.93,75.78,75.81,310
1781844900,75.82,75.87,75.64,75.65,229
1781845200,75.68,75.82,75.63,75.79,282
1781845500,75.8,76.05,75.77,76.03,773
1781845800,76.03,76.22,75.86,75.9,1036
1781846100,75.89,76.13,75.88,76.06,468
1781846400,76.08,76.13,75.91,76.03,361
1781846700,76.03,76.09,75.91,75.96,273
1781847000,75.95,76.25,75.95,76.23,493
1781847300,76.25,76.35,76.14,76.27,696
1781847600,76.28,76.38,76.19,76.31,472
1781847900,76.3,76.33,76.23,76.29,434
1781848200,76.29,76.49,76.23,76.24,985
1781848500,76.24,76.25,76.02,76.22,788
1781848800,76.22,76.48,76.22,76.4,865
1781849100,76.41,76.71,76.37,76.57,1019
1781849400,76.56,76.66,76.52,76.61,417
1781849700,76.62,76.63,76.4,76.45,506
1781850000,76.44,76.56,76.42,76.44,405
1781850300,76.43,76.46,76.31,76.36,332
1781850600,76.37,76.57,76.35,76.55,328
1781850900,76.54,76.78,76.54,76.66,661
1781851200,76.66,76.67,76.43,76.44,355
1781851500,76.45,76.46,76.3,76.38,519
1781851800,76.37,76.37,76.21,76.26,302
1781852100,76.26,76.27,76.03,76.19,421
1781852400,76.17,76.19,75.97,76.04,457
1781852700,76.06,76.12,75.96,76.09,388
1781853000,76.07,76.28,76.07,76.17,371
1781853300,76.17,76.33,76.16,76.24,239
1781853600,76.23,76.27,76.12,76.26,223
1781853900,76.26,76.36,76.16,76.22,277
1781854200,76.21,76.42,76.17,76.39,306
1781854500,76.36,76.41,76.17,76.23,200
1781854800,76.25,76.58,76.24,76.5,388
1781855100,76.5,76.6,76.42,76.45,339
1781855400,76.43,76.44,76.21,76.3,431
1781855700,76.31,76.36,76.12,76.25,262
1781856000,76.25,76.5,76.15,76.3,372
1781856300,76.29,76.32,75.99,76.05,456
1781856600,76.04,76.17,75.86,76.16,590
1781856900,76.16,76.21,75.91,75.97,403
1781857200,75.96,76.13,75.94,76.09,290
1781857500,76.1,76.17,75.71,75.77,815
1781857800,75.77,75.93,75.51,75.82,1148
1781858100,75.83,75.88,75.71,75.83,423
1781858400,75.81,76.08,75.76,76.03,433
1781858700,76.04,76.04,75.68,75.73,343
1781859000,75.74,75.99,75.68,75.9,404
1781859300,75.88,75.93,75.75,75.85,281
1781859600,75.85,75.88,75.69,75.72,312
1781859900,75.73,75.79,75.49,75.77,667
1781860200,75.77,75.89,75.72,75.73,250
1781860500,75.73,75.74,75.65,75.66,136
1781860800,75.64,75.82,75.6,75.81,208
1781861100,75.78,75.82,75.68,75.77,224
1781861400,75.75,75.76,75.59,75.61,199
1781861700,75.63,75.66,75.52,75.56,267
1781862000,75.55,75.89,75.55,75.84,241
1781862300,75.84,75.86,75.7,75.77,214
1781862600,75.8,75.8,75.55,75.58,210
1781862900,75.59,75.65,75.41,75.62,484
1781863200,75.63,75.82,75.59,75.77,280
1781863500,75.77,75.81,75.67,75.78,208
1781863800,75.79,75.82,75.68,75.75,145
1781864100,75.78,75.87,75.65,75.72,287
1781864400,75.72,75.95,75.69,75.85,352
1781864700,75.87,75.92,75.73,75.75,421
1781865000,75.75,75.98,75.75,75.94,282
1781865300,75.95,76.22,75.86,76.2,731
1781865600,76.2,76.24,76,76.06,371
1781865900,76.07,76.23,75.85,76,625
1781866200,75.99,75.99,75.67,75.8,436
1781866500,75.81,75.9,75.77,75.88,156
1781866800,75.88,76.15,75.85,76.15,378
1781867100,76.11,76.54,76.08,76.22,1114
1781867400,76.21,76.23,75.99,76,423
1781867700,76.01,76.01,75.74,75.81,535
1781868000,75.83,75.94,75.76,75.91,258
1781868300,75.9,76.12,75.89,76.08,327
1781868600,76.07,76.1,75.81,75.9,500
1781868900,75.9,75.94,75.81,75.94,255
1781869200,75.92,75.94,75.75,75.83,244
1781869500,75.82,75.92,75.78,75.86,173
1781869800,75.88,76.22,75.71,76.22,775
1781870100,76.23,76.28,75.95,75.99,485
1781870400,76,76.22,75.96,76.17,351
1781870700,76.19,76.33,76.03,76.04,522
1781871000,76.06,76.13,76,76.11,292
1781871300,76.11,76.26,76.04,76.2,362
1781871600,76.2,76.3,76.07,76.25,711
1781871900,76.24,76.34,76.17,76.28,368
1781872200,76.3,76.46,76.27,76.4,617
1781872500,76.39,76.74,76.3,76.58,1492
1781872800,76.57,76.6,76.33,76.39,659
1781873100,76.4,76.52,76.37,76.47,552
1781873400,76.45,76.45,75.43,75.49,3946
1781873700,75.49,75.62,75.23,75.31,2006
1781874000,75.31,75.4,75.09,75.23,2087
1781874300,75.22,75.53,75.05,75.2,1676
1781874600,75.2,75.59,75.2,75.55,942
1781874900,75.54,75.84,75.42,75.68,1216
1781875200,75.66,75.82,75.63,75.7,636
1781875500,75.71,75.77,75.58,75.7,597
1781875800,75.69,75.99,75.69,75.93,856
1781876100,75.94,75.94,75.71,75.87,844
1781876400,75.86,75.9,75.65,75.88,566
1781876700,75.88,75.93,75.79,75.92,328
1781877000,75.9,76.04,75.8,75.84,577
1781877300,75.85,76,75.56,75.99,1144
1781877600,76.01,76.21,75.98,76.05,878
1781877900,76.04,76.13,75.91,76,460
1781878200,76.01,76.12,75.91,76.06,371
1781878500,76.04,76.11,75.87,75.89,367
1781878800,75.92,76.15,75.91,76.15,361
1781879100,76.14,76.14,76,76.08,250
1781879400,76.09,76.12,76.02,76.08,181
1781879700,76.07,76.18,76.01,76.02,387
1781880000,76.05,76.1,75.92,76.04,329
1781880300,76.05,76.24,75.99,76.24,385
1781880600,76.22,76.26,76.09,76.16,378
1781880900,76.16,76.24,76.08,76.2,230
1781881200,76.18,76.28,76.14,76.25,308
1781881500,76.25,76.27,76.12,76.26,266
1781881800,76.25,76.35,76.17,76.28,393
1781882100,76.28,76.4,76.22,76.25,552
1781882400,76.24,76.44,76.21,76.29,427
1781882700,76.27,76.42,76.2,76.41,509
1781883000,76.41,76.63,76.38,76.57,1361
1781883300,76.57,76.67,76.5,76.53,375
1781883600,76.55,76.59,76.41,76.44,329
1781883900,76.42,76.43,76.28,76.4,433
1781884200,76.38,76.6,76.35,76.6,387
1781884500,76.58,76.6,76.45,76.5,313
1781884800,76.51,76.64,76.5,76.61,333
1781885100,76.6,76.67,76.55,76.65,204
1781885400,76.63,76.67,76.6,76.63,168
1781885700,76.62,76.77,76.62,76.7,331
1781886000,76.7,76.7,76.44,76.54,485
1781886300,76.55,76.57,76.49,76.5,209
1781886600,76.51,76.62,76.46,76.61,192
1781886900,76.59,76.75,76.58,76.6,297
1781887200,76.6,76.77,76.6,76.76,225
1781887500,76.76,76.77,76.64,76.66,265
1781887800,76.65,76.71,76.54,76.62,400
1781888100,76.61,76.66,76.41,76.52,463
1782079200,78,78.5,77.33,77.63,4372
1782079500,77.61,77.87,77.54,77.76,1486
1782079800,77.78,78.01,77.62,77.71,1460
1782080100,77.71,77.83,77.62,77.69,671
1782080400,77.69,77.81,77.67,77.7,255
1782080700,77.73,77.75,77.51,77.62,499
1782081000,77.62,77.66,77.38,77.48,517
1782081300,77.49,77.5,77.31,77.47,609
1782081600,77.47,77.52,77.35,77.35,315
1782081900,77.34,77.34,77.2,77.25,546
1782082200,77.26,77.57,77.25,77.52,489
1782082500,77.54,77.56,77.4,77.46,440
1782082800,77.47,77.62,77.45,77.6,264
1782083100,77.6,77.65,77.52,77.59,277
1782083400,77.58,77.7,77.5,77.61,440
1782083700,77.62,77.77,77.58,77.75,418
1782084000,77.77,77.77,77.6,77.64,289
1782084300,77.65,77.76,77.6,77.74,223
1782084600,77.74,77.86,77.7,77.73,496
1782084900,77.73,77.83,77.7,77.82,301
1782085200,77.82,77.86,77.56,77.66,376
1782085500,77.66,77.78,77.6,77.75,383
1782085800,77.76,77.83,77.68,77.79,280
1782086100,77.78,77.79,77.63,77.68,206
1782086400,77.68,77.76,77.51,77.75,472
1782086700,77.75,77.85,77.6,77.77,400
1782087000,77.75,77.78,77.58,77.58,196
1782087300,77.59,77.65,77.47,77.51,381
1782087600,77.48,77.61,77.42,77.43,207
1782087900,77.43,77.45,77.13,77.25,607
1782088200,77.25,77.38,77.22,77.36,246
1782088500,77.35,77.46,77.25,77.39,361
1782088800,77.39,77.45,77.33,77.35,178
1782089100,77.34,77.5,77.25,77.48,337
1782089400,77.49,77.69,77.46,77.66,371
1782089700,77.66,77.69,76.93,77,1160
1782090000,77.01,77.01,76.26,76.42,2719
1782090300,76.41,76.42,76.14,76.28,1057
1782090600,76.28,76.42,76.11,76.4,653
1782090900,76.4,76.46,76.09,76.25,709
1782091200,76.25,76.3,75.74,75.91,1286
1782091500,75.93,75.97,75.65,75.72,905
1782091800,75.74,75.83,75.63,75.71,787
1782092100,75.74,75.79,75.54,75.67,671
1782092400,75.68,75.77,75.53,75.57,434
1782092700,75.55,75.73,75.5,75.68,593
1782093000,75.68,75.75,75.61,75.69,379
1782093300,75.67,75.79,75.66,75.77,490
1782093600,75.78,75.79,75.54,75.6,458
1782093900,75.63,75.64,75.41,75.54,664
1782094200,75.53,75.59,75.44,75.58,349
1782094500,75.57,75.61,75.53,75.56,194
1782094800,75.59,75.66,75.44,75.44,284
1782095100,75.46,75.56,75.45,75.49,216
1782095400,75.48,75.48,75.31,75.37,606
1782095700,75.38,75.41,75.21,75.24,515
1782096000,75.25,75.28,75.1,75.13,658
1782096300,75.12,75.33,75.01,75.26,893
1782096600,75.26,75.34,75.24,75.32,254
1782096900,75.33,75.4,75.25,75.35,258
1782097200,75.34,75.65,75.31,75.58,853
1782097500,75.59,75.68,75.54,75.67,312
1782097800,75.67,75.72,75.61,75.71,294
1782098100,75.7,75.74,75.6,75.65,282
1782098400,75.65,75.78,75.65,75.7,285
1782098700,75.7,75.78,75.67,75.77,221
1782099000,75.74,75.86,75.73,75.82,316
1782099300,75.81,75.81,75.76,75.79,130
1782099600,75.8,75.8,75.7,75.74,201
1782099900,75.71,75.71,75.54,75.56,250
1782100200,75.58,75.69,75.56,75.65,182
1782100500,75.66,75.73,75.63,75.64,151
1782100800,75.64,75.66,75.55,75.55,206
1782101100,75.56,75.61,75.51,75.51,106
1782101400,75.51,75.6,75.48,75.58,202
1782101700,75.6,75.69,75.6,75.67,242
1782102000,75.68,75.71,75.61,75.61,131
1782102300,75.62,75.63,75.57,75.61,236
1782102600,75.6,75.6,75.52,75.52,86
1782102900,75.52,75.57,75.47,75.47,216
1782103200,75.48,75.52,75.44,75.5,185
1782103500,75.48,75.57,75.46,75.55,200
1782103800,75.55,75.56,75.45,75.49,110
1782104100,75.5,75.53,75.41,75.41,116
1782104400,75.4,75.42,75.32,75.34,304
1782104700,75.33,75.42,75.3,75.35,281
1782105000,75.36,75.37,75.31,75.33,149
1782105300,75.31,75.33,75.23,75.29,228
1782105600,75.28,75.33,75.22,75.27,185
1782105900,75.26,75.28,75.08,75.08,368
1782106200,75.08,75.2,75.03,75.2,519
1782106500,75.19,75.3,75.1,75.3,288
1782106800,75.29,75.4,75.27,75.38,358
1782107100,75.36,75.42,75.19,75.27,320
1782107400,75.27,75.34,75.19,75.27,118
1782107700,75.27,75.32,75.22,75.31,129
1782108000,75.32,75.39,75.13,75.23,355
1782108300,75.25,75.26,75.13,75.22,156
1782108600,75.2,75.31,75.17,75.21,121
1782108900,75.22,75.27,75.12,75.23,122
1782109200,75.23,75.24,75.02,75.05,288
1782109500,75.04,75.15,74.88,75.14,1119
1782109800,75.16,75.33,75.1,75.1,580
1782110100,75.09,75.31,75.09,75.29,215
1782110400,75.3,75.43,75.29,75.35,355
1782110700,75.35,75.49,75.32,75.4,276
1782111000,75.4,75.46,75.25,75.4,307
1782111300,75.39,75.46,75.31,75.34,252
1782111600,75.33,75.41,75.2,75.34,257
1782111900,75.34,75.47,75.24,75.37,235
1782112200,75.35,75.55,75.31,75.55,354
1782112500,75.52,75.55,75.39,75.42,217
1782112800,75.42,75.51,75.39,75.51,99
1782113100,75.49,75.55,75.36,75.45,192
1782113400,75.48,75.6,75.38,75.39,268
1782113700,75.38,75.64,75.37,75.61,247
1782114000,75.61,75.85,75.58,75.82,614
1782114300,75.81,76.01,75.7,75.73,743
1782114600,75.72,75.92,75.67,75.88,334
1782114900,75.87,75.88,75.63,75.64,265
1782115200,75.62,75.8,75.57,75.78,289
1782115500,75.79,76.05,75.74,75.98,523
1782115800,75.99,76.19,75.9,76.05,660
1782116100,76.05,76.18,75.96,76.1,343
1782116400,76.12,76.14,75.75,75.9,486
1782116700,75.9,75.94,75.36,75.41,1114
1782117000,75.41,75.67,75.38,75.46,601
1782117300,75.46,75.5,75.19,75.44,625
1782117600,75.43,75.43,75.25,75.29,193
1782117900,75.28,75.4,75.25,75.28,141
1782118200,75.27,75.37,75.22,75.27,271
1782118500,75.28,75.31,75.1,75.23,429
1782118800,75.24,75.41,75.15,75.2,383
1782119100,75.22,75.26,75.09,75.2,225
1782119400,75.19,75.48,75.19,75.36,348
1782119700,75.36,75.43,75.28,75.33,113
1782120000,75.35,75.35,75.16,75.24,289
1782120300,75.24,75.39,75.23,75.3,139
1782120600,75.29,75.48,75.15,75.29,360
1782120900,75.3,75.39,75.19,75.22,170
1782121200,75.2,75.34,75.12,75.34,289
1782121500,75.33,75.37,75.17,75.2,135
1782121800,75.2,75.27,75.12,75.25,217
1782122100,75.24,75.35,75.22,75.35,167
1782122400,75.36,75.37,75.24,75.35,192
1782122700,75.36,75.43,75.28,75.33,181
1782123000,75.34,75.36,75.2,75.27,136
1782123300,75.25,75.38,75.19,75.36,188
1782123600,75.36,75.38,75.25,75.33,184
1782123900,75.32,75.41,75.27,75.36,211
1782124200,75.36,75.45,75.29,75.39,268
1782124500,75.39,75.49,75.33,75.46,188
1782124800,75.47,75.48,75.3,75.36,216
1782125100,75.37,75.38,75.27,75.35,192
1782125400,75.36,75.37,75.27,75.3,108
1782125700,75.31,75.35,75.26,75.32,220
1782126000,75.35,75.43,75.02,75.08,637
1782126300,75.07,75.07,74.62,75,1855
1782126600,75.03,75.43,75.03,75.3,1117
1782126900,75.31,75.47,75.29,75.43,425
1782127200,75.44,75.46,75.34,75.34,156
1782127500,75.35,75.46,75.26,75.41,288
1782127800,75.42,75.45,75.16,75.24,354
1782128100,75.24,75.26,75.12,75.13,191
1782128400,75.14,75.25,75.07,75.12,430
1782128700,75.12,75.17,75.05,75.08,386
1782129000,75.08,75.25,75.08,75.18,246
1782129300,75.18,75.18,74.9,74.99,544
1782129600,75.02,75.09,74.96,75.06,219
1782129900,75.07,75.08,74.93,75.01,388
1782130200,75.03,75.03,74.81,74.87,430
1782130500,74.9,74.91,74.75,74.76,602
1782130800,74.77,74.8,74.52,74.57,1027
1782131100,74.55,74.7,74.5,74.6,661
1782131400,74.6,74.67,74.55,74.6,420
1782131700,74.6,74.64,74.51,74.58,374
1782132000,74.58,74.58,74.43,74.52,745
1782132300,74.52,74.85,74.5,74.79,823
1782132600,74.8,74.81,74.61,74.64,404
1782132900,74.65,74.67,74.48,74.51,588
1782133200,74.54,74.82,74.48,74.75,751
1782133500,74.74,75.07,74.66,74.83,953
1782133800,74.83,74.94,74.29,74.41,2584
1782134100,74.41,74.55,74.33,74.53,853
1782134400,74.53,74.53,74.29,74.38,758
1782134700,74.4,74.4,74.13,74.24,1089
1782135000,74.24,74.31,74.09,74.17,1138
1782135300,74.16,74.18,73.83,73.83,1810
1782135600,73.83,74.07,73.78,73.85,1158
1782135900,73.87,73.9,73.5,73.6,1929
1782136200,73.59,73.82,73.51,73.76,1119
1782136500,73.76,73.86,73.71,73.76,620
1782136800,73.8,73.98,73.69,73.9,854
1782137100,73.9,73.9,73.56,73.63,862
1782137400,73.64,73.79,73.56,73.59,603
1782137700,73.59,73.83,73.51,73.81,755
1782138000,73.8,73.84,73.71,73.78,451
1782138300,73.8,73.95,73.68,73.88,879
1782138600,73.88,74.23,73.86,74.23,1287
1782138900,74.23,74.33,74.03,74.13,1067
1782139200,74.11,74.27,74.1,74.22,499
1782139500,74.21,74.25,74.04,74.13,441
1782139800,74.11,74.11,73.83,73.89,797
1782140100,73.87,74.08,73.87,74.03,520
1782140400,74.04,74.05,73.75,73.8,530
1782140700,73.79,73.86,73.71,73.75,490
1782141000,73.75,73.76,73.36,73.39,1804
1782141300,73.41,73.55,73.32,73.32,896
1782141600,73.32,73.41,73.27,73.35,1166
1782141900,73.36,73.68,73.3,73.64,1295
1782142200,73.63,73.72,73.5,73.57,869
1782142500,73.56,73.64,73.39,73.45,581
1782142800,73.43,73.45,73.22,73.33,812
1782143100,73.32,73.75,73.31,73.71,874
1782143400,73.7,73.7,73.37,73.38,518
1782143700,73.39,73.42,73.29,73.41,555
1782144000,73.43,73.57,73.37,73.56,555
1782144300,73.57,73.65,73.55,73.64,396
1782144600,73.65,73.67,73.52,73.53,254
1782144900,73.55,73.68,73.53,73.61,288
1782145200,73.62,73.71,73.55,73.63,345
1782145500,73.6,73.68,73.57,73.66,194
1782145800,73.65,73.75,73.65,73.68,359
1782146100,73.68,73.82,73.67,73.75,470
1782146400,73.79,73.83,73.65,73.73,329
1782146700,73.73,73.78,73.66,73.71,209
1782147000,73.72,73.77,73.66,73.72,218
1782147300,73.72,73.75,73.55,73.56,592
1782147600,73.58,73.67,73.56,73.63,205
1782147900,73.64,73.71,73.56,73.57,151
1782148200,73.59,73.63,73.5,73.55,235
1782148500,73.55,73.62,73.44,73.56,220
1782148800,73.58,73.59,73.5,73.5,142
1782149100,73.5,73.56,73.44,73.53,203
1782149400,73.56,73.68,73.49,73.67,251
1782149700,73.66,73.76,73.6,73.62,241
1782150000,73.61,73.61,73.39,73.4,356
1782150300,73.4,73.48,73.39,73.39,169
1782150600,73.38,73.46,73.33,73.35,274
1782150900,73.32,73.39,73.28,73.33,263
1782151200,73.33,73.58,73.33,73.46,409
1782151500,73.47,73.65,73.41,73.59,264
1782151800,73.59,73.7,73.55,73.65,250
1782152100,73.63,73.73,73.56,73.73,289
1782152400,73.73,73.85,73.56,73.68,731
1782152700,73.68,73.93,73.6,73.91,966
1782153000,73.9,73.91,73.7,73.78,722
1782153300,73.78,73.79,73.68,73.7,137
1782153600,73.69,73.82,73.69,73.76,108
1782153900,73.77,73.87,73.75,73.81,154
1782154200,73.81,73.92,73.78,73.9,167
1782154500,73.91,74.07,73.9,74.01,396
1782154800,74,74.07,73.99,74.05,187
1782155100,74.06,74.15,74.06,74.11,468
1782155400,74.11,74.17,74.05,74.09,260
1782155700,74.08,74.11,74.06,74.11,117
1782156000,74.1,74.22,74.1,74.2,269
1782156300,74.19,74.22,74.16,74.19,176
1782156600,74.2,74.35,74.14,74.21,553
1782156900,74.21,74.24,74.17,74.24,136
1782157200,74.24,74.32,74.24,74.28,165
1782157500,74.27,74.29,74.23,74.28,116
1782157800,74.3,74.34,74.25,74.31,224
1782158100,74.3,74.34,74.24,74.28,207
1782158400,74.27,74.29,74.19,74.21,322
1782158700,74.21,74.23,74.16,74.23,153
1782159000,74.22,74.24,74.2,74.21,104
1782159300,74.22,74.25,74.11,74.17,205
1782159600,74.18,74.21,73.97,74.04,433
1782159900,74.06,74.1,74.01,74.01,126
1782160200,74,74.04,73.98,74,205
1782160500,74.01,74.1,74.01,74.09,176
1782160800,74.08,74.1,73.95,74.01,219
1782161100,74.04,74.08,74.02,74.05,164
1782161400,74.05,74.1,74,74.1,125
1782161700,74.11,74.12,74.03,74.05,184
1782165600,74.09,74.23,74,74.18,421
1782165900,74.2,74.28,74.13,74.13,213
1782166200,74.13,74.19,74.04,74.19,107
1782166500,74.16,74.2,74.09,74.15,72
1782166800,74.18,74.26,74.15,74.21,51
1782167100,74.24,74.26,74.2,74.26,68
1782167400,74.25,74.5,74.23,74.38,393
1782167700,74.43,74.47,74.33,74.36,165
1782168000,74.36,74.38,74.29,74.32,116
1782168300,74.3,74.33,74.3,74.31,51
1782168600,74.31,74.31,74.28,74.29,33
1782168900,74.3,74.33,74.28,74.3,132
1782169200,74.31,74.34,74.13,74.14,246
1782169500,74.18,74.2,74.13,74.17,64
1782169800,74.16,74.18,74.14,74.15,52
1782170100,74.16,74.17,74.11,74.11,67
1782170400,74.1,74.18,74.1,74.11,137
1782170700,74.13,74.16,74.12,74.16,16
1782171000,74.16,74.2,74.12,74.17,84
1782171300,74.17,74.17,74.11,74.15,59
1782171600,74.15,74.16,74.09,74.09,51
1782171900,74.09,74.12,74.09,74.1,33
1782172200,74.1,74.17,74.1,74.17,26
1782172500,74.17,74.21,74.16,74.18,62
1782172800,74.18,74.22,74.14,74.19,140
1782173100,74.19,74.19,74.05,74.05,115
1782173400,74.07,74.27,74.07,74.17,155
1782173700,74.17,74.17,74.1,74.1,86
1782174000,74.15,74.23,74.15,74.2,82
1782174300,74.18,74.2,74.1,74.13,89
1782174600,74.11,74.15,74.09,74.14,138
1782174900,74.13,74.17,74.09,74.1,55
1782175200,74.12,74.16,74.04,74.05,140
1782175500,74.05,74.09,74.01,74.08,161
1782175800,74.07,74.13,74,74.1,185
1782176100,74.12,74.24,74.12,74.21,177
1782176400,74.21,74.28,73.85,73.85,711
1782176700,73.85,73.88,73.79,73.87,397
1782177000,73.87,74.06,73.87,74.02,321
1782177300,74.03,74.12,73.97,74.08,381
1782177600,74.1,74.24,74.07,74.12,382
1782177900,74.12,74.21,74.08,74.16,163
1782178200,74.18,74.21,74.13,74.21,85
1782178500,74.22,74.24,74.18,74.21,128
1782178800,74.22,74.24,74.1,74.11,120
1782179100,74.11,74.14,74.01,74.04,234
1782179400,74.03,74.08,73.94,73.96,220
1782179700,73.96,73.98,73.91,73.93,211
1782180000,73.92,73.95,73.76,73.8,528
1782180300,73.8,74.05,73.8,74.03,395
1782180600,74.03,74.08,73.98,74,176
1782180900,74,74.09,74,74.04,78
1782181200,74.04,74.05,74,74.03,55
1782181500,74.01,74.07,74.01,74.06,44
1782181800,74.06,74.31,74.04,74.29,442
1782182100,74.28,74.3,74.14,74.17,355
1782182400,74.15,74.21,74.11,74.19,156
1782182700,74.2,74.27,74.16,74.17,191
1782183000,74.15,74.15,74.02,74.09,250
1782183300,74.09,74.12,73.92,73.93,214
1782183600,73.93,73.93,73.7,73.78,710
1782183900,73.79,73.89,73.79,73.81,158
1782184200,73.8,73.8,73.71,73.77,264
1782184500,73.76,73.8,73.7,73.73,216
1782184800,73.74,73.78,73.68,73.76,101
1782185100,73.76,73.81,73.59,73.64,443
1782185400,73.63,73.68,73.57,73.63,211
1782185700,73.63,73.76,73.63,73.75,98
1782186000,73.75,73.77,73.64,73.66,120
1782186300,73.65,73.67,73.64,73.65,57
1782186600,73.65,73.67,73.62,73.64,69
1782186900,73.66,73.66,73.61,73.63,72
1782187200,73.66,73.71,73.62,73.69,160
1782187500,73.7,73.73,73.67,73.72,119
1782187800,73.71,73.75,73.69,73.74,56
1782188100,73.73,73.76,73.62,73.64,121
1782188400,73.64,73.67,73.57,73.65,122
1782188700,73.67,73.68,73.61,73.64,79
1782189000,73.63,73.73,73.58,73.72,186
1782189300,73.72,73.78,73.64,73.73,189
1782189600,73.72,73.77,73.67,73.76,121
1782189900,73.74,73.75,73.68,73.68,83
1782190200,73.71,73.75,73.6,73.75,194
1782190500,73.75,73.78,73.74,73.75,90
1782190800,73.75,73.8,73.69,73.71,140
1782191100,73.73,73.75,73.69,73.73,69
1782191400,73.69,73.72,73.65,73.68,71
1782191700,73.69,73.76,73.63,73.66,94
1782192000,73.64,73.65,73.57,73.6,164
1782192300,73.58,73.64,73.53,73.59,189
1782192600,73.58,73.62,73.4,73.41,596
1782192900,73.41,73.46,73.35,73.39,490
1782193200,73.41,73.43,73.28,73.29,404
1782193500,73.29,73.35,73.05,73.13,1010
1782193800,73.13,73.16,73,73.1,571
1782194100,73.1,73.13,73.07,73.1,391
1782194400,73.08,73.16,72.98,73.06,551
1782194700,73.07,73.09,72.89,72.99,654
1782195000,72.97,73.2,72.91,73.15,517
1782195300,73.12,73.14,72.84,72.96,775
1782195600,72.94,72.99,72.86,72.88,454
1782195900,72.88,72.95,72.85,72.86,362
1782196200,72.86,72.92,72.73,72.74,785
1782196500,72.73,72.79,72.65,72.65,562
1782196800,72.65,72.8,72.56,72.75,599
1782197100,72.75,73.08,72.68,73.07,506
1782197400,73.06,73.15,72.94,72.98,502
1782197700,72.95,73.04,72.87,72.93,323
1782198000,72.94,72.98,72.79,72.79,273
1782198300,72.8,72.88,72.77,72.83,237
1782198600,72.82,72.82,72.64,72.81,288
1782198900,72.81,72.88,72.7,72.8,158
1782199200,72.79,72.79,72.59,72.67,357
1782199500,72.65,72.77,72.46,72.53,642
1782199800,72.55,72.84,72.49,72.78,444
1782200100,72.79,73,72.79,72.87,347
1782200400,72.88,73.17,72.85,73.09,442
1782200700,73.08,73.18,73.03,73.1,222
1782201000,73.09,73.19,73.03,73.06,234
1782201300,73.05,73.25,73.03,73.17,367
1782201600,73.17,73.55,73.16,73.54,745
1782201900,73.53,73.54,73.36,73.47,419
1782202200,73.49,73.61,73.43,73.47,315
1782202500,73.46,73.56,73.34,73.56,292
1782202800,73.55,73.67,73.49,73.61,312
1782203100,73.6,73.71,73.49,73.64,384
1782203400,73.61,73.86,73.55,73.81,465
1782203700,73.81,73.83,73.64,73.73,264
1782204000,73.75,73.76,73.56,73.56,303
1782204300,73.57,73.7,73.5,73.5,241
1782204600,73.54,73.63,73.41,73.43,355
1782204900,73.44,73.52,73.4,73.44,255
1782205200,73.44,73.49,73.27,73.44,393
1782205500,73.47,73.57,73.38,73.52,189
1782205800,73.56,73.6,73.37,73.44,155
1782206100,73.46,73.65,73.44,73.58,211
1782206400,73.58,73.68,73.5,73.51,133
1782206700,73.51,73.52,73.22,73.22,399
1782207000,73.22,73.41,73.17,73.37,328
1782207300,73.36,73.46,73.33,73.39,147
1782207600,73.43,73.49,73.41,73.45,117
1782207900,73.46,73.59,73.36,73.53,177
1782208200,73.53,73.53,73.37,73.51,161
1782208500,73.52,73.6,73.49,73.51,173
1782208800,73.51,73.58,73.4,73.41,150
1782209100,73.41,73.48,73.37,73.48,115
1782209400,73.48,73.58,73.47,73.52,136
1782209700,73.52,73.65,73.43,73.6,153
1782210000,73.6,73.75,73.6,73.71,307
1782210300,73.7,73.77,73.63,73.7,179
1782210600,73.72,73.75,73.59,73.67,201
1782210900,73.67,73.96,73.64,73.88,662
1782211200,73.89,73.89,73.7,73.78,238
1782211500,73.77,73.81,73.64,73.68,272
1782211800,73.7,73.92,73.7,73.78,173
1782212100,73.79,73.9,73.79,73.89,144
1782212400,73.89,73.9,73.78,73.87,178
1782212700,73.86,74,73.82,73.92,390
1782213000,73.91,73.92,73.8,73.8,182
1782213300,73.79,73.98,73.72,73.86,360
1782213600,73.86,73.97,73.49,73.95,591
1782213900,73.95,73.98,73.77,73.81,341
1782214200,73.81,74.07,73.81,74.01,383
1782214500,74.02,74.07,73.87,73.92,203
1782214800,73.92,73.98,73.85,73.95,209
1782215100,73.95,74.03,73.77,73.81,299
1782215400,73.83,73.88,73.65,73.67,297
1782215700,73.67,73.87,73.62,73.86,281
1782216000,73.87,73.9,73.71,73.75,250
1782216300,73.75,73.75,73.57,73.59,341
1782216600,73.59,73.63,73.45,73.54,575
1782216900,73.53,73.61,73.39,73.44,424
1782217200,73.44,73.47,73.3,73.33,298
1782217500,73.32,73.4,73.23,73.33,426
1782217800,73.29,73.32,73.22,73.27,255
1782218100,73.27,73.36,73.22,73.29,307
1782218400,73.28,73.45,73.26,73.43,399
1782218700,73.44,73.62,73.4,73.59,438
1782219000,73.56,73.64,73.48,73.53,524
1782219300,73.51,73.63,73.49,73.6,237
1782219600,73.62,73.74,73.56,73.57,654
1782219900,73.57,73.71,73.5,73.69,476
1782220200,73.7,73.72,73.47,73.49,605
1782220500,73.51,73.52,73.31,73.37,605
1782220800,73.38,73.47,73.31,73.31,389
1782221100,73.32,73.33,72.98,73.08,1128
1782221400,73.08,73.18,72.94,73.1,1074
1782221700,73.11,73.12,72.89,73.05,761
1782222000,73.04,73.28,73,73.22,733
1782222300,73.22,73.33,73.04,73.09,875
1782222600,73.08,73.27,73.04,73.15,690
1782222900,73.15,73.2,72.9,72.99,604
1782223200,72.97,73.01,72.68,72.7,1230
1782223500,72.69,72.83,72.65,72.66,889
1782223800,72.66,72.76,72.6,72.74,705
1782224100,72.74,72.77,72.63,72.73,658
1782224400,72.74,72.75,72.6,72.63,645
1782224700,72.62,72.64,72.53,72.62,895
1782225000,72.61,72.77,72.61,72.7,993
1782225300,72.71,73.24,72.7,73.16,1885
1782225600,73.19,73.29,73.03,73.24,1110
1782225900,73.24,73.3,73.08,73.22,833
1782226200,73.21,73.4,73.01,73.01,885
1782226500,73.02,73.18,72.89,73.17,669
1782226800,73.16,73.38,73.16,73.37,548
1782227100,73.36,73.48,73.29,73.29,637
1782227400,73.28,73.3,73.16,73.21,449
1782227700,73.22,73.39,73.18,73.27,273
1782228000,73.25,73.32,73.06,73.08,432
1782228300,73.08,73.24,73.02,73.12,516
1782228600,73.11,73.12,72.78,72.84,859
1782228900,72.82,72.96,72.72,72.85,513
1782229200,72.85,73.09,72.83,73.06,509
1782229500,73.08,73.22,72.89,72.9,489
1782229800,72.91,73.03,72.86,72.96,235
1782230100,72.98,73.06,72.96,72.99,259
1782230400,73.01,73.15,72.98,73.12,319
1782230700,73.13,73.17,73.06,73.11,256
1782231000,73.12,73.16,73,73.03,199
1782231300,73.03,73.26,73.03,73.2,390
1782231600,73.17,73.25,73.12,73.14,286
1782231900,73.14,73.17,73.08,73.09,161
1782232200,73.08,73.09,72.93,72.99,353
1782232500,72.98,72.98,72.88,72.91,294
1782232800,72.9,72.94,72.84,72.92,241
1782233100,72.94,73.09,72.92,72.99,253
1782233400,72.98,72.99,72.82,72.88,186
1782233700,72.89,72.99,72.89,72.98,175
1782234000,73,73.3,73,73.23,511
1782234300,73.2,73.3,73.15,73.17,360
1782234600,73.18,73.3,73.11,73.22,358
1782234900,73.22,73.3,73.14,73.25,147
1782235200,73.25,73.29,73.16,73.2,148
1782235500,73.2,73.3,73.2,73.24,92
1782235800,73.28,73.31,73.02,73.05,445
1782236100,73.06,73.2,73.04,73.13,165
1782236400,73.09,73.12,73.04,73.04,88
1782236700,73.06,73.14,73.03,73.12,68
1782237000,73.13,73.23,73.1,73.13,119
1782237300,73.13,73.16,72.98,73.03,261
1782237600,73.05,73.44,73.05,73.27,584
1782237900,73.26,73.43,73.22,73.32,289
1782238200,73.3,73.37,73.17,73.25,187
1782238500,73.23,73.25,73.13,73.17,142
1782238800,73.14,73.2,73.05,73.08,227
1782239100,73.08,73.28,73.08,73.27,395
1782239400,73.29,73.33,73.22,73.26,314
1782239700,73.24,73.25,73.19,73.22,228
1782240000,73.22,73.28,73.17,73.2,130
1782240300,73.2,73.35,73.2,73.32,216
1782240600,73.32,73.37,73.31,73.33,289
1782240900,73.33,73.4,73.31,73.36,171
1782241200,73.37,73.38,73.23,73.25,205
1782241500,73.25,73.33,73.25,73.26,465
1782241800,73.28,73.28,73.23,73.23,130
1782242100,73.25,73.3,73.23,73.3,141
1782242400,73.29,73.38,73.27,73.37,124
1782242700,73.39,73.42,73.34,73.35,230
1782243000,73.36,73.38,73.32,73.34,73
1782243300,73.36,73.42,73.35,73.41,55
1782243600,73.42,73.42,73.34,73.38,62
1782243900,73.38,73.39,73.34,73.37,91
1782244200,73.36,73.37,73.31,73.31,96
1782244500,73.33,73.34,73.26,73.31,196
1782244800,73.33,73.38,73.3,73.34,86
1782245100,73.34,73.47,73.32,73.47,236
1782245400,73.47,73.54,73.32,73.35,304
1782245700,73.35,73.37,73.34,73.36,32
1782246000,73.36,73.44,73.36,73.37,102
1782246300,73.38,73.38,73.29,73.31,82
1782246600,73.3,73.35,73.23,73.28,187
1782246900,73.29,73.33,73.22,73.24,124
1782247200,73.23,73.26,73.17,73.17,109
1782247500,73.16,73.2,73.06,73.11,216
1782247800,73.11,73.12,73.03,73.09,243
1782248100,73.08,73.1,73.03,73.04,154
1782252000,73.05,73.2,73.05,73.14,138
1782252300,73.13,73.13,73.03,73.06,82
1782252600,73.13,73.14,73.07,73.07,42
1782252900,73.11,73.14,73.07,73.14,26
1782253200,73.13,73.14,73.1,73.11,42
1782253500,73.11,73.14,73.11,73.14,24
1782253800,73.11,73.14,73.11,73.13,38
1782254100,73.15,73.15,73.04,73.04,103
1782254400,73.03,73.05,73,73.05,82
1782254700,73.05,73.05,72.89,72.93,192
1782255000,72.94,72.97,72.92,72.96,94
1782255300,72.95,72.99,72.94,72.95,27
1782255600,72.95,72.98,72.92,72.94,81
1782255900,72.94,72.96,72.85,72.87,102
1782256200,72.88,72.92,72.85,72.92,46
1782256500,72.92,72.92,72.86,72.89,46
1782256800,72.92,72.95,72.85,72.89,94
1782257100,72.89,72.93,72.86,72.9,49
1782257400,72.9,72.92,72.89,72.89,28
1782257700,72.88,72.88,72.71,72.78,281
1782258000,72.74,72.77,72.68,72.74,150
1782258300,72.77,72.8,72.72,72.72,63
1782258600,72.77,72.77,72.64,72.67,115
1782258900,72.7,72.72,72.64,72.7,153
1782259200,72.71,72.86,72.67,72.82,526
1782259500,72.81,72.87,72.67,72.82,238
1782259800,72.81,72.9,72.8,72.83,93
1782260100,72.84,72.91,72.8,72.89,76
1782260400,72.9,72.97,72.89,72.94,134
1782260700,72.94,72.97,72.89,72.89,90
1782261000,72.88,72.88,72.79,72.83,96
1782261300,72.81,72.82,72.75,72.79,96
1782261600,72.79,72.87,72.79,72.84,68
1782261900,72.86,72.88,72.77,72.79,57
1782262200,72.8,72.8,72.76,72.76,69
1782262500,72.8,72.89,72.79,72.82,87
1782262800,72.81,72.87,72.56,72.56,579
1782263100,72.56,72.56,72.34,72.44,1317
1782263400,72.45,72.58,72.42,72.48,329
1782263700,72.49,72.76,72.48,72.72,440
1782264000,72.72,72.94,72.71,72.91,454
1782264300,72.91,73.03,72.87,73.02,380
1782264600,73.02,73.05,72.9,72.95,329
1782264900,72.97,73.06,72.91,72.92,227
1782265200,72.91,72.94,72.82,72.89,187
1782265500,72.87,72.95,72.8,72.83,229
1782265800,72.82,72.82,72.68,72.69,272
1782266100,72.7,72.71,72.6,72.67,282
1782266400,72.7,72.82,72.67,72.72,171
1782266700,72.71,72.92,72.71,72.86,361
1782267000,72.87,72.87,72.79,72.81,95
1782267300,72.82,72.89,72.82,72.82,69
1782267600,72.84,72.84,72.78,72.81,50
1782267900,72.79,72.84,72.73,72.77,122
1782268200,72.75,72.75,72.56,72.57,436
1782268500,72.57,72.58,72.38,72.54,577
1782268800,72.54,72.65,72.46,72.54,348
1782269100,72.55,72.59,72.36,72.37,337
1782269400,72.37,72.39,72.18,72.2,652
1782269700,72.2,72.24,72.17,72.18,191
1782270000,72.18,72.29,72.06,72.22,545
1782270300,72.22,72.38,72.17,72.3,373
1782270600,72.34,72.45,72.33,72.42,250
1782270900,72.43,72.44,72.36,72.39,156
1782271200,72.39,72.4,72.31,72.4,191
1782271500,72.4,72.43,72.36,72.38,105
1782271800,72.39,72.46,72.36,72.36,175
1782272100,72.35,72.4,72.33,72.36,88
1782272400,72.37,72.39,72.34,72.38,73
1782272700,72.4,72.44,72.39,72.44,50
1782273000,72.43,72.48,72.42,72.46,106
1782273300,72.44,72.45,72.39,72.43,63
1782273600,72.43,72.6,72.42,72.52,164
1782273900,72.53,72.59,72.51,72.57,66
1782274200,72.58,72.62,72.53,72.59,119
1782274500,72.6,72.71,72.57,72.7,163
1782274800,72.71,72.76,72.69,72.69,201
1782275100,72.68,72.7,72.66,72.67,80
1782275400,72.65,72.66,72.61,72.61,75
1782275700,72.61,72.69,72.6,72.68,70
1782276000,72.68,72.71,72.65,72.66,81
1782276300,72.66,72.67,72.62,72.63,60
1782276600,72.63,72.63,72.59,72.61,66
1782276900,72.61,72.65,72.59,72.65,117
1782277200,72.66,72.79,72.65,72.73,179
1782277500,72.74,72.75,72.61,72.61,85
1782277800,72.62,72.65,72.59,72.63,132
1782278100,72.63,72.66,72.6,72.63,36
1782278400,72.64,72.67,72.63,72.66,35
1782278700,72.67,72.7,72.65,72.66,83
1782279000,72.67,72.73,72.62,72.73,182
1782279300,72.72,72.72,72.64,72.67,79
1782279600,72.67,72.67,72.53,72.6,236
1782279900,72.6,72.61,72.48,72.61,190
1782280200,72.58,72.6,72.45,72.46,153
1782280500,72.46,72.52,72.43,72.49,152
1782280800,72.5,73.06,72.49,72.93,832
1782281100,72.94,73.18,72.9,73.01,639
1782281400,73,73.04,72.81,72.85,459
1782281700,72.82,72.82,72.68,72.73,294
1782282000,72.72,72.73,72.6,72.65,289
1782282300,72.67,72.7,72.53,72.67,299
1782282600,72.66,72.66,72.5,72.53,274
1782282900,72.54,72.62,72.47,72.59,351
1782283200,72.6,72.63,72.5,72.6,225
1782283500,72.61,72.68,72.51,72.55,397
1782283800,72.57,72.63,72.49,72.59,161
1782284100,72.6,72.68,72.58,72.62,200
1782284400,72.6,72.64,72.37,72.46,364
1782284700,72.43,72.47,72.17,72.21,559
1782285000,72.21,72.35,72.12,72.31,327
1782285300,72.32,72.42,72.29,72.39,193
1782285600,72.37,72.4,72.1,72.12,348
1782285900,72.15,72.25,72.11,72.21,165
1782286200,72.23,72.33,72.21,72.3,108
1782286500,72.3,72.34,72.27,72.31,128
1782286800,72.32,72.34,72.03,72.17,395
1782287100,72.18,72.33,72.18,72.22,168
1782287400,72.22,72.31,72.01,72.01,416
1782287700,72.01,72.09,71.92,71.97,857
1782288000,71.97,72.04,71.8,71.82,687
1782288300,71.83,71.98,71.79,71.86,443
1782288600,71.84,72.07,71.82,71.93,553
1782288900,71.92,72,71.8,71.93,399
1782289200,71.94,71.95,71.77,71.9,291
1782289500,71.91,71.98,71.75,71.76,503
1782289800,71.77,72.01,71.7,71.74,470
1782290100,71.74,72.05,71.7,72.04,304
1782290400,72.03,72.05,71.92,71.92,153
1782290700,71.92,71.98,71.9,71.98,114
1782291000,71.97,72.08,71.92,71.98,153
1782291300,71.96,72.15,71.96,72.07,221
1782291600,72.08,72.1,71.82,71.93,251
1782291900,71.93,71.95,71.76,71.8,171
1782292200,71.8,71.83,71.63,71.73,474
1782292500,71.72,71.83,71.63,71.65,260
1782292800,71.63,71.78,71.6,71.68,208
1782293100,71.68,71.76,71.55,71.74,353
1782293400,71.72,71.9,71.7,71.87,308
1782293700,71.88,71.95,71.78,71.88,230
1782294000,71.9,71.9,71.8,71.9,142
1782294300,71.9,72.11,71.8,72.04,259
1782294600,72.02,72.1,71.96,72.06,216
1782294900,72.07,72.15,71.98,71.99,245
1782295200,72.01,72.28,72.01,72.25,394
1782295500,72.26,72.26,72.06,72.11,192
1782295800,72.09,72.15,71.89,71.93,306
1782296100,71.94,72.01,71.87,71.96,311
1782296400,71.93,72.19,71.92,72.16,217
1782296700,72.13,72.16,71.99,71.99,172
1782297000,71.99,72.15,71.95,72.08,130
1782297300,72.1,72.12,71.75,71.78,307
1782297600,71.78,71.92,71.73,71.78,314
1782297900,71.78,71.88,71.74,71.84,215
1782298200,71.81,71.87,71.71,71.86,217
1782298500,71.86,71.87,71.73,71.84,168
1782298800,71.84,71.86,71.72,71.82,199
1782299100,71.81,71.88,71.8,71.87,110
1782299400,71.88,71.89,71.78,71.82,109
1782299700,71.82,71.89,71.79,71.84,117
1782300000,71.85,71.87,71.61,71.63,319
1782300300,71.61,71.68,71.39,71.48,951
1782300600,71.47,71.74,71.41,71.7,596
1782300900,71.69,71.71,71.4,71.45,367
1782301200,71.43,71.51,71.37,71.45,394
1782301500,71.44,71.46,70.99,71.04,1516
1782301800,71.06,71.18,70.94,71.05,1079
1782302100,71.05,71.2,70.91,70.94,859
1782302400,70.95,71.11,70.92,71,707
1782302700,71.03,71.11,70.97,71.06,433
1782303000,71.05,71.14,71.02,71.13,388
1782303300,71.12,71.18,70.84,70.9,877
1782303600,70.9,71.1,70.84,71.07,622
1782303900,71.05,71.11,71.02,71.11,257
1782304200,71.1,71.18,71,71.11,341
1782304500,71.09,71.1,70.93,71.02,505
1782304800,71.03,71.14,71,71.03,235
1782305100,71.03,71.15,71.02,71.1,195
1782305400,71.1,71.21,71.06,71.14,358
1782305700,71.13,71.14,71.02,71.03,320
1782306000,71.02,71.06,70.39,70.61,2513
1782306300,70.59,70.63,70.37,70.46,1164
1782306600,70.45,70.55,70.42,70.53,587
1782306900,70.51,70.52,70.13,70.16,1023
1782307200,70.16,70.25,70.08,70.16,992
1782307500,70.15,70.23,70.01,70.06,896
1782307800,70.07,70.15,69.83,70.03,2100
1782308100,70.02,70.21,70,70.09,1005
1782308400,70.08,70.12,69.88,70.01,640
1782308700,69.99,70.29,69.98,70.11,966
1782309000,70.08,70.14,69.96,69.96,514
1782309300,69.97,70.07,69.67,69.77,1043
1782309600,69.77,69.92,69.71,69.74,995
1782309900,69.74,69.83,69.64,69.79,1033
1782310200,69.77,70.11,69.77,70.01,1141
1782310500,70.01,70.14,70.01,70.05,458
1782310800,70.06,70.33,70.06,70.25,769
1782311100,70.24,70.39,70.11,70.2,539
1782311400,70.15,70.25,70.07,70.17,498
1782311700,70.15,70.22,70.07,70.15,322
1782312000,70.12,70.14,69.98,69.99,502
1782312300,69.97,70.03,69.84,69.84,624
1782312600,69.83,69.92,69.71,69.92,671
1782312900,69.91,70.03,69.82,69.87,482
1782313200,69.88,69.95,69.76,69.8,431
1782313500,69.76,69.87,69.69,69.75,738
1782313800,69.78,69.87,69.72,69.74,419
1782314100,69.75,69.9,69.73,69.82,531
1782314400,69.82,70,69.81,69.94,586
1782314700,69.97,70.06,69.88,70.03,695
1782315000,70.02,70.22,69.9,70.16,995
1782315300,70.16,70.46,70.11,70.41,913
1782315600,70.42,70.5,70.25,70.3,705
1782315900,70.3,70.58,70.3,70.41,948
1782316200,70.39,70.5,70.26,70.4,458
1782316500,70.39,70.52,70.37,70.49,263
1782316800,70.5,70.6,70.41,70.43,453
1782317100,70.42,70.44,70.27,70.41,389
1782317400,70.4,70.46,70.33,70.39,143
1782317700,70.38,70.63,70.37,70.53,515
1782318000,70.56,70.7,70.56,70.69,431
1782318300,70.7,70.71,70.57,70.63,258
1782318600,70.63,70.69,70.61,70.65,224
1782318900,70.69,70.79,70.67,70.74,462
1782319200,70.75,70.97,70.63,70.68,1164
1782319500,70.66,70.71,70.53,70.58,378
1782319800,70.58,70.65,70.5,70.53,237
1782320100,70.54,70.59,70.45,70.53,254
1782320400,70.54,70.65,70.48,70.63,142
1782320700,70.62,70.67,70.46,70.58,200
1782321000,70.58,70.58,70.42,70.42,201
1782321300,70.43,70.45,70.27,70.31,429
1782321600,70.34,70.35,70.15,70.2,416
1782321900,70.2,70.28,70.13,70.22,310
1782322200,70.2,70.34,70.04,70.05,478
1782322500,70.07,70.32,70.05,70.19,412
1782322800,70.19,70.5,70.19,70.44,384
1782323100,70.43,70.48,70.35,70.44,221
1782323400,70.45,70.53,70.42,70.43,105
1782323700,70.46,70.51,70.43,70.49,131
1782324000,70.49,70.52,70.35,70.39,295
1782324300,70.38,70.42,70.29,70.3,235
1782324600,70.29,70.48,70.16,70.34,561
1782324900,70.36,70.39,70.21,70.24,222
1782325200,70.25,70.45,70.25,70.29,225
1782325500,70.29,70.43,70.13,70.41,654
1782325800,70.42,70.45,70.2,70.23,336
1782326100,70.23,70.23,70.07,70.13,333
1782326400,70.12,70.27,70.09,70.18,187
1782326700,70.2,70.2,70.06,70.06,143
1782327000,70.06,70.09,69.96,69.99,333
1782327300,69.98,70.01,69.92,69.94,241
1782327600,69.95,69.98,69.89,69.93,194
1782327900,69.96,70.01,69.91,69.94,128
1782328200,69.95,70,69.91,69.99,148
1782328500,69.99,70.01,69.93,69.95,203
1782328800,69.93,70.06,69.91,70.05,233
1782329100,70.03,70.1,70.02,70.08,99
1782329400,70.09,70.1,69.96,69.98,153
1782329700,69.98,70.05,69.96,70.03,112
1782330000,70.04,70.14,70.04,70.12,154
1782330300,70.13,70.13,70.04,70.05,46
1782330600,70.06,70.09,70.01,70.07,196
1782330900,70.08,70.09,70,70.03,118
1782331200,70.03,70.04,69.95,69.96,177
1782331500,69.97,69.99,69.87,69.87,220
1782331800,69.87,69.9,69.79,69.79,308
1782332100,69.81,69.83,69.77,69.8,100
1782332400,69.81,69.88,69.76,69.85,199
1782332700,69.83,69.88,69.82,69.86,96
1782333000,69.87,69.9,69.8,69.81,152
1782333300,69.82,69.88,69.81,69.85,97
1782333600,69.86,69.9,69.83,69.87,139
1782333900,69.87,69.9,69.83,69.89,201
1782334200,69.9,69.91,69.78,69.83,162
1782334500,69.85,69.9,69.78,69.9,121
1782338400,69.91,70.08,69.55,69.82,655
1782338700,69.82,69.87,69.76,69.85,102
1782339000,69.84,69.89,69.83,69.89,62
1782339300,69.89,69.89,69.85,69.87,43
1782339600,69.87,69.9,69.85,69.88,46
1782339900,69.87,69.88,69.83,69.84,38
1782340200,69.87,69.87,69.84,69.84,22
1782340500,69.86,69.86,69.8,69.81,35
1782340800,69.8,69.94,69.8,69.91,89
1782341100,69.89,69.91,69.86,69.87,43
1782341400,69.88,69.89,69.85,69.89,30
1782341700,69.88,69.91,69.85,69.9,28
1782342000,69.9,69.93,69.87,69.92,29
1782342300,69.93,69.95,69.91,69.93,40
1782342600,69.91,69.94,69.87,69.87,37
1782342900,69.86,69.9,69.85,69.86,58
1782343200,69.89,69.92,69.88,69.89,20
1782343500,69.92,69.98,69.92,69.97,40
1782343800,69.99,70.02,69.96,70,93
1782344100,69.99,69.99,69.91,69.92,79
1782344400,69.93,69.96,69.9,69.9,53
1782344700,69.92,70.01,69.92,69.98,49
1782345000,69.98,70,69.96,69.97,50
1782345300,69.97,70.04,69.96,70.01,102
1782345600,70,70.08,69.94,70.07,169
1782345900,70.06,70.08,69.96,70.08,142
1782346200,70.08,70.14,70.03,70.13,217
1782346500,70.14,70.17,70.08,70.09,127
1782346800,70.09,70.11,70.02,70.06,77
1782347100,70.05,70.13,70.05,70.11,99
1782347400,70.11,70.21,70.08,70.2,142
1782347700,70.19,70.23,70.12,70.15,140
1782348000,70.14,70.17,70.11,70.12,93
1782348300,70.11,70.11,70.02,70.02,118
1782348600,70.01,70.04,69.93,69.99,148
1782348900,70.01,70.06,69.98,70.01,107
1782349200,70.02,70.07,69.56,69.68,973
1782349500,69.7,69.84,69.51,69.55,618
1782349800,69.54,69.61,69.33,69.46,892
1782350100,69.46,69.83,69.46,69.8,384
1782350400,69.79,69.79,69.49,69.54,366
1782350700,69.52,69.52,69.41,69.42,292
1782351000,69.42,69.43,69.28,69.33,512
1782351300,69.35,69.36,69.2,69.25,554
1782351600,69.27,69.44,69.19,69.24,756
1782351900,69.23,69.37,69.22,69.29,306
1782352200,69.27,69.28,69.13,69.22,493
1782352500,69.22,69.36,69.16,69.34,248
1782352800,69.35,69.38,69.17,69.2,212
1782353100,69.18,69.25,69.01,69.18,696
1782353400,69.16,69.21,69.04,69.21,416
1782353700,69.18,69.29,69.17,69.23,281
1782354000,69.23,69.27,69.1,69.17,163
1782354300,69.18,69.23,69.14,69.16,150
1782354600,69.16,69.22,69.13,69.18,182
1782354900,69.17,69.37,69.12,69.32,389
1782355200,69.36,69.42,69.25,69.39,373
1782355500,69.39,69.49,69.39,69.41,209
1782355800,69.4,69.44,69.36,69.41,117
1782356100,69.41,69.43,69.32,69.36,227
1782356400,69.38,69.42,69.16,69.19,239
1782356700,69.18,69.22,69.04,69.15,373
1782357000,69.14,69.17,69.09,69.16,169
1782357300,69.18,69.38,69.1,69.12,405
1782357600,69.11,69.16,69.08,69.16,364
1782357900,69.14,69.25,69.11,69.16,225
1782358200,69.17,69.3,69.16,69.28,228
1782358500,69.28,69.32,69.23,69.25,162
1782358800,69.26,69.26,69.21,69.21,64
1782359100,69.24,69.28,69.24,69.24,44
1782359400,69.23,69.33,69.22,69.28,109
1782359700,69.31,69.35,69.29,69.32,113
1782360000,69.31,69.42,69.25,69.42,194
1782360300,69.42,69.42,69.3,69.34,97
1782360600,69.34,69.39,69.32,69.33,71
1782360900,69.33,69.36,69.32,69.33,35
1782361200,69.34,69.37,69.33,69.37,48
1782361500,69.37,69.41,69.36,69.36,70
1782361800,69.37,69.46,69.35,69.45,87
1782362100,69.45,69.5,69.43,69.49,167
1782362400,69.49,69.5,69.41,69.42,72
1782362700,69.42,69.49,69.41,69.46,71
1782363000,69.47,69.47,69.44,69.47,97
1782363300,69.47,69.57,69.44,69.48,272
1782363600,69.51,69.51,69.44,69.49,183
1782363900,69.47,69.47,69.4,69.4,122
1782364200,69.39,69.49,69.37,69.48,105
1782364500,69.5,69.52,69.43,69.45,58
1782364800,69.45,69.49,69.45,69.48,58
1782365100,69.48,69.52,69.44,69.5,81
1782365400,69.51,69.62,69.4,69.41,272
1782365700,69.42,69.54,69.4,69.51,168
1782366000,69.54,69.55,69.37,69.37,135
1782366300,69.39,69.46,69.34,69.34,147
1782366600,69.33,69.39,69.31,69.39,211
1782366900,69.38,69.42,69.22,69.38,342
1782367200,69.36,69.4,69.25,69.29,230
1782367500,69.3,69.45,69.3,69.43,155
1782367800,69.43,69.63,69.39,69.62,222
1782368100,69.63,69.67,69.45,69.46,320
1782368400,69.46,69.72,69.46,69.71,372
1782368700,69.7,69.77,69.64,69.75,271
1782369000,69.75,69.82,69.65,69.67,272
1782369300,69.64,69.69,69.52,69.59,357
1782369600,69.6,69.65,69.49,69.5,136
1782369900,69.48,69.57,69.4,69.51,223
1782370200,69.53,69.6,69.51,69.52,107
1782370500,69.53,69.67,69.46,69.58,204
1782370800,69.6,69.64,69.42,69.58,242
1782371100,69.57,69.74,69.57,69.71,265
1782371400,69.7,69.9,69.69,69.87,279
1782371700,69.87,70.01,69.84,69.96,418
1782372000,69.95,69.98,69.71,69.82,437
1782372300,69.81,69.85,69.65,69.7,265
1782372600,69.71,69.78,69.62,69.65,202
1782372900,69.64,69.8,69.59,69.65,243
1782373200,69.65,69.74,69.57,69.72,218
1782373500,69.71,69.88,69.7,69.88,220
1782373800,69.87,70.06,69.82,70.02,319
1782374100,70.02,70.05,69.91,69.96,328
1782374400,69.97,70.05,69.83,69.85,313
1782374700,69.84,69.9,69.72,69.86,364
1782375000,69.86,69.97,69.66,69.93,266
1782375300,69.93,69.96,69.63,69.65,338
1782375600,69.67,69.74,69.55,69.7,352
1782375900,69.69,69.77,69.43,69.5,639
1782376200,69.48,69.69,69.34,69.39,601
1782376500,69.39,69.39,69.06,69.1,675
1782376800,69.09,69.32,69.04,69.24,440
1782377100,69.27,69.45,69.24,69.32,284
1782377400,69.31,69.34,69.18,69.2,177
1782377700,69.21,69.33,69.15,69.21,232
1782378000,69.21,69.37,69.17,69.36,203
1782378300,69.32,69.4,69.21,69.28,217
1782378600,69.26,69.32,68.87,69.05,938
1782378900,69.07,69.62,68.93,69.57,778
1782379200,69.55,69.66,69.35,69.36,442
1782379500,69.36,69.5,69.28,69.4,314
1782379800,69.39,69.55,69.34,69.55,231
1782380100,69.52,69.6,69.46,69.52,212
1782380400,69.52,69.6,69.45,69.47,154
1782380700,69.47,69.54,69.42,69.45,105
1782381000,69.45,69.5,69.44,69.47,75
1782381300,69.49,69.6,69.41,69.58,174
1782381600,69.57,69.66,69.52,69.57,300
1782381900,69.57,69.64,69.46,69.5,172
1782382200,69.53,69.59,69.49,69.59,70
1782382500,69.59,69.62,69.55,69.59,83
1782382800,69.6,69.61,69.44,69.52,151
1782383100,69.51,69.59,69.48,69.5,119
1782383400,69.5,69.57,69.5,69.54,67
1782383700,69.49,69.56,69.49,69.53,131
1782384000,69.51,69.61,69.5,69.6,114
1782384300,69.61,69.7,69.55,69.62,200
1782384600,69.6,69.67,69.53,69.61,135
1782384900,69.6,69.6,69.37,69.42,208
1782385200,69.41,69.51,69.32,69.32,252
1782385500,69.32,69.41,69.28,69.37,336
1782385800,69.37,69.45,69.35,69.44,88
1782386100,69.45,69.57,69.45,69.51,236
1782386400,69.51,69.58,69.46,69.54,142
1782386700,69.55,69.73,69.5,69.73,341
1782387000,69.7,69.86,69.69,69.86,327
1782387300,69.84,69.85,69.67,69.68,243
1782387600,69.67,69.8,69.66,69.77,229
1782387900,69.78,69.91,69.78,69.91,216
1782388200,69.92,69.95,69.69,69.76,313
1782388500,69.77,69.83,69.75,69.81,127
1782388800,69.81,69.83,69.69,69.73,212
1782389100,69.72,69.8,69.7,69.75,192
1782389400,69.76,69.82,69.62,69.66,348
1782389700,69.69,69.84,69.6,69.81,275
1782390000,69.82,69.87,69.78,69.82,192
1782390300,69.83,69.95,69.79,69.92,285
1782390600,69.93,69.96,69.75,69.78,590
1782390900,69.78,69.85,69.5,69.56,773
1782391200,69.53,69.6,69.36,69.48,463
1782391500,69.49,69.56,69.32,69.56,458
1782391800,69.56,69.69,69.52,69.61,379
1782392100,69.6,69.72,69.53,69.54,381
1782392400,69.54,69.68,69.46,69.67,558
1782392700,69.66,69.86,69.64,69.79,633
1782393000,69.78,70.07,69.77,70.06,1164
1782393300,70.04,70.2,70.03,70.18,991
1782393600,70.18,70.19,69.97,70,667
1782393900,70.02,70.15,69.87,69.87,499
1782394200,69.88,69.94,69.76,69.78,799
1782394500,69.79,69.97,69.78,69.91,578
1782394800,69.91,70.03,69.88,70.02,538
1782395100,70.03,70.15,69.92,70.1,639
1782395400,70.09,70.32,70.07,70.22,1018
1782395700,70.23,70.47,70.17,70.46,1117
1782396000,70.44,70.64,70.36,70.45,1501
1782396300,70.43,70.57,70.35,70.43,841
1782396600,70.44,70.67,70.43,70.59,701
1782396900,70.58,70.71,70.4,70.7,583
1782397200,70.69,70.88,70.67,70.86,602
1782397500,70.85,71,70.84,70.95,838
1782397800,70.96,70.96,70.75,70.83,675
1782398100,70.83,70.9,70.59,70.7,927
1782398400,70.67,70.89,70.61,70.86,928
1782398700,70.85,70.85,70.62,70.71,512
1782399000,70.72,70.72,70.54,70.64,498
1782399300,70.64,70.83,70.59,70.83,397
1782399600,70.83,71.08,70.76,71.06,860
1782399900,71.06,71.63,70.99,71.36,2315
1782400200,71.37,71.7,71.3,71.58,1193
1782400500,71.6,71.77,71.59,71.61,915
1782400800,71.63,71.65,71.5,71.61,804
1782401100,71.61,71.7,71.34,71.38,1070
1782401400,71.35,71.42,71.26,71.29,859
1782401700,71.32,71.42,71.2,71.31,565
1782402000,71.32,71.47,71.32,71.37,377
1782402300,71.35,71.44,71.24,71.36,317
1782402600,71.37,71.46,71.35,71.42,178
1782402900,71.42,71.52,71.39,71.44,391
1782403200,71.45,71.6,71.45,71.52,480
1782403500,71.56,71.6,71.46,71.59,278
1782403800,71.58,71.7,71.55,71.63,330
1782404100,71.62,71.66,71.5,71.61,425
1782404400,71.62,71.69,71.61,71.65,164
1782404700,71.62,71.67,71.57,71.61,329
1782405000,71.6,71.67,71.48,71.59,320
1782405300,71.59,71.61,71.44,71.47,289
1782405600,71.47,71.51,71.43,71.47,224
1782405900,71.46,71.56,71.44,71.45,266
1782406200,71.44,71.55,71.41,71.43,203
1782406500,71.45,71.59,71.43,71.54,170
1782406800,71.57,71.64,71.52,71.58,165
1782407100,71.6,71.61,71.44,71.45,169
1782407400,71.45,71.56,71.3,71.55,492
1782407700,71.54,71.74,71.52,71.71,387
1782408000,71.72,71.83,71.64,71.68,535
1782408300,71.67,71.68,71.45,71.52,392
1782408600,71.5,71.64,71.49,71.52,145
1782408900,71.53,71.59,71.43,71.57,239
1782409200,71.57,71.63,71.54,71.58,98
1782409500,71.57,71.59,71.52,71.53,133
1782409800,71.55,71.64,71.49,71.6,252
1782410100,71.62,71.79,71.6,71.79,447
1782410400,71.79,72.08,71.78,71.95,1168
1782410700,71.94,71.95,71.78,71.87,385
1782411000,71.88,71.93,71.77,71.91,209
1782411300,71.93,71.93,71.74,71.78,271
1782411600,71.77,71.88,71.71,71.85,331
1782411900,71.84,72,71.79,71.96,642
1782412200,71.98,72.23,71.95,72.15,799
1782412500,72.16,72.17,71.94,72.09,595
1782412800,72.01,72.09,71.98,72.05,191
1782413100,72.05,72.15,72.02,72.14,190
1782413400,72.16,72.17,72.08,72.14,200
1782413700,72.13,72.15,72.02,72.14,242
1782414000,72.15,72.26,72.12,72.25,253
1782414300,72.25,72.28,72.19,72.23,235
1782414600,72.23,72.36,72.22,72.33,313
1782414900,72.34,72.5,72.33,72.48,526
1782415200,72.47,72.48,72.26,72.28,396
1782415500,72.27,72.36,72.26,72.31,160
1782415800,72.3,72.32,72.12,72.12,437
1782416100,72.14,72.17,72.07,72.08,262
1782416400,72.07,72.15,72.06,72.11,319
1782416700,72.11,72.12,71.92,71.96,557
1782417000,71.98,72.02,71.88,71.94,473
1782417300,71.94,72.07,71.92,72.05,241
1782417600,72.03,72.2,71.97,72,326
1782417900,71.99,72.11,71.95,72.1,102
1782418200,72.1,72.12,72.03,72.05,79
1782418500,72.02,72.03,71.94,71.95,128
1782418800,71.94,72,71.88,71.91,170
1782419100,71.9,71.95,71.77,71.77,190
1782419400,71.78,71.81,71.71,71.74,203
1782419700,71.74,71.74,71.6,71.71,334
1782420000,71.7,71.72,71.6,71.62,136
1782420300,71.6,71.62,71.41,71.46,403
1782420600,71.45,71.47,71.39,71.41,155
1782420900,71.42,71.49,71.38,71.48,262
1782424800,71.48,71.65,71.33,71.46,320
1782425100,71.43,71.5,71.41,71.45,66
1782425400,71.47,71.57,71.42,71.47,208
1782425700,71.44,71.46,71.41,71.45,48
1782426000,71.44,71.49,71.44,71.46,44
1782426300,71.46,71.46,71.26,71.35,277
1782426600,71.36,71.47,71.31,71.47,128
1782426900,71.44,71.45,71.42,71.43,38
1782427200,71.44,71.53,71.44,71.48,87
1782427500,71.47,71.47,71.44,71.46,34
1782427800,71.46,71.48,71.43,71.48,47
1782428100,71.47,71.53,71.45,71.5,75
1782428400,71.5,71.52,71.43,71.47,112
1782428700,71.47,71.49,71.42,71.44,45
1782429000,71.45,71.48,71.44,71.46,36
1782429300,71.47,71.52,71.46,71.5,62
1782429600,71.5,71.56,71.47,71.49,93
1782429900,71.48,71.53,71.48,71.51,58
1782430200,71.52,71.53,71.49,71.51,36
1782430500,71.49,71.5,71.46,71.47,50
1782430800,71.47,71.53,71.47,71.5,63
1782431100,71.54,71.57,71.52,71.52,79
1782431400,71.53,71.54,71.5,71.53,35
1782431700,71.52,71.58,71.52,71.55,44
1782432000,71.53,71.58,71.42,71.46,253
1782432300,71.46,71.61,71.45,71.59,103
1782432600,71.57,71.66,71.55,71.61,170
1782432900,71.6,71.76,71.58,71.62,199
1782433200,71.63,71.7,71.61,71.69,115
1782433500,71.68,71.85,71.68,71.73,319
1782433800,71.7,71.75,71.68,71.7,116
1782434100,71.7,71.7,71.61,71.63,160
1782434400,71.63,71.64,71.55,71.6,146
1782434700,71.59,71.62,71.58,71.62,72
1782435000,71.61,71.81,71.61,71.78,167
1782435300,71.79,71.82,71.75,71.8,101
1782435600,71.8,71.84,71.59,71.64,487
1782435900,71.65,71.68,71.5,71.65,278
1782436200,71.65,71.65,71.5,71.5,166
1782436500,71.52,71.56,71.45,71.53,179
1782436800,71.51,71.64,71.45,71.63,127
1782437100,71.62,71.69,71.56,71.56,124
1782437400,71.56,71.58,71.43,71.44,229
1782437700,71.46,71.49,71.43,71.45,83
1782438000,71.47,71.48,71.42,71.44,78
1782438300,71.43,71.44,71.29,71.33,284
1782438600,71.34,71.37,71.2,71.28,359
1782438900,71.28,71.33,71.22,71.24,187
1782439200,71.26,71.3,71.21,71.21,168
1782439500,71.2,71.24,71.16,71.19,224
1782439800,71.17,71.25,71.13,71.24,222
1782440100,71.25,71.27,71.16,71.22,138
1782440400,71.23,71.28,71.19,71.21,87
1782440700,71.22,71.25,71.13,71.17,155
1782441000,71.18,71.18,71.06,71.06,226
1782441300,71.06,71.12,71.03,71.04,332
1782441600,71.06,71.14,71.05,71.14,127
1782441900,71.13,71.13,70.98,71.01,355
1782442200,70.98,71,70.9,70.94,329
1782442500,70.94,70.96,70.8,70.83,368
1782442800,70.82,70.84,70.73,70.76,494
1782443100,70.75,70.79,70.65,70.68,493
1782443400,70.68,70.71,70.61,70.69,259
1782443700,70.69,70.69,70.6,70.62,182
1782444000,70.62,70.66,70.54,70.54,242
1782444300,70.55,70.72,70.52,70.68,410
1782444600,70.7,70.75,70.67,70.71,211
1782444900,70.72,70.72,70.58,70.6,173
1782445200,70.59,70.63,70.56,70.56,66
1782445500,70.57,70.59,70.51,70.54,106
1782445800,70.54,70.55,70.48,70.5,158
1782446100,70.51,70.6,70.5,70.57,137
1782446400,70.59,70.64,70.57,70.6,116
1782446700,70.6,70.61,70.41,70.53,285
1782447000,70.53,70.54,70.51,70.52,61
1782447300,70.53,70.53,70.43,70.49,124
1782447600,70.5,70.53,70.47,70.53,95
1782447900,70.52,70.52,70.46,70.47,73
1782448200,70.49,70.54,70.47,70.5,76
1782448500,70.48,70.5,70.41,70.43,114
1782448800,70.44,70.49,70.43,70.44,84
1782449100,70.45,70.45,70.41,70.44,80
1782449400,70.46,70.5,70.44,70.47,204
1782449700,70.46,70.48,70.38,70.41,122
1782450000,70.4,70.45,70.4,70.43,78
1782450300,70.42,70.42,70.34,70.35,184
1782450600,70.38,70.42,70.35,70.4,88
1782450900,70.4,70.45,70.38,70.43,89
1782451200,70.4,70.46,70.39,70.43,101
1782451500,70.43,70.53,70.41,70.5,188
1782451800,70.49,70.7,70.39,70.7,425
1782452100,70.68,70.78,70.64,70.76,310
1782452400,70.74,70.75,70.64,70.7,178
1782452700,70.71,70.87,70.67,70.82,291
1782453000,70.86,70.93,70.8,70.81,315
1782453300,70.84,70.9,70.81,70.89,146
1782453600,70.88,70.91,70.67,70.74,321
1782453900,70.75,70.79,70.67,70.69,166
1782454200,70.68,70.69,70.62,70.64,188
1782454500,70.65,70.78,70.63,70.69,167
1782454800,70.69,70.72,70.65,70.7,117
1782455100,70.69,70.75,70.67,70.68,175
1782455400,70.67,70.67,70.54,70.59,326
1782455700,70.59,70.64,70.51,70.54,158
1782456000,70.57,70.58,70.48,70.57,362
1782456300,70.58,70.64,70.4,70.43,368
1782456600,70.46,70.48,70.33,70.48,282
1782456900,70.48,70.59,70.46,70.48,218
1782457200,70.47,70.54,70.33,70.44,200
1782457500,70.42,70.47,70.36,70.46,174
1782457800,70.45,70.49,70.28,70.31,365
1782458100,70.31,70.37,70.23,70.25,232
1782458400,70.25,70.31,70.2,70.27,235
1782458700,70.27,70.38,70.21,70.22,235
1782459000,70.21,70.35,70.15,70.31,387
1782459300,70.31,70.43,70.16,70.19,365
1782459600,70.19,70.25,70.09,70.15,248
1782459900,70.13,70.13,70.04,70.06,158
1782460200,70.06,70.12,69.96,69.99,640
1782460500,69.99,70.05,69.83,69.88,467
1782460800,69.88,69.91,69.73,69.83,521
1782461100,69.83,69.95,69.74,69.83,314
1782461400,69.83,70.19,69.82,70.13,670
1782461700,70.13,70.17,69.96,69.97,494
1782462000,69.99,69.99,69.63,69.65,756
1782462300,69.66,69.67,69.02,69.12,1906
1782462600,69.13,69.4,68.98,69.38,1096
1782462900,69.37,69.48,69.32,69.36,432
1782463200,69.35,69.47,69.33,69.43,250
1782463500,69.43,69.48,69.36,69.47,127
1782463800,69.47,69.5,69.38,69.42,127
1782464100,69.42,69.49,69.26,69.29,442
1782464400,69.28,69.5,69.23,69.46,263
1782464700,69.45,69.54,69.38,69.48,134
1782465000,69.45,69.5,69.45,69.46,113
1782465300,69.45,69.51,69.32,69.38,381
1782465600,69.39,69.45,69.29,69.29,143
1782465900,69.29,69.39,69.21,69.33,194
1782466200,69.35,69.48,69.3,69.44,207
1782466500,69.43,69.43,69.31,69.34,105
1782466800,69.35,69.4,69.27,69.32,144
1782467100,69.32,69.36,69.22,69.23,240
1782467400,69.23,69.27,69.16,69.2,250
1782467700,69.2,69.24,69.02,69.05,317
1782468000,69.08,69.24,68.96,69.15,831
1782468300,69.14,69.18,69.03,69.16,221
1782468600,69.15,69.27,69.11,69.25,197
1782468900,69.24,69.34,69.17,69.34,235
1782469200,69.34,69.4,69.3,69.4,227
1782469500,69.4,69.42,69.27,69.3,182
1782469800,69.28,69.31,69.1,69.29,376
1782470100,69.28,69.48,69.28,69.48,317
1782470400,69.47,69.48,69.4,69.42,190
1782470700,69.4,69.59,69.36,69.53,415
1782471000,69.52,69.59,69.4,69.43,442
1782471300,69.42,69.6,69.41,69.52,218
1782471600,69.52,69.66,69.51,69.63,425
1782471900,69.63,69.75,69.54,69.71,391
1782472200,69.7,69.74,69.6,69.72,318
1782472500,69.7,69.77,69.66,69.71,282
1782472800,69.75,69.8,69.67,69.74,202
1782473100,69.74,69.76,69.6,69.72,243
1782473400,69.73,69.83,69.69,69.81,264
1782473700,69.82,69.98,69.82,69.97,539
1782474000,69.97,70.09,69.93,70.09,441
1782474300,70.09,70.23,70.06,70.19,486
1782474600,70.2,70.34,70.19,70.29,608
1782474900,70.29,70.3,70.06,70.07,571
1782475200,70.07,70.12,69.97,69.99,535
1782475500,69.99,70.05,69.74,69.77,733
1782475800,69.78,69.83,69.66,69.8,501
1782476100,69.79,69.83,69.63,69.83,506
1782476400,69.83,69.94,69.76,69.78,417
1782476700,69.74,69.76,69.66,69.71,221
1782477000,69.7,69.76,69.59,69.6,391
1782477300,69.61,69.67,69.5,69.55,503
1782477600,69.55,69.62,69.46,69.52,427
1782477900,69.51,69.55,69.44,69.47,416
1782478200,69.47,69.53,69.39,69.5,493
1782478500,69.5,69.51,69.34,69.35,563
1782478800,69.38,69.81,69.34,69.73,993
1782479100,69.73,69.81,69.6,69.64,340
1782479400,69.63,69.67,69.47,69.56,452
1782479700,69.56,70.56,69.56,70.1,3009
1782480000,70.09,70.14,69.72,69.93,2466
1782480300,69.93,69.97,69.7,69.76,624
1782480600,69.75,69.95,69.53,69.6,1125
1782480900,69.59,69.82,69.59,69.69,911
1782481200,69.69,69.75,69.54,69.74,406
1782481500,69.73,69.83,69.65,69.69,409
1782481800,69.7,69.7,69.31,69.36,1339
1782482100,69.33,69.45,69.19,69.39,864
1782482400,69.43,69.54,69.13,69.22,924
1782482700,69.21,69.29,69.15,69.18,484
1782483000,69.19,69.35,69.15,69.31,511
1782483300,69.29,69.33,69.1,69.21,678
1782483600,69.21,69.32,69.18,69.2,428
1782483900,69.19,69.25,68.92,69.18,1228
1782484200,69.19,69.28,69.14,69.19,591
1782484500,69.19,69.24,69.1,69.12,488
1782484800,69.1,69.11,68.85,68.94,1253
1782485100,68.96,69.05,68.81,69.05,1061
1782485400,69.01,69.17,69,69.15,763
1782485700,69.15,69.24,69.05,69.23,778
1782486000,69.23,69.27,68.96,69.02,678
1782486300,69.04,69.05,68.57,68.66,1538
1782486600,68.66,68.82,68.63,68.81,783
1782486900,68.8,68.8,68.64,68.74,463
1782487200,68.72,68.77,68.55,68.6,740
1782487500,68.6,68.89,68.58,68.76,1146
1782487800,68.75,68.83,68.66,68.79,435
1782488100,68.78,68.93,68.76,68.86,379
1782488400,68.87,69.07,68.87,69.06,536
1782488700,69.06,69.08,68.76,68.91,512
1782489000,68.89,69.55,68.81,69.38,1983
1782489300,69.37,69.4,69.01,69.1,871
1782489600,69.1,69.16,68.96,69.01,555
1782489900,69.01,69.2,69.01,69.16,607
1782490200,69.17,69.19,68.93,69,461
1782490500,69,69.12,68.97,69.11,389
1782490800,69.08,69.23,69.07,69.17,369
1782491100,69.16,69.22,68.94,69.02,364
1782491400,69.01,69.02,68.84,68.94,626
1782491700,68.93,69.01,68.88,69,214
1782492000,69,69.29,69,69.29,386
1782492300,69.28,69.32,69.15,69.16,446
1782492600,69.18,69.36,69.05,69.28,545
1782492900,69.28,69.34,69.22,69.3,171
1782493200,69.32,69.33,69.13,69.15,271
1782493500,69.15,69.22,69.09,69.09,393
1782493800,69.09,69.14,69.03,69.1,273
1782494100,69.11,69.11,69.05,69.07,128
1782494400,69.06,69.15,69.06,69.14,205
1782494700,69.15,69.33,69.15,69.33,444
1782495000,69.32,69.49,69.32,69.39,474
1782495300,69.4,69.46,69.35,69.41,203
1782495600,69.41,69.53,69.34,69.35,382
1782495900,69.34,69.37,69.25,69.32,319
1782496200,69.35,69.42,69.32,69.39,245
1782496500,69.39,69.42,69.22,69.28,196
1782496800,69.25,69.32,69.24,69.28,167
1782497100,69.28,69.33,69.22,69.33,159
1782497400,69.32,69.39,69.28,69.36,112
1782497700,69.35,69.38,69.16,69.33,337
1782498000,69.3,69.31,69.18,69.21,224
1782498300,69.18,69.29,69.11,69.25,360
1782498600,69.24,69.24,69.09,69.16,283
1782498900,69.15,69.2,69.12,69.2,119
1782499200,69.18,69.18,69.07,69.12,120
1782499500,69.11,69.19,69.08,69.17,155
1782499800,69.18,69.2,69.12,69.14,140
1782500100,69.14,69.14,69.07,69.12,121
1782500400,69.13,69.14,69.05,69.1,103
1782500700,69.1,69.12,69.02,69.07,166
1782501000,69.09,69.11,69.07,69.1,91
1782501300,69.09,69.19,69.02,69.17,382
1782501600,69.19,69.23,69.16,69.16,182
1782501900,69.18,69.24,69.14,69.2,127
1782502200,69.21,69.29,69.21,69.22,115
1782502500,69.23,69.34,69.23,69.32,123
1782502800,69.33,69.43,69.32,69.42,272
1782503100,69.42,69.46,69.4,69.45,151
1782503400,69.44,69.51,69.4,69.47,314
1782503700,69.47,69.61,69.45,69.51,431
1782504000,69.5,69.52,69.35,69.38,331
1782504300,69.38,69.5,69.36,69.42,307
1782504600,69.41,69.48,69.39,69.41,117
1782504900,69.39,69.47,69.39,69.44,183
1782505200,69.42,69.54,69.42,69.51,147
1782505500,69.51,69.56,69.51,69.54,81
1782505800,69.56,70.24,69.55,70.05,1422
1782506100,70.04,70.27,69.82,69.82,740
1782506400,69.82,69.97,69.67,69.85,607
1782506700,69.84,70.06,69.82,70.02,318
1782507000,70.01,70.3,69.87,70.29,515
1782507300,70.3,70.41,70.2,70.26,690
1782684000,70.62,71.09,69.86,69.96,2949
1782684300,69.96,70.06,69.75,70.01,1027
1782684600,69.98,70.18,69.88,70.12,523
1782684900,70.15,70.38,70.1,70.37,487
1782685200,70.34,70.38,70.11,70.25,434
1782685500,70.28,70.38,70.24,70.38,232
1782685800,70.36,70.4,70.17,70.17,247
1782686100,70.2,70.22,70.13,70.17,159
1782686400,70.17,70.22,70.1,70.15,217
1782686700,70.13,70.18,70.02,70.04,230
1782687000,70.04,70.13,70.03,70.08,147
1782687300,70.11,70.13,70.02,70.04,132
1782687600,70.04,70.09,69.96,70.02,259
1782687900,70.01,70.07,69.99,70.04,158
1782688200,70.06,70.08,69.87,69.99,426
1782688500,70,70.01,69.87,69.9,212
1782688800,69.91,69.93,69.86,69.9,203
1782689100,69.9,69.95,69.83,69.87,155
1782689400,69.87,69.94,69.82,69.89,171
1782689700,69.89,69.91,69.81,69.83,117
1782690000,69.84,69.84,69.78,69.8,240
1782690300,69.79,69.81,69.66,69.69,616
1782690600,69.68,69.78,69.65,69.74,370
1782690900,69.74,69.81,69.69,69.75,268
1782691200,69.76,69.77,69.53,69.68,656
1782691500,69.67,69.68,69.45,69.52,474
1782691800,69.52,69.54,69.32,69.44,648
1782692100,69.48,69.57,69.43,69.56,233
1782692400,69.57,69.67,69.52,69.64,332
1782692700,69.64,69.81,69.64,69.79,373
1782693000,69.8,69.85,69.74,69.79,429
1782693300,69.81,69.92,69.81,69.88,286
1782693600,69.89,69.98,69.82,69.93,296
1782693900,69.92,70.07,69.91,70.03,353
1782694200,70.01,70.04,69.91,69.97,218
1782694500,69.96,69.98,69.84,69.84,264
1782694800,69.86,70.15,69.75,70.12,830
1782695100,70.13,70.2,69.92,70.15,428
1782695400,70.17,70.24,70.13,70.19,316
1782695700,70.21,70.28,70.09,70.11,268
1782696000,70.11,70.17,70.07,70.17,209
1782696300,70.16,70.25,70.11,70.12,223
1782696600,70.13,70.17,70,70.09,269
1782696900,70.11,70.2,70.07,70.08,212
1782697200,70.09,70.17,70.01,70.03,148
1782697500,70.03,70.1,69.91,70.07,253
1782697800,70.07,70.1,69.95,70.05,123
1782698100,70.07,70.1,69.97,70,128
1782698400,70.03,70.05,69.92,70.04,234
1782698700,70.02,70.11,69.94,69.99,362
1782699000,69.97,70.07,69.96,69.98,114
1782699300,69.99,70.08,69.98,70.08,106
1782699600,70.07,70.08,70.01,70.03,83
1782699900,70.03,70.05,69.97,70.04,87
1782700200,70.03,70.09,69.86,69.92,334
1782700500,69.92,69.93,69.78,69.88,339
1782700800,69.88,69.95,69.82,69.88,162
1782701100,69.86,69.96,69.82,69.84,148
1782701400,69.86,69.91,69.82,69.91,81
1782701700,69.91,69.97,69.86,69.96,101
1782702000,69.95,70.09,69.94,70.02,317
1782702300,70.03,70.03,69.89,69.94,135
1782702600,69.94,70.09,69.94,70.08,161
1782702900,70.07,70.07,69.99,70.01,95
1782703200,69.99,70.02,69.9,69.93,127
1782703500,69.94,70.03,69.92,70,85
1782703800,69.99,70.05,69.93,70.05,86
1782704100,70.02,70.02,69.97,69.97,71
1782704400,69.96,69.99,69.9,69.94,80
1782704700,69.93,69.99,69.92,69.98,76
1782705000,69.97,70.09,69.96,70.09,129
1782705300,70.08,70.08,70.03,70.05,57
1782705600,70.04,70.15,70.02,70.11,196
1782705900,70.1,70.11,70.03,70.05,108
1782706200,70.05,70.07,70.05,70.07,21
1782706500,70.07,70.1,70.07,70.07,88
1782706800,70.07,70.08,70.04,70.06,63
1782707100,70.04,70.08,70.01,70.04,102
1782707400,70.04,70.04,69.95,69.98,109
1782707700,69.99,70.03,69.97,70.03,60
1782708000,70.02,70.05,69.97,70,70
1782708300,69.97,70.02,69.97,70.02,33
1782708600,70.03,70.04,69.98,70.02,36
1782708900,70.02,70.03,69.95,69.95,58
1782709200,69.94,69.96,69.85,69.95,216
1782709500,69.93,69.95,69.8,69.82,192
1782709800,69.83,69.83,69.67,69.7,357
1782710100,69.7,69.88,69.7,69.86,163
1782710400,69.86,69.86,69.8,69.83,167
1782710700,69.83,69.88,69.75,69.75,151
1782711000,69.77,69.78,69.47,69.49,816
1782711300,69.48,69.65,69.47,69.52,248
1782711600,69.5,69.6,69.49,69.51,132
1782711900,69.5,69.64,69.48,69.62,254
1782712200,69.62,69.64,69.54,69.58,129
1782712500,69.58,69.59,69.42,69.51,229
1782712800,69.49,69.69,69.47,69.66,282
1782713100,69.67,69.73,69.62,69.7,181
1782713400,69.7,69.84,69.7,69.72,270
1782713700,69.73,69.79,69.64,69.76,173
1782714000,69.76,70.03,69.76,70.01,422
1782714300,70.02,70.1,69.99,70.07,361
1782714600,70.08,70.23,70.07,70.18,468
1782714900,70.17,70.3,70.17,70.19,288
1782715200,70.17,70.23,70.15,70.2,188
1782715500,70.24,70.24,70.12,70.16,192
1782715800,70.15,70.16,69.95,69.96,310
1782716100,69.96,69.96,69.86,69.96,343
1782716400,69.96,69.99,69.83,69.96,331
1782716700,69.96,70,69.88,69.95,117
1782717000,69.95,69.97,69.85,69.87,97
1782717300,69.87,69.9,69.77,69.87,199
1782717600,69.87,69.94,69.81,69.89,153
1782717900,69.92,70.01,69.86,69.96,224
1782718200,69.94,70.02,69.81,69.81,136
1782718500,69.84,69.87,69.61,69.65,329
1782718800,69.67,69.7,69.62,69.68,142
1782719100,69.69,69.77,69.66,69.73,185
1782719400,69.73,69.73,69.49,69.62,295
1782719700,69.6,69.61,69.49,69.55,235
1782720000,69.53,69.76,69.5,69.76,286
1782720300,69.76,69.83,69.68,69.79,274
1782720600,69.74,69.92,69.73,69.84,241
1782720900,69.86,70.05,69.78,70.02,359
1782721200,70,70.12,69.95,70.08,325
1782721500,70.09,70.22,69.98,70.16,534
1782721800,70.15,70.23,70.11,70.15,327
1782722100,70.16,70.19,69.93,70.07,406
1782722400,70.06,70.14,70.02,70.07,179
1782722700,70.07,70.18,69.98,70,185
1782723000,70,70.17,69.92,70.16,218
1782723300,70.16,70.28,70.1,70.16,379
1782723600,70.14,70.2,70.05,70.12,161
1782723900,70.1,70.18,70.01,70.01,128
1782724200,70.01,70.05,69.97,70.02,126
1782724500,70.02,70.08,69.92,70.06,172
1782724800,70.09,70.25,70.09,70.21,276
1782725100,70.21,70.35,70.17,70.33,511
1782725400,70.32,70.47,70.3,70.44,595
1782725700,70.44,70.53,70.39,70.4,310
1782726000,70.43,70.45,70.36,70.37,206
1782726300,70.36,70.49,70.34,70.49,222
1782726600,70.5,70.71,70.48,70.66,830
1782726900,70.69,70.72,70.53,70.61,281
1782727200,70.6,70.61,70.39,70.42,284
1782727500,70.42,70.43,70.08,70.15,530
1782727800,70.14,70.17,69.99,70.06,504
1782728100,70.06,70.11,69.87,69.92,306
1782728400,69.93,69.96,69.86,69.92,257
1782728700,69.9,70.03,69.9,69.99,257
1782729000,70.01,70.12,69.95,69.98,371
1782729300,69.98,70.04,69.94,69.98,143
1782729600,69.99,70,69.86,69.9,270
1782729900,69.91,70,69.87,69.97,189
1782730200,69.96,69.96,69.79,69.86,280
1782730500,69.86,69.88,69.81,69.83,80
1782730800,69.86,69.86,69.75,69.84,301
1782731100,69.84,69.85,69.68,69.76,353
1782731400,69.77,69.8,69.72,69.79,113
1782731700,69.8,70,69.8,70,482
1782732000,69.99,70.05,69.93,69.99,263
1782732300,69.99,70.02,69.93,70.01,127
1782732600,70.02,70.07,69.6,70,799
1782732900,69.99,70.06,69.93,69.96,225
1782733200,69.97,69.98,69.63,69.85,544
1782733500,69.83,69.89,69.82,69.84,149
1782733800,69.84,69.84,69.7,69.75,213
1782734100,69.75,69.97,69.75,69.97,240
1782734400,69.98,70.08,69.93,70,276
1782734700,70,70.01,69.8,69.83,377
1782735000,69.84,69.89,69.7,69.86,263
1782735300,69.88,70.05,69.88,70.01,403
1782735600,70,70.07,69.97,69.99,187
1782735900,69.98,70.15,69.98,70.14,333
1782736200,70.13,70.15,70.07,70.07,210
1782736500,70.09,70.1,69.94,70.05,433
1782736800,70.03,70.18,69.96,69.98,403
1782737100,69.98,70.04,69.93,69.99,180
1782737400,70.01,70.07,69.83,70.02,314
1782737700,70.03,70.1,69.97,70.03,312
1782738000,70.05,70.16,69.88,70.02,762
1782738300,70.01,70.1,69.91,70.1,310
1782738600,70.08,70.16,69.96,70.07,358
1782738900,70.06,70.2,69.99,69.99,537
1782739200,69.98,70.27,69.95,70.25,598
1782739500,70.26,70.3,70.19,70.27,263
1782739800,70.26,70.3,70.09,70.21,540
1782740100,70.21,70.24,70.04,70.09,498
1782740400,70.1,70.1,69.96,70.06,528
1782740700,70.08,70.21,70.05,70.12,328
1782741000,70.12,70.29,70.09,70.25,370
1782741300,70.24,70.24,70.07,70.08,421
1782741600,70.09,70.23,70,70.15,430
1782741900,70.15,70.18,70.02,70.08,279
1782742200,70.06,70.26,69.96,70.22,634
1782742500,70.21,70.47,70.17,70.36,1350
1782742800,70.38,70.47,70.2,70.28,720
1782743100,70.27,70.46,70.21,70.43,503
1782743400,70.43,70.52,70.38,70.4,634
1782743700,70.39,70.45,70.3,70.33,458
1782744000,70.33,70.4,70.27,70.36,362
1782744300,70.38,70.46,70.31,70.42,238
1782744600,70.41,70.59,70.41,70.5,501
1782744900,70.49,70.53,70.4,70.47,387
1782745200,70.48,70.5,70.32,70.34,507
1782745500,70.35,70.42,70.26,70.42,388
1782745800,70.41,70.52,70.38,70.5,302
1782746100,70.5,70.54,70.43,70.5,337
1782746400,70.5,70.52,70.38,70.46,484
1782746700,70.45,70.53,70.38,70.48,437
1782747000,70.47,70.55,70.4,70.47,397
1782747300,70.47,70.59,70.41,70.55,316
1782747600,70.57,70.63,70.52,70.58,414
1782747900,70.59,70.65,70.53,70.61,309
1782748200,70.61,70.71,70.54,70.64,628
1782748500,70.63,70.63,70.57,70.6,196
1782748800,70.6,70.8,70.55,70.77,582
1782749100,70.78,70.82,70.74,70.79,398
1782749400,70.78,70.8,70.66,70.68,291
1782749700,70.69,70.71,70.63,70.69,219
1782750000,70.7,70.81,70.7,70.77,281
1782750300,70.77,70.84,70.74,70.82,176
1782750600,70.83,70.91,70.82,70.87,407
1782750900,70.88,70.92,70.8,70.87,273
1782751200,70.87,71,70.87,70.97,598
1782751500,70.99,71.04,70.91,70.94,562
1782751800,70.95,70.98,70.75,70.92,881
1782752100,70.92,70.93,70.77,70.79,428
1782752400,70.81,70.82,70.67,70.7,529
1782752700,70.7,70.86,70.7,70.83,344
1782753000,70.83,70.95,70.8,70.92,471
1782753300,70.93,71.09,70.88,70.96,791
1782753600,70.95,71.17,70.92,71,796
1782753900,71,71.01,70.84,70.89,399
1782754200,70.88,70.96,70.85,70.93,356
1782754500,70.94,71.04,70.85,70.94,450
1782754800,70.93,70.98,70.83,70.91,303
1782755100,70.92,70.92,70.85,70.86,155
1782755400,70.86,70.88,70.82,70.86,256
1782755700,70.87,70.92,70.86,70.9,184
1782756000,70.9,71.01,70.79,70.83,726
1782756300,70.84,70.92,70.83,70.91,188
1782756600,70.92,70.96,70.78,70.82,406
1782756900,70.82,70.91,70.56,70.6,770
1782757200,70.6,70.6,70.48,70.56,608
1782757500,70.56,70.85,70.51,70.82,626
1782757800,70.83,70.84,70.65,70.7,359
1782758100,70.7,70.7,70.59,70.63,144
1782758400,70.63,70.67,70.6,70.61,130
1782758700,70.6,70.62,70.54,70.61,100
1782759000,70.59,70.6,70.5,70.51,168
1782759300,70.52,70.55,70.43,70.46,201
1782759600,70.48,70.54,70.45,70.52,118
1782759900,70.52,70.54,70.5,70.52,88
1782760200,70.54,70.54,70.51,70.51,97
1782760500,70.52,70.53,70.47,70.48,141
1782760800,70.48,70.49,70.41,70.47,156
1782761100,70.45,70.46,70.4,70.41,96
1782761400,70.42,70.5,70.36,70.5,179
1782761700,70.49,70.5,70.42,70.45,99
1782762000,70.45,70.47,70.41,70.44,72
1782762300,70.42,70.44,70.37,70.4,177
1782762600,70.38,70.5,70.38,70.49,247
1782762900,70.5,70.56,70.46,70.54,242
1782763200,70.54,70.59,70.52,70.56,146
1782763500,70.56,70.57,70.54,70.56,45
1782763800,70.58,70.58,70.49,70.5,94
1782764100,70.5,70.55,70.5,70.5,57
1782764400,70.52,70.53,70.48,70.5,92
1782764700,70.5,70.5,70.46,70.48,63
1782765000,70.48,70.52,70.47,70.5,92
1782765300,70.5,70.61,70.5,70.6,189
1782765600,70.6,70.61,70.49,70.49,160
1782765900,70.47,70.51,70.46,70.5,87
1782766200,70.49,70.51,70.43,70.46,81
1782766500,70.46,70.48,70.41,70.45,172
1782770400,70.45,70.56,70.38,70.44,245
1782770700,70.42,70.44,70.31,70.33,159
1782771000,70.33,70.35,70.3,70.32,86
1782771300,70.32,70.4,70.2,70.4,246
1782771600,70.39,70.41,70.37,70.37,56
1782771900,70.37,70.38,70.36,70.37,38
1782772200,70.37,70.39,70.35,70.35,39
1782772500,70.36,70.36,70.33,70.34,35
1782772800,70.33,70.34,70.29,70.31,95
1782773100,70.32,70.33,70.27,70.28,76
1782773400,70.3,70.31,70.28,70.28,44
1782773700,70.28,70.3,70.25,70.28,70
1782774000,70.28,70.3,70.2,70.24,153
1782774300,70.24,70.26,70.22,70.23,64
1782774600,70.22,70.25,70.21,70.21,69
1782774900,70.21,70.25,70.2,70.24,106
1782775200,70.24,70.27,70.23,70.27,60
1782775500,70.28,70.32,70.27,70.3,166
1782775800,70.3,70.31,70.22,70.22,121
1782776100,70.21,70.28,70.19,70.23,182
1782776400,70.21,70.21,70.15,70.17,143
1782776700,70.18,70.22,70.18,70.19,51
1782777000,70.21,70.23,70.2,70.22,47
1782777300,70.19,70.19,70.15,70.15,121
1782777600,70.15,70.35,70.15,70.23,420
1782777900,70.24,70.33,70.22,70.31,122
1782778200,70.3,70.36,70.28,70.32,99
1782778500,70.3,70.31,70.27,70.29,52
1782778800,70.29,70.41,70.28,70.38,225
1782779100,70.37,70.41,70.34,70.35,136
1782779400,70.35,70.35,70.21,70.23,199
1782779700,70.23,70.26,70.21,70.23,91
1782780000,70.22,70.25,70.19,70.21,108
1782780300,70.21,70.28,70.2,70.28,94
1782780600,70.27,70.34,70.27,70.31,113
1782780900,70.31,70.33,70.23,70.28,155
1782781200,70.28,70.35,70.09,70.16,718
1782781500,70.18,70.32,70.16,70.29,277
1782781800,70.29,70.42,70.21,70.22,373
1782782100,70.23,70.27,70.17,70.27,223
1782782400,70.27,70.3,70.19,70.24,90
1782782700,70.21,70.27,70.19,70.21,66
1782783000,70.2,70.32,70.15,70.28,219
1782783300,70.27,70.35,70.26,70.29,85
1782783600,70.31,70.38,70.3,70.33,141
1782783900,70.33,70.38,70.3,70.34,128
1782784200,70.35,70.39,70.31,70.33,95
1782784500,70.31,70.36,70.28,70.33,97
1782784800,70.35,70.43,70.29,70.41,331
1782785100,70.43,70.47,70.4,70.43,194
1782785400,70.45,70.48,70.41,70.43,178
1782785700,70.45,70.46,70.39,70.42,93
1782786000,70.43,70.43,70.39,70.4,68
1782786300,70.39,70.44,70.35,70.44,76
1782786600,70.45,70.47,70.38,70.4,131
1782786900,70.38,70.45,70.37,70.41,70
1782787200,70.43,70.47,70.36,70.39,119
1782787500,70.39,70.52,70.39,70.49,246
1782787800,70.5,70.77,70.48,70.75,474
1782788100,70.76,70.85,70.63,70.69,421
1782788400,70.69,70.74,70.65,70.67,156
1782788700,70.68,70.7,70.57,70.57,197
1782789000,70.58,70.71,70.57,70.68,208
1782789300,70.67,70.7,70.62,70.65,132
1782789600,70.66,70.66,70.56,70.6,97
1782789900,70.59,70.59,70.45,70.48,360
1782790200,70.48,70.61,70.46,70.5,249
1782790500,70.49,70.53,70.46,70.47,62
1782790800,70.48,70.49,70.35,70.36,241
1782791100,70.37,70.42,70.35,70.41,121
1782791400,70.4,70.41,70.34,70.34,58
1782791700,70.35,70.38,70.31,70.38,145
1782792000,70.37,70.44,70.37,70.42,106
1782792300,70.41,70.45,70.39,70.45,91
1782792600,70.43,70.45,70.41,70.43,92
1782792900,70.44,70.46,70.42,70.46,62
1782793200,70.44,70.48,70.35,70.39,139
1782793500,70.4,70.4,70.28,70.28,159
1782793800,70.28,70.32,70.25,70.28,124
1782794100,70.29,70.29,70.23,70.26,101
1782794400,70.26,70.27,70.23,70.24,71
1782794700,70.25,70.28,70.24,70.25,90
1782795000,70.26,70.28,70.24,70.25,130
1782795300,70.24,70.27,70.2,70.24,151
1782795600,70.21,70.22,69.92,70.11,905
1782795900,70.11,70.12,69.99,70.02,207
1782796200,70.03,70.22,70.02,70.22,196
1782796500,70.2,70.22,70.16,70.21,121
1782796800,70.21,70.25,70.17,70.2,146
1782797100,70.22,70.24,70.18,70.22,89
1782797400,70.22,70.27,70.08,70.18,315
1782797700,70.17,70.33,70.16,70.26,234
1782798000,70.24,70.33,70.24,70.33,117
1782798300,70.33,70.37,70.21,70.25,157
1782798600,70.24,70.25,70.16,70.2,191
1782798900,70.19,70.22,70.08,70.12,225
1782799200,70.12,70.15,69.98,69.99,343
1782799500,70,70.11,69.98,70.11,196
1782799800,70.1,70.13,69.98,70.03,179
1782800100,70.05,70.05,69.91,69.94,337
1782800400,69.94,69.95,69.81,69.86,380
1782800700,69.87,69.95,69.82,69.83,209
1782801000,69.84,70,69.8,69.93,447
1782801300,69.95,70.01,69.75,69.88,330
1782801600,69.87,70,69.83,69.98,197
1782801900,69.98,70.04,69.96,70.04,152
1782802200,70.04,70.2,70.04,70.13,460
1782802500,70.12,70.14,70.06,70.13,183
1782802800,70.11,70.28,70.09,70.24,456
1782803100,70.24,70.25,70.14,70.17,182
1782803400,70.17,70.41,70.14,70.36,316
1782803700,70.37,70.37,70.25,70.29,152
1782804000,70.29,70.43,70.27,70.31,285
1782804300,70.31,70.36,70.23,70.34,182
1782804600,70.34,70.41,70.23,70.28,253
1782804900,70.27,70.27,70.15,70.23,259
1782805200,70.22,70.26,70.18,70.22,97
1782805500,70.21,70.38,70.21,70.35,214
1782805800,70.32,70.39,70.27,70.35,104
1782806100,70.31,70.35,70.19,70.26,182
1782806400,70.27,70.35,70.14,70.31,316
1782806700,70.32,70.35,70.19,70.26,194
1782807000,70.27,70.65,70.25,70.57,731
1782807300,70.57,70.77,70.47,70.52,595
1782807600,70.53,70.65,70.42,70.61,585
1782807900,70.6,70.62,70.46,70.5,357
1782808200,70.51,70.82,70.44,70.82,585
1782808500,70.8,70.87,70.65,70.67,590
1782808800,70.69,70.87,70.64,70.77,317
1782809100,70.77,70.86,70.71,70.8,225
1782809400,70.81,70.84,70.6,70.6,332
1782809700,70.59,70.61,70.38,70.54,546
1782810000,70.55,70.64,70.53,70.57,226
1782810300,70.6,70.64,70.52,70.61,94
1782810600,70.58,70.63,70.54,70.6,99
1782810900,70.6,70.71,70.6,70.69,201
1782811200,70.68,70.8,70.5,70.74,378
1782811500,70.75,70.75,70.47,70.7,644
1782811800,70.69,70.91,70.69,70.84,524
1782812100,70.86,70.92,70.74,70.76,308
1782812400,70.77,70.84,70.72,70.81,132
1782812700,70.8,70.89,70.78,70.85,184
1782813000,70.84,70.94,70.77,70.92,179
1782813300,70.92,71.05,70.88,71.02,588
1782813600,71.03,71.2,71,71.02,751
1782813900,71.02,71.06,70.94,71.04,387
1782814200,71.08,71.12,71.01,71.02,269
1782814500,71.02,71.07,70.92,70.96,232
1782814800,70.96,70.99,70.89,70.92,182
1782815100,70.91,70.91,70.67,70.69,429
1782815400,70.68,70.93,70.68,70.81,320
1782815700,70.81,70.83,70.74,70.76,177
1782816000,70.76,70.77,70.54,70.63,542
1782816300,70.63,70.72,70.61,70.69,246
1782816600,70.68,70.76,70.62,70.75,109
1782816900,70.76,70.81,70.69,70.71,182
1782817200,70.71,70.8,70.68,70.72,156
1782817500,70.73,70.73,70.69,70.72,106
1782817800,70.73,70.78,70.65,70.68,216
1782818100,70.69,70.7,70.59,70.6,225
1782818400,70.6,70.7,70.53,70.64,234
1782818700,70.65,70.77,70.53,70.75,665
1782819000,70.74,70.86,70.72,70.8,483
1782819300,70.81,70.85,70.75,70.82,134
1782819600,70.83,70.94,70.81,70.9,290
1782819900,70.91,71.02,70.89,70.97,331
1782820200,70.97,71.11,70.85,71.06,710
1782820500,71.05,71.2,70.99,71.15,402
1782820800,71.16,71.24,71.06,71.16,524
1782821100,71.17,71.21,71.11,71.14,217
1782821400,71.13,71.19,71.04,71.18,271
1782821700,71.17,71.55,71.15,71.34,1347
1782822000,71.33,71.33,71.19,71.29,699
1782822300,71.29,71.29,71.15,71.22,525
1782822600,71.23,71.23,71.12,71.12,397
1782822900,71.14,71.14,70.86,70.89,909
1782823200,70.89,71,70.83,70.97,577
1782823500,70.97,71.1,70.91,71.01,473
1782823800,71.02,71.04,70.92,70.95,248
1782824100,70.93,71.02,70.92,70.98,225
1782824400,70.96,71.3,70.86,71.29,735
1782824700,71.29,71.37,71.17,71.23,701
1782825000,71.23,71.5,71.23,71.49,984
1782825300,71.5,71.6,71.09,71.12,1090
1782825600,71.09,71.13,70.8,70.99,985
1782825900,71,71.26,70.9,71.23,660
1782826200,71.24,71.24,70.87,70.98,542
1782826500,70.99,71.01,70.88,70.92,332
1782826800,70.91,70.92,70.71,70.76,902
1782827100,70.76,70.85,70.71,70.72,459
1782827400,70.73,70.84,70.72,70.83,490
1782827700,70.81,70.97,70.81,70.89,524
1782828000,70.91,70.98,70.87,70.98,342
1782828300,70.97,70.97,70.83,70.92,338
1782828600,70.91,70.92,70.81,70.84,202
1782828900,70.83,70.85,70.6,70.64,954
1782829200,70.62,70.7,70.56,70.63,503
1782829500,70.63,70.82,70.61,70.81,544
1782829800,70.81,70.89,70.68,70.68,608
1782830100,70.69,70.81,70.59,70.6,464
1782830400,70.61,70.66,70.52,70.56,610
1782830700,70.55,70.61,70.45,70.53,650
1782831000,70.53,70.53,70.35,70.42,743
1782831300,70.43,70.48,70.33,70.44,423
1782831600,70.43,70.45,70.22,70.28,783
1782831900,70.29,70.31,70.21,70.25,640
1782832200,70.25,70.32,70.15,70.24,848
1782832500,70.25,70.38,70.24,70.26,474
1782832800,70.27,70.31,70.06,70.09,760
1782833100,70.08,70.13,70.01,70.07,653
1782833400,70.05,70.19,69.99,70.1,641
1782833700,70.08,70.13,69.95,70.03,336
1782834000,70.03,70.16,70.03,70.09,337
1782834300,70.08,70.12,69.91,69.95,658
1782834600,69.96,69.96,69.81,69.87,809
1782834900,69.85,69.86,69.72,69.78,713
1782835200,69.77,69.9,69.75,69.89,430
1782835500,69.89,69.97,69.87,69.95,583
1782835800,69.97,70.12,69.91,70.11,557
1782836100,70.1,70.2,69.97,70.05,673
1782836400,70.02,70.09,70.01,70.04,247
1782836700,70.04,70.06,69.96,69.99,278
1782837000,69.99,69.99,69.8,69.84,571
1782837300,69.84,69.95,69.84,69.88,220
1782837600,69.88,69.98,69.86,69.96,405
1782837900,69.93,69.96,69.85,69.89,270
1782838200,69.89,69.99,69.86,69.87,467
1782838500,69.89,69.9,69.75,69.8,435
1782838800,69.79,69.86,69.73,69.81,299
1782839100,69.8,69.85,69.78,69.83,184
1782839400,69.83,69.89,69.82,69.86,219
1782839700,69.85,69.9,69.77,69.77,171
1782840000,69.76,69.8,69.65,69.72,446
1782840300,69.73,69.75,69.56,69.66,556
1782840600,69.66,69.7,69.6,69.65,233
1782840900,69.64,69.71,69.61,69.64,211
1782841200,69.64,69.68,69.56,69.68,308
1782841500,69.69,69.77,69.68,69.77,234
1782841800,69.77,69.77,69.68,69.71,155
1782842100,69.71,69.75,69.66,69.68,162
1782842400,69.68,69.73,69.6,69.67,219
1782842700,69.69,69.7,69.59,69.61,134
1782843000,69.62,69.63,69.45,69.49,641
1782843300,69.49,69.52,69.43,69.46,285
1782843600,69.45,69.49,69.2,69.28,1264
1782843900,69.29,69.57,69.28,69.52,873
1782844200,69.51,69.67,69.5,69.67,594
1782844500,69.66,69.8,69.66,69.75,426
1782844800,69.75,69.85,69.72,69.8,202
1782845100,69.8,69.97,69.76,69.91,350
1782845400,69.94,70.03,69.9,69.93,351
1782845700,69.93,70.01,69.91,69.98,247
1782846000,69.98,69.99,69.9,69.95,206
1782846300,69.97,70.01,69.96,69.99,113
1782846600,69.98,70.02,69.92,69.95,177
1782846900,69.94,70.02,69.93,69.97,100
1782847200,69.97,70.08,69.96,70.02,309
1782847500,70.05,70.05,70.01,70.02,90
1782847800,70.03,70.13,70.02,70.09,199
1782848100,70.09,70.13,70.03,70.12,212
1782848400,70.13,70.15,70.04,70.07,196
1782848700,70.08,70.1,70.06,70.08,68
1782849000,70.08,70.14,70.06,70.1,171
1782849300,70.09,70.13,70.07,70.09,276
1782849600,70.08,70.13,70.08,70.08,95
1782849900,70.1,70.13,70.08,70.11,121
1782850200,70.11,70.17,70.03,70.08,253
1782850500,70.07,70.1,70.04,70.04,63
1782850800,70.04,70.08,70.04,70.07,90
1782851100,70.07,70.12,70.07,70.08,78
1782851400,70.08,70.1,70.03,70.03,105
1782851700,70.04,70.06,70.02,70.05,126
1782852000,70.05,70.08,70,70.06,93
1782852300,70.06,70.1,70.03,70.04,142
1782852600,70.04,70.07,69.97,70.03,147
1782852900,70.04,70.1,70.03,70.04,162
1782856800,70.01,70.15,69.95,70,234
1782857100,69.99,70,69.91,69.94,89
1782857400,69.94,69.98,69.93,69.96,71
1782857700,69.96,69.96,69.89,69.94,67
1782858000,69.94,69.96,69.91,69.96,63
1782858300,69.94,69.95,69.89,69.95,97
1782858600,69.95,69.98,69.92,69.98,44
1782858900,69.96,69.98,69.93,69.96,28
1782859200,69.96,69.96,69.92,69.93,34
1782859500,69.91,69.94,69.91,69.93,31
1782859800,69.93,69.95,69.91,69.94,52
1782860100,69.95,70,69.94,69.98,113
1782860400,69.98,70.04,69.91,70.03,136
1782860700,70.02,70.02,69.97,70,46
1782861000,70,70.02,69.98,70,44
1782861300,70.02,70.08,70.02,70.05,45
1782861600,70.07,70.07,70.05,70.05,27
1782861900,70.05,70.06,70.03,70.03,34
1782862200,70.05,70.07,70.03,70.03,35
1782862500,70.05,70.11,69.98,70.04,148
1782862800,70.05,70.05,69.95,69.98,74
1782863100,70,70.08,70,70.08,45
1782863400,70.08,70.12,70.08,70.1,97
1782863700,70.09,70.12,70.08,70.12,95
1782864000,70.12,70.16,70.05,70.14,393
1782864300,70.13,70.2,70.06,70.16,155
1782864600,70.15,70.15,70.08,70.12,79
1782864900,70.11,70.15,70.08,70.12,83
1782865200,70.1,70.1,70.01,70.05,85
1782865500,70.04,70.05,69.98,70,139
1782865800,70.01,70.11,69.99,70.11,98
1782866100,70.11,70.11,70.04,70.11,64
1782866400,70.11,70.11,70.04,70.04,36
1782866700,70.05,70.06,70,70.03,89
1782867000,70.03,70.07,70.03,70.05,64
1782867300,70.05,70.12,70.03,70.11,93
1782867600,70.13,70.14,69.91,69.96,346
1782867900,69.95,69.98,69.87,69.97,264
1782868200,69.97,69.97,69.9,69.92,179
1782868500,69.92,69.99,69.82,69.88,274
1782868800,69.89,69.9,69.84,69.85,218
1782869100,69.86,69.95,69.83,69.92,279
1782869400,69.9,69.98,69.9,69.93,163
1782869700,69.93,69.93,69.8,69.81,181
1782870000,69.8,69.87,69.78,69.86,167
1782870300,69.84,69.89,69.82,69.84,69
1782870600,69.84,69.85,69.7,69.71,248
1782870900,69.73,69.82,69.66,69.79,252
1782871200,69.77,69.79,69.72,69.76,157
1782871500,69.74,69.77,69.67,69.71,99
1782871800,69.71,69.78,69.7,69.75,121
1782872100,69.74,69.8,69.74,69.79,152
1782872400,69.79,69.87,69.78,69.86,128
1782872700,69.85,69.86,69.76,69.77,59
1782873000,69.8,69.81,69.74,69.81,88
1782873300,69.82,69.9,69.77,69.79,166
1782873600,69.79,69.82,69.75,69.8,107
1782873900,69.8,69.84,69.77,69.78,36
1782874200,69.78,69.79,69.75,69.78,48
1782874500,69.78,69.85,69.76,69.8,86
1782874800,69.82,69.86,69.79,69.79,49
1782875100,69.8,69.86,69.79,69.84,60
1782875400,69.82,69.84,69.76,69.8,154
1782875700,69.79,69.87,69.79,69.87,44
1782876000,69.87,69.87,69.81,69.81,54
1782876300,69.83,69.83,69.75,69.77,119
1782876600,69.77,69.89,69.77,69.83,98
1782876900,69.81,69.84,69.77,69.83,60
1782877200,69.83,69.84,69.81,69.83,21
1782877500,69.83,69.84,69.77,69.8,54
1782877800,69.8,69.82,69.77,69.8,38
1782878100,69.79,69.83,69.78,69.82,26
1782878400,69.82,69.86,69.82,69.84,53
1782878700,69.83,69.86,69.83,69.83,29
1782879000,69.82,69.82,69.79,69.8,34
1782879300,69.77,69.77,69.75,69.76,65
1782879600,69.76,69.78,69.74,69.76,60
1782879900,69.75,69.77,69.74,69.77,59
1782880200,69.77,69.78,69.72,69.73,81
1782880500,69.73,69.77,69.73,69.76,36
1782880800,69.76,69.77,69.71,69.77,102
1782881100,69.76,69.76,69.7,69.7,64
1782881400,69.71,69.76,69.68,69.75,143
1782881700,69.76,69.77,69.71,69.73,89
1782882000,69.73,69.75,69.71,69.73,96
1782882300,69.73,69.75,69.72,69.73,29
1782882600,69.72,69.79,69.72,69.76,57
1782882900,69.77,69.78,69.73,69.76,288
1782883200,69.76,69.87,69.76,69.81,124
1782883500,69.8,69.83,69.76,69.78,49
1782883800,69.76,69.79,69.72,69.75,91
1782884100,69.77,69.77,69.68,69.73,156
1782884400,69.72,69.72,69.63,69.72,575
1782884700,69.71,69.76,69.68,69.75,421
1782885000,69.75,69.75,69.58,69.63,225
1782885300,69.63,69.63,69.57,69.6,85
1782885600,69.59,69.69,69.55,69.61,222
1782885900,69.62,69.67,69.56,69.67,108
1782886200,69.65,69.65,69.56,69.6,128
1782886500,69.61,69.61,69.51,69.6,232
1782886800,69.58,69.59,69.53,69.54,118
1782887100,69.56,69.59,69.45,69.52,262
1782887400,69.52,69.57,69.42,69.49,208
1782887700,69.49,69.53,69.44,69.47,148
1782888000,69.47,69.65,69.47,69.58,259
1782888300,69.58,69.61,69.43,69.48,124
1782888600,69.47,69.53,69.45,69.51,213
1782888900,69.51,69.6,69.51,69.59,137
1782889200,69.6,69.61,69.44,69.54,253
1782889500,69.52,69.52,69.41,69.45,212
1782889800,69.47,69.73,69.47,69.68,297
1782890100,69.71,69.72,69.53,69.53,158
1782890400,69.53,69.6,69.41,69.42,244
1782890700,69.43,69.43,69.33,69.39,375
1782891000,69.39,69.48,69.34,69.48,144
1782891300,69.46,69.53,69.33,69.35,174
1782891600,69.36,69.42,69.17,69.41,706
1782891900,69.39,69.48,69.37,69.45,155
1782892200,69.42,69.42,69.32,69.38,180
1782892500,69.37,69.4,69.29,69.35,165
1782892800,69.37,69.43,69.33,69.43,213
1782893100,69.44,69.45,69.19,69.27,303
1782893400,69.29,69.37,69.25,69.31,222
1782893700,69.31,69.34,69.06,69.11,404
1782894000,69.11,69.14,69,69.02,365
1782894300,69.02,69.03,68.92,68.95,635
1782894600,68.93,69.01,68.7,68.77,755
1782894900,68.81,68.86,68.67,68.85,515
1782895200,68.84,68.88,68.74,68.82,335
1782895500,68.8,68.91,68.69,68.72,275
1782895800,68.7,68.73,68.63,68.67,468
1782896100,68.67,68.67,68.28,68.34,1193
1782896400,68.33,68.46,68.25,68.42,507
1782896700,68.41,68.56,68.19,68.39,517
1782897000,68.38,68.4,68.25,68.31,222
1782897300,68.32,68.4,68.3,68.38,147
1782897600,68.38,68.51,68.36,68.45,283
1782897900,68.45,68.54,68.41,68.46,207
1782898200,68.48,68.58,68.44,68.54,260
1782898500,68.5,68.54,68.48,68.5,98
1782898800,68.49,68.66,68.46,68.64,243
1782899100,68.64,68.8,68.64,68.79,460
1782899400,68.78,68.8,68.68,68.72,261
1782899700,68.71,68.8,68.7,68.79,226
1782900000,68.8,69,68.79,68.97,502
1782900300,68.96,69,68.89,68.91,303
1782900600,68.92,69,68.91,68.97,249
1782900900,68.95,68.95,68.69,68.78,434
1782901200,68.78,68.78,68.68,68.74,152
1782901500,68.73,68.83,68.71,68.75,219
1782901800,68.75,68.8,68.7,68.75,112
1782902100,68.73,68.74,68.6,68.63,362
1782902400,68.62,68.94,68.62,68.86,487
1782902700,68.83,68.87,68.76,68.86,130
1782903000,68.86,68.95,68.81,68.9,195
1782903300,68.9,68.9,68.72,68.87,165
1782903600,68.84,68.89,68.72,68.81,154
1782903900,68.82,68.95,68.81,68.95,183
1782904200,68.95,69.04,68.92,68.95,367
1782904500,68.96,69.06,68.86,69.05,302
1782904800,69.05,69.06,68.95,68.99,135
1782905100,69.02,69.04,68.95,68.98,200
1782905400,68.97,69.09,68.86,69.06,237
1782905700,69.06,69.07,68.9,69.06,258
1782906000,69.06,69.06,68.91,68.95,191
1782906300,68.93,69.07,68.92,69.07,186
1782906600,69.05,69.19,69.03,69.17,436
1782906900,69.15,69.18,69.09,69.14,224
1782907200,69.15,69.18,69.06,69.09,279
1782907500,69.09,69.09,68.87,68.94,576
1782907800,68.93,68.94,68.75,68.83,613
1782908100,68.84,69.13,68.83,69.12,389
1782908400,69.11,69.12,68.89,68.93,431
1782908700,68.93,68.94,68.8,68.9,328
1782909000,68.89,68.92,68.75,68.78,316
1782909300,68.77,68.88,68.76,68.85,217
1782909600,68.85,68.91,68.74,68.89,413
1782909900,68.89,68.9,68.65,68.66,467
1782910200,68.66,68.75,68.64,68.73,217
1782910500,68.74,68.83,68.73,68.77,257
1782910800,68.77,69.17,68.77,69.07,1133
1782911100,69.05,69.3,69.04,69.11,1060
1782911400,69.09,69.22,69.03,69.14,373
1782911700,69.13,69.15,68.92,68.96,448
1782912000,68.96,68.99,68.86,68.98,306
1782912300,68.99,69.03,68.85,68.88,181
1782912600,68.87,68.91,68.75,68.77,585
1782912900,68.77,68.99,68.76,68.9,508
1782913200,68.91,68.97,68.81,68.88,364
1782913500,68.89,69.08,68.89,69,413
1782913800,69,69.16,68.98,69.07,436
1782914100,69.06,69.13,69.03,69.09,315
1782914400,69.07,69.14,68.88,69,647
1782914700,68.97,68.99,68.85,68.92,289
1782915000,68.9,68.9,68.78,68.89,338
1782915300,68.9,68.96,68.8,68.86,236
1782915600,68.86,68.86,68.8,68.82,140
1782915900,68.84,68.93,68.72,68.78,558
1782916200,68.77,68.88,68.69,68.77,604
1782916500,68.78,68.87,68.71,68.86,327
1782916800,68.81,68.82,68.58,68.66,636
1782917100,68.64,68.7,68.36,68.45,1470
1782917400,68.45,68.48,68.23,68.3,1280
1782917700,68.29,68.35,68.15,68.19,1247
1782918000,68.18,68.35,68.06,68.33,1771
1782918300,68.32,68.37,68.25,68.37,711
1782918600,68.37,68.57,68.36,68.43,1090
1782918900,68.42,68.49,68.36,68.42,371
1782919200,68.42,68.42,68.25,68.26,450
1782919500,68.25,68.31,68.11,68.12,731
1782919800,68.11,68.27,68.08,68.24,792
1782920100,68.25,68.31,68.16,68.23,467
1782920400,68.23,68.36,68.19,68.31,273
1782920700,68.33,68.39,68.18,68.21,246
1782921000,68.18,68.21,68.07,68.13,422
1782921300,68.13,68.2,68.1,68.17,305
1782921600,68.17,68.18,68.03,68.05,487
1782921900,68.09,68.12,68.02,68.08,312
1782922200,68.07,68.15,68.06,68.14,157
1782922500,68.13,68.31,68.13,68.25,368
1782922800,68.23,68.3,68.2,68.29,217
1782923100,68.26,68.26,68.15,68.21,170
1782923400,68.21,68.28,68.13,68.27,117
1782923700,68.26,68.32,68.25,68.28,173
1782924000,68.28,68.36,68.25,68.33,283
1782924300,68.33,68.38,68.22,68.37,332
1782924600,68.38,68.47,68.33,68.38,362
1782924900,68.39,68.41,68.26,68.29,324
1782925200,68.28,68.33,68.15,68.22,294
1782925500,68.22,68.35,68.22,68.28,195
1782925800,68.27,68.32,68.23,68.31,110
1782926100,68.32,68.38,68.31,68.32,153
1782926400,68.33,68.39,68.31,68.31,74
1782926700,68.32,68.4,68.32,68.4,96
1782927000,68.41,68.41,68.32,68.37,210
1782927300,68.38,68.4,68.36,68.36,92
1782927600,68.36,68.38,68.2,68.26,300
1782927900,68.25,68.32,68.23,68.25,112
1782928200,68.25,68.25,68.14,68.18,286
1782928500,68.21,68.31,68.17,68.3,315
1782928800,68.3,68.38,68.28,68.33,266
1782929100,68.33,68.38,68.28,68.31,117
1782929400,68.32,68.33,68.27,68.31,77
1782929700,68.33,68.37,68.31,68.33,167
1782930000,68.33,68.42,68.33,68.39,196
1782930300,68.39,68.73,68.31,68.69,821
1782930600,68.68,68.74,68.52,68.55,469
1782930900,68.55,68.56,68.43,68.46,241
1782931200,68.45,68.47,68.37,68.43,281
1782931500,68.43,68.44,68.37,68.41,154
1782931800,68.4,68.41,68.35,68.38,91
1782932100,68.37,68.38,68.28,68.29,211
1782932400,68.28,68.31,68.25,68.27,151
1782932700,68.27,68.28,68.2,68.21,290
1782933000,68.2,68.29,68.19,68.29,125
1782933300,68.27,68.34,68.27,68.31,66
1782933600,68.32,68.35,68.28,68.33,169
1782933900,68.33,68.34,68.25,68.27,146
1782934200,68.26,68.27,68.2,68.23,101
1782934500,68.22,68.23,68.01,68.07,621
1782934800,68.07,68.18,68.05,68.17,184
1782935100,68.16,68.18,68.09,68.1,156
1782935400,68.11,68.15,68.05,68.08,167
1782935700,68.07,68.07,67.9,68.02,1030
1782936000,68.04,68.05,67.99,68.02,130
1782936300,68.03,68.05,67.96,67.99,131
1782936600,67.98,68.08,67.98,68,111
1782936900,67.99,68.05,67.96,68.05,109
1782937200,68.07,68.14,68.07,68.13,112
1782937500,68.13,68.16,68.11,68.13,195
1782937800,68.12,68.14,68.02,68.07,125
1782938100,68.09,68.12,68.07,68.12,60
1782938400,68.13,68.17,68.09,68.11,83
1782938700,68.1,68.15,68.09,68.11,192
1782939000,68.11,68.15,68.08,68.08,156
1782939300,68.09,68.11,68.04,68.08,139
1782943200,68.09,68.19,68.05,68.11,258
1782943500,68.1,68.11,68.03,68.04,104
1782943800,68.04,68.1,68.04,68.07,41
1782944100,68.09,68.11,68.03,68.04,68
1782944400,68.04,68.04,67.93,68.02,124
1782944700,68.01,68.01,67.96,67.98,72
1782945000,67.98,68.06,67.98,68.03,93
1782945300,68.03,68.03,67.99,68.03,54
1782945600,68.01,68.05,68.01,68.03,22
1782945900,68.04,68.07,68.04,68.07,19
1782946200,68.06,68.07,68.03,68.05,27
1782946500,68.03,68.03,68,68.01,59
1782946800,68.02,68.02,67.99,68.01,41
1782947100,68,68.02,67.98,68.01,51
1782947400,67.99,68.01,67.99,68,20
1782947700,68,68.03,67.95,68,54
1782948000,68.01,68.02,68,68.02,29
1782948300,68,68.05,67.98,68.05,53
1782948600,68.05,68.06,68.01,68.03,43
1782948900,68.03,68.03,67.97,67.98,42
1782949200,68,68.06,67.98,68.03,39
1782949500,68.05,68.07,68.02,68.04,41
1782949800,68.02,68.03,67.98,68.01,25
1782950100,68,68.02,67.97,68,69
1782950400,68,68.14,67.83,67.9,486
1782950700,67.93,67.93,67.73,67.89,435
1782951000,67.89,67.97,67.87,67.97,133
1782951300,67.97,67.97,67.89,67.89,85
1782951600,67.89,67.95,67.86,67.87,109
1782951900,67.87,67.88,67.81,67.87,179
1782952200,67.88,67.94,67.88,67.89,97
1782952500,67.89,67.9,67.84,67.86,72
1782952800,67.86,67.89,67.8,67.83,87
1782953100,67.81,67.84,67.73,67.8,188
1782953400,67.8,67.87,67.75,67.85,148
1782953700,67.86,67.94,67.86,67.9,274
1782954000,67.91,67.95,67.73,67.8,338
1782954300,67.82,67.89,67.69,67.7,275
1782954600,67.71,67.85,67.7,67.79,221
1782954900,67.79,67.85,67.73,67.84,173
1782955200,67.83,67.83,67.6,67.66,426
1782955500,67.68,67.69,67.6,67.62,242
1782955800,67.63,67.7,67.58,67.66,224
1782956100,67.66,67.75,67.64,67.68,151
1782956400,67.68,67.74,67.66,67.72,163
1782956700,67.72,67.72,67.6,67.68,156
1782957000,67.69,67.72,67.65,67.68,77
1782957300,67.71,67.84,67.71,67.8,233
1782957600,67.81,67.83,67.64,67.81,156
1782957900,67.81,67.96,67.79,67.91,441
1782958200,67.89,68,67.82,67.82,318
1782958500,67.84,67.86,67.81,67.82,65
1782958800,67.82,67.84,67.79,67.8,62
1782959100,67.81,67.85,67.79,67.82,51
1782959400,67.84,67.88,67.79,67.88,146
1782959700,67.88,67.9,67.75,67.79,129
1782960000,67.78,67.82,67.74,67.77,75
1782960300,67.77,67.78,67.73,67.77,57
1782960600,67.8,67.84,67.71,67.71,103
1782960900,67.71,67.76,67.66,67.71,111
1782961200,67.7,67.77,67.7,67.73,76
1782961500,67.73,67.76,67.67,67.71,104
1782961800,67.73,67.73,67.6,67.63,196
1782962100,67.61,67.63,67.57,67.61,231
1782962400,67.62,67.66,67.61,67.62,140
1782962700,67.61,67.66,67.59,67.64,142
1782963000,67.64,67.76,67.64,67.71,146
1782963300,67.73,67.77,67.68,67.72,171
1782963600,67.72,67.75,67.7,67.74,54
1782963900,67.74,67.75,67.63,67.75,169
1782964200,67.73,67.79,67.72,67.78,96
1782964500,67.76,67.77,67.63,67.72,130
1782964800,67.72,67.78,67.7,67.76,60
1782965100,67.76,67.82,67.76,67.77,56
1782965400,67.77,67.79,67.76,67.79,35
1782965700,67.79,67.81,67.78,67.79,33
1782966000,67.79,67.84,67.79,67.83,57
1782966300,67.81,67.84,67.8,67.81,62
1782966600,67.82,67.85,67.8,67.82,53
1782966900,67.81,67.92,67.81,67.88,171
1782967200,67.88,67.92,67.87,67.9,45
1782967500,67.91,67.91,67.86,67.88,74
1782967800,67.88,67.89,67.87,67.88,60
1782968100,67.89,67.9,67.87,67.89,49
1782968400,67.9,67.92,67.85,67.88,122
1782968700,67.88,67.88,67.85,67.86,83
1782969000,67.85,67.88,67.84,67.85,19
1782969300,67.85,67.86,67.82,67.85,47
1782969600,67.86,67.91,67.85,67.88,44
1782969900,67.87,67.88,67.86,67.86,73
1782970200,67.88,67.9,67.79,67.85,190
1782970500,67.85,67.87,67.72,67.78,313
1782970800,67.78,67.85,67.78,67.81,74
1782971100,67.81,67.86,67.78,67.85,42
1782971400,67.85,67.91,67.85,67.85,72
1782971700,67.86,67.89,67.81,67.88,113
1782972000,67.89,67.95,67.76,67.79,283
1782972300,67.77,67.83,67.72,67.75,149
1782972600,67.77,67.77,67.67,67.71,455
1782972900,67.69,67.87,67.69,67.8,114
1782973200,67.81,67.92,67.79,67.92,295
1782973500,67.92,67.99,67.86,67.99,362
1782973800,67.98,67.99,67.74,67.76,397
1782974100,67.75,67.8,67.72,67.73,243
1782974400,67.77,67.79,67.72,67.78,56
1782974700,67.74,67.74,67.67,67.68,169
1782975000,67.67,67.71,67.55,67.61,442
1782975300,67.62,67.62,67.51,67.55,417
1782975600,67.55,67.6,67.51,67.57,260
1782975900,67.56,67.56,67.45,67.52,439
1782976200,67.51,67.55,67.45,67.53,283
1782976500,67.53,67.66,67.49,67.59,319
1782976800,67.6,67.72,67.56,67.71,229
1782977100,67.72,68.07,67.71,67.95,777
1782977400,67.96,68.13,67.93,68.02,579
1782977700,68.02,68.1,67.97,68.09,221
1782978000,68.09,68.15,68.06,68.15,304
1782978300,68.16,68.25,68.13,68.17,452
1782978600,68.16,68.2,68.05,68.06,303
1782978900,68.05,68.12,67.88,67.95,360
1782979200,67.93,68.05,67.86,68.01,301
1782979500,67.99,68.07,67.92,67.94,281
1782979800,67.95,68.18,67.89,68.12,357
1782980100,68.11,68.22,68.08,68.13,232
1782980400,68.13,68.17,68.04,68.12,222
1782980700,68.13,68.23,68.01,68.14,359
1782981000,68.15,68.23,67.92,67.93,409
1782981300,67.93,68,67.9,67.99,127
1782981600,67.98,68.06,67.97,67.97,106
1782981900,67.98,68.05,67.91,67.91,136
1782982200,67.93,67.94,67.8,67.85,334
1782982500,67.84,67.89,67.79,67.87,126
1782982800,67.89,67.89,67.78,67.84,114
1782983100,67.85,67.89,67.75,67.76,245
1782983400,67.76,67.77,67.56,67.66,476
1782983700,67.66,67.76,67.59,67.6,197
1782984000,67.61,67.68,67.49,67.52,305
1782984300,67.52,67.57,67.5,67.5,158
1782984600,67.49,67.59,67.46,67.58,198
1782984900,67.57,67.58,67.27,67.43,668
1782985200,67.45,67.59,67.39,67.58,229
1782985500,67.57,67.66,67.57,67.65,213
1782985800,67.64,67.64,67.49,67.54,238
1782986100,67.54,67.57,67.46,67.51,149
1782986400,67.52,67.61,67.48,67.5,169
1782986700,67.5,67.62,67.5,67.6,198
1782987000,67.6,67.63,67.46,67.59,182
1782987300,67.59,67.68,67.58,67.64,154
1782987600,67.66,67.71,67.61,67.67,172
1782987900,67.66,67.68,67.6,67.66,133
1782988200,67.66,67.67,67.61,67.66,118
1782988500,67.65,67.69,67.56,67.57,142
1782988800,67.58,67.68,67.58,67.64,203
1782989100,67.63,67.7,67.63,67.68,71
1782989400,67.68,67.68,67.56,67.58,186
1782989700,67.58,67.61,67.42,67.46,300
1782990000,67.47,67.59,67.41,67.58,235
1782990300,67.58,67.62,67.46,67.46,291
1782990600,67.46,67.53,67.43,67.5,184
1782990900,67.5,67.51,67.41,67.44,83
1782991200,67.42,67.44,67.28,67.33,401
1782991500,67.34,67.35,67.23,67.31,401
1782991800,67.3,67.3,67.05,67.11,877
1782992100,67.11,67.16,67.05,67.14,439
1782992400,67.13,67.3,67.13,67.28,438
1782992700,67.29,67.31,67.25,67.28,188
1782993000,67.28,67.32,67.25,67.32,730
1782993300,67.31,67.32,67.16,67.17,211
1782993600,67.17,67.33,67.13,67.25,380
1782993900,67.23,67.31,67.22,67.25,164
1782994200,67.25,67.26,67.18,67.21,94
1782994500,67.2,67.22,67.12,67.15,194
1782994800,67.15,67.24,67.1,67.2,194
1782995100,67.19,67.35,67.17,67.35,236
1782995400,67.32,67.39,67.23,67.35,408
1782995700,67.33,67.41,67.3,67.34,346
1782996000,67.34,67.38,67.24,67.24,256
1782996300,67.26,67.48,67.26,67.47,389
1782996600,67.47,67.66,67.46,67.56,708
1782996900,67.56,67.67,67.52,67.57,427
1782997200,67.56,67.73,67.5,67.69,789
1782997500,67.69,67.74,67.54,67.54,394
1782997800,67.54,67.57,67.46,67.5,419
1782998100,67.51,67.63,67.47,67.56,294
1782998400,67.58,67.76,67.54,67.69,603
1782998700,67.69,67.73,67.55,67.71,280
1782999000,67.71,67.82,67.62,67.64,645
1782999300,67.65,67.85,67.63,67.83,587
1782999600,67.83,67.89,67.77,67.84,368
1782999900,67.84,68.09,67.84,68.03,848
1783000200,68.02,68.02,67.8,67.8,720
1783000500,67.81,67.83,67.58,67.76,832
1783000800,67.76,67.85,67.69,67.72,447
1783001100,67.72,67.78,67.65,67.66,344
1783001400,67.66,67.77,67.61,67.64,650
1783001700,67.65,67.76,67.62,67.7,341
1783002000,67.71,67.72,67.52,67.57,403
1783002300,67.56,67.67,67.54,67.61,339
1783002600,67.61,67.71,67.57,67.7,328
1783002900,67.71,67.75,67.65,67.72,317
1783003200,67.72,67.81,67.58,67.75,369
1783003500,67.71,67.83,67.69,67.76,326
1783003800,67.74,67.78,67.63,67.78,234
1783004100,67.77,67.85,67.67,67.73,308
1783004400,67.75,67.82,67.7,67.73,261
1783004700,67.73,67.74,67.45,67.49,727
1783005000,67.5,67.6,67.46,67.59,192
1783005300,67.6,67.9,67.58,67.77,706
1783005600,67.8,67.8,67.59,67.72,419
1783005900,67.71,67.85,67.66,67.71,309
1783006200,67.71,67.73,67.6,67.68,250
1783006500,67.66,67.67,67.56,67.6,217
1783006800,67.61,67.67,67.54,67.56,232
1783007100,67.55,67.55,67.4,67.49,358
1783007400,67.48,67.7,67.43,67.69,380
1783007700,67.68,67.75,67.62,67.73,248
1783008000,67.75,67.79,67.67,67.76,313
1783008300,67.78,68.04,67.77,68,885
1783008600,68,68.11,68,68.09,594
1783008900,68.09,68.16,68.06,68.14,451
1783009200,68.13,68.22,68.11,68.11,573
1783009500,68.1,68.14,68.05,68.12,288
1783009800,68.11,68.14,68.04,68.05,287
1783010100,68.06,68.09,68.02,68.02,262
1783010400,68.02,68.09,67.96,68.07,210
1783010700,68.06,68.17,68.06,68.12,228
1783011000,68.13,68.29,68.13,68.2,491
1783011300,68.22,68.26,68.11,68.14,224
1783011600,68.14,68.23,68.08,68.21,239
1783011900,68.2,68.3,68.17,68.29,266
1783012200,68.29,68.32,68.22,68.31,259
1783012500,68.31,68.31,68.23,68.24,232
1783012800,68.24,68.3,68.18,68.29,149
1783013100,68.26,68.36,68.26,68.32,237
1783013400,68.34,68.38,68.29,68.33,189
1783013700,68.31,68.42,68.3,68.36,325
1783014000,68.36,68.49,68.31,68.49,401
1783014300,68.48,68.52,68.41,68.45,371
1783014600,68.46,68.5,68.43,68.47,235
1783014900,68.47,68.51,68.44,68.47,270
1783015200,68.48,68.51,68.34,68.34,358
1783015500,68.35,68.45,68.34,68.42,215
1783015800,68.43,68.54,68.4,68.51,161
1783016100,68.49,68.66,68.46,68.61,420
1783016400,68.62,68.72,68.61,68.71,402
1783016700,68.68,68.81,68.52,68.68,1069
1783017000,68.67,68.72,68.56,68.59,330
1783017300,68.61,68.67,68.57,68.61,153
1783017600,68.61,68.66,68.61,68.63,95
1783017900,68.64,68.65,68.56,68.56,110
1783018200,68.57,68.59,68.49,68.5,232
1783018500,68.5,68.51,68.43,68.44,199
1783018800,68.43,68.5,68.42,68.49,176
1783019100,68.49,68.51,68.45,68.49,78
1783019400,68.49,68.52,68.43,68.48,97
1783019700,68.48,68.54,68.46,68.48,116
1783020000,68.49,68.51,68.42,68.44,99
1783020300,68.43,68.49,68.38,68.46,213
1783020600,68.47,68.55,68.47,68.51,134
1783020900,68.5,68.5,68.43,68.43,97
1783021200,68.43,68.47,68.4,68.46,92
1783021500,68.44,68.48,68.44,68.45,70
1783021800,68.43,68.46,68.43,68.43,73
1783022100,68.43,68.49,68.43,68.47,66
1783022400,68.47,68.48,68.42,68.42,89
1783022700,68.44,68.5,68.43,68.48,75
1783023000,68.46,68.48,68.46,68.48,45
1783023300,68.47,68.53,68.45,68.51,45
1783023600,68.5,68.52,68.44,68.47,56
1783023900,68.47,68.5,68.46,68.48,56
1783024200,68.49,68.51,68.46,68.48,105
1783024500,68.48,68.5,68.46,68.47,39
1783024800,68.46,68.5,68.46,68.48,67
1783025100,68.46,68.5,68.45,68.47,123
1783025400,68.47,68.47,68.44,68.46,90
1783025700,68.46,68.47,68.43,68.47,146
1783029600,68.51,68.59,68.34,68.45,237
1783029900,68.46,68.52,68.43,68.5,78
1783030200,68.5,68.56,68.46,68.49,40
1783030500,68.52,68.52,68.46,68.5,53
1783030800,68.48,68.54,68.46,68.51,45
1783031100,68.51,68.51,68.48,68.5,9
1783031400,68.48,68.52,68.47,68.49,30
1783031700,68.49,68.52,68.49,68.52,46
1783032000,68.52,68.52,68.48,68.51,53
1783032300,68.49,68.49,68.49,68.49,2
1783032600,68.51,68.51,68.47,68.49,34
1783032900,68.48,68.5,68.47,68.48,32
1783033200,68.48,68.5,68.44,68.45,52
1783033500,68.46,68.46,68.38,68.43,82
1783033800,68.45,68.5,68.45,68.48,50
1783034100,68.47,68.47,68.42,68.42,22
1783034400,68.41,68.44,68.41,68.44,7
1783034700,68.43,68.47,68.42,68.47,17
1783035000,68.45,68.47,68.44,68.46,7
1783035300,68.47,68.48,68.45,68.45,28
1783035600,68.47,68.48,68.46,68.48,16
1783035900,68.48,68.48,68.46,68.47,3
1783036200,68.45,68.45,68.43,68.43,8
1783036500,68.43,68.43,68.38,68.4,51
1783036800,68.38,68.42,68.32,68.33,204
1783037100,68.33,68.42,68.33,68.36,93
1783037400,68.37,68.41,68.36,68.41,35
1783037700,68.39,68.43,68.36,68.42,78
1783038000,68.41,68.43,68.39,68.4,33
1783038300,68.4,68.43,68.38,68.39,22
1783038600,68.38,68.38,68.36,68.38,38
1783038900,68.39,68.44,68.36,68.44,32
1783039200,68.43,68.45,68.4,68.41,31
1783039500,68.4,68.41,68.36,68.41,44
1783039800,68.4,68.48,68.4,68.44,66
1783040100,68.44,68.52,68.41,68.45,81
1783040400,68.44,68.54,68.37,68.54,197
1783040700,68.55,68.63,68.45,68.46,254
1783041000,68.5,68.51,68.39,68.39,100
1783041300,68.39,68.43,68.31,68.39,198
1783041600,68.39,68.45,68.36,68.43,70
1783041900,68.43,68.57,68.42,68.55,195
1783042200,68.54,68.63,68.52,68.6,155
1783042500,68.6,68.67,68.57,68.67,118
1783042800,68.66,68.82,68.64,68.8,386
1783043100,68.8,68.93,68.74,68.85,592
1783043400,68.87,68.9,68.76,68.78,460
1783043700,68.79,68.92,68.78,68.9,301
1783044000,68.91,68.97,68.88,68.95,294
1783044300,68.96,69,68.89,68.94,229
1783044600,68.93,68.96,68.88,68.94,200
1783044900,68.93,68.96,68.89,68.91,72
1783045200,68.9,68.95,68.89,68.94,104
1783045500,68.94,68.99,68.91,68.94,135
1783045800,68.95,69.02,68.88,68.98,314
1783046100,68.96,69.04,68.96,69,189
1783046400,68.99,69.13,68.98,69.06,294
1783046700,69.07,69.08,68.99,69.03,355
1783047000,69.03,69.03,68.91,68.93,219
1783047300,68.93,68.96,68.82,68.91,214
1783047600,68.89,68.98,68.88,68.98,107
1783047900,68.96,69.05,68.94,69.03,120
1783048200,69.04,69.12,69,69.04,146
1783048500,69.05,69.09,69.03,69.07,134
1783048800,69.07,69.16,69.07,69.12,228
1783049100,69.1,69.15,69.08,69.1,123
1783049400,69.08,69.08,69.01,69.02,72
1783049700,69.02,69.07,69.02,69.06,66
1783050000,69.06,69.06,68.98,68.99,55
1783050300,68.99,68.99,68.97,68.98,76
1783050600,68.98,69,68.97,69,44
1783050900,68.99,69.03,68.99,69.02,34
1783051200,69.02,69.03,69,69.02,31
1783051500,69.01,69.02,68.99,68.99,41
1783051800,69.03,69.05,69.02,69.03,59
1783052100,69.02,69.04,69,69,60
1783052400,68.99,69.01,68.96,69,44
1783052700,69,69.03,68.98,69.02,63
1783053000,69.02,69.07,69,69.05,67
1783053300,69.07,69.09,69.05,69.07,62
1783053600,69.06,69.08,69.04,69.05,53
1783053900,69.06,69.06,69.03,69.04,29
1783054200,69.05,69.05,69.03,69.04,21
1783054500,69.03,69.03,68.97,68.97,55
1783054800,68.97,69.03,68.96,69.01,107
1783055100,69.02,69.05,69.02,69.05,38
1783055400,69.04,69.08,69,69.03,52
1783055700,69.04,69.09,69.04,69.09,32
1783056000,69.08,69.08,69.02,69.05,134
1783056300,69.03,69.05,68.99,68.99,32
1783056600,69.01,69.12,68.99,69.1,134
1783056900,69.11,69.11,69.03,69.04,53
1783057200,69.04,69.19,69.03,69.18,233
1783057500,69.19,69.2,69.14,69.15,129
1783057800,69.15,69.22,69.14,69.19,105
1783058100,69.2,69.25,69.17,69.19,152
1783058400,69.21,69.26,69.16,69.17,223
1783058700,69.18,69.18,69.04,69.04,215
1783059000,69.05,69.07,68.98,68.98,188
1783059300,68.99,69.01,68.91,68.98,232
1783059600,68.99,68.99,68.92,68.92,89
1783059900,68.93,68.96,68.9,68.95,190
1783060200,68.93,69.1,68.92,68.98,275
1783060500,69,69.05,68.93,69.04,105
1783060800,69.02,69.06,68.97,68.99,43
1783061100,68.98,68.99,68.91,68.95,89
1783061400,68.95,68.96,68.9,68.94,158
1783061700,68.94,69.01,68.93,68.94,104
1783062000,68.96,69,68.88,68.94,147
1783062300,68.93,68.93,68.82,68.86,227
1783062600,68.86,68.88,68.66,68.7,459
1783062900,68.69,68.82,68.69,68.8,224
1783063200,68.76,68.79,68.6,68.62,205
1783063500,68.63,68.65,68.55,68.57,354
1783063800,68.57,68.63,68.48,68.61,244
1783064100,68.6,68.71,68.58,68.69,173
1783064400,68.7,68.72,68.59,68.61,157
1783064700,68.62,68.62,68.53,68.54,148
1783065000,68.54,68.57,68.47,68.49,290
1783065300,68.48,68.53,68.42,68.52,229
1783065600,68.53,68.64,68.52,68.61,252
1783065900,68.62,68.68,68.61,68.66,143
1783066200,68.66,68.76,68.66,68.7,218
1783066500,68.69,68.69,68.49,68.53,238
1783066800,68.55,68.58,68.42,68.43,163
1783067100,68.42,68.43,68.14,68.27,1230
1783067400,68.28,68.4,68.19,68.25,421
1783067700,68.24,68.46,68.17,68.45,319
1783068000,68.45,68.51,68.38,68.43,276
1783068300,68.44,68.69,68.4,68.6,317
1783068600,68.59,68.71,68.55,68.71,278
1783068900,68.71,68.8,68.62,68.78,382
1783069200,68.8,68.86,68.62,68.63,405
1783069500,68.63,68.66,68.49,68.65,381
1783069800,68.67,68.74,68.63,68.7,166
1783070100,68.71,68.77,68.67,68.76,146
1783070400,68.76,68.77,68.57,68.57,182
1783070700,68.58,68.74,68.58,68.72,111
1783071000,68.74,68.77,68.68,68.68,86
1783071300,68.69,68.72,68.58,68.69,133
1783071600,68.66,68.66,68.53,68.53,123
1783071900,68.57,68.63,68.55,68.63,75
1783072200,68.63,68.76,68.63,68.64,128
1783072500,68.64,68.72,68.62,68.66,107
1783072800,68.67,68.75,68.65,68.67,154
1783073100,68.66,68.66,68.56,68.57,129
1783073400,68.62,68.66,68.58,68.6,132
1783073700,68.62,68.63,68.53,68.56,115
1783074000,68.58,68.63,68.54,68.54,124
1783074300,68.54,68.6,68.48,68.57,170
1783074600,68.57,68.63,68.5,68.55,163
1783074900,68.54,68.54,68.42,68.51,218
1783075200,68.5,68.67,68.49,68.6,175
1783075500,68.62,68.68,68.58,68.6,77
1783075800,68.6,68.65,68.59,68.64,53
1783076100,68.64,68.69,68.61,68.61,59
1783076400,68.62,68.7,68.56,68.65,111
1783076700,68.66,68.72,68.62,68.65,153
1783077000,68.63,68.65,68.52,68.56,106
1783077300,68.55,68.56,68.48,68.48,119
1783077600,68.5,68.52,68.42,68.47,148
1783077900,68.47,68.53,68.45,68.5,74
1783078200,68.5,68.52,68.43,68.51,85
1783078500,68.52,68.52,68.42,68.45,106
1783078800,68.47,68.47,68.36,68.4,147
1783079100,68.38,68.4,68.36,68.38,87
1783079400,68.38,68.48,68.37,68.46,123
1783079700,68.46,68.46,68.37,68.41,72
1783080000,68.4,68.42,68.26,68.27,267
1783080300,68.29,68.34,68.15,68.26,448
1783080600,68.27,68.28,68.18,68.27,163
1783080900,68.27,68.35,68.27,68.32,171
1783081200,68.33,68.42,68.32,68.37,164
1783081500,68.37,68.4,68.21,68.28,327
1783081800,68.28,68.3,68.11,68.21,338
1783082100,68.21,68.24,68.08,68.1,441
1783082400,68.11,68.24,68.08,68.22,248
1783082700,68.23,68.25,68.12,68.2,309
1783083000,68.22,68.28,68.19,68.25,148
1783083300,68.26,68.29,68.24,68.25,157
1783083600,68.27,68.45,68.22,68.41,596
1783083900,68.4,68.52,68.4,68.48,403
1783084200,68.49,68.64,68.44,68.61,462
1783084500,68.6,68.61,68.5,68.58,221
1783084800,68.57,68.68,68.54,68.61,303
1783085100,68.61,68.67,68.57,68.64,288
1783085400,68.63,68.7,68.57,68.7,256
1783085700,68.7,68.71,68.56,68.6,256
1783086000,68.6,68.65,68.53,68.56,249
1783086300,68.57,68.67,68.56,68.67,178
1783086600,68.66,68.68,68.6,68.66,80
1783086900,68.66,68.77,68.62,68.76,385
1783087200,68.76,68.93,68.75,68.78,688
1783087500,68.76,68.96,68.72,68.84,581
1783087800,68.83,68.88,68.77,68.77,193
1783088100,68.78,68.78,68.69,68.75,262
1783088400,68.75,68.75,68.55,68.61,415
1783088700,68.61,68.68,68.57,68.68,167
1783089000,68.67,68.79,68.64,68.78,281
1783089300,68.8,68.84,68.72,68.77,251
1783089600,68.79,68.81,68.73,68.78,112
1783089900,68.78,68.8,68.66,68.73,178
1783090200,68.74,68.75,68.61,68.65,155
1783090500,68.65,68.7,68.59,68.64,205
1783090800,68.64,68.69,68.59,68.63,258
1783091100,68.64,68.68,68.58,68.61,185
1783091400,68.6,68.6,68.52,68.52,265
1783091700,68.51,68.52,68.37,68.43,600
1783092000,68.43,68.56,68.4,68.54,236
1783092300,68.55,68.61,68.46,68.55,290
1783092600,68.54,68.61,68.44,68.56,256
1783092900,68.58,68.79,68.56,68.79,329
1783093200,68.79,68.79,68.65,68.73,196
1783093500,68.74,68.74,68.68,68.69,77
1783093800,68.68,68.76,68.68,68.71,162
1783094100,68.71,68.78,68.7,68.77,135
1783094400,68.78,68.82,68.63,68.7,228
1783094700,68.7,68.74,68.69,68.69,40
1783095000,68.69,68.73,68.65,68.67,68
1783095300,68.68,68.71,68.62,68.71,104
1783095600,68.7,68.75,68.7,68.7,74
1783095900,68.69,68.75,68.68,68.7,138
1783096200,68.7,68.73,68.61,68.62,185
1783096500,68.61,68.68,68.59,68.63,109
1783096800,68.62,68.65,68.59,68.65,129
1783097100,68.64,68.71,68.61,68.69,112
1783097400,68.69,68.72,68.65,68.69,143
1783097700,68.69,68.82,68.67,68.78,298
1783288800,68.73,68.82,68.43,68.46,476
1783289100,68.48,68.59,68.44,68.49,240
1783289400,68.48,68.51,68.31,68.34,264
1783289700,68.33,68.45,68.33,68.38,132
1783290000,68.38,68.43,68.36,68.39,52
1783290300,68.4,68.43,68.37,68.37,47
1783290600,68.36,68.41,68.34,68.4,69
1783290900,68.41,68.44,68.34,68.41,56
1783291200,68.39,68.41,68.35,68.35,35
1783291500,68.35,68.36,68.3,68.32,81
1783291800,68.32,68.36,68.3,68.34,56
1783292100,68.33,68.35,68.3,68.3,34
1783292400,68.31,68.4,68.28,68.4,157
1783292700,68.38,68.44,68.35,68.44,117
1783293000,68.44,68.44,68.34,68.34,57
1783293300,68.34,68.35,68.28,68.29,81
1783293600,68.29,68.37,68.29,68.36,61
1783293900,68.34,68.34,68.28,68.28,71
1783294200,68.27,68.31,68.26,68.29,92
1783294500,68.28,68.32,68.27,68.27,80
1783294800,68.28,68.31,68.26,68.28,60
1783295100,68.27,68.29,68.22,68.23,151
1783295400,68.24,68.26,68.22,68.25,51
1783295700,68.25,68.27,68.23,68.25,85
1783296000,68.25,68.36,68.21,68.35,259
1783296300,68.35,68.59,68.34,68.59,351
1783296600,68.6,68.63,68.49,68.51,231
1783296900,68.5,68.54,68.48,68.51,91
1783297200,68.52,68.54,68.47,68.48,41
1783297500,68.48,68.51,68.34,68.34,160
1783297800,68.34,68.36,68.28,68.34,123
1783298100,68.34,68.36,68.31,68.33,56
1783298400,68.33,68.37,68.25,68.29,127
1783298700,68.34,68.4,68.34,68.35,65
1783299000,68.35,68.35,68.28,68.3,62
1783299300,68.28,68.34,68.24,68.24,122
1783299600,68.23,68.44,68.16,68.42,483
1783299900,68.39,68.54,68.33,68.45,236
1783300200,68.44,68.66,68.44,68.65,263
1783300500,68.66,68.73,68.6,68.64,271
1783300800,68.63,68.7,68.6,68.63,150
1783301100,68.62,68.63,68.56,68.59,80
1783301400,68.59,68.6,68.53,68.56,137
1783301700,68.55,68.57,68.41,68.43,195
1783302000,68.43,68.59,68.42,68.57,126
1783302300,68.58,68.68,68.57,68.65,160
1783302600,68.66,68.89,68.65,68.83,551
1783302900,68.82,68.9,68.82,68.87,229
1783303200,68.88,68.93,68.83,68.93,323
1783303500,68.91,69.16,68.91,69.07,649
1783303800,69.05,69.06,68.97,69.03,140
1783304100,69.04,69.07,68.99,69,67
1783304400,69.03,69.08,69.03,69.06,129
1783304700,69.05,69.12,69.05,69.09,115
1783305000,69.09,69.12,68.99,69,191
1783305300,69,69.01,68.9,68.91,226
1783305600,68.91,68.94,68.84,68.84,196
1783305900,68.84,68.85,68.76,68.79,263
1783306200,68.81,68.84,68.66,68.71,301
1783306500,68.69,68.72,68.53,68.58,368
1783306800,68.58,68.59,68.49,68.53,267
1783307100,68.53,68.59,68.48,68.52,333
1783307400,68.53,68.53,68.38,68.38,306
1783307700,68.39,68.51,68.39,68.48,221
1783308000,68.48,68.53,68.43,68.51,179
1783308300,68.51,68.56,68.5,68.51,130
1783308600,68.5,68.56,68.43,68.43,157
1783308900,68.44,68.48,68.42,68.47,74
1783309200,68.47,68.48,68.36,68.43,154
1783309500,68.43,68.45,68.41,68.43,52
1783309800,68.42,68.46,68.42,68.44,44
1783310100,68.42,68.46,68.4,68.43,69
1783310400,68.43,68.49,68.42,68.46,79
1783310700,68.45,68.62,68.43,68.57,167
1783311000,68.57,68.61,68.54,68.56,119
1783311300,68.56,68.62,68.55,68.62,52
1783311600,68.61,68.63,68.57,68.61,99
1783311900,68.61,68.63,68.6,68.61,52
1783312200,68.6,68.6,68.57,68.57,34
1783312500,68.58,68.64,68.54,68.63,68
1783312800,68.62,68.64,68.59,68.64,46
1783313100,68.63,68.67,68.62,68.62,144
1783313400,68.62,68.62,68.55,68.58,74
1783313700,68.58,68.61,68.54,68.58,104
1783314000,68.59,68.73,68.58,68.72,217
1783314300,68.72,68.75,68.68,68.69,85
1783314600,68.68,68.74,68.66,68.73,41
1783314900,68.74,68.77,68.73,68.74,142
1783315200,68.73,68.74,68.69,68.72,52
1783315500,68.71,68.76,68.7,68.73,38
1783315800,68.73,68.8,68.7,68.75,162
1783316100,68.75,68.75,68.69,68.71,76
1783316400,68.7,68.82,68.68,68.8,156
1783316700,68.83,68.83,68.76,68.77,45
1783317000,68.78,68.87,68.78,68.86,166
1783317300,68.85,68.88,68.82,68.87,63
1783317600,68.87,69,68.85,68.97,244
1783317900,68.99,69.15,68.98,69.12,445
1783318200,69.11,69.18,69.06,69.08,244
1783318500,69.08,69.2,69.06,69.09,286
1783318800,69.09,69.11,68.97,68.97,230
1783319100,68.98,68.99,68.88,68.92,228
1783319400,68.94,68.96,68.85,68.86,166
1783319700,68.86,68.91,68.83,68.87,151
1783320000,68.86,68.87,68.75,68.77,215
1783320300,68.76,68.88,68.75,68.86,136
1783320600,68.86,68.88,68.71,68.73,137
1783320900,68.75,68.8,68.73,68.79,114
1783321200,68.77,68.77,68.57,68.59,398
1783321500,68.59,68.6,68.42,68.44,626
1783321800,68.46,68.52,68.41,68.49,241
1783322100,68.49,68.51,68.45,68.45,138
1783322400,68.45,68.62,68.42,68.57,249
1783322700,68.55,68.62,68.51,68.54,116
1783323000,68.53,68.53,68.4,68.47,187
1783323300,68.47,68.51,68.36,68.39,167
1783323600,68.39,68.4,68.03,68.11,867
1783323900,68.13,68.19,68.05,68.07,403
1783324200,68.08,68.08,67.81,67.91,826
1783324500,67.9,67.98,67.84,67.93,216
1783324800,67.94,68.06,67.9,67.95,334
1783325100,67.96,68.2,67.91,68.19,397
1783325400,68.19,68.29,68.12,68.15,422
1783325700,68.15,68.28,68.02,68.1,269
1783326000,68.1,68.16,68.02,68.15,170
1783326300,68.14,68.3,68.08,68.09,318
1783326600,68.1,68.36,68.05,68.35,367
1783326900,68.36,68.38,68.25,68.28,231
1783327200,68.26,68.43,68.21,68.42,199
1783327500,68.38,68.5,68.35,68.46,251
1783327800,68.42,68.55,68.42,68.44,303
1783328100,68.44,68.47,68.19,68.2,280
1783328400,68.2,68.34,68.18,68.26,145
1783328700,68.25,68.44,68.23,68.29,305
1783329000,68.27,68.43,68.27,68.43,161
1783329300,68.41,68.52,68.41,68.47,182
1783329600,68.48,68.56,68.31,68.31,249
1783329900,68.31,68.39,68.28,68.3,146
1783330200,68.31,68.37,68.23,68.37,157
1783330500,68.37,68.37,68.28,68.28,65
1783330800,68.27,68.45,68.18,68.44,198
1783331100,68.44,68.53,68.42,68.5,186
1783331400,68.49,68.49,68.23,68.23,181
1783331700,68.23,68.31,68.11,68.31,311
1783332000,68.32,68.39,68.26,68.35,211
1783332300,68.33,68.44,68.29,68.29,176
1783332600,68.29,68.32,68.16,68.16,145
1783332900,68.16,68.22,68.1,68.22,159
1783333200,68.21,68.32,68.21,68.26,116
1783333500,68.26,68.34,68.26,68.29,110
1783333800,68.3,68.32,68.27,68.27,51
1783334100,68.28,68.28,68.09,68.2,192
1783334400,68.23,68.36,68.23,68.33,143
1783334700,68.31,68.37,68.3,68.36,89
1783335000,68.35,68.68,68.34,68.65,517
1783335300,68.64,68.68,68.58,68.59,210
1783335600,68.59,68.73,68.56,68.73,354
1783335900,68.73,68.77,68.55,68.63,185
1783336200,68.6,68.66,68.59,68.64,66
1783336500,68.61,68.71,68.61,68.66,109
1783336800,68.66,68.68,68.54,68.57,134
1783337100,68.6,68.63,68.53,68.57,85
1783337400,68.6,68.6,68.47,68.5,150
1783337700,68.5,68.53,68.47,68.48,104
1783338000,68.49,68.49,68.42,68.44,111
1783338300,68.43,68.44,68.32,68.44,167
1783338600,68.43,68.57,68.42,68.53,160
1783338900,68.52,68.67,68.5,68.66,253
1783339200,68.66,68.69,68.56,68.6,211
1783339500,68.57,68.69,68.54,68.66,125
1783339800,68.66,68.75,68.55,68.55,233
1783340100,68.56,68.6,68.3,68.31,469
1783340400,68.31,68.39,68.23,68.25,394
1783340700,68.26,68.27,68.14,68.2,574
1783341000,68.19,68.33,68.18,68.33,231
1783341300,68.32,68.36,68.26,68.31,275
1783341600,68.31,68.38,68.26,68.36,190
1783341900,68.37,68.38,68.26,68.3,201
1783342200,68.31,68.38,68.25,68.35,236
1783342500,68.34,68.35,68.25,68.28,133
1783342800,68.28,68.44,68.14,68.23,777
1783343100,68.23,68.28,68.07,68.28,732
1783343400,68.28,68.52,68.24,68.51,675
1783343700,68.5,68.64,68.41,68.64,621
1783344000,68.61,68.69,68.54,68.63,499
1783344300,68.64,68.87,68.59,68.86,767
1783344600,68.85,68.95,68.52,68.57,826
1783344900,68.55,68.65,68.52,68.6,421
1783345200,68.58,68.72,68.55,68.6,538
1783345500,68.59,68.61,68.46,68.58,513
1783345800,68.59,68.7,68.55,68.69,355
1783346100,68.68,68.77,68.64,68.71,325
1783346400,68.71,68.82,68.63,68.78,419
1783346700,68.79,68.83,68.68,68.74,449
1783347000,68.73,68.78,68.61,68.63,273
1783347300,68.63,68.65,68.44,68.5,492
1783347600,68.51,68.86,68.49,68.81,576
1783347900,68.8,68.95,68.79,68.91,704
1783348200,68.9,69.09,68.84,68.85,1041
1783348500,68.83,69.11,68.82,69.1,547
1783348800,69.1,69.11,68.93,69.01,494
1783349100,69.02,69.03,68.87,68.9,465
1783349400,68.91,68.93,68.71,68.79,669
1783349700,68.78,68.83,68.7,68.76,409
1783350000,68.75,68.89,68.63,68.66,507
1783350300,68.66,68.72,68.58,68.7,335
1783350600,68.71,68.74,68.59,68.71,204
1783350900,68.71,68.78,68.66,68.74,187
1783351200,68.75,68.81,68.66,68.7,187
1783351500,68.71,68.94,68.71,68.88,490
1783351800,68.87,69.04,68.81,68.89,652
1783352100,68.9,68.92,68.78,68.81,191
1783352400,68.78,68.86,68.71,68.74,164
1783352700,68.72,68.86,68.68,68.82,218
1783353000,68.82,68.84,68.7,68.76,219
1783353300,68.77,68.77,68.71,68.75,66
1783353600,68.75,68.83,68.73,68.76,141
1783353900,68.77,68.77,68.66,68.68,191
1783354200,68.67,68.72,68.65,68.72,145
1783354500,68.69,68.7,68.51,68.51,291
1783354800,68.52,68.54,68.41,68.46,581
1783355100,68.46,68.47,68.35,68.37,277
1783355400,68.37,68.4,68.27,68.33,396
1783355700,68.33,68.41,68.31,68.35,261
1783356000,68.34,68.37,68.3,68.31,185
1783356300,68.35,68.43,68.35,68.35,171
1783356600,68.33,68.33,68.23,68.27,270
1783356900,68.28,68.35,68.26,68.31,219
1783357200,68.31,68.37,68.23,68.27,259
1783357500,68.26,68.29,68.22,68.28,127
1783357800,68.28,68.29,68.22,68.28,123
1783358100,68.28,68.35,68.28,68.3,155
1783358400,68.32,68.37,68.27,68.35,301
1783358700,68.36,68.5,68.35,68.42,370
1783359000,68.41,68.47,68.38,68.43,130
1783359300,68.43,68.52,68.43,68.47,229
1783359600,68.45,68.52,68.41,68.52,146
1783359900,68.53,68.53,68.45,68.45,119
1783360200,68.42,68.58,68.42,68.5,168
1783360500,68.48,68.52,68.41,68.52,185
1783360800,68.52,68.56,68.48,68.52,118
1783361100,68.54,68.59,68.52,68.52,57
1783361400,68.54,68.58,68.5,68.56,85
1783361700,68.55,68.57,68.52,68.54,74
1783362000,68.55,68.56,68.47,68.5,110
1783362300,68.5,68.62,68.44,68.55,334
1783362600,68.57,68.57,68.35,68.49,293
1783362900,68.49,68.53,68.45,68.49,95
1783363200,68.48,68.59,68.48,68.54,120
1783363500,68.54,68.59,68.53,68.57,51
1783363800,68.57,68.58,68.52,68.53,80
1783364100,68.54,68.6,68.53,68.54,86
1783364400,68.54,68.62,68.54,68.58,69
1783364700,68.62,68.63,68.6,68.6,76
1783365000,68.61,68.62,68.59,68.62,25
1783365300,68.61,68.69,68.61,68.69,180
1783365600,68.7,68.74,68.68,68.72,152
1783365900,68.69,68.74,68.68,68.71,105
1783366200,68.72,68.73,68.69,68.71,69
1783366500,68.68,68.71,68.64,68.66,109
1783366800,68.65,68.72,68.65,68.7,86
1783367100,68.69,68.76,68.68,68.74,157
1783367400,68.7,68.75,68.7,68.72,74
1783367700,68.73,68.73,68.65,68.68,179
1783368000,68.68,68.71,68.63,68.65,92
1783368300,68.63,68.67,68.62,68.65,57
1783368600,68.66,68.7,68.66,68.68,117
1783368900,68.68,68.7,68.67,68.7,37
1783369200,68.69,68.7,68.68,68.69,19
1783369500,68.69,68.69,68.66,68.67,26
1783369800,68.68,68.77,68.66,68.75,137
1783370100,68.74,68.75,68.68,68.7,61
1783370400,68.7,68.71,68.66,68.68,54
1783370700,68.66,68.69,68.64,68.67,111
1783371000,68.66,68.69,68.62,68.62,86
1783371300,68.62,68.63,68.58,68.58,119
1783375200,68.58,68.71,68.5,68.65,222
1783375500,68.67,68.7,68.65,68.67,49
1783375800,68.66,68.67,68.63,68.63,27
1783376100,68.65,68.68,68.64,68.67,26
1783376400,68.65,68.68,68.65,68.68,23
1783376700,68.67,68.7,68.66,68.67,41
1783377000,68.68,68.69,68.66,68.67,15
1783377300,68.69,68.69,68.68,68.69,11
1783377600,68.69,68.7,68.68,68.7,27
1783377900,68.71,68.72,68.69,68.7,31
1783378200,68.71,68.74,68.7,68.72,65
1783378500,68.72,68.75,68.69,68.75,46
1783378800,68.75,68.75,68.68,68.71,74
1783379100,68.7,68.7,68.66,68.69,36
1783379400,68.7,68.71,68.69,68.71,27
1783379700,68.7,68.89,68.65,68.83,294
1783380000,68.83,68.85,68.8,68.84,65
1783380300,68.83,68.83,68.78,68.8,43
1783380600,68.81,68.85,68.81,68.81,77
1783380900,68.81,68.82,68.78,68.78,39
1783381200,68.78,68.79,68.76,68.79,100
1783381500,68.79,68.81,68.77,68.79,26
1783381800,68.79,68.79,68.76,68.76,14
1783382100,68.75,68.78,68.74,68.74,46
1783382400,68.75,68.77,68.71,68.75,219
1783382700,68.76,68.88,68.76,68.85,180
1783383000,68.85,68.89,68.83,68.88,77
1783383300,68.89,68.9,68.85,68.89,90
1783383600,68.88,68.92,68.83,68.84,134
1783383900,68.83,68.86,68.76,68.76,148
1783384200,68.77,68.81,68.71,68.81,208
1783384500,68.82,68.83,68.8,68.83,35
1783384800,68.83,68.85,68.81,68.85,90
1783385100,68.85,68.86,68.76,68.81,135
1783385400,68.82,68.82,68.78,68.81,33
1783385700,68.83,68.89,68.83,68.88,76
1783386000,68.87,68.95,68.76,68.83,322
1783386300,68.84,68.86,68.76,68.76,80
1783386600,68.78,68.79,68.7,68.71,169
1783386900,68.71,68.73,68.62,68.66,270
1783387200,68.66,68.7,68.63,68.7,88
1783387500,68.69,68.78,68.69,68.76,156
1783387800,68.75,68.83,68.74,68.79,115
1783388100,68.8,68.86,68.77,68.86,105
1783388400,68.84,68.95,68.83,68.9,321
1783388700,68.89,68.95,68.87,68.91,311
1783389000,68.91,69.06,68.9,69.02,459
1783389300,69.03,69.09,69,69.07,291
1783389600,69.05,69.1,69,69.07,290
1783389900,69.07,69.24,69.06,69.21,615
1783390200,69.23,69.24,69.16,69.17,427
1783390500,69.18,69.28,69.16,69.22,249
1783390800,69.23,69.24,69.19,69.21,228
1783391100,69.22,69.25,69.2,69.21,179
1783391400,69.22,69.3,69.19,69.22,329
1783391700,69.25,69.25,69.12,69.12,261
1783392000,69.11,69.12,69.04,69.08,219
1783392300,69.07,69.1,69.05,69.08,166
1783392600,69.08,69.1,69.03,69.08,167
1783392900,69.08,69.09,68.96,69,351
1783393200,69,69.09,69,69.06,198
1783393500,69.06,69.21,69.06,69.19,237
1783393800,69.19,69.21,69.14,69.2,158
1783394100,69.19,69.19,69.07,69.08,263
1783394400,69.09,69.1,69.03,69.04,192
1783394700,69.03,69.06,68.96,69.06,158
1783395000,69.06,69.06,68.92,68.96,273
1783395300,68.94,68.97,68.92,68.93,80
1783395600,68.93,68.96,68.92,68.93,133
1783395900,68.93,68.94,68.86,68.87,145
1783396200,68.86,68.91,68.85,68.91,107
1783396500,68.92,68.97,68.9,68.94,117
1783396800,68.95,68.98,68.92,68.96,102
1783397100,68.95,69,68.94,68.98,76
1783397400,69,69,68.95,68.97,66
1783397700,68.99,68.99,68.94,68.96,39
1783398000,68.96,69.02,68.96,68.99,50
1783398300,69,69.01,68.99,69,26
1783398600,68.98,69.02,68.98,69.01,29
1783398900,69.03,69.03,68.96,68.98,40
1783399200,68.98,69,68.95,69,34
1783399500,69,69.02,68.97,68.99,41
1783399800,68.99,69.01,68.98,69.01,31
1783400100,69.01,69.01,68.94,68.97,130
1783400400,68.99,69.05,68.96,69.02,74
1783400700,69.02,69.02,68.98,69,23
1783401000,69.02,69.1,69.01,69.08,140
1783401300,69.07,69.15,69.07,69.11,149
1783401600,69.11,69.16,69.1,69.12,80
1783401900,69.14,69.24,69.12,69.19,153
1783402200,69.21,69.29,69.19,69.23,356
1783402500,69.23,69.25,69.18,69.24,154
1783402800,69.24,69.29,69.2,69.2,170
1783403100,69.2,69.27,69.13,69.27,170
1783403400,69.27,69.38,69.26,69.34,502
1783403700,69.34,69.45,69.32,69.37,293
1783404000,69.37,69.43,69.29,69.4,330
1783404300,69.4,69.44,69.3,69.31,253
1783404600,69.3,69.31,69.23,69.3,185
1783404900,69.28,69.34,69.2,69.33,203
1783405200,69.32,69.37,69.3,69.37,144
1783405500,69.36,69.36,69.2,69.24,209
1783405800,69.24,69.28,69.2,69.21,209
1783406100,69.2,69.28,69.2,69.28,121
1783406400,69.29,69.31,69.26,69.27,112
1783406700,69.28,69.48,69.28,69.45,488
1783407000,69.45,69.45,69.4,69.4,171
1783407300,69.4,69.45,69.35,69.44,214
1783407600,69.45,69.55,69.39,69.52,595
1783407900,69.53,69.54,69.37,69.38,225
1783408200,69.4,69.43,69.31,69.38,250
1783408500,69.38,69.38,69.32,69.33,174
1783408800,69.36,69.47,69.34,69.43,164
1783409100,69.43,69.5,69.37,69.46,122
1783409400,69.47,69.6,69.41,69.49,356
1783409700,69.48,69.52,69.36,69.39,296
1783410000,69.37,69.44,69.31,69.4,146
1783410300,69.42,69.57,69.42,69.56,243
1783410600,69.56,69.62,69.55,69.59,225
1783410900,69.58,69.59,69.34,69.34,309
1783411200,69.34,69.42,69.32,69.37,204
1783411500,69.34,69.37,69.25,69.28,344
1783411800,69.29,69.44,69.27,69.41,248
1783412100,69.41,69.41,69.26,69.29,258
1783412400,69.28,69.36,69.16,69.31,558
1783412700,69.31,69.31,69.04,69.06,643
1783413000,69.06,69.15,68.97,69.14,655
1783413300,69.15,69.38,69.11,69.34,530
1783413600,69.33,69.39,69.22,69.32,285
1783413900,69.31,69.48,69.28,69.41,293
1783414200,69.4,69.54,69.4,69.46,306
1783414500,69.46,69.47,69.3,69.36,282
1783414800,69.36,69.53,69.36,69.5,180
1783415100,69.5,69.68,69.47,69.66,376
1783415400,69.66,69.75,69.5,69.51,435
1783415700,69.53,69.56,69.44,69.53,283
1783416000,69.52,69.59,69.46,69.48,150
1783416300,69.48,69.5,69.19,69.29,739
1783416600,69.31,69.38,69.23,69.38,198
1783416900,69.38,69.43,69.23,69.23,144
1783417200,69.23,69.23,69.06,69.13,436
1783417500,69.15,69.27,69.15,69.27,134
1783417800,69.26,69.31,69.21,69.26,259
1783418100,69.28,69.32,69.25,69.31,110
1783418400,69.27,69.27,69.13,69.16,164
1783418700,69.16,69.22,69.09,69.11,155
1783419000,69.11,69.22,69.1,69.2,126
1783419300,69.19,69.24,69.11,69.2,170
1783419600,69.21,69.24,69.16,69.18,69
1783419900,69.19,69.25,69.15,69.17,99
1783420200,69.2,69.2,69.06,69.13,242
1783420500,69.13,69.16,69.08,69.14,164
1783420800,69.14,69.28,69.11,69.23,238
1783421100,69.22,69.33,69.22,69.29,157
1783421400,69.32,69.35,69.29,69.3,146
1783421700,69.3,69.41,69.29,69.39,213
1783422000,69.39,69.46,69.37,69.45,248
1783422300,69.41,69.43,69.31,69.31,162
1783422600,69.32,69.32,69.22,69.28,197
1783422900,69.26,69.33,69.09,69.15,380
1783423200,69.16,69.23,69.14,69.19,173
1783423500,69.19,69.23,69.08,69.1,225
1783423800,69.08,69.08,68.93,69.02,578
1783424100,69.02,69.06,68.98,69.05,279
1783424400,69.06,69.21,69.05,69.17,264
1783424700,69.17,69.22,69.1,69.14,173
1783425000,69.13,69.14,69.06,69.1,142
1783425300,69.07,69.07,68.99,69.02,247
1783425600,69.02,69.11,69,69.1,257
1783425900,69.09,69.09,68.88,68.9,403
1783426200,68.92,69.04,68.91,69.01,271
1783426500,69.01,69.06,68.96,69.03,222
1783426800,69.05,69.11,68.99,69.01,214
1783427100,69.02,69.07,68.97,69.02,123
1783427400,69.04,69.09,68.97,69.06,203
1783427700,69.06,69.07,68.92,69.03,255
1783428000,69.03,69.25,69.03,69.22,605
1783428300,69.2,69.34,69.19,69.3,424
1783428600,69.3,69.33,69.21,69.28,230
1783428900,69.27,69.29,69.03,69.14,462
1783429200,69.13,69.38,69.11,69.34,664
1783429500,69.35,69.4,69.21,69.22,525
1783429800,69.21,69.42,69.21,69.37,620
1783430100,69.37,69.39,69.23,69.27,390
1783430400,69.26,69.81,69.23,69.62,2279
1783430700,69.61,69.73,69.56,69.61,971
1783431000,69.58,69.75,69.54,69.55,877
1783431300,69.55,69.59,69.48,69.51,492
1783431600,69.51,69.88,69.51,69.84,1125
1783431900,69.82,69.92,69.71,69.75,813
1783432200,69.76,69.89,69.73,69.86,454
1783432500,69.87,70.07,69.86,70.03,1415
1783432800,70.03,70.34,69.97,70.27,1901
1783433100,70.27,70.55,70.21,70.48,1783
1783433400,70.48,70.51,70.18,70.19,1696
1783433700,70.18,70.19,69.78,69.84,1879
1783434000,69.84,70.22,69.84,70.22,1269
1783434300,70.21,70.31,70.11,70.23,693
1783434600,70.25,70.41,70.23,70.3,736
1783434900,70.31,70.34,70.18,70.26,511
1783435200,70.26,70.26,70.01,70.03,492
1783435500,70.05,70.07,69.97,70,443
1783435800,70,70.16,69.99,70.14,463
1783436100,70.15,70.25,70.14,70.22,434
1783436400,70.23,70.3,70.15,70.18,445
1783436700,70.2,70.32,70.18,70.28,346
1783437000,70.28,70.35,70.2,70.29,438
1783437300,70.31,70.38,70.26,70.37,625
1783437600,70.36,70.48,70.32,70.32,733
1783437900,70.31,70.37,70.2,70.21,558
1783438200,70.21,70.31,70.08,70.31,796
1783438500,70.31,70.33,70.16,70.16,292
1783438800,70.17,70.31,70.12,70.31,250
1783439100,70.3,70.56,70.3,70.53,1248
1783439400,70.54,70.55,70.46,70.53,403
1783439700,70.53,70.54,70.34,70.34,349
1783440000,70.35,70.46,70.3,70.42,373
1783440300,70.4,70.55,70.39,70.51,381
1783440600,70.5,70.51,70.36,70.41,309
1783440900,70.42,70.48,70.38,70.43,167
1783441200,70.42,70.47,70.37,70.46,185
1783441500,70.47,70.57,70.43,70.52,713
1783441800,70.51,70.51,70.37,70.38,302
1783442100,70.38,70.42,70.32,70.42,274
1783442400,70.4,70.46,70.4,70.44,147
1783442700,70.42,70.5,70.4,70.46,237
1783443000,70.48,70.52,70.4,70.44,235
1783443300,70.44,70.49,70.42,70.44,119
1783443600,70.43,70.44,70.34,70.4,308
1783443900,70.41,70.62,70.41,70.52,665
1783444200,70.51,70.54,70.4,70.4,201
1783444500,70.41,70.58,70.4,70.56,343
1783444800,70.56,70.66,70.54,70.62,882
1783445100,70.62,70.62,70.56,70.59,177
1783445400,70.62,70.64,70.54,70.57,221
1783445700,70.58,70.72,70.56,70.63,347
1783446000,70.63,70.64,70.5,70.5,472
1783446300,70.5,70.52,70.42,70.46,288
1783446600,70.44,70.47,70.34,70.36,379
1783446900,70.36,70.44,70.34,70.44,208
1783447200,70.42,70.52,70.39,70.44,249
1783447500,70.45,70.52,70.45,70.45,148
1783447800,70.47,70.49,70.41,70.45,136
1783448100,70.44,70.58,70.44,70.55,339
1783448400,70.54,70.58,70.43,70.43,202
1783448700,70.43,70.49,70.36,70.48,455
1783449000,70.49,70.65,70.43,70.46,730
1783449300,70.45,70.46,70.39,70.39,157
1783449600,70.4,70.44,70.3,70.42,357
1783449900,70.41,71.1,70.39,70.85,2435
1783450200,70.88,71.28,70.77,71.23,1561
1783450500,71.24,71.45,71.21,71.44,1246
1783450800,71.46,71.7,71.42,71.69,1572
1783451100,71.7,71.94,71.64,71.92,1455
1783451400,71.92,72.13,71.92,72.07,1883
1783451700,72.09,72.51,72.07,72.14,3242
1783452000,72.16,72.35,71.95,72.25,2604
1783452300,72.25,72.34,72.12,72.22,917
1783452600,72.21,72.32,72.15,72.2,601
1783452900,72.21,72.21,72,72.1,1041
1783453200,72.1,72.17,71.84,71.89,1842
1783453500,71.89,72.13,71.83,71.93,1191
1783453800,71.92,71.95,71.75,71.87,1035
1783454100,71.87,71.97,71.83,71.89,435
1783454400,71.89,72.06,71.88,72,507
1783454700,72,72.11,71.9,72.07,235
1783455000,72.05,72.09,71.97,72.02,338
1783455300,72.02,72.11,71.96,71.99,604
1783455600,71.98,72.07,71.98,72.04,189
1783455900,72.06,72.08,72.02,72.06,110
1783456200,72.05,72.29,72.05,72.27,681
1783456500,72.26,72.3,72.16,72.2,492
1783456800,72.16,72.21,72.12,72.14,210
1783457100,72.15,72.3,72.15,72.3,345
1783457400,72.29,72.3,72.19,72.2,257
1783457700,72.21,72.21,72.12,72.19,258
1783461600,72.51,72.66,72.06,72.26,1711
1783461900,72.26,72.44,72.26,72.44,230
1783462200,72.43,72.45,72.34,72.34,348
1783462500,72.34,72.34,72.27,72.32,184
1783462800,72.34,72.36,72.27,72.35,132
1783463100,72.35,72.44,72.34,72.41,148
1783463400,72.43,72.44,72.36,72.37,148
1783463700,72.38,72.44,72.36,72.39,118
1783464000,72.38,72.46,72.36,72.44,129
1783464300,72.43,72.45,72.39,72.45,60
1783464600,72.45,72.5,72.42,72.49,219
1783464900,72.49,72.5,72.43,72.46,177
1783465200,72.47,72.49,72.43,72.44,112
1783465500,72.43,72.5,72.42,72.47,173
1783465800,72.47,72.47,72.38,72.4,191
1783466100,72.39,72.41,72.3,72.31,184
1783466400,72.31,72.42,72.29,72.38,210
1783466700,72.38,72.47,72.35,72.43,232
1783467000,72.44,72.46,72.32,72.41,190
1783467300,72.4,72.49,72.4,72.48,109
1783467600,72.48,72.49,72.38,72.42,117
1783467900,72.4,72.42,72.3,72.34,243
1783468200,72.34,72.37,72.28,72.31,167
1783468500,72.3,72.44,72.23,72.41,273
1783468800,72.41,72.51,72.34,72.47,890
1783469100,72.48,72.52,72.46,72.49,226
1783469400,72.5,72.5,72.45,72.49,186
1783469700,72.48,72.71,72.47,72.64,889
1783470000,72.64,72.68,72.45,72.53,397
1783470300,72.54,72.58,72.41,72.52,594
1783470600,72.53,72.54,72.34,72.34,338
1783470900,72.34,72.38,72.21,72.24,573
1783471200,72.23,72.31,72.04,72.11,593
1783471500,72.09,72.19,72.06,72.12,273
1783471800,72.12,72.17,72.01,72.13,428
1783472100,72.13,72.15,71.93,71.96,437
1783472400,71.96,71.97,71.75,71.9,1023
1783472700,71.9,72.14,71.89,72.04,804
1783473000,72.05,72.05,71.87,71.92,339
1783473300,71.93,71.98,71.87,71.91,259
1783473600,71.9,71.9,71.78,71.83,535
1783473900,71.78,71.85,71.76,71.82,273
1783474200,71.8,71.97,71.78,71.94,346
1783474500,71.95,72.06,71.9,72.05,625
1783474800,72.05,72.15,72.01,72.1,444
1783475100,72.09,72.16,72,72.1,297
1783475400,72.14,72.15,72.02,72.11,213
1783475700,72.11,72.16,72.06,72.14,341
1783476000,72.12,72.15,72,72.15,174
1783476300,72.16,72.25,72.13,72.22,300
1783476600,72.22,72.32,72.22,72.26,314
1783476900,72.27,72.35,72.25,72.34,224
1783477200,72.35,72.41,72.34,72.41,242
1783477500,72.42,72.6,72.39,72.42,698
1783477800,72.44,72.47,72.3,72.3,422
1783478100,72.32,72.34,72.09,72.1,473
1783478400,72.12,72.19,72.09,72.12,265
1783478700,72.13,72.23,72.11,72.23,162
1783479000,72.24,72.31,72.23,72.26,225
1783479300,72.27,72.29,72.23,72.25,157
1783479600,72.25,72.34,72.21,72.3,155
1783479900,72.32,72.39,72.29,72.38,251
1783480200,72.38,72.4,72.28,72.33,193
1783480500,72.33,72.35,72.26,72.28,167
1783480800,72.28,72.31,72.23,72.28,115
1783481100,72.28,72.3,72.22,72.23,72
1783481400,72.24,72.29,72.17,72.28,247
1783481700,72.29,72.33,72.28,72.31,78
1783482000,72.31,72.32,72.23,72.29,69
1783482300,72.3,72.32,72.26,72.27,66
1783482600,72.26,72.29,72.21,72.22,86
1783482900,72.23,72.27,72.2,72.26,55
1783483200,72.26,72.29,72.24,72.26,68
1783483500,72.27,72.35,72.26,72.27,83
1783483800,72.26,72.39,72.26,72.37,159
1783484100,72.35,72.4,72.3,72.34,111
1783484400,72.35,72.37,72.29,72.29,164
1783484700,72.3,72.3,72.26,72.26,47
1783485000,72.26,72.26,72.19,72.25,165
1783485300,72.26,72.27,72.24,72.27,75
1783485600,72.25,72.3,72.22,72.27,258
1783485900,72.28,72.32,72.28,72.3,57
1783486200,72.3,72.32,72.29,72.31,79
1783486500,72.29,72.38,72.26,72.38,100
1783486800,72.38,72.48,72.35,72.42,323
1783487100,72.43,72.58,72.43,72.58,357
1783487400,72.58,72.6,72.42,72.47,390
1783487700,72.49,72.64,72.49,72.63,234
1783488000,72.61,72.93,72.59,72.84,1357
1783488300,72.87,72.89,72.69,72.75,358
1783488600,72.75,72.77,72.66,72.72,365
1783488900,72.72,72.75,72.6,72.61,212
1783489200,72.62,72.62,72.33,72.58,773
1783489500,72.59,72.67,72.55,72.65,427
1783489800,72.65,72.79,72.65,72.74,385
1783490100,72.75,72.82,72.71,72.77,261
1783490400,72.77,72.85,72.63,72.69,399
1783490700,72.7,72.84,72.69,72.79,340
1783491000,72.79,72.93,72.76,72.81,400
1783491300,72.83,72.83,72.62,72.62,415
1783491600,72.62,72.84,72.61,72.72,449
1783491900,72.73,72.74,72.61,72.65,290
1783492200,72.66,72.82,72.6,72.76,438
1783492500,72.77,72.84,72.7,72.72,227
1783492800,72.71,72.78,72.65,72.69,358
1783493100,72.69,72.75,72.57,72.61,379
1783493400,72.62,72.72,72.55,72.67,352
1783493700,72.68,72.68,72.56,72.56,272
1783494000,72.56,72.74,72.54,72.72,307
1783494300,72.71,72.86,72.57,72.6,513
1783494600,72.59,72.6,72.44,72.52,487
1783494900,72.51,72.52,72.36,72.37,432
1783495200,72.36,72.38,72.15,72.26,606
1783495500,72.27,72.27,72,72.02,465
1783495800,72.02,72.05,71.94,71.99,527
1783496100,71.97,72.04,71.94,72,304
1783496400,72,72.02,71.81,71.89,474
1783496700,71.88,72.02,71.83,71.89,605
1783497000,71.92,72.06,71.88,72,310
1783497300,72.01,72.1,72,72.07,294
1783497600,72.06,72.23,72.03,72.22,385
1783497900,72.22,72.26,72.02,72.04,536
1783498200,72.04,72.07,71.93,72.03,365
1783498500,72.03,73.68,72,73.52,2691
1783498800,73.53,74.17,73.35,73.98,3599
1783499100,73.99,74.26,73.97,74.03,2519
1783499400,74.04,74.4,73.95,74.4,2118
1783499700,74.4,74.79,74.31,74.74,2265
1783500000,74.74,74.91,74.65,74.68,1775
1783500300,74.69,74.7,74.25,74.62,2062
1783500600,74.61,74.71,74.45,74.68,896
1783500900,74.67,74.92,74.57,74.85,1017
1783501200,74.85,75.07,74.8,74.85,1587
1783501500,74.86,75.03,74.82,74.98,1268
1783501800,75,75.11,74.85,75.11,1058
1783502100,75.12,75.14,74.93,74.96,986
1783502400,74.97,75.3,74.85,75.07,1521
1783502700,75.09,75.19,74.77,74.87,1110
1783503000,74.85,74.89,74.51,74.52,1301
1783503300,74.53,74.77,74.44,74.51,983
1783503600,74.51,74.64,74.45,74.59,1327
1783503900,74.56,74.73,74.45,74.67,1038
1783504200,74.68,74.79,74.53,74.79,567
1783504500,74.8,75.06,74.79,74.89,1044
1783504800,74.87,74.97,74.68,74.68,594
1783505100,74.71,74.98,74.65,74.65,772
1783505400,74.65,74.79,74.59,74.64,517
1783505700,74.61,74.69,74.31,74.35,1105
1783506000,74.35,74.46,74.26,74.45,645
1783506300,74.43,74.49,74.17,74.19,918
1783506600,74.21,74.23,73.81,73.88,1474
1783506900,73.87,74.13,73.87,73.92,810
1783507200,73.92,74.03,73.87,73.97,439
1783507500,73.98,74.14,73.86,74.1,420
1783507800,74.06,74.1,73.9,73.98,394
1783508100,73.98,74.17,73.96,74.16,311
1783508400,74.16,74.22,73.96,74.04,515
1783508700,74.02,74.24,73.97,74.22,386
1783509000,74.18,74.31,74.13,74.17,536
1783509300,74.19,74.34,74.17,74.25,373
1783509600,74.23,74.42,74.23,74.29,419
1783509900,74.28,74.43,74.26,74.3,381
1783510200,74.32,74.44,74.29,74.34,359
1783510500,74.34,74.57,74.33,74.52,778
1783510800,74.52,74.55,73.51,74.03,1380
1783511100,74.04,74.11,73.83,73.98,1475
1783511400,73.95,74.13,73.87,74,676
1783511700,74,74.12,73.85,74.07,428
1783512000,74.07,74.35,74.04,74.24,1045
1783512300,74.24,74.32,74.07,74.12,727
1783512600,74.13,74.15,73.86,74,934
1783512900,74,74.02,73.52,73.57,1326
1783513200,73.6,73.69,73.53,73.62,704
1783513500,73.63,73.68,73.41,73.46,923
1783513800,73.47,73.56,73.33,73.42,1016
1783514100,73.43,73.55,73.26,73.29,1071
1783514400,73.28,73.4,73.2,73.33,680
1783514700,73.32,73.57,73.3,73.4,1006
1783515000,73.41,73.41,73.16,73.28,927
1783515300,73.3,73.89,73.15,73.86,2386
1783515600,73.84,74.08,73.72,73.94,2231
1783515900,73.94,74.18,73.88,73.92,2162
1783516200,73.92,74.1,73.61,73.77,1518
1783516500,73.77,73.97,73.69,73.97,786
1783516800,73.96,74.05,73.84,73.93,863
1783517100,73.92,74.29,73.79,74.22,2166
1783517400,74.22,74.3,73.79,73.92,1362
1783517700,73.93,74.05,73.76,73.78,934
1783518000,73.77,73.78,73.53,73.56,1350
1783518300,73.55,73.63,73.44,73.55,996
1783518600,73.54,73.7,73.31,73.69,921
1783518900,73.69,73.82,73.58,73.75,970
1783519200,73.76,73.97,73.75,73.88,826
1783519500,73.91,74.4,73.87,74.22,2009
1783519800,74.21,74.34,73.94,74.33,2129
1783520100,74.33,74.87,74.33,74.86,2605
1783520400,74.86,74.97,74.75,74.94,2100
1783520700,74.94,75.51,74.82,75.51,3607
1783521000,75.5,75.68,75.34,75.6,3944
1783521300,75.6,75.78,75.48,75.58,2512
1783521600,75.57,75.57,75.27,75.33,2852
1783521900,75.31,75.47,75.09,75.23,1976
1783522200,75.24,75.46,75.21,75.45,1414
1783522500,75.45,75.54,75.3,75.32,1442
1783522800,75.3,75.66,75.24,75.62,2094
1783523100,75.6,75.78,75.41,75.7,1742
1783523400,75.7,75.77,75.56,75.67,885
1783523700,75.67,75.85,75.45,75.49,1730
1783524000,75.48,75.56,75.24,75.39,1830
1783524300,75.37,75.54,75.25,75.29,1343
1783524600,75.28,75.74,75.26,75.72,1183
1783524900,75.72,75.81,75.63,75.74,935
1783525200,75.75,75.76,75.61,75.65,452
1783525500,75.66,75.98,75.65,75.94,1220
1783525800,75.95,76.08,75.94,75.96,1388
1783526100,75.95,76,75.83,75.83,646
1783526400,75.83,75.98,75.7,75.73,1011
1783526700,75.73,75.74,75.3,75.34,1727
1783527000,75.34,75.36,75.03,75.3,2059
1783527300,75.31,75.44,75.21,75.32,1066
1783527600,75.31,75.31,75.12,75.21,699
1783527900,75.2,75.22,74.84,75.05,1072
1783528200,75.07,75.15,74.83,75.13,1727
1783528500,75.12,75.32,74.78,74.83,1572
1783528800,74.84,75.06,74.59,74.63,2041
1783529100,74.63,74.82,74.54,74.6,794
1783529400,74.59,74.67,74.42,74.6,1342
1783529700,74.6,74.63,74.37,74.57,1045
1783530000,74.58,74.63,74.34,74.41,844
1783530300,74.4,74.42,74.17,74.39,1098
1783530600,74.38,74.42,74.18,74.3,585
1783530900,74.29,74.32,74.11,74.2,497
1783531200,74.19,74.22,74.05,74.15,816
1783531500,74.14,74.14,73.81,73.85,1284
1783531800,73.84,73.87,73.63,73.84,1198
1783532100,73.82,73.97,73.77,73.97,588
1783532400,73.96,73.98,73.71,73.75,495
1783532700,73.77,73.9,73.74,73.87,342
1783533000,73.86,73.86,73.54,73.59,824
1783533300,73.58,73.8,73.58,73.77,406
1783533600,73.79,73.82,73.6,73.7,550
1783533900,73.69,73.78,73.66,73.74,330
1783534200,73.73,73.77,73.5,73.62,608
1783534500,73.62,73.77,73.55,73.55,488
1783534800,73.56,73.68,73.46,73.66,630
1783535100,73.65,73.77,73.43,73.52,1453
1783535400,73.53,73.6,73.35,73.58,740
1783535700,73.57,73.82,73.56,73.7,726
1783536000,73.72,73.85,73.71,73.76,650
1783536300,73.77,73.81,73.65,73.66,268
1783536600,73.67,73.74,73.61,73.67,257
1783536900,73.68,73.71,73.56,73.61,369
1783537200,73.61,73.72,73.61,73.7,198
1783537500,73.7,73.74,73.65,73.7,89
1783537800,73.68,73.68,73.59,73.6,172
1783538100,73.59,73.63,73.49,73.63,323
1783538400,73.63,73.64,73.54,73.58,168
1783538700,73.59,73.63,73.55,73.63,124
1783539000,73.61,73.82,73.59,73.81,290
1783539300,73.81,73.88,73.74,73.85,369
1783539600,73.84,74.12,73.82,74.07,820
1783539900,74.09,74.31,74.03,74.29,1010
1783540200,74.29,74.32,73.96,74.04,711
1783540500,74.04,74.07,73.92,74.06,397
1783540800,74.07,74.3,74.06,74.25,541
1783541100,74.25,74.31,74.23,74.28,452
1783541400,74.28,74.6,74.24,74.38,1451
1783541700,74.38,74.65,74.36,74.57,888
1783542000,74.57,74.8,74.55,74.66,776
1783542300,74.65,74.67,74.48,74.62,595
1783542600,74.61,74.88,74.6,74.8,692
1783542900,74.8,75.06,74.79,75.01,904
1783543200,75.02,75.05,74.84,74.85,499
1783543500,74.85,74.85,74.72,74.77,503
1783543800,74.77,74.77,74.49,74.72,501
1783544100,74.71,74.83,74.58,74.75,442
1783548000,74.81,75.15,74.5,74.61,850
1783548300,74.63,74.73,74.56,74.7,158
1783548600,74.72,74.74,74.6,74.62,160
1783548900,74.65,74.7,74.56,74.64,166
1783549200,74.66,74.69,74.6,74.61,97
1783549500,74.59,74.63,74.33,74.51,294
1783549800,74.52,74.56,74.21,74.29,572
1783550100,74.3,74.61,74.23,74.55,265
1783550400,74.54,74.58,74.45,74.52,124
1783550700,74.53,74.59,74.51,74.55,71
1783551000,74.58,74.61,74.56,74.6,151
1783551300,74.59,74.62,74.46,74.53,189
1783551600,74.51,74.54,74.48,74.54,57
1783551900,74.52,74.57,74.51,74.53,94
1783552200,74.53,74.55,74.51,74.51,34
1783552500,74.51,74.58,74.5,74.57,52
1783552800,74.55,74.56,74.46,74.48,74
1783553100,74.47,74.48,74.41,74.47,99
1783553400,74.47,74.5,74.42,74.45,64
1783553700,74.47,74.47,74.4,74.4,60
1783554000,74.4,74.46,74.4,74.42,46
1783554300,74.44,74.51,74.44,74.45,60
1783554600,74.45,74.47,74.44,74.45,72
1783554900,74.45,74.47,74.4,74.47,59
1783555200,74.45,74.51,74.31,74.31,339
1783555500,74.34,74.36,74.15,74.3,456
1783555800,74.3,74.31,74.15,74.22,223
1783556100,74.24,74.26,74.12,74.17,216
1783556400,74.18,74.3,74.16,74.29,265
1783556700,74.27,74.38,74.19,74.23,230
1783557000,74.21,74.33,74.08,74.33,306
1783557300,74.31,74.39,74.19,74.25,272
1783557600,74.25,74.25,74.16,74.24,93
1783557900,74.24,74.29,74.2,74.25,143
1783558200,74.23,74.32,74.21,74.26,747
1783558500,74.25,74.26,73.96,74,1020
1783558800,74,74.33,73.85,74.26,781
1783559100,74.24,74.26,74.08,74.1,318
1783559400,74.1,74.49,74.09,74.47,468
1783559700,74.48,74.64,74.44,74.49,550
1783560000,74.48,74.56,74.38,74.48,364
1783560300,74.47,74.51,74.38,74.4,186
1783560600,74.4,74.41,74.22,74.24,351
1783560900,74.24,74.26,74.1,74.2,430
1783561200,74.18,74.2,74.12,74.19,157
1783561500,74.17,74.24,74.1,74.17,268
1783561800,74.17,74.21,74.13,74.21,129
1783562100,74.2,74.21,74.09,74.12,161
1783562400,74.11,74.18,73.98,74.06,472
1783562700,74.06,74.25,74.05,74.21,277
1783563000,74.22,74.29,74.14,74.21,313
1783563300,74.18,74.23,74.17,74.21,78
1783563600,74.2,74.33,74.18,74.31,181
1783563900,74.31,74.33,74.24,74.25,225
1783564200,74.26,74.42,74.26,74.38,253
1783564500,74.39,74.49,74.37,74.47,264
1783564800,74.48,74.5,74.43,74.43,113
1783565100,74.42,74.6,74.4,74.59,256
1783565400,74.58,74.68,74.56,74.6,341
1783565700,74.6,74.6,74.48,74.51,372
1783566000,74.5,74.6,74.49,74.53,221
1783566300,74.53,74.53,74.34,74.4,370
1783566600,74.39,74.45,74.28,74.32,182
1783566900,74.32,74.34,74.26,74.33,277
1783567200,74.34,74.45,74.33,74.42,161
1783567500,74.43,74.46,74.36,74.42,152
1783567800,74.42,74.42,74.17,74.25,507
1783568100,74.25,74.29,74.21,74.28,137
1783568400,74.27,74.37,74.24,74.37,227
1783568700,74.35,74.38,74.31,74.34,156
1783569000,74.34,74.38,74.26,74.26,110
1783569300,74.28,74.33,74.26,74.29,77
1783569600,74.28,74.37,74.27,74.31,96
1783569900,74.32,74.36,74.3,74.3,61
1783570200,74.32,74.37,74.3,74.35,61
1783570500,74.36,74.37,74.34,74.34,37
1783570800,74.35,74.39,74.31,74.38,46
1783571100,74.4,74.43,74.39,74.4,68
1783571400,74.39,74.42,74.33,74.37,84
1783571700,74.36,74.37,74.33,74.35,33
1783572000,74.33,74.35,74.24,74.29,225
1783572300,74.3,74.34,74.3,74.3,57
1783572600,74.31,74.35,74.29,74.33,38
1783572900,74.35,74.39,74.34,74.36,156
1783573200,74.33,74.4,74.28,74.33,181
1783573500,74.34,74.34,74.25,74.3,102
1783573800,74.3,74.32,73.99,74.27,781
1783574100,74.27,74.56,74.25,74.49,759
1783574400,74.48,74.53,74.4,74.45,176
1783574700,74.45,74.47,74.29,74.3,147
1783575000,74.3,74.3,73.77,73.87,1324
1783575300,73.87,73.91,73.73,73.73,632
1783575600,73.73,73.79,73.61,73.69,528
1783575900,73.69,73.71,73.41,73.48,724
1783576200,73.45,73.47,73.12,73.22,1536
1783576500,73.23,73.3,73,73.08,1413
1783576800,73.09,73.32,73.02,73.25,949
1783577100,73.23,73.44,73.23,73.4,708
1783577400,73.41,73.54,73.4,73.43,483
1783577700,73.43,73.5,73.26,73.31,436
1783578000,73.31,73.33,73.12,73.2,422
1783578300,73.18,73.42,73.14,73.34,388
1783578600,73.35,73.38,73.25,73.27,209
1783578900,73.27,73.35,73.22,73.29,222
1783579200,73.3,73.33,73.17,73.19,190
1783579500,73.18,73.33,73.18,73.33,215
1783579800,73.32,73.39,73.27,73.35,244
1783580100,73.38,73.39,73.26,73.3,227
1783580400,73.32,73.4,73.15,73.28,381
1783580700,73.28,73.58,73.25,73.51,331
1783581000,73.52,73.73,73.52,73.65,550
1783581300,73.68,73.69,73.39,73.42,330
1783581600,73.44,73.54,73.4,73.41,189
1783581900,73.41,73.42,73.17,73.2,315
1783582200,73.2,73.24,72.86,72.87,1000
1783582500,72.87,72.98,72.81,72.95,598
1783582800,72.99,72.99,72.71,72.74,512
1783583100,72.74,72.81,72.52,72.71,826
1783583400,72.7,72.73,72.56,72.71,385
1783583700,72.7,72.96,72.67,72.77,751
1783584000,72.76,72.91,72.73,72.79,379
1783584300,72.79,72.81,72.55,72.62,676
1783584600,72.59,72.76,72.54,72.63,291
1783584900,72.64,72.66,72.41,72.47,683
1783585200,72.45,72.54,72.4,72.51,289
1783585500,72.48,72.61,72.44,72.5,480
1783585800,72.49,72.83,72.37,72.77,862
1783586100,72.77,73,72.74,72.98,510
1783586400,72.98,73.04,72.84,72.85,398
1783586700,72.87,72.98,72.83,72.91,304
1783587000,72.9,72.91,72.68,72.8,453
1783587300,72.82,73.06,72.8,73.03,550
1783587600,73.04,73.19,73,73.13,688
1783587900,73.12,73.23,73.08,73.14,369
1783588200,73.13,73.18,72.97,73,315
1783588500,72.98,73.12,72.97,73.05,183
1783588800,73.06,73.14,72.99,73.13,159
1783589100,73.12,73.23,73.12,73.19,352
1783589400,73.2,73.28,73.08,73.25,338
1783589700,73.24,73.42,73.22,73.32,459
1783590000,73.35,73.58,73.35,73.51,679
1783590300,73.52,73.66,73.5,73.6,429
1783590600,73.6,73.63,73.36,73.48,345
1783590900,73.46,73.55,73.44,73.49,139
1783591200,73.5,73.66,73.49,73.55,262
1783591500,73.56,73.66,73.52,73.59,175
1783591800,73.56,73.69,73.41,73.58,434
1783592100,73.58,73.65,73.47,73.63,203
1783592400,73.62,73.77,73.58,73.74,314
1783592700,73.76,73.83,73.72,73.8,298
1783593000,73.82,73.88,73.78,73.83,277
1783593300,73.76,73.77,73.59,73.64,290
1783593600,73.66,73.83,73.6,73.74,266
1783593900,73.75,74.04,73.75,73.96,730
1783594200,73.98,74.53,73.98,74.41,1410
1783594500,74.42,74.62,74.24,74.25,1174
1783594800,74.25,74.29,73.95,74.1,955
1783595100,74.08,74.23,73.97,74.1,535
1783595400,74.1,74.1,73.88,74,488
1783595700,74.01,74.23,74.01,74.07,306
1783596000,74.07,74.16,73.97,74.14,479
1783596300,74.13,74.16,74.04,74.08,232
1783596600,74.08,74.23,73.96,74.02,816
1783596900,74.02,74.07,73.85,73.86,347
1783597200,73.86,74.01,73.86,73.99,214
1783597500,73.99,74.12,73.84,73.99,613
1783597800,73.98,74.04,73.89,74.02,215
1783598100,73.99,74.04,73.88,73.99,188
1783598400,73.95,74.12,73.86,74,424
1783598700,74,74.09,73.81,73.87,372
1783599000,73.87,73.91,73.63,73.7,765
1783599300,73.69,73.81,73.62,73.76,518
1783599600,73.73,73.76,73.65,73.69,268
1783599900,73.7,73.89,73.7,73.84,447
1783600200,73.86,73.95,73.75,73.75,711
1783600500,73.77,73.91,73.66,73.88,486
1783600800,73.89,74.11,73.88,73.97,926
1783601100,73.99,74.04,73.88,74.04,363
1783601400,74.03,74.03,73.84,73.94,345
1783601700,73.93,73.98,73.86,73.92,254
1783602000,73.91,74,73.68,73.69,878
1783602300,73.71,73.91,73.43,73.46,1000
1783602600,73.48,73.55,73.31,73.32,1651
1783602900,73.31,73.31,72.93,72.97,1673
1783603200,72.98,73.18,72.97,73.09,914
1783603500,73.08,73.25,73.03,73.19,714
1783603800,73.18,73.24,72.79,72.98,1437
1783604100,72.98,73.08,72.92,72.94,709
1783604400,72.94,73,72.71,72.8,1236
1783604700,72.81,72.89,72.72,72.77,851
1783605000,72.75,72.98,72.74,72.86,806
1783605300,72.84,72.85,72.62,72.66,1003
1783605600,72.67,72.85,72.5,72.76,1508
1783605900,72.75,72.93,72.56,72.71,1194
1783606200,72.72,72.75,72.52,72.57,813
1783606500,72.57,72.67,72.51,72.54,724
1783606800,72.55,72.67,72.45,72.58,1022
1783607100,72.59,72.73,72.56,72.69,687
1783607400,72.69,72.72,72.41,72.43,754
1783607700,72.42,72.78,72.38,72.62,1173
1783608000,72.64,72.86,72.61,72.78,904
1783608300,72.81,73.08,72.71,73.03,1178
1783608600,73.01,73.04,72.15,72.29,2269
1783608900,72.29,72.39,72.21,72.3,1325
1783609200,72.31,72.43,72.26,72.38,731
1783609500,72.37,72.51,72.31,72.43,635
1783609800,72.41,72.53,72.37,72.45,689
1783610100,72.44,72.46,72.18,72.34,832
1783610400,72.33,72.34,72.2,72.2,478
1783610700,72.18,72.25,72.06,72.18,1234
1783611000,72.18,72.44,72.15,72.31,984
1783611300,72.32,72.39,72.13,72.15,450
1783611600,72.14,72.21,71.9,71.96,1163
1783611900,71.96,72.12,71.8,72.09,1245
1783612200,72.06,72.16,71.95,72.12,462
1783612500,72.12,72.14,72.04,72.12,327
1783612800,72.14,72.16,72.01,72.07,444
1783613100,72.06,72.18,71.98,72.17,541
1783613400,72.16,72.29,72.09,72.12,836
1783613700,72.11,72.11,71.88,72.01,685
1783614000,72.01,72.06,71.96,72.03,274
1783614300,72.03,72.14,71.94,71.97,247
1783614600,72.01,72.1,71.96,72.1,276
1783614900,72.08,72.12,71.99,72.06,304
1783615200,72.05,72.11,72.01,72.04,188
1783615500,72.05,72.07,71.97,72.03,197
1783615800,72.02,72.04,71.63,71.7,1407
1783616100,71.69,71.96,71.65,71.95,631
1783616400,71.94,72.02,71.88,71.93,461
1783616700,71.94,72.02,71.9,72.02,236
1783617000,71.99,72.13,71.99,72.05,490
1783617300,72.06,72.09,71.9,71.91,303
1783617600,71.92,71.96,71.87,71.91,258
1783617900,71.89,71.93,71.77,71.8,377
1783618200,71.79,71.89,71.72,71.72,399
1783618500,71.72,71.74,71.41,71.54,1539
1783618800,71.55,71.64,71.54,71.54,297
1783619100,71.56,71.63,71.5,71.52,249
1783619400,71.51,71.59,71.44,71.57,263
1783619700,71.58,71.69,71.47,71.52,440
1783620000,71.52,71.62,71.42,71.59,436
1783620300,71.59,71.69,71.52,71.52,438
1783620600,71.52,71.73,71.5,71.65,360
1783620900,71.67,71.99,71.67,71.97,809
1783621200,71.97,72.13,71.93,72.12,1174
1783621500,72.14,72.2,71.95,72.1,1253
1783621800,72.1,72.14,71.94,72,571
1783622100,71.98,72.02,71.88,71.89,236
1783622400,71.92,71.92,71.63,71.69,955
1783622700,71.69,71.82,71.69,71.76,494
1783623000,71.76,71.8,71.69,71.71,200
1783623300,71.73,71.73,71.56,71.61,392
1783623600,71.61,71.63,71.44,71.49,589
1783623900,71.5,71.64,71.5,71.6,379
1783624200,71.61,71.65,71.59,71.63,239
1783624500,71.6,71.62,71.56,71.59,143
1783624800,71.61,71.67,71.57,71.64,542
1783625100,71.62,71.7,71.6,71.7,285
1783625400,71.69,71.86,71.67,71.73,470
1783625700,71.73,71.79,71.73,71.76,187
1783626000,71.74,71.85,71.72,71.81,258
1783626300,71.82,71.88,71.81,71.88,184
1783626600,71.87,71.9,71.8,71.84,279
1783626900,71.84,71.9,71.82,71.86,192
1783627200,71.89,71.94,71.83,71.85,269
1783627500,71.85,71.85,71.62,71.69,357
1783627800,71.66,71.78,71.62,71.71,207
1783628100,71.74,71.82,71.74,71.78,124
1783628400,71.78,71.81,71.75,71.81,109
1783628700,71.81,71.85,71.78,71.83,96
1783629000,71.81,71.9,71.81,71.82,143
1783629300,71.83,71.83,71.75,71.76,69
1783629600,71.78,71.88,71.75,71.83,152
1783629900,71.83,71.89,71.79,71.81,120
1783630200,71.8,71.81,71.73,71.8,152
1783630500,71.8,71.85,71.75,71.83,132
1783634400,71.9,71.9,71.68,71.8,212
1783634700,71.79,71.83,71.1,71.67,650
1783635000,71.7,71.84,71.65,71.77,137
1783635300,71.77,71.8,71.71,71.8,113
1783635600,71.8,71.87,71.74,71.74,120
1783635900,71.74,71.79,71.71,71.75,67
1783636200,71.78,71.85,71.77,71.82,112
1783636500,71.83,71.84,71.74,71.83,68
1783636800,71.83,71.86,71.77,71.86,71
1783637100,71.84,71.88,71.82,71.84,87
1783637400,71.83,71.85,71.8,71.8,32
1783637700,71.82,71.84,71.8,71.83,78
1783638000,71.84,71.9,71.82,71.87,80
1783638300,71.87,71.9,71.85,71.88,147
1783638600,71.86,71.88,71.72,71.78,146
1783638900,71.8,71.83,71.77,71.81,53
1783639200,71.83,71.84,71.79,71.84,33
1783639500,71.85,71.9,71.83,71.87,50
1783639800,71.88,71.9,71.85,71.86,61
1783640100,71.86,71.89,71.81,71.84,58
1783640400,71.81,71.88,71.81,71.86,22
1783640700,71.85,71.87,71.81,71.87,44
1783641000,71.85,71.89,71.83,71.86,41
1783641300,71.87,71.95,71.82,71.91,289
1783641600,71.93,72.01,71.79,71.83,646
1783641900,71.86,71.96,71.84,71.92,110
1783642200,71.92,71.92,71.79,71.83,415
1783642500,71.83,71.87,71.76,71.83,191
1783642800,71.81,71.89,71.81,71.85,55
1783643100,71.87,71.88,71.8,71.83,80
1783643400,71.86,71.92,71.84,71.92,108
1783643700,71.9,71.93,71.85,71.91,88
1783644000,71.9,71.96,71.89,71.92,189
1783644300,71.92,71.99,71.88,71.96,317
1783644600,71.96,71.99,71.95,71.97,107
1783644900,71.97,72.03,71.92,71.98,135
1783645200,71.97,72.1,71.77,71.86,493
1783645500,71.86,72.01,71.83,72.01,140
1783645800,71.99,72.08,71.95,71.95,304
1783646100,71.94,72.12,71.94,72.07,214
1783646400,72.08,72.19,72.02,72.03,412
1783646700,72.03,72.09,72.01,72.09,220
1783647000,72.1,72.13,71.99,72.06,252
1783647300,72.07,72.14,72.06,72.09,155
1783647600,72.07,72.16,72.04,72.16,150
1783647900,72.13,72.16,72.09,72.15,257
1783648200,72.14,72.18,72.06,72.11,167
1783648500,72.11,72.18,72.06,72.14,128
1783648800,72.15,72.17,72.12,72.15,76
1783649100,72.14,72.24,72.1,72.19,274
1783649400,72.2,72.23,72.17,72.19,136
1783649700,72.17,72.19,72.12,72.16,138
1783650000,72.16,72.26,72.16,72.24,132
1783650300,72.24,72.29,72.24,72.29,170
1783650600,72.29,72.33,72.26,72.31,160
1783650900,72.3,72.3,72.19,72.24,168
1783651200,72.23,72.32,72.21,72.29,140
1783651500,72.3,72.35,72.25,72.35,198
1783651800,72.36,72.42,72.31,72.39,224
1783652100,72.38,72.38,72.32,72.35,166
1783652400,72.35,72.38,72.22,72.26,265
1783652700,72.25,72.28,72.15,72.21,325
1783653000,72.22,72.29,72.2,72.27,119
1783653300,72.28,72.31,72.25,72.27,116
1783653600,72.27,72.34,72.25,72.27,94
1783653900,72.29,72.3,72.24,72.29,96
1783654200,72.29,72.29,72.21,72.26,149
1783654500,72.26,72.37,72.26,72.33,151
1783654800,72.33,72.33,72.26,72.26,80
1783655100,72.27,72.3,72.27,72.3,37
1783655400,72.29,72.36,72.27,72.35,86
1783655700,72.35,72.4,72.34,72.39,103
1783656000,72.41,72.45,72.35,72.35,145
1783656300,72.35,72.43,72.35,72.4,77
1783656600,72.42,72.48,72.4,72.43,124
1783656900,72.41,72.56,72.41,72.49,268
1783657200,72.49,72.53,72.47,72.52,153
1783657500,72.52,72.55,72.44,72.47,253
1783657800,72.43,72.46,72.41,72.43,139
1783658100,72.43,72.44,72.37,72.37,157
1783658400,72.39,72.41,72.27,72.28,248
1783658700,72.28,72.32,72.26,72.32,132
1783659000,72.3,72.3,72.16,72.22,271
1783659300,72.22,72.3,72.21,72.3,202
1783659600,72.28,72.42,72.28,72.42,198
1783659900,72.4,72.4,72.32,72.34,128
1783660200,72.35,72.41,72.35,72.38,105
1783660500,72.38,72.39,72.33,72.35,116
1783660800,72.35,72.35,72.29,72.32,116
1783661100,72.33,72.33,72.25,72.29,92
1783661400,72.29,72.34,72.2,72.31,253
1783661700,72.33,72.38,72.28,72.33,101
1783662000,72.35,72.38,72.34,72.37,92
1783662300,72.36,72.36,72.24,72.24,109
1783662600,72.25,72.25,72.03,72.08,705
1783662900,72.07,72.17,71.96,72.17,530
1783663200,72.17,72.18,71.93,71.98,467
1783663500,71.99,72,71.92,71.95,245
1783663800,71.97,71.99,71.88,71.9,254
1783664100,71.89,71.95,71.73,71.88,724
1783664400,71.89,71.97,71.8,71.81,318
1783664700,71.85,71.95,71.85,71.87,200
1783665000,71.89,72.11,71.88,72.09,251
1783665300,72.09,72.12,72.04,72.12,172
1783665600,72.1,72.26,72.07,72.25,250
1783665900,72.23,72.26,72.14,72.14,236
1783666200,72.14,72.19,72.04,72.06,226
1783666500,72.05,72.1,72.01,72.07,206
1783666800,72.04,72.09,71.88,71.98,425
1783667100,71.98,72.09,71.92,72,203
1783667400,72,72.07,71.76,71.77,474
1783667700,71.79,71.84,71.54,71.54,674
1783668000,71.53,71.56,71.47,71.55,763
1783668300,71.54,71.65,71.48,71.6,442
1783668600,71.57,71.65,71.4,71.45,490
1783668900,71.44,71.53,71.3,71.31,516
1783669200,71.32,71.46,71.32,71.4,257
1783669500,71.41,71.53,71.37,71.38,415
1783669800,71.4,71.58,71.39,71.55,303
1783670100,71.54,71.64,71.5,71.56,303
1783670400,71.55,71.61,71.16,71.29,886
1783670700,71.3,71.47,71.19,71.25,544
1783671000,71.28,71.39,71.18,71.36,351
1783671300,71.4,71.47,71.35,71.45,342
1783671600,71.45,71.6,71.45,71.52,352
1783671900,71.51,71.65,71.47,71.65,453
1783672200,71.64,71.98,71.64,71.9,793
1783672500,71.92,72.17,71.85,72.11,601
1783672800,72.12,72.17,71.88,71.91,440
1783673100,71.91,72.05,71.83,71.85,340
1783673400,71.86,72.08,71.86,72.04,245
1783673700,72.02,72.04,71.8,71.88,253
1783674000,71.88,72.01,71.86,71.99,162
1783674300,72,72.05,71.87,71.88,202
1783674600,71.87,71.88,71.64,71.7,437
1783674900,71.72,71.74,71.51,71.56,444
1783675200,71.55,71.78,71.55,71.69,252
1783675500,71.65,71.75,71.61,71.64,195
1783675800,71.64,71.72,71.53,71.72,244
1783676100,71.72,71.93,71.72,71.8,363
1783676400,71.78,71.89,71.78,71.85,113
1783676700,71.86,71.95,71.83,71.91,162
1783677000,71.92,71.94,71.87,71.93,93
1783677300,71.92,71.93,71.73,71.85,279
1783677600,71.86,71.96,71.8,71.9,194
1783677900,71.89,72.03,71.82,71.95,217
1783678200,71.97,72.04,71.91,72,168
1783678500,72.03,72.08,71.9,71.99,345
1783678800,72,72.07,71.9,71.92,363
1783679100,71.92,72,71.92,71.97,96
1783679400,71.96,72.02,71.93,71.98,123
1783679700,72,72.03,71.94,71.97,85
1783680000,71.97,71.99,71.86,71.94,361
1783680300,71.95,72.22,71.95,72.16,1045
1783680600,72.16,72.29,72.13,72.23,409
1783680900,72.23,72.3,72.19,72.24,270
1783681200,72.25,72.29,72.15,72.24,350
1783681500,72.24,72.26,72.15,72.21,289
1783681800,72.23,72.33,72.15,72.24,380
1783682100,72.23,72.37,72.22,72.36,484
1783682400,72.32,72.39,72.23,72.24,414
1783682700,72.32,72.53,72.31,72.48,735
1783683000,72.5,72.68,72.47,72.6,685
1783683300,72.63,72.63,72.52,72.57,330
1783683600,72.57,72.58,72.45,72.54,292
1783683900,72.55,72.59,72.46,72.49,282
1783684200,72.5,72.78,72.5,72.77,611
1783684500,72.78,72.83,72.71,72.72,548
1783684800,72.72,72.82,72.61,72.73,666
1783685100,72.73,72.85,72.59,72.6,554
1783685400,72.59,72.59,71.48,71.89,2176
1783685700,71.89,72.17,71.81,72.14,1229
1783686000,72.16,72.22,72.05,72.06,546
1783686300,72.09,72.18,72.01,72.05,328
1783686600,72.05,72.28,72.04,72.26,435
1783686900,72.26,72.34,72.22,72.23,444
1783687200,72.22,72.3,72.2,72.27,242
1783687500,72.27,72.34,72.13,72.31,431
1783687800,72.3,72.3,72.07,72.09,532
1783688100,72.12,72.18,71.91,71.93,669
1783688400,71.95,72.17,71.92,72.05,636
1783688700,72.07,72.09,71.87,72,463
1783689000,72,72.1,71.96,72.01,269
1783689300,72.05,72.39,72.04,72.32,625
1783689600,72.3,72.31,72.05,72.12,519
1783689900,72.11,72.14,72.05,72.11,217
1783690200,72.1,72.18,71.94,72.08,751
1783690500,72.07,72.17,71.71,71.81,957
1783690800,71.81,71.81,71.61,71.68,1085
1783691100,71.67,71.8,71.6,71.7,533
1783691400,71.7,71.8,71.56,71.66,499
1783691700,71.69,71.79,71.51,71.59,733
1783692000,71.6,71.7,71.54,71.61,512
1783692300,71.62,71.79,71.59,71.71,512
1783692600,71.7,71.86,71.64,71.8,517
1783692900,71.82,71.86,71.69,71.72,421
1783693200,71.71,71.87,71.67,71.75,358
1783693500,71.76,71.83,71.72,71.72,212
1783693800,71.73,73.1,71.45,72.12,1898
1783694100,72.1,72.11,71.76,72,1428
1783694400,72.01,72.07,71.73,72.02,834
1783694700,72.02,72.06,71.75,71.9,487
1783695000,71.91,72,71.79,71.86,365
1783695300,71.84,71.95,71.79,71.95,391
1783695600,71.94,71.95,71.52,71.66,974
1783695900,71.66,71.66,71.46,71.57,857
1783696200,71.56,71.58,71.27,71.36,986
1783696500,71.37,71.43,71.24,71.37,627
1783696800,71.36,71.56,71.17,71.29,1233
1783697100,71.26,71.34,71.15,71.34,929
1783697400,71.33,71.43,71.17,71.23,659
1783697700,71.22,71.24,71.06,71.21,769
1783698000,71.21,71.26,71.1,71.24,470
1783698300,71.22,71.25,71.1,71.14,443
1783698600,71.15,71.15,70.77,70.87,1730
1783698900,70.86,71.03,70.84,71.01,666
1783699200,71,71.27,71,71.27,746
1783699500,71.27,71.37,71.18,71.23,749
1783699800,71.24,71.51,71.18,71.25,805
1783700100,71.25,71.31,71.2,71.31,273
1783700400,71.29,71.35,71.17,71.23,250
1783700700,71.23,71.26,71.14,71.24,231
1783701000,71.26,71.29,71.15,71.26,226
1783701300,71.24,71.3,71.16,71.26,200
1783701600,71.27,71.33,71.15,71.19,247
1783701900,71.17,71.2,71.07,71.1,374
1783702200,71.11,71.24,71.04,71.12,415
1783702500,71.11,71.11,71.01,71.08,197
1783702800,71.09,71.13,71.04,71.11,207
1783703100,71.11,71.26,71.07,71.23,231
1783703400,71.23,71.35,71.11,71.33,305
1783703700,71.34,71.41,71.25,71.27,315
1783704000,71.28,71.28,71.2,71.25,151
1783704300,71.26,71.32,71.24,71.25,142
1783704600,71.25,71.29,71.16,71.26,201
1783704900,71.28,71.4,71.24,71.36,229
1783705200,71.36,71.37,71.28,71.32,215
1783705500,71.34,71.36,71.24,71.24,150
1783705800,71.26,71.29,71.16,71.21,198
1783706100,71.19,71.32,71.13,71.29,242
1783706400,71.32,71.34,71.21,71.28,235
1783706700,71.27,71.32,71.22,71.27,221
1783707000,71.28,71.33,71.06,71.27,814
1783707300,71.26,71.47,71.22,71.3,650
1783707600,71.33,71.34,71.23,71.32,348
1783707900,71.33,71.52,71.17,71.41,1073
1783708200,71.42,71.56,71.36,71.39,566
1783708500,71.4,71.56,71.4,71.54,285
1783708800,71.55,71.63,71.52,71.57,292
1783709100,71.59,71.59,71.54,71.54,108
1783709400,71.57,71.58,71.54,71.55,116
1783709700,71.55,71.62,71.54,71.57,152
1783710000,71.6,71.61,71.56,71.56,126
1783710300,71.57,71.59,71.55,71.56,161
1783710600,71.56,71.61,71.55,71.58,153
1783710900,71.56,71.67,71.47,71.63,344
1783711200,71.64,71.72,71.61,71.61,256
1783711500,71.61,71.69,71.61,71.62,210
1783711800,71.62,71.65,71.43,71.58,522
1783712100,71.55,71.57,71.51,71.56,64
1783712400,71.58,71.69,71.56,71.63,246
1783712700,71.62,71.64,71.58,71.59,101
1783713000,71.59,71.62,71.58,71.61,92
1783713300,71.62,71.62,71.55,71.58,112
1783713600,71.58,71.58,71.49,71.51,203
1783713900,71.52,71.57,71.5,71.57,95
1783714200,71.56,71.57,71.54,71.55,57
1783714500,71.56,71.6,71.56,71.58,106
1783714800,71.57,71.59,71.56,71.57,70
1783715100,71.57,71.58,71.53,71.57,126
1783715400,71.57,71.65,71.57,71.63,194
1783715700,71.61,71.62,71.49,71.53,186
1783716000,71.53,71.55,71.51,71.52,98
1783716300,71.51,71.56,71.49,71.54,204
1783716600,71.53,71.55,71.47,71.48,180
1783716900,71.47,71.54,71.45,71.51,287
1783893600,73.37,73.97,73.17,73.82,3559
1783893900,73.83,74.13,73.76,74.13,1252
1783894200,74.09,74.19,73.97,74.06,988
1783894500,74.05,74.09,73.83,73.86,620
1783894800,73.86,73.92,73.73,73.74,517
1783895100,73.74,73.85,73.65,73.66,561
1783895400,73.67,73.72,73.53,73.65,669
1783895700,73.64,73.68,73.59,73.61,353
1783896000,73.6,73.66,73.59,73.61,214
1783896300,73.61,73.7,73.61,73.67,196
1783896600,73.66,73.81,73.64,73.74,376
1783896900,73.75,73.76,73.65,73.69,183
1783897200,73.69,73.72,73.63,73.68,228
1783897500,73.68,73.71,73.65,73.66,207
1783897800,73.67,73.68,73.61,73.68,191
1783898100,73.68,73.72,73.63,73.65,162
1783898400,73.68,73.69,73.65,73.66,82
1783898700,73.67,73.76,73.65,73.75,149
1783899000,73.75,73.81,73.71,73.73,160
1783899300,73.73,73.87,73.67,73.85,291
1783899600,73.85,73.9,73.79,73.82,1641
1783899900,73.81,73.85,73.65,73.67,437
1783900200,73.67,73.79,73.66,73.78,197
1783900500,73.78,73.84,73.75,73.78,181
1783900800,73.77,73.85,73.73,73.81,209
1783901100,73.81,73.88,73.81,73.86,179
1783901400,73.86,73.93,73.8,73.92,214
1783901700,73.93,74.16,73.91,74.06,612
1783902000,74.04,74.06,73.9,73.92,253
1783902300,73.92,73.95,73.88,73.92,255
1783902600,73.91,74.12,73.88,74.11,380
1783902900,74.09,74.24,74.03,74.22,488
1783903200,74.22,74.47,74.2,74.39,852
1783903500,74.38,74.41,74.19,74.24,495
1783903800,74.23,74.48,74.2,74.29,643
1783904100,74.31,74.34,74.2,74.27,360
1783904400,74.25,74.46,74.21,74.36,791
1783904700,74.36,74.46,74.25,74.44,601
1783905000,74.43,74.49,74.28,74.36,506
1783905300,74.37,74.4,74.18,74.19,402
1783905600,74.2,74.57,74.2,74.52,949
1783905900,74.5,74.5,74.25,74.31,676
1783906200,74.32,74.6,74.31,74.57,740
1783906500,74.56,74.66,74.36,74.42,627
1783906800,74.42,74.51,74.42,74.48,239
1783907100,74.47,74.55,74.42,74.53,248
1783907400,74.52,74.56,74.44,74.47,217
1783907700,74.45,74.5,74.36,74.37,263
1783908000,74.38,74.5,74.34,74.46,426
1783908300,74.45,74.46,74.25,74.33,407
1783908600,74.35,74.4,74.29,74.39,215
1783908900,74.41,74.53,74.4,74.5,346
1783909200,74.51,74.59,74.48,74.5,275
1783909500,74.48,74.55,74.46,74.48,280
1783909800,74.46,74.52,74.23,74.25,547
1783910100,74.25,74.27,74.11,74.22,688
1783910400,74.23,74.34,74.21,74.27,390
1783910700,74.27,74.28,74.13,74.16,220
1783911000,74.16,74.32,74.16,74.27,195
1783911300,74.25,74.26,74.15,74.24,211
1783911600,74.24,74.39,74.21,74.38,381
1783911900,74.39,74.43,74.32,74.39,272
1783912200,74.4,74.45,74.36,74.41,112
1783912500,74.39,74.45,74.35,74.4,202
1783912800,74.39,74.43,74.32,74.36,201
1783913100,74.36,74.38,74.31,74.31,176
1783913400,74.3,74.3,74.12,74.2,435
1783913700,74.19,74.37,74.17,74.26,271
1783914000,74.25,74.35,74.25,74.33,250
1783914300,74.33,74.33,74.19,74.25,113
1783914600,74.25,74.31,74.17,74.31,76
1783914900,74.3,74.3,74.27,74.3,65
1783915200,74.28,74.37,74.25,74.3,197
1783915500,74.33,74.36,74.28,74.32,159
1783915800,74.31,74.35,74.29,74.32,52
1783916100,74.3,74.4,74.3,74.35,94
1783916400,74.36,74.37,74.31,74.32,52
1783916700,74.32,74.37,74.29,74.35,97
1783917000,74.33,74.41,74.32,74.41,82
1783917300,74.41,74.44,74.4,74.41,113
1783917600,74.41,74.53,74.4,74.47,257
1783917900,74.47,74.53,74.47,74.52,165
1783918200,74.52,74.53,74.48,74.5,159
1783918500,74.5,74.54,74.5,74.53,156
1783918800,74.51,74.56,74.46,74.55,190
1783919100,74.56,74.71,74.54,74.55,500
1783919400,74.55,74.57,74.49,74.49,218
1783919700,74.52,74.54,74.49,74.49,225
1783920000,74.51,74.6,74.48,74.58,186
1783920300,74.59,74.7,74.59,74.7,275
1783920600,74.68,74.81,74.62,74.66,634
1783920900,74.67,74.72,74.64,74.67,161
1783921200,74.68,74.96,74.61,74.95,427
1783921500,74.95,75.08,74.85,74.87,1161
1783921800,74.86,74.86,74.7,74.79,473
1783922100,74.79,74.81,74.7,74.7,221
1783922400,74.69,74.7,74.6,74.62,395
1783922700,74.61,74.73,74.53,74.59,613
1783923000,74.59,74.6,74.47,74.51,319
1783923300,74.51,74.53,74.31,74.33,518
1783923600,74.34,74.39,74.24,74.36,565
1783923900,74.35,74.4,74.29,74.33,265
1783924200,74.33,74.36,74.17,74.35,402
1783924500,74.35,74.37,74.22,74.27,322
1783924800,74.26,74.26,74.07,74.19,495
1783925100,74.2,74.22,73.97,74.09,624
1783925400,74.08,74.12,74.04,74.09,227
1783925700,74.1,74.17,74.05,74.05,348
1783926000,74.05,74.24,73.99,74.05,445
1783926300,74.07,74.17,74.01,74.15,173
1783926600,74.16,74.18,73.85,73.98,432
1783926900,73.97,74.09,73.95,74.05,201
1783927200,74.06,74.1,74.03,74.03,197
1783927500,74.05,74.14,74.04,74.1,119
1783927800,74.09,74.23,74.01,74.07,405
1783928100,74.07,74.07,73.81,73.86,526
1783928400,73.86,73.93,73.67,73.89,649
1783928700,73.9,74,73.87,73.93,223
1783929000,73.94,74.01,73.92,73.96,130
1783929300,73.98,74.09,73.94,74.03,236
1783929600,74,74.04,73.63,73.75,648
1783929900,73.75,73.77,73.51,73.54,534
1783930200,73.55,73.64,73.39,73.44,677
1783930500,73.43,73.43,73.15,73.24,988
1783930800,73.24,73.43,73.2,73.42,465
1783931100,73.42,73.52,73.04,73.22,1325
1783931400,73.22,73.33,73.14,73.32,438
1783931700,73.32,73.52,73.29,73.45,385
1783932000,73.44,73.5,73.37,73.38,209
1783932300,73.37,73.37,73.1,73.12,348
1783932600,73.12,73.12,72.9,72.94,773
1783932900,72.94,73.07,72.74,73.06,678
1783933200,73.07,73.17,72.84,72.85,671
1783933500,72.86,72.91,72.77,72.82,405
1783933800,72.82,73.06,72.82,72.99,333
1783934100,73,73.01,72.68,72.73,526
1783934400,72.72,72.81,72.64,72.71,415
1783934700,72.71,72.86,72.66,72.86,422
1783935000,72.85,72.93,72.61,72.79,388
1783935300,72.8,72.8,72.62,72.73,306
1783935600,72.73,72.82,72.63,72.65,298
1783935900,72.64,72.82,72.63,72.8,171
1783936200,72.82,72.99,72.81,72.97,360
1783936500,72.97,73.2,72.95,73.12,649
1783936800,73.12,73.38,73.12,73.31,515
1783937100,73.3,73.44,73.24,73.35,325
1783937400,73.36,73.55,73.31,73.51,497
1783937700,73.51,73.54,73.42,73.46,333
1783938000,73.46,73.63,73.37,73.62,471
1783938300,73.61,73.72,73.57,73.68,468
1783938600,73.7,73.83,73.64,73.8,593
1783938900,73.79,73.85,73.67,73.72,225
1783939200,73.7,73.8,73.63,73.73,250
1783939500,73.75,73.89,73.65,73.7,341
1783939800,73.72,73.94,73.72,73.91,338
1783940100,73.89,73.93,73.79,73.82,227
1783940400,73.79,73.97,73.79,73.97,300
1783940700,73.98,74,73.57,73.88,1429
1783941000,73.89,74.03,73.75,73.87,649
1783941300,73.86,74.05,73.82,74.01,412
1783941600,74.01,74.02,73.8,73.82,243
1783941900,73.83,73.84,73.7,73.77,358
1783942200,73.8,73.94,73.73,73.79,323
1783942500,73.78,73.94,73.77,73.87,204
1783942800,73.85,73.89,73.7,73.71,199
1783943100,73.73,73.84,73.67,73.78,376
1783943400,73.83,73.88,73.78,73.8,171
1783943700,73.8,73.93,73.8,73.81,262
1783944000,73.82,73.87,73.72,73.82,212
1783944300,73.79,73.98,73.79,73.93,272
1783944600,73.93,74.11,73.63,74.09,1366
1783944900,74.07,74.09,73.95,74.05,371
1783945200,74.06,74.15,74.04,74.07,319
1783945500,74.07,74.13,73.99,74.12,421
1783945800,74.12,74.36,74.12,74.35,1070
1783946100,74.34,74.45,74.33,74.41,742
1783946400,74.41,74.46,74.31,74.34,477
1783946700,74.36,74.37,74.2,74.24,538
1783947000,74.24,74.26,73.89,73.99,1185
1783947300,74,74.04,73.78,73.79,573
1783947600,73.77,73.99,73.6,73.97,1095
1783947900,73.97,74.03,73.79,73.83,420
1783948200,73.87,73.99,73.82,73.85,319
1783948500,73.86,73.93,73.68,73.76,479
1783948800,73.75,73.75,73.44,73.63,1010
1783949100,73.63,73.76,73.6,73.66,513
1783949400,73.66,73.81,73.61,73.77,542
1783949700,73.78,74.08,73.76,74,1203
1783950000,74.01,74.03,73.88,74,566
1783950300,74.01,74.14,73.97,74.07,767
1783950600,74.04,74.06,73.77,73.9,660
1783950900,73.89,73.98,73.71,73.72,511
1783951200,73.73,73.79,73.51,73.61,966
1783951500,73.6,73.88,73.56,73.83,618
1783951800,73.83,74.01,73.82,73.88,544
1783952100,73.88,75.08,73.82,74.84,1884
1783952400,74.85,75.22,74.43,74.46,3213
1783952700,74.45,74.83,74.32,74.78,2751
1783953000,74.78,74.81,74.56,74.64,802
1783953300,74.61,74.79,74.56,74.69,600
1783953600,74.68,74.73,74.42,74.46,1012
1783953900,74.47,74.55,74.25,74.27,1076
1783954200,74.27,74.57,74.15,74.55,1135
1783954500,74.55,74.65,74.49,74.5,663
1783954800,74.49,74.58,74.39,74.54,640
1783955100,74.54,74.73,74.52,74.64,713
1783955400,74.61,74.92,74.56,74.83,689
1783955700,74.83,74.98,74.72,74.8,752
1783956000,74.79,74.88,74.66,74.72,606
1783956300,74.73,74.73,74.5,74.51,756
1783956600,74.51,74.68,74.45,74.66,586
1783956900,74.66,74.68,74.51,74.63,303
1783957200,74.62,74.66,74.52,74.66,290
1783957500,74.66,74.66,74.51,74.55,168
1783957800,74.57,74.83,74.57,74.71,506
1783958100,74.7,74.87,74.68,74.84,275
1783958400,74.85,75,74.84,74.84,745
1783958700,74.86,74.94,74.76,74.91,380
1783959000,74.93,75.1,74.87,75.03,672
1783959300,75.04,75.1,74.96,75.04,533
1783959600,75.05,75.07,74.93,74.98,541
1783959900,74.99,75.17,74.97,75.13,620
1783960200,75.12,75.19,74.97,75.12,784
1783960500,75.1,75.19,74.98,75.18,863
1783960800,75.15,75.18,75.04,75.1,714
1783961100,75.1,75.43,75.07,75.42,1476
1783961400,75.43,75.83,75.43,75.83,2229
1783961700,75.8,75.95,75.62,75.74,1864
1783962000,75.74,75.74,75.6,75.7,807
1783962300,75.69,75.69,75.38,75.43,1101
1783962600,75.45,75.82,75.42,75.82,967
1783962900,75.83,75.93,75.72,75.83,1158
1783963200,75.83,75.97,75.82,75.92,1404
1783963500,75.92,76.04,75.88,75.98,1555
1783963800,76,76.22,75.91,76.16,1601
1783964100,76.16,76.6,76.16,76.59,2089
1783964400,76.6,76.76,76.47,76.75,2052
1783964700,76.74,76.94,76.59,76.81,1845
1783965000,76.8,77.32,76.8,77.24,2616
1783965300,77.24,77.7,77.23,77.59,2701
1783965600,77.59,77.82,77.42,77.62,2293
1783965900,77.64,77.97,77.37,77.81,1925
1783966200,77.82,78,77.54,77.63,2438
1783966500,77.64,78.35,77.61,78.28,2366
1783966800,78.25,78.45,78.18,78.21,3020
1783967100,78.21,78.32,77.97,78.15,2777
1783967400,78.15,78.39,77.92,78.13,1587
1783967700,78.14,78.15,77.68,77.77,2141
1783968000,77.75,77.87,77.46,77.51,1974
1783968300,77.51,77.81,77.47,77.65,1381
1783968600,77.67,77.7,77.52,77.63,686
1783968900,77.63,77.67,77.52,77.62,523
1783969200,77.64,77.78,77.54,77.56,660
1783969500,77.55,77.67,77.47,77.65,629
1783969800,77.67,77.84,77.64,77.76,629
1783970100,77.77,77.83,77.6,77.66,581
1783970400,77.66,77.75,77.62,77.7,253
1783970700,77.68,77.78,77.67,77.76,245
1783971000,77.75,77.91,77.66,77.81,628
1783971300,77.82,77.98,77.82,77.87,481
1783971600,77.88,77.97,77.78,77.93,662
1783971900,77.92,77.97,77.74,77.81,562
1783972200,77.8,77.81,77.68,77.69,351
1783972500,77.7,77.72,77.62,77.66,473
1783972800,77.66,77.81,77.65,77.77,269
1783973100,77.76,78.03,77.71,78,670
1783973400,78.02,78.44,77.96,78.43,1796
1783973700,78.42,78.59,78.24,78.26,1673
1783974000,78.26,78.28,78.11,78.25,623
1783974300,78.26,78.26,78.01,78.16,435
1783974600,78.15,78.35,78.06,78.06,516
1783974900,78.05,78.26,78.02,78.22,316
1783975200,78.21,78.34,78.17,78.2,476
1783975500,78.19,78.22,77.95,78.1,703
1783975800,78.1,78.18,77.97,77.99,344
1783976100,77.95,78.04,77.92,78.01,473
1783980000,78.15,78.4,77.81,78.01,784
1783980300,78,78.34,77.95,78.05,776
1783980600,78.05,78.15,77.92,77.93,787
1783980900,77.94,78,77.89,77.95,210
1783981200,77.95,78.08,77.91,78.08,159
1783981500,78.08,78.22,78.05,78.13,313
1783981800,78.13,78.19,78.11,78.15,131
1783982100,78.15,78.28,78.15,78.18,290
1783982400,78.21,78.28,78.16,78.24,190
1783982700,78.23,78.44,78.21,78.42,388
1783983000,78.4,78.73,78.36,78.51,644
1783983300,78.51,79.1,78.47,79.06,1197
1783983600,79.06,79.15,78.68,78.72,929
1783983900,78.72,78.79,78.65,78.69,275
1783984200,78.69,78.88,78.56,78.85,527
1783984500,78.83,78.99,78.76,78.93,449
1783984800,78.92,79,78.83,78.88,262
1783985100,78.88,78.97,78.81,78.94,165
1783985400,78.97,79.25,78.97,79.06,1250
1783985700,79.09,79.11,79,79.1,379
1783986000,79.11,79.61,79,79.58,907
1783986300,79.58,79.6,79.23,79.27,889
1783986600,79.25,79.33,79.06,79.21,680
1783986900,79.2,79.28,78.95,78.96,695
1783987200,78.96,79.53,78.56,79.46,2081
1783987500,79.43,79.71,79.3,79.41,1429
1783987800,79.4,79.49,79.16,79.3,769
1783988100,79.32,80.04,79.31,80.03,1693
1783988400,80.04,80.42,80.01,80.22,2294
1783988700,80.23,80.39,80.08,80.14,1085
1783989000,80.13,80.22,79.83,79.94,1048
1783989300,79.96,80.11,79.75,79.98,1013
1783989600,79.97,80.13,79.8,79.95,611
1783989900,79.93,79.93,79.74,79.91,526
1783990200,79.89,79.91,79.7,79.77,592
1783990500,79.79,79.88,79.71,79.86,431
1783990800,79.85,79.94,79.42,79.64,2102
1783991100,79.64,79.66,79.27,79.4,1470
1783991400,79.4,79.51,79.23,79.51,1105
1783991700,79.5,79.55,79.23,79.3,738
1783992000,79.28,79.35,79.07,79.29,994
1783992300,79.32,79.52,79.25,79.47,752
1783992600,79.49,79.52,79.18,79.33,568
1783992900,79.37,79.54,79.37,79.47,418
1783993200,79.43,79.5,79.36,79.44,380
1783993500,79.41,79.5,79.3,79.3,290
1783993800,79.35,79.38,79.24,79.24,407
1783994100,79.25,79.61,79.23,79.53,408
1783994400,79.54,79.58,79.29,79.38,367
1783994700,79.38,79.42,79.11,79.2,661
1783995000,79.16,79.22,79.1,79.13,407
1783995300,79.15,79.32,79.15,79.23,402
1783995600,79.22,79.27,79.15,79.27,202
1783995900,79.27,79.3,79.18,79.19,261
1783996200,79.19,79.19,78.87,79.05,1292
1783996500,79.05,79.18,78.93,79.18,471
1783996800,79.2,79.44,79.2,79.38,563
1783997100,79.37,79.5,79.29,79.37,390
1783997400,79.38,79.64,79.38,79.62,517
1783997700,79.61,79.61,79.45,79.53,469
1783998000,79.53,79.69,79.48,79.64,639
1783998300,79.64,79.7,79.54,79.63,433
1783998600,79.62,79.71,79.53,79.7,398
1783998900,79.71,80.04,79.7,79.95,733
1783999200,79.96,80.01,79.71,79.75,453
1783999500,79.77,79.91,79.77,79.8,198
1783999800,79.83,80.06,79.56,80.02,499
1784000100,80.02,80.03,79.8,79.88,311
1784000400,79.87,79.92,79.63,79.69,375
1784000700,79.69,79.69,79.52,79.64,491
1784001000,79.63,79.65,79.41,79.62,515
1784001300,79.62,79.66,79.52,79.62,273
1784001600,79.63,79.66,79.49,79.63,302
1784001900,79.62,79.77,79.61,79.74,217
1784002200,79.71,79.81,79.65,79.7,178
1784002500,79.7,79.72,79.56,79.57,154
1784002800,79.56,79.57,79.43,79.49,319
1784003100,79.49,79.65,79.49,79.62,150
1784003400,79.62,79.72,79.57,79.67,112
1784003700,79.69,79.84,79.67,79.73,301
1784004000,79.73,79.84,79.73,79.78,383
1784004300,79.8,79.84,79.76,79.82,121
1784004600,79.84,79.91,79.81,79.86,214
1784004900,79.81,79.85,79.71,79.75,230
1784005200,79.74,79.89,79.64,79.82,315
1784005500,79.84,79.9,79.76,79.79,157
1784005800,79.8,79.82,79.68,79.71,216
1784006100,79.69,79.78,79.64,79.73,148
1784006400,79.73,79.8,79.68,79.79,195
1784006700,79.79,79.82,79.68,79.68,141
1784007000,79.67,79.67,79.26,79.4,1297
1784007300,79.38,79.4,79,79.03,1060
1784007600,79.01,79.08,78.86,78.92,707
1784007900,78.92,79.04,78.81,79.03,659
1784008200,79.03,79.24,78.94,79.18,769
1784008500,79.18,79.45,79.17,79.35,560
1784008800,79.37,79.54,79.31,79.53,446
1784009100,79.52,79.72,79.49,79.64,453
1784009400,79.64,79.67,79.49,79.63,611
1784009700,79.61,79.63,79.52,79.54,337
1784010000,79.53,79.89,79.45,79.89,570
1784010300,79.9,80.34,79.83,80.21,1140
1784010600,80.22,80.27,79.99,80.26,1049
1784010900,80.24,80.29,80.07,80.09,550
1784011200,80.07,80.33,79.97,80.28,957
1784011500,80.3,80.57,80.27,80.53,1189
1784011800,80.54,80.59,80.33,80.45,643
1784012100,80.45,80.48,80.24,80.43,582
1784012400,80.42,80.64,80.13,80.16,879
1784012700,80.16,80.28,79.95,80.25,802
1784013000,80.24,80.39,80.07,80.07,493
1784013300,80.07,80.41,79.97,80.31,581
1784013600,80.32,80.48,80.32,80.37,517
1784013900,80.35,80.42,80.22,80.42,733
1784014200,80.43,80.94,80.43,80.8,1369
1784014500,80.78,80.86,80.6,80.69,685
1784014800,80.66,80.92,80.65,80.87,560
1784015100,80.87,80.92,80.35,80.36,960
1784015400,80.38,80.44,80.08,80.26,1132
1784015700,80.28,80.63,80.28,80.38,629
1784016000,80.39,81.1,80.34,80.85,1401
1784016300,80.86,81.15,80.79,81.01,881
1784016600,81.05,81.05,80.53,80.58,1023
1784016900,80.57,80.57,80.19,80.21,918
1784017200,80.2,80.28,80.01,80.19,828
1784017500,80.19,80.39,79.97,80.36,826
1784017800,80.39,80.59,80.3,80.47,830
1784018100,80.49,80.57,80.34,80.41,557
1784018400,80.43,80.71,80.39,80.57,611
1784018700,80.57,80.66,80.45,80.62,363
1784019000,80.62,80.72,80.4,80.4,480
1784019300,80.41,81.06,80.35,81.02,1101
1784019600,81.04,81.24,81.02,81.02,1408
1784019900,81.01,81.18,80.57,80.65,911
1784020200,80.64,80.71,80.14,80.16,1332
1784020500,80.15,80.41,80.04,80.31,1050
1784020800,80.34,80.67,80.31,80.52,653
1784021100,80.53,80.74,80.45,80.69,332
1784021400,80.62,80.65,80.34,80.43,456
1784021700,80.42,80.44,80.22,80.31,416
1784022000,80.32,80.37,80.21,80.36,362
1784022300,80.38,80.43,80.16,80.21,444
1784022600,80.25,80.61,80.24,80.55,514
1784022900,80.57,80.69,80.55,80.58,397
1784023200,80.58,80.81,80.49,80.61,703
1784023500,80.63,80.9,80.62,80.87,507
1784023800,80.9,81.07,80.83,80.98,608
1784024100,80.99,81.04,80.75,80.77,604
1784024400,80.76,80.81,80.67,80.69,514
1784024700,80.71,81.03,80.71,80.87,651
1784025000,80.9,81.28,80.89,81.08,1339
1784025300,81.08,81.08,80.3,80.63,1502
1784025600,80.61,80.79,80.6,80.72,678
1784025900,80.74,80.86,80.71,80.81,465
1784026200,80.82,81.08,80.82,81.01,737
1784026500,81.03,81.11,80.84,80.91,628
1784026800,80.91,81.05,80.81,80.92,438
1784027100,80.88,80.89,80.77,80.81,378
1784027400,80.8,80.8,80.38,80.45,1158
1784027700,80.48,80.63,80.21,80.26,1032
1784028000,80.25,80.39,80,80.03,1068
1784028300,80.02,80.13,79.94,79.99,1062
1784028600,79.97,79.98,79.51,79.83,2104
1784028900,79.83,79.84,79.56,79.66,767
1784029200,79.69,79.91,79.64,79.85,643
1784029500,79.86,79.91,79.53,79.82,1176
1784029800,79.82,79.89,79.62,79.67,476
1784030100,79.67,79.76,79.46,79.51,882
1784030400,79.5,79.77,79.49,79.75,570
1784030700,79.76,80.05,79.71,80.01,988
1784031000,80.02,80.11,79.91,80.01,754
1784031300,80.01,80.14,79.94,80.08,495
1784031600,80.09,80.17,79.76,79.78,955
1784031900,79.77,80.08,79.74,80.05,572
1784032200,80.08,80.44,79.7,80.39,1399
1784032500,80.38,80.62,80.36,80.6,761
1784032800,80.59,80.64,80.43,80.47,719
1784033100,80.46,80.78,80.45,80.76,933
1784033400,80.78,80.89,80.73,80.77,787
1784033700,80.75,80.76,80.57,80.69,862
1784034000,80.69,80.95,80.55,80.86,1182
1784034300,80.88,80.94,80.54,80.83,1146
1784034600,80.83,80.86,80.46,80.48,1007
1784034900,80.49,80.64,80.42,80.57,1003
1784035200,80.58,80.64,79.83,79.95,2276
1784035500,79.95,80.15,79.9,80.04,1211
1784035800,80.04,80.56,80,80.29,1640
1784036100,80.28,80.43,79.72,79.8,2561
1784036400,79.8,80.14,79.68,79.71,1522
1784036700,79.7,80.11,79.58,80.06,1858
1784037000,80.04,80.19,79.91,80.05,1068
1784037300,80.06,80.13,79.81,79.93,745
1784037600,79.93,79.95,79.65,79.76,1001
1784037900,79.75,79.79,79.3,79.55,1721
1784038200,79.58,79.89,79.5,79.82,1194
1784038500,79.8,80,79.58,79.67,1105
1784038800,79.69,79.74,79.4,79.49,974
1784039100,79.47,79.66,79.22,79.41,1329
1784039400,79.4,79.51,78.14,79.02,1735
1784039700,79,79.32,78.97,79.09,1720
1784040000,79.1,79.4,79.07,79.35,912
1784040300,79.33,79.35,79.13,79.17,529
1784040600,79.16,79.18,78.61,78.71,2373
1784040900,78.71,78.87,78.64,78.84,1180
1784041200,78.84,79.04,77.96,78.47,1358
1784041500,78.5,78.53,77.81,78.02,4037
1784041800,78.02,78.59,77.96,78.59,2279
1784042100,78.59,78.83,78.55,78.73,1445
1784042400,78.72,79,78.62,78.83,1286
1784042700,78.83,78.88,78.46,78.54,1915
1784043000,78.55,79.43,78.55,79.38,3552
1784043300,79.38,79.59,79.34,79.55,1633
1784043600,79.55,79.76,79.49,79.53,1373
1784043900,79.54,79.65,79.38,79.65,1120
1784044200,79.65,79.79,79.62,79.76,1252
1784044500,79.76,79.8,79.43,79.46,960
1784044800,79.44,79.63,79.38,79.52,849
1784045100,79.52,79.65,79.24,79.32,1074
1784045400,79.31,79.31,78.92,79.05,1842
1784045700,79.05,79.05,78.79,78.98,850
1784046000,78.98,79.45,78.97,79.2,1199
1784046300,79.18,79.38,79.12,79.34,381
1784046600,79.34,79.38,79.18,79.34,348
1784046900,79.33,79.33,79.03,79.06,575
1784047200,79.06,79.2,78.96,79.12,431
1784047500,79.11,79.38,79.06,79.35,434
1784047800,79.35,79.36,79.12,79.23,379
1784048100,79.22,79.38,79.18,79.21,460
1784048400,79.2,79.3,79.06,79.11,587
1784048700,79.1,79.22,78.94,78.96,374
1784049000,78.96,79.13,78.79,79.1,695
1784049300,79.1,79.28,79.05,79.13,543
1784049600,79.18,79.18,78.96,79.07,293
1784049900,79.07,79.11,78.96,79.06,209
1784050200,79.08,79.17,78.97,79.12,234
1784050500,79.14,79.15,78.86,78.88,415
1784050800,78.85,78.99,78.76,78.95,448
1784051100,78.93,79.07,78.56,78.56,1018
1784051400,78.55,78.75,78.47,78.62,901
1784051700,78.63,78.76,78.63,78.72,214
1784052000,78.73,79.1,78.73,79.03,621
1784052300,79.03,79.17,79.02,79.12,392
1784052600,79.12,79.13,78.84,78.86,699
1784052900,78.88,79.16,78.84,79.06,379
1784053200,79.08,79.2,79.07,79.14,388
1784053500,79.15,79.4,79.12,79.4,1107
1784053800,79.41,79.61,79.38,79.38,801
1784054100,79.36,79.61,79.3,79.55,810
1784054400,79.57,79.87,79.53,79.56,1158
1784054700,79.58,79.77,79.52,79.77,343
1784055000,79.76,79.79,79.58,79.62,414
1784055300,79.62,79.66,79.53,79.62,255
1784055600,79.64,79.8,79.6,79.7,447
1784055900,79.69,79.71,79.56,79.7,231
1784056200,79.69,79.76,79.6,79.67,268
1784056500,79.67,79.79,79.52,79.69,426
1784056800,79.66,79.68,79.46,79.53,491
1784057100,79.53,79.61,79.52,79.58,130
1784057400,79.59,79.95,79.58,79.9,1094
1784057700,79.88,79.98,79.74,79.78,394
1784058000,79.79,79.8,79.62,79.68,354
1784058300,79.67,79.72,79.6,79.62,184
1784058600,79.64,79.72,79.62,79.69,226
1784058900,79.69,79.82,79.63,79.7,466
1784059200,79.69,79.93,79.69,79.82,325
1784059500,79.81,79.88,79.78,79.79,206
1784059800,79.8,79.86,79.79,79.86,56
1784060100,79.86,79.88,79.81,79.87,116
1784060400,79.86,79.96,79.84,79.96,175
1784060700,79.95,80.02,79.94,79.94,342
1784061000,79.94,80.25,79.93,80.2,628
1784061300,80.2,80.28,80.01,80.01,416
1784061600,80.04,80.08,79.95,80,295
1784061900,80.01,80.02,79.81,79.92,276
1784062200,79.93,79.95,79.82,79.84,225
1784062500,79.86,79.91,79.8,79.86,217
1784066400,79.86,80.01,79.56,79.9,337
1784066700,79.89,80.18,79.87,79.96,424
1784067000,79.97,80.26,79.92,80.03,606
1784067300,80.01,80.02,79.81,79.97,326
1784067600,79.97,80.04,79.92,80.01,140
1784067900,80.05,80.06,79.85,79.89,124
1784068200,79.85,79.96,79.84,79.96,100
1784068500,79.96,80,79.85,79.95,170
1784068800,79.94,80.01,79.9,79.97,86
1784069100,79.96,79.97,79.92,79.96,25
1784069400,79.96,79.97,79.94,79.94,44
1784069700,79.95,79.95,79.9,79.93,55
1784070000,79.91,79.96,79.87,79.87,63
1784070300,79.88,79.94,79.87,79.93,64
1784070600,79.91,79.95,79.91,79.92,29
1784070900,79.93,79.97,79.93,79.96,53
1784071200,79.96,79.97,79.9,79.9,106
1784071500,79.91,79.91,79.67,79.77,410
1784071800,79.77,79.87,79.75,79.83,104
1784072100,79.82,79.87,79.81,79.86,73
1784072400,79.87,79.9,79.84,79.88,84
1784072700,79.88,79.93,79.83,79.83,120
1784073000,79.83,79.87,79.81,79.83,372
1784073300,79.82,79.88,79.82,79.86,221
1784073600,79.85,80,79.61,80,890
1784073900,79.98,80.14,79.94,80.1,368
1784074200,80.09,80.21,80.04,80.2,318
1784074500,80.2,80.24,80.16,80.23,240
1784074800,80.23,80.29,80.11,80.29,307
1784075100,80.29,80.32,80.17,80.25,278
1784075400,80.24,80.47,80.24,80.46,403
1784075700,80.45,80.56,80.42,80.53,365
1784076000,80.53,80.56,80.42,80.53,294
1784076300,80.54,80.59,80.48,80.51,247
1784076600,80.5,80.5,80.28,80.4,471
1784076900,80.38,80.39,80.2,80.2,312
1784077200,80.2,80.2,79.91,79.92,1255
1784077500,79.93,80.07,79.88,79.91,578
1784077800,79.89,80.02,79.86,79.97,282
1784078100,79.95,79.96,79.81,79.88,429
1784078400,79.86,79.93,79.77,79.9,344
1784078700,79.9,80.09,79.84,80.07,364
1784079000,80.08,80.08,79.9,80,316
1784079300,80.01,80.06,79.89,80.04,219
1784079600,80.02,80.11,79.95,80,352
1784079900,79.99,80.1,79.96,80.08,136
1784080200,80.09,80.17,80.05,80.12,243
1784080500,80.13,80.28,80.12,80.2,337
1784080800,80.23,80.38,80.18,80.35,295
1784081100,80.35,80.35,80.12,80.18,317
1784081400,80.18,80.21,80.04,80.13,293
1784081700,80.09,80.17,80.09,80.15,108
1784082000,80.13,80.18,80.12,80.14,96
1784082300,80.14,80.25,80.14,80.19,132
1784082600,80.21,80.25,80.15,80.2,142
1784082900,80.21,80.29,80.16,80.28,113
1784083200,80.28,80.28,80.17,80.24,90
1784083500,80.24,80.41,80.22,80.35,310
1784083800,80.37,80.46,80.34,80.38,280
1784084100,80.39,80.41,80.22,80.29,271
1784084400,80.3,80.33,80.15,80.19,219
1784084700,80.19,80.22,80.12,80.12,162
1784085000,80.14,80.28,80.14,80.21,205
1784085300,80.2,80.27,80.17,80.26,109
1784085600,80.25,80.27,80.17,80.2,134
1784085900,80.2,80.2,80.06,80.11,267
1784086200,80.1,80.17,79.99,80.17,365
1784086500,80.16,80.24,80.14,80.17,130
1784086800,80.14,80.2,80.12,80.14,90
1784087100,80.14,80.14,79.96,79.97,263
1784087400,79.97,79.97,79.82,79.93,406
1784087700,79.93,80,79.86,79.94,213
1784088000,79.93,80.07,79.93,80.02,198
1784088300,80.02,80.08,79.99,80.03,128
1784088600,80.04,80.06,79.95,79.95,111
1784088900,80,80.02,79.83,79.89,317
1784089200,79.89,79.91,79.79,79.8,240
1784089500,79.8,79.86,79.74,79.85,313
1784089800,79.85,79.91,79.82,79.85,169
1784090100,79.85,79.85,79.68,79.78,344
1784090400,79.79,79.83,79.78,79.81,79
1784090700,79.79,79.79,79.71,79.72,121
1784091000,79.73,79.76,79.71,79.73,101
1784091300,79.73,79.79,79.66,79.79,180
1784091600,79.78,79.98,79.76,79.93,358
1784091900,79.91,79.91,79.81,79.85,161
1784092200,79.85,79.89,79.76,79.77,125
1784092500,79.77,79.85,79.72,79.77,162
1784092800,79.78,79.85,79.78,79.84,77
1784093100,79.85,79.92,79.82,79.87,137
1784093400,79.88,79.9,79.74,79.75,317
1784093700,79.72,79.72,79.48,79.55,806
1784094000,79.56,79.87,79.5,79.85,318
1784094300,79.86,79.91,79.74,79.79,284
1784094600,79.82,79.84,79.61,79.65,280
1784094900,79.65,79.75,79.62,79.71,216
1784095200,79.72,79.78,79.65,79.69,212
1784095500,79.69,79.87,79.69,79.69,258
1784095800,79.69,79.72,79.64,79.68,155
1784096100,79.68,79.8,79.63,79.63,233
1784096400,79.64,79.66,79.5,79.54,462
1784096700,79.55,79.75,79.55,79.72,281
1784097000,79.7,79.79,79.65,79.67,193
1784097300,79.67,79.7,79.61,79.68,175
1784097600,79.68,79.7,79.57,79.65,177
1784097900,79.62,79.78,79.59,79.78,223
1784098200,79.76,79.89,79.74,79.87,303
1784098500,79.88,80.04,79.86,80,475
1784098800,80,80.33,79.99,80.23,827
1784099100,80.24,80.28,80.1,80.18,310
1784099400,80.17,80.42,80.15,80.18,395
1784099700,80.2,80.37,80.2,80.3,208
1784100000,80.29,80.32,80.12,80.29,302
1784100300,80.29,80.49,80.28,80.35,433
1784100600,80.36,80.46,80.33,80.35,271
1784100900,80.37,80.4,80.13,80.2,349
1784101200,80.24,80.51,80.16,80.39,516
1784101500,80.39,80.44,80.22,80.23,318
1784101800,80.25,80.56,80.22,80.48,425
1784102100,80.5,80.63,80.49,80.52,459
1784102400,80.54,80.88,80.53,80.83,858
1784102700,80.83,80.83,80.64,80.7,588
1784103000,80.74,80.94,80.74,80.8,629
1784103300,80.81,80.81,80.44,80.48,836
1784103600,80.5,80.53,80.35,80.42,759
1784103900,80.43,80.43,79.82,79.84,1430
1784104200,79.85,79.97,79.67,79.92,1700
1784104500,79.92,79.95,79.8,79.92,379
1784104800,79.92,80.03,79.73,79.77,470
1784105100,79.78,79.85,79.58,79.74,779
1784105400,79.75,79.75,79.45,79.65,824
1784105700,79.64,79.64,79.33,79.39,647
1784106000,79.39,79.59,79.3,79.46,693
1784106300,79.46,79.54,79.31,79.44,435
1784106600,79.44,79.65,79.44,79.58,397
1784106900,79.6,79.87,79.6,79.85,651
1784107200,79.84,79.96,79.8,79.83,331
1784107500,79.86,79.98,79.85,79.93,215
1784107800,79.95,80.01,79.81,79.89,413
1784108100,79.91,79.95,79.84,79.92,217
1784108400,79.92,79.93,79.71,79.8,450
1784108700,79.78,80.11,79.78,80.06,656
1784109000,80.06,80.16,80.04,80.05,362
1784109300,80.05,80.16,80.03,80.12,215
1784109600,80.1,80.14,79.94,80.03,427
1784109900,80.05,80.27,80.04,80.2,367
1784110200,80.2,80.29,80.16,80.21,298
1784110500,80.19,80.19,79.99,80.09,481
1784110800,80.1,80.27,80,80.27,496
1784111100,80.26,80.35,80.19,80.28,382
1784111400,80.28,80.31,80.11,80.21,529
1784111700,80.21,80.22,80.06,80.08,311
1784112000,80.08,80.08,79.89,80.02,699
1784112300,80.04,80.12,79.95,80.04,302
1784112600,80.08,80.13,79.95,79.95,203
1784112900,79.95,80.05,79.83,79.85,488
1784113200,79.86,79.94,79.75,79.93,553
1784113500,79.93,80.04,79.9,79.96,398
1784113800,79.97,80.09,79.95,80.05,270
1784114100,80.03,80.07,79.82,79.87,369
1784114400,79.87,79.89,79.74,79.76,389
1784114700,79.79,79.86,79.73,79.74,414
1784115000,79.74,79.91,79.74,79.88,236
1784115300,79.89,79.91,79.71,79.77,387
1784115600,79.77,79.84,79.75,79.8,168
1784115900,79.8,79.8,79.65,79.72,353
1784116200,79.71,79.71,79.4,79.46,1034
1784116500,79.46,79.58,79.36,79.55,740
1784116800,79.57,79.77,79.56,79.66,532
1784117100,79.67,79.76,79.62,79.67,371
1784117400,79.67,79.8,79.59,79.63,678
1784117700,79.64,79.69,79.53,79.63,390
1784118000,79.66,79.89,79.63,79.87,617
1784118300,79.87,79.94,79.73,79.86,553
1784118600,79.86,79.88,79.76,79.84,350
1784118900,79.84,79.9,79.75,79.82,467
1784119200,79.81,79.84,79.63,79.7,540
1784119500,79.71,79.74,79.6,79.68,406
1784119800,79.69,79.84,79.67,79.79,307
1784120100,79.81,79.86,79.73,79.78,535
1784120400,79.78,79.92,79.59,79.7,868
1784120700,79.71,80.01,79.67,79.97,870
1784121000,79.97,80.27,79.94,80.23,1472
1784121300,80.23,80.36,80.15,80.18,837
1784121600,80.17,80.27,80.05,80.2,847
1784121900,80.21,80.46,80.21,80.37,843
1784122200,80.39,80.4,79.98,80.06,1305
1784122500,80.07,80.09,79.81,79.88,1102
1784122800,79.88,80.03,79.83,79.96,739
1784123100,79.96,80.07,79.87,79.98,677
1784123400,79.98,80.19,79.97,80.14,638
1784123700,80.15,80.17,79.39,79.8,3981
1784124000,79.8,79.87,79.69,79.71,1068
1784124300,79.74,79.79,79.52,79.58,1061
1784124600,79.58,79.8,79.54,79.8,791
1784124900,79.8,79.86,79.66,79.66,697
1784125200,79.67,79.71,79.48,79.51,854
1784125500,79.52,79.54,79.19,79.47,1837
1784125800,79.42,79.46,79.07,79.26,1877
1784126100,79.26,79.37,79.05,79.22,1134
1784126400,79.24,79.43,79.24,79.29,905
1784126700,79.29,79.29,78.83,78.85,1658
1784127000,78.84,78.89,78.65,78.65,2245
1784127300,78.64,78.73,78.56,78.65,1597
1784127600,78.64,78.91,78.6,78.83,1443
1784127900,78.84,78.9,78.57,78.71,1053
1784128200,78.71,78.91,78.7,78.87,849
1784128500,78.89,78.97,78.65,78.67,1110
1784128800,78.67,78.83,78.44,78.45,1298
1784129100,78.46,78.5,78.3,78.39,2052
1784129400,78.4,78.6,78.22,78.32,1900
1784129700,78.32,78.81,78.18,78.8,2239
1784130000,78.8,78.81,78.45,78.58,976
1784130300,78.59,78.72,78.51,78.7,659
1784130600,78.67,78.79,78.57,78.6,488
1784130900,78.61,78.89,78.61,78.87,684
1784131200,78.89,79.04,78.83,78.92,1085
1784131500,78.94,79.13,78.89,79.1,714
1784131800,79.09,79.21,78.96,79.01,1018
1784132100,79.01,79.07,78.95,79.04,449
1784132400,79.05,79.4,79.02,79.34,1032
1784132700,79.34,79.37,79.16,79.2,961
1784133000,79.22,79.38,79.15,79.36,463
1784133300,79.35,79.47,79.31,79.44,622
1784133600,79.44,79.5,79.34,79.49,415
1784133900,79.48,79.53,78.85,79.36,1217
1784134200,79.37,79.64,79.35,79.59,897
1784134500,79.58,79.73,79.47,79.48,731
1784134800,79.48,79.49,79.24,79.27,901
1784135100,79.25,79.27,79.09,79.25,693
1784135400,79.24,79.39,79.24,79.34,472
1784135700,79.35,79.42,79.28,79.3,325
1784136000,79.3,79.35,79.25,79.33,197
1784136300,79.33,79.34,78.96,78.97,1191
1784136600,78.97,79.12,78.78,79.09,1654
1784136900,79.08,79.19,78.98,79.13,639
1784137200,79.12,79.14,78.94,78.95,267
1784137500,78.96,79.03,78.9,78.9,482
1784137800,78.89,79.06,78.86,78.99,575
1784138100,79,79.02,78.93,78.99,244
1784138400,78.98,79.08,78.82,78.85,708
1784138700,78.83,79.21,78.82,79.16,715
1784139000,79.17,79.23,79.05,79.12,477
1784139300,79.12,79.37,79.11,79.24,623
1784139600,79.25,79.4,79.23,79.39,311
1784139900,79.4,79.68,79.3,79.67,1204
1784140200,79.66,79.84,79.61,79.79,1090
1784140500,79.8,79.9,79.74,79.85,550
1784140800,79.85,79.9,79.72,79.79,383
1784141100,79.79,79.84,79.63,79.71,801
1784141400,79.7,79.73,79.66,79.73,300
1784141700,79.71,79.78,79.68,79.74,272
1784142000,79.76,79.77,79.68,79.69,179
1784142300,79.69,79.77,79.64,79.75,180
1784142600,79.74,79.76,79.57,79.67,1068
1784142900,79.65,79.75,79.57,79.75,231
1784143200,79.76,79.94,79.76,79.85,918
1784143500,79.86,79.92,79.8,79.91,287
1784143800,79.88,80.53,79.83,80.46,1935
1784144100,80.46,80.7,80.24,80.29,1573
1784144400,80.3,80.35,80.2,80.24,450
1784144700,80.26,80.38,80.24,80.36,291
1784145000,80.35,80.35,80.2,80.3,306
1784145300,80.29,80.37,80.26,80.3,272
1784145600,80.31,80.42,80.29,80.36,291
1784145900,80.38,80.51,80.32,80.45,437
1784146200,80.47,80.47,80.37,80.39,274
1784146500,80.4,80.4,80.2,80.22,428
1784146800,80.21,80.31,80.17,80.28,346
1784147100,80.29,80.35,80.28,80.33,92
1784147400,80.3,80.42,80.29,80.4,202
1784147700,80.39,80.41,80.34,80.37,232
1784148000,80.38,80.46,80.36,80.42,153
1784148300,80.42,80.45,80.34,80.34,176
1784148600,80.33,80.34,80.17,80.2,444
1784148900,80.2,80.26,80.19,80.23,178
1784152800,80.01,80.22,79.61,80.16,647
1784153100,80.16,80.28,80.1,80.15,305
1784153400,80.18,80.23,80.09,80.22,122
1784153700,80.22,80.31,80.22,80.24,172
1784154000,80.26,80.3,80.21,80.22,81
1784154300,80.22,80.37,80.22,80.36,108
1784154600,80.36,80.48,80.36,80.45,219
1784154900,80.46,80.46,80.35,80.4,110
1784155200,80.36,80.45,80.26,80.3,226
1784155500,80.32,80.36,80.31,80.36,91
1784155800,80.36,80.44,80.2,80.38,200
1784156100,80.39,80.58,80.27,80.32,328
1784156400,80.29,80.38,80.23,80.31,147
1784156700,80.31,80.35,80.31,80.35,48
1784157000,80.33,80.33,80.24,80.29,70
1784157300,80.29,80.29,80.2,80.22,62
1784157600,80.23,80.24,80.17,80.21,90
1784157900,80.22,80.25,80.19,80.19,71
1784158200,80.19,80.19,80.09,80.16,344
1784158500,80.17,80.23,80.12,80.23,95
1784158800,80.24,80.29,80.2,80.2,95
1784159100,80.19,80.19,80.14,80.19,49
1784159400,80.18,80.24,80.17,80.23,37
1784159700,80.22,80.22,80.14,80.16,138
1784160000,80.17,80.2,80,80.02,490
1784160300,80.04,80.08,79.96,79.98,268
1784160600,79.99,80.1,79.96,79.96,169
1784160900,79.96,80.03,79.93,79.97,252
1784161200,79.97,80.01,79.86,80,194
1784161500,80.02,80.06,79.97,80.01,184
1784161800,80,80.15,79.96,80.1,261
1784162100,80.09,80.15,80.09,80.15,129
1784162400,80.15,80.23,80.1,80.14,245
1784162700,80.16,80.18,80.07,80.13,60
1784163000,80.14,80.16,80.01,80.08,119
1784163300,80.08,80.16,80.05,80.14,122
1784163600,80.13,80.32,80.01,80.24,424
1784163900,80.23,80.3,80.12,80.3,258
1784164200,80.3,80.39,80.26,80.28,288
1784164500,80.27,80.28,80.11,80.16,139
1784164800,80.14,80.21,79.99,80.09,371
1784165100,80.09,80.23,80.07,80.15,206
1784165400,80.12,80.13,79.98,80.03,176
1784165700,80.02,80.09,79.95,80.04,197
1784166000,80.05,80.14,80.01,80.13,168
1784166300,80.14,80.27,80.02,80.21,235
1784166600,80.21,80.31,80.09,80.09,343
1784166900,80.08,80.16,79.95,80.06,390
1784167200,80.06,80.18,80.05,80.12,88
1784167500,80.1,80.15,80.05,80.1,160
1784167800,80.1,80.17,80.1,80.14,86
1784168100,80.12,80.13,80.08,80.1,41
1784168400,80.1,80.19,80.04,80.15,97
1784168700,80.12,80.28,80.12,80.21,164
1784169000,80.23,80.25,80.08,80.08,178
1784169300,80.09,80.12,80.02,80.08,167
1784169600,80.07,80.25,80.07,80.16,82
1784169900,80.17,80.18,80.09,80.13,82
1784170200,80.13,80.16,80.01,80.08,118
1784170500,80.09,80.12,80.03,80.05,71
1784170800,80.03,80.1,79.97,80,187
1784171100,80,80.02,79.85,79.99,242
1784171400,79.96,79.99,79.9,79.9,87
1784171700,79.92,79.93,79.69,79.78,641
1784172000,79.75,79.79,79.67,79.72,249
1784172300,79.7,79.73,79.66,79.71,207
1784172600,79.72,79.76,79.28,79.4,1044
1784172900,79.4,79.45,79.25,79.43,665
1784173200,79.42,79.48,79.37,79.38,242
1784173500,79.38,79.45,79.36,79.4,84
1784173800,79.41,79.51,79.39,79.48,186
1784174100,79.49,79.58,79.48,79.53,209
1784174400,79.55,79.6,79.51,79.58,118
1784174700,79.58,79.61,79.54,79.57,257
1784175000,79.56,79.56,79.47,79.5,96
1784175300,79.51,79.53,79.47,79.47,50
1784175600,79.48,79.57,79.41,79.55,261
1784175900,79.55,79.59,79.5,79.53,93
1784176200,79.51,79.52,79.43,79.46,143
1784176500,79.46,79.46,79.37,79.42,148
1784176800,79.42,79.47,79.32,79.32,151
1784177100,79.33,79.34,79.25,79.3,154
1784177400,79.28,79.33,79.26,79.28,163
1784177700,79.28,79.41,79.27,79.37,108
1784178000,79.4,79.4,79.33,79.39,73
1784178300,79.39,79.39,79.27,79.34,97
1784178600,79.33,79.35,79.23,79.34,186
1784178900,79.35,79.42,79.27,79.39,203
1784179200,79.39,79.42,79.37,79.38,117
1784179500,79.39,79.4,79.29,79.29,98
1784179800,79.29,79.35,79.14,79.23,445
1784180100,79.21,79.42,79.21,79.38,209
1784180400,79.39,79.42,79.32,79.35,92
1784180700,79.36,79.41,79.28,79.31,111
1784181000,79.32,79.51,79.32,79.46,297
1784181300,79.47,79.47,79.39,79.41,89
1784181600,79.42,79.45,79.3,79.36,149
1784181900,79.35,79.64,79.35,79.62,366
1784182200,79.6,79.69,79.36,79.43,414
1784182500,79.43,79.5,79.3,79.48,191
1784182800,79.47,79.65,79.46,79.63,186
1784183100,79.63,79.68,79.53,79.57,216
1784183400,79.59,79.68,79.46,79.51,179
1784183700,79.52,79.53,79.28,79.43,318
1784184000,79.43,79.54,79.43,79.52,110
1784184300,79.53,79.61,79.32,79.32,238
1784184600,79.31,79.43,79.25,79.37,331
1784184900,79.37,79.46,79.34,79.42,147
1784185200,79.42,79.62,79.38,79.48,401
1784185500,79.5,79.52,79.35,79.48,205
1784185800,79.48,79.5,79.21,79.27,327
1784186100,79.28,79.43,79.24,79.38,251
1784186400,79.38,79.49,79.34,79.49,89
1784186700,79.49,79.74,79.49,79.67,469
1784187000,79.68,79.75,79.52,79.52,245
1784187300,79.53,79.71,79.52,79.7,186
1784187600,79.7,79.78,79.57,79.57,172
1784187900,79.56,79.62,79.46,79.62,340
1784188200,79.6,79.63,79.48,79.52,167
1784188500,79.5,79.58,79.49,79.54,117
1784188800,79.55,79.6,79.26,79.38,560
1784189100,79.38,79.56,79.32,79.5,198
1784189400,79.53,79.62,79.42,79.53,305
1784189700,79.53,79.55,79.43,79.5,116
1784190000,79.44,79.52,79.41,79.47,68
1784190300,79.48,79.54,79.39,79.41,306
1784190600,79.4,79.63,79.33,79.58,404
1784190900,79.59,79.67,79.41,79.62,343
1784191200,79.62,79.63,79.51,79.56,112
1784191500,79.58,79.58,79.38,79.41,307
1784191800,79.4,79.6,79.4,79.59,201
1784192100,79.55,79.56,79.27,79.32,429
1784192400,79.31,79.33,79.06,79.16,804
1784192700,79.16,79.18,78.98,79.16,662
1784193000,79.15,79.21,78.91,78.96,543
1784193300,78.97,79.25,78.95,79.25,394
1784193600,79.24,79.39,79.23,79.31,340
1784193900,79.32,79.32,79.08,79.08,249
1784194200,79.08,79.32,79.03,79.29,321
1784194500,79.28,79.5,79.24,79.47,563
1784194800,79.46,79.59,79.41,79.53,330
1784195100,79.52,79.65,79.48,79.61,330
1784195400,79.59,79.59,79.41,79.45,365
1784195700,79.44,79.56,79.44,79.54,170
1784196000,79.57,79.59,79.4,79.44,160
1784196300,79.44,79.59,79.44,79.53,229
1784196600,79.54,79.56,79.47,79.55,153
1784196900,79.54,79.6,79.4,79.46,240
1784197200,79.45,79.61,79.45,79.58,91
1784197500,79.54,79.61,79.5,79.55,256
1784197800,79.58,79.69,79.57,79.6,246
1784198100,79.61,79.65,79.53,79.6,96
1784198400,79.59,79.64,79.54,79.6,78
1784198700,79.57,79.6,79.45,79.56,185
1784199000,79.57,79.65,79.47,79.53,196
1784199300,79.55,79.68,79.55,79.61,129
1784199600,79.59,79.6,79.47,79.53,151
1784199900,79.54,79.54,79.33,79.34,272
1784200200,79.35,79.5,79.35,79.5,198
1784200500,79.5,79.58,79.37,79.4,267
1784200800,79.4,79.48,79.34,79.38,120
1784201100,79.38,79.45,79.32,79.39,159
1784201400,79.37,79.5,79.36,79.4,127
1784201700,79.4,79.56,79.38,79.43,160
1784202000,79.47,79.52,79.42,79.46,95
1784202300,79.47,80.33,79.35,79.96,242
1784202600,79.98,80.02,79.69,79.85,1334
1784202900,79.82,79.96,79.65,79.68,512
1784203200,79.65,79.96,79.62,79.94,421
1784203500,79.96,80.07,79.93,80.01,460
1784203800,80,80.19,80,80.09,409
1784204100,80.09,80.27,80.08,80.17,515
1784204400,80.18,80.42,80.15,80.38,866
1784204700,80.38,80.73,80.36,80.43,1353
1784205000,80.45,80.6,80.3,80.49,834
1784205300,80.51,80.64,80.5,80.64,418
1784205600,80.64,80.69,80.53,80.67,395
1784205900,80.68,80.69,80.26,80.4,801
1784206200,80.42,80.56,80.4,80.52,539
1784206500,80.5,80.63,80.49,80.5,357
1784206800,80.49,80.87,80.42,80.71,1267
1784207100,80.68,80.69,80.34,80.46,870
1784207400,80.47,80.53,80.32,80.37,635
1784207700,80.35,80.55,80.33,80.44,490
1784208000,80.5,80.52,80.35,80.36,281
1784208300,80.38,80.38,80.11,80.14,1035
1784208600,80.16,80.31,79.93,80.29,1485
1784208900,80.29,80.37,80.06,80.12,969
1784209200,80.11,80.13,79.89,79.99,900
1784209500,80.01,80.12,79.89,79.92,569
1784209800,79.93,80.07,79.89,79.97,378
1784210100,79.96,80.11,79.9,80.08,583
1784210400,80.09,80.1,79.7,79.7,1180
1784210700,79.7,79.92,79.69,79.88,730
1784211000,79.88,79.99,79.87,79.96,498
1784211300,79.98,80.07,79.89,79.92,623
1784211600,79.9,80.31,79.9,80.17,1052
1784211900,80.19,80.23,80,80.04,637
1784212200,80.06,80.07,79.93,80.04,423
1784212500,80.04,80.04,79.81,79.9,876
1784212800,79.88,79.98,79.78,79.8,758
1784213100,79.79,79.88,79.62,79.73,844
1784213400,79.72,79.8,79.61,79.64,404
1784213700,79.63,79.73,79.45,79.58,1284
1784214000,79.58,79.74,79.47,79.73,660
1784214300,79.74,79.78,79.55,79.57,753
1784214600,79.58,79.71,79.57,79.69,440
1784214900,79.68,79.72,79.6,79.62,256
1784215200,79.63,79.63,79.3,79.47,1430
1784215500,79.46,79.55,79.3,79.52,898
1784215800,79.53,79.67,79.39,79.42,566
1784216100,79.43,79.45,79.3,79.32,532
1784216400,79.3,79.34,79.15,79.34,905
1784216700,79.34,79.46,79.31,79.36,519
1784217000,79.37,79.45,79.33,79.35,196
1784217300,79.38,79.39,79.32,79.35,155
1784217600,79.33,79.61,79.33,79.56,511
1784217900,79.57,79.71,79.5,79.53,599
1784218200,79.54,79.6,79.3,79.43,607
1784218500,79.43,79.64,79.33,79.54,726
1784218800,79.53,80.08,79.53,79.68,2483
1784219100,79.68,79.74,79.42,79.45,622
1784219400,79.44,79.45,79.26,79.31,537
1784219700,79.31,79.45,79.22,79.41,597
1784220000,79.39,79.44,79.3,79.37,248
1784220300,79.35,79.44,79.29,79.31,219
1784220600,79.29,79.32,78.97,79.02,664
1784220900,79.02,79.06,78.82,78.98,1071
1784221200,78.99,79.01,78.78,78.97,527
1784221500,78.98,79.04,78.9,79.02,256
1784221800,79.04,79.25,79.04,79.24,454
1784222100,79.25,79.25,79.03,79.05,528
1784222400,79.04,79.12,78.93,79.01,273
1784222700,79.03,79.07,78.93,78.95,449
1784223000,78.95,79.12,78.91,79.1,319
1784223300,79.1,79.12,79.03,79.04,215
1784223600,79.03,79.07,78.71,79.06,955
1784223900,79.05,79.1,78.91,78.91,340
1784224200,78.9,78.9,78.7,78.79,623
1784224500,78.8,78.83,78.72,78.76,260
1784224800,78.77,78.8,78.61,78.78,619
1784225100,78.8,78.87,78.74,78.82,377
1784225400,78.82,78.82,78.62,78.66,342
1784225700,78.69,78.75,78.56,78.75,565
1784226000,78.73,79.03,78.63,79.02,576
1784226300,79.01,79.06,78.85,78.98,898
1784226600,78.97,78.98,78.83,78.88,348
1784226900,78.86,78.93,78.75,78.87,410
1784227200,78.88,78.97,78.85,78.96,105
1784227500,78.97,79.09,78.94,79.01,342
1784227800,79.01,79.02,78.88,78.91,228
1784228100,78.91,79.03,78.9,79,131
1784228400,79.01,79.1,78.99,79.05,214
1784228700,79.03,79.09,78.94,79.03,279
1784229000,79.03,79.06,78.93,78.94,215
1784229300,78.98,79.01,78.95,79.01,103
1784229600,79.01,79.02,78.93,78.95,68
1784229900,78.96,78.99,78.94,78.98,103
1784230200,78.99,79.15,78.99,79.14,174
1784230500,79.14,79.19,79.02,79.07,272
1784230800,79.07,79.08,79,79.08,89
1784231100,79.07,79.08,79.03,79.07,75
1784231400,79.08,79.15,79.07,79.1,163
1784231700,79.11,79.11,79.04,79.05,179
1784232000,79.05,79.09,79.01,79.03,156
1784232300,79.07,79.1,78.84,78.9,397
1784232600,78.92,79.12,78.91,79.12,176
1784232900,79.1,79.14,79.06,79.14,209
1784233200,79.13,79.15,79.09,79.09,78
1784233500,79.11,79.11,79.06,79.11,40
1784233800,79.1,79.44,79.08,79.41,402
1784234100,79.4,79.59,79.32,79.45,247
1784234400,79.48,79.48,79.39,79.44,162
1784234700,79.46,79.68,79.42,79.66,374
1784235000,79.65,79.66,79.54,79.54,129
1784235300,79.55,79.6,79.51,79.55,213
1784239200,78.9,79.04,78.78,78.9,283
1784239500,78.89,78.98,78.88,78.94,72
1784239800,78.92,79.05,78.92,79.05,114
1784240100,79.05,79.08,79.04,79.04,80
1784240400,79.06,79.06,78.85,78.89,149
1784240700,78.9,78.97,78.9,78.97,53
1784241000,78.96,79,78.91,78.96,48
1784241300,78.97,79.01,78.95,78.99,96
1784241600,78.96,79.04,78.96,78.99,86
1784241900,78.96,79.01,78.93,78.99,59
1784242200,79.01,79.02,78.98,78.99,41
1784242500,78.99,79.01,78.95,78.95,49
1784242800,78.95,78.96,78.91,78.95,49
1784243100,78.98,79.02,78.95,78.97,47
1784243400,78.98,79,78.97,79,21
1784243700,79,79.02,78.96,79,33
1784244000,79,79.01,78.95,78.95,47
1784244300,78.96,79,78.94,79,32
1784244600,79.01,79.03,78.98,78.99,62
1784244900,78.99,79.01,78.95,78.97,21
1784245200,78.95,78.99,78.94,78.98,25
1784245500,78.97,79.01,78.96,79.01,27
1784245800,79,79.01,78.98,78.98,46
1784246100,78.99,79.03,78.98,79.02,32
1784246400,79.01,79.02,78.79,78.9,313
1784246700,78.9,78.91,78.86,78.86,70
1784247000,78.87,78.9,78.81,78.83,93
1784247300,78.83,78.87,78.8,78.86,45
1784247600,78.85,78.94,78.84,78.9,112
1784247900,78.92,79.05,78.79,78.99,221
1784248200,78.99,78.99,78.92,78.93,98
1784248500,78.92,78.97,78.83,78.94,83
1784248800,78.95,79.11,78.91,79.11,184
1784249100,79.12,79.12,78.99,79.04,236
1784249400,79.04,79.11,79.03,79.08,80
1784249700,79.12,79.16,79.08,79.12,153
1784250000,79.1,79.21,79.01,79.14,388
1784250300,79.14,79.3,79.02,79.26,285
1784250600,79.26,79.4,79.23,79.35,356
1784250900,79.34,79.4,79.31,79.39,212
1784251200,79.39,79.51,79.38,79.43,320
1784251500,79.44,79.53,79.4,79.52,315
1784251800,79.53,79.57,79.28,79.29,500
1784252100,79.31,79.31,79.18,79.24,259
1784252400,79.22,79.29,79.17,79.26,140
1784252700,79.25,79.26,79.11,79.22,186
1784253000,79.22,79.26,79.16,79.18,93
1784253300,79.18,79.27,79.13,79.17,150
1784253600,79.17,79.25,79.09,79.24,162
1784253900,79.23,79.23,79.14,79.21,65
1784254200,79.21,79.21,79.14,79.18,80
1784254500,79.17,79.18,79.12,79.17,62
1784254800,79.18,79.19,79.13,79.14,69
1784255100,79.13,79.13,79.05,79.07,126
1784255400,79.06,79.07,78.94,78.98,304
1784255700,78.98,78.99,78.84,78.97,266
1784256000,78.96,79,78.91,79,93
1784256300,79,79,78.87,78.89,112
1784256600,78.89,78.99,78.78,78.99,347
1784256900,78.99,79.06,78.92,79.02,204
1784257200,79,79.08,78.97,79.08,99
1784257500,79.07,79.08,78.99,79.04,96
1784257800,79.06,79.12,79.02,79.03,118
1784258100,79.02,79.04,78.87,78.92,218
1784258400,78.92,78.98,78.9,78.98,85
1784258700,78.98,79.07,78.97,79.05,190
1784259000,79.04,79.04,78.93,78.97,113
1784259300,78.98,79,78.95,78.98,76
1784259600,78.99,79.13,78.97,79.1,82
1784259900,79.08,79.09,79.05,79.09,35
1784260200,79.08,79.09,79.06,79.09,19
1784260500,79.09,79.18,79.09,79.17,126
1784260800,79.15,79.18,79.13,79.15,84
1784261100,79.15,79.15,79.09,79.11,43
1784261400,79.13,79.19,79.12,79.19,76
1784261700,79.18,79.23,79.16,79.18,62
1784262000,79.2,79.25,79.19,79.23,55
1784262300,79.24,79.28,79.2,79.25,187
1784262600,79.26,79.29,79.24,79.27,65
1784262900,79.25,79.27,79.19,79.19,80
1784263200,79.21,79.22,79.16,79.17,79
1784263500,79.17,79.18,79.12,79.12,55
1784263800,79.12,79.15,79.1,79.1,68
1784264100,79.13,79.18,79.13,79.18,58
1784264400,79.19,79.2,79.17,79.18,59
1784264700,79.16,79.16,79.03,79.07,161
1784265000,79.06,79.08,79.05,79.07,49
1784265300,79.05,79.09,79.05,79.07,52
1784265600,79.08,79.08,78.98,79.03,121
1784265900,79.03,79.04,78.93,78.99,126
1784266200,78.98,79.1,78.96,79.02,79
1784266500,79,79,78.76,78.79,275
1784266800,78.78,78.78,78.12,78.36,1457
1784267100,78.35,78.38,78.16,78.24,587
1784267400,78.25,78.5,78.24,78.41,242
1784267700,78.43,78.46,78.33,78.42,210
1784268000,78.43,78.44,78.06,78.07,536
1784268300,78.07,78.11,77.93,78,752
1784268600,78.02,78.12,77.98,78.12,400
1784268900,78.13,78.32,78.08,78.32,419
1784269200,78.31,78.34,78.09,78.19,309
1784269500,78.18,78.48,78.18,78.44,410
1784269800,78.45,78.5,78.37,78.43,208
1784270100,78.44,78.85,78.44,78.78,620
1784270400,78.8,78.89,78.71,78.72,388
1784270700,78.73,78.84,78.68,78.7,178
1784271000,78.68,78.68,78.5,78.66,244
1784271300,78.65,78.69,78.59,78.66,145
1784271600,78.62,78.79,78.62,78.69,231
1784271900,78.7,78.96,78.68,78.91,212
1784272200,78.9,78.94,78.85,78.86,136
1784272500,78.86,78.99,78.77,78.96,274
1784272800,78.97,79.12,78.95,79.03,431
1784273100,79.03,79.13,78.92,78.99,315
1784273400,79.01,79.05,78.95,78.98,146
1784273700,79,79.04,78.89,78.92,179
1784274000,78.91,78.97,78.9,78.95,104
1784274300,78.95,78.95,78.73,78.79,249
1784274600,78.8,78.83,78.73,78.79,136
1784274900,78.81,78.88,78.71,78.79,220
1784275200,78.76,78.8,78.53,78.57,286
1784275500,78.56,78.78,78.55,78.65,212
1784275800,78.65,78.9,78.65,78.84,281
1784276100,78.82,78.83,78.57,78.63,234
1784276400,78.61,78.91,78.57,78.9,284
1784276700,78.91,79.11,78.91,79.08,615
1784277000,79.05,79.1,78.93,79.08,361
1784277300,79.09,79.09,78.8,78.87,273
1784277600,78.86,79.03,78.79,78.95,172
1784277900,78.95,79.07,78.93,79.06,149
1784278200,79.05,79.25,79.04,79.2,318
1784278500,79.2,79.32,79.06,79.3,340
1784278800,79.31,79.62,79.28,79.44,941
1784279100,79.44,79.6,79.39,79.56,337
1784279400,79.57,79.58,79.39,79.43,297
1784279700,79.44,79.54,79.4,79.54,273
1784280000,79.54,79.77,79.54,79.69,397
1784280300,79.69,79.81,79.69,79.77,356
1784280600,79.79,79.85,79.65,79.74,326
1784280900,79.74,79.93,79.74,79.82,353
1784281200,79.83,79.87,79.66,79.72,206
1784281500,79.71,79.81,79.61,79.8,237
1784281800,79.82,79.89,79.78,79.86,188
1784282100,79.86,79.89,79.75,79.75,217
1784282400,79.75,79.8,79.56,79.65,479
1784282700,79.66,79.98,79.64,79.96,498
1784283000,79.96,80.04,79.88,79.97,503
1784283300,79.98,80.08,79.91,80.05,725
1784283600,80.05,80.05,79.9,80.01,276
1784283900,80.02,80.09,79.84,79.84,200
1784284200,79.84,79.86,79.76,79.84,216
1784284500,79.88,79.88,79.74,79.78,118
1784284800,79.78,79.87,79.71,79.79,275
1784285100,79.8,79.87,79.8,79.84,159
1784285400,79.83,79.99,79.8,79.97,316
1784285700,79.99,80.06,79.94,79.98,212
1784286000,79.97,80.06,79.93,80.01,185
1784286300,80.01,80.18,80,80.15,488
1784286600,80.17,80.22,80.12,80.15,286
1784286900,80.16,80.28,80.14,80.2,498
1784287200,80.2,80.32,80.14,80.21,416
1784287500,80.21,80.26,80.05,80.07,268
1784287800,80.07,80.19,80.03,80.19,219
1784288100,80.17,80.18,79.93,79.95,441
1784288400,79.93,80.02,79.9,79.98,401
1784288700,79.98,80.08,79.9,80.08,179
1784289000,80.08,80.21,80.06,80.16,305
1784289300,80.15,80.21,80.1,80.18,140
1784289600,80.18,80.2,80.11,80.2,156
1784289900,80.19,80.22,80.06,80.07,309
1784290200,80.06,80.15,80.05,80.1,188
1784290500,80.11,80.3,80.1,80.25,546
1784290800,80.22,80.27,80.18,80.24,221
1784291100,80.23,80.25,80.08,80.24,178
1784291400,80.25,80.43,80.25,80.4,686
1784291700,80.38,80.44,80.3,80.36,364
1784292000,80.37,80.37,80.25,80.32,274
1784292300,80.31,80.35,80.16,80.16,524
1784292600,80.19,80.22,80.05,80.2,365
1784292900,80.22,80.47,80.16,80.36,615
1784293200,80.34,80.99,80.27,80.91,2197
1784293500,80.91,81.01,80.62,80.67,1372
1784293800,80.67,80.88,80.64,80.87,510
1784294100,80.86,80.88,80.67,80.81,339
1784294400,80.79,81.02,80.76,80.93,701
1784294700,80.95,80.98,80.84,80.95,330
1784295000,80.95,81.07,80.84,80.86,759
1784295300,80.88,80.92,80.59,80.61,1153
1784295600,80.61,80.93,80.58,80.92,853
1784295900,80.92,80.99,80.85,80.97,419
1784296200,80.98,81.17,80.98,81.08,917
1784296500,81.09,81.22,81.04,81.14,531
1784296800,81.14,81.26,81.05,81.22,804
1784297100,81.23,81.26,80.9,80.94,840
1784297400,80.96,81.14,80.95,81.09,706
1784297700,81.08,81.08,80.85,81,527
1784298000,81.02,81.02,80.84,80.89,476
1784298300,80.9,80.98,80.83,80.9,431
1784298600,80.88,80.88,80.64,80.64,758
1784298900,80.65,80.76,80.53,80.72,945
1784299200,80.7,80.82,80.67,80.8,475
1784299500,80.81,80.81,80.63,80.7,403
1784299800,80.7,80.7,80.43,80.44,553
1784300100,80.45,80.47,80.19,80.22,1290
1784300400,80.22,80.35,79.98,80.04,1547
1784300700,80.01,80.12,79.85,79.98,1135
1784301000,79.96,80.03,79.8,79.99,769
1784301300,80.01,80.34,79.99,80.17,1048
1784301600,80.19,80.47,80.02,80.43,695
1784301900,80.45,80.58,80.36,80.42,1065
1784302200,80.42,80.8,80.32,80.7,2310
1784302500,80.7,80.85,80.6,80.76,622
1784302800,80.77,80.83,80.68,80.72,330
1784303100,80.73,80.75,80.58,80.65,391
1784303400,80.67,80.81,80.64,80.77,455
1784303700,80.77,80.79,80.66,80.69,349
1784304000,80.68,81.42,80.62,81.21,3030
1784304300,81.21,81.42,81.07,81.38,1229
1784304600,81.38,81.45,81.29,81.32,740
1784304900,81.33,81.52,81.27,81.32,898
1784305200,81.33,81.49,81.21,81.46,666
1784305500,81.45,81.51,81.36,81.4,603
1784305800,81.4,81.42,81.3,81.4,288
1784306100,81.4,81.48,81.28,81.29,357
1784306400,81.29,81.35,81.21,81.35,550
1784306700,81.35,81.36,81.2,81.23,335
1784307000,81.22,81.5,81.18,81.5,726
1784307300,81.49,81.55,81.43,81.47,710
1784307600,81.46,81.48,81.32,81.37,423
1784307900,81.37,81.5,81.28,81.46,571
1784308200,81.47,81.55,81.45,81.49,420
1784308500,81.49,81.59,81.43,81.57,448
1784308800,81.55,81.65,81.49,81.59,631
1784309100,81.6,81.73,81.59,81.63,754
1784309400,81.64,81.85,81.61,81.63,947
1784309700,81.64,81.67,81.51,81.58,635
1784310000,81.58,81.82,81.52,81.79,627
1784310300,81.8,81.88,81.68,81.78,810
1784310600,81.79,81.84,81.68,81.69,514
1784310900,81.68,81.85,81.66,81.79,516
1784311200,81.77,81.84,81.61,81.82,865
1784311500,81.83,82.07,81.83,81.9,1498
1784311800,81.91,82.02,81.79,82.01,470
1784312100,82.01,82.08,81.87,81.88,676
1784312400,81.87,82.02,81.85,82.01,383
1784312700,82,82.05,81.66,81.67,1279
1784313000,81.66,81.69,81.5,81.52,754
1784313300,81.51,81.63,81.43,81.56,688
1784313600,81.55,81.57,81.35,81.42,516
1784313900,81.42,81.48,81.37,81.48,312
1784314200,81.48,81.53,81.4,81.46,266
1784314500,81.47,81.49,81.41,81.42,135
1784314800,81.42,81.45,81.31,81.38,334
1784315100,81.38,81.43,81.33,81.36,219
1784315400,81.37,81.43,81.33,81.39,202
1784315700,81.38,81.43,81.35,81.38,160
1784316000,81.42,81.48,81.38,81.38,220
1784316300,81.4,81.45,81.34,81.38,290
1784316600,81.35,81.36,81.17,81.17,474
1784316900,81.17,81.34,81.16,81.23,289
1784317200,81.24,81.27,81.09,81.13,524
1784317500,81.13,81.25,81.12,81.18,422
1784317800,81.17,81.47,81.14,81.41,638
1784318100,81.41,81.47,81.39,81.44,320
1784318400,81.45,81.55,81.31,81.5,452
1784318700,81.51,81.65,81.51,81.53,406
1784319000,81.53,81.55,81.49,81.51,292
1784319300,81.53,81.59,81.52,81.57,370
1784319600,81.56,81.8,81.56,81.68,314
1784319900,81.67,81.77,81.63,81.73,469
1784320200,81.72,81.83,81.61,81.69,300
1784320500,81.69,81.81,81.66,81.78,172
1784320800,81.76,81.87,81.72,81.83,269
1784321100,81.84,81.86,81.7,81.7,311
1784321400,81.72,81.78,81.7,81.74,219
1784321700,81.72,81.85,81.71,81.79,473
1784498400,82.9,84.43,82.7,84.01,3925
1784498700,84.01,84.19,83.74,83.89,1590
1784499000,83.88,84.04,83.78,83.88,735
1784499300,83.86,84.15,83.79,84.09,664
1784499600,84.13,84.25,84.06,84.25,718
1784499900,84.24,84.6,84.06,84.6,1238
1784500200,84.58,84.62,84.01,84.17,1277
1784500500,84.17,84.34,84.16,84.29,394
1784500800,84.32,84.32,84.1,84.11,326
1784501100,84.1,84.14,84,84.02,470
1784501400,84.05,84.19,84.03,84.1,339
1784501700,84.1,84.1,84.03,84.03,257
1784502000,84.03,84.18,83.95,84.09,601
1784502300,84.07,84.11,83.98,84.04,290
1784502600,84.03,84.1,83.97,84.1,346
1784502900,84.1,84.11,84.01,84.05,179
1784503200,84.03,84.06,83.84,83.85,459
1784503500,83.87,83.97,83.78,83.96,353
1784503800,83.95,83.97,83.72,83.8,461
1784504100,83.78,83.9,83.76,83.9,282
1784504400,83.89,83.97,83.87,83.96,192
1784504700,83.96,84.03,83.92,83.96,295
1784505000,83.96,83.96,83.8,83.89,184
1784505300,83.89,83.89,83.81,83.87,129
1784505600,83.84,83.9,83.68,83.7,436
1784505900,83.69,83.75,83.58,83.67,513
1784506200,83.66,83.7,83.52,83.62,346
1784506500,83.65,83.74,83.55,83.74,368
1784506800,83.73,83.74,83.57,83.67,222
1784507100,83.68,83.73,83.62,83.7,216
1784507400,83.71,83.73,83.51,83.58,404
1784507700,83.6,83.77,83.57,83.77,239
1784508000,83.76,83.78,83.65,83.7,346
1784508300,83.69,83.74,83.64,83.72,189
1784508600,83.72,83.73,83.58,83.66,168
1784508900,83.66,83.67,83.54,83.56,387
1784509200,83.57,83.68,83.35,83.43,1286
1784509500,83.44,83.52,83.37,83.42,476
1784509800,83.43,83.65,83.43,83.63,324
1784510100,83.6,83.63,83.39,83.55,419
1784510400,83.54,83.55,83.4,83.5,271
1784510700,83.48,83.69,83.45,83.59,289
1784511000,83.61,83.68,83.5,83.65,303
1784511300,83.66,83.72,83.57,83.69,349
1784511600,83.69,83.81,83.67,83.79,430
1784511900,83.8,83.87,83.71,83.76,419
1784512200,83.8,83.86,83.68,83.7,383
1784512500,83.7,83.72,83.59,83.69,359
1784512800,83.66,83.66,83.42,83.59,712
1784513100,83.59,83.85,83.58,83.77,523
1784513400,83.77,83.82,83.75,83.8,173
1784513700,83.79,83.82,83.76,83.76,87
1784514000,83.78,83.78,83.63,83.73,336
1784514300,83.7,83.7,83.58,83.6,239
1784514600,83.62,83.62,83.32,83.59,953
1784514900,83.59,83.7,83.54,83.62,364
1784515200,83.63,83.65,83.41,83.52,401
1784515500,83.51,83.56,83.41,83.56,268
1784515800,83.52,83.52,83.32,83.35,451
1784516100,83.34,83.47,83.33,83.37,361
1784516400,83.35,83.43,83.34,83.43,188
1784516700,83.42,83.48,83.4,83.47,218
1784517000,83.48,83.52,83.46,83.5,182
1784517300,83.51,83.52,83.44,83.51,101
1784517600,83.5,83.6,83.5,83.6,303
1784517900,83.58,83.63,83.49,83.51,254
1784518200,83.53,83.62,83.51,83.6,100
1784518500,83.59,83.65,83.58,83.6,134
1784518800,83.59,83.6,83.53,83.58,234
1784519100,83.59,83.63,83.55,83.63,107
1784519400,83.62,83.65,83.61,83.61,77
1784519700,83.63,83.65,83.62,83.64,35
1784520000,83.63,83.76,83.58,83.72,323
1784520300,83.72,83.74,83.68,83.73,150
1784520600,83.71,83.78,83.68,83.78,212
1784520900,83.74,83.79,83.72,83.73,166
1784521200,83.73,83.74,83.7,83.71,78
1784521500,83.73,83.74,83.67,83.68,80
1784521800,83.67,83.69,83.62,83.65,185
1784522100,83.63,83.66,83.53,83.56,575
1784522400,83.56,83.56,83.46,83.49,196
1784522700,83.49,83.6,83.47,83.56,143
1784523000,83.56,83.65,83.54,83.63,78
1784523300,83.63,83.64,83.51,83.54,136
1784523600,83.53,83.57,83.48,83.56,164
1784523900,83.53,83.55,83.51,83.55,50
1784524200,83.54,83.54,83.44,83.48,146
1784524500,83.48,83.57,83.46,83.55,151
1784524800,83.53,83.57,83.51,83.56,158
1784525100,83.57,83.72,83.57,83.7,344
1784525400,83.7,83.76,83.6,83.63,533
1784525700,83.63,83.63,83.45,83.56,450
1784526000,83.57,83.75,83.56,83.74,208
1784526300,83.75,83.8,83.67,83.76,343
1784526600,83.76,83.78,83.67,83.7,185
1784526900,83.72,83.86,83.7,83.83,409
1784527200,83.8,83.93,83.8,83.89,700
1784527500,83.88,84.01,83.86,83.96,557
1784527800,83.99,84.09,83.95,83.96,429
1784528100,83.99,84.14,83.96,84.14,668
1784528400,84.13,84.2,83.86,83.9,780
1784528700,83.92,84,83.72,83.81,1342
1784529000,83.81,83.95,83.79,83.91,264
1784529300,83.95,84.07,83.93,84.06,477
1784529600,84.07,84.1,83.74,83.87,1420
1784529900,83.88,83.92,83.77,83.81,338
1784530200,83.81,83.82,83.66,83.8,388
1784530500,83.78,83.94,83.77,83.9,199
1784530800,83.88,83.88,83.63,83.83,465
1784531100,83.83,84.12,83.81,84.08,452
1784531400,84.1,84.16,83.86,83.98,372
1784531700,83.97,84.03,83.78,83.78,225
1784532000,83.77,83.82,83.3,83.32,1224
1784532300,83.32,83.44,83.12,83.2,1179
1784532600,83.19,83.25,82.85,82.96,1715
1784532900,82.96,83.04,82.6,82.62,1244
1784533200,82.62,82.71,82.21,82.21,1878
1784533500,82.23,82.63,82.13,82.43,1691
1784533800,82.44,82.47,82.31,82.41,734
1784534100,82.41,82.43,82.11,82.22,794
1784534400,82.21,82.23,81.75,81.98,2166
1784534700,81.98,82.05,81.88,81.94,808
1784535000,81.94,82.07,81.65,81.75,935
1784535300,81.74,81.81,81.54,81.58,993
1784535600,81.6,81.79,81.39,81.47,1006
1784535900,81.47,81.65,81.42,81.63,965
1784536200,81.62,81.7,81.33,81.38,1005
1784536500,81.4,81.53,81.38,81.51,449
1784536800,81.49,81.69,81.36,81.66,720
1784537100,81.66,81.68,81.29,81.37,681
1784537400,81.36,81.56,81.26,81.47,730
1784537700,81.49,81.62,81.33,81.57,511
1784538000,81.57,81.62,81.43,81.61,458
1784538300,81.61,81.74,81.53,81.55,642
1784538600,81.54,81.61,81.45,81.5,271
1784538900,81.5,81.5,81.16,81.44,901
1784539200,81.46,81.47,81.1,81.24,814
1784539500,81.24,81.35,81.22,81.34,235
1784539800,81.34,81.34,81.11,81.12,381
1784540100,81.12,81.16,81.02,81.03,791
1784540400,81.05,81.24,80.94,81.17,938
1784540700,81.2,81.34,81.18,81.29,444
1784541000,81.29,81.29,81.12,81.18,401
1784541300,81.2,81.33,81.14,81.17,371
1784541600,81.2,81.41,81.2,81.4,328
1784541900,81.41,81.51,81.38,81.5,479
1784542200,81.5,81.5,81.16,81.41,502
1784542500,81.42,81.43,81.25,81.28,280
1784542800,81.29,81.43,81.24,81.43,190
1784543100,81.43,81.47,81.4,81.46,267
1784543400,81.48,81.61,81.42,81.51,438
1784543700,81.54,81.71,81.53,81.7,445
1784544000,81.71,81.74,81.56,81.68,453
1784544300,81.68,81.82,81.67,81.81,502
1784544600,81.81,81.85,81.67,81.7,695
1784544900,81.72,81.77,81.63,81.64,545
1784545200,81.63,81.64,81.41,81.43,737
1784545500,81.42,81.63,81.41,81.63,279
1784545800,81.63,81.71,81.57,81.71,399
1784546100,81.7,81.73,81.57,81.59,229
1784546400,81.57,81.62,81.52,81.58,224
1784546700,81.61,81.65,81.54,81.61,154
1784547000,81.6,81.61,79.98,80.06,4279
1784547300,80.06,80.19,79.72,79.81,2801
1784547600,79.81,79.95,79.55,79.78,2030
1784547900,79.78,80.32,79.78,80.31,1750
1784548200,80.32,80.49,80.23,80.32,1281
1784548500,80.32,80.47,80.17,80.25,657
1784548800,80.26,81.57,80.23,81.32,4956
1784549100,81.34,81.62,81.21,81.58,2368
1784549400,81.58,81.7,81.25,81.43,1558
1784549700,81.45,81.6,81.39,81.55,817
1784550000,81.57,81.76,81.49,81.74,1782
1784550300,81.75,81.98,81.71,81.84,1375
1784550600,81.83,82.1,81.77,81.96,1485
1784550900,81.96,81.98,81.66,81.89,1069
1784551200,81.91,82.13,81.86,82.03,1116
1784551500,82.03,82.06,81.57,81.69,1240
1784551800,81.7,82.1,81.7,82.09,1986
1784552100,82.09,82.13,81.83,81.86,1387
1784552400,81.87,81.99,81.45,81.6,1885
1784552700,81.6,81.76,81.51,81.71,830
1784553000,81.71,81.77,81.42,81.77,1176
1784553300,81.76,81.76,81.45,81.66,933
1784553600,81.63,81.7,81.27,81.32,815
1784553900,81.33,81.4,81.14,81.34,1869
1784554200,81.34,81.52,81.14,81.21,1188
1784554500,81.18,81.27,81.1,81.22,968
1784554800,81.22,81.51,81.17,81.44,815
1784555100,81.44,81.57,81.36,81.49,763
1784555400,81.47,81.77,81.4,81.73,1079
1784555700,81.75,81.76,81.6,81.69,886
1784556000,81.71,81.81,81.51,81.75,1356
1784556300,81.76,81.84,81.63,81.75,696
1784556600,81.75,81.99,81.75,81.98,1168
1784556900,81.95,82.01,81.58,81.66,1065
1784557200,81.68,81.83,81.63,81.65,619
1784557500,81.66,81.7,81.46,81.53,821
1784557800,81.52,81.72,81.46,81.49,614
1784558100,81.49,81.61,81.3,81.34,864
1784558400,81.35,81.47,81.3,81.46,522
1784558700,81.47,81.67,81.44,81.65,690
1784559000,81.66,81.93,81.66,81.79,896
1784559300,81.78,82.07,81.76,81.99,1453
1784559600,82,82.09,81.61,81.67,934
1784559900,81.67,81.83,81.12,81.29,1310
1784560200,81.3,81.59,81.28,81.46,1324
1784560500,81.46,81.63,81.35,81.63,726
1784560800,81.63,81.79,81.57,81.6,722
1784561100,81.57,81.58,81.39,81.4,729
1784561400,81.41,81.54,81.27,81.54,1090
1784561700,81.52,81.55,81.4,81.48,292
1784562000,81.48,81.64,81.41,81.49,444
1784562300,81.49,81.64,81.44,81.52,366
1784562600,81.53,81.53,81.42,81.51,299
1784562900,81.51,81.59,81.45,81.57,453
1784563200,81.57,81.58,81.2,81.33,1068
1784563500,81.3,81.37,81.16,81.35,692
1784563800,81.36,81.43,81.33,81.39,338
1784564100,81.38,81.53,81.38,81.39,370
1784564400,81.37,81.48,81.24,81.46,370
1784564700,81.45,81.62,81.44,81.59,433
1784565000,81.61,82.02,81.6,81.79,1448
1784565300,81.79,81.83,81.66,81.68,730
1784565600,81.7,82.4,81.67,81.84,1642
1784565900,81.86,81.87,81.56,81.59,835
1784566200,81.62,81.94,81.62,81.92,596
1784566500,81.93,81.98,81.87,81.9,568
1784566800,81.91,81.95,81.77,81.84,544
1784567100,81.86,81.91,81.71,81.74,299
1784567400,81.72,81.83,81.66,81.79,410
1784567700,81.79,81.83,81.72,81.76,142
1784568000,81.76,81.95,81.75,81.91,483
1784568300,81.92,81.98,81.74,81.75,384
1784568600,81.76,82.06,81.76,82.05,454
1784568900,82.05,82.22,82.03,82.15,819
1784569200,82.14,82.15,81.99,82.03,404
1784569500,82.04,82.23,81.94,82.21,515
1784569800,82.22,82.26,81.96,82.05,568
1784570100,82.05,82.29,81.97,82.16,880
1784570400,82.18,82.2,81.92,82.06,656
1784570700,82.08,82.08,81.84,81.89,526
1784571000,81.89,82,81.82,81.93,372
1784571300,81.95,82.13,81.95,82.12,359
1784571600,82.12,82.39,82.08,82.34,1230
1784571900,82.36,82.63,82.24,82.58,2117
1784572200,82.57,82.8,82.56,82.76,1304
1784572500,82.76,82.79,82.64,82.69,713
1784572800,82.69,82.93,82.68,82.91,779
1784573100,82.91,83.11,82.87,83.1,1031
1784573400,83.1,83.16,82.75,82.8,1293
1784573700,82.8,82.98,82.8,82.85,515
1784574000,82.85,82.99,82.85,82.97,314
1784574300,82.95,82.98,82.76,82.87,328
1784574600,82.87,82.89,82.71,82.77,346
1784574900,82.79,82.83,82.7,82.77,406
1784575200,82.76,82.81,82.68,82.74,420
1784575500,82.72,82.79,82.38,82.52,810
1784575800,82.52,82.58,82.18,82.21,1107
1784576100,82.21,82.5,82.19,82.45,594
1784576400,82.46,82.54,82.4,82.45,267
1784576700,82.42,82.51,82.36,82.43,369
1784577000,82.44,82.52,82.4,82.41,281
1784577300,82.4,82.51,82.4,82.43,230
1784577600,82.42,82.45,82.36,82.42,276
1784577900,82.4,82.48,82.39,82.46,108
1784578200,82.45,82.45,82.34,82.4,137
1784578500,82.41,82.5,82.4,82.44,143
1784578800,82.44,82.48,82.4,82.44,125
1784579100,82.43,82.55,82.43,82.49,206
1784579400,82.49,82.55,82.48,82.48,141
1784579700,82.48,82.53,82.45,82.52,149
1784580000,82.51,82.53,82.45,82.48,186
1784580300,82.49,82.51,82.42,82.49,155
1784580600,82.48,82.48,82.39,82.42,154
1784580900,82.43,82.45,82.39,82.44,164
1784584800,82.44,82.62,82.25,82.62,372
1784585100,82.58,82.74,82.47,82.49,408
1784585400,82.47,82.65,82.47,82.54,129
1784585700,82.53,82.66,82.52,82.58,112
1784586000,82.6,82.6,82.57,82.6,51
1784586300,82.6,82.63,82.56,82.6,104
1784586600,82.6,82.66,82.51,82.65,160
1784586900,82.65,82.66,82.57,82.63,100
1784587200,82.63,82.66,82.58,82.61,63
1784587500,82.61,82.68,82.6,82.67,77
1784587800,82.68,82.68,82.64,82.66,43
1784588100,82.64,82.66,82.62,82.63,64
1784588400,82.63,82.72,82.63,82.68,149
1784588700,82.68,82.73,82.58,82.58,236
1784589000,82.59,82.62,82.55,82.59,122
1784589300,82.57,82.62,82.55,82.56,91
1784589600,82.55,82.57,82.54,82.54,61
1784589900,82.53,82.55,82.47,82.52,188
1784590200,82.52,82.56,82.5,82.55,86
1784590500,82.57,82.61,82.56,82.61,65
1784590800,82.61,82.61,82.56,82.57,77
1784591100,82.59,82.62,82.54,82.58,80
1784591400,82.58,82.6,82.52,82.52,87
1784591700,82.52,82.54,82.42,82.48,223
1784592000,82.47,82.54,82.36,82.42,441
1784592300,82.43,82.49,82.32,82.36,263
1784592600,82.35,82.46,82.33,82.44,173
1784592900,82.44,82.51,82.38,82.41,167
1784593200,82.41,82.48,82.4,82.45,140
1784593500,82.44,82.55,82.44,82.54,111
1784593800,82.53,82.56,82.48,82.49,124
1784594100,82.49,82.51,82.38,82.42,224
1784594400,82.43,82.48,82.41,82.45,118
1784594700,82.45,82.47,82.44,82.45,88
1784595000,82.44,82.47,82.4,82.41,51
1784595300,82.41,82.54,82.4,82.49,178
1784595600,82.51,82.55,82.15,82.18,1039
1784595900,82.18,82.19,82.05,82.15,705
1784596200,82.1,82.13,81.99,82.13,666
1784596500,82.12,82.13,81.92,82.03,684
1784596800,82.03,82.19,82.03,82.11,468
1784597100,82.12,82.2,82.1,82.16,245
1784597400,82.14,82.17,82.1,82.17,180
1784597700,82.17,82.33,82.16,82.21,361
1784598000,82.23,82.3,82.2,82.2,147
1784598300,82.21,82.31,82.21,82.27,178
1784598600,82.29,82.44,82.29,82.33,376
1784598900,82.31,82.48,82.29,82.42,161
1784599200,82.42,82.42,82.29,82.36,137
1784599500,82.36,82.38,82.25,82.27,182
1784599800,82.28,82.32,82.2,82.3,331
1784600100,82.33,82.38,82.29,82.3,86
1784600400,82.28,82.29,82.23,82.25,107
1784600700,82.25,82.39,82.24,82.34,86
1784601000,82.37,82.39,82.3,82.34,169
1784601300,82.34,82.45,82.34,82.44,159
1784601600,82.44,82.51,82.42,82.45,453
1784601900,82.46,82.53,82.38,82.4,188
1784602200,82.4,82.41,82.23,82.23,242
1784602500,82.22,82.23,82.13,82.16,267
1784602800,82.16,82.27,82.1,82.26,460
1784603100,82.25,82.34,82.23,82.32,202
1784603400,82.31,82.39,82.31,82.37,131
1784603700,82.38,82.38,82.29,82.31,218
1784604000,82.3,82.32,82.22,82.3,211
1784604300,82.29,82.31,82.24,82.28,72
1784604600,82.27,82.27,82.13,82.2,230
1784604900,82.18,82.23,82.17,82.23,48
1784605200,82.24,82.25,82.2,82.22,117
1784605500,82.2,82.25,82.18,82.25,76
1784605800,82.26,82.32,82.18,82.19,204
1784606100,82.21,82.21,82.15,82.16,126
1784606400,82.16,82.16,82.05,82.08,236
1784606700,82.08,82.08,81.92,82.08,566
1784607000,82.08,82.13,82.03,82.05,157
1784607300,82.05,82.11,82.03,82.11,52
1784607600,82.11,82.16,82.08,82.11,126
1784607900,82.12,82.19,82.12,82.16,142
1784608200,82.14,82.24,82.14,82.23,113
1784608500,82.24,82.24,82.11,82.12,111
1784608800,82.12,82.16,82.11,82.14,55
1784609100,82.15,82.16,82.12,82.14,32
1784609400,82.13,82.14,82.08,82.09,184
1784609700,82.1,82.14,82.08,82.14,97
1784610000,82.14,82.24,82.1,82.22,217
1784610300,82.22,82.39,82.22,82.37,263
1784610600,82.37,82.41,82.28,82.29,235
1784610900,82.29,82.29,82.24,82.27,109
1784611200,82.25,82.32,82.24,82.31,75
1784611500,82.31,82.34,82.27,82.33,126
1784611800,82.32,82.32,82.21,82.28,212
1784612100,82.28,82.33,82.24,82.25,146
1784612400,82.23,82.23,81.99,82.07,469
1784612700,82.08,82.17,81.83,81.91,464
1784613000,81.92,81.96,81.8,81.9,482
1784613300,81.93,82.06,81.83,82.05,243
1784613600,82.06,82.13,82.03,82.04,243
1784613900,82.05,82.13,82.04,82.08,252
1784614200,82.08,82.24,82.08,82.14,407
1784614500,82.14,82.15,81.96,82.1,360
1784614800,82.09,82.15,82.04,82.08,216
1784615100,82.08,82.08,81.92,81.92,278
1784615400,81.93,82.1,81.9,82.07,397
1784615700,82.07,82.09,81.95,82.03,343
1784616000,82.05,82.1,82.02,82.02,138
1784616300,82.04,82.19,82.04,82.11,197
1784616600,82.09,82.17,82.03,82.11,241
1784616900,82.11,82.31,82.11,82.3,431
1784617200,82.32,82.44,82.24,82.35,516
1784617500,82.39,82.44,82.36,82.42,184
1784617800,82.43,82.67,82.42,82.6,755
1784618100,82.61,82.79,82.6,82.72,573
1784618400,82.72,82.82,82.67,82.81,367
1784618700,82.81,82.88,82.72,82.87,543
1784619000,82.87,83.05,82.52,82.53,1002
1784619300,82.53,82.53,82.27,82.35,835
1784619600,82.34,82.37,82.11,82.25,697
1784619900,82.25,82.25,81.99,82.05,772
1784620200,82.08,82.3,81.99,82.02,600
1784620500,82.02,82.05,81.9,81.9,580
1784620800,81.93,82.01,81.62,81.69,975
1784621100,81.71,81.72,81.47,81.59,1133
1784621400,81.6,81.69,81.42,81.52,743
1784621700,81.52,81.75,81.39,81.66,899
1784622000,81.67,81.86,81.67,81.77,447
1784622300,81.77,82.06,81.61,81.97,843
1784622600,81.96,82.19,81.94,82.04,779
1784622900,82.03,82.06,81.88,82.05,347
1784623200,82.05,82.1,81.92,81.96,289
1784623500,81.95,82.32,81.94,82.18,540
1784623800,82.19,82.48,82.14,82.27,807
1784624100,82.27,82.3,82.07,82.25,479
1784624400,82.25,82.31,82.02,82.05,355
1784624700,82.04,82.08,81.95,82.08,344
1784625000,82.06,82.18,82.01,82.15,213
1784625300,82.13,82.28,82.12,82.22,286
1784625600,82.21,82.43,82.07,82.4,587
1784625900,82.4,82.94,82.38,82.9,1387
1784626200,82.92,83.04,82.62,82.68,1539
1784626500,82.67,83.01,82.67,82.93,763
1784626800,82.93,83.03,82.83,82.98,618
1784627100,82.97,83.03,82.8,82.82,484
1784627400,82.84,83.22,82.84,83.17,1364
1784627700,83.17,83.37,83.12,83.24,1016
1784628000,83.26,83.26,82.85,83.06,1354
1784628300,83.04,83.16,83.01,83.15,504
1784628600,83.17,83.19,82.29,82.7,2555
1784628900,82.71,83.04,82.69,83.03,921
1784629200,83.01,83.05,82.88,82.99,611
1784629500,83,83.02,82.77,82.87,440
1784629800,82.86,82.89,82.77,82.82,366
1784630100,82.84,82.94,82.68,82.91,711
1784630400,82.92,82.96,82.78,82.89,335
1784630700,82.88,83.23,82.88,83.16,808
1784631000,83.17,83.4,83.08,83.2,702
1784631300,83.2,83.29,83.14,83.27,558
1784631600,83.25,83.42,83.21,83.33,582
1784631900,83.34,83.53,83.22,83.46,669
1784632200,83.46,83.61,83.36,83.49,777
1784632500,83.46,83.67,83.42,83.66,608
1784632800,83.67,83.73,83.55,83.63,809
1784633100,83.63,83.72,83.5,83.63,669
1784633400,83.64,83.67,83.46,83.58,533
1784633700,83.6,83.74,83.46,83.72,629
1784634000,83.72,83.93,83.67,83.72,1036
1784634300,83.71,83.88,83.69,83.85,350
1784634600,83.86,84,83.79,83.91,908
1784634900,83.92,83.98,83.83,83.84,619
1784635200,83.83,83.85,83.48,83.48,1336
1784635500,83.48,83.56,83.34,83.49,1264
1784635800,83.49,83.6,83.41,83.57,668
1784636100,83.57,83.96,83.55,83.87,1756
1784636400,83.86,84.03,83.81,83.81,1258
1784636700,83.83,84.13,83.81,84.1,1034
1784637000,84.12,84.15,83.94,83.99,850
1784637300,83.99,84.07,83.94,83.99,565
1784637600,83.98,84.43,83.97,84.11,1459
1784637900,84.1,84.17,83.93,83.97,1068
1784638200,84,84.21,83.99,84.06,844
1784638500,84.05,84.18,84.04,84.11,565
1784638800,84.13,84.48,84.07,84.42,1758
1784639100,84.4,84.55,84.25,84.54,1393
1784639400,84.55,84.55,84.28,84.4,945
1784639700,84.36,84.41,84.22,84.22,810
1784640000,84.23,84.5,84.19,84.46,704
1784640300,84.45,84.67,84.39,84.62,1199
1784640600,84.62,84.83,84.35,84.45,1988
1784640900,84.46,84.63,84.28,84.6,1070
1784641200,84.62,84.94,84.57,84.83,1738
1784641500,84.84,84.9,84.65,84.75,1048
1784641800,84.74,84.78,84.4,84.45,1093
1784642100,84.45,84.51,84.3,84.36,1196
1784642400,84.37,84.41,84.19,84.24,1330
1784642700,84.22,84.55,84.21,84.49,1015
1784643000,84.5,84.59,84.38,84.48,979
1784643300,84.49,84.62,84.33,84.38,792
1784643600,84.38,84.41,84.18,84.36,1031
1784643900,84.36,84.69,84.34,84.63,1012
1784644200,84.62,84.95,84.59,84.94,1497
1784644500,84.94,85.03,84.76,84.87,1610
1784644800,84.86,84.87,84.53,84.55,1155
1784645100,84.56,84.57,84.06,84.43,1890
1784645400,84.43,84.6,84.35,84.38,1102
1784645700,84.37,84.74,84.29,84.71,1250
1784646000,84.72,84.83,84.6,84.8,922
1784646300,84.8,84.84,84.54,84.57,904
1784646600,84.57,84.62,84.19,84.2,1863
1784646900,84.21,84.33,84.02,84.08,2375
1784647200,84.07,84.42,83.66,84.4,4055
1784647500,84.39,84.59,84.31,84.56,1302
1784647800,84.56,84.69,84.36,84.4,1997
1784648100,84.4,84.61,84.34,84.56,712
1784648400,84.55,84.77,84.47,84.73,1160
1784648700,84.71,84.79,84.6,84.66,822
1784649000,84.67,84.67,84.49,84.59,600
1784649300,84.6,84.71,84.5,84.51,490
1784649600,84.5,84.54,84.3,84.31,682
1784649900,84.31,84.34,84.14,84.21,951
1784650200,84.2,84.29,84.08,84.29,766
1784650500,84.28,84.39,84.26,84.3,637
1784650800,84.3,84.32,84.21,84.24,353
1784651100,84.22,84.45,84.15,84.31,731
1784651400,84.34,84.35,84.22,84.26,355
1784651700,84.25,84.38,84.18,84.32,544
1784652000,84.32,84.5,84.21,84.46,605
1784652300,84.47,84.56,84.45,84.47,404
1784652600,84.47,84.54,84.39,84.39,332
1784652900,84.39,84.45,84.32,84.39,404
1784653200,84.39,84.5,84.33,84.41,231
1784653500,84.44,84.44,84.32,84.37,244
1784653800,84.36,84.44,84.03,84.08,726
1784654100,84.1,84.28,84.1,84.24,510
1784654400,84.25,84.29,84.16,84.2,305
1784654700,84.2,84.27,84.17,84.2,274
1784655000,84.19,84.46,84.19,84.41,590
1784655300,84.4,84.46,84.34,84.39,290
1784655600,84.39,84.5,84.37,84.43,252
1784655900,84.42,84.5,84.26,84.33,431
1784656200,84.33,84.43,84.26,84.42,254
1784656500,84.42,84.44,84.34,84.36,205
1784656800,84.36,84.36,84.17,84.21,527
1784657100,84.23,84.25,83.96,84.07,876
1784657400,84.04,84.22,83.99,84.21,491
1784657700,84.19,84.31,84.15,84.29,411
1784658000,84.29,84.31,84.11,84.26,351
1784658300,84.26,84.4,84.22,84.37,1138
1784658600,84.39,84.6,84.38,84.39,566
1784658900,84.39,84.4,84.24,84.27,344
1784659200,84.28,84.28,84.11,84.13,416
1784659500,84.17,84.4,84.15,84.36,341
1784659800,84.35,84.5,84.35,84.46,294
1784660100,84.46,84.53,84.4,84.52,249
1784660400,84.51,84.59,84.44,84.49,352
1784660700,84.48,84.57,84.44,84.56,235
1784661000,84.57,84.69,84.56,84.64,352
1784661300,84.65,84.68,84.6,84.62,289
1784661600,84.61,84.64,84.53,84.56,229
1784661900,84.55,84.66,84.5,84.63,252
1784662200,84.63,84.65,84.53,84.55,207
1784662500,84.56,84.73,84.56,84.72,363
1784662800,84.72,84.72,84.57,84.66,339
1784663100,84.66,84.76,84.66,84.68,252
1784663400,84.7,84.7,84.61,84.66,207
1784663700,84.66,84.7,84.63,84.67,160
1784664000,84.65,84.73,84.56,84.58,273
1784664300,84.57,84.64,84.55,84.55,184
1784664600,84.55,84.6,84.48,84.51,230
1784664900,84.49,84.53,84.47,84.48,104
1784665200,84.48,84.57,84.48,84.54,150
1784665500,84.54,84.57,84.5,84.51,113
1784665800,84.5,84.59,84.39,84.43,329
1784666100,84.41,84.48,84.33,84.4,152
1784666400,84.41,84.45,84.31,84.36,155
1784666700,84.38,84.46,84.35,84.44,148
1784667000,84.46,84.54,84.46,84.52,219
1784667300,84.51,84.58,84.48,84.56,186
1784671200,84.73,84.75,84.5,84.61,266
1784671500,84.6,84.69,84.59,84.64,215
1784671800,84.65,84.7,84.63,84.63,130
1784672100,84.62,84.63,84.61,84.61,109
1784672400,84.61,84.69,84.6,84.67,96
1784672700,84.67,84.68,84.64,84.65,66
1784673000,84.65,84.68,84.64,84.67,43
1784673300,84.67,84.73,84.64,84.73,152
1784673600,84.74,84.81,84.7,84.73,249
1784673900,84.75,84.75,84.7,84.74,48
1784674200,84.72,84.74,84.69,84.71,33
1784674500,84.7,84.75,84.68,84.72,119
1784674800,84.7,84.72,84.67,84.69,74
1784675100,84.68,84.69,84.65,84.68,72
1784675400,84.66,84.72,84.66,84.72,65
1784675700,84.71,84.74,84.68,84.68,57
1784676000,84.67,84.68,84.62,84.65,59
1784676300,84.66,84.71,84.65,84.68,83
1784676600,84.68,84.71,84.65,84.71,45
1784676900,84.72,84.8,84.7,84.79,83
1784677200,84.8,84.93,84.75,84.84,414
1784677500,84.85,84.89,84.8,84.89,200
1784677800,84.89,84.89,84.8,84.81,97
1784678100,84.8,84.85,84.77,84.79,117
1784678400,84.78,84.78,84.55,84.65,698
1784678700,84.65,84.72,84.57,84.7,230
1784679000,84.71,84.76,84.65,84.69,173
1784679300,84.69,84.76,84.62,84.66,144
1784679600,84.64,84.74,84.62,84.73,144
1784679900,84.73,84.73,84.64,84.71,131
1784680200,84.7,84.71,84.66,84.7,89
1784680500,84.72,84.72,84.45,84.6,515
1784680800,84.59,84.71,84.59,84.69,186
1784681100,84.68,84.69,84.61,84.63,69
1784681400,84.64,84.69,84.61,84.69,89
1784681700,84.7,84.82,84.64,84.65,218
1784682000,84.64,85.15,84.56,85.12,1772
1784682300,85.11,85.22,84.97,85.01,952
1784682600,85,85.3,84.93,85.26,860
1784682900,85.27,85.31,85.18,85.2,516
1784683200,85.19,85.75,85.19,85.71,1612
1784683500,85.72,85.73,85.44,85.47,876
1784683800,85.48,85.67,85.44,85.56,692
1784684100,85.54,85.65,85.54,85.59,432
1784684400,85.57,85.75,85.56,85.64,434
1784684700,85.65,85.69,85.48,85.52,426
1784685000,85.51,85.75,85.51,85.66,357
1784685300,85.66,85.69,85.53,85.58,368
1784685600,85.58,85.65,85.44,85.55,443
1784685900,85.56,85.65,85.45,85.45,213
1784686200,85.47,85.49,85.24,85.26,705
1784686500,85.26,85.29,85.17,85.22,492
1784686800,85.2,85.28,85.17,85.23,258
1784687100,85.24,85.3,85.18,85.28,291
1784687400,85.28,85.29,85.09,85.16,485
1784687700,85.15,85.19,85.08,85.12,274
1784688000,85.11,85.11,84.91,85.03,699
1784688300,85.02,85.18,85,85.18,281
1784688600,85.17,85.21,85.13,85.19,343
1784688900,85.2,85.25,85.04,85.07,450
1784689200,85.07,85.15,85.04,85.15,196
1784689500,85.15,85.31,85.09,85.22,310
1784689800,85.23,85.24,85.15,85.24,179
1784690100,85.2,85.26,85.16,85.25,185
1784690400,85.26,85.28,85.16,85.19,115
1784690700,85.18,85.2,85.1,85.18,219
1784691000,85.18,85.27,85.15,85.2,117
1784691300,85.2,85.25,85.2,85.22,70
1784691600,85.21,85.24,85.18,85.19,96
1784691900,85.18,85.3,85.18,85.27,116
1784692200,85.27,85.29,85.25,85.29,78
1784692500,85.29,85.37,85.27,85.35,150
1784692800,85.35,85.39,85.25,85.27,151
1784693100,85.27,85.29,85.21,85.26,127
1784693400,85.27,85.38,85.27,85.38,126
1784693700,85.37,85.43,85.31,85.4,208
1784694000,85.41,85.42,85.35,85.37,93
1784694300,85.35,85.38,85.27,85.27,127
1784694600,85.27,85.37,85.24,85.36,140
1784694900,85.36,85.41,85.34,85.38,107
1784695200,85.4,85.46,85.38,85.39,145
1784695500,85.4,85.44,85.35,85.37,132
1784695800,85.37,85.43,85.37,85.4,97
1784696100,85.39,85.46,85.36,85.43,127
1784696400,85.41,85.48,85.4,85.43,89
1784696700,85.43,85.47,85.4,85.45,103
1784697000,85.45,85.55,85.41,85.52,194
1784697300,85.52,85.56,85.44,85.52,188
1784697600,85.51,85.54,85.38,85.41,133
1784697900,85.41,85.47,85.34,85.39,176
1784698200,85.4,85.45,85.3,85.33,352
1784698500,85.33,85.42,85.1,85.2,639
1784698800,85.2,85.24,85.1,85.13,369
1784699100,85.14,85.15,85.01,85.15,482
1784699400,85.14,85.19,85.05,85.08,295
1784699700,85.06,85.19,85.02,85.15,239
1784700000,85.15,85.29,85.05,85.29,460
1784700300,85.3,85.37,85.19,85.33,508
1784700600,85.3,85.3,85.22,85.23,232
1784700900,85.24,85.88,85.23,85.79,1819
1784701200,85.79,86.1,85.75,86.05,1670
1784701500,86.04,86.14,85.95,86.03,840
1784701800,86.03,86.07,85.94,85.98,506
1784702100,86,86.08,85.89,86.06,464
1784702400,86.06,86.16,85.96,86.01,580
1784702700,86.01,86.37,86,86.31,1264
1784703000,86.32,86.38,86.1,86.23,650
1784703300,86.2,86.28,86.11,86.11,294
1784703600,86.12,86.63,86.11,86.5,1294
1784703900,86.51,86.71,86.46,86.66,776
1784704200,86.67,86.69,86.4,86.47,783
1784704500,86.46,86.57,86.37,86.54,635
1784704800,86.55,86.68,86.49,86.58,600
1784705100,86.6,86.79,86.54,86.75,1043
1784705400,86.76,87,86.67,86.97,1530
1784705700,86.98,87.72,86.95,87.7,3128
1784706000,87.71,87.83,87.48,87.53,2096
1784706300,87.54,87.86,87.47,87.8,1424
1784706600,87.81,87.84,87.48,87.58,1119
1784706900,87.58,87.8,87.43,87.7,1141
1784707200,87.71,87.72,87.26,87.28,1321
1784707500,87.26,87.47,87.19,87.23,1212
1784707800,87.23,87.57,87.2,87.4,802
1784708100,87.42,87.45,87.28,87.28,415
1784708400,87.28,87.36,87.13,87.27,851
1784708700,87.25,87.5,87.21,87.37,943
1784709000,87.37,87.44,87.23,87.31,574
1784709300,87.29,87.45,87.16,87.43,605
1784709600,87.41,87.66,87.35,87.6,782
1784709900,87.6,87.74,87.47,87.65,609
1784710200,87.62,87.72,87.45,87.65,710
1784710500,87.63,87.8,87.56,87.62,514
1784710800,87.64,87.72,87.44,87.49,602
1784711100,87.49,87.75,87.33,87.73,893
1784711400,87.71,87.94,87.67,87.89,1262
1784711700,87.89,88.06,87.85,88,1513
1784712000,87.99,88.1,87.86,87.87,993
1784712300,87.87,88.03,87.85,88.01,632
1784712600,88.02,88.27,88.02,88.17,1578
1784712900,88.19,88.26,87.88,88,880
1784713200,88.03,88.1,87.79,88,702
1784713500,88.02,88.27,87.93,88.2,887
1784713800,88.24,88.61,88.24,88.53,1764
1784714100,88.53,88.6,88.41,88.43,1057
1784714400,88.44,88.45,88.12,88.17,1188
1784714700,88.18,88.18,88.03,88.08,770
1784715000,88.08,88.08,87.8,87.84,1347
1784715300,87.84,87.85,87.38,87.55,2092
1784715600,87.55,87.55,87.08,87.15,2301
1784715900,87.16,87.26,86.92,87,1415
1784716200,87,87.25,86.92,87.14,1332
1784716500,87.14,87.26,86.96,87.21,719
1784716800,87.23,87.42,87.17,87.34,1117
1784717100,87.36,87.44,87.13,87.15,742
1784717400,87.15,87.27,87.1,87.12,478
1784717700,87.11,87.23,87.02,87.18,530
1784718000,87.2,87.45,87.18,87.39,669
1784718300,87.36,87.44,87.21,87.22,393
1784718600,87.2,87.33,87.19,87.24,356
1784718900,87.26,87.53,87.25,87.45,608
1784719200,87.46,87.47,87.32,87.35,500
1784719500,87.36,87.44,87.31,87.4,345
1784719800,87.4,87.46,87.13,87.15,567
1784720100,87.15,87.32,87.02,87.32,830
1784720400,87.32,87.87,87.31,87.65,3028
1784720700,87.65,87.69,87.24,87.29,1001
1784721000,87.31,87.5,87.25,87.27,561
1784721300,87.26,87.38,87.13,87.34,573
1784721600,87.37,87.57,87.25,87.48,555
1784721900,87.5,87.5,87.15,87.19,649
1784722200,87.23,87.24,87,87.01,716
1784722500,87.01,87.15,86.93,87.03,887
1784722800,87.02,87.14,86.97,87.04,645
1784723100,87.06,87.13,86.73,86.77,1378
1784723400,86.76,86.83,86.66,86.73,1104
1784723700,86.72,86.79,86.54,86.63,1094
1784724000,86.64,86.73,86.57,86.73,703
1784724300,86.71,87.1,86.7,87.05,1199
1784724600,87.05,87.07,86.69,86.74,681
1784724900,86.75,87.7,86.75,87.22,2810
1784725200,87.23,87.26,86.94,87.16,1578
1784725500,87.16,87.39,87.12,87.28,960
1784725800,87.28,87.33,87.01,87.05,815
1784726100,87.06,87.12,86.26,86.29,2712
1784726400,86.3,86.49,86.16,86.23,2500
1784726700,86.23,86.4,86.14,86.35,1577
1784727000,86.35,86.44,86.18,86.19,1260
1784727300,86.21,86.38,86.2,86.32,741
1784727600,86.35,86.84,86.35,86.84,1278
1784727900,86.82,86.87,86.48,86.57,954
1784728200,86.56,86.66,86.49,86.61,632
1784728500,86.61,87.03,86.56,86.95,1116
1784728800,86.96,87.07,86.75,86.77,916
1784729100,86.79,86.93,86.72,86.76,596
1784729400,86.75,87.16,86.75,87.11,879
1784729700,87.11,87.16,86.9,86.93,1079
1784730000,86.96,87.04,86.92,87.01,449
1784730300,87.02,87.16,86.92,87.13,665
1784730600,87.14,87.14,86.82,87.07,837
1784730900,87.07,87.07,86.61,86.62,1261
1784731200,86.63,86.75,86.48,86.56,920
1784731500,86.58,86.83,86.41,86.78,1210
1784731800,86.8,86.95,86.7,86.8,956
1784732100,86.85,86.88,86.61,86.7,470
1784732400,86.7,86.85,86.62,86.72,542
1784732700,86.72,87.12,86.68,87.12,978
1784733000,87.12,87.33,87.02,87.03,1699
1784733300,87.03,87.1,86.77,86.77,976
1784733600,86.78,86.84,86.56,86.64,885
1784733900,86.63,86.89,86.59,86.79,1080
1784734200,86.81,86.87,86.59,86.68,902
1784734500,86.68,86.74,86.37,86.41,1202
1784734800,86.39,86.47,86.15,86.23,1684
1784735100,86.22,86.29,85.86,85.88,2189
1784735400,85.88,86.02,85.78,85.98,1905
1784735700,85.99,86.17,85.97,86.02,1154
1784736000,86.02,86.13,85.92,86,1055
1784736300,86.01,86.1,85.97,86.06,488
1784736600,86.07,86.35,86.03,86.28,850
1784736900,86.28,86.34,86.09,86.14,604
1784737200,86.16,86.35,86.15,86.32,461
1784737500,86.32,86.42,86.25,86.4,388
1784737800,86.41,86.5,86.4,86.49,466
1784738100,86.48,86.54,86.38,86.45,460
1784738400,86.42,86.5,86.35,86.4,644
1784738700,86.41,86.41,86.14,86.14,623
1784739000,86.14,86.33,86.11,86.17,454
1784739300,86.2,86.35,86.12,86.31,362
1784739600,86.33,86.6,86.33,86.55,718
1784739900,86.54,86.7,86.5,86.55,623
1784740200,86.55,86.67,86.49,86.67,428
1784740500,86.66,86.81,86.62,86.81,584
1784740800,86.81,86.92,86.76,86.9,620
1784741100,86.89,86.92,86.66,86.73,442
1784741400,86.71,86.8,86.66,86.77,308
1784741700,86.77,86.91,86.77,86.85,540
1784742000,86.85,86.95,86.76,86.78,484
1784742300,86.8,86.84,86.71,86.8,504
1784742600,86.82,86.92,86.79,86.87,322
1784742900,86.88,86.92,86.78,86.81,308
1784743200,86.8,86.97,86.74,86.95,492
1784743500,86.97,87.02,86.73,86.84,597
1784743800,86.85,86.88,86.62,86.78,553
1784744100,86.76,87.05,86.75,87.02,716
1784744400,87.01,87.08,86.9,86.94,535
1784744700,86.95,87,86.75,86.86,1077
1784745000,86.86,87.05,86.86,86.94,600
1784745300,86.94,87.01,86.9,86.93,175
1784745600,86.94,87.1,86.94,87.06,388
1784745900,87.04,87.05,86.92,86.95,394
1784746200,86.95,87.08,86.89,87.07,420
1784746500,87.07,87.08,87.02,87.05,201
1784746800,87.08,87.16,87.04,87.1,433
1784747100,87.1,87.15,87.05,87.14,307
1784747400,87.14,87.16,87.1,87.16,234
1784747700,87.15,87.16,87.04,87.1,309
1784748000,87.11,87.12,87,87.06,237
1784748300,87.07,87.07,86.86,86.87,564
1784748600,86.88,86.91,86.81,86.81,430
1784748900,86.82,86.86,86.72,86.79,361
1784749200,86.79,86.8,86.64,86.71,381
1784749500,86.7,86.7,86.5,86.63,630
1784749800,86.62,86.69,86.5,86.61,562
1784750100,86.6,86.62,86.45,86.53,367
1784750400,86.52,86.54,86.28,86.33,622
1784750700,86.34,86.47,86.22,86.39,613
1784751000,86.38,86.46,86.35,86.44,340
1784751300,86.44,86.48,86.41,86.42,216
1784751600,86.41,86.48,86.35,86.46,228
1784751900,86.43,86.45,86.4,86.41,83
1784752200,86.41,86.55,86.37,86.52,333
1784752500,86.54,86.69,86.42,86.44,517
1784752800,86.45,86.57,86.41,86.53,243
1784753100,86.53,86.56,86.44,86.48,200
1784753400,86.46,86.5,86.39,86.42,154
1784753700,86.43,86.49,86.38,86.49,319
1784757600,87.48,88,87.24,87.76,1972
1784757900,87.75,88.21,87.7,88.11,1058
1784758200,88.1,88.33,87.9,88.21,1133
1784758500,88.15,88.25,87.93,88.21,802
1784758800,88.21,88.25,88.02,88.12,449
1784759100,88.12,88.19,88,88.17,500
1784759400,88.17,88.36,88.16,88.28,832
1784759700,88.32,88.38,88.11,88.18,539
1784760000,88.18,88.2,88.02,88.08,262
1784760300,88.09,88.11,87.91,87.95,491
1784760600,87.95,87.95,87.83,87.88,453
1784760900,87.88,87.97,87.81,87.96,207
1784761200,87.94,88,87.86,87.91,217
1784761500,87.9,88.05,87.9,87.99,285
1784761800,87.98,87.98,87.84,87.91,182
1784762100,87.91,87.98,87.91,87.91,147
1784762400,87.91,87.97,87.88,87.9,141
1784762700,87.91,87.91,87.77,87.78,277
1784763000,87.78,87.88,87.71,87.88,302
1784763300,87.88,87.97,87.88,87.93,181
1784763600,87.92,87.92,87.84,87.87,154
1784763900,87.87,87.89,87.8,87.89,148
1784764200,87.85,87.87,87.74,87.74,186
1784764500,87.76,87.82,87.74,87.81,144
1784764800,87.8,87.93,87.36,87.87,1497
1784765100,87.84,88.25,87.81,88.23,939
1784765400,88.23,88.39,88.13,88.15,1486
1784765700,88.16,88.22,88.05,88.09,332
1784766000,88.08,88.15,87.82,87.94,667
1784766300,87.95,88.06,87.89,88.04,369
1784766600,88.05,88.18,88.01,88.05,276
1784766900,88.02,88.09,88,88.04,206
1784767200,88.06,88.28,87.97,88.08,604
1784767500,88.1,88.1,87.93,88.09,387
1784767800,88.07,88.1,87.83,87.84,400
1784768100,87.83,88,87.8,87.98,326
1784768400,87.97,88.14,87.82,87.96,1044
1784768700,87.98,88.09,87.87,87.95,278
1784769000,87.92,87.96,87.84,87.95,402
1784769300,87.96,88.18,87.94,88.14,503
1784769600,88.14,88.32,88.12,88.26,667
1784769900,88.27,88.53,88.26,88.48,1119
1784770200,88.46,88.63,88.22,88.25,1315
1784770500,88.24,88.24,87.94,88.03,1268
1784770800,88.02,88.07,87.95,88.02,460
1784771100,88.02,88.18,87.99,88.05,622
1784771400,88.06,88.24,88.06,88.21,370
1784771700,88.21,88.25,88.1,88.1,388
1784772000,88.11,88.2,88.1,88.15,149
1784772300,88.14,88.19,88.06,88.13,267
1784772600,88.15,88.23,88.04,88.09,444
1784772900,88.1,88.2,88.06,88.17,164
1784773200,88.18,88.24,88.13,88.18,177
1784773500,88.18,88.25,88.18,88.21,357
1784773800,88.21,88.23,88.04,88.2,291
1784774100,88.18,88.26,88.16,88.18,244
1784774400,88.2,88.28,88.2,88.24,305
1784774700,88.24,88.47,88.23,88.45,444
1784775000,88.45,88.46,88.35,88.4,322
1784775300,88.39,88.39,88.21,88.25,263
1784775600,88.23,88.37,88.2,88.29,409
1784775900,88.29,88.46,88.25,88.38,310
1784776200,88.38,88.56,88.38,88.55,320
1784776500,88.55,88.67,88.49,88.59,768
1784776800,88.6,88.67,88.52,88.57,547
1784777100,88.54,88.55,88.42,88.48,579
1784777400,88.48,88.52,88.42,88.43,237
1784777700,88.43,88.49,88.41,88.42,122
1784778000,88.41,88.46,88.35,88.35,258
1784778300,88.36,88.52,88.31,88.48,377
1784778600,88.47,88.54,88.44,88.46,237
1784778900,88.45,88.51,88.38,88.4,264
1784779200,88.41,88.47,88.29,88.41,434
1784779500,88.39,88.45,88.33,88.37,139
1784779800,88.37,88.38,88.33,88.36,143
1784780100,88.37,88.39,88.27,88.37,350
1784780400,88.38,88.38,88.25,88.28,197
1784780700,88.28,88.28,88.1,88.13,527
1784781000,88.12,88.27,88.11,88.11,196
1784781300,88.12,88.14,87.93,88.09,691
1784781600,88.09,88.18,88.06,88.14,261
1784781900,88.15,88.24,88.09,88.22,276
1784782200,88.22,88.27,88.16,88.2,174
1784782500,88.21,88.23,88.09,88.13,185
1784782800,88.14,88.27,88.11,88.19,320
1784783100,88.19,88.25,88.16,88.24,77
1784783400,88.23,88.41,88.22,88.25,362
1784783700,88.27,88.28,88.21,88.21,204
1784784000,88.2,88.27,88.15,88.18,196
1784784300,88.18,88.2,88,88,312
1784784600,87.99,88.01,87.65,87.76,1489
1784784900,87.73,88.04,87.7,87.96,677
1784785200,87.95,88.07,87.87,87.99,397
1784785500,87.98,88.18,87.97,88.18,379
1784785800,88.19,88.31,88.11,88.29,554
1784786100,88.28,88.39,88.26,88.28,443
1784786400,88.27,88.3,88,88.15,641
1784786700,88.16,88.19,88.07,88.18,332
1784787000,88.17,88.17,88,88.05,156
1784787300,88.04,88.15,87.93,88.08,411
1784787600,88.1,88.18,88.07,88.16,250
1784787900,88.15,88.3,88.09,88.25,440
1784788200,88.27,88.4,88.2,88.36,476
1784788500,88.35,88.44,88.23,88.43,509
1784788800,88.44,88.58,88.37,88.55,992
1784789100,88.56,88.57,88.35,88.52,462
1784789400,88.52,88.79,88.5,88.73,1247
1784789700,88.71,88.79,88.62,88.62,711
1784790000,88.62,89.05,88.58,88.94,1569
1784790300,88.94,89.27,88.88,89.18,1235
1784790600,89.18,89.4,89.11,89.21,1319
1784790900,89.21,89.66,89.2,89.5,1744
1784791200,89.49,89.58,89.35,89.46,1007
1784791500,89.46,89.47,89.11,89.24,1005
1784791800,89.23,89.52,89.21,89.52,785
1784792100,89.51,89.65,89.47,89.6,834
1784792400,89.61,89.72,89.56,89.64,832
1784792700,89.64,89.85,89.51,89.58,1394
1784793000,89.57,89.69,89.22,89.29,924
1784793300,89.29,89.39,89.12,89.33,850
1784793600,89.33,89.55,89.28,89.4,835
1784793900,89.35,89.36,88.95,88.95,938
1784794200,88.97,89.32,88.92,89.27,721
1784794500,89.25,89.38,89.13,89.21,530
1784794800,89.23,89.5,89.14,89.46,697
1784795100,89.47,89.5,89.22,89.25,862
1784795400,89.27,89.65,89.24,89.62,811
1784795700,89.61,89.71,89.53,89.58,531
1784796000,89.57,89.75,89.56,89.65,559
1784796300,89.66,89.71,89.25,89.29,713
1784796600,89.26,89.46,89.23,89.42,389
1784796900,89.42,89.55,89.36,89.51,423
1784797200,89.51,89.66,89.23,89.36,1067
1784797500,89.35,89.8,89.35,89.76,704
1784797800,89.76,90.07,89.63,90.04,1543
1784798100,90.05,90.08,89.94,90.01,1068
1784798400,90.02,90.36,90,90.24,1451
1784798700,90.24,90.3,90.15,90.15,704
1784799000,90.16,90.26,90.02,90.22,962
1784799300,90.21,90.31,90.09,90.1,721
1784799600,90.09,90.11,89.8,89.9,898
1784799900,89.91,90.07,89.85,89.92,608
1784800200,89.95,90.19,89.93,89.96,1111
1784800500,89.95,90.35,89.94,90.21,868
1784800800,90.22,90.36,89.95,89.98,1129
1784801100,89.97,90.01,89.86,89.9,669
1784801400,89.88,90.12,89.86,90.08,456
1784801700,90.09,90.45,90.01,90.44,1010
1784802000,90.45,90.61,90.33,90.51,1661
1784802300,90.53,90.58,90.38,90.56,834
1784802600,90.55,90.66,90.4,90.44,882
1784802900,90.44,90.72,90.44,90.63,939
1784803200,90.65,90.71,90.18,90.25,1340
1784803500,90.24,90.43,90.18,90.31,525
1784803800,90.31,90.39,90.11,90.15,842
1784804100,90.17,90.27,90.08,90.17,629
1784804400,90.12,90.35,90.12,90.28,599
1784804700,90.31,90.62,90.3,90.5,1172
1784805000,90.51,90.56,90.37,90.37,445
1784805300,90.39,90.88,90.33,90.83,1199
1784805600,90.84,90.89,90.63,90.77,1140
1784805900,90.76,90.82,90.57,90.7,612
1784806200,90.71,90.94,90.52,90.92,889
1784806500,90.91,91.16,90.87,91.07,1525
1784806800,91.08,91.17,90.87,90.92,1207
1784807100,90.9,90.9,90.57,90.58,1112
1784807400,90.6,90.71,90.27,90.66,2059
1784807700,90.65,90.76,90.56,90.69,598
1784808000,90.7,90.83,90.53,90.57,830
1784808300,90.59,90.74,90.55,90.71,683
1784808600,90.71,90.99,90.64,90.93,743
1784808900,90.96,91.44,90.68,90.85,2861
1784809200,90.87,91.07,90.65,90.93,1666
1784809500,90.92,91,90.79,90.84,677
1784809800,90.86,91.02,90.62,90.64,1172
1784810100,90.64,90.69,90.52,90.56,1042
1784810400,90.58,90.92,90.53,90.92,1445
1784810700,90.93,90.93,90.62,90.86,1260
1784811000,90.86,91.22,90.82,91.07,1405
1784811300,91.07,91.07,90.73,90.84,987
1784811600,90.86,91.42,90.77,91.15,2776
1784811900,91.15,91.32,91.04,91.21,1065
1784812200,91.2,91.5,91.16,91.36,1760
1784812500,91.36,91.65,90.72,90.75,3335
1784812800,90.78,91.14,90.66,91.14,1480
1784813100,91.12,91.13,90.82,90.96,1167
1784813400,90.95,91.05,90.72,90.89,1128
1784813700,90.87,91.29,90.79,91.27,1483
1784814000,91.27,91.57,91.26,91.54,2199
1784814300,91.56,91.71,91.45,91.56,1837
1784814600,91.56,91.9,91.52,91.83,2073
1784814900,91.84,91.89,91.65,91.74,1502
1784815200,91.71,91.75,91.48,91.68,1623
1784815500,91.69,91.97,91.52,91.72,1864
1784815800,91.74,91.78,91.38,91.47,2018
1784816100,91.46,91.46,90.98,91.28,2624
1784816400,91.27,91.61,91.23,91.5,1089
1784816700,91.51,91.85,91.44,91.74,1149
1784817000,91.76,91.94,91.69,91.84,1138
1784817300,91.83,92.02,91.43,91.48,2441
1784817600,91.49,91.69,91.31,91.66,1390
1784817900,91.65,92.15,91.61,92.07,2104
1784818200,92.05,92.13,91.91,92.1,1708
1784818500,92.11,92.16,91.88,91.88,1307
1784818800,91.88,92.04,91.72,91.94,1056
1784819100,91.94,92.29,91.91,92.25,1496
1784819400,92.24,92.45,92.01,92.1,2631
1784819700,92.1,92.35,91.99,92.31,1482
1784820000,92.32,92.76,92.25,92.65,3598
1784820300,92.64,92.83,92.47,92.47,2383
1784820600,92.48,92.8,92.34,92.48,2839
1784820900,92.49,92.49,92.2,92.3,1659
1784821200,92.3,92.32,91.81,92.06,2607
1784821500,92.07,92.11,91.77,91.89,1937
1784821800,91.88,92.1,91.84,91.96,1527
1784822100,91.94,92.13,91.8,91.86,1136
1784822400,91.86,92.08,91.55,92.08,2438
1784822700,92.08,92.37,91.98,92.2,1786
1784823000,92.19,92.29,91.78,91.8,1391
1784823300,91.82,92.11,91.8,92.08,1133
1784823600,92.1,92.11,91.89,92.02,720
1784823900,92,92.04,91.83,91.89,679
1784824200,91.88,92.36,91.86,92.36,1489
1784824500,92.33,92.57,92.31,92.49,1947
1784824800,92.49,92.49,92.25,92.38,1221
1784825100,92.39,92.5,92.3,92.42,618
1784825400,92.42,92.51,92.22,92.39,667
1784825700,92.38,92.43,92.23,92.33,646
1784826000,92.32,92.55,92.32,92.41,824
1784826300,92.41,92.73,92.35,92.49,1297
1784826600,92.51,92.6,92.34,92.55,756
1784826900,92.56,92.78,92.53,92.71,1045
1784827200,92.7,92.79,92.62,92.67,808
1784827500,92.66,92.68,92.54,92.57,564
1784827800,92.59,92.76,92.56,92.63,588
1784828100,92.63,92.72,92.56,92.66,475
1784828400,92.66,93.15,92.63,93.11,2327
1784828700,93.11,93.22,92.94,93.02,1880
1784829000,93.01,93.23,92.88,93.21,1217
1784829300,93.19,93.3,93.1,93.23,1093
1784829600,93.24,93.4,93.12,93.29,1603
1784829900,93.29,93.5,93.07,93.4,1515
1784830200,93.41,93.42,93.1,93.2,1158
1784830500,93.16,93.24,92.63,92.68,2474
1784830800,92.69,92.81,92.5,92.5,1869
1784831100,92.51,92.56,92,92.1,3050
1784831400,92.11,92.23,91.94,92.13,1892
1784831700,92.14,92.16,91.96,92.14,684
1784832000,92.11,92.16,91.98,92.01,499
1784832300,91.99,92.2,91.98,92.17,742
1784832600,92.17,92.38,92.14,92.29,1335
1784832900,92.28,92.31,92,92.06,659
1784833200,92.02,92.02,91.8,91.87,1381
1784833500,91.89,91.91,91.62,91.75,1483
1784833800,91.74,91.82,91.69,91.7,439
1784834100,91.69,91.8,91.57,91.74,616
1784834400,91.75,91.94,91.74,91.88,668
1784834700,91.88,91.89,91.54,91.61,721
1784835000,91.62,91.64,91.12,91.54,2008
1784835300,91.55,91.8,91.54,91.75,930
1784835600,91.74,91.8,91.65,91.73,651
1784835900,91.72,91.87,91.69,91.87,532
1784836200,91.84,91.84,91.4,91.48,979
1784836500,91.48,91.62,91.44,91.6,637
1784836800,91.61,91.65,91.43,91.61,651
1784837100,91.6,91.64,91.52,91.54,324
1784837400,91.52,91.67,91.47,91.59,309
1784837700,91.6,91.86,91.55,91.86,661
1784838000,91.84,92.06,91.81,92.01,670
1784838300,92.01,92.11,91.91,91.91,524
1784838600,91.92,92.02,91.79,91.91,400
1784838900,91.93,92.03,91.88,91.96,304
1784839200,91.97,92.35,91.94,92.2,776
1784839500,92.21,92.33,92.2,92.22,424
1784839800,92.23,92.39,92.22,92.33,389
1784840100,92.32,92.44,92.32,92.39,634
1784844000,92.46,92.69,92.34,92.56,908
1784844300,92.54,92.58,92.12,92.17,512
1784844600,92.2,92.29,92.16,92.25,363
1784844900,92.25,92.28,92.16,92.17,178
1784845200,92.18,92.33,92.12,92.14,361
1784845500,92.14,92.24,92.08,92.19,253
1784845800,92.18,92.25,92.09,92.09,322
1784846100,92.1,92.18,92.05,92.13,196
1784846400,92.1,92.11,92.03,92.05,153
1784846700,92.05,92.14,92.04,92.09,322
1784847000,92.11,92.16,92.09,92.11,130
1784847300,92.11,92.14,92.07,92.08,82
1784847600,92.09,92.21,92.06,92.21,178
1784847900,92.19,92.21,92.16,92.18,105
1784848200,92.17,92.22,92.17,92.18,109
1784848500,92.19,92.21,92.17,92.19,56
1784848800,92.18,92.21,92.16,92.2,67
1784849100,92.17,92.2,92.11,92.16,161
1784849400,92.13,92.15,92.02,92.11,137
1784849700,92.09,92.2,92.08,92.19,205
1784850000,92.19,92.55,92.17,92.2,630
1784850300,92.18,92.2,92.05,92.14,219
1784850600,92.15,92.3,92.14,92.26,221
1784850900,92.26,92.34,92.21,92.28,168
1784851200,92.3,92.5,92.17,92.45,687
1784851500,92.43,92.6,92.41,92.56,482
1784851800,92.55,92.77,92.43,92.7,971
1784852100,92.68,92.83,92.63,92.68,817
1784852400,92.65,92.66,92.17,92.33,971
1784852700,92.31,92.39,92.25,92.27,327
1784853000,92.27,92.36,92.24,92.26,210
1784853300,92.27,92.31,92.11,92.2,340
1784853600,92.21,92.21,92.13,92.15,118
1784853900,92.15,92.19,91.95,92.18,636
1784854200,92.16,92.2,92.1,92.17,238
1784854500,92.17,92.2,91.88,91.9,347
1784854800,91.9,91.91,91.46,91.6,2318
1784855100,91.59,91.69,91.5,91.65,566
1784855400,91.66,91.68,91.51,91.55,395
1784855700,91.53,91.64,91.34,91.49,776
1784856000,91.49,91.55,91.38,91.48,542
1784856300,91.47,91.57,91.44,91.52,302
1784856600,91.54,91.72,91.5,91.53,618
1784856900,91.56,91.59,91.37,91.39,619
1784857200,91.4,91.4,91.16,91.31,1112
1784857500,91.33,91.53,91.24,91.52,547
1784857800,91.52,91.65,91.52,91.53,457
1784858100,91.55,91.68,91.5,91.65,338
1784858400,91.65,91.77,91.64,91.68,444
1784858700,91.73,91.85,91.62,91.66,436
1784859000,91.67,91.76,91.62,91.65,232
1784859300,91.67,91.72,91.62,91.72,224
1784859600,91.72,91.9,91.68,91.89,398
1784859900,91.88,91.92,91.81,91.85,188
1784860200,91.86,91.86,91.71,91.77,229
1784860500,91.77,91.79,91.67,91.69,175
1784860800,91.7,91.84,91.7,91.82,231
1784861100,91.85,92.05,91.82,91.93,629
1784861400,91.95,91.95,91.81,91.89,338
1784861700,91.9,91.94,91.76,91.91,343
1784862000,91.92,92.1,91.87,92.05,442
1784862300,92.05,92.18,92.01,92.13,520
1784862600,92.13,92.2,92.07,92.1,394
1784862900,92.13,92.15,91.94,92.03,444
1784863200,92.04,92.08,91.94,92.05,288
1784863500,92.05,92.36,92.02,92.22,1461
1784863800,92.23,92.41,92.14,92.26,634
1784864100,92.25,92.31,92.08,92.13,320
1784864400,92.13,92.13,92.03,92.08,191
1784864700,92.07,92.1,91.99,92,302
1784865000,91.99,92.02,91.95,91.96,154
1784865300,91.96,91.98,91.9,91.9,165
1784865600,91.91,91.99,91.84,91.88,276
1784865900,91.87,91.87,91.64,91.69,544
1784866200,91.69,91.8,91.65,91.8,197
1784866500,91.78,91.82,91.73,91.75,142
1784866800,91.76,91.78,91.66,91.72,165
1784867100,91.72,91.75,91.64,91.66,201
1784867400,91.68,91.73,91.53,91.7,404
1784867700,91.7,91.75,91.66,91.73,117
1784868000,91.72,91.75,91.67,91.69,81
1784868300,91.7,91.75,91.62,91.75,170
1784868600,91.74,91.75,91.63,91.63,105
1784868900,91.66,91.75,91.65,91.66,100
1784869200,91.65,91.73,91.59,91.62,194
1784869500,91.6,91.72,91.6,91.72,114
1784869800,91.7,91.8,91.7,91.76,142
1784870100,91.77,91.84,91.74,91.83,237
1784870400,91.84,91.86,91.74,91.79,111
1784870700,91.79,91.82,91.65,91.73,224
1784871000,91.74,91.81,91.62,91.77,264
1784871300,91.76,91.81,91.56,91.66,240
1784871600,91.64,91.65,91.35,91.44,808
1784871900,91.45,91.51,91.17,91.29,774
1784872200,91.29,91.6,91.24,91.58,647
1784872500,91.57,91.62,91.39,91.51,368
1784872800,91.51,91.66,91.44,91.45,367
1784873100,91.45,91.48,91.31,91.35,288
1784873400,91.32,91.42,91.17,91.25,582
1784873700,91.26,91.51,91.21,91.21,509
1784874000,91.24,91.29,91.09,91.21,678
1784874300,91.2,91.39,91.1,91.32,613
1784874600,91.31,91.37,90.89,90.95,1226
1784874900,90.94,91.25,90.93,91.19,759
1784875200,91.2,91.27,91.13,91.15,312
1784875500,91.12,91.21,90.92,90.96,598
1784875800,90.94,90.98,90.75,90.8,1549
1784876100,90.82,90.9,90.52,90.57,1401
1784876400,90.56,90.7,90.3,90.58,1823
1784876700,90.58,90.76,90.58,90.72,729
1784877000,90.7,90.74,90.4,90.55,814
1784877300,90.55,90.66,90.37,90.41,671
1784877600,90.4,90.69,90.4,90.5,533
1784877900,90.51,90.55,90.26,90.33,629
1784878200,90.34,90.48,90.15,90.39,1333
1784878500,90.39,90.69,90.37,90.58,875
1784878800,90.64,90.72,90.5,90.53,574
1784879100,90.54,90.63,90.33,90.37,455
1784879400,90.38,90.42,90.21,90.33,510
1784879700,90.34,90.46,90.17,90.45,501
1784880000,90.44,90.67,90.41,90.6,611
1784880300,90.63,90.83,90.51,90.6,819
1784880600,90.61,90.75,90.46,90.51,608
1784880900,90.5,90.75,90.48,90.63,457
1784881200,90.63,90.72,90.55,90.61,302
1784881500,90.61,90.64,90.03,90.09,1918
1784881800,90.09,90.26,89.86,90.06,2100
1784882100,90.03,90.19,89.81,89.9,1146
1784882400,89.9,89.95,89.64,89.7,962
1784882700,89.71,89.98,89.52,89.62,1195
1784883000,89.62,89.68,89.44,89.62,1138
1784883300,89.63,89.78,89.36,89.6,1293
1784883600,89.59,89.63,89.14,89.38,1407
1784883900,89.38,89.41,88.95,89.02,1498
1784884200,89.02,89.3,88.93,89.15,1218
1784884500,89.16,89.19,88.82,88.97,1256
1784884800,88.97,89.1,88.75,88.95,1008
1784885100,88.95,89.07,88.87,89.06,880
1784885400,89.06,89.27,88.72,88.86,1232
1784885700,88.84,89.01,88.82,88.92,461
1784886000,88.9,89.07,88.76,89.04,570
1784886300,89.02,89.16,88.83,88.96,679
1784886600,88.94,89.2,88.89,89.2,728
1784886900,89.17,89.2,88.9,89.03,744
1784887200,89.04,89.27,88.83,89.21,1051
1784887500,89.2,89.48,89.17,89.39,1020
1784887800,89.38,89.56,89.36,89.53,889
1784888100,89.53,89.86,89.52,89.69,1050
1784888400,89.71,89.8,89.45,89.56,858
1784888700,89.55,89.71,89.52,89.62,454
1784889000,89.64,89.97,89.62,89.96,808
1784889300,89.94,90.06,89.86,89.97,953
1784889600,89.98,90,89.83,89.89,415
1784889900,89.89,89.9,89.68,89.78,575
1784890200,89.8,90.17,89.72,90.16,794
1784890500,90.14,90.14,89.9,89.91,458
1784890800,89.91,89.95,89.69,89.77,674
1784891100,89.79,90,89.73,89.99,459
1784891400,89.97,90.03,89.89,89.94,293
1784891700,89.91,89.96,89.81,89.87,284
1784892000,89.9,89.91,89.75,89.83,367
1784892300,89.82,89.87,89.7,89.83,353
1784892600,89.83,89.97,89.72,89.96,260
1784892900,89.97,90,89.41,89.69,1170
1784893200,89.66,89.96,89.66,89.96,470
1784893500,89.94,90.13,89.85,89.92,816
1784893800,89.93,90.06,89.87,90.03,442
1784894100,90.01,90.06,88.95,89.4,1675
1784894400,89.38,89.71,89.22,89.61,1475
1784894700,89.62,89.99,89.62,89.89,970
1784895000,89.92,90.03,89.72,89.75,728
1784895300,89.74,89.75,89.39,89.57,1131
1784895600,89.56,89.65,89.53,89.58,446
1784895900,89.56,89.93,89.45,89.49,1381
1784896200,89.5,89.59,89.42,89.45,621
1784896500,89.41,89.44,89.07,89.08,1181
1784896800,89.08,89.22,88.96,89.16,973
1784897100,89.16,89.35,89.04,89.34,937
1784897400,89.32,89.5,89.27,89.39,861
1784897700,89.4,89.52,89.3,89.37,406
1784898000,89.42,89.67,89.12,89.63,1551
1784898300,89.64,89.98,89.63,89.88,1243
1784898600,89.89,90.02,89.81,90.02,1155
1784898900,90.02,90.14,89.99,90.12,1434
1784899200,90.1,90.56,90.06,90.5,2344
1784899500,90.48,90.56,90.29,90.47,1285
1784899800,90.48,90.52,90.15,90.26,1337
1784900100,90.27,90.36,90.17,90.3,1036
1784900400,90.3,90.48,90.27,90.4,872
1784900700,90.4,90.44,89.69,89.84,2328
1784901000,89.84,90.2,89.84,90.1,1522
1784901300,90.12,90.17,89.8,89.93,1101
1784901600,89.94,90.05,89.72,89.93,1137
1784901900,89.91,89.91,89.64,89.72,1042
1784902200,89.73,89.9,89.7,89.87,946
1784902500,89.86,90,89.57,89.59,1375
1784902800,89.59,89.82,89.51,89.78,1272
1784903100,89.78,89.84,89.26,89.48,2491
1784903400,89.46,89.55,89.35,89.5,957
1784903700,89.51,89.96,89.33,89.89,1261
1784904000,89.89,89.9,89.4,89.5,1963
1784904300,89.49,89.67,89.27,89.56,1945
1784904600,89.55,89.65,89.44,89.6,524
1784904900,89.6,89.7,89.51,89.68,580
1784905200,89.69,89.87,89.65,89.84,868
1784905500,89.83,90.03,89.77,89.88,1080
1784905800,89.89,89.94,88.76,88.9,2967
1784906100,89.04,89.04,88.24,88.55,4323
1784906400,88.55,88.59,88.19,88.4,2742
1784906700,88.39,88.56,87.84,88.07,3940
1784907000,88.06,88.29,87.86,88.29,2651
1784907300,88.3,88.41,87.69,87.93,2543
1784907600,87.93,88.35,87.84,88.31,2068
1784907900,88.29,88.7,88.24,88.65,2271
1784908200,88.63,88.69,88.34,88.42,1442
1784908500,88.44,88.52,88.3,88.4,787
1784908800,88.4,88.65,88.35,88.39,847
1784909100,88.41,88.54,88.32,88.49,724
1784909400,88.5,88.66,88.34,88.59,918
1784909700,88.58,88.6,88.43,88.45,587
1784910000,88.45,88.59,88.43,88.57,465
1784910300,88.56,88.61,88.12,88.34,1321
1784910600,88.32,88.58,88.26,88.36,1193
1784910900,88.36,88.5,88.17,88.44,699
1784911200,88.44,88.49,88.18,88.21,816
1784911500,88.24,88.35,88.05,88.21,762
1784911800,88.22,88.45,88.22,88.35,460
1784912100,88.36,88.5,88.33,88.38,460
1784912400,88.39,88.39,88.2,88.26,549
1784912700,88.24,88.47,88.19,88.41,750
1784913000,88.41,88.59,88.39,88.55,776
1784913300,88.52,88.79,88.51,88.71,1048
1784913600,88.71,88.92,88.64,88.87,883
1784913900,88.86,88.9,88.63,88.86,640
1784914200,88.85,88.99,88.81,88.89,545
1784914500,88.88,89.08,88.85,89.08,620
1784914800,89.07,89.08,88.87,88.92,521
1784915100,88.92,89.02,88.77,88.99,714
1784915400,88.99,89.2,88.98,89.19,610
1784915700,89.17,89.18,88.94,89.07,689
1784916000,89.08,89.17,88.85,88.89,689
1784916300,88.89,88.89,88.67,88.82,759
1784916600,88.81,88.83,88.57,88.77,703
1784916900,88.77,89.13,88.71,89.13,740
1784917200,89.13,89.26,89.06,89.17,1204
1784917500,89.14,89.38,89.03,89.33,1276
1784917800,89.34,89.43,89.13,89.3,1109
1784918100,89.28,89.32,88.95,89.16,1110
1784918400,89.16,89.3,89.12,89.29,234
1784918700,89.3,89.32,89.09,89.23,354
1784919000,89.22,89.33,89.17,89.29,343
1784919300,89.29,89.41,89.26,89.36,616
1784919600,89.38,89.48,89.32,89.47,487
1784919900,89.46,89.55,89.4,89.5,452
1784920200,89.52,89.56,89.48,89.54,275
1784920500,89.54,89.61,89.52,89.59,366
1784920800,89.57,89.6,89.51,89.54,395
1784921100,89.54,89.73,89.51,89.72,706
1784921400,89.71,89.82,89.3,89.46,1695
1784921700,89.48,89.49,88.93,89.24,1900
1784922000,89.24,89.39,89.2,89.34,567
1784922300,89.31,89.45,89.27,89.34,350
1784922600,89.31,89.39,89.09,89.25,490
1784922900,89.25,89.81,89.25,89.77,1181
1784923200,89.76,90,89.76,89.92,1275
1784923500,89.92,90.1,89.91,90.04,811
1784923800,90.05,90.22,90.05,90.21,869
1784924100,90.23,90.23,90.03,90.09,911
1784924400,90.09,90.35,90.03,90.3,710
1784924700,90.31,90.44,90.25,90.4,553
1784925000,90.4,90.5,90.35,90.48,562
1784925300,90.47,90.49,90.27,90.43,610
1784925600,90.42,90.53,90.37,90.42,481
1784925900,90.42,90.59,90.4,90.5,486
1784926200,90.52,90.66,90.51,90.53,662
1784926500,90.52,90.55,90.43,90.44,754
1785103200,86.25,86.43,83.1,84.83,8803
1785103500,84.84,84.86,84.2,84.62,2615
1785103800,84.61,85.03,84.57,84.74,1737
1785104100,84.74,84.79,83.88,83.97,2028
1785104400,84,84.4,83.89,84.26,1228
1785104700,84.27,84.37,84.07,84.37,697
1785105000,84.35,84.5,84.26,84.45,499
1785105300,84.44,84.56,84.39,84.53,460
1785105600,84.51,84.74,84.49,84.7,489
1785105900,84.67,84.76,84.54,84.6,562
1785106200,84.6,84.88,84.58,84.8,508
1785106500,84.8,84.85,84.76,84.8,380
1785106800,84.81,85.03,84.78,84.99,647
1785107100,84.97,85.14,84.88,85.03,1017
1785107400,84.99,85.14,84.94,85.06,749
1785107700,85.08,85.1,84.84,84.95,526
1785108000,84.94,85.05,84.9,84.99,196
1785108300,84.99,85.03,84.92,84.92,285
1785108600,84.98,85,84.85,84.89,425
1785108900,84.91,84.94,84.8,84.85,228
1785109200,84.84,84.86,84.65,84.73,515
1785109500,84.74,84.76,84.62,84.72,429
1785109800,84.72,84.79,84.62,84.68,363
1785110100,84.7,84.72,84.48,84.61,851
1785110400,84.61,84.77,84.5,84.73,665
1785110700,84.74,85,84.53,84.66,909
1785111000,84.65,84.65,84.37,84.38,747
1785111300,84.37,84.42,84.04,84.21,1217
1785111600,84.21,84.27,84.11,84.15,689
1785111900,84.12,84.57,84.1,84.48,768
1785112200,84.5,84.61,84.39,84.59,501
1785112500,84.58,84.63,84.52,84.53,361
1785112800,84.52,84.54,84.43,84.54,273
1785113100,84.55,84.78,84.55,84.76,404
1785113400,84.76,84.78,84.62,84.68,329
1785113700,84.69,84.88,84.69,84.78,414
1785114000,84.78,85.28,84.61,85.2,1567
1785114300,85.18,85.27,85,85.22,885
1785114600,85.23,85.46,85.19,85.26,787
1785114900,85.26,85.28,85.11,85.22,530
1785115200,85.22,85.3,85.18,85.21,283
1785115500,85.22,85.29,85.08,85.12,300
1785115800,85.12,85.13,84.94,85,550
1785116100,85.02,85.1,84.93,84.98,228
1785116400,84.98,85.19,84.94,85.15,314
1785116700,85.17,85.27,85.12,85.26,356
1785117000,85.24,85.37,85.18,85.22,326
1785117300,85.21,85.29,85.19,85.27,176
1785117600,85.26,85.4,85.17,85.38,372
1785117900,85.36,85.42,85.32,85.38,414
1785118200,85.39,85.66,85.38,85.45,920
1785118500,85.45,85.47,85.32,85.4,227
1785118800,85.37,85.57,85.36,85.56,255
1785119100,85.56,85.66,85.48,85.63,294
1785119400,85.63,85.66,85.51,85.61,485
1785119700,85.6,85.62,85.33,85.41,493
1785120000,85.4,85.58,85.4,85.54,320
1785120300,85.54,85.62,85.45,85.51,284
1785120600,85.5,85.54,85.44,85.53,149
1785120900,85.53,85.7,85.5,85.58,554
1785121200,85.59,85.59,85.35,85.38,414
1785121500,85.37,85.43,85.21,85.28,502
1785121800,85.28,85.43,85.23,85.42,289
1785122100,85.42,85.42,85.27,85.29,231
1785122400,85.28,85.32,85.21,85.32,298
1785122700,85.32,85.38,85.26,85.29,190
1785123000,85.3,85.3,85.12,85.15,331
1785123300,85.14,85.16,85.02,85.11,329
1785123600,85.09,85.22,85.09,85.13,138
1785123900,85.11,85.28,85.08,85.25,171
1785124200,85.26,85.38,85.26,85.37,164
1785124500,85.38,85.4,85.19,85.22,203
1785124800,85.23,85.23,84.89,84.95,656
1785125100,84.96,85.11,84.92,85.08,254
1785125400,85.08,85.13,85.03,85.09,145
1785125700,85.08,85.13,84.97,85.01,199
1785126000,84.98,85.08,84.94,84.95,177
1785126300,84.91,84.94,84.78,84.85,503
1785126600,84.84,84.87,84.8,84.81,145
1785126900,84.81,84.83,84.66,84.68,359
1785127200,84.69,84.72,84.48,84.56,611
1785127500,84.56,84.7,84.55,84.68,203
1785127800,84.68,84.84,84.68,84.74,260
1785128100,84.76,84.86,84.76,84.85,119
1785128400,84.86,84.97,84.7,84.93,308
1785128700,84.94,84.96,84.76,84.78,188
1785129000,84.79,84.81,84.68,84.8,225
1785129300,84.79,84.97,84.78,84.97,139
1785129600,84.92,84.92,84.58,84.63,327
1785129900,84.62,84.75,84.59,84.67,150
1785130200,84.66,84.88,84.56,84.8,368
1785130500,84.81,84.85,84.69,84.72,180
1785130800,84.71,84.79,84.58,84.64,301
1785131100,84.61,84.73,84.49,84.49,403
1785131400,84.48,84.56,84.38,84.43,444
1785131700,84.42,84.61,84.36,84.58,472
1785132000,84.57,84.63,84.13,84.16,866
1785132300,84.18,84.3,84.03,84.03,856
1785132600,84.03,84.03,83.76,83.78,1658
1785132900,83.78,83.9,83.49,83.57,1377
1785133200,83.55,83.94,83.49,83.93,944
1785133500,83.91,83.91,83.73,83.86,508
1785133800,83.85,83.98,83.82,83.85,427
1785134100,83.83,83.87,83.68,83.84,615
1785134400,83.83,83.97,83.69,83.74,705
1785134700,83.74,83.88,83.6,83.65,663
1785135000,83.64,83.83,83.46,83.57,705
1785135300,83.6,83.68,83.38,83.48,864
1785135600,83.49,83.94,83.34,83.88,1130
1785135900,83.89,83.97,83.8,83.9,351
1785136200,83.88,83.94,83.68,83.69,342
1785136500,83.69,83.82,83.58,83.65,492
1785136800,83.65,83.94,83.61,83.89,279
1785137100,83.9,84.19,83.87,84.18,725
1785137400,84.19,84.36,84.18,84.25,693
1785137700,84.25,84.26,84,84.21,570
1785138000,84.23,84.39,84.09,84.32,457
1785138300,84.32,84.48,84.16,84.22,841
1785138600,84.18,84.34,84.02,84.18,510
1785138900,84.2,84.6,83.91,84.59,1049
1785139200,84.59,84.86,84.44,84.79,1430
1785139500,84.82,84.83,84.11,84.32,1220
1785139800,84.32,84.49,84.19,84.29,592
1785140100,84.29,84.41,83.85,84.01,715
1785140400,84.02,84.05,83.8,84.02,703
1785140700,84.02,84.07,83.58,83.71,1241
1785141000,83.7,83.83,83.51,83.8,870
1785141300,83.79,83.97,83.73,83.83,480
1785141600,83.8,83.82,83.33,83.47,1161
1785141900,83.46,83.63,83.37,83.47,774
1785142200,83.47,83.47,82.88,82.95,2278
1785142500,82.95,83.08,82.88,82.94,1374
1785142800,82.96,83.25,82.96,83.2,940
1785143100,83.21,83.28,83.04,83.19,525
1785143400,83.19,83.21,83.04,83.2,367
1785143700,83.21,83.22,82.95,83.22,406
1785144000,83.23,83.3,83.01,83.05,418
1785144300,83.06,83.07,82.57,82.76,2459
1785144600,82.76,82.84,82.47,82.67,1453
1785144900,82.68,82.92,82.68,82.86,735
1785145200,82.87,82.92,82.58,82.62,486
1785145500,82.61,82.67,82.43,82.55,1106
1785145800,82.54,82.58,82.23,82.29,1319
1785146100,82.33,82.37,82.13,82.35,1251
1785146400,82.37,82.5,82.32,82.46,1132
1785146700,82.47,82.98,82.45,82.92,1044
1785147000,82.92,83.56,82.9,83.27,2731
1785147300,83.26,83.4,82.92,82.97,1111
1785147600,82.99,83.22,82.84,83.15,736
1785147900,83.15,83.22,83,83.02,343
1785148200,83.01,83.16,82.97,83.1,277
1785148500,83.11,83.16,82.98,82.99,292
1785148800,82.98,83.11,82.97,83.05,193
1785149100,83.04,83.23,83.03,83.09,315
1785149400,83.12,83.31,83.01,83.07,369
1785149700,83.09,83.32,82.93,83.27,510
1785150000,83.25,83.37,83.13,83.32,617
1785150300,83.34,83.38,83.18,83.22,407
1785150600,83.22,83.49,83.21,83.42,491
1785150900,83.41,83.46,83.28,83.46,282
1785151200,83.48,83.5,83.29,83.36,244
1785151500,83.36,83.8,83.32,83.78,482
1785151800,83.85,83.94,83.12,83.14,1203
1785152100,83.15,83.26,83.03,83.22,548
1785152400,83.22,83.52,83.05,83.24,840
1785152700,83.23,83.33,83.14,83.25,511
1785153000,83.26,83.37,83.17,83.26,314
1785153300,83.27,83.4,83.18,83.36,338
1785153600,83.39,83.58,83.38,83.55,648
1785153900,83.57,83.85,83.56,83.76,1030
1785154200,83.75,84.14,83.69,84.1,2018
1785154500,84.08,84.18,83.91,84.14,1189
1785154800,84.15,84.24,84,84.04,814
1785155100,84.04,84.12,83.94,84.09,697
1785155400,84.12,84.29,83.9,83.93,1044
1785155700,83.92,84.05,83.81,83.97,782
1785156000,83.97,84.1,83.91,84.02,644
1785156300,84.02,84.02,83.82,83.9,795
1785156600,83.92,84.34,83.88,84.29,1734
1785156900,84.28,84.28,84.01,84.03,698
1785157200,84.01,84.39,83.91,84.01,1315
1785157500,84.05,84.38,83.87,84.29,927
1785157800,84.3,84.36,84.06,84.23,644
1785158100,84.26,84.55,84.16,84.46,1145
1785158400,84.47,84.47,84.24,84.3,500
1785158700,84.29,84.5,84.23,84.49,479
1785159000,84.48,84.51,83.95,84.09,1210
1785159300,84.07,84.09,83.68,83.68,1667
1785159600,83.7,83.97,83.68,83.88,1091
1785159900,83.89,83.98,83.68,83.78,839
1785160200,83.8,84.23,83.78,84.18,945
1785160500,84.18,84.37,84.17,84.22,874
1785160800,84.23,84.28,83.82,83.85,899
1785161100,83.83,83.92,83.61,83.74,861
1785161400,83.74,83.84,83.48,83.5,1420
1785161700,83.49,83.72,83.45,83.65,953
1785162000,83.67,83.76,83.46,83.54,713
1785162300,83.54,83.8,83.51,83.65,805
1785162600,83.64,83.83,83.55,83.7,560
1785162900,83.69,83.8,83.58,83.63,526
1785163200,83.63,83.78,83.53,83.64,718
1785163500,83.61,83.7,83.48,83.69,457
1785163800,83.67,83.83,83.65,83.75,620
1785164100,83.74,83.85,83.52,83.56,603
1785164400,83.58,83.85,83.3,83.42,1878
1785164700,83.41,83.65,83.34,83.39,754
1785165000,83.37,83.39,83.16,83.23,931
1785165300,83.24,83.43,83.16,83.18,819
1785165600,83.17,83.39,83.01,83.34,1111
1785165900,83.32,83.39,83.12,83.17,956
1785166200,83.16,83.38,82.98,83.29,1220
1785166500,83.29,83.3,83.09,83.27,574
1785166800,83.28,83.39,83.11,83.13,495
1785167100,83.11,83.29,83.09,83.28,379
1785167400,83.25,83.26,83.07,83.19,343
1785167700,83.21,83.44,83.2,83.4,550
1785168000,83.39,83.44,83.08,83.32,624
1785168300,83.3,83.38,83.21,83.33,346
1785168600,83.33,83.4,83.2,83.23,398
1785168900,83.22,83.72,83.19,83.71,1183
1785169200,83.7,83.78,83.63,83.73,655
1785169500,83.74,83.74,82.83,83.03,3460
1785169800,83.03,83.09,82.33,82.37,2412
1785170100,82.38,82.71,82.37,82.66,1329
1785170400,82.65,82.79,82.62,82.77,769
1785170700,82.77,83.03,82.71,82.95,629
1785171000,82.95,83.26,82.87,83.08,769
1785171300,83.08,83.09,82.79,82.83,701
1785171600,82.86,82.89,82.73,82.74,510
1785171900,82.72,82.83,82.6,82.73,524
1785172200,82.69,82.78,82.51,82.62,604
1785172500,82.65,82.71,82.52,82.67,345
1785172800,82.67,82.69,82.52,82.65,275
1785173100,82.66,82.67,82.53,82.67,227
1785173400,82.64,82.74,82.58,82.58,373
1785173700,82.6,82.9,82.58,82.9,518
1785174000,82.9,83,82.82,82.95,375
1785174300,83,83,82.81,82.86,294
1785174600,82.87,82.89,82.64,82.78,571
1785174900,82.75,82.78,82.59,82.62,422
1785175200,82.62,82.63,82.34,82.5,995
1785175500,82.47,82.48,82.25,82.26,654
1785175800,82.26,82.51,82.23,82.36,564
1785176100,82.38,82.38,81.98,82.06,1468
1785176400,82.08,82.38,82.03,82.36,759
1785176700,82.36,82.68,82.29,82.64,1701
1785177000,82.65,82.91,82.51,82.9,694
1785177300,82.9,82.96,82.74,82.74,668
1785177600,82.73,82.75,82.22,82.38,1481
1785177900,82.37,82.45,82.27,82.32,497
1785178200,82.31,82.38,82.23,82.25,267
1785178500,82.26,82.33,82.1,82.1,454
1785178800,82.15,82.31,82.04,82.29,580
1785179100,82.28,82.33,82.23,82.27,324
1785179400,82.3,82.44,82.26,82.41,356
1785179700,82.4,82.45,82.31,82.4,229
1785180000,82.4,82.41,82.25,82.28,238
1785180300,82.3,82.38,82.28,82.32,378
1785180600,82.32,82.4,82.23,82.31,365
1785180900,82.3,82.41,82.26,82.3,290
1785181200,82.29,82.35,82.17,82.23,240
1785181500,82.2,82.28,82.03,82.05,479
1785181800,82.06,82.07,81.94,81.96,856
1785182100,81.96,82.04,81.89,81.95,722
1785182400,81.93,82.02,81.9,82.01,431
1785182700,81.99,82.02,81.73,81.75,568
1785183000,81.75,81.78,81.67,81.73,514
1785183300,81.73,81.91,81.66,81.89,617
1785183600,81.91,81.97,81.78,81.79,416
1785183900,81.82,81.89,81.79,81.87,221
1785184200,81.86,81.96,81.84,81.93,172
1785184500,81.94,82.04,81.87,82.03,244
1785184800,82.01,82.09,81.97,82.04,412
1785185100,82.04,82.04,81.94,81.95,223
1785185400,81.96,81.99,81.73,81.74,442
1785185700,81.75,81.93,81.62,81.91,698
1785189600,81.91,82.09,81.68,81.93,463
1785189900,81.93,82.13,81.89,82.04,245
1785190200,82.03,82.06,81.88,81.92,219
1785190500,81.91,81.96,81.87,81.95,110
1785190800,81.93,81.99,81.92,81.94,96
1785191100,81.94,81.99,81.91,81.98,72
1785191400,81.98,81.99,81.82,81.9,332
1785191700,81.89,81.89,81.5,81.87,592
1785192000,81.87,81.94,81.86,81.93,119
1785192300,81.93,82.02,81.9,81.93,137
1785192600,81.95,82.14,81.95,82.14,247
1785192900,82.12,82.19,82.1,82.15,201
1785193200,82.14,82.19,82.09,82.11,236
1785193500,82.11,82.16,82.1,82.11,88
1785193800,82.11,82.13,81.97,82.02,107
1785194100,82.02,82.08,82.02,82.06,112
1785194400,82.07,82.09,82.04,82.08,77
1785194700,82.07,82.13,82.03,82.05,129
1785195000,82.03,82.11,82.03,82.08,86
1785195300,82.12,82.14,82.09,82.13,41
1785195600,82.14,82.16,82.1,82.15,94
1785195900,82.15,82.23,82.05,82.16,212
1785196200,82.16,82.17,82.08,82.11,118
1785196500,82.1,82.1,82,82.04,165
1785196800,82.04,82.05,81.64,81.89,1067
1785197100,81.88,81.97,81.72,81.94,371
1785197400,81.91,82.01,81.79,81.85,277
1785197700,81.86,81.86,81.53,81.54,455
1785198000,81.53,81.64,81.41,81.57,635
1785198300,81.58,81.7,81.49,81.66,491
1785198600,81.66,81.79,81.65,81.69,287
1785198900,81.69,81.8,81.68,81.8,183
1785199200,81.79,82,81.78,81.94,580
1785199500,81.95,82.03,81.93,81.97,274
1785199800,81.98,82.19,81.98,82.15,528
1785200100,82.14,82.17,82.01,82.11,259
1785200400,82.11,82.29,81.74,81.91,1147
1785200700,81.92,81.92,81.66,81.74,628
1785201000,81.74,81.83,81.59,81.71,584
1785201300,81.69,81.9,81.68,81.78,240
1785201600,81.81,81.81,81.61,81.64,456
1785201900,81.64,81.69,81.46,81.58,596
1785202200,81.57,81.77,81.54,81.76,392
1785202500,81.76,81.79,81.68,81.72,95
1785202800,81.73,81.89,81.72,81.82,327
1785203100,81.81,81.96,81.77,81.92,371
1785203400,81.92,82.04,81.9,82.03,440
1785203700,82.01,82.01,81.62,81.63,512
1785204000,81.63,81.8,81.55,81.58,461
1785204300,81.56,81.57,81.22,81.55,1308
1785204600,81.54,81.64,81.47,81.52,325
1785204900,81.53,81.54,81.2,81.23,681
1785205200,81.23,81.46,81.18,81.39,611
1785205500,81.38,81.49,81.26,81.29,314
1785205800,81.28,81.33,81.09,81.23,1025
1785206100,81.23,81.3,81.17,81.28,303
1785206400,81.26,81.28,80.96,81.03,1075
1785206700,81.03,81.09,80.95,80.97,590
1785207000,80.99,81,80.71,80.78,1481
1785207300,80.77,80.82,80.69,80.82,682
1785207600,80.84,80.95,80.61,80.71,755
1785207900,80.74,80.92,80.7,80.91,436
1785208200,80.92,81,80.88,80.94,424
1785208500,80.95,81.28,80.9,81.19,749
1785208800,81.19,81.27,81.1,81.2,495
1785209100,81.2,81.36,81.14,81.36,456
1785209400,81.35,81.5,81.3,81.43,440
1785209700,81.44,81.6,81.43,81.53,345
1785210000,81.53,81.58,81.43,81.43,316
1785210300,81.44,81.5,81.43,81.45,217
1785210600,81.44,81.54,81.43,81.52,181
1785210900,81.53,81.58,81.43,81.57,195
1785211200,81.58,81.58,81.53,81.56,205
1785211500,81.57,81.74,81.56,81.64,351
1785211800,81.65,81.88,81.63,81.85,426
1785212100,81.86,81.95,81.63,81.64,479
1785212400,81.64,81.69,81.55,81.65,379
1785212700,81.65,81.7,81.64,81.64,152
1785213000,81.65,81.72,81.6,81.69,143
1785213300,81.69,81.76,81.66,81.66,132
1785213600,81.65,81.73,81.56,81.66,207
1785213900,81.65,81.7,81.59,81.6,134
1785214200,81.6,81.68,81.6,81.66,126
1785214500,81.64,81.66,81.58,81.61,112
1785214800,81.63,81.7,81.53,81.6,168
1785215100,81.59,81.64,81.58,81.58,137
1785215400,81.6,81.65,81.51,81.61,244
1785215700,81.6,81.66,81.51,81.63,155
1785216000,81.62,81.62,81.47,81.5,328
1785216300,81.49,81.66,81.47,81.65,274
1785216600,81.67,82.09,81.67,82.05,1128
1785216900,82.04,82.42,81.97,82.29,1316
1785217200,82.28,82.47,82.07,82.1,1095
1785217500,82.1,82.12,81.95,82.02,519
1785217800,82.01,82.13,81.95,82.06,286
1785218100,82.09,82.31,82.06,82.13,366
1785218400,82.14,82.26,81.96,82.21,710
1785218700,82.22,82.34,82.19,82.23,437
1785219000,82.21,82.26,82.13,82.15,255
1785219300,82.14,82.18,82.02,82.02,284
1785219600,82.02,82.2,81.89,81.97,518
1785219900,81.99,82,81.75,81.81,602
1785220200,81.82,81.87,81.43,81.47,699
1785220500,81.46,81.48,81.15,81.32,1532
1785220800,81.32,81.36,80.89,81.02,1633
1785221100,81,81.14,80.86,80.99,1027
1785221400,81.01,81.05,80.69,80.74,920
1785221700,80.73,80.84,80.61,80.82,1030
1785222000,80.81,81.15,80.67,81.09,1047
1785222300,81.08,81.18,80.84,80.95,554
1785222600,80.94,81.38,80.94,81.38,624
1785222900,81.39,81.42,81.16,81.16,514
1785223200,81.17,81.17,80.91,81.04,680
1785223500,81.06,81.34,80.97,81.25,508
1785223800,81.25,81.44,81.19,81.33,512
1785224100,81.31,81.55,81.2,81.35,523
1785224400,81.35,81.46,81.25,81.42,360
1785224700,81.39,81.43,81.32,81.33,202
1785225000,81.31,81.35,80.57,80.6,1383
1785225300,80.61,80.8,80.55,80.79,838
1785225600,80.79,80.86,80.64,80.78,678
1785225900,80.79,80.83,80.34,80.57,1319
1785226200,80.56,80.77,80.38,80.61,723
1785226500,80.65,80.82,80.43,80.69,1249
1785226800,80.7,80.7,80.3,80.41,908
1785227100,80.42,80.59,80.26,80.28,1080
1785227400,80.27,80.55,80.19,80.25,773
1785227700,80.24,80.39,80.15,80.37,715
1785228000,80.35,80.45,80.14,80.24,642
1785228300,80.24,80.25,79.96,80.11,1208
1785228600,80.09,80.21,79.81,80.16,1709
1785228900,80.17,80.32,80.14,80.21,750
1785229200,80.2,80.68,80.2,80.6,880
1785229500,80.6,80.78,80.48,80.75,728
1785229800,80.76,81.13,80.76,81.11,1057
1785230100,81.1,81.22,80.84,80.92,939
1785230400,80.92,80.93,80.61,80.64,636
1785230700,80.65,80.65,80.43,80.47,449
1785231000,80.47,80.76,80.41,80.6,577
1785231300,80.6,80.87,80.59,80.85,384
1785231600,80.86,80.87,80.62,80.72,347
1785231900,80.71,80.87,80.65,80.82,296
1785232200,80.82,80.82,80.52,80.56,450
1785232500,80.55,80.62,80.48,80.62,316
1785232800,80.64,80.77,80.58,80.76,345
1785233100,80.76,80.87,80.73,80.82,346
1785233400,80.82,80.87,80.7,80.77,191
1785233700,80.77,81.08,80.77,81.04,435
1785234000,81.01,81.13,80.98,81.09,432
1785234300,81.08,81.25,81.06,81.16,374
1785234600,81.19,81.24,81.08,81.09,384
1785234900,81.07,81.47,80.88,81,1521
1785235200,81,81.16,80.97,81.12,279
1785235500,81.1,81.15,80.97,81.06,205
1785235800,81.07,81.08,80.91,80.98,293
1785236100,81,81.19,80.97,81.14,210
1785236400,81.16,81.16,80.97,81.04,304
1785236700,81.04,81.38,81.01,81.38,468
1785237000,81.37,81.38,81.24,81.24,301
1785237300,81.25,81.26,80.68,81.03,1519
1785237600,81.04,81.16,80.98,81.16,410
1785237900,81.17,81.4,81.15,81.39,600
1785238200,81.4,81.5,81.27,81.49,561
1785238500,81.49,81.77,81.47,81.74,1123
1785238800,81.75,81.88,81.71,81.79,640
1785239100,81.81,81.87,81.72,81.86,427
1785239400,81.87,81.91,81.71,81.85,475
1785239700,81.84,81.86,81.65,81.71,533
1785240000,81.71,81.74,81.46,81.5,644
1785240300,81.49,81.57,81.36,81.46,591
1785240600,81.46,81.64,81.46,81.6,375
1785240900,81.58,81.72,81.54,81.64,360
1785241200,81.64,81.67,81.3,81.33,544
1785241500,81.33,81.64,81.29,81.58,495
1785241800,81.57,81.68,81.37,81.46,1093
1785242100,81.46,81.49,81.04,81.25,1283
1785242400,81.25,81.32,81.04,81.19,596
1785242700,81.21,81.21,80.95,81.02,781
1785243000,81,81.04,80.8,80.84,740
1785243300,80.83,80.85,80.63,80.81,1090
1785243600,80.81,81.33,80.81,81.29,1410
1785243900,81.28,81.35,81.09,81.23,759
1785244200,81.25,81.4,81.23,81.37,526
1785244500,81.34,81.4,81.23,81.31,300
1785244800,81.28,81.29,81,81.14,773
1785245100,81.15,81.38,81.09,81.2,549
1785245400,81.23,81.26,80.73,80.82,1238
1785245700,80.8,81.11,80.74,81,972
1785246000,81.02,81.08,80.84,81.07,574
1785246300,81.06,81.52,81.02,81.46,1102
1785246600,81.43,81.58,81.37,81.47,1040
1785246900,81.5,81.66,81.42,81.44,789
1785247200,81.44,81.84,81.36,81.75,1232
1785247500,81.72,81.78,81.5,81.55,865
1785247800,81.55,81.65,81.34,81.35,994
1785248100,81.35,81.37,81.16,81.28,1169
1785248400,81.28,81.41,81.11,81.37,671
1785248700,81.37,81.44,81.06,81.13,805
1785249000,81.14,81.19,80.91,81.13,817
1785249300,81.14,81.33,80.88,81.31,1067
1785249600,81.33,81.47,81.2,81.41,775
1785249900,81.42,81.49,81.31,81.4,541
1785250200,81.39,81.67,81.34,81.35,659
1785250500,81.36,81.52,81.36,81.43,411
1785250800,81.44,81.49,81.2,81.47,631
1785251100,81.46,81.58,81.29,81.29,498
1785251400,81.21,81.38,80.38,80.56,3501
1785251700,80.55,80.64,79.74,79.82,5504
1785252000,79.82,79.99,79.4,79.76,4348
1785252300,79.74,79.83,79.21,79.43,3805
1785252600,79.42,79.61,79.09,79.27,3948
1785252900,79.26,79.44,79.04,79.43,2262
1785253200,79.41,79.52,78.97,79.09,2077
1785253500,79.1,79.46,79.03,79.44,1251
1785253800,79.42,79.43,78.61,78.65,3400
1785254100,78.65,78.7,78.28,78.37,4177
1785254400,78.37,78.6,78.32,78.42,1854
1785254700,78.43,78.65,78.35,78.49,1441
1785255000,78.5,78.58,78.25,78.29,1522
1785255300,78.29,78.31,78.02,78.03,2471
1785255600,78.05,78.37,78.05,78.34,1225
1785255900,78.3,78.33,78.1,78.25,773
1785256200,78.26,78.44,77.89,78.1,2334
1785256500,78.11,78.22,77.86,77.93,1423
1785256800,77.92,78.21,77.78,78.19,2101
1785257100,78.19,78.86,78.1,78.71,3423
1785257400,78.69,78.71,78.38,78.39,1181
1785257700,78.4,78.69,78.39,78.66,695
1785258000,78.67,78.85,78.53,78.54,973
1785258300,78.57,78.71,78.38,78.63,1516
1785258600,78.62,79.1,78.59,78.95,2018
1785258900,78.95,79.2,78.89,79.05,1533
1785259200,79.06,79.07,78.31,79.06,2075
1785259500,79.06,79.2,78.97,79.16,878
1785259800,79.15,79.25,78.97,79.03,682
1785260100,79.05,79.32,79.02,79.24,825
1785260400,79.24,79.35,79.16,79.3,668
1785260700,79.29,79.48,79.11,79.15,965
1785261000,79.15,79.44,79.11,79.37,616
1785261300,79.39,79.65,79.29,79.39,1281
1785261600,79.42,79.44,79.06,79.14,1122
1785261900,79.16,79.16,78.86,78.9,776
1785262200,78.89,79,78.82,78.95,495
1785262500,78.94,79.17,78.89,78.94,546
1785262800,78.97,79.06,78.94,78.94,377
1785263100,78.95,79.37,78.79,79.32,1500
1785263400,79.32,79.49,79.2,79.33,821
1785263700,79.33,79.39,79.19,79.25,628
1785264000,79.26,79.31,79.22,79.3,131
1785264300,79.29,79.31,79.21,79.22,387
1785264600,79.22,79.25,78.94,79.13,573
1785264900,79.14,79.22,79.09,79.2,262
1785265200,79.22,79.23,78.96,79.01,354
1785265500,79.02,79.09,78.95,79.08,390
1785265800,79.06,79.2,79.05,79.08,276
1785266100,79.1,79.12,78.92,78.93,302
1785266400,78.96,79.03,78.91,78.92,301
1785266700,78.93,78.95,78.88,78.93,199
1785267000,78.91,79.06,78.9,78.92,310
1785267300,78.94,79.05,78.91,78.99,220
1785267600,78.98,79.1,78.95,79.06,442
1785267900,79.06,79.12,78.9,78.9,378
1785268200,78.91,79.09,78.9,79.04,207
1785268500,79.05,79.15,79,79.13,341
1785268800,79.15,79.3,79.13,79.21,358
1785269100,79.2,79.22,79.07,79.11,273
1785269400,79.08,79.14,79.04,79.14,233
1785269700,79.13,79.13,79,79,235
1785270000,79.03,79.17,78.97,79.16,304
1785270300,79.16,79.19,79.1,79.17,146
1785270600,79.17,79.17,78.81,78.9,576
1785270900,78.89,79.25,78.84,79.21,740
1785271200,79.23,79.26,79.06,79.07,240
1785271500,79.09,79.23,79.08,79.22,246
1785271800,79.21,79.22,79.02,79.19,352
1785272100,79.18,79.22,79.06,79.12,212
1785276000,79.85,80.88,79.85,80.81,2330
1785276300,80.81,81.17,80.75,81.13,1222
1785276600,81.09,81.29,81.02,81.25,1014
1785276900,81.21,81.6,81.1,81.56,1399
1785277200,81.58,82.51,81.55,82.34,2131
1785277500,82.33,82.87,82.26,82.65,2416
1785277800,82.69,83.25,82.44,83.07,2127
1785278100,83.06,83.22,82.66,83.06,1368
1785278400,83.1,83.1,82.41,82.7,1419
1785278700,82.71,82.99,82.5,82.5,788
1785279000,82.5,82.67,82.43,82.54,784
1785279300,82.54,82.67,82.47,82.67,456
1785279600,82.67,83,82.59,83,845
1785279900,82.97,83.32,82.94,83.26,1465
1785280200,83.27,83.29,82.66,82.76,1100
1785280500,82.76,82.92,82.53,82.53,679
1785280800,82.53,82.6,82.42,82.51,564
1785281100,82.51,82.7,82.38,82.51,469
1785281400,82.52,82.75,82.46,82.67,464
1785281700,82.67,82.7,82.5,82.52,275
1785282000,82.53,82.55,82.04,82.05,1255
1785282300,82.07,82.48,82.06,82.17,1069
1785282600,82.16,82.3,82.03,82.22,843
1785282900,82.25,82.31,81.81,81.88,1509
1785283200,81.88,82.15,81.72,81.96,2263
1785283500,81.96,82.27,81.96,82.15,962
1785283800,82.18,82.32,81.96,81.99,715
1785284100,82,82.1,81.84,82.04,615
1785284400,82.05,82.08,81.62,81.72,1286
1785284700,81.74,81.88,81.7,81.83,410
1785285000,81.85,82.25,81.85,82.23,780
1785285300,82.23,82.55,82.22,82.55,1075
1785285600,82.56,82.6,82.38,82.38,968
1785285900,82.38,82.59,82.31,82.46,555
1785286200,82.5,82.5,82.35,82.37,264
1785286500,82.37,82.54,82.27,82.46,498
1785286800,82.46,82.7,82.41,82.47,1147
1785287100,82.48,82.58,82.31,82.52,528
1785287400,82.51,82.86,82.41,82.85,1031
1785287700,82.83,82.91,82.61,82.64,924
1785288000,82.65,82.68,82.51,82.61,598
1785288300,82.61,82.63,82.39,82.44,577
1785288600,82.45,83.06,82.44,83.02,1016
1785288900,83.03,83.03,82.83,82.95,535
1785289200,82.96,83.04,82.86,82.93,472
1785289500,82.95,82.97,82.84,82.87,433
1785289800,82.85,82.87,82.68,82.74,582
1785290100,82.73,82.78,82.59,82.76,493
1785290400,82.75,82.84,82.65,82.77,397
1785290700,82.77,82.78,82.61,82.61,292
1785291000,82.63,82.72,82.58,82.65,362
1785291300,82.65,82.73,82.58,82.62,284
1785291600,82.63,82.63,82.47,82.53,346
1785291900,82.52,82.54,82.43,82.45,296
1785292200,82.44,82.44,82.18,82.22,999
1785292500,82.22,82.3,82.06,82.21,914
1785292800,82.2,82.4,82.18,82.3,467
1785293100,82.3,82.33,82.13,82.15,297
1785293400,82.17,82.3,82.14,82.25,333
1785293700,82.25,82.35,82.2,82.31,179
1785294000,82.34,82.46,82.31,82.42,447
1785294300,82.44,82.55,82.43,82.5,463
1785294600,82.51,82.57,82.47,82.52,232
1785294900,82.49,82.55,82.43,82.53,295
1785295200,82.53,82.61,82.41,82.42,298
1785295500,82.43,82.47,82.32,82.39,408
1785295800,82.4,82.65,82.39,82.63,335
1785296100,82.64,82.65,82.47,82.52,135
1785296400,82.52,82.6,82.5,82.58,145
1785296700,82.57,82.6,82.48,82.55,136
1785297000,82.57,82.75,82.54,82.69,310
1785297300,82.69,82.79,82.69,82.71,207
1785297600,82.69,82.69,82.57,82.65,162
1785297900,82.64,82.65,82.56,82.6,125
1785298200,82.58,82.65,82.57,82.61,118
1785298500,82.6,82.62,82.43,82.47,207
1785298800,82.49,82.53,82.46,82.52,108
1785299100,82.52,82.56,82.44,82.44,138
1785299400,82.43,82.45,82.29,82.39,441
1785299700,82.39,82.4,82.23,82.3,259
1785300000,82.28,82.3,82.09,82.1,454
1785300300,82.12,82.13,82,82.01,497
1785300600,82,82.08,81.88,81.9,632
1785300900,81.91,82.08,81.9,82.06,284
1785301200,82.04,82.16,81.86,81.96,525
1785301500,81.97,81.98,81.86,81.95,268
1785301800,81.95,82,81.86,81.89,309
1785302100,81.9,81.96,81.8,81.92,384
1785302400,81.93,82.06,81.85,81.99,301
1785302700,81.98,82.01,81.84,81.89,228
1785303000,81.87,82.07,81.83,82.07,269
1785303300,82.05,82.17,81.97,82.09,336
1785303600,82.12,82.22,81.9,81.97,479
1785303900,81.96,82.09,81.92,82.07,258
1785304200,82.07,82.11,81.94,82.02,410
1785304500,82.02,82.27,81.92,82.25,508
1785304800,82.25,82.3,82,82.2,466
1785305100,82.2,82.43,82.18,82.33,502
1785305400,82.34,82.41,82.24,82.32,464
1785305700,82.31,82.37,82.13,82.32,436
1785306000,82.33,82.36,82.18,82.24,456
1785306300,82.25,82.35,82.17,82.33,349
1785306600,82.34,82.38,82.21,82.23,299
1785306900,82.27,82.32,81.99,82.03,526
1785307200,82.03,82.06,81.79,81.82,544
1785307500,81.84,82.05,81.82,82.04,501
1785307800,82.03,82.06,81.87,81.98,327
1785308100,81.97,82.13,81.97,82.11,373
1785308400,82.11,82.22,81.95,82.09,513
1785308700,82.1,82.1,81.84,81.84,399
1785309000,81.84,81.95,81.71,81.89,632
1785309300,81.87,82.28,81.85,82.28,507
1785309600,82.28,82.37,82.09,82.19,624
1785309900,82.19,82.35,82.07,82.22,442
1785310200,82.22,82.31,82.02,82.12,333
1785310500,82.1,82.11,81.72,81.73,585
1785310800,81.73,81.95,81.71,81.83,367
1785311100,81.84,82.16,81.8,82.16,337
1785311400,82.17,82.3,82.08,82.26,496
1785311700,82.26,82.29,82,82.02,350
1785312000,82.03,82.18,81.97,82.03,237
1785312300,82.02,82.3,81.92,82.26,425
1785312600,82.26,82.28,81.85,81.9,569
1785312900,81.9,81.98,81.7,81.94,614
1785313200,81.92,82.21,81.92,82.17,511
1785313500,82.17,82.38,82.07,82.21,1640
1785313800,82.21,82.37,82,82.11,607
1785314100,82.1,82.15,81.78,81.87,477
1785314400,81.85,82.01,81.75,81.85,430
1785314700,81.85,81.85,81.5,81.63,1340
1785315000,81.64,81.84,81.51,81.82,563
1785315300,81.79,81.93,81.72,81.89,366
1785315600,81.88,82.16,81.88,82.15,608
1785315900,82.14,82.14,81.94,81.98,319
1785316200,81.97,82.04,81.9,81.96,252
1785316500,81.92,81.97,81.81,81.94,263
1785316800,81.94,82,81.7,81.81,260
1785317100,81.82,82.02,81.8,81.94,235
1785317400,81.92,82.19,81.88,82.14,356
1785317700,82.15,82.31,82.04,82.13,509
1785318000,82.13,82.15,82.02,82.1,309
1785318300,82.08,82.12,81.96,82.09,324
1785318600,82.1,82.19,81.99,82.17,252
1785318900,82.18,82.3,82.11,82.11,522
1785319200,82.12,82.25,81.95,82.03,454
1785319500,82.01,82.67,81.98,82.41,1799
1785319800,82.45,82.7,82.35,82.64,745
1785320100,82.64,82.83,82.54,82.68,943
1785320400,82.68,82.83,82.65,82.69,511
1785320700,82.68,82.73,82.52,82.72,605
1785321000,82.73,82.74,82.59,82.71,313
1785321300,82.71,83.04,82.67,83.02,795
1785321600,83.02,83.07,82.8,82.89,802
1785321900,82.89,83.13,82.85,83.12,496
1785322200,83.12,83.25,83.08,83.24,743
1785322500,83.25,83.28,83.15,83.2,545
1785322800,83.18,83.35,83.09,83.23,778
1785323100,83.22,83.23,82.98,83.01,495
1785323400,83.02,83.16,83.01,83.1,355
1785323700,83.1,83.14,82.92,83.08,535
1785324000,83.09,83.18,83.05,83.16,256
1785324300,83.12,83.16,82.82,82.87,564
1785324600,82.88,83.02,82.84,82.96,445
1785324900,82.95,82.95,82.8,82.82,354
1785325200,82.83,82.96,82.75,82.94,448
1785325500,82.93,83.08,82.35,82.53,2381
1785325800,82.54,82.8,82.52,82.67,787
1785326100,82.69,82.69,82.5,82.52,420
1785326400,82.54,82.84,82.5,82.82,660
1785326700,82.82,83.1,82.79,83.07,928
1785327000,83.07,83.19,82.92,83.13,1027
1785327300,83.1,84.48,83.09,84.41,7118
1785327600,84.41,84.65,84.14,84.59,3061
1785327900,84.59,84.62,84.29,84.46,1597
1785328200,84.49,84.75,84.28,84.31,2140
1785328500,84.3,84.38,84.04,84.11,1380
1785328800,84.11,84.25,84.06,84.11,723
1785329100,84.11,84.3,84.09,84.25,725
1785329400,84.29,84.66,84.29,84.65,1070
1785329700,84.65,84.74,84.51,84.54,1075
1785330000,84.55,84.83,84.35,84.61,1826
1785330300,84.64,84.83,84.53,84.54,982
1785330600,84.54,84.63,84.41,84.43,887
1785330900,84.44,84.54,84.21,84.52,1473
1785331200,84.53,84.62,84.12,84.17,1327
1785331500,84.18,84.36,84.12,84.33,770
1785331800,84.33,84.67,84.26,84.48,1255
1785332100,84.48,84.56,84.22,84.26,935
1785332400,84.27,84.44,84.24,84.44,451
1785332700,84.44,84.85,84.42,84.65,1697
1785333000,84.66,84.92,84.66,84.88,1190
1785333300,84.88,84.95,84.79,84.85,1029
1785333600,84.84,84.86,84.53,84.58,1403
1785333900,84.59,84.61,84.35,84.48,1380
1785334200,84.48,84.57,84.33,84.54,827
1785334500,84.55,84.68,84.39,84.55,891
1785334800,84.54,84.58,84.37,84.57,551
1785335100,84.56,85.06,84.54,84.96,1848
1785335400,84.99,85.13,84.9,85,1994
1785335700,84.99,85.16,84.84,84.93,1482
1785336000,84.92,85.2,84.86,85.09,1067
1785336300,85.1,85.32,85.09,85.19,1482
1785336600,85.2,85.34,85.03,85.28,1162
1785336900,85.29,85.47,85.14,85.36,1753
1785337200,85.36,85.58,85.28,85.33,1853
1785337500,85.33,85.39,85.11,85.15,1373
1785337800,85.18,85.22,84.87,85.06,1559
1785338100,85.03,85.26,85,85.24,1092
1785338400,85.23,85.27,85,85.02,820
1785338700,85.04,85.17,84.77,84.88,1338
1785339000,84.84,84.87,84.48,84.64,2183
1785339300,84.64,84.75,84.4,84.46,1108
1785339600,84.46,84.61,84.36,84.51,1153
1785339900,84.5,84.55,84.39,84.55,608
1785340200,84.56,84.68,84.5,84.62,760
1785340500,84.63,85.01,84.63,84.99,1234
1785340800,84.99,85.23,84.95,85.11,1162
1785341100,85.1,85.11,84.86,84.95,1081
1785341400,84.93,85.05,84.75,84.86,813
1785341700,84.86,84.92,84.6,84.74,682
1785342000,84.74,84.76,84.22,84.37,1702
1785342300,84.35,84.4,84.17,84.19,1218
1785342600,84.21,84.39,84.19,84.35,609
1785342900,84.33,84.52,84.25,84.46,715
1785343200,84.47,84.54,84.4,84.53,396
1785343500,84.52,84.59,84.42,84.52,305
1785343800,84.52,84.68,84.52,84.65,436
1785344100,84.65,84.68,84.58,84.58,236
1785344400,84.59,84.62,84.34,84.37,644
1785344700,84.37,84.57,84.35,84.57,522
1785345000,84.56,84.74,84.51,84.55,589
1785345300,84.55,84.73,84.55,84.65,328
1785345600,84.66,84.72,84.62,84.64,373
1785345900,84.63,84.84,84.43,84.47,857
1785346200,84.46,84.75,84.42,84.69,480
1785346500,84.65,84.65,84.35,84.38,521
1785346800,84.4,84.44,84.32,84.37,517
1785347100,84.37,84.52,84.26,84.48,612
1785347400,84.5,84.68,84.49,84.59,485
1785347700,84.6,84.65,84.52,84.58,340
1785348000,84.63,84.92,84.45,84.69,1244
1785348300,84.71,84.72,84.51,84.52,753
1785348600,84.53,84.74,84.53,84.61,407
1785348900,84.6,84.88,84.48,84.84,682
1785349200,84.85,84.91,84.66,84.87,853
1785349500,84.88,84.9,84.36,84.48,1820
1785349800,84.49,84.94,84.49,84.87,1036
1785350100,84.86,84.92,84.71,84.83,510
1785350400,84.84,84.9,84.56,84.61,590
1785350700,84.62,84.66,84.3,84.64,949
1785351000,84.65,84.73,84.55,84.55,529
1785351300,84.55,84.63,84.41,84.42,381
1785351600,84.45,84.48,84.29,84.36,619
1785351900,84.36,84.52,84.27,84.41,599
1785352200,84.41,84.45,84.21,84.43,761
1785352500,84.41,84.45,84.03,84.1,940
1785352800,84.09,84.74,84.04,84.46,2143
1785353100,84.48,84.73,84.45,84.64,799
1785353400,84.67,85.25,84.64,85.04,1886
1785353700,85.04,85.14,84.81,84.89,910
1785354000,84.89,84.99,84.79,84.86,662
1785354300,84.85,84.91,84.58,84.87,1071
1785354600,84.87,85,84.84,84.98,591
1785354900,84.98,85,84.84,84.89,551
1785355200,84.89,84.96,84.67,84.72,496
1785355500,84.71,84.75,84.59,84.72,708
1785355800,84.71,84.77,84.62,84.73,598
1785356100,84.77,84.82,84.73,84.79,89
1785356400,84.77,85.04,84.73,85.02,490
1785356700,85,85.02,84.91,84.91,241
1785357000,84.91,84.91,84.77,84.8,211
1785357300,84.8,84.8,84.66,84.7,240
1785357600,84.69,84.72,84.57,84.63,504
1785357900,84.63,84.68,84.51,84.68,546
1785358200,84.67,84.7,84.52,84.54,359
1785358500,84.53,84.67,84.51,84.66,334
1785362400,84.72,84.75,84.32,84.34,800
1785362700,84.39,84.58,84.36,84.42,278
1785363000,84.42,84.5,84.32,84.43,211
1785363300,84.4,84.45,84.23,84.23,301
1785363600,84.24,84.4,84.23,84.39,242
1785363900,84.38,84.59,84.35,84.44,392
1785364200,84.46,84.48,84.38,84.47,196
1785364500,84.46,84.5,84.32,84.34,155
1785364800,84.35,84.48,84.33,84.47,95
1785365100,84.45,84.46,84.38,84.4,123
1785365400,84.4,84.46,84.38,84.45,51
1785365700,84.45,84.54,84.4,84.42,152
1785366000,84.42,84.45,84.38,84.41,154
1785366300,84.43,84.45,84.11,84.23,495
1785366600,84.24,84.71,84.23,84.61,824
1785366900,84.6,84.74,84.55,84.65,238
1785367200,84.63,84.66,84.44,84.45,246
1785367500,84.48,84.5,84.37,84.43,183
1785367800,84.42,84.42,84.25,84.36,185
1785368100,84.38,84.46,84.36,84.44,106
1785368400,84.43,84.51,84.32,84.32,216
1785368700,84.35,84.36,84.21,84.31,276
1785369000,84.31,84.32,84.15,84.2,310
1785369300,84.2,84.29,84.16,84.21,170
1785369600,84.21,84.31,84.05,84.28,861
1785369900,84.27,84.27,84.1,84.15,300
1785370200,84.14,84.26,83.74,83.9,1303
1785370500,83.89,83.98,83.03,83.35,2553
1785370800,83.39,83.74,83.38,83.7,944
1785371100,83.69,84,83.58,83.98,937
1785371400,83.97,84.2,83.88,84.04,666
1785371700,84.06,84.25,84.02,84.21,514
1785372000,84.21,84.34,84.14,84.31,641
1785372300,84.29,84.48,84.25,84.33,678
1785372600,84.36,84.58,84.36,84.56,591
1785372900,84.54,84.62,84.48,84.52,487
1785373200,84.52,84.52,83.98,84.11,1514
1785373500,84.12,84.16,83.74,83.89,1163
1785373800,83.87,84.07,83.77,84.03,560
1785374100,84.04,84.09,83.87,83.91,646
1785374400,83.9,84.14,83.84,83.99,506
1785374700,84.01,84.06,83.9,83.95,344
1785375000,83.98,84.07,83.76,83.81,480
1785375300,83.81,83.89,83.64,83.86,640
1785375600,83.87,83.87,83.71,83.73,315
1785375900,83.72,83.91,83.68,83.83,375
1785376200,83.83,83.85,83.69,83.77,217
1785376500,83.8,83.84,83.74,83.79,148
1785376800,83.77,83.81,83.63,83.68,369
1785377100,83.69,83.78,83.6,83.65,334
1785377400,83.65,83.69,83.57,83.58,268
1785377700,83.58,83.61,83.51,83.55,590
1785378000,83.58,83.66,83.47,83.62,398
1785378300,83.63,83.72,83.43,83.47,492
1785378600,83.45,83.5,83.25,83.39,1073
1785378900,83.4,83.6,83.38,83.5,582
1785379200,83.48,83.6,83.45,83.53,325
1785379500,83.53,83.74,83.53,83.68,497
1785379800,83.69,83.72,83.35,83.36,532
1785380100,83.36,83.45,83.25,83.43,453
1785380400,83.44,83.45,83.23,83.35,373
1785380700,83.33,83.4,83.3,83.35,236
1785381000,83.36,83.42,83.3,83.33,211
1785381300,83.36,83.4,83.3,83.38,119
1785381600,83.38,83.54,83.35,83.54,230
1785381900,83.53,83.67,83.42,83.63,420
1785382200,83.64,83.64,83.51,83.58,194
1785382500,83.58,83.6,83.49,83.56,145
1785382800,83.55,83.63,83.53,83.58,119
1785383100,83.59,83.68,83.58,83.67,169
1785383400,83.67,83.76,83.64,83.76,188
1785383700,83.75,83.76,83.63,83.63,128
1785384000,83.65,83.71,83.62,83.66,114
1785384300,83.65,83.79,83.65,83.75,166
1785384600,83.74,83.79,83.73,83.78,127
1785384900,83.76,83.87,83.76,83.83,215
1785385200,83.81,83.81,83.66,83.73,107
1785385500,83.73,83.83,83.68,83.79,127
1785385800,83.78,83.78,83.71,83.73,114
1785386100,83.75,83.78,83.72,83.74,54
1785386400,83.72,83.82,83.65,83.79,193
1785386700,83.79,83.8,83.68,83.73,106
1785387000,83.73,83.98,83.73,83.97,449
1785387300,83.98,84.17,83.94,84.07,517
1785387600,84.07,84.15,83.98,84,348
1785387900,83.99,84.29,83.98,84.27,357
1785388200,84.27,84.48,84.23,84.46,790
1785388500,84.48,84.6,84.39,84.6,650
1785388800,84.58,84.79,84.54,84.68,689
1785389100,84.7,84.7,84.51,84.54,577
1785389400,84.54,85.18,84.53,84.93,1875
1785389700,84.93,85.18,84.92,85.02,1024
1785390000,85.02,85.03,84.89,84.96,604
1785390300,84.97,85,84.62,84.83,964
1785390600,84.81,85.29,84.74,85.22,1098
1785390900,85.24,85.4,85.04,85.23,1404
1785391200,85.21,85.38,85.09,85.12,1040
1785391500,85.13,85.65,85.09,85.63,1257
1785391800,85.63,85.74,85.58,85.7,1157
1785392100,85.71,85.89,85.59,85.79,1169
1785392400,85.81,85.89,85.54,85.63,1117
1785392700,85.63,85.84,85.55,85.83,748
1785393000,85.82,85.94,85.58,85.64,982
1785393300,85.63,85.79,85.61,85.74,645
1785393600,85.71,85.75,85.5,85.64,533
1785393900,85.65,85.69,85.37,85.59,816
1785394200,85.57,85.65,85.4,85.43,513
1785394500,85.44,85.59,85.3,85.32,471
1785394800,85.3,85.32,84.58,84.67,2376
1785395100,84.68,85.05,84.64,84.95,807
1785395400,84.96,85.12,84.89,84.94,479
1785395700,84.93,85.28,84.9,85.25,588
1785396000,85.26,85.4,84.98,85.01,864
1785396300,84.99,85.33,84.98,85.3,591
1785396600,85.3,85.73,85.25,85.7,897
1785396900,85.68,85.95,85.67,85.75,1183
1785397200,85.74,85.78,85.41,85.47,845
1785397500,85.47,85.47,85.21,85.4,872
1785397800,85.41,85.45,84.94,85.09,761
1785398100,85.1,85.23,85.03,85.2,480
1785398400,85.17,85.38,84.8,84.88,1042
1785398700,84.84,84.91,84.61,84.83,1016
1785399000,84.8,84.88,84.65,84.82,566
1785399300,84.83,85.18,84.67,85.16,591
1785399600,85.19,85.38,85.1,85.17,908
1785399900,85.17,85.2,84.73,84.97,1073
1785400200,84.96,85.07,84.31,84.45,1492
1785400500,84.45,84.63,84.37,84.55,593
1785400800,84.55,84.79,84.39,84.77,616
1785401100,84.78,84.91,84.67,84.83,632
1785401400,84.83,85.07,84.81,85.03,721
1785401700,85.03,85.04,84.71,84.73,480
1785402000,84.74,84.86,84.47,84.51,824
1785402300,84.51,84.64,84.27,84.44,889
1785402600,84.44,84.68,84.05,84.38,1434
1785402900,84.31,84.53,83.88,84.02,1400
1785403200,84.02,84.09,83.85,84.09,851
1785403500,84.06,84.09,83.95,84.05,567
1785403800,84.04,84.3,84.02,84.22,579
1785404100,84.22,84.25,83.92,84.24,679
1785404400,84.23,84.38,84.05,84.11,482
1785404700,84.13,84.17,84.04,84.1,346
1785405000,84.05,84.25,83.94,84.16,473
1785405300,84.16,84.52,84.12,84.47,496
1785405600,84.48,84.65,84.47,84.63,651
1785405900,84.62,84.64,84.39,84.45,392
1785406200,84.48,84.65,84.39,84.59,326
1785406500,84.57,84.59,84.16,84.23,608
1785406800,84.22,84.31,84.11,84.11,534
1785407100,84.14,84.34,84.12,84.23,248
1785407400,84.25,84.29,83.97,84.22,509
1785407700,84.21,84.25,83.88,83.98,513
1785408000,83.97,83.97,83.27,83.64,2530
1785408300,83.64,83.7,83.46,83.49,672
1785408600,83.47,83.75,83.31,83.71,945
1785408900,83.69,83.79,83.59,83.77,395
1785409200,83.77,83.94,83.66,83.79,648
1785409500,83.79,83.82,83.62,83.81,577
1785409800,83.79,83.85,83.68,83.71,369
1785410100,83.7,83.76,83.58,83.76,327
1785410400,83.76,83.94,83.61,83.63,524
1785410700,83.61,83.69,83.45,83.65,417
1785411000,83.64,83.73,83.37,83.5,575
1785411300,83.5,83.65,83.47,83.54,373
1785411600,83.54,83.61,83.34,83.48,496
1785411900,83.49,83.56,83.4,83.41,330
1785412200,83.41,83.56,83.33,83.36,505
1785412500,83.38,83.56,83.26,83.54,446
1785412800,83.56,83.86,83.54,83.68,1050
1785413100,83.68,83.7,83.4,83.48,544
1785413400,83.48,83.77,83.48,83.7,632
1785413700,83.69,83.88,83.62,83.71,598
1785414000,83.72,83.94,83.68,83.93,607
1785414300,83.93,84.39,83.88,84.25,1282
1785414600,84.21,84.23,83.95,83.95,851
1785414900,83.94,83.96,83.72,83.74,800
1785415200,83.75,83.96,83.6,83.78,783
1785415500,83.77,84.06,83.7,83.94,623
1785415800,83.99,84.3,83.97,84.22,1223
1785416100,84.21,84.5,84.14,84.47,1290
1785416400,84.47,84.5,83.91,84.08,1609
1785416700,84.08,84.15,83.21,83.4,3138
1785417000,83.39,83.57,82.92,83.01,3107
1785417300,83.02,83.51,83.01,83.29,1739
1785417600,83.3,83.56,83.26,83.37,978
1785417900,83.35,83.67,83.34,83.47,833
1785418200,83.48,83.73,83.3,83.64,936
1785418500,83.64,83.72,83.35,83.37,993
1785418800,83.37,83.67,83.37,83.64,806
1785419100,83.62,83.8,83.52,83.74,877
1785419400,83.7,83.91,83.62,83.66,1171
1785419700,83.66,83.88,83.61,83.72,626
1785420000,83.76,84.16,83.63,83.82,2264
1785420300,83.84,84.19,83.77,83.8,1518
1785420600,83.81,83.97,83.69,83.86,814
1785420900,83.87,84.26,83.72,84.13,1063
1785421200,84.12,84.3,84.01,84.1,1025
1785421500,84.11,84.2,83.89,83.96,892
1785421800,83.95,84.28,83.94,84.16,997
1785422100,84.16,84.18,83.93,84,576
1785422400,83.98,84.26,83.95,84.08,744
1785422700,84.09,84.35,84.08,84.33,874
1785423000,84.32,84.47,84.12,84.23,1267
1785423300,84.23,84.36,84.07,84.22,612
1785423600,84.21,84.39,84.17,84.35,645
1785423900,84.36,84.74,84.34,84.59,1974
1785424200,84.6,84.86,84.48,84.61,1662
1785424500,84.61,84.7,84.4,84.51,1216
1785424800,84.49,84.55,84.26,84.26,1145
1785425100,84.3,84.41,84.05,84.29,1260
1785425400,84.3,84.49,84.18,84.49,827
1785425700,84.47,84.53,84.08,84.08,700
1785426000,84.08,84.08,83.58,83.71,1862
1785426300,83.71,83.9,83.61,83.86,868
1785426600,83.87,84.1,83.72,84.03,721
1785426900,84.04,84.08,83.89,84.08,543
1785427200,84.09,84.15,83.99,84.02,552
1785427500,84.02,84.3,84.01,84.23,643
1785427800,84.22,84.25,83.9,84.01,834
1785428100,84.04,84.18,83.79,83.89,906
1785428400,83.89,83.94,83.62,83.72,540
1785428700,83.72,83.72,83.51,83.62,579
1785429000,83.62,83.79,83.54,83.77,694
1785429300,83.75,83.96,83.67,83.91,524
1785429600,83.9,83.98,83.8,83.89,398
1785429900,83.89,83.97,83.78,83.83,468
1785430200,83.8,84.07,83.76,83.94,608
1785430500,83.95,84.14,83.89,84.11,555
1785430800,84.1,84.17,83.96,83.97,394
1785431100,83.97,84.12,83.95,84.05,430
1785431400,84.05,84.1,83.84,83.96,769
1785431700,83.95,84.2,83.92,83.99,449
1785432000,83.96,84,83.72,83.8,487
1785432300,83.82,83.92,83.74,83.84,398
1785432600,83.85,83.88,83.63,83.72,474
1785432900,83.71,84.4,83.7,84.21,1180
1785433200,84.2,84.23,83.76,83.88,628
1785433500,83.87,84.08,83.87,84.08,508
1785433800,84.09,84.13,83.95,83.98,455
1785434100,84,84.1,83.88,84.07,247
1785434400,84.08,84.3,83.98,84.19,886
1785434700,84.19,84.19,83.92,84.09,564
1785435000,84.09,84.19,84.04,84.13,227
1785435300,84.14,84.18,83.71,83.78,649
1785435600,83.79,83.92,83.74,83.91,532
1785435900,83.93,83.96,83.47,83.55,1346
1785436200,83.56,83.7,83.48,83.63,748
1785436500,83.63,83.72,83.55,83.65,304
1785436800,83.64,83.83,83.61,83.72,250
1785437100,83.72,83.77,83.7,83.74,153
1785437400,83.74,83.76,83.53,83.58,286
1785437700,83.58,83.6,83.51,83.54,151
1785438000,83.54,83.64,83.45,83.6,368
1785438300,83.6,83.64,83.54,83.58,246
1785438600,83.55,83.74,83.53,83.65,309
1785438900,83.65,83.68,83.57,83.61,171
1785439200,83.62,83.65,83.57,83.63,111
1785439500,83.63,83.64,83.52,83.54,261
1785439800,83.53,83.58,83.45,83.54,283
1785440100,83.54,83.54,83.47,83.52,122
1785440400,83.52,83.7,83.49,83.7,289
1785440700,83.69,83.79,83.65,83.7,368
1785441000,83.69,83.76,83.65,83.74,239
1785441300,83.74,83.83,83.65,83.66,397
1785441600,83.65,83.7,83.59,83.66,227
1785441900,83.66,83.85,83.6,83.84,472
1785442200,83.82,83.89,83.77,83.88,239
1785442500,83.89,84.13,83.86,84.06,636
1785442800,84.06,84.14,84.02,84.13,259
1785443100,84.12,84.17,84.05,84.11,289
1785443400,84.1,84.22,84.03,84.12,523
1785443700,84.12,84.19,84.09,84.16,168
1785444000,84.15,84.15,83.95,83.99,280
1785444300,83.97,84,83.88,83.93,598
1785444600,83.94,83.95,83.86,83.9,204
1785444900,83.91,83.99,83.88,83.94,248
1785448800,83.9,84.1,83.86,83.96,271
1785449100,83.94,84.17,83.94,84.12,321
1785449400,84.12,84.3,84.12,84.18,383
1785449700,84.18,84.26,84.16,84.19,177
1785450000,84.2,84.31,84.2,84.2,162
1785450300,84.2,84.22,84.15,84.16,132
1785450600,84.15,84.18,84.1,84.11,173
1785450900,84.13,84.14,84.07,84.09,90
1785451200,84.09,84.1,84.02,84.05,116
1785451500,84.05,84.08,84,84,106
1785451800,84.01,84.04,83.93,84.02,282
1785452100,84.02,84.09,84.01,84.07,109
1785452400,84.06,84.06,83.94,83.96,83
1785452700,83.96,83.99,83.93,83.96,77
1785453000,83.95,83.95,83.92,83.94,38
1785453300,83.94,84.1,83.94,84.07,102
1785453600,84.07,84.08,84.02,84.06,88
1785453900,84.06,84.1,84.02,84.07,99
1785454200,84.07,84.11,84.05,84.11,92
1785454500,84.1,84.1,83.98,84.03,91
1785454800,84.04,84.1,84.04,84.1,91
1785455100,84.09,84.14,84.02,84.03,187
1785455400,84.02,84.04,83.98,84.01,70
1785455700,84,84.08,83.98,84.07,75
1785456000,84.07,84.11,83.95,84.1,249
1785456300,84.12,84.15,83.99,84.07,168
1785456600,84.06,84.2,84.06,84.14,191
1785456900,84.14,84.14,83.93,84.03,179
1785457200,84.03,84.09,84.02,84.06,234
1785457500,84.07,84.14,84.03,84.13,254
1785457800,84.12,84.15,84,84.13,292
1785458100,84.14,84.15,84.04,84.06,163
1785458400,84.04,84.06,83.73,83.74,666
1785458700,83.72,83.89,83.69,83.88,406
1785459000,83.89,83.89,83.7,83.76,230
1785459300,83.74,83.79,83.54,83.56,404
1785459600,83.53,83.53,82.09,82.65,3129
1785459900,82.63,82.79,82.3,82.64,1737
1785460200,82.62,82.99,82.5,82.98,1158
1785460500,82.98,82.99,82.8,82.81,403
1785460800,82.79,82.98,82.78,82.91,579
1785461100,82.91,82.93,82.54,82.8,1093
1785461400,82.78,82.89,82.54,82.54,841
1785461700,82.55,82.57,82.27,82.39,1118
1785462000,82.4,82.64,82.35,82.63,655
1785462300,82.61,82.84,82.61,82.71,585
1785462600,82.7,82.7,82.45,82.48,537
1785462900,82.49,82.51,82.39,82.48,355
1785463200,82.48,82.48,82.12,82.17,1177
1785463500,82.17,82.27,81.6,81.81,2426
1785463800,81.82,82.09,81.66,82.07,1294
1785464100,82.09,82.22,82.03,82.2,723
1785464400,82.19,82.35,82.15,82.2,737
1785464700,82.21,82.32,82.11,82.17,456
1785465000,82.17,82.34,82.14,82.32,600
1785465300,82.32,82.34,82.1,82.15,368
1785465600,82.16,82.19,82.03,82.15,343
1785465900,82.14,82.24,82.05,82.15,273
1785466200,82.14,82.27,82.12,82.27,254
1785466500,82.27,82.47,82.26,82.28,594
1785466800,82.28,82.38,82.22,82.27,439
1785467100,82.28,82.28,82.08,82.11,289
1785467400,82.11,82.26,82.07,82.22,182
1785467700,82.22,82.32,82.09,82.15,289
1785468000,82.14,82.29,82.14,82.23,146
1785468300,82.23,82.29,82.18,82.21,166
1785468600,82.2,82.35,82.13,82.21,192
1785468900,82.16,82.36,82.15,82.34,241
1785469200,82.32,82.36,82.23,82.34,165
1785469500,82.35,82.5,82.25,82.46,307
1785469800,82.48,82.48,82.37,82.37,148
1785470100,82.36,82.37,82.3,82.34,155
1785470400,82.34,82.4,82.27,82.29,206
1785470700,82.28,82.36,81.97,82.08,511
1785471000,82.07,82.23,82.05,82.13,435
1785471300,82.15,82.22,82.14,82.17,161
1785471600,82.18,82.22,82.11,82.14,208
1785471900,82.13,82.18,82.09,82.14,91
1785472200,82.14,82.17,82.07,82.08,165
1785472500,82.09,82.14,82.07,82.08,84
1785472800,82.08,82.08,81.96,81.98,213
1785473100,81.98,82.02,81.87,81.99,448
1785473400,82.02,82.03,81.74,81.82,359
1785473700,81.84,81.88,81.63,81.66,689
1785474000,81.65,81.84,81.57,81.73,747
1785474300,81.71,81.93,81.66,81.88,486
1785474600,81.86,81.99,81.78,81.9,302
1785474900,81.92,81.94,81.81,81.82,178
1785475200,81.82,81.84,81.57,81.66,412
1785475500,81.66,81.67,81.54,81.65,552
1785475800,81.64,81.64,81.08,81.46,2029
1785476100,81.49,81.59,81.21,81.24,613
1785476400,81.26,81.53,81.22,81.45,501
1785476700,81.47,81.5,81.37,81.45,310
1785477000,81.44,81.69,81.43,81.69,436
1785477300,81.66,81.69,81.54,81.68,443
1785477600,81.69,81.83,81.61,81.76,584
1785477900,81.75,82,81.72,81.98,798
1785478200,81.98,81.98,81.76,81.84,436
1785478500,81.84,81.99,81.8,81.93,352
1785478800,81.96,82.24,81.96,82.19,789
1785479100,82.19,82.21,82,82.01,402
1785479400,82.02,82.12,81.81,81.85,491
1785479700,81.85,81.94,81.79,81.93,250
1785480000,81.92,82.05,81.87,82.05,419
1785480300,82.02,82.12,81.94,82.01,318
1785480600,81.97,82.12,81.96,82.09,244
1785480900,82.1,82.11,81.95,82.02,274
1785481200,82.01,82.45,81.99,82.31,1022
1785481500,82.32,82.37,82.18,82.28,337
1785481800,82.27,82.31,82.19,82.21,287
1785482100,82.23,82.48,82.22,82.38,342
1785482400,82.39,82.5,82.35,82.47,282
1785482700,82.45,82.63,82.38,82.57,533
1785483000,82.54,82.65,82.35,82.63,612
1785483300,82.6,82.69,82.46,82.52,297
1785483600,82.5,82.63,82.32,82.58,492
1785483900,82.56,82.57,82.42,82.47,285
1785484200,82.44,82.51,82.14,82.2,602
1785484500,82.22,82.27,82.05,82.17,663
1785484800,82.17,82.33,82.01,82.05,535
1785485100,82.08,82.2,82.02,82.13,388
1785485400,82.14,82.32,82.08,82.11,436
1785485700,82.12,82.12,81.92,81.96,690
1785486000,81.96,82.29,81.93,82.29,596
1785486300,82.29,82.76,82.21,82.74,1149
1785486600,82.75,82.89,82.62,82.62,1042
1785486900,82.64,82.64,82.44,82.55,484
1785487200,82.6,82.6,82.38,82.45,373
1785487500,82.41,82.56,82.26,82.27,440
1785487800,82.27,82.59,82.23,82.44,465
1785488100,82.46,82.58,82.24,82.58,424
1785488400,82.58,82.82,82.54,82.8,700
1785488700,82.8,82.97,82.78,82.86,627
1785489000,82.88,83.12,82.81,83.08,850
1785489300,83.09,83.18,82.94,83.07,731
1785489600,83.08,83.24,83.02,83.06,523
1785489900,83.06,83.09,82.78,82.88,887
1785490200,82.9,83.46,82.85,83.39,1108
1785490500,83.4,83.54,83.33,83.35,799
1785490800,83.37,83.54,83.3,83.54,495
1785491100,83.54,83.7,83.48,83.61,845
1785491400,83.62,83.69,83.56,83.65,298
1785491700,83.67,83.79,83.64,83.71,566
1785492000,83.73,84.03,83.72,83.97,1314
1785492300,83.97,84.02,83.86,83.95,569
1785492600,83.96,84.06,83.9,84.06,458
1785492900,84.06,84.12,83.96,84.05,480
1785493200,84.03,84.03,83.81,84,822
1785493500,84,84.19,83.95,84.1,581
1785493800,84.13,84.22,83.97,84.15,486
1785494100,84.19,84.39,84.08,84.22,996
1785494400,84.21,84.31,84.16,84.17,355
1785494700,84.16,84.27,84.07,84.25,397
1785495000,84.25,84.25,84.07,84.13,319
1785495300,84.14,84.49,84.14,84.28,832
1785495600,84.29,84.46,84.22,84.31,507
1785495900,84.3,84.49,84.18,84.25,445
1785496200,84.25,84.27,84.08,84.19,467
1785496500,84.18,84.84,84.1,84.68,2498
1785496800,84.67,84.92,84.63,84.73,1081
1785497100,84.72,84.88,84.62,84.78,766
1785497400,84.79,85.03,84.62,85.03,863
1785497700,85.02,85.06,84.77,84.93,780
1785498000,84.92,85.09,84.84,85.01,580
1785498300,85,85.04,84.79,84.81,573
1785498600,84.83,84.98,84.78,84.84,426
1785498900,84.84,84.94,84.8,84.86,336
1785499200,84.87,85.36,84.86,85.35,1320
1785499500,85.33,85.45,85.21,85.39,1120
1785499800,85.4,85.5,85.21,85.25,936
1785500100,85.27,85.38,85.18,85.18,661
1785500400,85.18,85.32,85.15,85.3,424
1785500700,85.28,85.36,85.16,85.22,398
1785501000,85.23,85.3,85.04,85.2,1164
1785501300,85.19,85.24,85,85.12,737
1785501600,85.1,85.26,84.92,85.23,818
1785501900,85.22,85.56,85.19,85.43,1338
1785502200,85.45,85.64,85.37,85.49,941
1785502500,85.46,86.44,85.45,85.88,2986
1785502800,85.89,85.98,85.27,85.41,2289
1785503100,85.4,85.64,85.38,85.53,1079
1785503400,85.5,85.8,85.33,85.65,1173
1785503700,85.67,85.75,85.52,85.54,613
1785504000,85.56,85.73,85.5,85.7,607
1785504300,85.7,85.78,85.33,85.48,1157
1785504600,85.5,85.82,85.35,85.39,1557
1785504900,85.4,85.61,85.37,85.61,610
1785505200,85.59,85.92,85.53,85.57,1280
1785505500,85.58,85.77,85.52,85.61,701
1785505800,85.62,85.72,85.38,85.46,746
1785506100,85.44,85.57,85.29,85.52,1135
1785506400,85.5,85.57,85.23,85.33,1268
1785506700,85.35,85.37,84.78,84.9,2122
1785507000,84.9,85.25,84.78,85.1,1606
1785507300,85.14,85.32,85.07,85.08,1042
1785507600,85.1,85.21,84.99,85.06,751
1785507900,85.07,85.25,85.02,85.24,531
1785508200,85.23,85.42,85.19,85.39,789
1785508500,85.39,85.56,85.32,85.52,800
1785508800,85.53,85.55,85.41,85.48,549
1785509100,85.48,85.84,85.48,85.81,993
1785509400,85.8,85.93,85.62,85.69,1085
1785509700,85.69,85.81,85.64,85.78,735
1785510000,85.78,85.92,85.74,85.87,958
1785510300,85.88,86,85.76,85.92,1016
1785510600,85.93,85.98,85.82,85.91,484
1785510900,85.9,85.98,85.65,85.73,1336
1785511200,85.74,85.85,85.6,85.79,1054
1785511500,85.78,85.8,85.37,85.52,1383
1785511800,85.53,85.59,85.02,85.06,1746
1785512100,85.07,85.28,85.04,85.23,914
1785512400,85.21,85.23,84.86,84.95,1233
1785512700,84.98,84.98,84.4,84.53,2509
1785513000,84.52,84.54,83.99,84.09,2999
1785513300,84.09,84.3,84.03,84.07,1123
1785513600,84.07,84.34,84.06,84.3,1119
1785513900,84.32,84.56,84.31,84.42,930
1785514200,84.43,84.63,84.25,84.53,1626
1785514500,84.55,84.79,84.54,84.67,1064
1785514800,84.67,84.71,84.43,84.47,707
1785515100,84.46,84.66,84.44,84.51,519
1785515400,84.52,84.73,84.52,84.6,567
1785515700,84.59,84.68,84.54,84.58,287
1785516000,84.58,84.84,84.54,84.78,665
1785516300,84.77,84.79,84.67,84.68,600
1785516600,84.69,84.77,84.57,84.75,416
1785516900,84.74,84.82,84.67,84.71,405
1785517200,84.73,84.9,84.69,84.84,596
1785517500,84.82,84.83,84.52,84.82,700
1785517800,84.84,85.1,84.82,85.01,970
1785518100,85,85.03,84.76,84.8,669
1785518400,84.8,84.9,84.72,84.79,657
1785518700,84.79,84.93,84.7,84.79,609
1785519000,84.79,84.96,84.78,84.84,465
1785519300,84.83,84.85,84.65,84.66,661
1785519600,84.67,85.1,84.62,85.02,1081
1785519900,85.02,85.08,84.91,85.05,574
1785520200,85.06,85.07,84.77,84.89,668
1785520500,84.9,84.95,84.69,84.69,495
1785520800,84.68,84.75,84.55,84.71,702
1785521100,84.7,85.04,84.7,84.78,1224
1785521400,84.77,84.79,84.68,84.75,492
1785521700,84.75,85.01,84.75,84.98,714
1785522000,84.99,85.15,84.76,84.78,828
1785522300,84.78,84.88,84.5,84.56,1538
1785522600,84.57,84.67,84.44,84.61,789
1785522900,84.6,84.67,84.52,84.56,401
1785523200,84.57,84.72,84.49,84.69,751
1785523500,84.7,84.75,84.61,84.63,235
1785523800,84.63,84.67,84.53,84.56,204
1785524100,84.56,84.63,84.53,84.6,464
1785524400,84.6,84.73,84.54,84.64,232
1785524700,84.64,84.73,84.6,84.68,168
1785525000,84.65,84.71,84.61,84.65,155
1785525300,84.65,84.78,84.64,84.78,297
1785525600,84.79,84.94,84.78,84.94,617
1785525900,84.93,84.96,84.79,84.79,310
1785526200,84.8,84.89,84.78,84.85,204
1785526500,84.85,84.87,84.71,84.8,264
1785526800,84.79,84.81,84.72,84.78,229
1785527100,84.78,84.86,84.72,84.75,293
1785527400,84.77,84.85,84.74,84.78,212
1785527700,84.78,84.84,84.73,84.76,200
1785528000,84.75,84.8,84.67,84.68,178
1785528300,84.69,84.69,84.52,84.55,367
1785528600,84.54,84.6,84.51,84.56,208
1785528900,84.56,84.65,84.54,84.6,216
1785529200,84.59,84.62,84.46,84.49,344
1785529500,84.5,84.62,84.48,84.61,230
1785529800,84.63,84.8,84.49,84.5,670
1785530100,84.49,84.59,84.47,84.52,215
1785530400,84.53,84.69,84.52,84.59,235
1785530700,84.6,84.63,84.52,84.55,287
1785531000,84.55,86.04,84.52,85.97,2527
1785531300,85.98,86.91,85.85,86.85,2821
1785708000,80.07,80.25,78.5,79.61,7156
1785708300,79.61,80.11,79.52,80.04,2082
1785708600,80.02,80.11,79.83,79.9,1306
1785708900,79.92,80.93,79.88,80.78,2863
1785709200,80.78,80.79,80.34,80.61,1494
1785709500,80.59,81.05,80.58,80.65,2021
1785709800,80.65,80.79,80.54,80.74,851
1785710100,80.75,80.86,80.69,80.73,353
1785710400,80.73,80.91,80.68,80.85,485
1785710700,80.83,81.24,80.8,81.24,889
1785711000,81.21,81.33,81.03,81.12,825
1785711300,81.12,81.3,81.1,81.25,516
1785711600,81.23,81.3,81.2,81.23,461
1785711900,81.19,81.2,80.94,80.95,871
1785712200,80.95,81.11,80.86,81.11,862
1785712500,81.08,81.09,80.9,80.94,250
1785712800,80.92,80.97,80.75,80.9,569
1785713100,80.89,80.93,80.77,80.84,345
1785713400,80.84,80.87,80.67,80.7,449
1785713700,80.7,80.78,80.6,80.72,533
1785714000,80.71,80.8,80.6,80.62,434
1785714300,80.61,80.67,80.41,80.66,1072
1785714600,80.64,80.8,80.64,80.76,345
1785714900,80.73,80.83,80.66,80.72,384
1785715200,80.71,81.01,80.7,80.75,918
1785715500,80.76,80.84,80.61,80.66,439
1785715800,80.67,80.82,80.64,80.7,275
1785716100,80.7,80.7,80.52,80.61,359
1785716400,80.59,80.7,80.46,80.5,339
1785716700,80.51,80.58,80.43,80.48,400
1785717000,80.46,80.56,80.3,80.44,655
1785717300,80.45,80.53,80.43,80.47,202
1785717600,80.45,80.61,80.45,80.53,253
1785717900,80.51,80.69,80.5,80.55,340
1785718200,80.53,80.77,80.53,80.76,398
1785718500,80.76,80.76,80.62,80.62,289
1785718800,80.63,80.8,80.38,80.55,1956
1785719100,80.51,80.7,80.46,80.7,356
1785719400,80.68,80.74,80.52,80.63,235
1785719700,80.68,80.7,80.5,80.61,268
1785720000,80.59,80.73,80.56,80.7,283
1785720300,80.69,80.69,80.38,80.41,452
1785720600,80.4,80.41,80.27,80.34,495
1785720900,80.33,80.57,80.31,80.53,441
1785721200,80.55,80.6,80.17,80.18,820
1785721500,80.18,80.28,80.08,80.2,721
1785721800,80.2,80.2,80.03,80.11,543
1785722100,80.1,80.14,80.02,80.11,416
1785722400,80.11,80.14,79.9,80.06,842
1785722700,80.09,80.18,80,80.18,472
1785723000,80.18,80.23,80.15,80.19,319
1785723300,80.17,80.29,80.15,80.25,263
1785723600,80.24,80.27,80.12,80.13,215
1785723900,80.15,80.26,80.07,80.13,200
1785724200,80.14,80.38,80.06,80.14,617
1785724500,80.12,80.26,80.04,80.22,446
1785724800,80.23,80.31,80.21,80.26,265
1785725100,80.25,80.26,80.08,80.15,210
1785725400,80.17,80.21,79.83,79.94,856
1785725700,79.92,79.93,79.57,79.71,1567
1785726000,79.7,79.89,79.64,79.8,649
1785726300,79.79,79.92,79.76,79.9,344
1785726600,79.89,79.97,79.86,79.87,338
1785726900,79.86,79.9,79.69,79.71,368
1785727200,79.7,79.93,79.65,79.9,456
1785727500,79.9,79.95,79.85,79.9,261
1785727800,79.89,80.09,79.89,79.97,540
1785728100,79.98,80.05,79.95,80.02,257
1785728400,80.02,80.15,79.98,80.12,298
1785728700,80.13,80.16,79.96,79.97,269
1785729000,79.98,79.98,79.81,79.84,381
1785729300,79.83,79.87,79.73,79.75,210
1785729600,79.73,79.8,79.68,79.77,373
1785729900,79.76,79.83,79.7,79.8,218
1785730200,79.79,79.84,79.78,79.81,179
1785730500,79.79,79.8,79.71,79.74,296
1785730800,79.74,79.78,79.64,79.67,237
1785731100,79.68,79.7,79.58,79.67,240
1785731400,79.66,79.82,79.66,79.8,238
1785731700,79.76,79.81,79.7,79.72,120
1785732000,79.72,79.83,79.71,79.79,169
1785732300,79.79,79.79,79.59,79.61,236
1785732600,79.6,79.65,79.5,79.56,367
1785732900,79.56,79.64,79.51,79.52,352
1785733200,79.52,79.61,79.39,79.56,504
1785733500,79.55,79.6,79.41,79.58,351
1785733800,79.57,79.57,79.41,79.48,234
1785734100,79.46,79.55,79.46,79.53,157
1785734400,79.51,79.52,79.41,79.45,177
1785734700,79.46,79.5,79.35,79.48,244
1785735000,79.45,79.55,79.38,79.42,276
1785735300,79.46,79.58,79.42,79.52,292
1785735600,79.53,79.65,79.5,79.63,309
1785735900,79.65,79.81,79.64,79.8,398
1785736200,79.81,79.89,79.72,79.84,381
1785736500,79.84,79.85,79.63,79.66,283
1785736800,79.65,79.72,79.54,79.65,354
1785737100,79.65,79.65,79.51,79.55,309
1785737400,79.54,79.55,79.31,79.35,544
1785737700,79.37,79.47,79.32,79.45,409
1785738000,79.46,79.53,79.41,79.46,316
1785738300,79.44,79.47,79.21,79.26,635
1785738600,79.25,79.38,79.17,79.26,462
1785738900,79.29,79.35,79.26,79.26,215
1785739200,79.26,79.31,78.95,79.06,1088
1785739500,79.07,79.16,78.96,79.08,500
1785739800,79.08,79.15,78.94,78.96,551
1785740100,78.98,79.14,78.88,79.1,569
1785740400,79.1,79.55,79.07,79.45,1003
1785740700,79.45,79.53,79.32,79.47,495
1785741000,79.47,79.65,79.42,79.62,470
1785741300,79.61,80.43,79.56,80.2,3220
1785741600,80.17,80.33,79.6,79.7,1551
1785741900,79.72,79.86,79.6,79.73,678
1785742200,79.75,79.81,79.53,79.76,1126
1785742500,79.77,80.06,79.74,80,897
1785742800,80.01,80.01,79.7,79.91,496
1785743100,79.88,79.94,79.59,79.61,479
1785743400,79.6,79.62,79.34,79.46,642
1785743700,79.46,79.71,79.43,79.71,488
1785744000,79.68,79.8,79.57,79.75,514
1785744300,79.76,79.93,79.64,79.91,508
1785744600,79.88,79.92,79.64,79.68,355
1785744900,79.67,80.06,79.66,79.96,594
1785745200,79.96,80.05,79.81,79.9,497
1785745500,79.87,80.06,79.78,79.79,613
1785745800,79.78,80.17,79.72,79.95,791
1785746100,79.95,80.31,79.85,80.17,638
1785746400,80.17,80.46,80.03,80.33,916
1785746700,80.35,80.65,80.3,80.53,983
1785747000,80.55,80.66,80.4,80.4,535
1785747300,80.41,80.45,80.15,80.28,660
1785747600,80.27,80.33,80.07,80.27,590
1785747900,80.28,80.28,80.12,80.12,350
1785748200,80.11,80.11,79.73,79.84,903
1785748500,79.83,79.97,79.79,79.79,379
1785748800,79.78,79.83,79.67,79.8,388
1785749100,79.78,79.87,79.72,79.82,397
1785749400,79.82,79.82,79.55,79.65,523
1785749700,79.66,79.8,79.47,79.8,469
1785750000,79.79,80.08,79.78,79.9,815
1785750300,79.9,79.93,79.7,79.72,477
1785750600,79.7,79.87,79.67,79.85,492
1785750900,79.83,80.05,79.73,80.03,520
1785751200,80.04,80.04,79.73,79.82,547
1785751500,79.8,79.92,79.71,79.73,250
1785751800,79.72,79.75,79.56,79.66,419
1785752100,79.64,79.71,79.51,79.7,700
1785752400,79.68,79.82,79.57,79.7,713
1785752700,79.68,79.79,79.65,79.71,191
1785753000,79.74,79.76,79.56,79.56,259
1785753300,79.55,79.62,79.41,79.46,535
1785753600,79.47,79.56,79.31,79.52,475
1785753900,79.52,79.52,79.36,79.48,278
1785754200,79.46,79.68,79.41,79.64,311
1785754500,79.64,79.66,79.47,79.49,252
1785754800,79.5,79.59,79.42,79.52,375
1785755100,79.5,79.54,79.35,79.48,352
1785755400,79.49,79.61,79.37,79.6,242
1785755700,79.6,79.78,79.55,79.55,558
1785756000,79.56,79.76,79.56,79.7,280
1785756300,79.69,79.9,79.62,79.85,470
1785756600,79.82,79.87,79.72,79.82,273
1785756900,79.82,79.88,79.68,79.73,333
1785757200,79.72,79.72,79.45,79.53,540
1785757500,79.54,79.65,79.26,79.29,618
1785757800,79.3,79.4,79.19,79.28,853
1785758100,79.27,79.34,79.01,79.05,844
1785758400,79.06,79.18,78.98,78.99,1384
1785758700,79,79.09,78.9,79.03,1047
1785759000,79.03,79.08,78.93,78.98,815
1785759300,78.96,79.03,78.8,78.85,1112
1785759600,78.85,79.17,78.83,79.15,974
1785759900,79.13,79.21,79.02,79.15,600
1785760200,79.13,79.14,78.85,78.97,1052
1785760500,78.97,79.09,78.88,78.96,679
1785760800,78.96,79.03,78.88,78.93,448
1785761100,78.9,79.34,78.83,79.34,1276
1785761400,79.34,79.39,79.2,79.22,859
1785761700,79.22,79.22,78.88,79.01,1484
1785762000,79.01,79.07,78.61,78.9,2546
1785762300,78.91,79.04,78.67,78.82,1087
1785762600,78.83,79.37,78.8,79.35,2053
1785762900,79.34,79.35,79.01,79.15,1924
1785763200,79.17,79.34,79.1,79.31,1402
1785763500,79.34,79.41,79.24,79.3,1341
1785763800,79.31,79.38,78.52,78.61,2931
1785764100,78.62,78.8,78.57,78.64,1490
1785764400,78.63,78.75,78.44,78.74,1911
1785764700,78.71,78.76,78.47,78.56,947
1785765000,78.55,78.92,78.52,78.86,867
1785765300,78.84,79.2,78.78,79.12,2159
1785765600,79.13,79.33,79.11,79.24,1734
1785765900,79.23,79.38,79.18,79.35,786
1785766200,79.36,79.48,79.2,79.25,1001
1785766500,79.25,79.43,79.14,79.33,948
1785766800,79.34,79.34,79.02,79.23,819
1785767100,79.22,79.27,79.11,79.23,482
1785767400,79.24,79.67,79.24,79.43,1645
1785767700,79.43,79.53,79.27,79.45,824
1785768000,79.45,79.49,79.28,79.43,480
1785768300,79.43,79.48,79.29,79.39,500
1785768600,79.38,79.57,79.26,79.52,1235
1785768900,79.5,79.68,79.46,79.66,749
1785769200,79.67,79.89,79.66,79.78,1363
1785769500,79.77,79.8,79.4,79.41,1124
1785769800,79.43,79.56,79.41,79.55,412
1785770100,79.53,79.53,79.42,79.43,356
1785770400,79.43,79.65,79.42,79.64,580
1785770700,79.62,80.17,79.55,79.99,3395
1785771000,80,80,79.67,79.71,1346
1785771300,79.72,79.72,79.39,79.61,1117
1785771600,79.61,79.8,79.59,79.77,629
1785771900,79.77,79.86,79.55,79.58,670
1785772200,79.58,79.73,79.52,79.64,552
1785772500,79.68,79.79,79.64,79.64,466
1785772800,79.63,79.68,79.4,79.67,814
1785773100,79.66,79.8,79.54,79.63,598
1785773400,79.64,79.8,79.64,79.72,421
1785773700,79.71,79.74,79.62,79.62,309
1785774000,79.64,79.64,79.45,79.47,482
1785774300,79.49,79.69,79.26,79.45,1517
1785774600,79.49,79.72,79.41,79.61,955
1785774900,79.61,79.9,79.58,79.82,827
1785775200,79.81,79.86,79.71,79.73,410
1785775500,79.72,79.81,79.66,79.74,314
1785775800,79.73,79.74,79.48,79.52,536
1785776100,79.53,79.6,79.41,79.57,484
1785776400,79.59,80.01,79.57,79.93,1209
1785776700,79.95,80.06,79.91,80,725
1785777000,80,80.21,80,80.16,1208
1785777300,80.13,80.15,79.97,80.01,652
1785777600,80.01,80.1,79.96,80,430
1785777900,80,80.05,79.81,80,657
1785778200,80,80.09,79.89,80.07,455
1785778500,80.04,80.1,79.99,80.06,255
1785778800,80.04,80.08,79.86,79.87,304
1785779100,79.87,80.06,79.85,79.97,352
1785779400,79.98,80.31,79.94,80.27,766
1785779700,80.26,80.27,79.97,80.03,963
1785780000,80,80.03,79.53,79.56,2248
1785780300,79.56,79.79,79.46,79.62,1089
1785780600,79.62,79.89,79.47,79.67,966
1785780900,79.68,79.93,79.66,79.9,439
1785781200,79.91,80.26,79.86,80.16,1391
1785781500,80.18,80.41,80.14,80.33,2445
1785781800,80.35,80.47,80.15,80.37,1121
1785782100,80.38,80.49,80.3,80.34,398
1785782400,80.32,80.44,80.21,80.42,461
1785782700,80.41,80.57,80.41,80.44,670
1785783000,80.45,80.65,80.41,80.49,693
1785783300,80.5,80.52,80.34,80.38,446
1785783600,80.38,80.39,80.24,80.33,425
1785783900,80.32,80.59,80.29,80.43,582
1785784200,80.44,80.56,80.43,80.47,399
1785784500,80.48,80.48,80.2,80.33,556
1785784800,80.32,80.42,80.24,80.39,276
1785785100,80.39,80.47,80.35,80.47,161
1785785400,80.46,80.5,80.29,80.32,339
1785785700,80.31,80.32,80.21,80.28,454
1785786000,80.29,80.29,80.2,80.25,259
1785786300,80.28,80.35,80.24,80.32,187
1785786600,80.3,80.35,80.12,80.16,346
1785786900,80.14,80.25,80.11,80.16,397
1785787200,80.14,80.24,80.08,80.18,387
1785787500,80.18,80.19,80.05,80.18,239
1785787800,80.18,80.23,80.11,80.18,228
1785788100,80.18,80.22,80.12,80.2,106
1785788400,80.2,80.2,80.1,80.1,79
1785788700,80.12,80.16,80.05,80.09,256
1785789000,80.09,80.09,79.84,79.96,484
1785789300,79.96,80.02,79.91,79.99,209
1785789600,79.99,80.02,79.92,79.95,188
1785789900,79.96,80.06,79.94,80.05,225
1785790200,80.06,80.09,79.86,80.05,334
1785790500,80.04,80.07,79.98,80.07,349
1785794400,80.07,80.23,79.97,80.04,314
1785794700,80.04,80.06,79.97,80.02,109
1785795000,80.03,80.04,79.95,79.96,158
1785795300,79.98,80.04,79.95,79.98,75
1785795600,79.99,79.99,79.96,79.99,49
1785795900,79.97,80.01,79.97,79.98,71
1785796200,79.98,80.08,79.98,80.05,151
1785796500,80.06,80.07,80.01,80.06,97
1785796800,80.04,80.04,79.91,79.94,152
1785797100,79.94,79.99,79.64,79.71,419
1785797400,79.72,80,79.64,79.97,505
1785797700,79.94,80.16,79.94,80.1,357
1785798000,80.09,80.18,80.05,80.16,247
1785798300,80.14,80.31,80.1,80.23,396
1785798600,80.22,80.26,80.13,80.19,139
1785798900,80.19,80.19,79.99,80.01,321
1785799200,80.01,80.02,79.87,79.91,262
1785799500,79.93,79.98,79.81,79.87,363
1785799800,79.86,79.98,79.84,79.88,218
1785800100,79.89,80.03,79.87,79.98,125
1785800400,79.99,80.1,79.92,80.03,218
1785800700,80.04,80.28,80.03,80.27,518
1785801000,80.27,80.33,80.23,80.26,359
1785801300,80.26,80.35,80.19,80.26,250
1785801600,80.23,80.5,80.23,80.45,704
1785801900,80.43,80.72,80.42,80.53,866
1785802200,80.52,80.67,80.48,80.63,475
1785802500,80.62,80.85,80.58,80.83,683
1785802800,80.83,80.85,80.63,80.64,471
1785803100,80.65,80.68,80.51,80.63,272
1785803400,80.64,80.78,80.6,80.74,312
1785803700,80.74,80.76,80.62,80.71,226
1785804000,80.71,80.85,80.65,80.72,409
1785804300,80.72,80.76,80.67,80.75,252
1785804600,80.74,80.95,80.71,80.89,421
1785804900,80.86,81.18,80.85,81,1131
1785805200,81.03,81.21,80.85,80.91,786
1785805500,80.89,81.09,80.81,80.85,503
1785805800,80.85,80.89,80.75,80.76,370
1785806100,80.77,80.85,80.71,80.75,330
1785806400,80.75,80.8,80.65,80.78,451
1785806700,80.79,80.88,80.77,80.85,284
1785807000,80.86,80.94,80.73,80.8,449
1785807300,80.79,81.05,80.77,81.03,400
1785807600,81.01,81.04,80.89,80.98,397
1785807900,80.99,81.05,80.96,81,520
1785808200,80.99,81.04,80.93,81.01,289
1785808500,81.01,81.09,80.95,80.98,423
1785808800,80.99,80.99,80.82,80.83,489
1785809100,80.83,81.06,80.76,81.01,569
1785809400,81,81.07,80.97,81.03,429
1785809700,81.04,81.04,80.87,80.95,310
1785810000,80.95,81.07,80.94,81.01,271
1785810300,81.04,81.08,80.97,81.05,219
1785810600,81.02,81.19,80.97,81.19,429
1785810900,81.2,81.26,81.04,81.08,489
1785811200,81.08,81.21,81.07,81.14,179
1785811500,81.12,81.17,81.08,81.11,271
1785811800,81.11,81.15,81.07,81.11,190
1785812100,81.11,81.19,81.08,81.17,205
1785812400,81.15,81.25,81.13,81.2,339
1785812700,81.21,81.27,81.1,81.27,335
1785813000,81.27,81.28,81.07,81.07,305
1785813300,81.06,81.15,81,81.1,258
1785813600,81.08,81.12,81.07,81.09,137
1785813900,81.08,81.09,80.94,80.95,250
1785814200,80.95,80.97,80.88,80.9,423
1785814500,80.9,81.09,80.9,81.09,196
1785814800,81.07,81.21,81.07,81.15,291
1785815100,81.14,81.19,81.06,81.09,162
1785815400,81.08,81.12,81.01,81.08,182
1785815700,81.07,81.24,81.06,81.18,252
1785816000,81.19,81.21,81.05,81.11,232
1785816300,81.12,81.23,81.11,81.16,246
1785816600,81.15,81.25,81.14,81.25,117
1785816900,81.25,81.26,81.16,81.19,228
1785817200,81.19,81.2,81.12,81.14,121
1785817500,81.14,81.14,81.05,81.08,142
1785817800,81.09,81.16,81.07,81.15,130
1785818100,81.17,81.19,81.14,81.15,60
1785818400,81.15,81.28,81.14,81.23,187
1785818700,81.25,81.29,81.2,81.22,192
1785819000,81.24,81.28,81.21,81.25,175
1785819300,81.25,81.29,81.21,81.22,115
1785819600,81.24,81.38,81.22,81.24,516
1785819900,81.22,81.27,81.17,81.25,123
1785820200,81.25,81.44,81.25,81.31,334
1785820500,81.3,81.36,81.26,81.28,236
1785820800,81.27,81.34,81.25,81.28,163
1785821100,81.29,81.37,81.28,81.35,135
1785821400,81.34,81.45,81.32,81.43,372
1785821700,81.44,81.45,81.23,81.28,416
1785822000,81.27,81.29,81.1,81.29,621
1785822300,81.3,81.39,81.21,81.21,257
1785822600,81.22,81.24,80.97,81.03,594
1785822900,81.03,81.04,80.88,80.9,598
1785823200,80.9,81.08,80.86,80.92,517
1785823500,80.91,80.95,80.81,80.88,379
1785823800,80.86,80.94,80.71,80.75,541
1785824100,80.74,80.97,80.74,80.97,406
1785824400,80.97,81.03,80.91,80.99,353
1785824700,81.01,81.04,80.75,80.82,395
1785825000,80.82,80.95,80.75,80.95,264
1785825300,80.93,80.99,80.87,80.9,268
1785825600,80.89,80.93,80.65,80.66,652
1785825900,80.66,80.82,80.62,80.68,705
1785826200,80.68,80.77,80.66,80.67,422
1785826500,80.69,80.7,80.41,80.45,1078
1785826800,80.43,80.56,80.22,80.4,1114
1785827100,80.4,80.53,80.35,80.48,464
1785827400,80.45,80.73,80.45,80.64,401
1785827700,80.64,80.7,80.46,80.5,416
1785828000,80.49,80.86,80.49,80.79,564
1785828300,80.8,81.03,80.77,80.96,689
1785828600,80.94,81.04,80.74,80.95,581
1785828900,80.9,80.95,80.8,80.85,209
1785829200,80.79,80.94,80.75,80.89,268
1785829500,80.93,80.96,80.79,80.79,217
1785829800,80.8,80.9,80.72,80.83,382
1785830100,80.82,80.84,80.67,80.73,355
1785830400,80.76,80.82,80.46,80.65,789
1785830700,80.65,80.97,80.57,80.88,536
1785831000,80.89,80.95,80.75,80.77,285
1785831300,80.79,80.91,80.73,80.73,277
1785831600,80.76,80.95,80.75,80.81,368
1785831900,80.8,80.93,80.75,80.78,487
1785832200,80.79,81.38,80.79,81.34,1749
1785832500,81.35,81.55,81.21,81.36,1452
1785832800,81.36,81.76,81.29,81.64,1212
1785833100,81.65,81.93,81.65,81.89,1279
1785833400,81.89,82.27,81.82,82.23,1352
1785833700,82.23,82.27,82.05,82.11,828
1785834000,82.12,82.18,82.02,82.08,574
1785834300,82.08,82.35,82.05,82.12,880
1785834600,82.12,82.24,82.1,82.23,446
1785834900,82.23,82.24,82.07,82.1,413
1785835200,82.08,82.3,82.06,82.18,558
1785835500,82.19,82.28,82.02,82.06,575
1785835800,82.07,82.18,81.87,81.9,663
1785836100,81.9,81.95,81.72,81.77,794
1785836400,81.77,82.08,81.68,82.06,651
1785836700,82.06,82.28,82.03,82.08,891
1785837000,82.11,82.33,82.11,82.25,534
1785837300,82.25,82.3,81.84,81.84,509
1785837600,81.83,81.9,81.66,81.75,713
1785837900,81.73,81.77,81.56,81.65,736
1785838200,81.65,81.88,81.48,81.86,742
1785838500,81.83,81.99,81.68,81.75,648
1785838800,81.78,81.92,81.66,81.87,439
1785839100,81.84,82.04,81.82,81.99,336
1785839400,81.98,81.98,81.71,81.82,347
1785839700,81.81,81.89,81.71,81.83,248
1785840000,81.83,81.9,81.27,81.52,878
1785840300,81.5,81.5,80.52,80.94,3942
1785840600,80.93,81.11,80.66,80.9,1795
1785840900,80.91,80.94,80.67,80.84,835
1785841200,80.85,80.98,80.52,80.63,1280
1785841500,80.63,80.89,80.31,80.36,1324
1785841800,80.35,80.42,80.06,80.25,1960
1785842100,80.24,80.28,79.83,79.88,1799
1785842400,79.9,80.1,79.77,80,1407
1785842700,80,80.01,79.62,79.65,1320
1785843000,79.63,79.95,79.62,79.88,984
1785843300,79.89,80,79.39,79.47,1787
1785843600,79.48,79.6,78.5,78.55,3996
1785843900,78.56,78.79,77.89,78.03,4812
1785844200,78.02,78.27,77.08,77.3,6426
1785844500,77.28,77.37,76.58,76.68,4467
1785844800,76.67,77.48,76.66,77.41,5064
1785845100,77.41,77.84,77.39,77.59,3629
1785845400,77.57,78.02,77.57,77.98,1842
1785845700,77.97,78.14,77.67,77.73,2692
1785846000,77.75,78.05,77.69,78,1342
1785846300,77.99,78.04,77.84,77.88,942
1785846600,77.88,77.97,77.7,77.7,1125
1785846900,77.72,77.94,77.67,77.84,1039
1785847200,77.83,78.13,77.8,77.93,925
1785847500,77.93,77.99,77.72,77.78,759
1785847800,77.77,77.77,77.39,77.44,1787
1785848100,77.44,77.54,77.23,77.5,1713
1785848400,77.51,77.81,77.4,77.73,2063
1785848700,77.72,77.82,77.49,77.61,1329
1785849000,77.6,77.88,77.49,77.49,1064
1785849300,77.5,77.69,77.48,77.56,803
1785849600,77.54,77.59,76.49,76.67,6778
1785849900,76.69,76.7,76.26,76.46,4389
1785850200,76.46,76.63,76.04,76.55,4211
1785850500,76.55,76.55,75.95,75.99,2811
1785850800,75.99,76.51,75.97,76.35,2545
1785851100,76.36,76.42,76.11,76.2,1554
1785851400,76.17,76.24,75.91,75.96,2019
1785851700,75.96,76.06,75.76,75.97,2186
1785852000,75.98,76.31,75.96,76.24,3113
1785852300,76.25,76.42,75.96,76.02,1401
1785852600,76,76.1,75.8,75.99,1838
1785852900,76,76.22,75.89,76.11,1220
1785853200,76.1,76.27,75.96,76.14,1020
1785853500,76.13,76.47,76.1,76.47,1219
1785853800,76.48,76.86,76.46,76.61,2633
1785854100,76.61,76.79,76.16,76.68,2129
1785854400,76.67,76.88,76.59,76.83,1277
1785854700,76.84,76.88,76.62,76.69,846
1785855000,76.71,76.91,76.57,76.9,1141
1785855300,76.88,77.01,76.8,76.89,1009
1785855600,76.9,77.05,76.83,76.97,1163
1785855900,76.96,77.05,76.83,76.86,1121
1785856200,76.86,76.96,76.7,76.87,1141
1785856500,76.85,76.85,76.57,76.6,1122
1785856800,76.62,76.7,76.46,76.51,1141
1785857100,76.52,76.66,76.29,76.32,1620
1785857400,76.32,76.41,75.95,76,2569
1785857700,75.98,76.07,75.19,75.61,4505
1785858000,75.63,75.66,75.34,75.37,2540
1785858300,75.37,75.81,75.28,75.81,1811
1785858600,75.81,75.86,75.59,75.6,1102
1785858900,75.6,75.73,75.51,75.73,646
1785859200,75.75,75.98,75.71,75.96,1018
1785859500,75.95,76.08,75.9,75.93,1012
1785859800,75.93,76.21,75.93,76.18,839
1785860100,76.19,76.27,76.1,76.13,791
1785860400,76.09,76.1,75.83,75.96,1045
1785860700,75.95,76.02,75.91,76.01,453
1785861000,76.03,76.22,76.01,76.18,639
1785861300,76.2,76.29,76.08,76.12,730
1785861600,76.13,76.22,76.06,76.09,554
1785861900,76.09,76.28,76.03,76.26,452
1785862200,76.27,76.32,76.12,76.17,404
1785862500,76.17,76.22,76.01,76.22,587
1785862800,76.22,76.27,75.97,76.03,645
1785863100,76.04,76.07,75.95,76.02,378
1785863400,76.02,76.03,75.58,75.6,1623
1785863700,75.61,75.98,75.59,75.94,885
1785864000,75.94,76,75.81,75.87,598
1785864300,75.89,75.95,75.86,75.93,365
1785864600,75.94,76.01,75.69,75.69,562
1785864900,75.67,75.77,75.59,75.65,753
1785865200,75.65,75.7,75.57,75.63,453
1785865500,75.63,75.79,75.62,75.71,464
1785865800,75.72,75.92,75.67,75.8,580
1785866100,75.78,75.87,75.66,75.87,451
1785866400,75.89,75.98,75.83,75.9,658
1785866700,75.88,75.95,75.68,75.8,821
1785867000,75.79,75.98,75.7,75.71,589
1785867300,75.73,75.84,75.54,75.68,598
1785867600,75.66,75.77,75.55,75.66,766
1785867900,75.7,75.85,75.63,75.73,904
1785868200,75.73,75.86,75.63,75.82,445
1785868500,75.82,75.9,75.77,75.89,346
1785868800,75.91,75.92,75.81,75.81,205
1785869100,75.82,75.88,75.76,75.82,170
1785869400,75.8,75.84,75.74,75.79,174
1785869700,75.8,75.84,75.78,75.81,221
1785870000,75.8,75.86,75.68,75.82,439
1785870300,75.82,75.88,75.79,75.81,262
1785870600,75.82,75.87,75.79,75.81,148
1785870900,75.81,75.88,75.81,75.86,262
1785871200,75.86,75.9,75.78,75.81,190
1785871500,75.8,75.83,75.73,75.73,190
1785871800,75.73,75.77,75.7,75.73,186
1785872100,75.74,75.75,75.66,75.75,279
1785872400,75.74,75.8,75.68,75.8,245
1785872700,75.81,75.94,75.79,75.88,455
1785873000,75.88,76.03,75.85,75.9,408
1785873300,75.87,75.92,75.72,75.78,463
1785873600,75.77,75.83,75.61,75.64,531
1785873900,75.65,75.75,75.62,75.63,380
1785874200,75.62,75.62,75.22,75.37,1423
1785874500,75.38,75.38,75.17,75.38,663
1785874800,75.36,75.42,75.28,75.32,347
1785875100,75.32,75.42,75.22,75.41,403
1785875400,75.41,75.64,75.31,75.33,953
1785875700,75.33,75.47,75.24,75.42,303
1785876000,75.41,75.41,75.21,75.26,372
1785876300,75.26,75.42,75.24,75.38,325
1785876600,75.38,75.43,75.31,75.35,175
1785876900,75.34,75.39,75.06,75.13,782
1785880800,75.15,75.42,75.14,75.29,437
1785881100,75.31,75.31,75.24,75.25,116
1785881400,75.25,75.37,75.24,75.34,94
1785881700,75.33,75.34,75.27,75.34,92
1785882000,75.34,75.38,75.31,75.36,74
1785882300,75.37,75.42,75.29,75.31,108
1785882600,75.31,75.33,75.25,75.28,107
1785882900,75.28,75.28,75.15,75.23,198
1785883200,75.23,75.26,75.17,75.21,173
1785883500,75.24,75.36,75.22,75.33,100
1785883800,75.33,75.41,75.3,75.41,110
1785884100,75.39,75.4,75.34,75.36,156
1785884400,75.35,75.42,75.31,75.33,199
1785884700,75.31,75.34,75.28,75.33,65
1785885000,75.33,75.37,75.25,75.29,135
1785885300,75.25,75.25,75.08,75.14,314
1785885600,75.13,75.18,75.08,75.15,166
1785885900,75.14,75.18,75.09,75.13,165
1785886200,75.13,75.3,75.12,75.26,153
1785886500,75.25,75.26,75.13,75.17,117
1785886800,75.18,75.19,75.09,75.19,120
1785887100,75.21,75.24,75.17,75.21,98
1785887400,75.22,75.27,75.18,75.26,148
1785887700,75.26,75.31,75.2,75.24,260
1785888000,75.22,75.32,74.89,74.97,1282
1785888300,74.99,75.17,74.26,75.12,1914
1785888600,75.13,75.29,75.08,75.16,639
1785888900,75.17,75.41,75.14,75.33,567
1785889200,75.34,75.42,75.3,75.38,320
1785889500,75.37,75.41,75.3,75.39,183
1785889800,75.38,75.44,75.3,75.4,282
1785890100,75.4,75.45,75.33,75.33,258
1785890400,75.35,75.44,75.3,75.42,170
1785890700,75.42,75.51,75.4,75.44,463
1785891000,75.44,75.47,75.32,75.44,201
1785891300,75.42,75.47,75.39,75.4,183
1785891600,75.39,75.89,75.39,75.88,1305
1785891900,75.86,75.94,75.83,75.86,545
1785892200,75.85,75.99,75.82,75.82,724
1785892500,75.81,75.96,75.8,75.96,441
1785892800,75.95,76.03,75.86,75.93,356
1785893100,75.94,76.04,75.93,76.01,340
1785893400,76,76.07,75.95,76.03,428
1785893700,76.01,76.05,75.88,75.89,334
1785894000,75.89,75.96,75.88,75.93,239
1785894300,75.92,75.98,75.83,75.85,383
1785894600,75.84,75.94,75.83,75.9,178
1785894900,75.9,76.04,75.89,75.97,390
1785895200,75.98,76.03,75.42,75.58,1573
1785895500,75.59,75.59,75.14,75.22,1055
1785895800,75.21,75.3,75.13,75.2,637
1785896100,75.17,75.34,75.13,75.28,384
1785896400,75.26,75.26,74.86,74.98,1183
1785896700,74.98,74.98,74.73,74.86,782
1785897000,74.86,74.91,74.42,74.44,1427
1785897300,74.45,74.59,74.37,74.38,1194
1785897600,74.37,74.4,74.22,74.28,1183
1785897900,74.29,74.58,74.29,74.52,827
1785898200,74.5,74.68,74.45,74.66,642
1785898500,74.67,74.78,74.55,74.74,430
1785898800,74.73,74.78,74.67,74.72,404
1785899100,74.72,74.74,74.5,74.55,512
1785899400,74.58,74.63,74.5,74.58,450
1785899700,74.58,74.6,74.43,74.46,361
1785900000,74.47,74.64,74.45,74.61,359
1785900300,74.61,74.72,74.5,74.72,287
1785900600,74.7,74.85,74.69,74.73,433
1785900900,74.76,74.76,74.49,74.53,294
1785901200,74.53,74.71,74.45,74.65,474
1785901500,74.64,74.73,74.61,74.67,65
1785901800,74.67,74.72,74.64,74.69,115
1785902100,74.7,74.73,74.54,74.54,184
1785902400,74.56,74.66,74.5,74.63,218
1785902700,74.63,74.75,74.58,74.59,240
1785903000,74.59,74.88,74.58,74.86,320
1785903300,74.86,75.05,74.85,75,636
1785903600,74.99,75.1,74.99,75,323
1785903900,75.01,75.02,74.88,74.95,330
1785904200,74.95,74.98,74.89,74.96,174
1785904500,74.97,75.22,74.96,75.19,450
1785904800,75.18,75.24,75.11,75.14,216
1785905100,75.17,75.24,75.14,75.2,174
1785905400,75.2,75.23,75.11,75.18,214
1785905700,75.19,75.29,75.14,75.16,270
1785906000,75.18,75.37,75.09,75.27,291
1785906300,75.29,75.33,75.16,75.22,262
1785906600,75.22,75.27,75.2,75.24,65
1785906900,75.21,75.28,75.13,75.23,256
1785907200,75.25,75.28,75.17,75.21,216
1785907500,75.2,75.23,75.06,75.22,418
1785907800,75.22,75.24,74.81,74.88,624
1785908100,74.89,74.92,74.73,74.88,579
1785908400,74.89,75.09,74.87,75.01,347
1785908700,75.03,75.06,74.91,75.01,267
1785909000,75.02,75.13,74.91,74.98,302
1785909300,74.97,75.07,74.81,75.05,445
1785909600,75.06,75.28,74.94,75.18,504
1785909900,75.18,75.43,75.18,75.18,567
1785910200,75.19,75.32,75.11,75.21,407
1785910500,75.24,75.3,75.15,75.22,392
1785910800,75.22,75.22,74.94,74.99,517
1785911100,75,75.25,74.98,75.19,519
1785911400,75.18,75.49,75.16,75.35,739
1785911700,75.33,75.45,75.33,75.42,323
1785912000,75.39,75.44,75.13,75.19,307
1785912300,75.17,75.34,75.14,75.29,377
1785912600,75.28,75.3,75.01,75.15,517
1785912900,75.16,75.18,75,75.02,456
1785913200,75.01,75.29,74.89,75.21,1037
1785913500,75.21,75.56,75.19,75.48,1100
1785913800,75.48,75.88,75.48,75.79,1066
1785914100,75.77,75.93,75.6,75.9,750
1785914400,75.9,75.98,75.74,75.93,551
1785914700,75.93,76.13,75.89,76.1,949
1785915000,76.08,76.28,76.02,76.2,991
1785915300,76.2,76.21,76.03,76.11,455
1785915600,76.12,76.12,75.94,76.02,687
1785915900,76.01,76.06,75.86,76.02,523
1785916200,76.03,76.21,75.97,76.18,432
1785916500,76.19,76.19,75.99,76.01,381
1785916800,76.02,76.08,75.9,76.06,510
1785917100,76.09,76.14,75.75,75.79,586
1785917400,75.81,76.33,75.81,76.27,997
1785917700,76.26,76.26,75.96,76.07,537
1785918000,76.07,76.3,76.06,76.13,524
1785918300,76.14,76.15,75.89,76.02,661
1785918600,76.01,76.23,75.86,76.17,561
1785918900,76.18,76.33,76.11,76.23,557
1785919200,76.25,76.27,75.9,76.15,832
1785919500,76.15,76.4,76.08,76.27,808
1785919800,76.28,76.39,76.15,76.26,396
1785920100,76.25,76.35,76.19,76.23,315
1785920400,76.21,76.31,76.09,76.19,481
1785920700,76.21,76.21,75.93,76.06,459
1785921000,76.06,76.13,75.89,75.9,407
1785921300,75.9,76.14,75.85,76.1,318
1785921600,76.12,76.38,76.08,76.33,601
1785921900,76.32,76.4,76.18,76.27,452
1785922200,76.27,76.27,76.13,76.15,299
1785922500,76.17,76.31,76.11,76.28,356
1785922800,76.3,76.38,76.21,76.23,340
1785923100,76.24,76.46,76.17,76.37,594
1785923400,76.39,76.49,76.36,76.47,325
1785923700,76.48,76.55,76.42,76.51,433
1785924000,76.52,76.63,76.46,76.59,489
1785924300,76.58,76.65,76.45,76.51,344
1785924600,76.51,76.64,76.46,76.46,411
1785924900,76.46,76.58,76.33,76.57,525
1785925200,76.57,76.7,76.51,76.65,530
1785925500,76.65,76.68,76.52,76.64,406
1785925800,76.65,76.68,76.4,76.42,529
1785926100,76.42,76.44,76.27,76.31,723
1785926400,76.29,76.51,76.27,76.44,416
1785926700,76.42,76.51,76.3,76.51,358
1785927000,76.53,76.55,76.45,76.5,288
1785927300,76.49,76.51,76.12,76.23,728
1785927600,76.23,76.39,76.2,76.29,450
1785927900,76.29,76.31,76.08,76.1,493
1785928200,76.11,76.19,75.98,76.05,529
1785928500,76.05,76.17,75.99,76.06,409
1785928800,76.07,76.28,76.05,76.26,416
1785929100,76.27,76.31,76.09,76.2,299
1785929400,76.19,76.22,75.97,76.02,452
1785929700,76.02,76.02,75.81,75.96,831
1785930000,75.96,76.12,75.92,75.95,684
1785930300,75.93,76.19,75.93,76.16,552
1785930600,76.16,76.21,75.9,76.04,588
1785930900,76.06,76.13,75.97,76.06,276
1785931200,76.06,76.27,76.05,76.19,484
1785931500,76.19,76.22,76.01,76.14,531
1785931800,76.13,76.17,75.86,75.91,631
1785932100,75.91,76.03,75.8,75.99,833
1785932400,75.99,76.12,75.96,75.98,495
1785932700,76,76.38,75.94,76.37,1560
1785933000,76.36,76.6,76.25,76.27,1441
1785933300,76.27,76.45,76.26,76.4,584
1785933600,76.39,76.4,76.21,76.25,524
1785933900,76.25,76.32,76.07,76.08,541
1785934200,76.1,76.35,76.05,76.27,639
1785934500,76.27,76.56,76.27,76.51,1104
1785934800,76.53,76.55,75.8,75.84,1978
1785935100,75.84,75.97,75.7,75.86,1467
1785935400,75.87,76.05,75.81,75.81,763
1785935700,75.83,76.02,75.77,75.8,844
1785936000,75.8,75.91,75.71,75.83,769
1785936300,75.84,75.89,75.66,75.84,771
1785936600,75.85,75.88,75.58,75.58,1180
1785936900,75.6,75.73,75.02,75.23,1060
1785937200,75.23,75.49,75.08,75.46,2795
1785937500,75.45,75.54,75.26,75.43,1133
1785937800,75.41,75.65,75.26,75.3,1226
1785938100,75.28,75.55,75.24,75.51,1287
1785938400,75.51,75.59,75.09,75.34,2513
1785938700,75.32,75.32,74.67,74.97,5128
1785939000,74.98,75.23,74.88,75,2098
1785939300,74.99,75.18,74.92,75.06,1143
1785939600,75.04,75.11,74.83,74.83,1032
1785939900,74.83,75.1,74.8,75.1,1068
1785940200,74.95,75.17,74.78,74.91,1126
1785940500,74.89,75.11,74.89,75,727
1785940800,74.99,75.1,74.93,75.03,856
1785941100,75.03,75.37,75.03,75.18,1507
1785941400,75.17,75.26,74.97,75.13,1006
1785941700,75.16,75.21,74.98,75.15,622
1785942000,75.14,75.17,74.51,74.86,3251
1785942300,74.86,75.45,74.8,75.32,1805
1785942600,75.33,75.57,75.2,75.56,1196
1785942900,75.54,75.83,75.52,75.66,2345
1785943200,75.66,75.66,75.26,75.38,1328
1785943500,75.37,75.45,75,75.16,1704
1785943800,75.17,75.37,75.1,75.32,1215
1785944100,75.33,75.33,75.1,75.13,761
1785944400,75.14,75.32,75.06,75.24,635
1785944700,75.25,75.61,75.25,75.44,1408
1785945000,75.45,75.64,75.3,75.58,769
1785945300,75.56,75.62,75.43,75.61,572
1785945600,75.61,75.79,75.6,75.74,919
1785945900,75.75,75.75,75.54,75.59,538
1785946200,75.57,75.6,75.46,75.55,497
1785946500,75.58,75.76,75.55,75.67,590
1785946800,75.69,75.72,75.57,75.64,444
1785947100,75.64,75.75,75.56,75.65,446
1785947400,75.65,75.66,75.51,75.59,492
1785947700,75.58,75.69,75.49,75.53,379
1785948000,75.51,75.51,75.16,75.18,971
1785948300,75.22,75.32,75.04,75.08,708
1785948600,75.08,75.08,74.75,74.89,1450
1785948900,74.89,75.03,74.83,74.9,926
1785949200,74.91,75.01,74.82,74.92,952
1785949500,74.9,74.94,74.72,74.8,932
1785949800,74.82,74.85,74.6,74.68,756
1785950100,74.68,74.71,74.45,74.54,1217
1785950400,74.55,74.63,74.46,74.57,524
1785950700,74.58,74.65,74.49,74.56,672
1785951000,74.53,74.65,74.46,74.48,539
1785951300,74.48,74.68,74.47,74.61,578
1785951600,74.59,74.76,74.57,74.64,641
1785951900,74.64,74.68,74.57,74.65,231
1785952200,74.65,74.75,74.59,74.72,439
1785952500,74.72,74.87,74.7,74.87,552
1785952800,74.88,75.1,74.86,75.1,856
1785953100,75.08,75.17,74.98,75.1,636
1785953400,75.1,75.28,75.07,75.27,522
1785953700,75.27,75.36,75.12,75.32,576
1785954000,75.34,75.4,75.26,75.27,522
1785954300,75.29,75.29,75.13,75.18,1008
1785954600,75.18,75.44,75.17,75.36,491
1785954900,75.36,75.36,75.24,75.28,367
1785955200,75.25,75.34,75.2,75.23,459
1785955500,75.23,75.24,75.12,75.15,340
1785955800,75.15,75.18,75.05,75.08,360
1785956100,75.07,75.32,75.05,75.3,305
1785956400,75.33,75.4,75.2,75.23,355
1785956700,75.23,75.25,75.15,75.17,230
1785957000,75.18,75.21,75.11,75.15,133
1785957300,75.15,75.27,75.15,75.24,276
1785957600,75.24,75.28,75.21,75.24,180
1785957900,75.21,75.32,75.19,75.27,170
1785958200,75.27,75.27,75.19,75.25,109
1785958500,75.25,75.25,75.14,75.19,135
1785958800,75.19,75.25,75.13,75.13,142
1785959100,75.14,75.17,75.09,75.13,242
1785959400,75.12,75.13,75.01,75.08,279
1785959700,75.08,75.18,75.05,75.16,265
1785960000,75.15,75.17,74.93,74.97,519
1785960300,74.97,74.99,74.86,74.93,374
1785960600,74.93,75.02,74.88,75.01,99
1785960900,75.01,75.11,75.01,75.05,121
1785961200,75.06,75.11,75,75.01,142
1785961500,75.02,75.09,74.97,75.09,190
1785961800,75.09,75.12,74.95,74.95,238
1785962100,74.95,74.98,74.9,74.96,232
1785962400,74.99,75.06,74.95,74.99,180
1785962700,74.98,75.09,74.95,75.05,183
1785963000,75.05,75.07,74.95,75.05,262
1785963300,75.03,75.11,75.02,75.05,238
1785967200,74.94,75.15,74.91,75.04,403
1785967500,75.07,75.13,75,75.11,146
1785967800,75.13,75.22,75.12,75.12,170
1785968100,75.14,75.16,75.03,75.16,119
1785968400,75.15,75.17,75.12,75.15,47
1785968700,75.15,75.2,75.09,75.11,108
1785969000,75.11,75.18,75.05,75.1,91
1785969300,75.1,75.11,75.05,75.08,46
1785969600,75.06,75.12,75.05,75.06,76
1785969900,75.05,75.1,75.05,75.07,55
1785970200,75.07,75.07,75.02,75.04,70
1785970500,75.04,75.12,75.04,75.05,42
1785970800,75.05,75.1,75.03,75.1,36
1785971100,75.1,75.14,75.06,75.07,56
1785971400,75.06,75.06,74.97,75,82
1785971700,74.98,75.08,74.92,75.02,109
1785972000,75.05,75.05,74.99,75.03,42
1785972300,75,75.08,75,75.07,55
1785972600,75.04,75.07,75,75,57
1785972900,75,75.05,74.96,75.03,44
1785973200,75.03,75.06,74.98,75.01,41
1785973500,74.99,75.04,74.96,75.02,123
1785973800,75.03,75.04,74.94,74.97,76
1785974100,74.95,74.98,74.83,74.88,222
1785974400,74.88,75.04,74.83,74.95,334
1785974700,74.96,74.96,74.84,74.85,140
1785975000,74.88,74.9,74.72,74.77,289
1785975300,74.73,74.79,74.7,74.79,263
1785975600,74.79,74.79,74.64,74.69,328
1785975900,74.7,75.03,74.69,75.02,668
1785976200,75,75.17,74.93,74.96,772
1785976500,74.92,74.99,74.91,74.96,167
1785976800,74.96,75.05,74.93,75.04,218
1785977100,75,75.01,74.91,74.93,194
1785977400,74.94,74.98,74.81,74.9,322
1785977700,74.88,74.93,74.74,74.93,274
1785978000,74.95,75.28,74.92,75.08,930
1785978300,75.1,75.21,75.06,75.17,247
1785978600,75.16,75.57,75.16,75.45,1171
1785978900,75.44,75.88,75.39,75.7,1088
1785979200,75.69,75.78,75.56,75.78,628
1785979500,75.78,76.03,75.67,75.7,1229
1785979800,75.71,75.88,75.69,75.88,711
1785980100,75.88,75.88,75.7,75.72,428
1785980400,75.74,75.83,75.68,75.72,376
1785980700,75.72,75.88,75.72,75.76,370
1785981000,75.75,75.77,75.62,75.73,519
1785981300,75.73,75.8,75.64,75.76,362
1785981600,75.76,75.81,75.72,75.73,312
1785981900,75.74,75.81,75.48,75.53,457
1785982200,75.55,75.7,75.54,75.6,417
1785982500,75.58,75.65,75.46,75.51,237
1785982800,75.5,75.59,75.49,75.51,164
1785983100,75.5,75.53,75.44,75.5,222
1785983400,75.52,75.69,75.48,75.64,300
1785983700,75.64,75.68,75.55,75.58,162
1785984000,75.58,75.58,75.49,75.54,104
1785984300,75.53,75.58,75.4,75.56,488
1785984600,75.56,75.6,75.49,75.51,121
1785984900,75.51,75.55,75.47,75.48,131
1785985200,75.48,75.48,75.4,75.45,223
1785985500,75.44,75.46,75.35,75.42,243
1785985800,75.43,75.52,75.37,75.49,215
1785986100,75.49,75.49,75.43,75.46,159
1785986400,75.46,75.57,75.46,75.51,205
1785986700,75.52,75.52,75.17,75.24,680
1785987000,75.25,75.26,74.9,74.92,807
1785987300,74.94,75.03,74.91,74.97,351
1785987600,74.98,75.03,74.96,75.01,126
1785987900,75.02,75.08,74.97,75,120
1785988200,75.01,75.1,75.01,75.08,270
1785988500,75.09,75.09,74.92,74.92,148
1785988800,74.92,74.96,74.83,74.84,376
1785989100,74.84,74.91,74.81,74.85,230
1785989400,74.86,74.9,74.74,74.8,297
1785989700,74.82,74.86,74.75,74.76,113
1785990000,74.76,74.82,74.71,74.77,255
1785990300,74.76,74.8,74.72,74.76,190
1785990600,74.78,74.79,74.62,74.75,304
1785990900,74.75,74.8,74.71,74.71,164
1785991200,74.7,74.82,74.68,74.81,227
1785991500,74.8,74.85,74.73,74.77,201
1785991800,74.78,74.8,74.73,74.8,115
1785992100,74.79,74.84,74.78,74.82,146
1785992400,74.81,74.97,74.81,74.95,465
1785992700,74.97,74.97,74.9,74.92,142
1785993000,74.91,74.91,74.79,74.82,226
1785993300,74.82,74.83,74.7,74.72,255
1785993600,74.72,74.8,74.7,74.75,123
1785993900,74.77,74.8,74.62,74.65,185
1785994200,74.66,74.8,74.58,74.77,522
1785994500,74.79,74.97,74.78,74.84,313
1785994800,74.83,74.93,74.78,74.9,258
1785995100,74.89,74.94,74.84,74.89,150
1785995400,74.88,74.92,74.81,74.86,183
1785995700,74.85,74.92,74.83,74.87,130
1785996000,74.87,75.18,74.83,75.1,674
1785996300,75.12,75.16,74.99,75.12,437
1785996600,75.13,75.48,75.13,75.41,740
1785996900,75.4,75.47,75.21,75.21,567
1785997200,75.22,75.42,75.22,75.39,381
1785997500,75.38,75.42,75.22,75.25,504
1785997800,75.24,75.5,75.23,75.4,392
1785998100,75.38,75.63,75.32,75.54,582
1785998400,75.55,75.63,75.46,75.47,380
1785998700,75.45,75.63,75.41,75.54,479
1785999000,75.53,75.56,75.3,75.43,411
1785999300,75.42,75.42,75.25,75.27,395
1785999600,75.25,75.25,75.02,75.02,654
1785999900,75.04,75.28,75.02,75.28,558
1786000200,75.27,75.44,75.23,75.25,462
1786000500,75.25,75.32,75.2,75.3,237
1786000800,75.28,75.28,75.05,75.19,364
1786001100,75.19,75.19,74.98,75.19,428
1786001400,75.17,75.23,75.07,75.15,236
1786001700,75.13,75.48,75.07,75.42,486
1786002000,75.43,75.46,75.32,75.4,284
1786002300,75.42,75.47,75.26,75.38,329
1786002600,75.39,75.53,75.36,75.48,322
1786002900,75.48,75.5,75.33,75.4,284
1786003200,75.43,75.62,75.27,75.5,514
1786003500,75.51,75.59,75.39,75.39,299
1786003800,75.4,75.66,75.36,75.65,443
1786004100,75.66,75.81,75.63,75.72,675
1786004400,75.72,75.73,75.52,75.65,407
1786004700,75.64,75.66,75.08,75.15,1146
1786005000,75.15,75.32,74.92,75.09,1174
1786005300,75.09,75.31,74.95,75.27,576
1786005600,75.27,75.3,75,75.09,446
1786005900,75.07,75.16,75,75.03,327
1786006200,75.04,75.08,74.91,75.01,344
1786006500,75.01,75.22,75.01,75.18,304
1786006800,75.16,75.42,75.11,75.41,528
1786007100,75.38,75.49,75.32,75.43,425
1786007400,75.41,75.55,75.32,75.38,391
1786007700,75.38,75.45,75.2,75.21,433
1786008000,75.2,75.22,75.1,75.14,339
1786008300,75.14,75.34,75.14,75.19,421
1786008600,75.18,75.34,75.07,75.29,307
1786008900,75.28,75.44,75.28,75.42,249
1786009200,75.41,75.45,75.37,75.4,153
1786009500,75.42,75.48,75.33,75.34,218
1786009800,75.35,75.44,75.22,75.22,157
1786010100,75.22,75.22,75.11,75.15,326
1786010400,75.15,75.25,75.12,75.24,249
1786010700,75.22,75.41,75.11,75.38,377
1786011000,75.37,75.65,75.35,75.59,711
1786011300,75.59,75.64,75.49,75.62,350
1786011600,75.63,75.96,75.62,75.83,1070
1786011900,75.82,75.87,75.67,75.74,466
1786012200,75.75,75.84,75.7,75.84,271
1786012500,75.82,75.91,75.77,75.8,385
1786012800,75.8,75.94,75.77,75.9,213
1786013100,75.92,75.98,75.79,75.94,349
1786013400,75.98,76.06,75.92,75.99,662
1786013700,76,76,75.85,75.87,356
1786014000,75.89,75.92,75.74,75.81,599
1786014300,75.81,76,75.79,75.95,362
1786014600,75.95,76,75.87,75.9,216
1786014900,75.92,75.98,75.83,75.84,200
1786015200,75.85,75.96,75.83,75.92,171
1786015500,75.92,75.97,75.82,75.85,219
1786015800,75.86,75.91,75.78,75.81,225
1786016100,75.81,75.88,75.74,75.84,319
1786016400,75.82,75.82,75.74,75.78,127
1786016700,75.78,75.97,75.75,75.87,377
1786017000,75.85,76.22,75.84,76.19,879
1786017300,76.2,76.22,75.65,75.69,1383
1786017600,75.68,75.86,75.57,75.73,887
1786017900,75.73,76.18,75.7,76.03,1098
1786018200,76.03,76.13,75.84,75.86,777
1786018500,75.86,76.13,75.82,76.07,514
1786018800,76.07,76.25,76.04,76.21,687
1786019100,76.23,76.34,76.14,76.21,790
1786019400,76.23,76.31,76.13,76.23,676
1786019700,76.25,76.4,76.2,76.39,520
1786020000,76.39,76.42,76.27,76.28,540
1786020300,76.28,76.35,76.1,76.2,693
1786020600,76.21,76.34,76.21,76.29,394
1786020900,76.29,76.29,76.18,76.22,305
1786021200,76.2,76.45,76.15,76.3,1002
1786021500,76.33,76.91,76.27,76.59,2681
1786021800,76.59,76.74,76.57,76.64,840
1786022100,76.61,76.62,76.36,76.42,834
1786022400,76.43,76.44,76.18,76.22,1198
1786022700,76.21,76.27,76.12,76.18,849
1786023000,76.19,76.28,76.06,76.21,810
1786023300,76.23,76.27,76.13,76.26,499
1786023600,76.26,76.26,75.95,75.98,1180
1786023900,76,76.26,75.98,76.23,715
1786024200,76.22,76.26,75.9,76.04,1117
1786024500,76.05,76.13,75.99,76.12,505
1786024800,76.11,76.23,75.92,75.98,870
1786025100,75.99,76.2,75.98,76.2,526
1786025400,76.2,76.22,76.1,76.15,430
1786025700,76.17,76.29,76.13,76.26,475
1786026000,76.23,76.36,76.18,76.31,531
1786026300,76.31,76.47,76.27,76.4,807
1786026600,76.41,76.44,76.19,76.31,911
1786026900,76.32,76.53,76.28,76.51,732
1786027200,76.51,76.51,76.32,76.42,552
1786027500,76.41,76.68,76.4,76.54,1356
1786027800,76.56,76.77,76.56,76.65,930
1786028100,76.66,76.69,76.56,76.57,514
1786028400,76.58,76.79,76.5,76.7,995
1786028700,76.71,76.77,76.57,76.61,551
1786029000,76.61,76.87,76.6,76.71,807
1786029300,76.72,77.17,76.72,77.11,2329
1786029600,77.11,77.2,77.02,77.13,971
1786029900,77.11,77.15,76.73,76.84,1826
1786030200,76.84,77.04,76.77,77.04,1192
1786030500,77.04,77.1,76.89,76.93,618
1786030800,76.94,77,76.79,76.85,682
1786031100,76.84,77.02,76.83,76.99,458
1786031400,77,77.95,76.87,77.91,3589
1786031700,77.9,78.15,77.5,77.75,4978
1786032000,77.73,77.96,77.69,77.75,1655
1786032300,77.75,77.83,77.57,77.74,1112
1786032600,77.74,77.92,77.67,77.86,870
1786032900,77.87,78.05,77.86,77.98,1293
1786033200,77.97,78.03,77.71,77.77,1436
1786033500,77.77,77.91,77.66,77.67,634
1786033800,77.68,77.81,77.62,77.71,987
1786034100,77.69,77.85,77.6,77.82,573
1786034400,77.82,78.07,77.79,78.06,847
1786034700,78.04,78.09,77.8,77.8,734
1786035000,77.81,78.05,77.78,77.99,715
1786035300,77.98,78.05,77.87,77.87,439
1786035600,77.87,77.87,77.64,77.79,761
1786035900,77.79,77.87,77.69,77.73,421
1786036200,77.74,77.86,77.66,77.75,534
1786036500,77.75,77.77,77.67,77.7,207
1786036800,77.71,77.9,77.68,77.76,429
1786037100,77.77,77.77,77.57,77.64,822
1786037400,77.62,77.71,77.22,77.3,1423
1786037700,77.29,77.39,77.27,77.29,613
1786038000,77.3,77.4,77.23,77.36,540
1786038300,77.35,77.41,77.16,77.27,626
1786038600,77.25,77.28,77.14,77.22,397
1786038900,77.21,77.34,77.2,77.32,429
1786039200,77.31,77.5,77.16,77.16,675
1786039500,77.18,77.28,77.11,77.18,485
1786039800,77.18,77.47,77.18,77.31,737
1786040100,77.29,77.41,77.25,77.33,375
1786040400,77.34,77.46,77.25,77.39,451
1786040700,77.39,77.43,77.18,77.28,919
1786041000,77.28,77.35,77.14,77.27,600
1786041300,77.27,77.33,77.21,77.3,250
1786041600,77.3,77.32,77.25,77.28,111
1786041900,77.28,77.31,77.23,77.29,156
1786042200,77.3,77.39,77.3,77.39,215
1786042500,77.36,77.44,77.36,77.41,340
1786042800,77.43,77.59,77.43,77.56,581
1786043100,77.56,77.7,77.56,77.6,678
1786043400,77.6,77.63,77.53,77.59,176
1786043700,77.6,77.62,77.48,77.55,238
1786044000,77.52,78,77.51,77.97,1017
1786044300,77.98,78.33,77.94,78.15,1993
1786044600,78.16,78.25,78.01,78.08,822
1786044900,78.08,78.3,78.02,78.05,670
1786045200,78.06,78.06,77.85,77.94,537
1786045500,77.96,78,77.82,77.86,296
1786045800,77.88,78.07,77.41,77.61,1547
1786046100,77.62,77.76,77.42,77.7,855
1786046400,77.69,77.76,77.6,77.73,431
1786046700,77.67,77.84,77.66,77.74,378
1786047000,77.74,77.85,77.73,77.77,267
1786047300,77.77,77.8,77.65,77.7,209
1786047600,77.69,78.04,77.69,77.97,626
1786047900,77.97,78.18,77.85,78.09,784
1786048200,78.09,78.1,77.97,78.02,396
1786048500,78.02,78.29,77.99,78.18,408
1786048800,78.16,78.22,78.05,78.15,317
1786049100,78.14,78.53,78.13,78.35,879
1786049400,78.33,78.41,78.2,78.23,267
1786049700,78.23,78.31,78.13,78.25,386
1786053600,78.2,78.24,77.8,78.17,520
1786053900,78.14,78.14,78,78.1,243
1786054200,78.09,78.13,78.08,78.11,122
1786054500,78.13,78.14,77.98,78.1,318
1786054800,78.1,78.14,78.04,78.06,151
1786055100,78.08,78.1,78.03,78.08,117
1786055400,78.08,78.12,78.05,78.1,76
1786055700,78.09,78.13,78.08,78.11,72
1786056000,78.12,78.16,78.11,78.11,87
1786056300,78.12,78.13,78.08,78.1,87
1786056600,78.1,78.11,78.02,78.11,128
1786056900,78.11,78.15,78.09,78.1,95
1786057200,78.11,78.13,78.06,78.08,120
1786057500,78.09,78.1,78.06,78.07,35
1786057800,78.09,78.12,78.08,78.09,81
1786058100,78.07,78.08,78,78.08,137
1786058400,78.08,78.11,78.06,78.1,72
1786058700,78.1,78.11,78.04,78.05,77
1786059000,78.06,78.1,78.03,78.04,148
1786059300,78.04,78.11,78.04,78.07,61
1786059600,78.06,78.1,78.06,78.06,56
1786059900,78.06,78.11,78.04,78.05,158
1786060200,78.07,78.1,78.04,78.06,109
1786060500,78.07,78.08,77.94,77.97,184
1786060800,77.97,78.16,77.9,78.14,505
1786061100,78.15,78.18,78.01,78.07,269
1786061400,78.08,78.26,78.08,78.15,489
1786061700,78.15,78.25,78.13,78.16,274
1786062000,78.16,78.26,78.13,78.25,191
1786062300,78.25,78.36,78.22,78.28,383
1786062600,78.29,78.3,78.19,78.24,201
1786062900,78.25,78.4,78.22,78.38,233
1786063200,78.38,78.42,78.18,78.22,335
1786063500,78.22,78.23,78.03,78.14,443
1786063800,78.14,78.19,78.02,78.02,246
1786064100,78.03,78.07,77.85,77.93,608
1786064400,77.91,77.97,77.7,77.92,1158
1786064700,77.92,78.03,77.86,77.86,297
1786065000,77.9,77.91,77.78,77.82,254
1786065300,77.83,77.91,77.79,77.85,253
1786065600,77.87,78.04,77.87,78.02,297
1786065900,78.01,78.02,77.81,77.84,286
1786066200,77.85,77.87,77.75,77.83,281
1786066500,77.82,77.87,77.74,77.76,260
1786066800,77.78,77.92,77.78,77.79,242
1786067100,77.81,77.96,77.81,77.96,232
1786067400,77.97,78,77.93,77.95,188
1786067700,77.96,77.97,77.82,77.92,211
1786068000,77.95,78.13,77.94,78.08,352
1786068300,78.07,78.12,77.98,78.03,207
1786068600,78.04,78.06,77.99,78.02,106
1786068900,78.02,78.14,77.93,78.12,337
1786069200,78.12,78.17,78.01,78.03,172
1786069500,78.04,78.16,78.02,78.11,148
1786069800,78.11,78.2,78.08,78.14,303
1786070100,78.15,78.21,78.07,78.19,287
1786070400,78.19,78.19,78.03,78.09,196
1786070700,78.09,78.11,77.97,78.08,232
1786071000,78.08,78.1,77.99,78,217
1786071300,78,78.06,77.98,78.01,107
1786071600,78,78,77.88,77.91,208
1786071900,77.91,78.05,77.91,78.04,144
1786072200,78.04,78.13,78.04,78.09,158
1786072500,78.08,78.18,78.07,78.16,190
1786072800,78.17,78.27,78.08,78.1,448
1786073100,78.12,78.13,78.03,78.07,195
1786073400,78.05,78.09,78,78.07,175
1786073700,78.06,78.06,77.96,77.98,119
1786074000,77.98,78.1,77.98,78.03,149
1786074300,78.02,78.1,78,78.06,133
1786074600,78.05,78.11,78.02,78.05,74
1786074900,78.07,78.1,78.04,78.05,51
1786075200,78.05,78.09,77.98,78.08,185
1786075500,78.09,78.18,78.05,78.16,174
1786075800,78.16,78.35,78.15,78.27,383
1786076100,78.29,78.64,78.27,78.6,854
1786076400,78.61,78.62,78.41,78.55,680
1786076700,78.57,78.71,78.5,78.63,1086
1786077000,78.64,78.77,78.28,78.29,1089
1786077300,78.31,78.37,78.26,78.32,258
1786077600,78.32,78.47,78.31,78.47,315
1786077900,78.45,78.52,78.4,78.4,254
1786078200,78.39,78.4,78.31,78.33,194
1786078500,78.32,78.33,78.24,78.33,279
1786078800,78.32,78.34,78.26,78.26,132
1786079100,78.27,78.31,78.21,78.26,122
1786079400,78.24,78.34,78.22,78.33,137
1786079700,78.33,78.35,78.28,78.32,141
1786080000,78.32,78.36,78.24,78.27,111
1786080300,78.27,78.37,78.25,78.33,106
1786080600,78.35,78.39,78.27,78.36,244
1786080900,78.35,78.35,78.17,78.19,273
1786081200,78.19,78.29,78.16,78.24,209
1786081500,78.25,78.35,78.23,78.25,218
1786081800,78.24,78.24,78.06,78.12,363
1786082100,78.11,78.13,78.06,78.06,291
1786082400,78.06,78.15,77.87,77.88,673
1786082700,77.89,77.97,77.78,77.91,521
1786083000,77.94,77.99,77.83,77.83,244
1786083300,77.83,77.92,77.81,77.89,241
1786083600,77.87,77.88,77.62,77.63,750
1786083900,77.65,77.72,77.56,77.58,572
1786084200,77.58,77.82,77.55,77.77,601
1786084500,77.76,77.94,77.76,77.91,409
1786084800,77.91,78.1,77.9,78.08,606
1786085100,78.06,78.11,78,78.06,332
1786085400,78.04,78.04,77.89,77.94,525
1786085700,77.94,77.97,77.85,77.86,304
1786086000,77.87,78.05,77.81,77.94,491
1786086300,77.92,77.96,77.86,77.92,207
1786086600,77.92,77.92,77.66,77.68,439
1786086900,77.66,77.83,77.66,77.77,381
1786087200,77.76,77.78,77.62,77.7,360
1786087500,77.72,77.73,77.5,77.54,430
1786087800,77.55,77.77,77.51,77.66,532
1786088100,77.67,77.86,77.64,77.7,434
1786088400,77.71,77.84,77.7,77.83,181
1786088700,77.85,77.88,77.69,77.77,281
1786089000,77.78,77.96,77.76,77.92,369
1786089300,77.9,77.91,77.74,77.76,221
1786089600,77.76,77.8,77.62,77.66,326
1786089900,77.67,77.7,77.45,77.61,729
1786090200,77.61,77.68,77.56,77.67,292
1786090500,77.68,77.87,77.65,77.81,516
1786090800,77.82,77.97,77.73,77.75,445
1786091100,77.76,77.92,77.66,77.84,414
1786091400,77.85,77.91,77.59,77.71,388
1786091700,77.72,77.95,77.65,77.87,378
1786092000,77.88,78.01,77.78,77.84,379
1786092300,77.86,78.04,77.86,77.91,453
1786092600,77.95,78.01,77.85,77.85,195
1786092900,77.86,77.87,77.69,77.72,415
1786093200,77.74,77.83,77.53,77.65,482
1786093500,77.66,77.76,77.63,77.69,342
1786093800,77.7,77.71,77.53,77.61,465
1786094100,77.6,77.77,77.59,77.65,521
1786094400,77.63,77.63,77.53,77.56,313
1786094700,77.56,77.61,77.51,77.52,280
1786095000,77.53,77.59,77.42,77.49,716
1786095300,77.49,77.49,77.21,77.22,961
1786095600,77.24,77.25,77.09,77.25,988
1786095900,77.22,77.23,77.05,77.1,615
1786096200,77.08,77.37,77.08,77.29,558
1786096500,77.29,77.36,77.22,77.26,302
1786096800,77.25,77.25,77.08,77.14,453
1786097100,77.13,77.24,77.08,77.16,292
1786097400,77.16,77.16,76.9,77.03,1158
1786097700,77.02,77.29,77.01,77.13,644
1786098000,77.14,77.26,77.11,77.2,349
1786098300,77.18,77.32,77.07,77.1,365
1786098600,77.1,77.1,76.93,76.96,420
1786098900,76.99,77.06,76.87,76.91,536
1786099200,76.93,77.05,76.82,76.87,462
1786099500,76.88,77.02,76.85,76.88,296
1786099800,76.85,76.94,76.81,76.85,375
1786100100,76.85,76.96,76.76,76.83,480
1786100400,76.84,76.92,76.73,76.74,592
1786100700,76.75,76.9,76.71,76.74,428
1786101000,76.75,76.98,76.74,76.98,588
1786101300,76.98,77.08,76.93,76.98,652
1786101600,76.98,77.01,76.8,76.83,485
1786101900,76.81,76.84,76.68,76.78,488
1786102200,76.78,76.85,76.7,76.75,317
1786102500,76.75,76.77,76.63,76.67,414
1786102800,76.65,76.73,76.59,76.71,380
1786103100,76.72,76.72,76.6,76.66,285
1786103400,76.63,76.66,76.56,76.64,266
1786103700,76.65,76.76,76.65,76.75,259
1786104000,76.75,76.77,76.63,76.71,312
1786104300,76.71,76.89,76.68,76.85,414
1786104600,76.85,77.04,76.8,77.03,581
1786104900,77.02,77.22,77,77.13,927
1786105200,77.12,77.3,77.06,77.28,594
1786105500,77.29,77.52,77.18,77.41,1167
1786105800,77.35,77.39,76.91,76.96,1226
1786106100,76.96,77.08,76.76,76.82,732
1786106400,76.81,76.86,76.6,76.76,1295
1786106700,76.75,76.87,76.69,76.79,458
1786107000,76.8,76.86,76.61,76.68,507
1786107300,76.68,76.78,76.57,76.74,748
1786107600,76.73,76.89,76.51,76.86,1496
1786107900,76.84,76.85,76.62,76.83,448
1786108200,76.82,77.04,76.74,76.77,960
1786108500,76.77,76.85,76.7,76.79,423
1786108800,76.79,77.1,76.75,77.03,838
1786109100,77.03,77.14,76.91,76.93,537
1786109400,76.93,77.07,76.84,77.05,808
1786109700,77.04,77.09,76.96,76.98,460
1786110000,76.98,77.12,76.95,77.04,336
1786110300,77.03,77.3,77,77.29,993
1786110600,77.29,77.33,77.18,77.29,697
1786110900,77.3,77.34,77.16,77.33,674
1786111200,77.32,77.62,77.17,77.59,1503
1786111500,77.56,77.96,77.55,77.83,1992
1786111800,77.85,77.97,77.6,77.71,1668
1786112100,77.7,77.71,77.43,77.47,1268
1786112400,77.47,77.65,77.35,77.64,1064
1786112700,77.64,77.8,77.62,77.64,950
1786113000,77.65,77.75,77.46,77.56,707
1786113300,77.53,77.62,77.41,77.57,477
1786113600,77.59,77.63,77.42,77.49,430
1786113900,77.49,77.67,77.45,77.63,517
1786114200,77.66,77.9,77.59,77.88,1085
1786114500,77.89,78.11,77.83,78.08,1362
1786114800,78.07,78.41,77.96,78.32,2232
1786115100,78.34,78.44,78.12,78.21,1154
1786115400,78.21,78.34,78.06,78.17,860
1786115700,78.18,78.37,78.08,78.34,774
1786116000,78.33,78.33,78.06,78.12,751
1786116300,78.11,78.31,78.07,78.15,1225
1786116600,78.16,78.34,78.07,78.08,1032
1786116900,78.08,78.12,77.95,78.11,888
1786117200,78.12,78.14,78,78.06,325
1786117500,78.07,78.17,77.94,78.1,491
1786117800,78.1,78.3,78.1,78.22,690
1786118100,78.23,78.49,78.23,78.4,896
1786118400,78.41,78.49,78.35,78.36,549
1786118700,78.38,78.38,78.21,78.29,493
1786119000,78.28,78.31,78.18,78.29,586
1786119300,78.29,78.4,78.26,78.32,428
1786119600,78.31,78.49,78.19,78.43,1078
1786119900,78.42,78.43,78.31,78.38,275
1786120200,78.41,78.46,78.34,78.39,429
1786120500,78.4,78.43,78.21,78.25,464
1786120800,78.25,78.28,78.13,78.22,418
1786121100,78.22,78.31,78.15,78.25,394
1786121400,78.26,78.28,78.18,78.26,194
1786121700,78.24,78.39,78.21,78.36,337
1786122000,78.36,78.38,78.08,78.12,633
1786122300,78.12,78.14,77.99,78.06,590
1786122600,78.06,78.11,77.97,77.99,309
1786122900,77.99,78.03,77.86,77.91,675
1786123200,77.93,78.09,77.9,77.98,426
1786123500,77.98,78.07,77.96,77.99,275
1786123800,77.99,78.03,77.74,77.83,1117
1786124100,77.85,77.95,77.77,77.92,527
1786124400,77.92,78,77.85,77.93,267
1786124700,77.93,78.14,77.92,78.05,439
1786125000,78.04,78.14,78.01,78.06,287
1786125300,78.06,78.11,77.99,78.08,264
1786125600,78.07,78.14,78.04,78.06,289
1786125900,78.08,78.27,78.07,78.18,442
1786126200,78.19,78.33,78.13,78.26,358
1786126500,78.24,78.24,78.01,78.09,379
1786126800,78.07,78.37,78.04,78.31,645
1786127100,78.33,78.33,77.93,78.18,978
1786127400,78.18,78.29,78.1,78.13,294
1786127700,78.14,78.21,78.05,78.21,201
1786128000,78.21,78.28,78.19,78.25,179
1786128300,78.24,78.25,78.17,78.19,157
1786128600,78.19,78.27,78.17,78.18,151
1786128900,78.18,78.22,78.02,78.09,348
1786129200,78.09,78.09,77.52,77.61,2233
1786129500,77.61,77.69,77.33,77.37,1191
1786129800,77.36,77.5,77.33,77.39,680
1786130100,77.4,77.48,77.12,77.22,1230
1786130400,77.24,77.24,76.93,76.96,1134
1786130700,76.97,77.05,76.82,76.91,963
1786131000,76.89,76.98,76.84,76.97,703
1786131300,76.96,77.07,76.83,77.04,879
1786131600,77.04,77.04,76.85,76.94,495
1786131900,76.94,76.97,76.83,76.94,469
1786132200,76.94,76.99,76.87,76.99,312
1786132500,76.98,77.04,76.94,77.04,456
1786132800,77.03,77.1,76.84,76.91,721
1786133100,76.91,77.01,76.83,76.96,489
1786133400,76.96,77.09,76.95,77.07,311
1786133700,77.05,77.19,77.01,77.08,350
1786134000,77.09,77.1,76.95,76.97,234
1786134300,76.96,77.05,76.94,77.04,243
1786134600,77.05,77.17,77.02,77.16,250
1786134900,77.17,77.18,77.11,77.13,188
1786135200,77.14,77.19,77.11,77.17,166
1786135500,77.18,77.37,77.15,77.33,451
1786135800,77.32,77.33,77.04,77.13,694
1786136100,77.1,77.16,77.05,77.09,612
1786312800,78.34,79.3,78.25,79.15,2958
1786313100,79.15,79.42,79.12,79.22,1090
1786313400,79.23,79.29,78.99,79.02,840
1786313700,79.01,79.1,78.97,79.04,573
1786314000,79.03,79.09,78.85,78.87,515
1786314300,78.88,78.96,78.76,78.88,472
1786314600,78.89,78.9,78.56,78.6,743
1786314900,78.59,78.76,78.58,78.71,402
1786315200,78.7,78.92,78.7,78.85,456
1786315500,78.85,78.93,78.79,78.83,243
1786315800,78.83,78.88,78.77,78.81,161
1786316100,78.8,78.88,78.77,78.84,142
1786316400,78.86,78.86,78.7,78.75,186
1786316700,78.74,78.74,78.62,78.68,274
1786317000,78.67,78.72,78.61,78.64,210
1786317300,78.66,78.75,78.65,78.73,120
1786317600,78.73,78.75,78.71,78.72,140
1786317900,78.72,78.8,78.71,78.77,184
1786318200,78.74,78.78,78.7,78.76,82
1786318500,78.76,78.84,78.72,78.82,147
1786318800,78.84,78.94,78.8,78.86,335
1786319100,78.84,78.91,78.77,78.83,209
1786319400,78.83,78.86,78.8,78.82,71
1786319700,78.81,78.81,78.72,78.78,141
1786320000,78.77,78.8,78.56,78.58,568
1786320300,78.59,78.67,78.51,78.65,359
1786320600,78.65,78.85,78.65,78.81,304
1786320900,78.83,78.87,78.77,78.83,201
1786321200,78.83,78.91,78.82,78.89,305
1786321500,78.88,78.91,78.84,78.89,160
1786321800,78.89,78.97,78.81,78.84,380
1786322100,78.84,78.88,78.75,78.8,202
1786322400,78.82,78.83,78.73,78.83,188
1786322700,78.81,78.85,78.75,78.82,145
1786323000,78.82,78.94,78.7,78.86,242
1786323300,78.87,78.87,78.63,78.66,253
1786323600,78.65,78.81,78.17,78.68,1543
1786323900,78.67,79.05,78.63,78.93,1093
1786324200,78.94,79.05,78.84,78.97,661
1786324500,78.98,79.04,78.83,78.88,451
1786324800,78.88,78.9,78.78,78.83,225
1786325100,78.82,79.03,78.81,78.97,388
1786325400,78.98,79.15,78.95,78.96,594
1786325700,78.98,79.07,78.95,79,301
1786326000,79.01,79.11,79.01,79.03,205
1786326300,79.03,79.1,79,79.04,177
1786326600,79.05,79.07,78.8,78.88,592
1786326900,78.89,78.95,78.84,78.86,187
1786327200,78.87,78.97,78.85,78.92,197
1786327500,78.9,79,78.87,78.97,183
1786327800,78.96,78.97,78.86,78.86,174
1786328100,78.85,78.9,78.81,78.82,110
1786328400,78.82,78.82,78.71,78.74,293
1786328700,78.74,78.76,78.65,78.7,320
1786329000,78.69,78.74,78.62,78.7,238
1786329300,78.69,78.77,78.67,78.68,260
1786329600,78.67,78.71,78.57,78.68,355
1786329900,78.66,78.78,78.64,78.75,252
1786330200,78.75,78.84,78.75,78.82,271
1786330500,78.84,78.92,78.73,78.82,243
1786330800,78.85,78.87,78.65,78.69,257
1786331100,78.68,78.69,78.62,78.63,140
1786331400,78.61,78.73,78.57,78.69,204
1786331700,78.7,78.71,78.58,78.59,131
1786332000,78.61,78.64,78.56,78.61,175
1786332300,78.58,78.65,78.55,78.64,145
1786332600,78.64,78.78,78.63,78.76,169
1786332900,78.76,78.85,78.72,78.8,216
1786333200,78.81,78.83,78.75,78.75,138
1786333500,78.76,78.81,78.75,78.8,65
1786333800,78.81,78.86,78.78,78.78,86
1786334100,78.79,78.8,78.74,78.8,79
1786334400,78.77,78.83,78.73,78.82,227
1786334700,78.82,78.86,78.79,78.8,84
1786335000,78.8,78.86,78.8,78.83,59
1786335300,78.84,78.84,78.8,78.82,103
1786335600,78.82,78.84,78.7,78.72,109
1786335900,78.71,78.8,78.68,78.77,128
1786336200,78.78,78.78,78.64,78.65,114
1786336500,78.65,78.75,78.63,78.71,126
1786336800,78.71,78.77,78.56,78.59,253
1786337100,78.58,78.6,78.53,78.56,204
1786337400,78.54,78.54,78.32,78.38,757
1786337700,78.39,78.51,78.39,78.44,281
1786338000,78.46,78.53,78.42,78.5,180
1786338300,78.51,78.53,78.4,78.48,187
1786338600,78.48,78.61,78.44,78.52,237
1786338900,78.53,78.53,78.38,78.41,187
1786339200,78.41,78.45,78.37,78.45,110
1786339500,78.44,78.49,78.4,78.45,119
1786339800,78.46,78.5,78.37,78.42,216
1786340100,78.48,78.5,78.4,78.47,136
1786340400,78.48,78.49,78.39,78.39,110
1786340700,78.38,78.39,78.25,78.29,363
1786341000,78.29,78.29,77.9,77.94,1171
1786341300,77.94,77.95,77.78,77.84,571
1786341600,77.84,78.23,77.79,78.21,990
1786341900,78.2,78.31,78.14,78.19,344
1786342200,78.21,78.23,78.07,78.22,354
1786342500,78.2,78.22,78.03,78.09,237
1786342800,78.07,78.08,77.97,78,281
1786343100,78.01,78.08,77.95,78.04,230
1786343400,78.04,78.08,77.91,77.97,269
1786343700,77.97,77.97,77.84,77.92,322
1786344000,77.92,78.06,77.88,78.02,328
1786344300,78.06,78.1,77.96,78.08,356
1786344600,78.09,78.19,78.07,78.17,269
1786344900,78.17,78.2,77.88,77.94,382
1786345200,77.93,78.37,77.88,78.34,599
1786345500,78.34,78.66,78.34,78.47,797
1786345800,78.49,78.52,78.38,78.46,316
1786346100,78.45,78.59,78.38,78.53,391
1786346400,78.53,78.53,78.22,78.29,407
1786346700,78.27,78.42,78,78.05,517
1786347000,78.06,78.24,78.01,78.24,352
1786347300,78.22,78.32,78.14,78.32,272
1786347600,78.32,78.35,78.07,78.1,334
1786347900,78.09,78.23,77.81,78.2,1004
1786348200,78.22,78.32,78.12,78.28,298
1786348500,78.3,78.35,78.19,78.2,243
1786348800,78.19,78.3,78.17,78.24,296
1786349100,78.28,78.38,78.17,78.35,170
1786349400,78.34,78.35,78.19,78.28,170
1786349700,78.32,78.45,78.18,78.32,345
1786350000,78.32,78.55,78.29,78.45,455
1786350300,78.43,78.62,78.3,78.52,663
1786350600,78.52,78.89,78.38,78.74,1132
1786350900,78.74,78.9,78.61,78.9,477
1786351200,78.9,79.11,78.84,79.01,993
1786351500,79.01,79.11,78.94,79.02,524
1786351800,79.03,79.35,79.03,79.32,1068
1786352100,79.31,79.36,79.12,79.12,426
1786352400,79.13,79.13,78.96,79.01,476
1786352700,79.01,79.1,78.93,79.04,259
1786353000,79.05,79.06,78.96,78.97,204
1786353300,78.96,79.08,78.96,79,164
1786353600,79,79,78.65,78.66,543
1786353900,78.67,78.8,78.66,78.76,332
1786354200,78.78,78.93,78.68,78.75,349
1786354500,78.75,78.98,78.75,78.95,259
1786354800,78.97,79.08,78.92,79.04,333
1786355100,79.02,79.13,78.99,79.05,169
1786355400,79.02,79.07,78.93,79.05,258
1786355700,79.03,79.06,78.9,79.01,250
1786356000,79.04,79.04,78.87,78.89,220
1786356300,78.87,78.87,78.73,78.81,354
1786356600,78.81,78.89,78.74,78.85,175
1786356900,78.85,78.93,78.74,78.75,204
1786357200,78.75,78.75,78.45,78.63,815
1786357500,78.65,78.83,78.62,78.81,293
1786357800,78.82,79.07,78.78,78.92,529
1786358100,78.91,79.32,78.87,79.25,791
1786358400,79.23,79.49,79.23,79.35,956
1786358700,79.34,79.35,79.16,79.21,356
1786359000,79.23,79.58,79.2,79.53,644
1786359300,79.53,79.53,79.39,79.44,415
1786359600,79.46,79.6,79.28,79.37,606
1786359900,79.36,79.48,79.3,79.37,244
1786360200,79.37,79.37,79.27,79.3,116
1786360500,79.3,79.36,79.24,79.27,207
1786360800,79.27,79.32,79.11,79.14,405
1786361100,79.12,79.12,78.97,79.08,375
1786361400,79.07,79.16,79.01,79.1,329
1786361700,79.15,79.35,79.14,79.29,420
1786362000,79.29,79.53,79.25,79.48,699
1786362300,79.48,79.62,79.4,79.51,912
1786362600,79.54,79.65,79.44,79.63,737
1786362900,79.63,79.63,79.49,79.56,429
1786363200,79.57,79.62,79.48,79.56,406
1786363500,79.56,79.64,79.37,79.43,475
1786363800,79.41,79.61,79.4,79.56,364
1786364100,79.55,79.58,79.45,79.51,315
1786364400,79.5,79.52,79.38,79.38,225
1786364700,79.39,79.45,79.25,79.32,396
1786365000,79.31,79.59,79.3,79.52,526
1786365300,79.52,79.68,79.5,79.63,432
1786365600,79.61,79.78,79.54,79.74,610
1786365900,79.75,79.76,79.65,79.73,388
1786366200,79.74,79.97,79.68,79.9,1208
1786366500,79.91,79.95,79.55,79.73,686
1786366800,79.74,79.74,79.24,79.32,1677
1786367100,79.34,79.58,79.28,79.55,795
1786367400,79.54,79.68,79.42,79.47,618
1786367700,79.47,79.55,79.28,79.3,612
1786368000,79.3,79.55,79.17,79.47,1125
1786368300,79.48,79.69,79.39,79.65,590
1786368600,79.66,79.94,79.61,79.89,1489
1786368900,79.88,79.97,79.82,79.9,1097
1786369200,79.91,80.18,79.86,80.07,2690
1786369500,80.08,80.49,80.08,80.43,2914
1786369800,80.45,80.84,80.41,80.61,3165
1786370100,80.61,80.98,80.57,80.85,1942
1786370400,80.85,80.85,80.6,80.62,1523
1786370700,80.63,80.82,80.59,80.82,866
1786371000,80.8,80.9,80.73,80.74,943
1786371300,80.73,80.75,80.34,80.34,2009
1786371600,80.33,80.53,80.32,80.44,1118
1786371900,80.44,80.49,80.28,80.31,703
1786372200,80.33,80.53,80.28,80.46,766
1786372500,80.49,80.56,80.41,80.49,535
1786372800,80.49,80.65,80.48,80.64,575
1786373100,80.64,80.72,80.53,80.62,662
1786373400,80.64,80.9,80.64,80.83,1122
1786373700,80.82,80.88,80.73,80.76,475
1786374000,80.76,80.93,80.64,80.9,859
1786374300,80.94,81.06,80.83,80.92,1181
1786374600,80.91,80.99,80.78,80.89,614
1786374900,80.88,81.03,80.8,80.89,574
1786375200,80.87,81.21,80.81,81.19,1190
1786375500,81.19,81.31,81.04,81.17,1883
1786375800,81.18,81.28,81.1,81.2,774
1786376100,81.19,81.25,81.02,81.18,710
1786376400,81.19,81.39,81.13,81.3,719
1786376700,81.3,81.37,81.23,81.31,611
1786377000,81.32,81.32,81.08,81.17,909
1786377300,81.17,81.26,81.01,81.03,632
1786377600,81.04,81.07,80.92,80.95,878
1786377900,80.95,81,80.83,80.97,624
1786378200,80.96,81.12,80.91,81.04,565
1786378500,81.04,81.07,80.95,81.02,319
1786378800,81.01,81.2,81,81.15,434
1786379100,81.14,81.23,81.12,81.14,401
1786379400,81.14,81.62,81.05,81.27,1155
1786379700,81.29,81.4,81.15,81.35,769
1786380000,81.34,81.5,81.3,81.47,971
1786380300,81.48,81.48,81.32,81.44,489
1786380600,81.46,81.5,81.34,81.49,365
1786380900,81.48,81.56,81.41,81.41,471
1786381200,81.43,81.64,81.43,81.59,774
1786381500,81.61,81.66,81.42,81.51,712
1786381800,81.5,81.61,81.45,81.52,396
1786382100,81.51,81.56,81.44,81.49,438
1786382400,81.49,81.59,81.44,81.44,380
1786382700,81.46,81.63,81.45,81.6,319
1786383000,81.6,81.73,81.52,81.73,774
1786383300,81.73,81.8,81.67,81.74,1075
1786383600,81.76,81.83,81.74,81.82,578
1786383900,81.81,81.92,81.75,81.86,807
1786384200,81.89,81.94,81.72,81.8,791
1786384500,81.79,81.96,81.75,81.94,434
1786384800,81.94,81.97,81.81,81.82,555
1786385100,81.82,81.85,81.75,81.8,373
1786385400,81.81,81.84,81.76,81.81,311
1786385700,81.8,82.28,81.8,82.2,1869
1786386000,82.2,82.33,82.14,82.2,1033
1786386300,82.2,82.24,82.04,82.17,1307
1786386600,82.19,82.3,82.13,82.28,663
1786386900,82.27,82.28,82.11,82.17,339
1786387200,82.17,82.21,82.09,82.13,382
1786387500,82.13,82.13,82.02,82.05,436
1786387800,82.04,82.1,81.98,82.02,507
1786388100,82.02,82.03,81.87,81.88,604
1786388400,81.89,81.92,81.65,81.74,981
1786388700,81.74,81.79,81.68,81.7,559
1786389000,81.7,81.88,81.69,81.76,584
1786389300,81.76,81.87,81.75,81.84,379
1786389600,81.85,81.94,81.82,81.87,347
1786389900,81.89,82,81.87,81.98,350
1786390200,81.97,82.09,81.95,82.06,476
1786390500,82.07,82.07,81.94,82.04,380
1786390800,82.03,82.1,82,82.02,239
1786391100,82.03,82.08,81.98,82.06,210
1786391400,82.05,82.13,82.02,82.12,182
1786391700,82.12,82.15,82.06,82.13,286
1786392000,82.14,82.18,82.08,82.13,474
1786392300,82.15,82.17,82.07,82.17,290
1786392600,82.18,82.25,82.17,82.19,272
1786392900,82.2,82.23,82.12,82.15,283
1786393200,82.14,82.24,82.12,82.2,290
1786393500,82.22,82.34,82.2,82.29,405
1786393800,82.3,82.39,82.28,82.31,510
1786394100,82.32,82.35,82.23,82.31,357
1786394400,82.32,82.37,82.3,82.37,236
1786394700,82.38,82.39,82.25,82.28,562
1786395000,82.27,82.38,82.27,82.29,236
1786395300,82.31,82.33,82.24,82.29,425
1786399200,82.3,82.31,82.04,82.23,598
1786399500,82.2,82.25,82.18,82.22,99
1786399800,82.23,82.24,82.16,82.18,115
1786400100,82.19,82.19,82.01,82.14,365
1786400400,82.14,82.15,82.08,82.15,195
1786400700,82.14,82.21,82.1,82.15,170
1786401000,82.15,82.19,82.08,82.11,133
1786401300,82.1,82.15,82.1,82.11,63
1786401600,82.12,82.15,82.09,82.13,77
1786401900,82.12,82.14,82.07,82.1,52
1786402200,82.11,82.13,82.09,82.11,46
1786402500,82.11,82.15,82.1,82.12,35
1786402800,82.12,82.13,82.04,82.05,123
1786403100,82.04,82.06,82.01,82.05,142
1786403400,82.07,82.1,82.02,82.04,77
1786403700,82.04,82.04,81.97,82.03,209
1786404000,82.03,82.08,82.01,82.07,102
1786404300,82.07,82.11,82.04,82.08,148
1786404600,82.07,82.15,82.07,82.08,96
1786404900,82.07,82.13,82.07,82.13,83
1786405200,82.13,82.16,82.1,82.11,142
1786405500,82.1,82.19,82.1,82.11,134
1786405800,82.12,82.15,82.09,82.12,59
1786406100,82.14,82.14,82.08,82.11,75
1786406400,82.12,82.15,82.02,82.08,289
1786406700,82.09,82.3,82.09,82.28,462
1786407000,82.28,82.33,82.16,82.17,783
1786407300,82.18,82.19,82.08,82.15,219
1786407600,82.12,82.17,82.06,82.14,118
1786407900,82.14,82.3,82.14,82.19,310
1786408200,82.19,82.26,82.18,82.2,161
1786408500,82.2,82.22,82.18,82.2,100
1786408800,82.2,82.22,82.14,82.16,114
1786409100,82.18,82.48,82.18,82.39,429
1786409400,82.38,82.44,82.28,82.28,383
1786409700,82.29,82.32,82.2,82.21,197
1786410000,82.21,82.21,81.98,82.06,749
1786410300,82.08,82.39,82.07,82.35,459
1786410600,82.36,82.38,82.23,82.26,479
1786410900,82.26,82.32,82.17,82.26,233
1786411200,82.24,82.24,82.1,82.23,241
1786411500,82.23,82.26,82.15,82.19,129
1786411800,82.17,82.27,82.17,82.27,118
1786412100,82.25,82.38,82.22,82.32,338
1786412400,82.31,82.56,82.26,82.41,788
1786412700,82.4,82.5,82.39,82.48,294
1786413000,82.48,82.5,82.4,82.4,224
1786413300,82.38,82.46,82.35,82.41,212
1786413600,82.39,82.4,82.31,82.32,189
1786413900,82.3,82.39,82.27,82.33,174
1786414200,82.32,82.41,82.32,82.39,171
1786414500,82.37,82.4,82.34,82.35,84
1786414800,82.34,82.45,82.3,82.33,201
1786415100,82.31,82.33,82.21,82.28,240
1786415400,82.3,82.3,82.18,82.23,368
1786415700,82.23,82.28,82.16,82.2,161
1786416000,82.19,82.25,82.18,82.18,144
1786416300,82.2,82.43,82.16,82.38,525
1786416600,82.39,82.45,82.33,82.43,365
1786416900,82.41,82.44,82.28,82.35,277
1786417200,82.35,82.41,82.34,82.36,120
1786417500,82.38,82.39,82.3,82.3,143
1786417800,82.29,82.3,82.23,82.27,378
1786418100,82.27,82.41,82.27,82.37,190
1786418400,82.38,82.39,82.29,82.3,233
1786418700,82.29,82.36,82.23,82.25,321
1786419000,82.24,82.25,82.11,82.11,274
1786419300,82.11,82.22,82.08,82.19,214
1786419600,82.19,82.2,82.11,82.12,121
1786419900,82.12,82.14,82.1,82.12,99
1786420200,82.12,82.18,82.11,82.18,100
1786420500,82.18,82.18,82.07,82.08,147
1786420800,82.09,82.11,82.02,82.06,287
1786421100,82.07,82.09,82.01,82.02,185
1786421400,82.01,82.05,82,82.02,162
1786421700,82.03,82.07,81.92,82.03,324
1786422000,82.04,82.07,81.99,82.03,107
1786422300,82.03,82.05,81.93,82.01,272
1786422600,82,82.04,81.95,82.02,135
1786422900,82.02,82.19,82,82.12,359
1786423200,82.14,82.27,82.12,82.26,279
1786423500,82.24,82.33,82.22,82.24,292
1786423800,82.23,82.23,82.16,82.2,194
1786424100,82.18,82.26,82.17,82.25,130
1786424400,82.25,82.31,82.22,82.22,139
1786424700,82.22,82.34,82.22,82.29,146
1786425000,82.3,82.41,82.27,82.39,279
1786425300,82.38,82.52,82.34,82.42,359
1786425600,82.43,82.56,82.41,82.47,422
1786425900,82.46,82.47,82.37,82.4,162
1786426200,82.39,82.54,82.37,82.47,432
1786426500,82.46,82.47,82.25,82.28,364
1786426800,82.28,82.29,82.15,82.26,469
1786427100,82.28,82.41,82.25,82.41,350
1786427400,82.41,82.51,82.41,82.49,422
1786427700,82.49,82.51,82.4,82.46,190
1786428000,82.45,82.53,82.31,82.38,395
1786428300,82.36,82.42,82.33,82.39,158
1786428600,82.41,82.55,82.37,82.52,338
1786428900,82.52,82.77,82.49,82.75,618
1786429200,82.75,82.75,82.51,82.6,741
1786429500,82.61,82.82,82.61,82.81,594
1786429800,82.82,83.43,82.74,83.32,2242
1786430100,83.34,83.51,83.25,83.38,1432
1786430400,83.36,83.67,83.27,83.61,1053
1786430700,83.62,83.7,83.5,83.63,933
1786431000,83.64,83.72,83.47,83.62,778
1786431300,83.64,83.72,83.44,83.45,621
1786431600,83.46,83.63,83.36,83.46,858
1786431900,83.48,83.6,83.23,83.45,971
1786432200,83.47,83.64,83.41,83.6,661
1786432500,83.6,83.76,83.54,83.65,587
1786432800,83.65,83.99,83.64,83.97,1137
1786433100,83.97,83.99,83.6,83.71,794
1786433400,83.73,83.96,83.7,83.9,675
1786433700,83.91,83.91,83.7,83.79,482
1786434000,83.78,83.79,83.65,83.65,344
1786434300,83.66,83.89,83.66,83.84,385
1786434600,83.86,84.06,83.85,83.97,628
1786434900,83.99,84.04,83.93,83.96,375
1786435200,83.96,84.03,83.72,83.97,575
1786435500,83.96,84.14,83.89,84.1,617
1786435800,84.09,84.27,84.05,84.2,736
1786436100,84.18,84.39,84.17,84.34,630
1786436400,84.34,84.45,84.26,84.41,592
1786436700,84.41,84.41,84.23,84.36,589
1786437000,84.37,84.47,84.25,84.35,567
1786437300,84.34,84.37,84.21,84.25,528
1786437600,84.25,84.42,84.18,84.21,448
1786437900,84.23,84.38,84.19,84.35,237
1786438200,84.36,84.41,84.26,84.38,472
1786438500,84.37,84.56,84.34,84.53,1064
1786438800,84.53,84.6,84.41,84.45,707
1786439100,84.44,84.58,84.32,84.56,519
1786439400,84.55,84.64,84.47,84.55,470
1786439700,84.56,84.58,84.42,84.52,328
1786440000,84.53,84.53,84.35,84.44,394
1786440300,84.42,84.52,84.21,84.21,724
1786440600,84.22,84.23,83.97,84.12,1291
1786440900,84.11,84.27,84.06,84.26,462
1786441200,84.25,84.45,84.13,84.45,461
1786441500,84.44,84.45,84.2,84.29,340
1786441800,84.3,84.35,84.21,84.21,235
1786442100,84.22,84.25,84.08,84.23,353
1786442400,84.21,84.35,84.09,84.25,318
1786442700,84.23,84.24,84.01,84.04,388
1786443000,84.04,84.11,83.97,84.03,448
1786443300,84.04,84.16,84.02,84.12,237
1786443600,84.13,84.15,83.83,83.91,980
1786443900,83.93,83.99,83.37,83.62,1916
1786444200,83.62,83.83,83.56,83.61,1030
1786444500,83.6,83.73,83.54,83.69,437
1786444800,83.72,83.76,83.64,83.69,319
1786445100,83.66,83.67,83.35,83.37,826
1786445400,83.38,83.48,83.25,83.47,746
1786445700,83.48,83.6,83.44,83.48,518
1786446000,83.46,83.51,81.91,82.06,4848
1786446300,82.05,82.18,81.84,81.94,2517
1786446600,81.92,82.03,81.68,81.79,1978
1786446900,81.79,82.08,81.75,81.97,1381
1786447200,81.98,82.25,81.86,82.2,1230
1786447500,82.18,82.36,82.07,82.33,967
1786447800,82.3,82.47,82.19,82.26,1113
1786448100,82.28,82.31,81.85,81.88,1156
1786448400,81.87,82.08,81.87,82.03,771
1786448700,82.05,82.32,82,82.22,524
1786449000,82.23,82.24,82.08,82.18,409
1786449300,82.18,82.27,82.09,82.16,384
1786449600,82.16,82.42,82.14,82.36,958
1786449900,82.36,82.36,82.07,82.08,644
1786450200,82.09,82.17,81.81,82.15,1131
1786450500,82.15,82.35,82.11,82.26,713
1786450800,82.26,82.76,82.22,82.76,2114
1786451100,82.75,82.77,82.47,82.47,1040
1786451400,82.47,82.53,82.36,82.42,607
1786451700,82.42,82.46,82.28,82.34,478
1786452000,82.34,82.48,82.31,82.46,496
1786452300,82.46,82.51,82.32,82.39,595
1786452600,82.41,82.6,82.39,82.54,668
1786452900,82.55,82.63,82.52,82.56,799
1786453200,82.55,82.56,81.76,82.01,2728
1786453500,82,82,81.73,81.93,1543
1786453800,81.93,82,81.8,81.87,668
1786454100,81.85,81.93,81.38,81.83,2720
1786454400,81.81,81.99,81.73,81.76,986
1786454700,81.74,81.78,81.44,81.56,1300
1786455000,81.53,81.86,81.51,81.82,1391
1786455300,81.85,81.95,81.58,81.67,1152
1786455600,81.65,81.72,81.49,81.55,711
1786455900,81.53,81.54,81.27,81.36,1511
1786456200,81.35,81.62,81.31,81.6,826
1786456500,81.6,81.65,81.4,81.62,701
1786456800,81.64,81.93,81.62,81.93,1698
1786457100,81.93,82.05,81.84,81.98,910
1786457400,81.97,82.13,81.95,82.01,1030
1786457700,82.02,82.27,81.98,82.12,1555
1786458000,82.13,82.18,81.96,82.05,723
1786458300,82.04,82.22,82,82.22,622
1786458600,82.23,82.34,82.17,82.2,799
1786458900,82.2,82.23,82.11,82.23,401
1786459200,82.23,82.45,82.22,82.33,746
1786459500,82.35,82.38,82.23,82.34,537
1786459800,82.33,82.56,82.3,82.46,1135
1786460100,82.46,82.7,82.41,82.56,1209
1786460400,82.57,82.59,82.38,82.57,927
1786460700,82.56,82.73,82.45,82.46,951
1786461000,82.49,82.51,82.26,82.44,1083
1786461300,82.44,82.65,82.43,82.57,720
1786461600,82.56,82.7,82.53,82.56,546
1786461900,82.55,82.66,82.39,82.59,908
1786462200,82.6,83.25,82.58,83.22,3120
1786462500,83.22,83.35,82.98,83.05,2370
1786462800,83.04,83.33,83.03,83.23,1267
1786463100,83.22,83.25,83.09,83.19,510
1786463400,83.22,83.35,83.16,83.19,706
1786463700,83.19,83.3,83.14,83.28,340
1786464000,83.26,83.27,82.97,83.07,928
1786464300,83.06,83.11,83,83.03,399
1786464600,83.04,83.16,82.88,83.11,909
1786464900,83.12,83.13,82.98,83.06,374
1786465200,83.04,83.04,82.82,82.87,711
1786465500,82.87,83.07,82.77,82.78,531
1786465800,82.79,83.04,82.78,82.93,602
1786466100,82.93,83.01,82.86,82.91,313
1786466400,82.9,83.09,82.9,83,598
1786466700,82.99,83.16,82.92,83.1,503
1786467000,83.1,83.22,83.1,83.13,379
1786467300,83.13,83.19,83.01,83.14,455
1786467600,83.13,83.16,82.97,83.08,356
1786467900,83.09,83.25,83.07,83.17,443
1786468200,83.16,83.21,83.09,83.15,216
1786468500,83.13,83.18,83.09,83.15,221
1786468800,83.13,83.32,82.98,83.2,691
1786469100,83.21,83.34,83.21,83.25,343
1786469400,83.25,83.29,83.15,83.15,257
1786469700,83.16,83.22,83,83.12,502
1786470000,83.11,83.23,83.11,83.14,298
1786470300,83.14,83.23,83.12,83.14,175
1786470600,83.15,83.32,83.14,83.22,331
1786470900,83.22,83.32,83.2,83.29,299
1786471200,83.27,83.39,83.1,83.13,493
1786471500,83.13,83.17,82.99,83.13,564
1786471800,83.16,83.25,83.01,83.01,240
1786472100,83.04,83.14,82.98,83,275
1786472400,82.99,83.1,82.91,83.1,327
1786472700,83.07,83.27,83.03,83.16,686
1786473000,83.17,83.29,83.02,83.03,313
1786473300,83.04,83.24,83.01,83.23,332
1786473600,83.24,83.25,83.14,83.15,232
1786473900,83.14,83.2,83.12,83.13,213
1786474200,83.12,83.24,83.12,83.17,187
1786474500,83.18,83.19,83.13,83.15,94
1786474800,83.16,83.27,83.13,83.26,327
1786475100,83.28,83.29,83.22,83.23,155
1786475400,83.25,83.29,83.2,83.25,89
1786475700,83.26,83.47,83.26,83.4,652
1786476000,83.41,83.44,83.36,83.41,273
1786476300,83.4,83.49,83.39,83.47,271
1786476600,83.48,83.62,83.46,83.5,749
1786476900,83.5,83.5,83.33,83.33,480
1786477200,83.35,83.42,83.32,83.34,307
1786477500,83.35,83.44,83.33,83.42,209
1786477800,83.44,83.47,83.38,83.43,364
1786478100,83.42,83.52,83.42,83.42,209
1786478400,83.42,83.44,83.28,83.37,638
1786478700,83.39,83.53,83.38,83.48,289
1786479000,83.49,83.5,83.41,83.5,128
1786479300,83.48,83.49,83.37,83.4,131
1786479600,83.4,83.45,83.4,83.42,108
1786479900,83.4,83.41,83.34,83.37,104
1786480200,83.38,83.43,83.34,83.4,186
1786480500,83.4,83.43,83.35,83.4,100
1786480800,83.41,83.49,83.41,83.42,132
1786481100,83.46,83.52,83.43,83.45,205
1786481400,83.47,83.49,83.32,83.33,386
1786481700,83.33,83.35,83.19,83.24,413
1786485600,83.5,83.52,83.31,83.41,296
1786485900,83.39,83.55,83.36,83.51,211
1786486200,83.5,83.56,83.49,83.51,144
1786486500,83.51,83.57,83.5,83.56,94
1786486800,83.55,83.58,83.51,83.51,143
1786487100,83.53,83.56,83.5,83.5,73
1786487400,83.52,83.52,83.47,83.51,50
1786487700,83.53,83.56,83.51,83.54,81
1786488000,83.51,83.53,83.5,83.53,17
1786488300,83.53,83.53,83.42,83.46,116
1786488600,83.47,83.48,83.44,83.45,37
1786488900,83.48,83.6,83.45,83.55,128
1786489200,83.5,83.55,83.47,83.5,59
1786489500,83.5,83.5,83.47,83.48,58
1786489800,83.48,83.54,83.48,83.52,62
1786490100,83.51,83.52,83.46,83.5,77
1786490400,83.49,83.5,83.48,83.49,22
1786490700,83.5,83.53,83.47,83.5,83
1786491000,83.48,83.5,83.45,83.47,59
1786491300,83.48,83.49,83.46,83.48,33
1786491600,83.48,83.51,83.47,83.51,48
1786491900,83.51,83.52,83.46,83.46,19
1786492200,83.46,83.51,83.37,83.46,169
1786492500,83.45,83.46,83.42,83.43,44
1786492800,83.43,83.6,83.37,83.54,574
1786493100,83.52,83.76,83.52,83.6,655
1786493400,83.62,83.63,83.54,83.6,193
1786493700,83.6,83.72,83.57,83.65,301
1786494000,83.67,83.73,83.62,83.72,208
1786494300,83.71,83.79,83.68,83.73,248
1786494600,83.71,83.78,83.65,83.76,230
1786494900,83.75,83.79,83.67,83.78,267
1786495200,83.77,83.81,83.7,83.75,192
1786495500,83.76,83.84,83.76,83.8,881
1786495800,83.79,83.95,83.79,83.89,440
1786496100,83.89,83.91,83.76,83.8,190
1786496400,83.82,83.91,83.74,83.85,439
1786496700,83.84,84.02,83.8,83.89,519
1786497000,83.88,83.97,83.77,83.83,340
1786497300,83.83,84.01,83.81,83.97,423
1786497600,83.96,84.01,83.89,83.99,184
1786497900,83.98,84.02,83.9,83.92,228
1786498200,83.92,83.97,83.86,83.97,188
1786498500,83.96,84.02,83.83,83.88,286
1786498800,83.88,83.95,83.78,83.85,297
1786499100,83.83,83.83,83.72,83.73,754
1786499400,83.74,83.83,83.68,83.77,318
1786499700,83.78,83.82,83.76,83.78,121
1786500000,83.78,83.91,83.78,83.87,283
1786500300,83.87,83.91,83.83,83.88,126
1786500600,83.88,83.88,83.78,83.79,144
1786500900,83.79,83.86,83.79,83.85,104
1786501200,83.83,83.85,83.81,83.84,79
1786501500,83.84,83.84,83.79,83.83,128
1786501800,83.83,83.86,83.77,83.8,236
1786502100,83.81,84.02,83.81,83.99,378
1786502400,83.99,84.03,83.97,83.99,574
1786502700,84,84.12,83.99,84,401
1786503000,83.99,84.06,83.96,84.04,229
1786503300,84.03,84.15,84.03,84.05,273
1786503600,84.07,84.15,84.06,84.1,214
1786503900,84.1,84.11,84.01,84.08,111
1786504200,84.07,84.12,84.04,84.08,151
1786504500,84.09,84.19,84.09,84.16,267
1786504800,84.17,84.17,84.04,84.07,179
1786505100,84.05,84.08,83.93,84.02,371
1786505400,83.99,84.09,83.91,84.09,600
1786505700,84.08,84.13,84.03,84.12,141
1786506000,84.13,84.16,84.07,84.16,295
1786506300,84.17,84.25,84.13,84.22,357
1786506600,84.22,84.33,84.19,84.3,445
1786506900,84.29,84.32,84.24,84.28,268
1786507200,84.28,84.35,84.18,84.18,310
1786507500,84.19,84.22,84.12,84.17,259
1786507800,84.17,84.17,84.02,84.05,465
1786508100,84.06,84.12,84.05,84.08,100
1786508400,84.07,84.12,84.06,84.08,104
1786508700,84.08,84.09,83.97,84,1249
1786509000,84,84.05,83.94,83.98,225
1786509300,83.98,84.03,83.92,83.93,293
1786509600,83.93,83.94,83.76,83.79,824
1786509900,83.78,83.83,83.71,83.72,352
1786510200,83.74,83.77,83.65,83.7,361
1786510500,83.72,83.78,83.66,83.69,282
1786510800,83.69,83.81,83.68,83.78,249
1786511100,83.78,83.85,83.74,83.85,208
1786511400,83.85,83.94,83.81,83.87,437
1786511700,83.87,83.88,83.83,83.86,139
1786512000,83.86,83.93,83.75,83.77,251
1786512300,83.77,83.79,83.7,83.79,392
1786512600,83.78,83.79,83.51,83.6,897
1786512900,83.6,83.72,83.52,83.7,295
1786513200,83.71,83.74,83.64,83.72,195
1786513500,83.69,83.83,83.62,83.8,233
1786513800,83.82,83.97,83.8,83.9,482
1786514100,83.89,84.08,83.89,84.03,582
1786514400,84.04,84.06,83.84,83.93,437
1786514700,83.93,84.02,83.87,84.01,346
1786515000,84.02,84.03,83.9,83.92,229
1786515300,83.94,83.94,83.79,83.81,231
1786515600,83.83,83.95,83.74,83.94,341
1786515900,83.94,84,83.84,83.91,305
1786516200,83.88,83.94,83.58,83.58,551
1786516500,83.6,83.62,83.46,83.51,919
1786516800,83.53,83.85,83.49,83.78,480
1786517100,83.79,83.81,83.51,83.57,558
1786517400,83.58,83.63,83.42,83.63,480
1786517700,83.62,83.76,83.57,83.75,346
1786518000,83.72,84.03,83.69,83.88,967
1786518300,83.89,84.01,83.84,83.94,278
1786518600,83.93,84.04,83.85,83.99,286
1786518900,83.98,84.02,83.87,83.93,213
1786519200,83.92,83.95,83.75,83.75,223
1786519500,83.76,83.9,83.74,83.86,250
1786519800,83.86,83.89,83.76,83.88,158
1786520100,83.88,83.93,83.79,83.82,293
1786520400,83.84,83.96,83.81,83.82,190
1786520700,83.86,83.99,83.77,83.86,175
1786521000,83.86,83.97,83.81,83.91,176
1786521300,83.93,84.09,83.81,83.84,709
1786521600,83.84,83.92,83.66,83.77,760
1786521900,83.78,83.86,83.63,83.79,348
1786522200,83.8,83.85,83.64,83.65,366
1786522500,83.7,83.82,83.55,83.58,375
1786522800,83.61,83.68,83.49,83.63,426
1786523100,83.6,83.74,83.32,83.44,1083
1786523400,83.45,83.69,83.41,83.66,657
1786523700,83.66,83.77,83.45,83.52,434
1786524000,83.53,83.63,83.46,83.57,344
1786524300,83.56,83.61,83.53,83.55,150
1786524600,83.55,83.57,83.21,83.22,1024
1786524900,83.24,83.59,83.23,83.57,698
1786525200,83.57,83.59,83.32,83.33,529
1786525500,83.32,83.53,83.32,83.52,253
1786525800,83.51,83.58,83.36,83.38,292
1786526100,83.36,83.38,83.27,83.29,434
1786526400,83.32,83.4,82.72,82.82,1697
1786526700,82.82,82.98,82.68,82.76,1395
1786527000,82.74,82.9,82.57,82.87,1050
1786527300,82.88,82.94,82.66,82.8,703
1786527600,82.79,82.84,82.62,82.75,434
1786527900,82.76,82.79,82.61,82.67,416
1786528200,82.65,83.12,82.45,83.05,1804
1786528500,83.05,83.22,82.94,83,738
1786528800,83.02,83.13,83,83.11,404
1786529100,83.12,83.13,82.9,83.01,346
1786529400,82.99,83.07,82.91,83.01,385
1786529700,83.01,83.01,82.82,82.93,297
1786530000,82.9,83.03,82.9,82.97,277
1786530300,82.95,83.17,82.89,83.17,249
1786530600,83.14,83.24,83.09,83.14,585
1786530900,83.15,83.19,83.09,83.11,219
1786531200,83.08,83.14,83.02,83.08,218
1786531500,83.11,83.73,82.98,83.54,1202
1786531800,83.5,83.61,83.32,83.4,1411
1786532100,83.41,83.47,83.25,83.4,656
1786532400,83.39,83.54,83.25,83.39,622
1786532700,83.37,83.57,83.37,83.51,361
1786533000,83.52,83.67,83.39,83.4,604
1786533300,83.42,83.57,83.36,83.45,321
1786533600,83.42,83.46,83.35,83.46,133
1786533900,83.43,83.44,83.3,83.42,182
1786534200,83.41,83.43,83.14,83.19,429
1786534500,83.19,83.36,83.16,83.28,300
1786534800,83.32,83.42,83.28,83.4,201
1786535100,83.41,83.67,83.4,83.65,524
1786535400,83.65,83.74,83.57,83.69,635
1786535700,83.68,83.78,83.58,83.75,404
1786536000,83.73,83.75,83.5,83.64,425
1786536300,83.64,83.81,83.62,83.78,369
1786536600,83.76,83.79,83.65,83.74,235
1786536900,83.73,83.78,83.68,83.76,286
1786537200,83.75,83.75,83.6,83.75,323
1786537500,83.75,83.78,83.64,83.76,313
1786537800,83.72,83.88,83.64,83.73,588
1786538100,83.72,83.75,83.45,83.49,897
1786538400,83.51,83.63,83.42,83.42,648
1786538700,83.42,83.47,83.08,83.12,1124
1786539000,83.13,83.27,83.12,83.22,607
1786539300,83.22,83.31,83,83,834
1786539600,82.99,83.07,82.8,82.87,1567
1786539900,82.87,82.94,82.77,82.86,819
1786540200,82.88,82.98,82.72,82.9,644
1786540500,82.9,83.08,82.66,82.74,1145
1786540800,82.73,82.86,82.62,82.76,829
1786541100,82.76,82.95,82.76,82.89,637
1786541400,82.9,83.08,82.8,82.91,897
1786541700,82.91,82.94,82.7,82.73,529
1786542000,82.76,82.83,82.65,82.8,556
1786542300,82.78,82.89,82.74,82.87,525
1786542600,82.86,82.86,82.56,82.63,913
1786542900,82.62,82.73,82.55,82.69,877
1786543200,82.7,82.77,82.5,82.5,687
1786543500,82.51,82.71,82.47,82.61,818
1786543800,82.63,82.9,82.59,82.9,926
1786544100,82.9,82.94,82.68,82.8,629
1786544400,82.77,82.81,82.62,82.71,529
1786544700,82.71,83.02,82.7,83,586
1786545000,83,83.01,82.35,82.78,2702
1786545300,82.78,83.02,82.76,82.94,1131
1786545600,82.95,82.96,82.68,82.74,588
1786545900,82.74,82.98,82.65,82.96,965
1786546200,82.96,83.08,82.87,82.96,668
1786546500,82.96,83.11,82.93,83,919
1786546800,83,83.26,82.89,83.23,1016
1786547100,83.22,83.24,83.12,83.16,619
1786547400,83.16,83.19,83.06,83.18,544
1786547700,83.18,83.3,83.17,83.23,694
1786548000,83.25,83.33,83.07,83.08,845
1786548300,83.07,83.24,82.98,83.12,951
1786548600,83.13,83.31,83.13,83.31,750
1786548900,83.31,83.32,83.12,83.16,472
1786549200,83.16,83.28,83.09,83.28,485
1786549500,83.25,83.42,83.25,83.32,727
1786549800,83.34,83.45,83.34,83.43,379
1786550100,83.4,83.46,83.28,83.34,557
1786550400,83.31,83.35,83.04,83.11,794
1786550700,83.13,83.33,83.11,83.31,398
1786551000,83.31,83.33,83.01,83.02,488
1786551300,83.01,83.22,82.93,83.21,736
1786551600,83.18,83.27,83.13,83.22,309
1786551900,83.23,83.26,83.11,83.12,255
1786552200,83.13,83.25,83.06,83.23,308
1786552500,83.22,83.22,83.07,83.1,205
1786552800,83.1,83.1,82.97,83.08,380
1786553100,83.07,83.13,83.03,83.06,164
1786553400,83.08,83.11,83.01,83.05,214
1786553700,83.07,83.11,82.86,82.88,578
1786554000,82.88,82.93,82.79,82.88,580
1786554300,82.87,82.97,82.76,82.95,378
1786554600,82.95,83.05,82.94,83,525
1786554900,82.99,83.38,82.99,83.25,1070
1786555200,83.24,83.24,82.81,82.82,889
1786555500,82.83,83.03,82.82,83.02,340
1786555800,83.01,83.09,82.9,82.91,450
1786556100,82.93,83.14,82.93,83.12,355
1786556400,83.1,83.23,83,83.06,551
1786556700,83.04,83.07,82.95,82.98,208
1786557000,82.99,83.21,82.92,83.18,538
1786557300,83.18,83.19,83.09,83.13,194
1786557600,83.14,83.17,82.94,82.97,445
1786557900,82.95,82.99,82.83,82.85,314
1786558200,82.83,82.92,82.82,82.91,291
1786558500,82.91,83.01,82.91,82.93,250
1786558800,82.94,83.04,82.92,82.99,214
1786559100,82.99,83.4,82.89,83.37,1511
1786559400,83.38,83.4,83.22,83.36,586
1786559700,83.33,83.39,83.25,83.35,319
1786560000,83.33,83.33,83.22,83.25,177
1786560300,83.23,83.26,83.18,83.19,119
1786560600,83.2,83.24,83.14,83.2,147
1786560900,83.21,83.25,83.19,83.2,72
1786561200,83.21,83.24,83.1,83.12,217
1786561500,83.12,83.14,83.05,83.1,224
1786561800,83.12,83.14,83.05,83.12,104
1786562100,83.13,83.15,83.1,83.12,74
1786562400,83.11,83.13,83.07,83.1,101
1786562700,83.11,83.13,83.02,83.07,172
1786563000,83.07,83.08,82.94,82.95,236
1786563300,82.98,83.04,82.87,83,304
1786563600,82.99,83.01,82.94,82.99,199
1786563900,82.97,83.01,82.94,82.96,124
1786564200,82.98,83.02,82.94,82.95,113
1786564500,82.97,83.03,82.97,82.99,206
1786564800,83.01,83.03,82.89,82.9,159
1786565100,82.91,82.91,82.83,82.84,147
1786565400,82.83,82.94,82.78,82.88,288
1786565700,82.9,82.92,82.87,82.87,40
1786566000,82.88,82.88,82.83,82.85,48
1786566300,82.86,82.9,82.83,82.88,133
1786566600,82.88,82.89,82.81,82.85,102
1786566900,82.84,82.85,82.57,82.57,634
1786567200,82.57,82.64,82.55,82.62,200
1786567500,82.63,82.66,82.51,82.64,582
1786567800,82.63,82.65,82.53,82.61,142
1786568100,82.61,82.66,82.54,82.59,270
1786572000,82.72,82.74,82.61,82.71,214
1786572300,82.72,82.86,82.72,82.81,191
1786572600,82.8,82.8,82.69,82.75,114
1786572900,82.76,82.79,82.75,82.78,58
1786573200,82.78,82.79,82.72,82.74,70
1786573500,82.73,82.77,82.71,82.73,50
1786573800,82.74,82.74,82.67,82.71,43
1786574100,82.68,82.71,82.66,82.68,91
1786574400,82.68,82.7,82.66,82.69,40
1786574700,82.69,82.71,82.68,82.71,39
1786575000,82.71,82.72,82.68,82.68,84
1786575300,82.7,82.72,82.68,82.7,31
1786575600,82.72,82.75,82.71,82.71,60
1786575900,82.72,82.72,82.71,82.71,7
1786576200,82.73,82.75,82.7,82.72,40
1786576500,82.73,82.74,82.71,82.72,99
1786576800,82.74,82.8,82.74,82.76,92
1786577100,82.77,82.78,82.75,82.76,42
1786577400,82.76,82.79,82.76,82.79,45
1786577700,82.77,82.8,82.72,82.73,62
1786578000,82.76,82.76,82.71,82.74,14
1786578300,82.72,82.72,82.67,82.68,47
1786578600,82.67,82.72,82.62,82.7,89
1786578900,82.7,82.71,82.65,82.66,93
1786579200,82.65,82.65,82.51,82.55,483
1786579500,82.57,82.65,82.48,82.52,628
1786579800,82.53,82.57,82.19,82.45,702
1786580100,82.45,82.48,82.32,82.46,321
1786580400,82.47,82.51,82.32,82.37,219
1786580700,82.35,82.38,82.28,82.36,201
1786581000,82.35,82.41,82.24,82.33,397
1786581300,82.34,82.36,82.28,82.32,111
1786581600,82.32,82.34,82.26,82.27,215
1786581900,82.28,82.31,82.14,82.29,405
1786582200,82.29,82.3,82.22,82.25,152
1786582500,82.25,82.34,82.05,82.09,424
1786582800,82.08,82.23,81.91,82.12,980
1786583100,82.11,82.18,82.04,82.06,334
1786583400,82.08,82.2,81.94,82.16,497
1786583700,82.17,82.23,82.13,82.19,242
1786584000,82.19,82.33,82.18,82.3,488
1786584300,82.29,82.35,82.27,82.34,230
1786584600,82.35,82.45,82.25,82.29,501
1786584900,82.31,82.33,82.26,82.31,116
1786585200,82.28,82.36,82.26,82.27,159
1786585500,82.27,82.28,82.17,82.2,278
1786585800,82.19,82.32,82.15,82.29,176
1786586100,82.27,82.28,82.18,82.26,170
1786586400,82.25,82.32,82.21,82.27,142
1786586700,82.25,82.26,82.14,82.22,148
1786587000,82.22,82.24,82.11,82.12,168
1786587300,82.11,82.14,82.07,82.1,256
1786587600,82.09,82.18,82.07,82.15,150
1786587900,82.14,82.19,82.11,82.16,72
1786588200,82.17,82.25,82.12,82.14,337
1786588500,82.14,82.2,82.1,82.18,99
1786588800,82.19,82.23,82.11,82.23,185
1786589100,82.22,82.25,82.2,82.22,94
1786589400,82.22,82.23,82.16,82.2,112
1786589700,82.23,82.31,82.2,82.27,166
1786590000,82.26,82.28,82.12,82.22,229
1786590300,82.2,82.2,82.07,82.12,200
1786590600,82.1,82.11,82.02,82.06,199
1786590900,82.06,82.22,82.06,82.22,203
1786591200,82.22,82.36,82.21,82.36,282
1786591500,82.38,82.44,82.31,82.43,370
1786591800,82.41,82.63,82.4,82.5,678
1786592100,82.5,82.52,82.4,82.46,205
1786592400,82.46,82.48,82.4,82.42,93
1786592700,82.45,82.5,82.42,82.44,126
1786593000,82.45,82.54,82.42,82.53,104
1786593300,82.54,82.69,82.54,82.61,387
1786593600,82.61,82.73,82.61,82.73,268
1786593900,82.73,82.79,82.66,82.75,291
1786594200,82.75,82.87,82.74,82.86,318
1786594500,82.87,82.94,82.87,82.9,345
1786594800,82.89,82.94,82.87,82.94,211
1786595100,82.93,82.98,82.89,82.96,184
1786595400,82.96,83.02,82.94,82.99,255
1786595700,82.99,83.01,82.88,82.93,273
1786596000,82.92,82.95,82.86,82.92,158
1786596300,82.92,82.97,82.88,82.9,144
1786596600,82.89,82.95,82.89,82.92,56
1786596900,82.91,83.01,82.87,83,160
1786597200,83.01,83.13,83,83.1,363
1786597500,83.1,83.11,83.05,83.1,111
1786597800,83.09,83.18,83.02,83.04,215
1786598100,83.01,83.09,82.99,83.06,146
1786598400,83.05,83.08,82.99,83,220
1786598700,82.99,83.04,82.9,83.01,277
1786599000,82.98,83.22,82.97,83.05,467
1786599300,83.05,83.05,82.88,82.91,430
1786599600,82.94,83,82.93,82.93,269
1786599900,82.93,83.07,82.93,82.97,132
1786600200,82.98,83.19,82.98,83.17,265
1786600500,83.17,83.24,83.02,83.11,369
1786600800,83.11,83.18,82.97,83.1,284
1786601100,83.1,83.15,83.03,83.08,141
1786601400,83.06,83.07,82.98,83.04,166
1786601700,83.04,83.11,82.94,83.05,217
1786602000,83.01,83.13,83.01,83.08,142
1786602300,83.08,83.1,83,83.05,112
1786602600,83.06,83.27,83.06,83.27,410
1786602900,83.25,83.31,83.17,83.21,365
1786603200,83.22,83.22,82.95,82.96,623
1786603500,82.97,83.07,82.91,83.07,381
1786603800,83.05,83.06,82.8,82.84,516
1786604100,82.86,82.88,82.69,82.74,631
1786604400,82.75,82.87,82.7,82.84,332
1786604700,82.85,82.87,82.77,82.81,208
1786605000,82.82,82.95,82.75,82.94,244
1786605300,82.93,83.14,82.9,82.97,497
1786605600,82.95,82.95,82.77,82.79,328
1786605900,82.78,82.88,82.56,82.6,767
1786606200,82.59,82.61,82.15,82.19,1083
1786606500,82.21,82.34,82.1,82.11,681
1786606800,82.11,82.17,81.81,81.89,1357
1786607100,81.86,82.15,81.86,82.13,543
1786607400,82.13,82.15,81.99,81.99,398
1786607700,81.98,82.28,81.92,82.22,724
1786608000,82.21,82.47,82.2,82.25,881
1786608300,82.25,82.3,82.04,82.17,582
1786608600,82.17,82.27,82.09,82.15,298
1786608900,82.15,82.17,82.02,82.17,274
1786609200,82.17,82.27,82.08,82.09,304
1786609500,82.08,82.14,81.84,82.09,1056
1786609800,82.09,82.15,81.68,81.74,751
1786610100,81.74,81.87,81.68,81.82,477
1786610400,81.82,81.87,81.64,81.85,385
1786610700,81.84,81.91,81.8,81.8,285
1786611000,81.79,81.87,81.76,81.79,217
1786611300,81.79,81.85,81.72,81.81,457
1786611600,81.78,81.83,81.58,81.6,741
1786611900,81.6,81.75,81.47,81.74,751
1786612200,81.72,81.72,81.22,81.35,1341
1786612500,81.35,81.57,81.34,81.52,688
1786612800,81.5,81.56,81.43,81.55,280
1786613100,81.54,81.84,81.49,81.72,578
1786613400,81.72,81.76,81.58,81.73,394
1786613700,81.71,81.82,81.61,81.78,248
1786614000,81.79,81.89,81.75,81.81,317
1786614300,81.79,81.87,81.72,81.83,182
1786614600,81.81,81.81,81.69,81.71,229
1786614900,81.71,81.88,81.64,81.88,220
1786615200,81.88,82.06,81.86,82,806
1786615500,82,82.14,81.98,82.12,274
1786615800,82.12,82.17,81.99,82.11,422
1786616100,82.1,82.13,81.98,82.02,186
1786616400,82.01,82.03,81.67,81.67,518
1786616700,81.67,81.74,81.5,81.51,617
1786617000,81.5,81.58,81.36,81.51,720
1786617300,81.53,81.6,81.42,81.47,396
1786617600,81.5,81.62,81.47,81.49,227
1786617900,81.51,81.6,81.41,81.41,268
1786618200,81.4,81.6,81.36,81.58,339
1786618500,81.58,81.58,81.43,81.44,261
1786618800,81.47,81.58,81.39,81.55,329
1786619100,81.53,81.55,81.4,81.41,165
1786619400,81.41,81.46,81.25,81.43,501
1786619700,81.42,81.54,81.37,81.44,248
1786620000,81.45,81.61,81.42,81.56,321
1786620300,81.57,81.67,81.54,81.59,397
1786620600,81.59,81.61,81.43,81.5,360
1786620900,81.5,81.69,81.49,81.67,287
1786621200,81.67,81.73,81.6,81.62,295
1786621500,81.62,81.62,81.5,81.61,183
1786621800,81.62,81.66,81.48,81.55,293
1786622100,81.55,81.62,81.52,81.6,119
1786622400,81.61,81.65,81.42,81.47,307
1786622700,81.46,81.48,81.08,81.19,1558
1786623000,81.18,81.57,81.12,81.53,1118
1786623300,81.54,81.61,81.42,81.54,522
1786623600,81.55,81.65,81.49,81.56,305
1786623900,81.56,81.57,81.42,81.51,213
1786624200,81.51,81.59,81.28,81.3,495
1786624500,81.32,81.41,81.2,81.2,615
1786624800,81.22,81.37,81.12,81.28,628
1786625100,81.29,81.35,81.18,81.34,350
1786625400,81.3,81.32,81.23,81.26,253
1786625700,81.27,81.31,81.2,81.22,343
1786626000,81.23,81.32,81.05,81.27,1136
1786626300,81.27,81.36,80.8,80.9,2379
1786626600,80.91,81.08,80.78,80.92,1326
1786626900,80.9,81.1,80.85,81.05,696
1786627200,81.05,81.07,80.88,80.93,503
1786627500,80.94,81.07,80.87,81.04,470
1786627800,81.04,81.15,80.85,81.05,1017
1786628100,81.04,81.27,81.01,81.22,888
1786628400,81.22,81.37,81.22,81.27,835
1786628700,81.27,81.27,81.07,81.07,894
1786629000,81.09,81.21,80.29,80.71,2515
1786629300,80.71,80.84,80.62,80.64,1293
1786629600,80.64,80.65,80.31,80.38,1802
1786629900,80.37,80.38,80.11,80.11,1945
1786630200,80.12,80.31,80.09,80.31,1390
1786630500,80.32,80.47,80.27,80.34,958
1786630800,80.35,80.67,80.32,80.57,934
1786631100,80.56,80.82,80.54,80.8,1036
1786631400,80.82,81.01,80.74,80.85,1674
1786631700,80.86,81.03,80.78,80.92,886
1786632000,80.91,81.03,80.86,80.96,775
1786632300,80.94,81.17,80.91,81.1,737
1786632600,81.07,81.26,81.04,81.2,1001
1786632900,81.18,81.29,81.12,81.23,606
1786633200,81.23,81.5,81.2,81.44,1418
1786633500,81.43,81.58,81.38,81.49,1273
1786633800,81.49,82.07,81.46,82.04,2637
1786634100,82.05,82.47,82,82.17,3385
1786634400,82.17,82.33,82.09,82.3,1713
1786634700,82.31,82.74,82.28,82.62,3723
1786635000,82.62,82.64,82.34,82.53,1858
1786635300,82.52,82.54,82.11,82.12,1661
1786635600,82.14,82.38,82.02,82.34,1535
1786635900,82.37,82.49,82.32,82.44,961
1786636200,82.46,82.7,82.39,82.53,1057
1786636500,82.5,82.66,82.5,82.55,523
1786636800,82.56,82.65,82.45,82.63,659
1786637100,82.63,82.68,82.41,82.44,545
1786637400,82.45,82.64,82.41,82.53,574
1786637700,82.52,82.6,82.38,82.43,431
1786638000,82.41,82.44,82.24,82.27,711
1786638300,82.28,82.45,82.22,82.3,532
1786638600,82.3,82.32,81.95,82,1148
1786638900,81.99,82.09,81.96,81.99,618
1786639200,81.97,82.02,81.88,81.92,651
1786639500,81.94,82.02,81.83,81.83,735
1786639800,81.85,81.98,81.8,81.92,526
1786640100,81.91,82.07,81.91,81.96,400
1786640400,81.95,82.01,81.87,81.9,373
1786640700,81.9,82.02,81.87,81.98,272
1786641000,81.99,82.15,81.99,82.07,665
1786641300,82.09,82.11,81.93,82.06,347
1786641600,82.08,82.08,81.88,81.91,258
1786641900,81.9,81.91,81.83,81.85,345
1786642200,81.86,81.99,81.83,81.97,291
1786642500,82,82.05,81.85,81.94,295
1786642800,81.95,82.06,81.95,82.04,238
1786643100,82.07,82.1,81.88,81.91,332
1786643400,81.9,81.95,81.85,81.89,239
1786643700,81.89,81.9,81.8,81.82,354
1786644000,81.8,81.8,81.39,81.39,1640
1786644300,81.38,81.52,81.27,81.28,751
1786644600,81.29,81.29,81.07,81.22,871
1786644900,81.22,81.4,81.17,81.36,680
1786645200,81.36,81.6,81.36,81.46,963
1786645500,81.46,81.53,81.06,81.16,1248
1786645800,81.18,81.19,81.02,81.14,643
1786646100,81.14,81.21,80.92,80.95,719
1786646400,80.95,81.02,80.85,81.01,822
1786646700,81.02,81.07,80.92,81.04,277
1786647000,81.03,81.2,81.01,81.17,412
1786647300,81.17,81.23,81.11,81.15,228
1786647600,81.17,81.18,81.05,81.09,299
1786647900,81.1,81.12,81.04,81.09,180
1786648200,81.08,81.24,81.05,81.21,283
1786648500,81.22,81.31,81.21,81.27,309
1786648800,81.29,81.32,81.2,81.23,192
1786649100,81.2,81.26,81.15,81.23,149
1786649400,81.23,81.28,81.21,81.23,112
1786649700,81.24,81.3,81.22,81.24,106
1786650000,81.25,81.29,81.21,81.27,150
1786650300,81.27,81.29,81.21,81.23,112
1786650600,81.22,81.24,81.11,81.21,274
1786650900,81.22,81.34,81.2,81.28,312
1786651200,81.28,81.28,81.11,81.18,235
1786651500,81.17,81.24,81.06,81.24,196
1786651800,81.23,81.26,81.15,81.16,103
1786652100,81.16,81.19,81.13,81.18,124
1786652400,81.17,81.21,81.14,81.17,174
1786652700,81.19,81.32,81.13,81.31,314
1786653000,81.27,81.33,81.11,81.17,296
1786653300,81.14,81.21,81.1,81.1,168
1786653600,81.11,81.24,81.11,81.22,203
1786653900,81.22,81.23,81.17,81.21,145
1786654200,81.21,81.22,81.13,81.2,148
1786654500,81.21,81.22,81.1,81.2,320
1786658400,81.26,81.36,81.01,81.09,394
1786658700,81.09,81.11,81.03,81.06,181
1786659000,81.07,81.09,81.05,81.09,73
1786659300,81.08,81.09,81.05,81.05,77
1786659600,81.04,81.08,81.04,81.07,56
1786659900,81.07,81.12,81.07,81.09,88
1786660200,81.08,81.09,81.07,81.08,15
1786660500,81.08,81.08,81.06,81.08,13
1786660800,81.08,81.1,81.06,81.09,49
1786661100,81.07,81.13,81.07,81.12,98
1786661400,81.12,81.12,81.07,81.09,35
1786661700,81.08,81.12,81.06,81.1,47
1786662000,81.08,81.15,81.06,81.15,47
1786662300,81.13,81.17,81.12,81.14,86
1786662600,81.16,81.16,81.14,81.15,33
1786662900,81.16,81.2,81.16,81.2,99
1786663200,81.2,81.23,81.17,81.18,98
1786663500,81.18,81.25,81.18,81.24,61
1786663800,81.23,81.28,81.2,81.28,108
1786664100,81.27,81.3,81.24,81.28,88
1786664400,81.3,81.35,81.29,81.33,164
1786664700,81.32,81.35,81.27,81.35,121
1786665000,81.35,81.37,81.3,81.36,58
1786665300,81.37,81.38,81.32,81.35,91
1786665600,81.32,81.42,81.26,81.41,523
1786665900,81.4,81.44,81.27,81.3,332
1786666200,81.31,81.42,81.31,81.36,215
1786666500,81.36,81.38,81.18,81.23,314
1786666800,81.25,81.28,81.19,81.27,87
1786667100,81.31,81.34,81.19,81.21,312
1786667400,81.21,81.27,81.2,81.24,149
1786667700,81.23,81.25,81.19,81.19,82
1786668000,81.2,81.22,81.12,81.13,162
1786668300,81.16,81.2,81.12,81.14,122
1786668600,81.13,81.14,81.07,81.13,189
1786668900,81.12,81.13,81.03,81.06,175
1786669200,81.06,81.3,80.99,81.29,635
1786669500,81.26,81.39,81.23,81.32,470
1786669800,81.32,81.33,81.17,81.21,304
1786670100,81.21,81.35,81.16,81.3,269
1786670400,81.35,81.41,81.13,81.14,312
1786670700,81.18,81.32,81.15,81.29,141
1786671000,81.31,81.34,81.05,81.1,260
1786671300,81.11,81.15,80.92,80.98,674
1786671600,80.99,81.02,80.91,80.97,185
1786671900,80.99,81.03,80.88,80.91,165
1786672200,80.92,80.94,80.82,80.87,298
1786672500,80.86,80.97,80.84,80.93,313
1786672800,80.92,80.93,80.7,80.83,717
1786673100,80.85,80.96,80.81,80.93,186
1786673400,80.93,80.94,80.86,80.91,111
1786673700,80.91,80.98,80.87,80.87,151
1786674000,80.89,80.93,80.86,80.86,114
1786674300,80.85,80.85,80.79,80.83,177
1786674600,80.82,81.1,80.82,81.1,428
1786674900,81.11,81.19,81.09,81.14,304
1786675200,81.14,81.29,81.12,81.25,321
1786675500,81.26,81.37,81.24,81.3,300
1786675800,81.31,81.36,81.24,81.34,199
1786676100,81.35,81.4,81.31,81.36,222
1786676400,81.36,81.38,81.21,81.24,193
1786676700,81.22,81.29,81.18,81.28,132
1786677000,81.28,81.34,81.26,81.31,121
1786677300,81.29,81.29,81.25,81.27,34
1786677600,81.26,81.27,81.2,81.22,87
1786677900,81.22,81.32,81.21,81.3,79
1786678200,81.34,81.45,81.33,81.41,322
1786678500,81.41,81.48,81.4,81.42,264
1786678800,81.41,81.41,81.32,81.35,224
1786679100,81.34,81.41,81.31,81.33,64
1786679400,81.35,81.39,81.3,81.39,69
1786679700,81.38,81.4,81.34,81.36,63
1786680000,81.34,81.45,81.34,81.45,130
1786680300,81.43,81.44,81.37,81.37,67
1786680600,81.38,81.39,81.32,81.34,70
1786680900,81.36,81.37,81.25,81.27,137
1786681200,81.27,81.3,81.26,81.26,47
1786681500,81.25,81.32,81.2,81.29,163
1786681800,81.3,81.35,81.28,81.33,97
1786682100,81.32,81.38,81.32,81.36,65
1786682400,81.34,81.34,81.29,81.34,63
1786682700,81.33,81.38,81.3,81.37,46
1786683000,81.38,81.42,81.34,81.34,121
1786683300,81.34,81.39,81.33,81.39,65
1786683600,81.38,81.44,81.32,81.41,175
1786683900,81.4,81.41,81.34,81.34,90
1786684200,81.34,81.4,81.27,81.29,112
1786684500,81.3,81.37,81.29,81.35,62
1786684800,81.36,81.42,81.34,81.39,109
1786685100,81.39,81.42,81.37,81.41,83
1786685400,81.41,81.59,81.41,81.51,487
1786685700,81.5,81.75,81.48,81.67,581
1786686000,81.67,81.69,81.6,81.62,253
1786686300,81.62,81.67,81.54,81.65,186
1786686600,81.66,81.8,81.66,81.78,317
1786686900,81.79,81.99,81.76,81.96,847
1786687200,81.99,82.06,81.92,81.99,497
1786687500,81.98,82.09,81.95,81.96,369
1786687800,81.96,81.98,81.8,81.87,372
1786688100,81.87,82.04,81.86,82.02,207
1786688400,82.02,82.1,81.97,81.97,214
1786688700,81.97,82.24,81.96,82.19,533
1786689000,82.21,82.22,82.07,82.14,306
1786689300,82.13,82.15,81.98,82.01,312
1786689600,82.01,82.27,82.01,82.13,521
1786689900,82.1,82.22,82.07,82.07,326
1786690200,82.08,82.2,82.06,82.12,218
1786690500,82.13,82.17,82.08,82.17,107
1786690800,82.17,82.63,82.16,82.59,1201
1786691100,82.58,82.7,82.55,82.64,584
1786691400,82.68,82.98,82.62,82.96,1073
1786691700,82.96,82.98,82.77,82.86,647
1786692000,82.85,82.88,82.68,82.7,365
1786692300,82.71,82.77,82.64,82.73,452
1786692600,82.73,82.84,82.73,82.77,191
1786692900,82.79,82.82,82.68,82.7,277
1786693200,82.71,82.85,82.7,82.81,326
1786693500,82.8,82.82,82.65,82.67,196
1786693800,82.69,82.88,82.66,82.83,223
1786694100,82.82,82.93,82.75,82.88,407
1786694400,82.86,82.92,82.67,82.72,486
1786694700,82.73,82.85,82.68,82.81,257
1786695000,82.81,82.97,82.77,82.84,504
1786695300,82.85,82.88,82.7,82.72,231
1786695600,82.74,82.84,82.7,82.79,252
1786695900,82.78,82.79,82.45,82.53,1393
1786696200,82.53,82.72,82.52,82.59,601
1786696500,82.57,82.58,82.23,82.29,971
1786696800,82.3,82.59,82.27,82.56,583
1786697100,82.57,82.6,82.45,82.57,322
1786697400,82.58,82.62,82.43,82.52,273
1786697700,82.51,82.6,82.48,82.56,151
1786698000,82.55,82.6,82.41,82.49,279
1786698300,82.48,82.53,82.31,82.38,300
1786698600,82.36,82.44,82.3,82.32,260
1786698900,82.33,82.4,82.26,82.33,216
1786699200,82.31,82.32,82.09,82.18,662
1786699500,82.16,82.24,82.12,82.14,298
1786699800,82.15,82.27,82.02,82.25,598
1786700100,82.27,82.47,82.23,82.39,670
1786700400,82.38,82.41,82.18,82.27,313
1786700700,82.29,82.32,82.15,82.28,371
1786701000,82.3,82.36,82.07,82.08,377
1786701300,82.08,82.23,82.03,82.09,366
1786701600,82.1,82.1,81.96,82.05,474
1786701900,82.04,82.04,81.81,81.86,735
1786702200,81.88,81.88,81.76,81.85,498
1786702500,81.84,81.84,81.72,81.82,335
1786702800,81.79,81.81,81.73,81.8,358
1786703100,81.78,81.94,81.78,81.83,529
1786703400,81.84,81.9,81.72,81.8,385
1786703700,81.78,81.84,81.68,81.68,350
1786704000,81.69,81.82,81.69,81.73,225
1786704300,81.74,81.78,81.63,81.67,354
1786704600,81.66,81.66,81.42,81.43,1194
1786704900,81.44,81.62,81.41,81.52,592
1786705200,81.52,81.86,81.48,81.79,905
1786705500,81.79,81.83,81.65,81.74,339
1786705800,81.71,81.85,81.69,81.69,441
1786706100,81.7,81.76,81.66,81.73,203
1786706400,81.71,81.79,81.61,81.72,285
1786706700,81.72,81.74,81.58,81.7,302
1786707000,81.68,81.73,81.58,81.63,271
1786707300,81.65,81.66,81.47,81.53,333
1786707600,81.54,81.56,81.44,81.51,273
1786707900,81.5,81.59,81.48,81.5,280
1786708200,81.52,81.54,81.44,81.51,267
1786708500,81.54,81.67,81.53,81.57,330
1786708800,81.56,81.76,81.52,81.76,421
1786709100,81.74,81.95,81.69,81.92,991
1786709400,81.93,82.18,81.83,81.9,1223
1786709700,81.9,82.07,81.88,82,463
1786710000,81.99,82.02,81.78,81.82,617
1786710300,81.84,81.96,81.76,81.78,257
1786710600,81.76,81.81,81.35,81.37,1471
1786710900,81.37,81.56,81.35,81.45,756
1786711200,81.47,81.61,81.3,81.35,589
1786711500,81.35,81.37,81.14,81.19,975
1786711800,81.17,81.28,81.12,81.24,528
1786712100,81.25,81.3,81.13,81.13,433
1786712400,81.15,81.38,81.09,81.28,847
1786712700,81.27,81.46,81.15,81.42,792
1786713000,81.4,81.43,81.3,81.4,463
1786713300,81.39,81.52,81.31,81.41,802
1786713600,81.4,81.45,81.2,81.3,737
1786713900,81.28,81.31,81.06,81.29,840
1786714200,81.29,81.29,80.98,81.02,1291
1786714500,80.98,81.05,80.81,80.81,2276
1786714800,80.81,80.95,80.75,80.9,1030
1786715100,80.89,81.01,80.82,80.98,578
1786715400,80.98,81.07,80.87,81.07,631
1786715700,81.06,81.22,81,81.18,909
1786716000,81.18,81.43,81.13,81.32,1639
1786716300,81.33,81.49,81.32,81.45,836
1786716600,81.46,81.53,81.15,81.22,1308
1786716900,81.2,81.44,81.15,81.42,2043
1786717200,81.4,81.52,81.3,81.5,1091
1786717500,81.5,81.55,81.36,81.37,597
1786717800,81.37,81.62,81.37,81.52,1059
1786718100,81.5,81.66,81.44,81.56,785
1786718400,81.55,81.78,81.52,81.72,970
1786718700,81.7,81.72,81.33,81.59,1425
1786719000,81.61,81.75,81.52,81.73,890
1786719300,81.72,81.87,81.7,81.71,742
1786719600,81.71,81.83,81.58,81.81,855
1786719900,81.82,81.86,81.71,81.71,530
1786720200,81.72,81.74,81.54,81.67,896
1786720500,81.67,81.7,81.33,81.5,1520
1786720800,81.48,81.75,81.44,81.71,962
1786721100,81.71,81.89,81.66,81.72,1248
1786721400,81.73,81.92,81.68,81.75,1243
1786721700,81.74,81.77,81.62,81.67,533
1786722000,81.68,81.7,81.5,81.6,566
1786722300,81.58,81.77,81.56,81.74,479
1786722600,81.72,81.76,81.54,81.66,367
1786722900,81.67,81.71,81.64,81.66,189
1786723200,81.67,81.68,81.59,81.61,279
1786723500,81.59,81.7,81.51,81.7,379
1786723800,81.7,81.84,81.63,81.71,525
1786724100,81.7,81.85,81.68,81.76,346
1786724400,81.76,81.89,81.72,81.84,351
1786724700,81.85,81.99,81.83,81.94,686
1786725000,81.93,81.94,81.81,81.88,361
1786725300,81.87,81.89,81.76,81.83,396
1786725600,81.81,82,81.78,81.99,277
1786725900,81.99,82.01,81.89,81.99,517
1786726200,82.01,82.03,81.9,81.92,371
1786726500,81.93,81.99,81.85,81.92,298
1786726800,81.93,82.05,81.83,81.98,490
1786727100,81.95,82.1,81.91,82.07,376
1786727400,82.08,82.29,82.08,82.21,1111
1786727700,82.21,82.28,82.06,82.12,780
1786728000,82.14,82.26,82.08,82.14,528
1786728300,82.15,82.19,82.09,82.17,278
1786728600,82.18,82.3,82.18,82.2,434
1786728900,82.23,82.29,82.16,82.18,203
1786729200,82.18,82.3,82.12,82.29,400
1786729500,82.29,82.35,82.22,82.32,368
1786729800,82.32,82.4,82.3,82.33,479
1786730100,82.33,82.35,82.29,82.29,290
1786730400,82.29,82.3,82.08,82.15,819
1786730700,82.15,82.21,82.1,82.18,299
1786731000,82.17,82.32,82.17,82.23,736
1786731300,82.24,82.37,82.23,82.27,320
1786731600,82.28,82.36,82.22,82.34,381
1786731900,82.32,82.45,82.26,82.4,854
1786732200,82.4,82.67,82.4,82.59,1060
1786732500,82.57,82.57,82.48,82.49,311
1786732800,82.49,82.57,82.46,82.52,381
1786733100,82.51,82.53,82.3,82.41,462
1786733400,82.42,82.46,82.39,82.45,207
1786733700,82.43,82.45,82.39,82.4,91
1786734000,82.4,82.41,82.3,82.34,301
1786734300,82.32,82.36,82.31,82.32,116
1786734600,82.33,82.36,82.3,82.35,136
1786734900,82.34,82.43,82.19,82.23,769
1786735200,82.24,82.32,82.2,82.29,228
1786735500,82.31,82.33,82.27,82.31,213
1786735800,82.32,82.35,82.26,82.28,113
1786736100,82.29,82.29,82.25,82.27,122
1786736400,82.27,82.35,82.27,82.31,108
1786736700,82.32,82.34,82.27,82.29,120
1786737000,82.27,82.35,82.22,82.33,359
1786737300,82.34,82.41,82.32,82.38,189
1786737600,82.39,82.41,82.25,82.32,319
1786737900,82.35,82.54,82.35,82.44,441
1786738200,82.45,82.46,82.4,82.43,182
1786738500,82.43,82.43,82.33,82.37,220
1786738800,82.34,82.34,82.28,82.31,221
1786739100,82.31,82.34,82.25,82.26,199
1786739400,82.24,82.38,82.22,82.34,193
1786739700,82.34,82.41,82.31,82.38,238
1786740000,82.36,82.41,82.32,82.35,197
1786740300,82.34,82.43,82.34,82.41,282
1786740600,82.42,82.43,82.35,82.36,214
1786740900,82.35,82.45,82.35,82.41,442
1786917600,82.46,82.74,82.42,82.74,1018
1786917900,82.73,82.73,82.59,82.62,341
1786918200,82.62,82.68,82.59,82.62,188
1786918500,82.6,82.62,82.5,82.59,227
1786918800,82.58,82.58,82.47,82.51,197
1786919100,82.51,82.53,82.47,82.5,91
1786919400,82.51,82.53,82.44,82.5,166
1786919700,82.46,82.46,82.37,82.4,217
1786920000,82.38,82.41,82.25,82.31,322
1786920300,82.3,82.42,82.3,82.38,237
1786920600,82.41,82.43,82.35,82.39,102
1786920900,82.4,82.42,82.37,82.38,176
1786921200,82.38,82.46,82.37,82.4,162
1786921500,82.41,82.43,82.38,82.42,64
1786921800,82.42,82.42,82.32,82.4,112
1786922100,82.4,82.43,82.38,82.42,66
1786922400,82.43,82.49,82.42,82.45,134
1786922700,82.44,82.48,82.43,82.48,59
1786923000,82.48,82.51,82.46,82.47,109
1786923300,82.48,82.48,82.38,82.42,138
1786923600,82.44,82.45,82.37,82.4,90
1786923900,82.4,82.4,82.34,82.34,153
1786924200,82.34,82.38,82.28,82.36,189
1786924500,82.35,82.37,82.31,82.33,112
1786924800,82.32,82.34,82.19,82.24,382
1786925100,82.24,82.28,82.13,82.16,281
1786925400,82.15,82.16,82.09,82.09,318
1786925700,82.11,82.19,82.09,82.15,211
1786926000,82.17,82.18,82.03,82.07,352
1786926300,82.07,82.18,82.07,82.16,147
1786926600,82.18,82.2,82.11,82.17,132
1786926900,82.17,82.25,82.15,82.25,178
1786927200,82.24,82.3,82.13,82.16,234
1786927500,82.14,82.17,82.11,82.17,80
1786927800,82.13,82.19,82.05,82.06,231
1786928100,82.06,82.12,81.84,81.9,421
1786928400,81.9,82.17,81.72,82.1,818
1786928700,82.1,82.26,82.05,82.24,535
1786929000,82.24,82.37,82.05,82.18,391
1786929300,82.17,82.23,82.07,82.09,145
1786929600,82.1,82.22,82.08,82.19,158
1786929900,82.19,82.41,82.12,82.4,311
1786930200,82.4,82.58,82.38,82.53,681
1786930500,82.52,82.65,82.49,82.52,383
1786930800,82.53,82.8,82.52,82.77,577
1786931100,82.79,82.94,82.64,82.69,570
1786931400,82.7,82.75,82.49,82.56,395
1786931700,82.56,82.62,82.41,82.6,288
1786932000,82.59,82.78,82.57,82.73,263
1786932300,82.7,82.9,82.65,82.79,329
1786932600,82.8,83.04,82.78,82.96,699
1786932900,82.94,82.98,82.83,82.83,238
1786933200,82.83,82.88,82.79,82.85,162
1786933500,82.88,82.92,82.83,82.85,158
1786933800,82.83,82.96,82.8,82.82,238
1786934100,82.81,82.84,82.69,82.7,314
1786934400,82.69,82.75,82.46,82.55,471
1786934700,82.56,82.64,82.43,82.56,394
1786935000,82.59,82.67,82.52,82.57,141
1786935300,82.55,82.55,82.27,82.42,527
1786935600,82.42,82.46,82.37,82.41,152
1786935900,82.42,82.44,82.3,82.35,123
1786936200,82.35,82.4,82.29,82.34,149
1786936500,82.34,82.46,82.3,82.43,176
1786936800,82.44,82.44,82.37,82.41,108
1786937100,82.41,82.48,82.39,82.42,180
1786937400,82.47,82.6,82.47,82.55,287
1786937700,82.53,82.56,82.49,82.52,94
1786938000,82.53,82.58,82.52,82.55,46
1786938300,82.56,82.56,82.42,82.44,88
1786938600,82.44,82.44,82.32,82.35,151
1786938900,82.34,82.34,82.14,82.17,313
1786939200,82.16,82.2,81.96,82.01,427
1786939500,82.06,82.15,81.98,82.14,602
1786939800,82.15,82.15,82.04,82.09,287
1786940100,82.1,82.26,82.05,82.19,248
1786940400,82.2,82.27,82.18,82.27,82
1786940700,82.28,82.35,82.26,82.34,183
1786941000,82.31,82.39,82.23,82.26,212
1786941300,82.23,82.32,82.21,82.21,119
1786941600,82.21,82.24,82.18,82.22,96
1786941900,82.22,82.27,82.14,82.21,180
1786942200,82.23,82.25,82.17,82.22,67
1786942500,82.22,82.24,82.13,82.17,78
1786942800,82.15,82.19,82.07,82.07,115
1786943100,82.08,82.2,82.07,82.16,148
1786943400,82.17,82.22,82.17,82.19,90
1786943700,82.2,82.21,82.1,82.11,155
1786944000,82.1,82.13,82.05,82.07,166
1786944300,82.09,82.13,82.05,82.11,78
1786944600,82.13,82.2,81.92,81.92,410
1786944900,81.94,82.17,81.93,82.17,185
1786945200,82.17,82.18,82.04,82.11,93
1786945500,82.12,82.14,81.98,82,87
1786945800,82.03,82.04,81.82,81.9,328
1786946100,81.93,81.95,81.77,81.85,325
1786946400,81.87,81.88,81.64,81.87,640
1786946700,81.87,81.98,81.85,81.9,231
1786947000,81.89,81.94,81.74,81.89,328
1786947300,81.86,81.93,81.69,81.75,266
1786947600,81.74,81.88,81.72,81.79,220
1786947900,81.78,81.8,81.7,81.77,202
1786948200,81.8,81.87,81.73,81.85,179
1786948500,81.83,81.84,81.71,81.72,93
1786948800,81.74,81.84,81.71,81.81,145
1786949100,81.82,81.82,81.68,81.78,194
1786949400,81.76,81.88,81.74,81.79,141
1786949700,81.8,81.88,81.77,81.87,146
1786950000,81.85,81.97,81.81,81.93,298
1786950300,81.91,81.98,81.75,81.8,210
1786950600,81.8,81.89,81.69,81.79,169
1786950900,81.77,81.82,81.54,81.61,376
1786951200,81.61,81.69,81.5,81.64,261
1786951500,81.64,81.85,81.63,81.81,256
1786951800,81.83,82.05,81.82,81.87,390
1786952100,81.88,81.88,81.57,81.75,365
1786952400,81.71,81.75,81.66,81.74,98
1786952700,81.77,81.95,81.75,81.91,140
1786953000,81.91,82.21,81.91,82.18,595
1786953300,82.16,82.16,81.95,81.98,239
1786953600,81.95,82.24,81.82,82.22,398
1786953900,82.22,82.26,82.07,82.17,280
1786954200,82.16,82.21,82.07,82.18,169
1786954500,82.15,82.18,82.08,82.16,120
1786954800,82.14,82.31,82.04,82.27,301
1786955100,82.27,82.34,82.07,82.11,475
1786955400,82.1,82.33,82.02,82.24,399
1786955700,82.23,82.25,82.08,82.15,152
1786956000,82.13,82.21,82.04,82.2,238
1786956300,82.2,82.32,82.05,82.22,280
1786956600,82.22,82.33,82.16,82.31,175
1786956900,82.3,82.39,82.24,82.38,263
1786957200,82.37,82.58,82.35,82.53,587
1786957500,82.52,82.66,82.51,82.63,394
1786957800,82.63,82.78,82.58,82.61,518
1786958100,82.59,82.62,82.33,82.53,457
1786958400,82.49,82.56,82.41,82.45,170
1786958700,82.44,82.57,82.44,82.57,110
1786959000,82.54,82.69,82.49,82.65,284
1786959300,82.66,82.94,82.6,82.91,365
1786959600,82.91,82.94,82.75,82.75,327
1786959900,82.76,82.9,82.61,82.85,241
1786960200,82.84,83.15,82.81,83.11,668
1786960500,83.13,83.14,82.95,82.96,476
1786960800,82.96,83.11,82.88,83.11,340
1786961100,83.1,83.22,83.08,83.18,396
1786961400,83.16,83.21,83.04,83.13,298
1786961700,83.12,83.15,82.96,82.99,288
1786962000,82.98,83.13,82.97,82.97,131
1786962300,83,83.16,82,82.13,416
1786962600,82.14,82.83,81.86,82.78,1906
1786962900,82.76,82.94,82.72,82.92,561
1786963200,82.9,82.99,82.79,82.89,299
1786963500,82.88,82.97,82.82,82.85,216
1786963800,82.84,82.93,82.52,82.64,695
1786964100,82.64,82.93,82.6,82.79,302
1786964400,82.84,82.9,82.8,82.88,165
1786964700,82.87,82.87,82.52,82.6,519
1786965000,82.59,82.82,82.59,82.78,270
1786965300,82.75,82.78,82.59,82.63,141
1786965600,82.62,82.77,82.55,82.66,235
1786965900,82.63,82.77,82.6,82.62,207
1786966200,82.64,82.65,82.47,82.49,273
1786966500,82.5,82.54,82.4,82.47,401
1786966800,82.49,82.59,82.47,82.51,361
1786967100,82.5,82.57,82.43,82.57,146
1786967400,82.57,82.61,82.47,82.49,175
1786967700,82.48,82.49,82.32,82.38,770
1786968000,82.36,82.53,82.32,82.5,356
1786968300,82.5,82.52,82.3,82.4,346
1786968600,82.4,82.45,82.27,82.28,279
1786968900,82.28,82.34,82.2,82.3,460
1786969200,82.3,82.46,82.26,82.42,389
1786969500,82.41,83.15,82.37,82.85,2191
1786969800,82.81,82.82,82.58,82.68,754
1786970100,82.7,83.01,82.7,82.93,869
1786970400,82.93,83.1,82.87,82.95,604
1786970700,82.95,83.14,82.91,83.04,372
1786971000,83.03,83.12,82.97,83.02,298
1786971300,83.01,83.13,82.97,83.01,311
1786971600,82.98,83.12,82.79,82.81,774
1786971900,82.81,82.9,82.66,82.73,603
1786972200,82.74,82.79,82.59,82.6,398
1786972500,82.65,82.65,82.44,82.54,620
1786972800,82.52,83.03,82.51,82.85,1091
1786973100,82.83,82.9,82.77,82.78,308
1786973400,82.77,82.9,82.64,82.67,813
1786973700,82.67,82.85,82.64,82.75,424
1786974000,82.73,82.8,82.65,82.76,402
1786974300,82.75,82.8,82.67,82.75,256
1786974600,82.73,82.73,82.56,82.62,612
1786974900,82.62,82.69,82.55,82.61,340
1786975200,82.63,82.7,82.36,82.42,864
1786975500,82.43,82.53,82.4,82.44,493
1786975800,82.42,82.58,82.4,82.49,475
1786976100,82.47,82.55,82.41,82.48,272
1786976400,82.49,82.57,82.18,82.42,1083
1786976700,82.42,82.5,82.34,82.39,421
1786977000,82.39,82.6,82.36,82.47,557
1786977300,82.49,82.58,82.4,82.51,349
1786977600,82.48,82.51,82.29,82.4,482
1786977900,82.39,82.45,82.28,82.35,407
1786978200,82.34,82.34,82.14,82.23,741
1786978500,82.23,82.27,82.09,82.18,512
1786978800,82.18,82.47,82.18,82.33,851
1786979100,82.33,82.4,82.22,82.38,452
1786979400,82.38,82.42,82.31,82.39,196
1786979700,82.38,82.6,82.36,82.57,477
1786980000,82.57,82.81,82.54,82.77,1011
1786980300,82.77,82.83,82.44,82.59,1222
1786980600,82.59,82.79,82.57,82.64,651
1786980900,82.66,82.71,82.48,82.52,517
1786981200,82.53,82.71,82.45,82.66,614
1786981500,82.67,82.81,82.59,82.75,472
1786981800,82.75,82.81,82.68,82.71,331
1786982100,82.72,82.92,82.68,82.81,436
1786982400,82.83,82.9,82.64,82.66,417
1786982700,82.64,82.73,82.56,82.6,359
1786983000,82.6,82.62,82.35,82.35,700
1786983300,82.36,82.48,82.32,82.37,445
1786983600,82.37,82.5,82.36,82.48,204
1786983900,82.49,82.59,82.45,82.56,186
1786984200,82.57,82.74,82.57,82.72,471
1786984500,82.71,82.81,82.61,82.78,375
1786984800,82.75,82.81,82.69,82.78,240
1786985100,82.76,82.84,82.72,82.78,382
1786985400,82.8,82.87,82.76,82.86,262
1786985700,82.86,82.86,82.74,82.83,324
1786986000,82.86,83.09,82.8,83.08,590
1786986300,83.08,83.47,83.08,83.24,1536
1786986600,83.23,83.48,83.22,83.43,572
1786986900,83.43,83.74,83.41,83.72,1142
1786987200,83.71,83.78,83.6,83.74,549
1786987500,83.76,83.99,83.71,83.88,913
1786987800,83.91,84.33,83.87,84.23,1247
1786988100,84.26,84.42,84.19,84.41,904
1786988400,84.42,84.44,84.05,84.13,1082
1786988700,84.13,84.21,84.06,84.12,539
1786989000,84.14,84.54,84.14,84.53,903
1786989300,84.54,84.86,84.52,84.78,1496
1786989600,84.77,84.78,84.47,84.53,908
1786989900,84.52,84.87,84.52,84.84,751
1786990200,84.84,84.86,84.52,84.62,821
1786990500,84.64,84.7,84.56,84.63,312
1786990800,84.61,84.83,84.55,84.69,586
1786991100,84.67,84.68,84.39,84.44,651
1786991400,84.46,84.5,84.29,84.3,731
1786991700,84.29,84.43,84.27,84.31,441
1786992000,84.31,84.37,84.11,84.21,665
1786992300,84.21,84.28,84.16,84.24,231
1786992600,84.24,84.34,84.21,84.3,194
1786992900,84.32,84.32,84.24,84.28,179
1786993200,84.25,84.38,84.21,84.37,217
1786993500,84.36,84.48,84.35,84.45,412
1786993800,84.44,84.45,84.31,84.32,141
1786994100,84.33,84.4,84.31,84.36,82
1786994400,84.38,84.46,84.36,84.38,116
1786994700,84.4,84.44,84.37,84.38,85
1786995000,84.4,84.42,84.24,84.38,232
1786995300,84.38,84.41,84.34,84.41,86
1786995600,84.41,84.42,84.34,84.4,102
1786995900,84.39,84.46,84.37,84.37,108
1786996200,84.38,84.61,84.38,84.57,393
1786996500,84.57,84.68,84.57,84.63,217
1786996800,84.63,84.77,84.51,84.57,355
1786997100,84.54,84.65,84.5,84.63,203
1786997400,84.65,84.74,84.63,84.65,224
1786997700,84.68,84.72,84.65,84.68,101
1786998000,84.65,84.81,84.63,84.77,206
1786998300,84.76,84.85,84.74,84.84,173
1786998600,84.84,84.94,84.82,84.91,424
1786998900,84.89,85,84.82,84.97,292
1786999200,84.96,85.04,84.92,84.93,301
1786999500,84.95,84.97,84.88,84.89,196
1786999800,84.91,85.01,84.89,84.95,177
1787000100,84.94,85,84.88,84.95,238
1787004000,84.2,84.26,84.02,84.19,389
1787004300,84.19,84.41,84.19,84.39,309
1787004600,84.37,84.52,84.32,84.43,367
1787004900,84.42,84.46,84.38,84.42,142
1787005200,84.41,84.45,84.29,84.35,270
1787005500,84.34,84.34,84.22,84.26,263
1787005800,84.26,84.27,84.2,84.26,158
1787006100,84.28,84.32,84.26,84.3,99
1787006400,84.3,84.33,84.27,84.29,87
1787006700,84.29,84.33,84.22,84.23,157
1787007000,84.26,84.29,84.21,84.23,77
1787007300,84.24,84.25,84.13,84.17,139
1787007600,84.18,84.25,84.14,84.22,91
1787007900,84.23,84.23,84.19,84.2,54
1787008200,84.2,84.24,84.17,84.21,85
1787008500,84.22,84.25,84.19,84.19,101
1787008800,84.22,84.22,84.17,84.22,57
1787009100,84.22,84.27,84.21,84.21,72
1787009400,84.23,84.23,84.14,84.17,106
1787009700,84.15,84.18,84.11,84.12,86
1787010000,84.13,84.16,84.09,84.12,60
1787010300,84.1,84.12,84.01,84.04,174
1787010600,84.05,84.13,84.05,84.06,69
1787010900,84.06,84.1,84.03,84.07,75
1787011200,84.08,84.11,84.01,84.05,235
1787011500,84.05,84.17,84.03,84.12,247
1787011800,84.14,84.17,84.02,84.08,181
1787012100,84.09,84.14,84.01,84.07,285
1787012400,84.08,84.17,84.08,84.17,120
1787012700,84.15,84.18,84.04,84.06,184
1787013000,84.05,84.11,84.03,84.07,95
1787013300,84.06,84.08,84.01,84.01,143
1787013600,84.02,84.03,83.97,84,153
1787013900,83.99,84.14,83.98,84.07,143
1787014200,84.08,84.09,83.96,84.02,202
1787014500,84.02,84.05,83.9,83.91,170
1787014800,83.92,84.21,83.79,84.16,747
1787015100,84.15,84.16,83.88,83.9,308
1787015400,83.9,83.93,83.79,83.91,282
1787015700,83.92,84.08,83.89,84.08,238
1787016000,84.06,84.12,84.04,84.04,210
1787016300,84.05,84.07,84,84.05,101
1787016600,84.04,84.05,83.92,84.02,205
1787016900,84,84.23,84,84.22,256
1787017200,84.21,84.31,84.13,84.13,438
1787017500,84.12,84.23,84.11,84.18,204
1787017800,84.21,84.23,84,84.08,288
1787018100,84.07,84.11,84.04,84.1,166
1787018400,84.09,84.25,84.09,84.18,276
1787018700,84.15,84.21,84.13,84.13,88
1787019000,84.15,84.2,84.12,84.14,144
1787019300,84.15,84.17,84.08,84.12,184
1787019600,84.12,84.15,84.05,84.1,104
1787019900,84.09,84.13,84.07,84.13,86
1787020200,84.14,84.2,84.07,84.17,157
1787020500,84.15,84.21,84.14,84.18,173
1787020800,84.17,84.27,84.17,84.22,224
1787021100,84.23,84.31,84.14,84.14,416
1787021400,84.15,84.19,84.12,84.19,79
1787021700,84.17,84.23,84.17,84.21,57
1787022000,84.21,84.28,84.19,84.27,104
1787022300,84.25,84.25,84.15,84.19,70
1787022600,84.19,84.41,84.17,84.33,941
1787022900,84.33,84.34,84.23,84.26,226
1787023200,84.27,84.3,84.22,84.28,158
1787023500,84.27,84.29,84.2,84.22,156
1787023800,84.23,84.38,84.22,84.3,295
1787024100,84.3,84.34,84.19,84.25,110
1787024400,84.25,84.29,84.2,84.24,110
1787024700,84.26,84.31,84.23,84.31,178
1787025000,84.33,84.38,84.31,84.37,207
1787025300,84.38,84.5,84.37,84.46,278
1787025600,84.46,84.57,84.42,84.46,504
1787025900,84.47,84.48,84.39,84.46,137
1787026200,84.46,84.49,84.42,84.42,105
1787026500,84.42,84.43,84.3,84.31,333
1787026800,84.36,84.47,84.35,84.41,274
1787027100,84.39,84.43,84.37,84.38,149
1787027400,84.39,84.44,84.38,84.4,133
1787027700,84.41,84.41,84.3,84.34,96
1787028000,84.34,84.35,84.3,84.32,97
1787028300,84.31,84.34,84.29,84.33,125
1787028600,84.34,84.37,84.3,84.32,82
1787028900,84.33,84.36,84.31,84.32,64
1787029200,84.33,84.48,84.33,84.46,136
1787029500,84.45,84.47,84.4,84.42,65
1787029800,84.4,84.43,84.36,84.41,114
1787030100,84.41,84.44,84.39,84.41,81
1787030400,84.43,84.57,84.4,84.44,382
1787030700,84.44,84.48,84.35,84.45,194
1787031000,84.45,84.55,84.31,84.35,268
1787031300,84.31,84.34,84.23,84.32,975
1787031600,84.33,84.39,84.31,84.31,217
1787031900,84.32,84.35,84.17,84.2,497
1787032200,84.2,84.28,84.15,84.24,206
1787032500,84.26,84.36,84.25,84.3,233
1787032800,84.31,84.57,84.3,84.53,802
1787033100,84.54,84.72,84.47,84.65,824
1787033400,84.67,84.7,84.54,84.57,355
1787033700,84.57,84.6,84.49,84.52,205
1787034000,84.54,84.61,84.52,84.58,113
1787034300,84.6,84.73,84.59,84.64,260
1787034600,84.63,84.7,84.61,84.64,178
1787034900,84.64,84.78,84.63,84.76,344
1787035200,84.76,84.89,84.67,84.71,580
1787035500,84.72,84.73,84.58,84.62,243
1787035800,84.61,84.63,84.48,84.5,381
1787036100,84.53,84.61,84.36,84.39,379
1787036400,84.4,84.54,84.33,84.38,791
1787036700,84.37,84.37,84.17,84.2,781
1787037000,84.22,84.27,84.1,84.21,525
1787037300,84.2,84.24,84.06,84.14,292
1787037600,84.14,84.19,84.07,84.09,145
1787037900,84.08,84.09,83.97,84.03,338
1787038200,84.02,84.25,83.99,84.19,380
1787038500,84.17,84.17,84.06,84.14,239
1787038800,84.13,84.28,84.12,84.27,176
1787039100,84.27,84.34,84.2,84.2,263
1787039400,84.22,84.44,84.22,84.3,321
1787039700,84.3,84.42,84.27,84.37,242
1787040000,84.36,84.42,84.27,84.4,200
1787040300,84.4,84.66,84.36,84.41,656
1787040600,84.4,84.43,84.33,84.35,226
1787040900,84.36,84.53,84.28,84.31,421
1787041200,84.34,84.57,84.33,84.46,271
1787041500,84.48,84.5,84.3,84.34,371
1787041800,84.35,84.44,84.1,84.15,529
1787042100,84.13,84.2,84,84.11,477
1787042400,84.1,84.18,84,84.07,253
1787042700,84.06,84.37,84.04,84.34,298
1787043000,84.33,84.34,84.12,84.12,152
1787043300,84.13,84.2,84.1,84.12,254
1787043600,84.12,84.17,84.02,84.1,247
1787043900,84.09,84.2,84.07,84.2,138
1787044200,84.21,84.21,84.09,84.12,98
1787044500,84.13,84.15,84.05,84.08,130
1787044800,84.09,84.22,84.04,84.2,217
1787045100,84.19,84.26,84.12,84.21,215
1787045400,84.17,84.27,84.01,84.24,206
1787045700,84.21,84.24,83.99,84.14,263
1787046000,84.16,84.21,84.04,84.09,139
1787046300,84.08,84.22,84.07,84.17,106
1787046600,84.2,84.29,84.04,84.06,263
1787046900,84.05,84.06,83.91,84.04,472
1787047200,84.04,84.06,83.96,84.03,194
1787047500,84.06,84.19,84.05,84.14,186
1787047800,84.13,84.28,84.12,84.18,254
1787048100,84.17,84.29,84.16,84.28,183
1787048400,84.27,84.4,84.24,84.26,373
1787048700,84.28,84.33,84.18,84.2,191
1787049000,84.24,84.26,84.03,84.11,346
1787049300,84.13,84.15,83.89,83.92,510
1787049600,83.91,83.97,83.86,83.91,349
1787049900,83.92,84.07,83.87,83.98,320
1787050200,83.97,83.98,83.89,83.95,279
1787050500,83.95,84.01,83.91,83.98,266
1787050800,83.98,83.99,83.86,83.93,205
1787051100,83.91,83.96,83.85,83.92,192
1787051400,83.93,84.02,83.92,83.99,239
1787051700,83.99,84.09,83.93,84.08,158
1787052000,84.08,84.12,84.03,84.09,203
1787052300,84.09,84.15,83.99,84.02,247
1787052600,84.04,84.14,83.97,83.99,228
1787052900,83.99,84.08,83.93,84.01,137
1787053200,84.03,84.13,83.99,84,204
1787053500,84.04,84.21,83.99,84.15,267
1787053800,84.15,84.23,84.09,84.19,194
1787054100,84.17,84.24,84.13,84.15,170
1787054400,84.14,84.25,83.99,84.01,512
1787054700,83.99,84.44,83.98,84.43,857
1787055000,84.42,84.44,84.31,84.35,337
1787055300,84.36,84.45,84.29,84.35,415
1787055600,84.34,84.4,84.23,84.31,360
1787055900,84.3,84.35,84.23,84.27,262
1787056200,84.26,84.27,84.14,84.18,381
1787056500,84.18,84.3,84.17,84.28,284
1787056800,84.27,84.43,84.27,84.37,442
1787057100,84.37,84.42,84.26,84.31,307
1787057400,84.31,84.39,84.26,84.36,234
1787057700,84.36,84.42,84.28,84.36,204
1787058000,84.37,84.57,84.33,84.38,869
1787058300,84.4,84.51,84.36,84.36,463
1787058600,84.35,84.48,84.29,84.34,490
1787058900,84.32,84.47,84.32,84.44,385
1787059200,84.43,84.74,84.38,84.74,879
1787059500,84.72,84.84,84.57,84.72,990
1787059800,84.71,85.1,84.33,84.4,1844
1787060100,84.41,84.75,84.4,84.56,879
1787060400,84.56,84.62,84.21,84.31,931
1787060700,84.32,84.38,84.04,84.07,1040
1787061000,84.08,84.56,84.06,84.54,1176
1787061300,84.53,84.62,84.47,84.56,649
1787061600,84.57,84.61,84.13,84.18,1141
1787061900,84.2,84.35,84.07,84.16,707
1787062200,84.18,84.35,84.11,84.14,444
1787062500,84.12,84.19,84,84.08,868
1787062800,84.06,84.11,83.98,84.07,485
1787063100,84.06,84.15,83.9,83.94,728
1787063400,83.95,84.13,83.8,83.86,927
1787063700,83.86,83.95,83.8,83.83,574
1787064000,83.82,84.03,83.77,84.03,652
1787064300,84.01,84.05,83.87,83.97,621
1787064600,83.98,84.51,83.91,84.41,1447
1787064900,84.41,84.54,84.17,84.53,1881
1787065200,84.51,84.54,84.09,84.21,1556
1787065500,84.21,84.38,84.2,84.29,593
1787065800,84.3,84.3,84.05,84.21,540
1787066100,84.24,84.63,84.23,84.55,1052
1787066400,84.54,84.79,84.41,84.7,1274
1787066700,84.72,84.82,84.6,84.79,1458
1787067000,84.8,84.98,84.72,84.98,1790
1787067300,84.98,85.01,84.76,84.79,1086
1787067600,84.79,84.92,84.66,84.86,945
1787067900,84.86,84.9,84.73,84.78,478
1787068200,84.75,84.89,84.61,84.64,568
1787068500,84.64,84.78,84.55,84.74,537
1787068800,84.73,84.73,84.46,84.52,597
1787069100,84.51,84.51,84.42,84.49,427
1787069400,84.49,84.51,84.35,84.42,483
1787069700,84.42,84.54,84.33,84.36,806
1787070000,84.35,84.36,84.2,84.29,660
1787070300,84.28,84.47,84.26,84.44,336
1787070600,84.47,84.6,84.37,84.57,792
1787070900,84.56,84.61,84.41,84.43,606
1787071200,84.43,84.48,84.32,84.37,342
1787071500,84.37,84.39,84.3,84.39,352
1787071800,84.36,84.36,84.09,84.11,572
1787072100,84.1,84.21,84.1,84.21,331
1787072400,84.22,84.31,84.13,84.2,443
1787072700,84.2,84.26,84.16,84.16,158
1787073000,84.17,84.3,84.14,84.3,210
1787073300,84.3,84.36,84.14,84.17,733
1787073600,84.17,84.18,84.02,84.12,404
1787073900,84.12,84.32,84.07,84.2,428
1787074200,84.18,84.32,84.12,84.18,234
1787074500,84.19,84.21,84.13,84.17,109
1787074800,84.15,84.25,84.13,84.21,143
1787075100,84.2,84.2,84.09,84.12,167
1787075400,84.1,84.19,84.06,84.1,181
1787075700,84.11,84.16,84.03,84.04,183
1787076000,84.05,84.18,84.04,84.16,214
1787076300,84.16,84.18,84,84.06,378
1787076600,84.05,84.1,83.93,83.97,359
1787076900,83.98,84.13,83.92,84.12,308
1787077200,84.13,84.17,84.04,84.15,171
1787077500,84.14,84.23,83.96,84,534
1787077800,83.98,84.1,83.92,84.06,315
1787078100,84.06,84.14,84.06,84.08,131
1787078400,84.07,84.12,84.02,84.11,92
1787078700,84.1,84.16,84.06,84.1,225
1787079000,84.1,84.14,84.07,84.11,107
1787079300,84.1,84.14,84.07,84.07,67
1787079600,84.07,84.14,84.07,84.13,80
1787079900,84.11,84.21,84.11,84.18,144
1787080200,84.18,84.18,84.11,84.14,97
1787080500,84.13,84.13,84.03,84.12,216
1787080800,84.1,84.11,84.04,84.07,113
1787081100,84.08,84.13,84.07,84.09,74
1787081400,84.09,84.09,84.05,84.08,52
1787081700,84.07,84.07,84.01,84.02,127
1787082000,84.02,84.06,84.01,84.06,65
1787082300,84.04,84.14,84.04,84.13,85
1787082600,84.14,84.17,84.11,84.11,98
1787082900,84.1,84.13,84.06,84.09,144
1787083200,84.08,84.12,84.05,84.09,96
1787083500,84.09,84.18,84.09,84.16,161
1787083800,84.15,84.25,84.13,84.23,169
1787084100,84.23,84.25,84.2,84.22,162
1787084400,84.23,84.25,84.2,84.22,113
1787084700,84.24,84.26,84.2,84.24,120
1787085000,84.21,84.44,84.2,84.34,524
1787085300,84.32,84.37,84.29,84.3,152
1787085600,84.29,84.44,84.26,84.42,218
1787085900,84.42,84.53,84.36,84.47,419
1787086200,84.46,84.5,84.42,84.46,165
1787086500,84.46,84.48,84.34,84.38,320
1787090400,84.5,84.55,84.42,84.53,392
1787090700,84.52,84.57,84.45,84.55,253
1787091000,84.54,84.56,84.5,84.53,143
1787091300,84.52,84.54,84.46,84.49,141
1787091600,84.5,84.52,84.43,84.44,127
1787091900,84.43,84.46,84.36,84.46,128
1787092200,84.46,84.47,84.42,84.43,85
1787092500,84.42,84.55,84.41,84.49,186
1787092800,84.51,84.51,84.47,84.47,37
1787093100,84.49,84.5,84.43,84.45,65
1787093400,84.45,84.48,84.43,84.44,63
1787093700,84.45,84.51,84.45,84.45,42
1787094000,84.47,84.53,84.45,84.53,85
1787094300,84.51,84.53,84.45,84.49,85
1787094600,84.48,84.5,84.47,84.49,38
1787094900,84.48,84.5,84.48,84.49,26
1787095200,84.5,84.51,84.48,84.49,61
1787095500,84.49,84.5,84.46,84.49,84
1787095800,84.48,84.55,84.46,84.53,165
1787096100,84.54,84.54,84.47,84.5,82
1787096400,84.48,84.5,84.47,84.49,23
1787096700,84.49,84.52,84.49,84.51,66
1787097000,84.53,84.55,84.49,84.52,120
1787097300,84.51,84.53,84.5,84.52,83
1787097600,84.51,84.53,84.4,84.43,376
1787097900,84.44,84.45,84.35,84.42,283
1787098200,84.42,84.5,84.42,84.5,151
1787098500,84.5,84.55,84.49,84.55,228
1787098800,84.54,84.59,84.51,84.57,173
1787099100,84.57,84.86,84.55,84.81,748
1787099400,84.81,84.95,84.73,84.93,522
1787099700,84.91,84.95,84.64,84.64,488
1787100000,84.65,84.77,84.61,84.72,530
1787100300,84.74,84.78,84.67,84.67,223
1787100600,84.67,84.78,84.62,84.78,244
1787100900,84.79,84.79,84.71,84.74,101
1787101200,84.76,84.97,84.71,84.82,754
1787101500,84.82,84.86,84.75,84.8,257
1787101800,84.81,84.95,84.81,84.87,325
1787102100,84.86,85.03,84.82,84.85,714
1787102400,84.84,84.99,84.75,84.92,430
1787102700,84.92,85.06,84.88,84.92,403
1787103000,84.9,84.98,84.89,84.95,259
1787103300,84.94,84.95,84.77,84.79,372
1787103600,84.78,84.91,84.78,84.87,295
1787103900,84.91,85.04,84.89,85,432
1787104200,85.02,85.14,84.97,85.02,591
1787104500,85,85.03,84.92,85,297
1787104800,85.01,85.09,84.96,85.06,314
1787105100,85.06,85.06,84.89,84.9,495
1787105400,84.9,84.95,84.85,84.94,318
1787105700,84.94,85.02,84.91,84.93,163
1787106000,84.92,84.94,84.83,84.86,247
1787106300,84.87,84.93,84.83,84.85,145
1787106600,84.83,84.94,84.79,84.92,280
1787106900,84.93,84.95,84.74,84.8,365
1787107200,84.8,84.8,84.65,84.75,524
1787107500,84.74,84.74,84.65,84.69,221
1787107800,84.69,84.85,84.67,84.76,238
1787108100,84.76,84.8,84.67,84.74,165
1787108400,84.75,84.79,84.72,84.79,153
1787108700,84.79,84.9,84.77,84.87,193
1787109000,84.87,84.91,84.79,84.83,175
1787109300,84.84,84.85,84.73,84.8,197
1787109600,84.77,84.83,84.71,84.78,166
1787109900,84.78,84.85,84.78,84.78,118
1787110200,84.8,84.8,84.7,84.71,156
1787110500,84.72,84.73,84.64,84.67,233
1787110800,84.66,84.71,84.59,84.64,299
1787111100,84.64,84.74,84.62,84.73,198
1787111400,84.71,84.74,84.67,84.69,83
1787111700,84.69,84.7,84.66,84.69,59
1787112000,84.7,84.79,84.7,84.75,97
1787112300,84.74,84.83,84.72,84.83,144
1787112600,84.83,84.87,84.77,84.81,224
1787112900,84.8,84.81,84.72,84.75,85
1787113200,84.76,84.76,84.65,84.66,123
1787113500,84.66,84.72,84.65,84.7,242
1787113800,84.7,84.75,84.65,84.69,132
1787114100,84.69,84.71,84.65,84.7,40
1787114400,84.69,84.7,84.64,84.66,143
1787114700,84.66,84.69,84.65,84.68,87
1787115000,84.69,84.7,84.65,84.7,72
1787115300,84.69,84.7,84.53,84.62,325
1787115600,84.61,84.63,84.56,84.59,149
1787115900,84.6,84.63,84.55,84.59,113
1787116200,84.59,84.68,84.55,84.58,263
1787116500,84.58,84.61,84.54,84.61,304
1787116800,84.61,84.67,84.61,84.64,272
1787117100,84.64,84.68,84.59,84.6,132
1787117400,84.6,84.68,84.53,84.63,362
1787117700,84.61,84.74,84.59,84.66,224
1787118000,84.67,84.75,84.66,84.73,166
1787118300,84.74,84.78,84.65,84.71,247
1787118600,84.71,84.74,84.65,84.72,141
1787118900,84.71,84.79,84.71,84.79,105
1787119200,84.79,85.03,84.74,85,577
1787119500,84.97,85,84.76,84.88,414
1787119800,84.88,84.92,84.75,84.78,209
1787120100,84.78,84.78,84.61,84.68,400
1787120400,84.67,84.69,84.55,84.69,357
1787120700,84.68,84.7,84.54,84.57,348
1787121000,84.58,84.62,84.41,84.52,597
1787121300,84.54,84.75,84.46,84.71,657
1787121600,84.73,84.73,84.5,84.6,371
1787121900,84.6,84.7,84.59,84.62,240
1787122200,84.62,84.69,84.58,84.65,156
1787122500,84.66,84.69,84.52,84.56,285
1787122800,84.56,84.77,84.56,84.73,343
1787123100,84.72,84.84,84.7,84.74,394
1787123400,84.75,84.78,84.69,84.74,167
1787123700,84.75,84.84,84.66,84.84,209
1787124000,84.85,84.97,84.6,84.64,624
1787124300,84.65,84.69,84.43,84.49,559
1787124600,84.5,84.58,84.37,84.43,573
1787124900,84.44,84.53,84.3,84.38,505
1787125200,84.38,84.45,84.35,84.38,215
1787125500,84.39,84.59,84.36,84.54,232
1787125800,84.54,84.69,84.47,84.61,332
1787126100,84.61,84.73,84.55,84.69,282
1787126400,84.7,84.74,84.55,84.63,224
1787126700,84.62,84.7,84.54,84.59,197
1787127000,84.57,84.63,84.53,84.63,213
1787127300,84.63,84.65,84.49,84.65,319
1787127600,84.65,84.69,84.45,84.54,639
1787127900,84.54,84.55,84.24,84.26,1085
1787128200,84.26,84.48,84.26,84.42,566
1787128500,84.43,84.48,84.33,84.37,262
1787128800,84.38,84.4,84.36,84.37,181
1787129100,84.38,84.59,84.38,84.56,519
1787129400,84.54,84.76,84.52,84.59,634
1787129700,84.59,85.05,84.59,85,1595
1787130000,84.99,85.19,84.81,84.93,1525
1787130300,84.91,85.28,84.87,85.27,1160
1787130600,85.27,85.41,85.14,85.24,1048
1787130900,85.27,85.35,85.19,85.23,484
1787131200,85.25,85.29,85,85,670
1787131500,85.01,85.05,84.86,84.92,527
1787131800,84.92,84.96,84.68,84.68,822
1787132100,84.69,84.9,84.68,84.87,477
1787132400,84.88,85.05,84.87,85,583
1787132700,85.01,85.02,84.72,84.74,350
1787133000,84.75,85.06,84.73,85.04,424
1787133300,85.05,85.08,84.97,85.02,288
1787133600,85.02,85.05,84.92,84.95,426
1787133900,84.97,85.02,84.87,84.91,197
1787134200,84.92,85.07,84.89,85.05,219
1787134500,85.04,85.07,84.89,85,253
1787134800,85,85.06,84.94,84.98,165
1787135100,84.98,85.16,84.95,85.14,616
1787135400,85.14,85.24,85.12,85.15,492
1787135700,85.15,85.22,85.13,85.13,194
1787136000,85.14,85.15,85,85,307
1787136300,85.01,85.01,84.87,84.9,326
1787136600,84.91,85.03,84.87,84.97,353
1787136900,84.98,85,84.89,84.92,183
1787137200,84.91,84.92,84.78,84.85,464
1787137500,84.86,85,84.86,84.98,263
1787137800,84.98,84.98,84.81,84.83,208
1787138100,84.84,84.89,84.72,84.75,364
1787138400,84.76,84.79,84.61,84.68,696
1787138700,84.69,84.76,84.65,84.68,411
1787139000,84.69,84.8,84.67,84.7,243
1787139300,84.69,84.93,84.69,84.89,268
1787139600,84.88,84.98,84.83,84.85,338
1787139900,84.88,84.89,84.76,84.78,205
1787140200,84.75,84.75,84.6,84.66,496
1787140500,84.67,84.67,84.55,84.65,477
1787140800,84.67,84.71,84.6,84.68,458
1787141100,84.66,84.73,84.61,84.67,373
1787141400,84.66,84.68,84.5,84.62,547
1787141700,84.64,84.7,84.41,84.42,611
1787142000,84.43,84.45,84.27,84.33,1082
1787142300,84.35,84.45,84.32,84.39,530
1787142600,84.41,84.49,84.13,84.16,1384
1787142900,84.17,84.25,83.5,83.56,3454
1787143200,83.56,84,83.44,83.97,2769
1787143500,83.97,84.1,83.83,83.85,1262
1787143800,83.83,83.94,83.64,83.66,1187
1787144100,83.67,83.98,83.64,83.97,1221
1787144400,83.97,84.48,83.94,84.47,2714
1787144700,84.46,84.47,84.08,84.18,1324
1787145000,84.19,84.28,84.15,84.24,698
1787145300,84.26,84.28,84.15,84.28,734
1787145600,84.28,84.56,84.21,84.43,986
1787145900,84.45,84.51,84.33,84.43,560
1787146200,84.44,84.6,84.31,84.4,924
1787146500,84.42,84.42,84.24,84.28,554
1787146800,84.3,84.55,84.29,84.41,576
1787147100,84.43,84.57,84.43,84.56,496
1787147400,84.57,84.69,84.55,84.63,825
1787147700,84.63,84.7,84.51,84.53,625
1787148000,84.54,84.57,84.37,84.43,975
1787148300,84.41,84.81,84.4,84.63,1090
1787148600,84.64,84.76,84.54,84.71,698
1787148900,84.71,84.79,84.65,84.67,711
1787149200,84.66,84.8,84.63,84.7,525
1787149500,84.72,84.85,84.71,84.82,561
1787149800,84.85,84.85,84.55,84.77,1838
1787150100,84.77,85.01,84.71,84.73,1353
1787150400,84.74,85.02,84.7,84.78,983
1787150700,84.79,84.98,84.74,84.92,792
1787151000,84.93,85.12,84.92,84.97,1134
1787151300,84.97,85.04,84.86,84.89,655
1787151600,84.89,85.22,84.83,85.08,1420
1787151900,85.07,85.33,84.95,85.27,1100
1787152200,85.29,85.31,85.06,85.16,818
1787152500,85.16,85.47,85.15,85.3,1361
1787152800,85.31,85.46,85.22,85.35,877
1787153100,85.36,85.49,85.29,85.32,1082
1787153400,85.33,85.4,85.19,85.27,1234
1787153700,85.29,85.38,85.23,85.38,376
1787154000,85.38,85.39,85.19,85.21,408
1787154300,85.22,85.31,85.02,85.3,1411
1787154600,85.31,85.33,85.16,85.22,610
1787154900,85.22,85.28,85.18,85.23,190
1787155200,85.24,85.54,85.22,85.37,1101
1787155500,85.39,85.54,85.36,85.46,614
1787155800,85.44,85.51,85.32,85.5,634
1787156100,85.5,85.54,85.45,85.5,425
1787156400,85.51,85.58,85.31,85.33,683
1787156700,85.33,85.36,85.25,85.32,497
1787157000,85.31,85.44,85.24,85.38,472
1787157300,85.36,85.53,85.36,85.48,488
1787157600,85.49,85.56,85.34,85.41,446
1787157900,85.44,85.49,85.37,85.42,308
1787158200,85.43,85.56,85.42,85.52,547
1787158500,85.52,85.66,85.41,85.6,972
1787158800,85.6,85.65,85.53,85.61,622
1787159100,85.62,85.74,85.57,85.72,758
1787159400,85.72,85.83,85.58,85.61,1200
1787159700,85.61,85.68,85.51,85.53,665
1787160000,85.54,85.63,85.4,85.42,766
1787160300,85.41,85.43,85.3,85.37,722
1787160600,85.37,85.42,85.15,85.25,878
1787160900,85.24,85.32,85.2,85.22,309
1787161200,85.2,85.22,84.84,85.06,1259
1787161500,85.04,85.16,85.02,85.09,700
1787161800,85.09,85.14,85.03,85.05,259
1787162100,85.04,85.14,84.96,85.14,506
1787162400,85.14,85.29,85.04,85.08,750
1787162700,85.09,85.14,84.94,84.98,424
1787163000,84.98,84.99,84.78,84.85,909
1787163300,84.84,84.85,84.69,84.71,718
1787163600,84.71,84.78,84.65,84.7,642
1787163900,84.71,84.74,84.25,84.26,2067
1787164200,84.27,84.42,84.23,84.32,1413
1787164500,84.3,84.36,84.21,84.24,510
1787164800,84.23,84.25,84.16,84.19,542
1787165100,84.17,84.24,84.15,84.21,653
1787165400,84.23,84.32,84.21,84.28,517
1787165700,84.3,84.41,84.28,84.35,536
1787166000,84.36,84.38,84.29,84.3,306
1787166300,84.3,84.32,84.26,84.28,186
1787166600,84.27,84.35,84.2,84.33,303
1787166900,84.34,84.4,84.24,84.26,328
1787167200,84.25,84.28,84.02,84.06,1074
1787167500,84.05,84.1,83.93,84.02,856
1787167800,84,84.09,83.94,84.03,518
1787168100,84.02,84.03,83.95,83.99,376
1787168400,83.98,84.06,83.96,83.99,250
1787168700,83.98,84.07,83.97,84.04,245
1787169000,84.03,84.24,84.02,84.23,432
1787169300,84.22,84.32,84.18,84.26,440
1787169600,84.28,84.29,84.18,84.21,192
1787169900,84.22,84.25,84.19,84.21,148
1787170200,84.23,84.24,84.17,84.19,165
1787170500,84.2,84.29,84.18,84.29,153
1787170800,84.27,84.33,84.24,84.29,183
1787171100,84.31,84.32,84.26,84.32,172
1787171400,84.3,84.38,84.25,84.29,255
1787171700,84.29,84.3,84.21,84.29,95
1787172000,84.3,84.37,84.28,84.33,128
1787172300,84.33,84.35,84.22,84.24,222
1787172600,84.24,84.32,84.22,84.32,182
1787172900,84.31,84.49,84.26,84.41,633
1787176800,84.41,84.67,84.31,84.45,665
1787177100,84.41,84.49,84.33,84.37,290
1787177400,84.39,84.45,84.35,84.41,221
1787177700,84.41,84.44,84.36,84.38,104
1787178000,84.38,84.41,84.3,84.32,179
1787178300,84.34,84.39,84.33,84.37,123
1787178600,84.36,84.38,84.31,84.32,46
1787178900,84.31,84.31,84.25,84.25,169
1787179200,84.27,84.33,84.27,84.32,137
1787179500,84.3,84.32,84.25,84.25,72
1787179800,84.26,84.3,84.25,84.28,67
1787180100,84.29,84.6,84.27,84.54,537
1787180400,84.49,84.7,84.41,84.42,553
1787180700,84.42,84.47,84.41,84.47,155
1787181000,84.48,84.55,84.46,84.54,207
1787181300,84.53,84.6,84.49,84.58,196
1787181600,84.58,84.58,84.51,84.54,103
1787181900,84.55,84.55,84.5,84.52,104
1787182200,84.53,84.55,84.44,84.46,78
1787182500,84.45,84.49,84.41,84.42,184
1787182800,84.42,84.44,84.27,84.31,265
1787183100,84.33,84.4,84.31,84.35,91
1787183400,84.36,84.39,84.28,84.3,128
1787183700,84.31,84.33,84.28,84.3,73
1787184000,84.31,84.38,84.22,84.35,436
1787184300,84.36,84.49,84.34,84.44,291
1787184600,84.42,84.59,84.42,84.55,333
1787184900,84.53,84.54,84.41,84.5,257
1787185200,84.53,84.55,84.48,84.52,137
1787185500,84.52,84.57,84.5,84.56,115
1787185800,84.56,84.59,84.48,84.58,124
1787186100,84.58,84.6,84.5,84.53,108
1787186400,84.54,84.6,84.53,84.56,63
1787186700,84.56,84.63,84.55,84.61,130
1787187000,84.62,84.65,84.56,84.58,274
1787187300,84.57,84.61,84.55,84.61,64
1787187600,84.62,84.75,84.58,84.66,607
1787187900,84.66,84.82,84.64,84.8,526
1787188200,84.83,84.9,84.82,84.84,553
1787188500,84.86,84.92,84.66,84.68,429
1787188800,84.68,84.72,84.59,84.65,321
1787189100,84.65,84.71,84.58,84.6,299
1787189400,84.6,84.66,84.46,84.66,439
1787189700,84.65,84.74,84.63,84.69,319
1787190000,84.68,84.78,84.63,84.7,267
1787190300,84.69,84.72,84.62,84.67,96
1787190600,84.69,84.74,84.68,84.71,79
1787190900,84.71,84.83,84.7,84.78,246
1787191200,84.78,84.82,84.64,84.72,326
1787191500,84.73,84.8,84.65,84.73,209
1787191800,84.72,84.72,84.6,84.65,188
1787192100,84.65,84.69,84.61,84.61,106
1787192400,84.63,84.65,84.54,84.54,253
1787192700,84.55,84.63,84.55,84.6,145
1787193000,84.6,84.6,84.41,84.48,410
1787193300,84.48,84.56,84.36,84.46,357
1787193600,84.47,84.49,84.32,84.45,532
1787193900,84.44,84.5,84.29,84.48,416
1787194200,84.49,84.67,84.48,84.58,620
1787194500,84.57,84.57,84.4,84.46,359
1787194800,84.46,84.53,84.37,84.5,228
1787195100,84.47,84.5,84.43,84.47,120
1787195400,84.46,84.47,84.4,84.42,128
1787195700,84.44,84.46,84.39,84.42,100
1787196000,84.43,84.46,84.34,84.39,237
1787196300,84.39,84.4,84.34,84.35,162
1787196600,84.35,84.49,84.34,84.48,261
1787196900,84.48,84.51,84.45,84.48,119
1787197200,84.46,84.53,84.42,84.52,97
1787197500,84.52,84.63,84.52,84.52,130
1787197800,84.51,84.57,84.51,84.51,64
1787198100,84.52,84.56,84.45,84.48,86
1787198400,84.48,84.51,84.43,84.49,84
1787198700,84.51,84.57,84.5,84.56,61
1787199000,84.56,84.61,84.55,84.57,67
1787199300,84.56,84.59,84.54,84.56,40
1787199600,84.57,84.6,84.55,84.6,44
1787199900,84.61,84.62,84.6,84.61,40
1787200200,84.6,84.66,84.58,84.61,125
1787200500,84.6,84.61,84.53,84.53,56
1787200800,84.53,84.58,84.52,84.56,59
1787201100,84.56,84.57,84.4,84.42,245
1787201400,84.42,84.43,84.36,84.41,134
1787201700,84.44,84.49,84.43,84.48,82
1787202000,84.47,84.48,84.41,84.43,149
1787202300,84.43,84.46,84.42,84.45,37
1787202600,84.43,84.45,84.41,84.41,48
1787202900,84.4,84.42,84.32,84.37,141
1787203200,84.39,84.5,84.38,84.45,158
1787203500,84.43,84.48,84.35,84.36,157
1787203800,84.36,84.49,84.34,84.37,172
1787204100,84.37,84.43,84.34,84.41,80
1787204400,84.43,84.53,84.43,84.52,191
1787204700,84.53,84.63,84.53,84.61,275
1787205000,84.61,84.69,84.56,84.61,263
1787205300,84.61,84.64,84.52,84.55,120
1787205600,84.54,84.59,84.45,84.5,285
1787205900,84.47,84.55,84.43,84.53,134
1787206200,84.52,84.55,84.44,84.52,133
1787206500,84.5,84.61,84.48,84.58,206
1787206800,84.61,84.65,84.55,84.55,154
1787207100,84.58,84.69,84.58,84.69,216
1787207400,84.69,84.72,84.59,84.64,254
1787207700,84.63,84.81,84.6,84.8,371
1787208000,84.81,84.81,84.72,84.75,233
1787208300,84.74,84.86,84.74,84.84,260
1787208600,84.82,84.87,84.77,84.85,196
1787208900,84.85,84.92,84.82,84.9,309
1787209200,84.91,85.18,84.91,85.09,1035
1787209500,85.1,85.13,85.02,85.13,381
1787209800,85.13,85.22,85.02,85.21,470
1787210100,85.18,85.42,85.1,85.39,896
1787210400,85.4,85.55,85.36,85.48,974
1787210700,85.48,85.6,85.48,85.58,593
1787211000,85.6,85.87,85.56,85.61,1631
1787211300,85.6,85.73,85.5,85.67,573
1787211600,85.67,85.77,85.62,85.72,372
1787211900,85.7,85.74,85.58,85.68,317
1787212200,85.68,85.78,85.66,85.7,322
1787212500,85.69,85.78,85.6,85.62,247
1787212800,85.62,85.63,85.25,85.39,1090
1787213100,85.41,85.56,85.38,85.51,442
1787213400,85.54,85.57,85.47,85.54,260
1787213700,85.54,85.95,85.51,85.94,941
1787214000,85.94,86.05,85.74,86.01,1081
1787214300,86,86.24,85.95,86.11,1213
1787214600,86.13,86.34,86.1,86.26,966
1787214900,86.25,86.38,86.15,86.17,544
1787215200,86.19,86.35,86.09,86.32,552
1787215500,86.31,86.47,86.26,86.29,737
1787215800,86.29,86.42,86.26,86.29,363
1787216100,86.29,86.4,86.25,86.37,306
1787216400,86.36,86.46,86.26,86.3,388
1787216700,86.3,86.49,86.29,86.38,317
1787217000,86.4,86.59,86.4,86.53,927
1787217300,86.55,86.6,86.4,86.5,576
1787217600,86.46,86.54,86.43,86.49,298
1787217900,86.49,86.58,86.38,86.55,379
1787218200,86.57,86.6,86.42,86.43,287
1787218500,86.42,86.55,86.3,86.32,307
1787218800,86.33,86.46,86.27,86.29,442
1787219100,86.3,86.54,86.26,86.53,431
1787219400,86.54,86.75,86.53,86.66,828
1787219700,86.68,86.82,86.66,86.77,500
1787220000,86.77,86.84,86.49,86.58,984
1787220300,86.59,86.64,86.45,86.63,395
1787220600,86.63,86.72,86.62,86.65,269
1787220900,86.65,86.73,86.57,86.62,260
1787221200,86.63,86.63,86.54,86.57,166
1787221500,86.58,86.67,86.55,86.58,118
1787221800,86.6,86.7,86.59,86.62,216
1787222100,86.63,86.67,86.5,86.67,449
1787222400,86.67,86.75,86.59,86.63,372
1787222700,86.65,86.79,86.63,86.67,248
1787223000,86.7,86.76,86.66,86.72,180
1787223300,86.71,86.73,86.61,86.72,284
1787223600,86.74,86.88,86.68,86.84,494
1787223900,86.85,86.95,86.81,86.83,473
1787224200,86.82,86.91,86.79,86.88,231
1787224500,86.88,86.99,86.85,86.99,345
1787224800,86.97,87.06,86.95,86.99,649
1787225100,86.99,87.09,86.94,87.05,379
1787225400,87.05,87.16,87.04,87.11,531
1787225700,87.11,87.24,87.1,87.11,570
1787226000,87.11,87.17,87.09,87.11,293
1787226300,87.08,87.21,86.97,87.15,749
1787226600,87.16,87.25,87.09,87.11,426
1787226900,87.11,87.25,87.09,87.23,301
1787227200,87.23,87.32,87.18,87.25,556
1787227500,87.26,87.32,87.17,87.29,397
1787227800,87.3,87.5,87.24,87.45,936
1787228100,87.45,87.64,87.43,87.63,1337
1787228400,87.62,87.69,87.43,87.48,1091
1787228700,87.48,87.63,87.42,87.57,634
1787229000,87.58,87.59,87.47,87.5,452
1787229300,87.51,87.52,87.33,87.38,956
1787229600,87.38,87.38,86.97,87.13,1845
1787229900,87.13,87.15,86.78,86.81,1566
1787230200,86.82,86.92,86.71,86.88,1203
1787230500,86.87,86.93,86.66,86.68,788
1787230800,86.69,86.89,86.67,86.73,1238
1787231100,86.72,86.75,86.51,86.55,1272
1787231400,86.54,86.71,86.48,86.61,1132
1787231700,86.59,86.75,86.41,86.47,1428
1787232000,86.49,86.61,86.32,86.57,1013
1787232300,86.57,86.77,86.56,86.67,1023
1787232600,86.67,87,86.62,86.76,1600
1787232900,86.75,86.82,86.57,86.65,1469
1787233200,86.65,86.8,86.62,86.62,613
1787233500,86.62,86.64,86.31,86.39,1121
1787233800,86.37,86.45,86.2,86.38,1089
1787234100,86.39,86.5,86.35,86.5,720
1787234400,86.51,86.67,86.39,86.64,1122
1787234700,86.64,86.77,86.6,86.65,841
1787235000,86.62,86.67,86.37,86.45,805
1787235300,86.48,86.5,86.05,86.12,1520
1787235600,86.14,86.17,85.69,85.87,2602
1787235900,85.86,85.96,85.77,85.89,1184
1787236200,85.89,86.1,85.88,86.07,938
1787236500,86.06,86.07,85.9,85.97,773
1787236800,85.94,86.25,85.93,86.12,1040
1787237100,86.13,86.22,86.03,86.2,430
1787237400,86.22,86.24,86.06,86.09,494
1787237700,86.12,86.2,85.94,86.03,773
1787238000,86.04,86.27,85.98,86.2,652
1787238300,86.19,86.41,86,86.07,1425
1787238600,86.06,86.37,85.77,86.26,1776
1787238900,86.28,86.44,86.28,86.3,617
1787239200,86.3,86.5,86.28,86.47,470
1787239500,86.47,86.59,86.38,86.53,1297
1787239800,86.53,86.68,86.4,86.61,969
1787240100,86.6,86.72,86.6,86.69,611
1787240400,86.68,86.87,86.68,86.79,876
1787240700,86.79,86.83,86.58,86.59,763
1787241000,86.62,86.7,86.6,86.63,367
1787241300,86.65,86.67,86.49,86.51,554
1787241600,86.5,86.55,86.32,86.45,862
1787241900,86.45,86.74,86.43,86.69,652
1787242200,86.67,86.7,86.59,86.61,390
1787242500,86.61,86.64,86.51,86.54,310
1787242800,86.54,86.68,86.53,86.63,214
1787243100,86.66,86.66,86.44,86.44,366
1787243400,86.47,86.66,86.4,86.42,396
1787243700,86.41,86.47,86.36,86.44,366
1787244000,86.45,86.46,86.32,86.35,369
1787244300,86.34,86.41,86.21,86.23,435
1787244600,86.22,86.28,86.15,86.16,468
1787244900,86.15,86.19,86.03,86.11,422
1787245200,86.11,86.11,85.87,86.05,805
1787245500,86.03,86.33,86.02,86.25,707
1787245800,86.23,86.39,86.18,86.32,336
1787246100,86.32,86.47,86.25,86.47,563
1787246400,86.47,86.49,86.35,86.4,254
1787246700,86.39,86.53,86.38,86.48,313
1787247000,86.49,86.64,86.47,86.64,449
1787247300,86.64,86.72,86.57,86.66,664
1787247600,86.65,86.72,86.55,86.62,209
1787247900,86.63,86.74,86.61,86.72,189
1787248200,86.72,86.73,86.53,86.54,459
1787248500,86.55,86.6,86.48,86.52,284
1787248800,86.54,86.58,86.44,86.56,458
1787249100,86.55,86.58,86.36,86.43,488
1787249400,86.41,86.55,86.41,86.47,246
1787249700,86.48,86.5,86.36,86.48,328
1787250000,86.49,86.57,86.41,86.46,277
1787250300,86.47,86.97,86.47,86.94,1200
1787250600,86.94,86.97,86.74,86.79,812
1787250900,86.77,86.97,86.77,86.9,400
1787251200,86.91,86.96,86.86,86.9,242
1787251500,86.89,86.98,86.86,86.93,326
1787251800,86.93,86.94,86.83,86.86,168
1787252100,86.88,86.92,86.81,86.87,156
1787252400,86.85,86.86,86.78,86.79,169
1787252700,86.8,86.82,86.71,86.76,221
1787253000,86.76,86.77,86.67,86.73,351
1787253300,86.73,86.79,86.69,86.74,84
1787253600,86.73,86.76,86.68,86.7,115
1787253900,86.71,86.73,86.64,86.7,172
1787254200,86.7,86.7,86.62,86.63,207
1787254500,86.63,86.67,86.57,86.57,254
1787254800,86.57,86.66,86.55,86.62,114
1787255100,86.62,86.67,86.61,86.66,75
1787255400,86.66,86.67,86.6,86.61,125
1787255700,86.61,86.65,86.58,86.6,144
1787256000,86.6,86.66,86.52,86.66,211
1787256300,86.65,86.66,86.57,86.59,145
1787256600,86.61,86.61,86.5,86.56,168
1787256900,86.53,86.56,86.52,86.53,82
1787257200,86.52,86.62,86.47,86.58,215
1787257500,86.58,86.68,86.58,86.58,163
1787257800,86.57,86.6,86.48,86.51,157
1787258100,86.5,86.53,86.46,86.49,136
1787258400,86.47,86.51,86.46,86.5,111
1787258700,86.49,86.51,86.44,86.48,131
1787259000,86.47,86.47,86.25,86.28,466
1787259300,86.26,86.3,86.17,86.21,544
1787263200,86.21,86.42,86.15,86.39,295
1787263500,86.37,86.45,86.32,86.43,239
1787263800,86.44,86.45,86.32,86.33,121
1787264100,86.33,86.36,86.28,86.31,85
1787264400,86.31,86.32,86.21,86.25,104
1787264700,86.24,86.32,86.24,86.27,73
1787265000,86.27,86.31,86.25,86.25,84
1787265300,86.25,86.34,86.25,86.33,57
1787265600,86.32,86.32,86.27,86.27,22
1787265900,86.29,86.35,86.29,86.29,52
1787266200,86.31,86.32,86.29,86.32,40
1787266500,86.33,86.34,86.3,86.31,47
1787266800,86.3,86.36,86.26,86.26,137
1787267100,86.26,86.32,86.24,86.31,68
1787267400,86.31,86.33,86.29,86.32,59
1787267700,86.32,86.32,86.28,86.28,40
1787268000,86.28,86.32,86.28,86.32,63
1787268300,86.32,86.34,86.32,86.34,116
1787268600,86.31,86.33,86.28,86.3,33
1787268900,86.31,86.32,86.29,86.29,31
1787269200,86.29,86.32,86.29,86.3,14
1787269500,86.3,86.32,86.27,86.29,55
1787269800,86.28,86.3,86.24,86.28,65
1787270100,86.26,86.26,86.2,86.2,82
1787270400,86.21,86.21,86.09,86.13,374
1787270700,86.15,86.28,86.14,86.22,151
1787271000,86.23,86.29,86.23,86.28,79
1787271300,86.27,86.27,86.15,86.16,146
1787271600,86.15,86.15,86.1,86.13,159
1787271900,86.15,86.21,86.07,86.19,203
1787272200,86.2,86.29,86.18,86.24,196
1787272500,86.25,86.3,86.2,86.26,154
1787272800,86.28,86.35,86.27,86.31,208
1787273100,86.3,86.35,86.28,86.32,137
1787273400,86.33,86.45,86.33,86.45,285
1787273700,86.44,86.46,86.38,86.39,248
1787274000,86.39,86.44,86.25,86.32,349
1787274300,86.31,86.48,86.27,86.46,280
1787274600,86.46,86.63,86.45,86.62,409
1787274900,86.61,86.69,86.51,86.62,370
1787275200,86.62,86.65,86.5,86.63,311
1787275500,86.62,86.69,86.59,86.6,407
1787275800,86.61,86.62,86.54,86.57,238
1787276100,86.57,86.72,86.57,86.7,198
1787276400,86.7,86.85,86.68,86.84,429
1787276700,86.84,86.94,86.81,86.84,602
1787277000,86.85,86.89,86.66,86.67,479
1787277300,86.68,86.74,86.63,86.74,276
1787277600,86.72,86.8,86.71,86.77,243
1787277900,86.75,86.8,86.71,86.73,278
1787278200,86.74,86.78,86.66,86.77,198
1787278500,86.75,86.8,86.7,86.71,138
1787278800,86.72,86.74,86.64,86.67,286
1787279100,86.66,86.76,86.65,86.76,107
1787279400,86.75,86.77,86.58,86.64,221
1787279700,86.64,86.73,86.61,86.69,203
1787280000,86.71,86.73,86.59,86.59,175
1787280300,86.58,86.67,86.54,86.62,162
1787280600,86.62,86.69,86.53,86.58,192
1787280900,86.57,86.59,86.48,86.51,303
1787281200,86.52,86.54,86.41,86.52,364
1787281500,86.52,86.55,86.44,86.45,239
1787281800,86.45,86.52,86.42,86.43,180
1787282100,86.42,86.52,86.4,86.51,235
1787282400,86.5,86.52,86.46,86.48,75
1787282700,86.5,86.5,86.34,86.37,258
1787283000,86.37,86.5,86.37,86.48,169
1787283300,86.48,86.54,86.48,86.49,108
1787283600,86.49,86.57,86.49,86.54,198
1787283900,86.54,86.6,86.52,86.59,162
1787284200,86.6,86.61,86.54,86.56,109
1787284500,86.55,86.56,86.47,86.47,182
1787284800,86.48,86.52,86.4,86.44,136
1787285100,86.43,86.46,86.38,86.46,100
1787285400,86.47,86.48,86.45,86.47,45
1787285700,86.48,86.49,86.43,86.46,72
1787286000,86.47,86.51,86.47,86.48,64
1787286300,86.47,86.53,86.47,86.52,68
1787286600,86.51,86.54,86.49,86.51,63
1787286900,86.49,86.54,86.49,86.52,30
1787287200,86.53,86.55,86.44,86.45,80
1787287500,86.45,86.46,86.43,86.43,43
1787287800,86.44,86.45,86.35,86.36,178
1787288100,86.36,86.36,86.21,86.23,402
1787288400,86.24,86.27,86.15,86.17,310
1787288700,86.17,86.24,86.13,86.21,211
1787289000,86.21,86.25,86.18,86.23,169
1787289300,86.24,86.31,86.23,86.29,218
1787289600,86.29,86.33,86.24,86.31,167
1787289900,86.3,86.47,86.29,86.45,314
1787290200,86.46,86.51,86.37,86.43,277
1787290500,86.43,86.46,86.34,86.36,113
1787290800,86.32,86.45,86.31,86.43,88
1787291100,86.41,86.47,86.33,86.46,85
1787291400,86.46,86.47,86.24,86.26,187
1787291700,86.27,86.28,86.14,86.17,447
1787292000,86.18,86.26,86.1,86.24,327
1787292300,86.23,86.28,86.15,86.2,193
1787292600,86.22,86.33,86.14,86.18,296
1787292900,86.2,86.24,86.15,86.21,133
1787293200,86.21,86.3,86.2,86.27,147
1787293500,86.27,86.44,86.27,86.39,281
1787293800,86.39,86.44,86.28,86.35,309
1787294100,86.35,86.38,86.3,86.33,151
1787294400,86.35,86.43,86.3,86.42,177
1787294700,86.4,86.43,86.28,86.38,296
1787295000,86.4,86.5,86.38,86.43,310
1787295300,86.42,86.42,86.28,86.3,209
1787295600,86.33,86.43,86.09,86.14,436
1787295900,86.13,86.4,86.09,86.38,436
1787296200,86.38,86.44,86.14,86.14,397
1787296500,86.13,86.33,86.11,86.27,282
1787296800,86.26,86.31,86.17,86.22,145
1787297100,86.22,86.43,86.21,86.43,203
1787297400,86.43,86.45,86.27,86.32,287
1787297700,86.3,86.45,86.3,86.35,169
1787298000,86.36,86.45,86.28,86.45,267
1787298300,86.42,86.43,86.14,86.21,435
1787298600,86.21,86.34,86.2,86.34,241
1787298900,86.33,86.5,86.33,86.35,423
1787299200,86.36,86.71,86.33,86.57,1059
1787299500,86.57,86.79,86.53,86.66,543
1787299800,86.65,86.68,86.47,86.51,400
1787300100,86.5,86.6,86.25,86.29,487
1787300400,86.31,86.42,86.23,86.23,364
1787300700,86.24,86.24,86,86.12,1089
1787301000,86.12,86.37,86.05,86.29,615
1787301300,86.3,86.32,86.06,86.2,377
1787301600,86.2,86.24,85.96,86.11,368
1787301900,86.15,86.2,86.04,86.07,147
1787302200,86.07,86.14,85.96,86.09,262
1787302500,86.08,86.11,85.92,85.94,311
1787302800,85.94,86,85.8,85.84,527
1787303100,85.85,86.02,85.85,85.92,386
1787303400,85.94,86.13,85.93,86.07,374
1787303700,86.08,86.22,86.07,86.17,284
1787304000,86.18,86.23,86.12,86.21,264
1787304300,86.22,86.27,86.16,86.22,248
1787304600,86.22,86.31,86.06,86.31,331
1787304900,86.32,86.42,86.27,86.28,417
1787305200,86.27,86.4,86.24,86.38,228
1787305500,86.39,86.46,86.35,86.46,253
1787305800,86.45,86.59,86.4,86.5,441
1787306100,86.49,86.54,86.41,86.54,209
1787306400,86.55,86.98,86.55,86.96,1428
1787306700,86.97,87.37,86.91,87.15,2026
1787307000,87.16,87.51,87.15,87.31,1314
1787307300,87.31,87.36,87.07,87.24,735
1787307600,87.23,87.32,87.02,87.03,692
1787307900,87.03,87.04,86.62,86.62,1777
1787308200,86.61,86.86,86.6,86.84,808
1787308500,86.84,86.87,86.68,86.83,374
1787308800,86.83,86.84,86.74,86.83,173
1787309100,86.83,86.97,86.76,86.97,595
1787309400,86.97,87.07,86.93,87,561
1787309700,87.01,87.19,87,87.05,477
1787310000,87.07,87.19,87,87.13,304
1787310300,87.12,87.24,87.1,87.21,309
1787310600,87.22,87.23,87.08,87.21,312
1787310900,87.22,87.29,87.11,87.15,348
1787311200,87.15,87.15,86.35,86.5,1835
1787311500,86.52,86.64,86.33,86.45,1451
1787311800,86.45,86.52,86.3,86.35,784
1787312100,86.33,86.4,86.12,86.36,1281
1787312400,86.36,86.56,86.34,86.46,766
1787312700,86.48,86.65,86.41,86.65,521
1787313000,86.64,86.85,86.64,86.82,853
1787313300,86.85,86.97,86.81,86.96,566
1787313600,86.96,87.06,86.89,86.93,666
1787313900,86.94,86.95,86.78,86.88,719
1787314200,86.86,87.14,86.85,87.13,723
1787314500,87.12,87.17,87.02,87.05,578
1787314800,87.04,87.35,87.04,87.21,1051
1787315100,87.2,87.24,87,87.04,459
1787315400,87.05,87.07,86.9,86.9,622
1787315700,86.9,87,86.87,86.91,329
1787316000,86.91,87.01,86.76,86.8,574
1787316300,86.82,87.04,86.78,86.97,456
1787316600,86.99,87.15,86.99,87.07,451
1787316900,87.05,87.06,86.86,86.87,547
1787317200,86.87,86.88,86.58,86.65,1422
1787317500,86.65,86.95,86.62,86.78,1062
1787317800,86.77,86.8,86.67,86.8,386
1787318100,86.77,87.1,86.71,86.8,842
1787318400,86.81,87.02,86.72,87,643
1787318700,86.99,86.99,86.84,86.9,467
1787319000,86.9,87.07,86.7,86.92,1114
1787319300,86.9,87.11,86.75,86.79,793
1787319600,86.8,86.92,86.74,86.77,680
1787319900,86.8,86.8,86.55,86.57,1320
1787320200,86.57,86.63,86.51,86.59,523
1787320500,86.59,86.6,86.42,86.48,766
1787320800,86.47,86.48,86.27,86.34,1024
1787321100,86.35,86.44,86.3,86.38,655
1787321400,86.37,86.61,86.37,86.59,891
1787321700,86.61,86.65,86.24,86.33,908
1787322000,86.32,86.5,86.32,86.4,483
1787322300,86.41,86.49,86.35,86.43,303
1787322600,86.42,86.78,86.38,86.77,900
1787322900,86.78,86.79,86.37,86.5,939
1787323200,86.5,86.5,86.32,86.43,569
1787323500,86.43,86.52,86.42,86.46,279
1787323800,86.44,86.7,86.36,86.57,678
1787324100,86.57,86.69,86.5,86.52,466
1787324400,86.53,86.58,86.27,86.36,810
1787324700,86.35,86.37,86.15,86.29,1060
1787325000,86.29,86.7,86.28,86.64,953
1787325300,86.67,86.86,86.53,86.83,1643
1787325600,86.83,86.86,86.68,86.7,779
1787325900,86.69,86.75,86.42,86.43,953
1787326200,86.44,86.72,86.38,86.64,962
1787326500,86.66,86.92,86.59,86.85,1067
1787326800,86.86,87.06,86.84,86.85,1241
1787327100,86.87,86.91,86.72,86.79,697
1787327400,86.79,86.94,86.72,86.76,663
1787327700,86.76,86.89,86.75,86.81,375
1787328000,86.82,86.93,86.75,86.85,353
1787328300,86.87,87.01,86.85,86.92,610
1787328600,86.9,86.92,86.79,86.85,309
1787328900,86.88,86.96,86.83,86.91,232
1787329200,86.92,86.99,86.52,86.64,1769
1787329500,86.62,86.63,86.51,86.58,757
1787329800,86.58,86.62,86.5,86.6,391
1787330100,86.6,86.85,86.58,86.84,707
1787330400,86.84,86.92,86.8,86.83,489
1787330700,86.84,86.95,86.76,86.78,371
1787331000,86.77,86.88,86.68,86.85,377
1787331300,86.85,86.95,86.85,86.92,242
1787331600,86.94,87.05,86.85,86.89,589
1787331900,86.88,87.13,86.88,87,625
1787332200,87,87.22,86.95,87.11,737
1787332500,87.1,87.19,87.04,87.14,428
1787332800,87.12,87.17,86.99,87.16,1055
1787333100,87.17,87.27,87.11,87.25,871
1787333400,87.25,87.45,87.23,87.32,1328
1787333700,87.33,87.36,87.21,87.31,596
1787334000,87.32,87.34,87.16,87.17,411
1787334300,87.16,87.34,87.15,87.3,355
1787334600,87.3,87.34,87.22,87.34,286
1787334900,87.34,87.41,87.28,87.32,437
1787335200,87.32,87.33,87.06,87.15,674
1787335500,87.16,87.18,87.02,87.14,398
1787335800,87.13,87.23,87.11,87.16,227
1787336100,87.17,87.33,87.15,87.28,279
1787336400,87.28,87.32,87.22,87.23,244
1787336700,87.26,87.3,86.93,87.07,1374
1787337000,87.08,87.17,87.01,87.08,433
1787337300,87.14,87.16,86.99,87.01,193
1787337600,86.99,87,86.94,86.98,408
1787337900,86.97,86.98,86.87,86.92,324
1787338200,86.92,87.13,86.92,87.02,846
1787338500,87.02,87.08,87,87.01,258
1787338800,87.02,87.02,86.82,86.86,367
1787339100,86.85,86.88,86.83,86.84,120
1787339400,86.84,86.85,86.78,86.82,312
1787339700,86.82,86.95,86.82,86.88,309
1787340000,86.88,86.89,86.8,86.82,164
1787340300,86.83,86.87,86.8,86.82,94
1787340600,86.81,86.88,86.77,86.88,342
1787340900,86.88,86.93,86.77,86.8,241
1787341200,86.8,86.82,86.73,86.81,333
1787341500,86.8,86.86,86.75,86.78,285
1787341800,86.77,86.8,86.7,86.7,383
1787342100,86.71,86.71,86.6,86.65,389
1787342400,86.64,86.67,86.6,86.65,256
1787342700,86.67,86.7,86.64,86.67,165
1787343000,86.67,86.7,86.64,86.68,167
1787343300,86.66,86.74,86.64,86.71,171
1787343600,86.72,86.87,86.7,86.79,415
1787343900,86.8,86.89,86.8,86.87,314
1787344200,86.85,86.87,86.76,86.76,227
1787344500,86.77,86.83,86.75,86.77,116
1787344800,86.78,86.85,86.77,86.85,174
1787345100,86.82,86.84,86.68,86.71,404
1787345400,86.71,86.77,86.67,86.71,203
1787345700,86.7,86.72,86.64,86.65,555
1787522400,86.54,86.59,86.32,86.35,1085
1787522700,86.34,86.46,86.3,86.38,331
1787523000,86.4,86.46,86.37,86.4,104
1787523300,86.42,86.44,86.35,86.39,204
1787523600,86.4,86.47,86.37,86.39,162
1787523900,86.39,86.42,86.38,86.38,60
1787524200,86.38,86.4,86.36,86.37,125
1787524500,86.37,86.38,86.3,86.32,217
1787524800,86.3,86.36,86.3,86.34,86
1787525100,86.35,86.36,86.31,86.35,91
1787525400,86.33,86.35,86.31,86.31,74
1787525700,86.33,86.34,86.23,86.26,511
1787526000,86.25,86.28,86.17,86.19,280
1787526300,86.19,86.21,86.11,86.13,279
1787526600,86.13,86.17,86.09,86.15,228
1787526900,86.15,86.17,86.1,86.13,139
1787527200,86.12,86.13,86.1,86.11,60
1787527500,86.11,86.16,86.1,86.13,232
1787527800,86.14,86.19,86.13,86.16,174
1787528100,86.18,86.22,86.17,86.22,176
1787528400,86.2,86.24,86.15,86.18,149
1787528700,86.16,86.18,86.12,86.13,113
1787529000,86.14,86.16,86.07,86.1,214
1787529300,86.09,86.1,85.96,86.02,380
1787529600,86.01,86.04,85.96,85.99,331
1787529900,86,86.24,85.99,86.13,269
1787530200,86.12,86.18,86.05,86.15,441
1787530500,86.16,86.17,86.03,86.05,247
1787530800,86.05,86.08,85.91,85.94,314
1787531100,85.95,85.99,85.9,85.95,237
1787531400,85.94,85.96,85.85,85.86,327
1787531700,85.86,85.95,85.77,85.8,675
1787532000,85.8,85.8,85.6,85.63,769
1787532300,85.62,85.84,85.61,85.82,616
1787532600,85.81,85.87,85.78,85.81,208
1787532900,85.84,85.86,85.75,85.83,224
1787533200,85.82,85.85,85.32,85.46,1593
1787533500,85.45,85.54,85.33,85.34,749
1787533800,85.35,85.47,85.34,85.4,326
1787534100,85.39,85.41,85.07,85.14,1048
1787534400,85.12,85.23,84.94,84.94,1110
1787534700,84.95,85.17,84.85,85.17,1251
1787535000,85.15,85.38,85.1,85.35,898
1787535300,85.36,85.39,85.3,85.35,387
1787535600,85.35,85.46,85.28,85.29,513
1787535900,85.31,85.38,85.22,85.33,397
1787536200,85.32,85.4,85.29,85.38,223
1787536500,85.38,85.42,85.31,85.38,535
1787536800,85.35,85.38,85.2,85.28,413
1787537100,85.29,85.42,85.28,85.42,311
1787537400,85.41,85.46,85.32,85.34,242
1787537700,85.33,85.41,85.32,85.38,253
1787538000,85.38,85.52,85.36,85.5,234
1787538300,85.48,85.53,85.48,85.53,188
1787538600,85.52,85.69,85.52,85.66,674
1787538900,85.66,85.74,85.59,85.6,440
1787539200,85.6,85.63,85.55,85.59,305
1787539500,85.6,85.62,85.5,85.55,357
1787539800,85.54,85.66,85.48,85.65,290
1787540100,85.65,85.73,85.6,85.7,218
1787540400,85.69,85.75,85.67,85.74,394
1787540700,85.73,85.8,85.65,85.68,302
1787541000,85.68,85.72,85.63,85.65,135
1787541300,85.67,85.74,85.66,85.72,128
1787541600,85.7,85.77,85.65,85.73,149
1787541900,85.7,85.74,85.66,85.69,140
1787542200,85.7,85.79,85.69,85.71,129
1787542500,85.72,85.76,85.7,85.7,110
1787542800,85.71,85.73,85.69,85.73,200
1787543100,85.7,85.7,85.63,85.64,138
1787543400,85.65,85.68,85.58,85.59,160
1787543700,85.61,85.64,85.57,85.61,194
1787544000,85.61,85.78,85.56,85.71,667
1787544300,85.71,85.72,85.65,85.67,110
1787544600,85.66,85.66,85.59,85.59,196
1787544900,85.6,85.62,85.57,85.62,81
1787545200,85.61,85.63,85.57,85.6,54
1787545500,85.6,85.64,85.47,85.61,539
1787545800,85.62,85.62,85.58,85.61,89
1787546100,85.62,85.69,85.54,85.67,119
1787546400,85.67,85.68,85.6,85.61,118
1787546700,85.61,85.74,85.61,85.72,165
1787547000,85.72,85.75,85.66,85.66,70
1787547300,85.66,85.67,85.6,85.62,89
1787547600,85.62,85.69,85.58,85.65,121
1787547900,85.62,85.65,85.6,85.61,93
1787548200,85.61,85.66,85.57,85.66,81
1787548500,85.66,85.67,85.58,85.62,55
1787548800,85.62,85.63,85.51,85.58,200
1787549100,85.59,85.59,85.52,85.58,85
1787549400,85.56,85.68,85.48,85.58,288
1787549700,85.58,85.62,85.53,85.59,91
1787550000,85.58,85.75,85.54,85.75,273
1787550300,85.75,85.78,85.62,85.66,258
1787550600,85.67,85.72,85.65,85.69,97
1787550900,85.68,85.75,85.54,85.57,186
1787551200,85.59,85.65,85.49,85.49,302
1787551500,85.49,85.53,85.34,85.46,534
1787551800,85.47,85.47,85.3,85.3,342
1787552100,85.3,85.37,85.23,85.36,310
1787552400,85.34,85.41,85.3,85.31,169
1787552700,85.3,85.47,85.3,85.44,190
1787553000,85.43,85.46,85.24,85.28,221
1787553300,85.3,85.32,85.2,85.22,233
1787553600,85.21,85.28,85.14,85.22,319
1787553900,85.26,85.39,85.26,85.31,219
1787554200,85.29,85.3,85.2,85.26,267
1787554500,85.27,85.31,85.16,85.18,144
1787554800,85.18,85.28,85.13,85.17,157
1787555100,85.15,85.21,85.14,85.15,32
1787555700,85.24,85.32,85.15,85.24,216
1787556000,85.23,85.27,85.13,85.21,107
1787556300,85.2,85.38,85.17,85.3,246
1787556600,85.28,85.36,85.05,85.15,328
1787556900,85.16,85.34,85.06,85.29,260
1787557200,85.3,85.7,85.29,85.53,847
1787557500,85.53,85.71,85.47,85.69,496
1787557800,85.67,85.67,85.37,85.47,486
1787558100,85.48,85.66,85.48,85.66,398
1787558400,85.65,85.67,85.37,85.46,396
1787558700,85.46,85.7,85.45,85.66,479
1787559000,85.66,85.81,85.43,85.53,725
1787559300,85.55,85.67,85.41,85.41,313
1787559600,85.41,85.63,85.41,85.58,200
1787559900,85.57,85.75,85.47,85.56,558
1787560200,85.56,85.6,85.4,85.53,401
1787560500,85.54,85.55,85.37,85.38,234
1787560800,85.38,85.4,85.1,85.18,655
1787561100,85.2,85.33,84.96,85,853
1787561400,85.01,85.08,84.85,84.88,517
1787561700,84.92,84.98,84.92,84.97,62
1787562000,84.98,84.99,84.76,84.93,531
1787562300,84.93,84.96,84.84,84.91,334
1787562600,84.92,85.1,84.92,85.08,378
1787562900,85.08,85.38,85.04,85.37,554
1787563200,85.38,85.45,85.27,85.42,338
1787563500,85.42,85.47,85.33,85.39,270
1787563800,85.36,85.41,85.29,85.31,177
1787564100,85.31,85.33,85.09,85.11,360
1787564400,85.13,85.32,85.13,85.32,133
1787564700,85.32,85.32,85.02,85.11,385
1787565000,85.11,85.2,85.07,85.08,229
1787565300,85.09,85.17,84.98,85.16,334
1787565600,85.16,85.23,85.03,85.09,268
1787565900,85.08,85.12,84.94,85.02,224
1787566200,85,85.1,85,85.09,92
1787566500,85.07,85.09,85.01,85.07,75
1787566800,85.08,85.13,84.95,85.04,177
1787567100,85.04,85.13,84.95,85,219
1787567400,84.99,85.05,84.87,84.96,263
1787567700,84.98,85.04,84.95,84.96,84
1787568000,84.96,85.21,84.93,85.19,276
1787568300,85.2,85.27,85.17,85.22,237
1787568600,85.2,85.27,85.12,85.23,214
1787568900,85.21,85.39,85.16,85.37,352
1787569200,85.38,85.43,85.09,85.21,513
1787569500,85.23,85.24,85.17,85.21,158
1787569800,85.23,85.26,85.18,85.21,88
1787570100,85.22,85.35,85.19,85.35,214
1787570400,85.36,85.47,85.33,85.45,320
1787570700,85.45,85.53,85.4,85.48,378
1787571000,85.47,85.59,85.22,85.32,767
1787571300,85.32,85.33,85.11,85.17,499
1787571600,85.17,85.24,85.01,85.16,421
1787571900,85.15,85.23,85.07,85.23,357
1787572200,85.24,85.39,85.24,85.35,311
1787572500,85.36,85.42,85.32,85.4,215
1787572800,85.37,85.42,85.31,85.36,296
1787573100,85.33,85.38,85.25,85.38,224
1787573400,85.38,85.53,85.3,85.51,639
1787573700,85.52,85.56,85.44,85.52,335
1787574000,85.54,85.61,85.47,85.49,482
1787574300,85.47,85.55,85.35,85.46,479
1787574600,85.48,86.24,85.39,85.55,2846
1787574900,85.57,85.63,85.42,85.52,691
1787575200,85.53,85.63,85.09,85.63,1661
1787575500,85.62,85.65,85.5,85.56,425
1787575800,85.56,85.61,85.48,85.56,278
1787576100,85.58,85.68,85.49,85.53,456
1787576400,85.53,85.64,85.33,85.49,1079
1787576700,85.51,85.77,85.49,85.62,905
1787577000,85.62,85.68,85.4,85.5,642
1787577300,85.5,85.73,85.5,85.71,699
1787577600,85.7,85.77,85.48,85.66,704
1787577900,85.65,85.94,85.49,85.91,888
1787578200,85.9,86.05,85.74,85.78,1542
1787578500,85.8,85.97,85.69,85.83,975
1787578800,85.84,85.87,85.58,85.66,943
1787579100,85.67,85.72,85.43,85.69,1100
1787579400,85.69,85.78,85.3,85.42,1298
1787579700,85.42,85.61,85.37,85.37,963
1787580000,85.38,85.58,85.23,85.45,1323
1787580300,85.45,85.47,85.23,85.31,789
1787580600,85.31,85.41,85.28,85.36,525
1787580900,85.36,85.38,85.14,85.24,701
1787581200,85.24,85.28,85.06,85.15,560
1787581500,85.17,85.25,84.76,84.92,1809
1787581800,84.9,85.14,84.89,85.05,963
1787582100,85.08,85.09,84.97,85.02,424
1787582400,85,85.24,84.96,85.18,729
1787582700,85.19,85.2,84.99,85.02,750
1787583000,85.01,85.07,84.82,84.88,708
1787583300,84.88,85.02,84.82,85.01,527
1787583600,85,85.16,84.99,85.13,662
1787583900,85.12,85.13,84.84,84.98,630
1787584200,84.99,85.08,84.94,85.01,318
1787584500,85,85.09,84.96,85.02,302
1787584800,85.04,85.14,85.01,85.09,467
1787585100,85.1,85.12,84.41,84.48,3941
1787585400,84.48,84.74,84.37,84.64,2855
1787585700,84.64,84.77,84.58,84.74,837
1787586000,84.75,84.88,84.7,84.83,809
1787586300,84.84,84.88,84.74,84.76,369
1787586600,84.75,84.84,84.66,84.73,664
1787586900,84.74,84.84,84.63,84.8,322
1787587200,84.82,84.88,84.72,84.87,392
1787587500,84.88,84.99,84.75,84.97,498
1787587800,84.96,85.01,84.84,84.99,520
1787588100,85.01,85.21,84.98,85.21,815
1787588400,85.21,85.3,85.05,85.07,944
1787588700,85.07,85.36,85.01,85.28,660
1787589000,85.29,85.3,85.15,85.27,360
1787589300,85.27,85.34,85.08,85.31,537
1787589600,85.31,85.43,85.3,85.36,561
1787589900,85.36,85.38,85.25,85.38,239
1787590200,85.38,85.4,85.29,85.29,197
1787590500,85.31,85.37,85.21,85.22,262
1787590800,85.22,85.23,84.95,85.03,1094
1787591100,85.03,85.23,84.72,85.02,1254
1787591400,85.03,85.06,84.8,84.92,585
1787591700,84.93,85.16,84.69,84.79,1079
1787592000,84.79,84.9,84.71,84.83,442
1787592300,84.84,84.92,84.79,84.86,523
1787592600,84.87,85.04,84.82,85.01,347
1787592900,85,85.06,84.96,84.97,151
1787593200,84.97,84.97,84.85,84.87,218
1787593500,84.86,84.98,84.82,84.94,179
1787593800,84.9,84.9,84.72,84.75,381
1787594100,84.76,84.81,84.71,84.81,219
1787594400,84.81,84.85,84.65,84.79,329
1787594700,84.77,84.83,84.77,84.78,111
1787595000,84.79,84.85,84.76,84.82,191
1787595300,84.82,84.86,84.73,84.79,282
1787595600,84.81,84.95,84.79,84.95,336
1787595900,84.95,85.07,84.91,84.98,733
1787596200,84.97,85.03,84.88,85.01,243
1787596500,85,85.12,84.98,85.09,230
1787596800,85.09,85.2,85.04,85.17,254
1787597100,85.16,85.23,85.14,85.21,293
1787597400,85.2,85.26,85.17,85.21,269
1787597700,85.2,85.21,85.14,85.18,201
1787598000,85.17,85.25,85.15,85.23,177
1787598300,85.22,85.3,85.19,85.24,175
1787598600,85.25,85.26,85.22,85.24,52
1787598900,85.22,85.23,85.18,85.22,132
1787599200,85.22,85.25,85.2,85.2,80
1787599500,85.2,85.22,85.18,85.18,62
1787599800,85.2,85.21,85.08,85.14,257
1787600100,85.15,85.2,85.04,85.05,290
1787600400,85.07,85.1,84.97,85.07,230
1787600700,85.09,85.09,85.01,85.04,124
1787601000,85.05,85.06,85,85.01,132
1787601300,85,85.06,84.99,85.04,130
1787601600,85.05,85.08,84.98,85,174
1787601900,85,85,84.95,84.98,94
1787602200,84.97,85.04,84.96,85.01,141
1787602500,85.02,85.07,84.99,85.05,94
1787602800,85.05,85.05,84.95,84.98,150
1787603100,84.99,84.99,84.95,84.97,77
1787603400,84.96,84.97,84.88,84.95,155
1787603700,84.95,84.97,84.91,84.93,114
1787604000,84.93,84.96,84.86,84.88,165
1787604300,84.88,84.97,84.85,84.94,276
1787604600,84.95,84.97,84.91,84.93,120
1787604900,84.93,85,84.92,84.95,377
1787608800,85,85.12,84.93,85.08,342
1787609100,85.07,85.11,84.96,85.02,264
1787609400,85.03,85.03,84.98,85.01,58
1787609700,85.02,85.09,84.99,85.04,128
1787610000,85.04,85.06,85.02,85.02,55
1787610300,85.04,85.07,85.03,85.05,51
1787610600,85.07,85.11,85.06,85.08,115
1787610900,85.08,85.11,85.06,85.1,55
1787611200,85.08,85.1,85.06,85.08,23
1787611500,85.1,85.12,85.07,85.11,66
1787611800,85.11,85.14,85.1,85.12,129
1787612100,85.11,85.14,85.11,85.13,15
1787612400,85.13,85.15,85.1,85.1,97
1787612700,85.1,85.13,85.09,85.11,55
1787613000,85.11,85.16,85.11,85.16,57
1787613300,85.16,85.17,85.15,85.17,57
1787613600,85.17,85.2,85.17,85.2,73
1787613900,85.2,85.21,85.15,85.17,158
1787614200,85.17,85.24,85.15,85.2,134
1787614500,85.2,85.2,85.11,85.14,138
1787614800,85.14,85.21,85.14,85.17,54
1787615100,85.19,85.21,85.17,85.19,52
1787615400,85.18,85.2,85.17,85.2,64
1787615700,85.2,85.22,85.18,85.19,59
1787616000,85.19,85.26,85.12,85.25,331
1787616300,85.24,85.26,85.1,85.11,169
1787616600,85.11,85.15,85.06,85.11,218
1787616900,85.15,85.16,85.08,85.12,119
1787617200,85.11,85.15,85.09,85.1,63
1787617500,85.11,85.13,85.06,85.12,89
1787617800,85.12,85.12,85.02,85.03,195
1787618100,85.04,85.1,85.02,85.07,62
1787618400,85.08,85.08,84.9,84.91,341
1787618700,84.9,84.96,84.89,84.9,130
1787619000,84.88,84.88,84.8,84.86,309
1787619300,84.86,84.86,84.75,84.78,217
1787619600,84.77,85.16,84.73,85.07,582
1787619900,85.05,85.3,84.96,85.28,579
1787620200,85.29,85.35,85.11,85.14,673
1787620500,85.15,85.2,85.09,85.1,243
1787620800,85.1,85.27,85.07,85.23,259
1787621100,85.24,85.34,85.23,85.25,290
1787621400,85.23,85.26,85.11,85.25,371
1787621700,85.25,85.29,85.13,85.29,169
1787622000,85.27,85.39,85.22,85.36,287
1787622300,85.38,85.43,85.33,85.42,313
1787622600,85.42,85.5,85.32,85.35,393
1787622900,85.34,85.49,85.31,85.46,272
1787623200,85.47,85.73,85.42,85.65,761
1787623500,85.65,85.8,85.55,85.64,563
1787623800,85.63,85.84,85.62,85.76,616
1787624100,85.76,85.78,85.66,85.78,337
1787624400,85.78,85.81,85.71,85.75,225
1787624700,85.75,85.77,85.66,85.68,208
1787625000,85.7,85.79,85.68,85.71,252
1787625300,85.74,85.77,85.58,85.6,233
1787625600,85.57,85.68,85.56,85.61,698
1787625900,85.59,85.62,85.53,85.55,228
1787626200,85.56,85.6,85.47,85.53,370
1787626500,85.52,85.62,85.52,85.55,671
1787626800,85.56,85.58,85.49,85.49,187
1787627100,85.48,85.52,85.29,85.31,696
1787627400,85.3,85.36,85.22,85.34,573
1787627700,85.33,85.36,85.14,85.22,556
1787628000,85.23,85.36,85.17,85.35,317
1787628300,85.35,85.39,85.3,85.36,173
1787628600,85.35,85.41,85.32,85.41,143
1787628900,85.39,85.41,85.37,85.4,72
1787629200,85.39,85.42,85.37,85.42,70
1787629500,85.42,85.42,85.38,85.39,46
1787629800,85.4,85.43,85.39,85.42,57
1787630100,85.4,85.45,85.4,85.42,73
1787630400,85.45,85.5,85.42,85.45,381
1787630700,85.46,85.48,85.4,85.4,130
1787631000,85.41,85.42,85.34,85.37,94
1787631300,85.35,85.38,85.27,85.31,165
1787631600,85.32,85.36,85.22,85.25,112
1787631900,85.26,85.28,85.25,85.26,40
1787632200,85.28,85.28,85.22,85.25,130
1787632500,85.26,85.26,85.22,85.22,81
1787632800,85.23,85.23,85.08,85.14,354
1787633100,85.13,85.13,85.08,85.1,148
1787633400,85.1,85.12,85.08,85.09,97
1787633700,85.1,85.14,85.07,85.09,180
1787634000,85.08,85.08,85,85.04,244
1787634300,85.05,85.11,85.04,85.08,113
1787634600,85.07,85.07,84.97,84.97,175
1787634900,84.97,85,84.94,84.96,113
1787635200,84.95,84.99,84.95,84.97,103
1787635500,84.98,84.99,84.92,84.97,158
1787635800,84.97,85.04,84.83,85.04,405
1787636100,85.05,85.09,84.98,85.03,168
1787636400,85.02,85.02,84.94,84.95,104
1787636700,84.93,84.99,84.62,84.72,646
1787637000,84.72,84.77,84.51,84.57,608
1787637300,84.58,84.58,84.29,84.46,1299
1787637600,84.48,84.54,84.25,84.33,684
1787637900,84.33,84.44,84.2,84.32,664
1787638200,84.3,84.35,84.26,84.26,231
1787638500,84.28,84.36,84.21,84.28,286
1787638800,84.28,84.3,84.14,84.17,466
1787639100,84.17,84.36,84.16,84.22,428
1787639400,84.22,84.31,84.1,84.3,417
1787639700,84.3,84.59,84.29,84.57,724
1787640000,84.57,84.58,84.39,84.46,311
1787640300,84.47,84.59,84.46,84.5,303
1787640600,84.5,84.51,84.14,84.17,675
1787640900,84.16,84.25,84.14,84.25,351
1787641200,84.26,84.31,84.2,84.25,313
1787641500,84.25,84.28,84.1,84.23,398
1787641800,84.22,84.45,84.2,84.41,532
1787642100,84.4,84.47,84.25,84.28,340
1787642400,84.28,84.44,84.25,84.42,163
1787642700,84.41,84.54,84.37,84.45,334
1787643000,84.45,84.55,84.42,84.5,321
1787643300,84.45,84.47,84.26,84.26,286
1787643600,84.35,84.45,84.32,84.37,220
1787643900,84.37,84.47,84.32,84.46,191
1787644200,84.42,84.6,84.38,84.51,386
1787644500,84.51,84.55,84.39,84.54,256
1787644800,84.56,84.71,84.53,84.57,552
1787645100,84.56,84.67,84.52,84.6,273
1787645400,84.58,84.6,84.53,84.58,150
1787645700,84.58,84.62,84.44,84.57,247
1787646000,84.58,84.58,83.51,83.56,3456
1787646300,83.59,83.95,83.5,83.91,1758
1787646600,83.91,84.11,83.41,83.48,1516
1787646900,83.5,83.76,83.5,83.64,653
1787647200,83.62,83.72,83.41,83.42,725
1787647500,83.42,83.52,83.3,83.31,991
1787647800,83.32,83.38,83.24,83.28,790
1787648100,83.27,83.29,82.85,83.01,1862
1787648400,83.01,83.09,82.89,82.95,732
1787648700,82.95,82.98,82.77,82.89,609
1787649000,82.88,82.93,82.67,82.88,639
1787649300,82.9,82.98,82.58,82.72,855
1787649600,82.72,82.73,82.45,82.63,1182
1787649900,82.62,82.74,82.61,82.69,491
1787650200,82.69,82.75,82.37,82.43,1058
1787650500,82.42,82.52,82.25,82.27,972
1787650800,82.25,82.47,82.19,82.32,831
1787651100,82.32,82.4,82.07,82.1,630
1787651400,82.09,82.19,82.05,82.12,585
1787651700,82.12,82.26,82.05,82.12,632
1787652000,82.13,82.52,82.11,82.5,899
1787652300,82.5,82.61,82.44,82.53,617
1787652600,82.53,82.58,82.43,82.5,327
1787652900,82.49,82.53,82.43,82.47,294
1787653200,82.47,82.55,82.37,82.52,285
1787653500,82.5,82.58,82.37,82.43,267
1787653800,82.39,82.53,82.26,82.42,494
1787654100,82.44,82.44,82.28,82.33,216
1787654400,82.34,82.58,82.29,82.56,366
1787654700,82.56,82.58,82.42,82.5,256
1787655000,82.49,82.59,82.43,82.55,257
1787655300,82.55,82.55,82.4,82.45,191
1787655600,82.45,82.5,82.3,82.38,317
1787655900,82.39,82.71,82.37,82.59,483
1787656200,82.59,82.65,82.42,82.45,592
1787656500,82.45,82.61,82.42,82.56,211
1787656800,82.53,82.66,82.43,82.46,413
1787657100,82.48,82.55,82.44,82.49,165
1787657400,82.45,82.45,82.26,82.33,386
1787657700,82.31,82.44,82.29,82.3,381
1787658000,82.31,82.38,82.15,82.18,512
1787658300,82.18,82.2,81.83,81.83,1687
1787658600,81.83,82.06,81.81,81.96,802
1787658900,81.95,82.06,81.86,81.97,529
1787659200,81.96,82.05,81.89,81.97,480
1787659500,81.97,82.06,81.91,81.96,382
1787659800,81.96,82.36,81.93,82.32,1462
1787660100,82.31,82.42,82.2,82.32,677
1787660400,82.33,82.59,82.33,82.57,749
1787660700,82.56,82.59,82.3,82.34,641
1787661000,82.34,82.5,82.3,82.33,450
1787661300,82.34,82.45,82.28,82.42,381
1787661600,82.41,82.55,82.38,82.43,421
1787661900,82.43,82.45,82.32,82.39,287
1787662200,82.37,82.37,82.12,82.23,879
1787662500,82.22,82.28,82.18,82.2,379
1787662800,82.2,82.29,82.09,82.11,831
1787663100,82.11,82.18,82.01,82.09,765
1787663400,82.1,82.14,81.81,82.02,1532
1787663700,82.01,82.38,81.99,82.37,1184
1787664000,82.35,82.49,82.35,82.43,868
1787664300,82.41,82.63,82.36,82.41,1160
1787664600,82.4,82.64,82.39,82.43,1004
1787664900,82.43,82.44,82.3,82.32,739
1787665200,82.33,82.4,82.19,82.22,656
1787665500,82.22,82.33,82.16,82.21,554
1787665800,82.21,82.35,82.14,82.29,605
1787666100,82.29,82.49,82.27,82.44,628
1787666400,82.46,82.88,82.35,82.61,2568
1787666700,82.61,82.63,82.3,82.32,890
1787667000,82.32,82.51,82.3,82.4,579
1787667300,82.39,82.61,82.36,82.45,697
1787667600,82.44,82.63,82.37,82.61,550
1787667900,82.61,82.62,82.5,82.6,333
1787668200,82.6,83.31,82.6,82.8,3424
1787668500,82.8,82.82,82.65,82.8,551
1787668800,82.78,82.79,82.49,82.53,656
1787669100,82.53,82.55,82.4,82.45,743
1787669400,82.44,82.65,82.28,82.37,951
1787669700,82.37,82.52,82.3,82.49,406
1787670000,82.45,82.69,82.43,82.65,643
1787670300,82.65,82.69,82.5,82.55,476
1787670600,82.54,82.58,82.44,82.44,370
1787670900,82.43,82.54,82.37,82.4,426
1787671200,82.4,82.42,82.13,82.31,1348
1787671500,82.32,82.4,82.31,82.38,232