time,open,high,low,close,Volume
1778450400,7403.75,7409.75,7396,7397.75,6106
1778450700,7398,7399.75,7393.5,7399.5,2925
1778451000,7399.75,7403.5,7398.75,7399.75,2314
1778451300,7399.75,7400.5,7390.5,7394.25,4026
1778451600,7394.25,7397.25,7391.75,7397,1952
1778451900,7397.25,7400,7397,7399.75,1868
1778452200,7399.75,7400,7398,7398.5,1118
1778452500,7398.5,7398.5,7396,7396.75,1345
1778452800,7396.5,7398.75,7395.25,7398.5,1471
1778453100,7398.75,7402.25,7398.25,7402.25,1739
1778453400,7402,7402.5,7401.25,7401.75,1132
1778453700,7401.75,7406.25,7401.75,7404.25,2880
1778454000,7404.25,7406.75,7403.25,7405.75,2043
1778454300,7406.25,7408.75,7406,7408,2114
1778454600,7408,7409,7405.5,7406.25,1719
1778454900,7406.5,7408.25,7406,7407.75,818
1778455200,7408,7409.25,7407.5,7407.75,973
1778455500,7408,7408.25,7403.5,7404,1954
1778455800,7404,7405.25,7401.75,7403.25,1783
1778456100,7403.5,7404.25,7402,7402.75,1138
1778456400,7402.75,7404.25,7402.25,7403.75,999
1778456700,7404,7405.25,7401.75,7404.25,1722
1778457000,7404.25,7404.25,7402,7402.5,763
1778457300,7402.25,7404,7401,7402.75,1207
1778457600,7402.75,7406,7402.5,7405.5,1975
1778457900,7406,7408.75,7406,7408.25,2794
1778458200,7407.75,7408.75,7407,7408.25,1090
1778458500,7408,7408,7405.25,7407.25,1591
1778458800,7407.25,7409.25,7406.75,7409,1357
1778459100,7409,7411.25,7407.5,7410.5,2653
1778459400,7410.5,7412,7410.5,7411.75,1622
1778459700,7412,7412.75,7410.5,7410.5,1655
1778460000,7410.75,7412.5,7410.25,7411.25,860
1778460300,7411,7411.5,7409.25,7409.5,1766
1778460600,7409.5,7409.5,7397.5,7400.75,8422
1778460900,7400.75,7403.5,7397,7402.5,4301
1778461200,7402.25,7402.75,7397.75,7399.25,3599
1778461500,7399.25,7402.75,7398.25,7402.5,1895
1778461800,7402.5,7405.5,7401,7404.5,2241
1778462100,7404.5,7409.5,7403.25,7409,2278
1778462400,7409.5,7410.5,7408,7409.25,1845
1778462700,7409.5,7410,7408,7408.5,799
1778463000,7408.5,7409.25,7405.5,7407.5,1679
1778463300,7407.25,7408.5,7406,7407.75,944
1778463600,7407.75,7409.25,7407.25,7408.5,570
1778463900,7408.75,7410.75,7407.75,7410.75,1194
1778464200,7410.5,7411,7408,7409.75,1242
1778464500,7409.75,7411.5,7408.75,7411,888
1778464800,7411,7413,7410.5,7411.5,1859
1778465100,7411.25,7412,7409.25,7409.75,1086
1778465400,7409.75,7412,7409.5,7411.5,690
1778465700,7411.75,7412.25,7409.75,7410.75,671
1778466000,7411,7412.25,7410.75,7412,396
1778466300,7412,7413.75,7411.5,7413.25,1157
1778466600,7413,7414.5,7410.25,7411.5,1748
1778466900,7411.75,7412.75,7411.25,7412.25,576
1778467200,7412.5,7413.25,7411.75,7412.5,484
1778467500,7412.75,7413,7410.75,7411.5,687
1778467800,7411.5,7413.25,7411,7413.25,476
1778468100,7413.25,7413.5,7411,7411,617
1778468400,7411,7411.25,7407.5,7410,2270
1778468700,7410,7411,7408.5,7410.75,799
1778469000,7410.5,7411.25,7410,7410.5,674
1778469300,7410.5,7410.75,7408.75,7410.5,775
1778469600,7410.5,7412.25,7410.25,7411.25,686
1778469900,7411.5,7413.5,7411,7413,848
1778470200,7413,7414.5,7412.5,7412.75,1366
1778470500,7413,7413.25,7412,7412.75,551
1778470800,7412.75,7415.25,7412.75,7415.25,982
1778471100,7414.75,7414.75,7412.75,7413,624
1778471400,7413,7413.5,7412,7412.75,494
1778471700,7413,7413.25,7411,7411.25,467
1778472000,7411.5,7411.5,7409.75,7410.25,612
1778472300,7410.75,7411.25,7408.75,7409.25,829
1778472600,7409,7410,7406.75,7409.75,1257
1778472900,7409.75,7412,7409.5,7411.5,847
1778473200,7411.5,7412.25,7411.25,7412,264
1778473500,7411.75,7412.75,7411.5,7411.5,428
1778473800,7411.75,7412.25,7411.5,7411.5,216
1778474100,7411.5,7412.25,7411.5,7411.75,209
1778474400,7411.5,7411.75,7411,7411.5,277
1778474700,7411.5,7411.75,7410.75,7411,204
1778475000,7411,7413.25,7410.75,7413.25,335
1778475300,7413,7413.25,7412.25,7412.75,174
1778475600,7413,7413.75,7412.25,7413.25,447
1778475900,7413.5,7413.75,7411.75,7412.25,326
1778476200,7412.5,7413,7412,7412.75,627
1778476500,7413,7413.75,7411.75,7413.5,525
1778476800,7413.5,7415,7412.5,7414,662
1778477100,7413.75,7414,7412.5,7413.75,365
1778477400,7413.75,7414.75,7413.5,7414.75,408
1778477700,7414.75,7415,7412.25,7412.5,638
1778478000,7412.75,7413,7410.25,7411,685
1778478300,7411,7411.75,7410,7411.25,455
1778478600,7411.75,7412.5,7411.25,7412,371
1778478900,7412,7412.75,7410.5,7410.75,469
1778479200,7410.5,7412,7410.25,7411,516
1778479500,7411.5,7413.25,7410.75,7412.25,613
1778479800,7412.75,7414.5,7412.5,7413.5,677
1778480100,7413.5,7413.5,7411.5,7412.25,440
1778480400,7412.25,7414.75,7412.25,7414.5,413
1778480700,7414.75,7416.25,7414.25,7415,1227
1778481000,7414.75,7415.25,7411.5,7412,859
1778481300,7412,7412.5,7411.25,7411.5,619
1778481600,7411.5,7411.75,7410,7411.25,641
1778481900,7411.25,7411.25,7409.75,7409.75,730
1778482200,7410.25,7412,7409,7411,777
1778482500,7411.25,7413.75,7411,7413,660
1778482800,7413,7413.75,7411.25,7412.75,1035
1778483100,7412.75,7413.75,7410.25,7410.75,1049
1778483400,7410.5,7413,7410.5,7410.75,732
1778483700,7410.75,7412,7410,7411.25,386
1778484000,7411.25,7412.75,7410.75,7412.25,425
1778484300,7412,7413.5,7411.25,7412,446
1778484600,7411.75,7412.75,7410,7410.75,384
1778484900,7410.75,7412.5,7410,7412,399
1778485200,7412.25,7415,7411.75,7412.25,1435
1778485500,7412,7413.25,7412,7412.75,527
1778485800,7413,7413.75,7411.75,7413,401
1778486100,7413.25,7414.25,7412.25,7414.25,315
1778486400,7414.25,7415,7412.5,7414.75,788
1778486700,7415,7416.75,7409.75,7410.25,2250
1778487000,7410.25,7413.75,7409.75,7412.5,1208
1778487300,7412.5,7416.25,7412.5,7416,927
1778487600,7416.25,7417.75,7414.75,7416.75,1383
1778487900,7416.5,7417.5,7412.25,7412.25,967
1778488200,7412.25,7415,7411.75,7414,827
1778488500,7414.5,7415,7412.5,7413.25,667
1778488800,7413.5,7415.25,7413.25,7414.5,588
1778489100,7414.5,7415.75,7414,7415.5,511
1778489400,7415.25,7416.25,7414.25,7415.25,577
1778489700,7415.5,7416.5,7414,7414,495
1778490000,7413.75,7416,7412.75,7415.5,670
1778490300,7415.5,7417.75,7415,7415.75,925
1778490600,7415.75,7416,7414.5,7414.75,500
1778490900,7414.5,7416.5,7414.25,7415.75,449
1778491200,7415.75,7418.25,7415.75,7417.5,811
1778491500,7417.5,7417.75,7416,7416.5,584
1778491800,7416.5,7418.75,7416.25,7417.5,591
1778492100,7417.75,7418,7417,7417,610
1778492400,7417.25,7419.25,7417,7419.25,835
1778492700,7419.25,7420.5,7418.25,7419,2137
1778493000,7419,7419.75,7417.5,7417.75,763
1778493300,7417.75,7418,7414.75,7415,1125
1778493600,7414.75,7416.75,7414,7414.75,803
1778493900,7415,7415.75,7414,7415.5,635
1778494200,7415.5,7416.75,7414.75,7415.75,573
1778494500,7415.5,7416,7414.75,7415,345
1778494800,7414.75,7415.75,7414,7415.25,477
1778495100,7415.25,7416.5,7414.5,7414.75,401
1778495400,7415,7415.5,7414,7414.5,434
1778495700,7414.25,7414.5,7411,7412.5,1225
1778496000,7412.5,7413.75,7411.5,7413.75,924
1778496300,7413.75,7413.75,7411.25,7413,672
1778496600,7412.75,7414.25,7412.75,7413.25,551
1778496900,7413,7413.25,7412,7412.25,258
1778497200,7412.25,7415.25,7412,7413.75,1670
1778497500,7414,7415.5,7413.75,7415.25,736
1778497800,7415.25,7415.75,7412.5,7414,962
1778498100,7414,7415.5,7413,7415.25,621
1778498400,7415.5,7417,7415.25,7416,1122
1778498700,7415.75,7417.75,7415,7417,812
1778499000,7417.25,7420.25,7417.25,7419,1936
1778499300,7419,7420,7418,7418.75,1059
1778499600,7418.75,7419,7415.25,7415.25,1414
1778499900,7415.5,7415.75,7413.5,7414,1550
1778500200,7414.25,7414.5,7410.5,7412.5,2117
1778500500,7412.5,7414.25,7412,7414,866
1778500800,7414,7415.75,7411.75,7412,1579
1778501100,7412,7412.25,7409.75,7410.75,2848
1778501400,7410.5,7411.25,7409,7410,2067
1778501700,7410.25,7412.25,7409.5,7410,1399
1778502000,7410,7412,7408.25,7411.25,2202
1778502300,7411,7412,7409.25,7411.75,1127
1778502600,7411.5,7414.5,7411.25,7413.25,2406
1778502900,7413.75,7414.5,7411.5,7412,1259
1778503200,7412,7412.75,7408.75,7408.75,1880
1778503500,7409,7411,7402.5,7407.5,8277
1778503800,7407.5,7408.25,7406.25,7407.5,2322
1778504100,7407.25,7409,7406,7409,1100
1778504400,7408.75,7410.5,7406.5,7410.25,2838
1778504700,7410,7411,7408.75,7410.5,1667
1778505000,7410.75,7412.75,7409.75,7412.25,2112
1778505300,7412.25,7412.25,7410.75,7411.25,1445
1778505600,7411.5,7414,7411.5,7412.75,2160
1778505900,7412.75,7413.25,7409,7410.25,4945
1778506200,7410.25,7424.75,7410.25,7424.75,32064
1778506500,7424.5,7424.5,7419.5,7421.5,17698
1778506800,7421.25,7429.75,7420.5,7429.5,17750
1778507100,7429.25,7437.25,7429,7433.75,22016
1778507400,7433.75,7437,7430,7431,15206
1778507700,7430.75,7433.75,7429,7432.75,15814
1778508000,7432.5,7433.75,7430.75,7431.5,9490
1778508300,7431.5,7434.5,7430.5,7433.75,8750
1778508600,7433.5,7436.75,7431.25,7436.25,9247
1778508900,7436.25,7441,7435.5,7441,15286
1778509200,7440.75,7442,7439,7441,9288
1778509500,7441.25,7442,7430.25,7430.25,19401
1778509800,7430.5,7433,7421.5,7430.5,36826
1778510100,7430.5,7434,7428.25,7432,17790
1778510400,7432,7437,7431.75,7435.5,10784
1778510700,7435.75,7438,7432.25,7436.75,10786
1778511000,7436.75,7444.75,7436.25,7444.25,16841
1778511300,7444,7445.75,7440.25,7443,11167
1778511600,7442.75,7443.75,7440.5,7442.25,6608
1778511900,7442.5,7443,7440.5,7442.5,4666
1778512200,7442.25,7442.75,7436.5,7437.25,10155
1778512500,7437.5,7441.5,7435.75,7441.25,9280
1778512800,7441.25,7444.25,7440,7444,6903
1778513100,7444,7447.25,7443.25,7447,8018
1778513400,7447,7448.25,7444.75,7445.5,9101
1778513700,7445.25,7447,7443.75,7447,6822
1778514000,7447,7448.25,7443,7444.75,11230
1778514300,7444.75,7446.75,7443.25,7445.5,9973
1778514600,7445.25,7449,7443.5,7448,6337
1778514900,7448.25,7449.75,7447,7448.25,5253
1778515200,7448.5,7449.25,7446.5,7447,4446
1778515500,7447,7448,7446.5,7446.75,3207
1778515800,7447,7448.25,7446,7447.25,3306
1778516100,7447.5,7448.25,7446,7446.75,3612
1778516400,7446.5,7449.25,7445.5,7449.25,4890
1778516700,7449.25,7450.5,7448.75,7449.5,6315
1778517000,7449.25,7450.5,7448,7449,3658
1778517300,7448.75,7449.75,7447,7447,3876
1778517600,7447,7447.5,7434,7443,27962
1778517900,7442.75,7445.25,7441,7441,7832
1778518200,7441.25,7442.5,7438.5,7439.25,6172
1778518500,7439.25,7441,7436.5,7439.5,7429
1778518800,7439.5,7442,7439.25,7441,5043
1778519100,7441.25,7443,7439.5,7440.5,3847
1778519400,7440.5,7440.5,7435.75,7436.5,6327
1778519700,7436.5,7437.5,7434.5,7435.5,6183
1778520000,7435.75,7442.5,7434.75,7442,8580
1778520300,7442,7445,7441.5,7444,6502
1778520600,7444,7448.5,7444,7447.5,7128
1778520900,7447.5,7450.5,7447,7449.25,6411
1778521200,7449.25,7453,7448.25,7452.75,6832
1778521500,7452.75,7454,7449.25,7449.75,6963
1778521800,7450,7451,7448.25,7448.5,4168
1778522100,7448.5,7450.25,7447.75,7448.25,4297
1778522400,7448.25,7452.75,7448,7452.25,6448
1778522700,7452.5,7452.5,7451.25,7451.75,2874
1778523000,7451.75,7452,7449,7449.75,4496
1778523300,7449.5,7450.5,7448.75,7449.5,2872
1778523600,7449.5,7451.5,7446.75,7449.25,8278
1778523900,7449,7449.75,7448.5,7449.75,2780
1778524200,7449.5,7449.75,7446.75,7447,3847
1778524500,7447.25,7448,7443.75,7444.25,5610
1778524800,7444.25,7445.5,7442.25,7444,7955
1778525100,7444,7444,7441,7441.25,6021
1778525400,7441.25,7442,7438.75,7439.75,7350
1778525700,7439.5,7440.25,7431.25,7431.5,13627
1778526000,7431.5,7434.75,7428.25,7428.75,13028
1778526300,7429,7436.25,7428,7435.75,11852
1778526600,7435.75,7438,7432.5,7434,9267
1778526900,7433.75,7434.25,7430,7431.75,7075
1778527200,7431.75,7432.5,7427.25,7430.5,8406
1778527500,7430.25,7433,7429.25,7431.25,6755
1778527800,7431.25,7435,7429.5,7432.5,7574
1778528100,7432.25,7433,7430,7432.5,5653
1778528400,7432.75,7433.75,7428.25,7428.25,6310
1778528700,7428.25,7433.5,7427.75,7433,7498
1778529000,7432.75,7436.75,7431.25,7435.25,11705
1778529300,7435.25,7439,7433.75,7438.75,23061
1778529600,7438.75,7440.25,7435.25,7436,8228
1778529900,7436,7436,7433.75,7434.75,2027
1778530200,7434.75,7436.25,7426,7434.5,11530
1778530500,7434.5,7435.75,7433,7434.75,1386
1778530800,7435,7435,7431.5,7432,1230
1778531100,7431.75,7434.75,7431.75,7434.5,786
1778531400,7434.5,7436.75,7434,7436.5,1831
1778531700,7436.5,7436.75,7435.5,7436,1553
1778532000,7436.25,7436.25,7435,7435.5,1097
1778532300,7435.5,7436.25,7434.75,7435.25,862
1778532600,7435,7436.75,7433.25,7436.25,1745
1778532900,7436,7436.75,7434.5,7435.25,1070
1778536800,7435.25,7439.5,7434.75,7439,1429
1778537100,7439.25,7439.5,7437.75,7438.5,593
1778537400,7438.5,7440.75,7438.5,7440.5,831
1778537700,7440.5,7441.5,7439.75,7441.25,644
1778538000,7441.25,7442,7440.25,7441.5,743
1778538300,7441.25,7441.5,7440.5,7441.25,372
1778538600,7441,7442.75,7441,7442,657
1778538900,7442,7443.25,7442,7443,439
1778539200,7443,7443.25,7442.5,7443,313
1778539500,7443.25,7443.75,7442,7442.25,579
1778539800,7442,7442.5,7441,7441.25,600
1778540100,7441.25,7442,7440.5,7441,444
1778540400,7441.25,7441.75,7440.75,7441,385
1778540700,7441.25,7441.5,7440.75,7441,419
1778541000,7441,7441,7440.25,7440.5,404
1778541300,7440.75,7440.75,7438.5,7439.25,836
1778541600,7439.25,7441.5,7438.75,7441.25,784
1778541900,7441.25,7441.75,7440.75,7441.5,444
1778542200,7441.25,7441.5,7440.75,7440.75,193
1778542500,7440.75,7441,7439.5,7440.75,401
1778542800,7440.5,7441.25,7439.75,7440.5,268
1778543100,7440.75,7440.75,7438.5,7439.75,633
1778543400,7439.75,7439.75,7437.25,7437.5,782
1778543700,7437.75,7439,7436.5,7438.5,994
1778544000,7438.5,7438.75,7433.25,7434,2776
1778544300,7434,7434.75,7433,7434,775
1778544600,7434,7434.25,7431.75,7433,1082
1778544900,7432.75,7434.5,7432.5,7433.75,595
1778545200,7433.75,7434.5,7428.75,7429.75,2263
1778545500,7430,7432.25,7429.5,7432,1319
1778545800,7431.75,7433.75,7431.25,7433,1262
1778546100,7433,7434.5,7431.25,7431.25,1362
1778546400,7431.5,7432,7429.25,7430.25,929
1778546700,7430.5,7432,7430,7431,774
1778547000,7431,7431.75,7430,7431.5,565
1778547300,7431.5,7431.75,7429.25,7430,788
1778547600,7430,7432,7428.75,7429,1114
1778547900,7429.25,7431.75,7429.25,7431.25,572
1778548200,7431,7432,7429.75,7430,671
1778548500,7430,7430,7424.75,7427.25,3923
1778548800,7427.5,7428.5,7425,7426,1130
1778549100,7426,7427,7423.5,7424.75,1732
1778549400,7424.25,7425.5,7420.75,7421,2403
1778549700,7421,7421.5,7415.75,7416.25,4170
1778550000,7415.75,7417,7411,7416.5,7003
1778550300,7416.5,7421.75,7416,7421.5,4107
1778550600,7421.25,7421.75,7418.75,7419.25,2338
1778550900,7419,7421.5,7417.5,7419,1966
1778551200,7419.25,7421.5,7417.5,7420.75,1440
1778551500,7420.5,7425.5,7420.5,7425.5,2376
1778551800,7425.5,7429,7425.25,7427.75,2858
1778552100,7427.75,7428.25,7423.25,7423.75,1980
1778552400,7423.75,7426.5,7423.5,7425.75,864
1778552700,7425.75,7427.25,7424,7426,1536
1778553000,7425.75,7426.75,7424.25,7425,629
1778553300,7425.25,7425.5,7423.25,7424,669
1778553600,7424,7425.5,7423.25,7424.75,915
1778553900,7425.25,7427.75,7425,7426.25,953
1778554200,7426.25,7430.75,7426.25,7429.25,1837
1778554500,7429.25,7429.5,7428.25,7429.25,707
1778554800,7429.25,7430.5,7425.5,7426.5,1346
1778555100,7426.5,7427,7425,7426.5,610
1778555400,7426.5,7427.75,7426.5,7427.5,430
1778555700,7427.25,7427.75,7426,7426.75,399
1778556000,7426.75,7427.25,7425.75,7426.5,327
1778556300,7426.25,7427.25,7426,7426.75,198
1778556600,7427,7428.75,7427,7427.25,442
1778556900,7427.25,7428.75,7427,7428.5,319
1778557200,7428.5,7429.75,7428,7428.5,351
1778557500,7428.5,7429,7425.75,7426.5,991
1778557800,7426.75,7427,7425.75,7426.25,272
1778558100,7426.5,7426.5,7424.25,7425.5,873
1778558400,7425.25,7426.75,7424.75,7426,369
1778558700,7426.25,7427.75,7426.25,7427.25,337
1778559000,7427.25,7427.25,7424.5,7425.25,599
1778559300,7425,7427.75,7424.75,7427,366
1778559600,7427,7427.75,7425,7425.75,611
1778559900,7425.5,7426.5,7425.25,7426,166
1778560200,7426,7426.25,7425.25,7426.25,141
1778560500,7426.25,7427.5,7425.75,7426.25,312
1778560800,7426.25,7427.25,7425.5,7427.25,238
1778561100,7427,7427.5,7425.75,7426,318
1778561400,7425.75,7425.75,7421.25,7422,1606
1778561700,7421.75,7422.75,7420.75,7420.75,760
1778562000,7420.75,7423,7420.25,7422.5,814
1778562300,7422.75,7423.75,7421.25,7421.75,598
1778562600,7421.5,7422.5,7419,7420.25,749
1778562900,7420,7420.75,7418.5,7419.75,696
1778563200,7420,7424.25,7419.75,7422.75,996
1778563500,7422.75,7423.75,7422.25,7423,370
1778563800,7423,7423.5,7419.5,7419.75,561
1778564100,7419.75,7421.75,7418.5,7420.25,592
1778564400,7420,7421,7419.25,7420,335
1778564700,7420,7424,7420,7423.5,644
1778565000,7423.5,7423.5,7421,7421.75,333
1778565300,7421.75,7424,7421.5,7421.5,408
1778565600,7421.75,7422.5,7420.25,7420.75,470
1778565900,7421.25,7421.5,7417.75,7419.25,1139
1778566200,7419.25,7420.5,7419,7419.75,410
1778566500,7419.75,7420.75,7418.5,7418.5,364
1778566800,7418.75,7418.75,7415.75,7416.5,1077
1778567100,7416.5,7417.25,7415,7415.75,965
1778567400,7416,7416.75,7413.75,7415,805
1778567700,7415.25,7416,7412,7412.75,1077
1778568000,7412.75,7414,7412,7414,590
1778568300,7414,7415,7413.25,7413.5,676
1778568600,7413.25,7413.5,7410.25,7411,1521
1778568900,7411,7411.25,7408,7408.75,1530
1778569200,7409,7409.25,7404.25,7405.25,2777
1778569500,7405.25,7405.5,7402.5,7403.5,1902
1778569800,7403.25,7410.5,7402.25,7409.75,2145
1778570100,7409.75,7414.5,7409.5,7414.5,1478
1778570400,7414.5,7416.5,7413.25,7413.5,1704
1778570700,7413.5,7414.75,7410.25,7412.5,1230
1778571000,7412.5,7416.5,7412.5,7416.25,932
1778571300,7416.25,7417,7414.5,7416.5,1127
1778571600,7416.5,7417,7414.75,7415,641
1778571900,7415.25,7416.75,7413.25,7416.5,770
1778572200,7416.5,7417.25,7414.5,7416.5,829
1778572500,7416.75,7417,7415.25,7415.75,550
1778572800,7416.5,7416.5,7411.75,7411.75,1951
1778573100,7411.75,7412.5,7409.75,7411.75,1350
1778573400,7411.5,7411.75,7407.5,7407.75,1605
1778573700,7407.5,7411.25,7405.5,7409.75,1950
1778574000,7409.75,7411.5,7408.75,7408.75,998
1778574300,7408.75,7411,7407.75,7410,1123
1778574600,7410.25,7411.25,7408.25,7409.75,727
1778574900,7409.5,7410.5,7408.25,7410.25,615
1778575200,7410,7410.5,7406.25,7407,875
1778575500,7407,7408.75,7405.75,7406,1584
1778575800,7406.5,7408.25,7406,7407.75,603
1778576100,7408,7409.75,7407,7409.75,583
1778576400,7409.5,7411.25,7408,7409.75,879
1778576700,7409.75,7410,7403.25,7405.75,1915
1778577000,7405.75,7409,7405,7408.5,1144
1778577300,7408.5,7409,7406.75,7407.5,754
1778577600,7407.25,7410,7406,7409.5,499
1778577900,7409.5,7411.5,7408.5,7409.5,1169
1778578200,7409.75,7416.5,7409.75,7413.25,4263
1778578500,7413.5,7414.25,7411.5,7412.75,1106
1778578800,7412.5,7413,7410,7410,1220
1778579100,7410.25,7412.75,7409.25,7412,740
1778579400,7411.75,7413.25,7409.25,7409.75,740
1778579700,7409.75,7411.5,7409.5,7411.25,546
1778580000,7411.5,7414,7411.5,7413,880
1778580300,7413,7414,7412,7413.5,619
1778580600,7413.5,7416.25,7413.5,7415.25,1068
1778580900,7415,7415.25,7411.25,7412,1031
1778581200,7412,7412.5,7410,7411.5,909
1778581500,7411.5,7412.5,7410.5,7412.5,486
1778581800,7412.5,7412.75,7409.75,7410.25,627
1778582100,7410.5,7413,7410,7410.25,984
1778582400,7410.25,7410.5,7407.75,7409.75,1240
1778582700,7410,7410,7407,7408.5,1134
1778583000,7408.5,7409.5,7407.5,7409,772
1778583300,7408.75,7412,7408.25,7412,1056
1778583600,7411.75,7413.75,7406,7407.25,2909
1778583900,7407,7408.5,7402,7408.5,4519
1778584200,7408.5,7412.5,7403.25,7405.25,5619
1778584500,7405.25,7406,7402.75,7404.25,1711
1778584800,7404.25,7405.75,7403.25,7404.25,1753
1778585100,7404.5,7406.5,7404.25,7406,1220
1778585400,7406.25,7407.5,7405.75,7407,1032
1778585700,7407.25,7411,7406.25,7411,1997
1778586000,7411,7411.75,7409,7409.25,1485
1778586300,7409.25,7411.25,7409,7409.75,1005
1778586600,7410,7410.25,7407.75,7409.25,1275
1778586900,7409,7410.5,7407.75,7407.75,1245
1778587200,7408,7408.5,7403,7403.5,2784
1778587500,7403.25,7405,7401.75,7404,2550
1778587800,7404.25,7407.75,7403.75,7407.25,1823
1778588100,7407.5,7407.75,7405.75,7406.25,1204
1778588400,7406.25,7407,7402.75,7403.75,1751
1778588700,7403.75,7407.75,7403,7407.75,2348
1778589000,7407.75,7415.25,7396,7408.75,11291
1778589300,7408.75,7415.25,7408,7415,6278
1778589600,7414.5,7416.5,7412.75,7414.25,3757
1778589900,7414.5,7417.5,7414,7416.5,3435
1778590200,7416.5,7420.25,7416.25,7419.75,4403
1778590500,7419.75,7420.75,7417.75,7419.5,2674
1778590800,7419.25,7420.75,7415.75,7417,5179
1778591100,7417,7419.25,7416.5,7419,2988
1778591400,7419,7420.75,7418.25,7418.5,3063
1778591700,7418.5,7418.5,7412.75,7415.25,5494
1778592000,7415.25,7416.5,7413.5,7415.5,2969
1778592300,7415.25,7416.25,7413.5,7414.25,4763
1778592600,7414.25,7417.5,7406.75,7408.75,31593
1778592900,7408.5,7408.5,7400.25,7406,26092
1778593200,7405.75,7413,7403,7412.25,27485
1778593500,7412.25,7414,7401,7402.75,27610
1778593800,7402.5,7409.5,7399.25,7404,24586
1778594100,7403.75,7404.25,7393.75,7395.75,30960
1778594400,7396.25,7398.25,7391.5,7395.75,28662
1778594700,7396,7401.25,7394.75,7398.25,22582
1778595000,7398,7406.5,7395.25,7406.25,21457
1778595300,7406.25,7408.75,7402.5,7407,18854
1778595600,7406.75,7407.75,7399.5,7400.75,16074
1778595900,7400.75,7403.5,7390.25,7394.25,24329
1778596200,7394.25,7394.75,7380.25,7385.25,34536
1778596500,7385.25,7392,7380,7391.5,25636
1778596800,7391.75,7397.25,7387.75,7391.25,21397
1778597100,7391.25,7391.5,7385.25,7386.25,15780
1778597400,7386,7388.25,7381.5,7385,17263
1778597700,7385,7386.5,7381.5,7382.75,10369
1778598000,7382.75,7384.25,7378.5,7379.75,17485
1778598300,7379.75,7385.5,7377.5,7385.25,18724
1778598600,7385,7385.75,7376.75,7377.25,13251
1778598900,7377.5,7377.5,7371.25,7374.75,22781
1778599200,7374.75,7375.75,7364.5,7365.75,19834
1778599500,7366,7369.25,7363.25,7368,20513
1778599800,7368.25,7375.5,7366.25,7373.5,21656
1778600100,7373.5,7378,7370,7376,14310
1778600400,7376,7380.75,7373,7380.5,12313
1778600700,7380.5,7382.75,7377.5,7378.25,11648
1778601000,7378.25,7380,7375.5,7376.25,10461
1778601300,7376,7377.5,7368.75,7370,13724
1778601600,7370,7378.75,7366.25,7377.75,18418
1778601900,7377.75,7378.5,7371.5,7373,8420
1778602200,7372.75,7380,7372,7378.5,8964
1778602500,7378.5,7379.25,7375.25,7375.5,7065
1778602800,7375.5,7378,7370.75,7373.5,8918
1778603100,7373.5,7375.25,7371.75,7372.75,7334
1778603400,7372.5,7373.25,7367,7370.5,10975
1778603700,7370.5,7375.5,7370.5,7373,9454
1778604000,7373.25,7374.75,7367.75,7369.5,8556
1778604300,7369.25,7371.25,7363.5,7366.25,12503
1778604600,7366.25,7368.5,7363.5,7365.5,9903
1778604900,7365.25,7367.5,7363.75,7366.5,7767
1778605200,7366.5,7375.25,7365.25,7374,11602
1778605500,7374,7379.25,7373.75,7375.25,11807
1778605800,7375.5,7378.75,7374.5,7378.5,7645
1778606100,7378.5,7386.5,7378.25,7385.75,12703
1778606400,7385.75,7395.5,7385.75,7390.5,19265
1778606700,7390.5,7391.25,7386.25,7388.75,11799
1778607000,7388.75,7395.25,7386.5,7394.75,12135
1778607300,7394.75,7394.75,7387.5,7391.75,10718
1778607600,7391.75,7394.75,7391,7393,7122
1778607900,7393.25,7394.25,7389.25,7391.75,7347
1778608200,7392,7396.5,7390.25,7396.5,9206
1778608500,7396.25,7397.25,7392.5,7396,10060
1778608800,7396,7398,7392.5,7397,14782
1778609100,7396.75,7397.25,7392.5,7394.5,7273
1778609400,7394.5,7396.75,7392,7395.75,7595
1778609700,7396,7398.5,7395.25,7397.25,8244
1778610000,7397.5,7403.5,7397,7402.75,13183
1778610300,7403,7410,7403,7406.75,19018
1778610600,7406.75,7409.75,7405.5,7406.25,8332
1778610900,7406,7409.25,7403.5,7405.75,8621
1778611200,7405.75,7408.5,7405.25,7407.25,4193
1778611500,7407.5,7408,7402.5,7405.75,8276
1778611800,7405.75,7409,7404,7407.25,5977
1778612100,7407,7410.5,7404.5,7405,8454
1778612400,7405,7408.5,7404.75,7407.5,5064
1778612700,7407.5,7411.5,7405.75,7409.75,8540
1778613000,7409.5,7418.5,7409.5,7416.25,12624
1778613300,7416.5,7419.5,7414.75,7415,8800
1778613600,7415.25,7415.75,7410.5,7415,9006
1778613900,7414.75,7416.5,7414.5,7416,4274
1778614200,7416,7426,7415.75,7424,12078
1778614500,7424.25,7424.5,7422,7423,7144
1778614800,7423,7425.75,7421,7424.75,6013
1778615100,7424.75,7427,7422.5,7426,7520
1778615400,7426,7434,7426,7428.5,24919
1778615700,7428.75,7431,7424.5,7428,29507
1778616000,7428,7428.5,7418.25,7419.25,10860
1778616300,7419.25,7420,7416.5,7418,3245
1778616600,7418,7420.25,7415.5,7420,3020
1778616900,7420,7422,7419,7419.5,1669
1778617200,7419.5,7420.5,7418,7418.75,1053
1778617500,7418.75,7419.75,7416.25,7419.5,1804
1778617800,7419.25,7419.5,7416,7416.5,1471
1778618100,7416.25,7420.25,7416,7419.75,1999
1778618400,7419.75,7421,7419.25,7419.75,866
1778618700,7420,7420.5,7419.5,7420,878
1778619000,7420,7422.5,7420,7422,1369
1778619300,7421.75,7422.25,7419.75,7420.5,896
1778623200,7420.5,7424.5,7420,7424,2036
1778623500,7424,7425,7422.75,7423.5,750
1778623800,7423.75,7424,7422.25,7422.75,477
1778624100,7422.75,7426.75,7422.5,7426.25,1068
1778624400,7426.5,7427.5,7425.75,7426.5,986
1778624700,7426.5,7427.25,7425.25,7425.5,501
1778625000,7425.25,7426.75,7424.75,7426,594
1778625300,7425.75,7426.5,7425.5,7425.5,386
1778625600,7425.5,7426,7424.25,7424.5,418
1778625900,7424.75,7426,7424.5,7424.75,284
1778626200,7424.75,7425.75,7423.5,7424.75,734
1778626500,7425,7425,7421.5,7421.75,1198
1778626800,7421.75,7423,7420.5,7420.5,1086
1778627100,7420.5,7422,7419.5,7420.75,1160
1778627400,7420.75,7423.25,7419.5,7420.75,1807
1778627700,7420.25,7421.75,7419.5,7419.75,532
1778628000,7419.75,7420.5,7418.5,7420,970
1778628300,7420,7420.5,7419,7419.25,680
1778628600,7419.25,7419.5,7418,7418.5,707
1778628900,7418.5,7418.75,7416.25,7416.25,983
1778629200,7416.5,7416.5,7412.25,7413.25,2082
1778629500,7413,7415.75,7412.5,7414.25,1337
1778629800,7414,7416.5,7414,7414.5,991
1778630100,7414.5,7414.75,7411.5,7411.75,1081
1778630400,7411.75,7416,7410,7414.75,3252
1778630700,7414.5,7416.5,7413.25,7413.5,1393
1778631000,7413.5,7414.25,7412,7412.5,1131
1778631300,7412.5,7420.5,7412.25,7419.75,2373
1778631600,7419.5,7423.25,7418,7420,2668
1778631900,7420.25,7420.75,7415.25,7417.25,1738
1778632200,7417.5,7418,7414.75,7417.5,1290
1778632500,7417.25,7420.25,7416.25,7419.75,1068
1778632800,7419.75,7421.75,7418.75,7420,1272
1778633100,7419.75,7420,7417,7417.5,929
1778633400,7417.25,7419.5,7415.75,7419.25,889
1778633700,7419.25,7421.25,7419,7420.25,813
1778634000,7420.25,7424,7419.75,7422.5,1623
1778634300,7422.75,7424.5,7421,7424,1197
1778634600,7424.25,7426,7423.25,7424.75,1398
1778634900,7425,7425,7421.75,7423.75,1206
1778635200,7423.5,7426,7422.75,7424,1500
1778635500,7424,7427,7423.25,7427,946
1778635800,7426.75,7428.25,7425,7425.5,1415
1778636100,7425.75,7428.25,7424.5,7428,1014
1778636400,7428,7429.75,7427.5,7429.25,1282
1778636700,7429.5,7433,7429.25,7433,2649
1778637000,7432.75,7436.5,7431.5,7432,3345
1778637300,7431.75,7432.5,7428.25,7429,1578
1778637600,7428.75,7431.25,7427,7427.25,2169
1778637900,7427,7427.75,7425.25,7426,1013
1778638200,7426.25,7429,7425.75,7427.5,1235
1778638500,7427.5,7429,7427,7428.75,756
1778638800,7429,7430.5,7428.25,7430,888
1778639100,7430,7431.5,7429.5,7431,867
1778639400,7431.25,7432,7430.75,7431,663
1778639700,7431,7431.25,7430.25,7430.25,378
1778640000,7430.5,7430.5,7429,7429.5,677
1778640300,7429.75,7430.5,7428.25,7429,771
1778640600,7429,7430,7428.75,7428.75,377
1778640900,7428.75,7430.5,7428.5,7429.5,614
1778641200,7429,7429.75,7426.25,7427.25,1143
1778641500,7427,7427.75,7425.75,7427,626
1778641800,7427.25,7429.5,7425.5,7425.75,1801
1778642100,7426,7428.75,7425.75,7428.5,850
1778642400,7428.5,7429.5,7428.5,7429.25,645
1778642700,7429.25,7431,7429,7431,499
1778643000,7431,7434.25,7430.75,7433.5,1145
1778643300,7433.5,7435.5,7433,7434.75,864
1778643600,7434.75,7436,7434.5,7435.5,767
1778643900,7435.25,7435.5,7434.25,7434.5,641
1778644200,7434.5,7435.25,7433.25,7434.25,884
1778644500,7434.25,7435,7433.75,7434,370
1778644800,7434,7435.75,7433.25,7435,657
1778645100,7435.25,7435.25,7434,7434.5,321
1778645400,7434.5,7435,7433.5,7435,402
1778645700,7435,7435.25,7434.25,7434.75,372
1778646000,7434.75,7435.75,7434.5,7435.25,322
1778646300,7435.5,7436.25,7435.5,7435.5,675
1778646600,7435.75,7437.25,7434.75,7435,880
1778646900,7434.75,7435.75,7433.25,7435,806
1778647200,7435.25,7436,7434.75,7435.75,429
1778647500,7435.75,7436.75,7435.75,7436.5,293
1778647800,7436.75,7437.5,7435.75,7437.25,432
1778648100,7437.5,7438.5,7436.75,7437.25,1309
1778648400,7437.25,7438.75,7435.75,7438.25,915
1778648700,7438.5,7439.25,7438,7438.25,785
1778649000,7438.5,7441,7438.5,7439.25,1817
1778649300,7439,7439.5,7437.75,7438,577
1778649600,7437.75,7441,7437.5,7440.75,829
1778649900,7440.75,7441.5,7440,7440.25,713
1778650200,7440.25,7441.25,7439.25,7440.25,749
1778650500,7440.25,7441,7439.75,7440.25,438
1778650800,7440.25,7440.75,7437.75,7438.75,888
1778651100,7439.25,7439.5,7438.75,7438.75,336
1778651400,7438.5,7439.5,7438,7439,299
1778651700,7438.75,7439.75,7438.75,7439.5,239
1778652000,7439.25,7440.25,7438.5,7440,670
1778652300,7440,7440.75,7439.5,7439.5,305
1778652600,7439.5,7441.5,7439,7441.25,657
1778652900,7441.5,7443.75,7441,7442,1942
1778653200,7441.75,7441.75,7438.5,7439.25,882
1778653500,7439.25,7440.25,7438.25,7439,370
1778653800,7438.75,7440,7438.25,7438.75,530
1778654100,7438.5,7439.75,7438.25,7438.75,296
1778654400,7438.5,7438.75,7437.75,7438.25,522
1778654700,7438,7438,7436.75,7437.25,494
1778655000,7437,7437.25,7434.25,7436.25,982
1778655300,7436,7437.5,7435.75,7437.5,464
1778655600,7437.75,7439,7436.25,7438,1182
1778655900,7438,7439,7436,7436,630
1778656200,7435.75,7437.5,7434.25,7437.25,813
1778656500,7437,7438,7436.25,7436.25,467
1778656800,7436.5,7437.75,7436.25,7436.5,493
1778657100,7436.5,7438.25,7436.5,7437.75,334
1778657400,7437.75,7439,7437,7439,335
1778657700,7438.75,7441.25,7438.75,7439.75,1192
1778658000,7439.75,7445,7439.5,7444.25,1745
1778658300,7444,7446.5,7443.75,7444.25,1566
1778658600,7444.25,7446,7442.75,7443.25,916
1778658900,7443,7445.25,7442.75,7445,863
1778659200,7445.25,7448,7444,7445,2287
1778659500,7445,7448.25,7445,7447.75,975
1778659800,7448,7451.5,7447.75,7451.25,3182
1778660100,7451.25,7453,7450.75,7451,2428
1778660400,7451.25,7453.25,7451,7451.75,1277
1778660700,7451.75,7452.75,7451,7452.25,559
1778661000,7452.5,7453.25,7451.5,7452.5,896
1778661300,7452.5,7453,7451.75,7453,630
1778661600,7453,7454,7452.25,7452.25,1058
1778661900,7452.25,7452.5,7446.25,7446.75,1578
1778662200,7447,7449,7446,7447,1192
1778662500,7447,7449,7446,7447.5,901
1778662800,7447.25,7447.75,7445.5,7446.25,1024
1778663100,7446,7446.5,7443.5,7444.5,1465
1778663400,7444.5,7444.75,7441.5,7442,1429
1778663700,7442,7443.75,7441.25,7442,1015
1778664000,7441.75,7442.25,7440.25,7440.75,1148
1778664300,7440.75,7442.75,7440.75,7441.5,584
1778664600,7441.25,7443.75,7439.25,7442.75,1158
1778664900,7443,7445.25,7442.75,7444.75,1694
1778665200,7445,7446,7443.5,7445.5,692
1778665500,7445.5,7446,7444,7444.75,552
1778665800,7445,7446,7444,7446,463
1778666100,7446,7447.75,7445.75,7447,921
1778666400,7447,7447.5,7446.25,7447,538
1778666700,7447,7448.5,7446.75,7448.25,526
1778667000,7448.25,7449,7442,7443.5,1986
1778667300,7443.75,7445.25,7443.25,7443.75,893
1778667600,7443.75,7446,7442.75,7443.75,1438
1778667900,7443.75,7444,7441.5,7442.25,590
1778668200,7442.75,7444,7439.75,7440.5,1120
1778668500,7440.25,7441.75,7439.25,7441.5,1028
1778668800,7441.5,7444,7441.25,7443.75,865
1778669100,7443.75,7445.25,7443.25,7444,717
1778669400,7443.5,7444,7442.5,7443,514
1778669700,7443,7443.25,7441.25,7442.5,624
1778670000,7442.5,7445,7440.75,7440.75,1408
1778670300,7440.75,7441.5,7438.5,7441,1475
1778670600,7440.75,7441.75,7439,7440.75,1054
1778670900,7440.5,7442,7439.5,7440,891
1778671200,7440.25,7440.75,7438.25,7439.75,1098
1778671500,7439.25,7440.75,7438.75,7440.75,711
1778671800,7440.75,7444.5,7439.75,7443.25,1830
1778672100,7443.5,7444,7441.5,7442.25,834
1778672400,7442.25,7442.75,7441,7442.25,726
1778672700,7442,7443,7440.75,7441,964
1778673000,7441,7442,7440,7441.5,937
1778673300,7442,7442.5,7441,7441.25,768
1778673600,7441.25,7446.25,7441,7445.75,1792
1778673900,7445.75,7446,7442.5,7442.75,1394
1778674200,7442.5,7442.75,7440.5,7440.75,1408
1778674500,7441,7441.5,7437.5,7438.25,2095
1778674800,7438.5,7438.5,7432.5,7436,5286
1778675100,7436,7439.5,7435.75,7439.5,2043
1778675400,7439.25,7439.75,7419.75,7424.5,13696
1778675700,7424.5,7427,7419.5,7420.25,6624
1778676000,7420.5,7423.75,7416.5,7423,7004
1778676300,7423,7424.5,7420.75,7421.75,3535
1778676600,7421.75,7424,7418,7418.75,3534
1778676900,7418.5,7423.25,7418,7421,4550
1778677200,7421.25,7431,7421,7430.5,7501
1778677500,7430.25,7432.25,7428.75,7429.75,4913
1778677800,7429.75,7432,7429,7431.25,2496
1778678100,7431.5,7433.25,7431,7432.75,2571
1778678400,7433,7435,7432.25,7433.5,4071
1778678700,7433.75,7434.75,7428.5,7429.5,7552
1778679000,7429.25,7429.5,7416.75,7420.25,31011
1778679300,7420.5,7420.5,7411,7412.25,21689
1778679600,7412.25,7419,7409.5,7413.25,26969
1778679900,7413.25,7413.5,7399,7407.75,36067
1778680200,7407.75,7414.5,7404,7414.25,21430
1778680500,7414.25,7417,7408.5,7413.25,20367
1778680800,7413.25,7418.5,7412,7416.5,17537
1778681100,7416.5,7419.5,7414.5,7415.5,14201
1778681400,7415.25,7421.25,7414,7420.5,14926
1778681700,7420.25,7422.25,7415.75,7417.5,14618
1778682000,7417.5,7429.25,7416.75,7428.75,19363
1778682300,7428.75,7432,7426.5,7427.5,17760
1778682600,7427.5,7431.25,7425.5,7431.25,11901
1778682900,7431,7431.5,7422,7424,16908
1778683200,7424,7430,7422,7428.5,14072
1778683500,7428.5,7430.25,7425.25,7429.25,8571
1778683800,7429.5,7434.25,7428,7433.25,11831
1778684100,7433.5,7434.5,7430.75,7432.75,9344
1778684400,7433,7438.25,7432.5,7436.25,13314
1778684700,7436.25,7436.5,7432.75,7435.75,9022
1778685000,7435.75,7436.75,7431.25,7434,8653
1778685300,7434,7437.25,7433.75,7437,6259
1778685600,7437.25,7438.25,7435.5,7436.5,6379
1778685900,7436.75,7438,7433.5,7437.25,7957
1778686200,7437.25,7440.75,7433.75,7440.5,11364
1778686500,7440.5,7442.75,7439.75,7442.25,8444
1778686800,7442.5,7447,7442.25,7445.5,11411
1778687100,7445.75,7446,7443,7443.5,8337
1778687400,7443.25,7444.75,7439.75,7444,9946
1778687700,7444,7444.25,7440,7442,6777
1778688000,7442,7446.5,7439.75,7446.25,8116
1778688300,7446.5,7448.25,7444,7448,7849
1778688600,7448,7451.75,7447,7451.25,9319
1778688900,7451.25,7453.25,7449.5,7451.75,9180
1778689200,7452,7463.75,7451.25,7461.25,20961
1778689500,7461.5,7464.75,7457.75,7462.25,14157
1778689800,7462.25,7463.5,7458.75,7462.25,10331
1778690100,7462.25,7463.5,7460.75,7461.75,5298
1778690400,7461.75,7463.25,7460.75,7461,4169
1778690700,7461,7462.5,7459,7460.25,6015
1778691000,7460.25,7463.5,7459.75,7463.25,5841
1778691300,7463.5,7467.75,7463.25,7465.25,12835
1778691600,7465.5,7470.75,7465.5,7469,6939
1778691900,7469.25,7473.75,7469,7472,8056
1778692200,7472,7474,7470.5,7471.25,5359
1778692500,7471.25,7472.5,7468.75,7469.5,5863
1778692800,7469.5,7471.5,7468.25,7468.25,5311
1778693100,7468.25,7473,7467.75,7471,5894
1778693400,7470.75,7471.75,7467.25,7467.5,5348
1778693700,7467.5,7470,7466.5,7468.5,5859
1778694000,7468.5,7471.5,7468.5,7471,4132
1778694300,7471,7472.5,7470.25,7470.5,4435
1778694600,7470.5,7472.5,7470,7470,2634
1778694900,7470,7470.5,7466,7466.25,5318
1778695200,7466.25,7472.25,7465.75,7472,6726
1778695500,7472,7473.5,7470.5,7472.5,6043
1778695800,7472.5,7478.75,7472.25,7478,10142
1778696100,7478.25,7483.75,7478.25,7481,12186
1778696400,7481,7483.75,7480.25,7481.75,6145
1778696700,7481.75,7482.75,7479.75,7480.25,4256
1778697000,7480.25,7480.25,7476.75,7478.25,7511
1778697300,7478,7478.25,7473.25,7475.5,7760
1778697600,7475.5,7477.25,7473.25,7473.25,5174
1778697900,7473.25,7477.25,7473,7475.5,5337
1778698200,7475.5,7478.5,7474.5,7477.25,7358
1778698500,7477.5,7477.5,7470.75,7471.25,7640
1778698800,7471.5,7476.5,7471.25,7476.25,6787
1778699100,7476.25,7478.75,7473.75,7478.25,7068
1778699400,7478,7480.5,7477.75,7480.5,5760
1778699700,7480.25,7482.25,7478.25,7481,5335
1778700000,7481.5,7482,7475.5,7476,6471
1778700300,7476,7479.75,7475,7479.75,6593
1778700600,7479.75,7480.25,7475.5,7476.5,6094
1778700900,7476.75,7479.5,7475,7478.75,5009
1778701200,7478.75,7480,7477.75,7479.75,4743
1778701500,7479.75,7481.25,7478.25,7478.75,5584
1778701800,7479,7479,7468,7470,24076
1778702100,7470.25,7471.25,7467.75,7468.5,21095
1778702400,7468.75,7472,7466.75,7469.25,9310
1778702700,7469.25,7472.75,7468.5,7471.5,3079
1778703000,7471.75,7473.75,7470.75,7472.5,2256
1778703300,7472.5,7473.75,7472.25,7472.75,1521
1778703600,7472.5,7473.75,7472,7473.5,923
1778703900,7473.25,7474.75,7472.5,7474.25,1236
1778704200,7474.25,7477.25,7473.75,7476.75,2885
1778704500,7476.75,7478,7476.75,7477.25,1511
1778704800,7477.25,7477.75,7476,7476.75,1397
1778705100,7476.5,7476.5,7474.75,7475.25,1073
1778705400,7475.25,7476.75,7475,7475.75,1717
1778705700,7475.75,7476.25,7475.5,7476.25,776
1778709600,7477.25,7478,7472.75,7476.75,1764
1778709900,7477,7478.75,7475.75,7476.5,1046
1778710200,7476,7477.5,7475.75,7476.75,320
1778710500,7477,7479.25,7475.5,7476,1516
1778710800,7476,7476.25,7474.25,7474.5,804
1778711100,7474.75,7476,7474.25,7475.75,433
1778711400,7475.5,7476.5,7475.25,7476.25,408
1778711700,7476.25,7477,7475.75,7476,413
1778712000,7475.75,7478.25,7475.75,7478.25,482
1778712300,7478,7480,7477.75,7479.75,1354
1778712600,7479.75,7481.75,7479.5,7480,1607
1778712900,7479.75,7480.25,7478.5,7478.75,900
1778713200,7479,7481.75,7479,7481.25,1191
1778713500,7481.25,7483.75,7481,7481.5,2168
1778713800,7481.5,7483.25,7481,7482.5,900
1778714100,7482.25,7482.75,7481.5,7481.75,654
1778714400,7481.5,7482,7479.5,7480.5,1048
1778714700,7480.25,7480.75,7479,7479.75,594
1778715000,7479.5,7480.5,7477,7478.5,1581
1778715300,7478.5,7478.75,7477.25,7477.5,515
1778715600,7477.75,7479,7477,7478.5,597
1778715900,7478.5,7479.75,7477.5,7477.75,829
1778716200,7477.75,7481,7477.25,7480.5,994
1778716500,7480.5,7480.75,7479.5,7480.5,487
1778716800,7480.25,7480.75,7475.25,7476.25,2112
1778717100,7476.5,7479.75,7476.25,7478,1248
1778717400,7478.25,7481.25,7477.5,7481,1078
1778717700,7481,7484.25,7479.75,7481,2223
1778718000,7481.25,7483.5,7480.25,7483.5,1239
1778718300,7483.75,7485.25,7483.5,7484.25,1921
1778718600,7484.5,7488.75,7484.5,7486,3386
1778718900,7485.75,7487,7485.25,7486.75,672
1778719200,7486.75,7487,7485,7486.25,788
1778719500,7486.5,7488.25,7486.25,7487.75,1101
1778719800,7487.75,7488.25,7485.75,7487.25,1474
1778720100,7487.25,7489,7487.25,7487.75,914
1778720400,7487.5,7487.75,7485.25,7486.5,1331
1778720700,7486.5,7486.75,7484.75,7485.5,785
1778721000,7485.75,7486.75,7484.5,7485.25,919
1778721300,7485.25,7485.75,7482.25,7483.5,1468
1778721600,7483.75,7485.75,7483,7484.75,1556
1778721900,7484.75,7486.75,7484.5,7486.25,1168
1778722200,7486.25,7487.25,7483.5,7483.75,1010
1778722500,7483.75,7484.5,7483,7484,750
1778722800,7484.25,7485,7480.75,7482.5,1440
1778723100,7482.5,7482.75,7478.75,7481.5,1973
1778723400,7481.5,7482.25,7479.25,7480.5,938
1778723700,7480.5,7480.5,7477.5,7478.75,1255
1778724000,7478.75,7481.5,7477.5,7481.25,1151
1778724300,7481.5,7481.75,7479.75,7481,586
1778724600,7481,7481,7479,7480,616
1778724900,7480,7480.75,7479,7479.25,830
1778725200,7479,7481.5,7478.75,7480.5,829
1778725500,7480.5,7482.25,7480.25,7481.75,502
1778725800,7481.75,7483.25,7480.75,7482.5,700
1778726100,7482.25,7484,7482.25,7482.5,514
1778726400,7482.5,7483,7481.5,7482.75,398
1778726700,7482.75,7483,7477.25,7478.75,1825
1778727000,7478.5,7480,7476.25,7479,1039
1778727300,7479.25,7479.25,7477.75,7478.5,413
1778727600,7478.5,7481.25,7477.25,7481,862
1778727900,7481,7481.25,7479.25,7480.75,539
1778728200,7481,7482,7480.25,7481.25,665
1778728500,7481.25,7482.75,7479.25,7479.5,899
1778728800,7479.5,7479.75,7477.25,7477.5,1146
1778729100,7477.5,7480.75,7477.5,7480.25,561
1778729400,7480,7480.5,7475.75,7476.75,1131
1778729700,7476.75,7477.25,7474,7474.25,1377
1778730000,7474.25,7476,7473.75,7475,1286
1778730300,7475,7476,7472.25,7473.5,1460
1778730600,7473.5,7474.5,7473,7474,470
1778730900,7474,7474,7471.75,7473.5,884
1778731200,7473.5,7473.75,7471.25,7471.75,781
1778731500,7471.5,7474.75,7471,7474.5,728
1778731800,7474.25,7475.5,7473.75,7474.75,710
1778732100,7475,7476.25,7474,7475.75,510
1778732400,7475.75,7477.75,7475.5,7477,605
1778732700,7477.25,7478.5,7477,7477.5,598
1778733000,7477.5,7478.5,7477.25,7478.25,287
1778733300,7478.25,7479.25,7477.75,7479.25,449
1778733600,7479.25,7480,7478,7479,880
1778733900,7479.25,7481.75,7478.25,7481,823
1778734200,7480.75,7480.75,7477.25,7478.75,895
1778734500,7478.5,7479,7476.75,7477.5,429
1778734800,7477.5,7479.25,7476.25,7479,857
1778735100,7479,7479.75,7477,7477.75,509
1778735400,7477.5,7479,7475.5,7476.25,608
1778735700,7476.25,7476.25,7473,7474,1056
1778736000,7474.25,7477.75,7474,7476.5,665
1778736300,7476.25,7476.75,7475.25,7476.75,428
1778736600,7476.75,7478.75,7475.75,7477,673
1778736900,7477,7478,7475.75,7476.5,547
1778737200,7476.5,7477.5,7474.75,7477,725
1778737500,7477,7486.5,7476.75,7480.75,4229
1778737800,7481,7484,7481,7484,973
1778738100,7483.75,7484,7481.25,7483,732
1778738400,7483.25,7486.75,7483,7486.5,1242
1778738700,7486.5,7489.5,7486.5,7487.75,1905
1778739000,7488,7488.75,7484.5,7487,1160
1778739300,7487,7487.25,7485.25,7486,762
1778739600,7486.25,7489.25,7486,7487.5,984
1778739900,7487.25,7488.25,7486.25,7486.5,810
1778740200,7486.75,7487.75,7486.5,7487.5,517
1778740500,7487.25,7489,7487.25,7488.75,860
1778740800,7488.75,7489.25,7486.75,7488,841
1778741100,7488.25,7488.75,7485.75,7486,997
1778741400,7486.25,7488.5,7485.75,7488.5,504
1778741700,7488.25,7488.75,7484.75,7485,784
1778742000,7484.75,7486.75,7483,7485.25,1351
1778742300,7485,7485,7481,7482.5,1428
1778742600,7482.75,7483.75,7481.25,7483.5,674
1778742900,7483.5,7485.25,7482.75,7484.5,872
1778743200,7484.5,7485.5,7483.25,7484,558
1778743500,7484,7485.5,7483.75,7484.5,523
1778743800,7484.5,7487.5,7484.5,7486.5,1130
1778744100,7486.75,7488.5,7486.5,7487.25,582
1778744400,7487.5,7489,7486.75,7486.75,464
1778744700,7486.75,7488.5,7485.5,7485.75,529
1778745000,7485.75,7488,7484,7484.75,609
1778745300,7484.75,7485.25,7478,7479.25,1413
1778745600,7479.5,7482.25,7478.25,7478.75,1839
1778745900,7478.75,7484.5,7478,7482.5,1496
1778746200,7482.5,7486.5,7481.75,7486.25,1037
1778746500,7486.5,7491.75,7486.25,7488,2592
1778746800,7487.75,7489.25,7486.25,7486.25,1033
1778747100,7486.25,7489.75,7486.25,7488.25,1432
1778747400,7488.25,7491,7488,7488.75,1367
1778747700,7488.5,7489.75,7486.5,7487,831
1778748000,7487,7488,7482.75,7483.75,1241
1778748300,7483.75,7485,7482,7483.75,909
1778748600,7483.75,7486.75,7483,7485.75,744
1778748900,7486,7488.25,7485.5,7487.75,849
1778749200,7488,7490.25,7487.5,7487.75,845
1778749500,7487.75,7488.75,7486.5,7487.75,565
1778749800,7487.75,7490.25,7482.75,7485.75,4577
1778750100,7485.25,7486.25,7483.75,7484.75,611
1778750400,7484.75,7486,7483.75,7484,551
1778750700,7484,7484.75,7482,7483.25,1142
1778751000,7483,7484.75,7482,7484.25,887
1778751300,7484.25,7484.25,7475,7477.25,3254
1778751600,7477,7481,7477,7480.75,1259
1778751900,7480.75,7485.5,7479.5,7485.25,1096
1778752200,7485.25,7486.5,7484.5,7485.5,911
1778752500,7485.5,7486,7484.75,7485.25,446
1778752800,7485,7488.75,7484.5,7488.75,1184
1778753100,7488.75,7489.5,7488,7488.75,823
1778753400,7488.75,7496.25,7488,7489.25,7638
1778753700,7489.5,7493.75,7487.75,7492.25,2220
1778754000,7492.25,7492.75,7487.5,7488,1697
1778754300,7488,7491.75,7488,7489.25,1360
1778754600,7489,7490.25,7487,7487.5,861
1778754900,7487.5,7488.5,7486,7486.25,832
1778755200,7486,7486.25,7483,7485.25,1369
1778755500,7485.5,7486.5,7484,7486.5,768
1778755800,7486.75,7492.75,7486,7491,2623
1778756100,7491.25,7491.75,7488,7488.5,1329
1778756400,7488.25,7492,7488,7491.5,1029
1778756700,7491.5,7494,7490.25,7493.75,1087
1778757000,7493.75,7495,7492.75,7493.5,1335
1778757300,7493.25,7494,7492,7492,888
1778757600,7492,7494,7487.75,7488.5,1616
1778757900,7488.5,7488.5,7485.25,7486.5,1414
1778758200,7486.5,7489.75,7486.5,7489,1143
1778758500,7489.25,7490.75,7488.5,7489.75,627
1778758800,7489.75,7490.75,7489.25,7490.25,716
1778759100,7490.25,7494.25,7490,7494.25,1368
1778759400,7494,7494.75,7493.25,7494,1110
1778759700,7493.75,7494.75,7491,7491,1687
1778760000,7491,7496,7491,7495.5,2686
1778760300,7495.25,7496.75,7495,7495.75,1421
1778760600,7496,7496.75,7493,7493.75,1554
1778760900,7494,7496,7493.75,7494.25,1128
1778761200,7494.5,7499,7494.5,7497.75,2586
1778761500,7498,7499.25,7495.5,7496.25,2334
1778761800,7496.75,7497,7492.25,7495.75,3499
1778762100,7495.75,7496.25,7492.25,7493.5,1795
1778762400,7493.5,7494.75,7492.25,7492.5,1258
1778762700,7492.25,7492.75,7490.5,7491.75,2137
1778763000,7491.75,7491.75,7487.5,7488,2289
1778763300,7487.75,7490.5,7486.25,7489.75,2897
1778763600,7489.5,7489.5,7487,7489,2112
1778763900,7488.75,7489.25,7485,7485.25,2792
1778764200,7485.25,7486.25,7481.75,7485,4619
1778764500,7485,7486,7483.75,7483.75,2948
1778764800,7484,7487.25,7483.5,7486.75,2859
1778765100,7486.5,7486.5,7480.5,7481,7994
1778765400,7481,7492.75,7479.75,7492.25,28069
1778765700,7492.25,7498.25,7487,7497.5,20487
1778766000,7497.25,7500.5,7496.5,7498.25,19308
1778766300,7498.25,7503.25,7496,7501,25632
1778766600,7501.25,7503.5,7493.25,7494.5,23532
1778766900,7494.25,7499,7486.25,7488.25,24699
1778767200,7488.25,7497.25,7486.75,7496.75,19306
1778767500,7497,7499.25,7492,7494.5,16932
1778767800,7494.75,7500.5,7492.25,7499,13439
1778768100,7499,7505.5,7498.75,7505,14205
1778768400,7505,7508,7502.75,7503.5,15934
1778768700,7503.75,7504,7499.25,7503.75,15198
1778769000,7503.75,7504.75,7501.5,7504,10424
1778769300,7504,7511,7501.75,7510.75,13303
1778769600,7510.5,7514.75,7509.5,7514.5,14596
1778769900,7514.5,7517.25,7514.5,7517,12628
1778770200,7516.75,7520.25,7514.75,7517.75,16399
1778770500,7518,7520,7515.75,7516.25,9842
1778770800,7516.5,7523,7515.5,7520.75,12752
1778771100,7520.5,7523.25,7520,7522,8072
1778771400,7522.25,7525,7521.5,7524.75,7495
1778771700,7525,7530.25,7525,7529.25,12540
1778772000,7529,7532.25,7528,7529.5,11434
1778772300,7529.75,7533,7529.5,7529.75,9545
1778772600,7529.75,7533,7529,7531.25,7629
1778772900,7531.5,7532,7526.5,7529.25,9633
1778773200,7529.25,7532.75,7528,7532.25,7553
1778773500,7532.25,7532.75,7530.25,7532.5,5121
1778773800,7532.5,7532.75,7530.75,7531.25,3706
1778774100,7531,7537.5,7531,7537,11273
1778774400,7537.25,7539.5,7536.25,7539,7955
1778774700,7539,7540,7536,7536.25,6478
1778775000,7536.25,7538.25,7533.5,7534,6898
1778775300,7534,7538,7534,7534.75,6460
1778775600,7534.75,7538,7530.75,7530.75,8696
1778775900,7531,7532,7522.75,7524.5,19917
1778776200,7524.25,7527,7518,7520.75,18336
1778776500,7520.5,7525.75,7520,7525.5,12481
1778776800,7525.75,7527.75,7522.25,7522.75,11190
1778777100,7522.75,7526.75,7518.75,7524.75,16208
1778777400,7525,7525.25,7519.25,7522,7567
1778777700,7522,7522.75,7515.75,7522.75,11201
1778778000,7522.5,7527.5,7522.25,7526,8510
1778778300,7526,7526.25,7518.5,7518.5,8979
1778778600,7518.5,7522.25,7513.75,7515,13093
1778778900,7514.75,7516.25,7508,7509,20338
1778779200,7509,7513.75,7507,7511.5,14650
1778779500,7511.5,7513.75,7507.25,7513.5,12414
1778779800,7513.5,7517.75,7511,7515,12679
1778780100,7515,7522,7514.75,7520.75,8742
1778780400,7521,7523.75,7518,7521.75,8867
1778780700,7521.75,7526.75,7521.5,7526,8317
1778781000,7525.75,7527,7522.5,7523.5,6417
1778781300,7523.25,7526,7521.25,7521.5,5686
1778781600,7521.5,7521.5,7510.75,7513.25,18056
1778781900,7513.25,7518,7512,7517.75,9350
1778782200,7517.75,7522.75,7516,7522.75,8799
1778782500,7522.75,7527.5,7522,7527,8159
1778782800,7527,7527.5,7522.5,7524.5,7303
1778783100,7524.25,7525.25,7518,7520,8983
1778783400,7520,7525.5,7519.75,7522.25,6652
1778783700,7522.25,7524.25,7519.5,7522,5259
1778784000,7522,7524.25,7517.75,7522,5527
1778784300,7521.75,7525.25,7519.25,7524.75,5931
1778784600,7524.5,7525.5,7522,7524,5548
1778784900,7524,7528,7523.25,7527.5,8573
1778785200,7527.5,7531.25,7527.25,7529.25,8526
1778785500,7529.25,7530.5,7526.25,7530.25,6528
1778785800,7530.25,7531.25,7526,7528.5,7329
1778786100,7528.5,7530.5,7527.75,7528.5,4457
1778786400,7528.5,7530.75,7527.25,7528.5,5498
1778786700,7528.5,7529.25,7524.5,7524.75,7451
1778787000,7525,7529.75,7524,7527.5,7843
1778787300,7527.5,7529.75,7525.25,7528.5,6590
1778787600,7528.25,7531.25,7527.75,7529.5,6909
1778787900,7529.5,7530.5,7526.75,7527.5,7779
1778788200,7527.75,7529,7522.75,7526.25,18805
1778788500,7526.5,7527.25,7522.5,7526,16831
1778788800,7526,7530,7525.75,7528.75,8379
1778789100,7528.75,7529,7527.25,7527.75,2004
1778789400,7527.5,7529,7526.75,7527,2157
1778789700,7526.75,7527.25,7519.75,7522.5,5052
1778790000,7522.5,7524.5,7519.25,7521.75,1988
1778790300,7521.5,7522,7518.5,7519.75,1351
1778790600,7519.5,7521.75,7519,7520.75,1285
1778790900,7520.75,7521.75,7519,7520.25,1325
1778791200,7520,7521.5,7518.25,7520.25,1171
1778791500,7520.25,7522.75,7519.75,7522.25,1609
1778791800,7522.25,7522.75,7520,7521.75,982
1778792100,7521.5,7523.25,7520.75,7523,935
1778796000,7522.5,7526.25,7521.5,7525,1676
1778796300,7525,7527,7523.5,7524,1000
1778796600,7524.25,7524.25,7523,7523.5,473
1778796900,7523.5,7523.5,7520.5,7521.75,782
1778797200,7521.75,7522.75,7520.5,7521.75,621
1778797500,7521.5,7524,7521.5,7524,578
1778797800,7523.75,7525.75,7523.5,7524.25,628
1778798100,7524.25,7525.25,7523.75,7524.25,348
1778798400,7524,7524.75,7523.5,7524.25,279
1778798700,7524.5,7525.75,7524,7524.75,527
1778799000,7524.75,7525,7524,7524.5,222
1778799300,7524.5,7526.25,7523.75,7524,623
1778799600,7524,7526,7524,7525.5,579
1778799900,7525.5,7526,7524.75,7524.75,288
1778800200,7525,7526.5,7524.75,7526.5,368
1778800500,7526.25,7526.5,7525.25,7525.75,369
1778800800,7526,7526,7524.5,7524.75,360
1778801100,7524.5,7527,7524,7526.75,749
1778801400,7526.75,7527.75,7526.5,7527.25,660
1778801700,7527.25,7528.25,7527,7527.5,658
1778802000,7527.5,7527.75,7526.25,7526.25,402
1778802300,7526.5,7526.5,7522.5,7523.5,1728
1778802600,7523.5,7523.75,7521.75,7522,974
1778802900,7522,7522.25,7519.25,7521,1980
1778803200,7520.75,7521.75,7517,7518.75,2421
1778803500,7518.75,7522.75,7518.5,7522.25,1477
1778803800,7522.25,7522.5,7518.75,7522.25,1318
1778804100,7522.5,7526.5,7522.25,7525.5,1982
1778804400,7525.5,7526.5,7525,7526,784
1778804700,7526.25,7526.75,7524.5,7525.75,710
1778805000,7525.5,7525.5,7522.75,7524.75,1153
1778805300,7524.75,7525.25,7518.5,7520.75,1756
1778805600,7520.75,7521.75,7513,7517,3923
1778805900,7517,7518.75,7517,7518,1003
1778806200,7518.25,7519.25,7515,7518.75,1542
1778806500,7519,7519.5,7517.5,7519,689
1778806800,7518.75,7520,7516,7517.25,1277
1778807100,7517.25,7517.25,7514,7514.5,1240
1778807400,7514.5,7515.25,7513,7514.5,1469
1778807700,7514.25,7515,7511.25,7512.5,1539
1778808000,7512.5,7512.5,7509,7509.25,2867
1778808300,7509.5,7511,7503.5,7504.5,4511
1778808600,7504.25,7504.75,7498,7502.25,6579
1778808900,7502.5,7507,7502.5,7506,3263
1778809200,7506,7508.25,7503.75,7504.75,2790
1778809500,7504.5,7504.75,7497.5,7498.75,3967
1778809800,7499,7499.75,7494.25,7497.5,3713
1778810100,7497.5,7499.25,7494.5,7495.25,2272
1778810400,7495.25,7498.5,7494,7498.5,2775
1778810700,7498.5,7498.75,7493.75,7497.75,3452
1778811000,7497.75,7500.25,7496.75,7497.75,2347
1778811300,7497.75,7500.25,7496.5,7500.25,2335
1778811600,7500,7501.5,7499.25,7500.75,1911
1778811900,7501,7503.5,7499.75,7500,1844
1778812200,7499.75,7501.5,7497.25,7501,2219
1778812500,7501,7503.25,7499.5,7500,1605
1778812800,7500,7504.5,7499.5,7504.25,1199
1778813100,7504.25,7505.5,7502.25,7504,1563
1778813400,7503.75,7511.75,7503.75,7509.75,5543
1778813700,7510,7511.25,7506.5,7508,1636
1778814000,7508,7509.5,7506.25,7506.5,1683
1778814300,7506.5,7507.75,7505.25,7505.5,1285
1778814600,7505.75,7509.5,7505.5,7508.25,1208
1778814900,7508.25,7509,7506.5,7508.25,770
1778815200,7508,7508.75,7506.5,7508.25,422
1778815500,7508.25,7509.25,7507.5,7507.75,409
1778815800,7508,7508.75,7502.5,7503,1879
1778816100,7503,7508.25,7501,7506.25,2822
1778816400,7506.25,7509.5,7505.5,7506,1793
1778816700,7506,7507.75,7505.5,7506.5,923
1778817000,7506.5,7507,7504.25,7504.75,907
1778817300,7504.75,7506.5,7503.5,7505.25,911
1778817600,7505.5,7505.5,7502,7504,1035
1778817900,7504,7505.25,7502,7502.25,570
1778818200,7502.5,7503.75,7499.25,7503.5,1766
1778818500,7503.75,7505,7501.5,7501.75,732
1778818800,7502.25,7502.25,7499.75,7501.5,1093
1778819100,7501.75,7502.25,7499.5,7500,1114
1778819400,7500,7500.25,7496.75,7499.75,1949
1778819700,7499.75,7501,7497,7500,1159
1778820000,7499.75,7502,7497.25,7497.25,1201
1778820300,7497.5,7498.75,7494,7494.5,2078
1778820600,7494.25,7495.25,7493,7495,2211
1778820900,7495.25,7495.25,7492,7493.5,1853
1778821200,7493.75,7494,7490.75,7493,2560
1778821500,7493.25,7493.25,7486.25,7487,3810
1778821800,7487.25,7489.5,7485.75,7488.25,2482
1778822100,7488.25,7490.75,7486.25,7487.75,1529
1778822400,7487.5,7489.75,7486,7488,1080
1778822700,7488,7489,7486.25,7488.5,924
1778823000,7488.75,7489,7481,7481.25,3510
1778823300,7481.5,7482.5,7479,7480.25,2780
1778823600,7480,7481.5,7476.75,7477.5,2789
1778823900,7477.5,7478,7471.75,7472,4001
1778824200,7472,7477.75,7471.5,7474,3209
1778824500,7473.75,7474.75,7465.75,7466.25,3772
1778824800,7466.25,7472.5,7463.25,7472.25,4878
1778825100,7472.25,7476,7470.5,7475,2949
1778825400,7475,7477,7472.5,7475.5,2323
1778825700,7475.5,7479.5,7472.75,7472.75,3483
1778826000,7472.75,7472.75,7464,7465.5,4120
1778826300,7465,7470.25,7463,7469.5,3290
1778826600,7469.5,7479.25,7468,7478,4147
1778826900,7478.25,7481.25,7476.25,7479.25,3297
1778827200,7479.25,7482.75,7479,7482.5,2625
1778827500,7482.25,7484.5,7481,7483.25,2867
1778827800,7482.75,7482.75,7478,7478.5,2033
1778828100,7478.5,7482.25,7478.25,7480.5,1111
1778828400,7480.5,7483.25,7479.5,7480.75,1844
1778828700,7481.25,7483.5,7478.75,7479.5,1278
1778829000,7479.5,7486.75,7479,7486.5,2412
1778829300,7486.5,7487.5,7482.25,7483.25,1834
1778829600,7483.25,7486.25,7482.25,7483,1597
1778829900,7483,7485,7481.5,7484.5,1348
1778830200,7484.75,7485.75,7480,7480.5,1900
1778830500,7480.25,7481.25,7476.25,7477.5,1963
1778830800,7477.5,7478,7473.5,7475.75,2304
1778831100,7475.75,7475.75,7472.25,7474.25,1649
1778831400,7474.25,7475.5,7472.25,7474.25,1614
1778831700,7474,7475.25,7473,7474.75,711
1778832000,7474.75,7476,7463.75,7464.5,3904
1778832300,7464,7465.5,7460,7463.75,3909
1778832600,7464,7464.75,7460.25,7461.25,2634
1778832900,7461.25,7461.25,7449.5,7454.5,7126
1778833200,7454.25,7456.25,7451.5,7455.75,3332
1778833500,7455.75,7456,7440.75,7442.5,6162
1778833800,7442.25,7444.5,7435.75,7444.25,6477
1778834100,7444.25,7451.5,7442.5,7450.25,4667
1778834400,7450,7457.25,7450,7456.75,3703
1778834700,7457,7458.5,7452.75,7453,3096
1778835000,7453.5,7454.25,7449.75,7450.75,1861
1778835300,7450.75,7452.25,7447.75,7450,2312
1778835600,7450,7451,7446.75,7450.5,1846
1778835900,7450.5,7454.75,7448.75,7451.75,2606
1778836200,7452,7452.75,7445.5,7447.25,2304
1778836500,7447.25,7447.5,7443,7444.25,2531
1778836800,7444.25,7444.25,7439.75,7443.5,1999
1778837100,7443.25,7449.5,7439.75,7449.5,2097
1778837400,7449.25,7450.5,7443.75,7448.75,2425
1778837700,7448.75,7449.5,7443.75,7447.25,2505
1778838000,7447,7447.25,7441.5,7443.5,1776
1778838300,7443.5,7443.5,7438.25,7442.25,2225
1778838600,7442,7443.5,7436.25,7443.25,3545
1778838900,7443.5,7450.75,7441,7445.25,5393
1778839200,7445.5,7448.75,7441.5,7442.25,3220
1778839500,7442.25,7451.25,7441.5,7449.75,3030
1778839800,7450,7455.25,7449.25,7454.5,2471
1778840100,7454.75,7457.75,7452.75,7453.5,3278
1778840400,7453.5,7460.5,7453.25,7459,2945
1778840700,7459.25,7461.5,7451.25,7453,3134
1778841000,7453.25,7459,7452.25,7458.25,2101
1778841300,7458.5,7459,7451.25,7452,2482
1778841600,7451.75,7457.75,7449,7457.5,3617
1778841900,7457.5,7466.25,7455.5,7461.75,10403
1778842200,7461.5,7471.25,7460.5,7466.75,8158
1778842500,7466.5,7468.75,7463.5,7464.25,4212
1778842800,7464.5,7468.5,7458.75,7460,4121
1778843100,7459.75,7462.75,7457.5,7458.5,2527
1778843400,7458.25,7461.75,7457,7461.5,1974
1778843700,7461.5,7463.75,7460,7462.25,2091
1778844000,7462,7464.75,7457.75,7458.5,2328
1778844300,7458.25,7460.75,7456.25,7459,1739
1778844600,7459.25,7460.5,7453.25,7455.5,2525
1778844900,7455,7456.75,7451.75,7453,2058
1778845200,7453.25,7453.5,7449.5,7449.75,2466
1778845500,7449.5,7454.75,7449.25,7453.5,2216
1778845800,7454,7457.75,7452.75,7454.5,2329
1778846100,7454.5,7455,7446.25,7446.75,3622
1778846400,7446.5,7447,7442.25,7444.25,4192
1778846700,7444.25,7445,7438.25,7441.75,3914
1778847000,7442,7444.25,7432,7432.25,7613
1778847300,7432.5,7438.25,7431,7437.5,6140
1778847600,7437.5,7445.25,7437.25,7440.5,4953
1778847900,7440,7441,7436.25,7438.25,2955
1778848200,7438.25,7439,7431,7434.25,4671
1778848500,7434.5,7435.5,7428.75,7432,5147
1778848800,7432,7437.25,7431.75,7431.75,4224
1778849100,7431.75,7434,7431,7432.5,3057
1778849400,7432.5,7438.75,7432,7438.25,3873
1778849700,7438.25,7440.5,7437,7437.75,3257
1778850000,7437.75,7438,7432.25,7437,5285
1778850300,7437,7439.25,7435.5,7437,3984
1778850600,7437.25,7439.75,7435.25,7439.25,3401
1778850900,7439.5,7444.25,7437.5,7443,5500
1778851200,7443,7446.75,7443,7446.5,4293
1778851500,7446.5,7460.25,7446.5,7459.75,18675
1778851800,7459.5,7460.75,7434,7442.75,41641
1778852100,7443,7443.5,7431.5,7432.5,26062
1778852400,7432.5,7442,7426.75,7427.75,28453
1778852700,7427.5,7438,7420,7437.25,37101
1778853000,7437.25,7448,7428.75,7445.5,33271
1778853300,7445.25,7451,7430.5,7432.25,31521
1778853600,7432.5,7441.75,7430.25,7434.5,27467
1778853900,7434.75,7442,7432.25,7438,20524
1778854200,7437.75,7452.25,7436.75,7452.25,21815
1778854500,7452,7463,7448.5,7461,28270
1778854800,7461,7467.75,7459,7459.5,27500
1778855100,7459.25,7460.5,7449,7452.5,26321
1778855400,7452.5,7462.25,7451.5,7462,24420
1778855700,7461.75,7463.75,7456.5,7459.5,15416
1778856000,7459.5,7463.5,7457.25,7461,12798
1778856300,7461.25,7462.25,7449.25,7452,19984
1778856600,7452.25,7455.75,7444.25,7455.5,25507
1778856900,7455.25,7457.75,7449.25,7450.75,14738
1778857200,7450.5,7455.5,7444.25,7448.5,17401
1778857500,7448.5,7454.25,7442,7454.25,17029
1778857800,7454,7455.25,7445.75,7449.5,14508
1778858100,7449.5,7454.5,7447.75,7453.25,9313
1778858400,7453.5,7458.75,7452,7453.5,12060
1778858700,7453.75,7455.5,7448.25,7453.5,11499
1778859000,7453.5,7460.5,7453,7454.25,21720
1778859300,7454.25,7460,7450.5,7451.25,10611
1778859600,7451.25,7454,7439,7442,16896
1778859900,7442.25,7444.75,7438.25,7439.5,12749
1778860200,7439.5,7439.75,7433.5,7436,15816
1778860500,7436,7444.5,7431.5,7443.25,17065
1778860800,7443.75,7447.25,7438.25,7440.25,14472
1778861100,7440.25,7445.5,7437.25,7444.25,10761
1778861400,7444.25,7445.5,7437.75,7445,8754
1778861700,7445,7445,7439.25,7443.5,6598
1778862000,7443.5,7453.25,7442.5,7452.25,11155
1778862300,7452.5,7454.75,7449.25,7453.75,9392
1778862600,7454,7455.5,7450.75,7455,7966
1778862900,7455,7455.25,7451.25,7454,6421
1778863200,7454.25,7456.75,7451,7456.5,6118
1778863500,7456.5,7458,7454,7454.5,6366
1778863800,7454.5,7457.25,7443.25,7444.75,11562
1778864100,7444.75,7452.25,7444.25,7450.25,9866
1778864400,7450.25,7452.5,7447.25,7451.75,6784
1778864700,7451.75,7457.75,7450.5,7456.5,7144
1778865000,7456.25,7458.25,7455,7457.25,4988
1778865300,7457.5,7458.75,7453.5,7458.75,6627
1778865600,7458.75,7466,7457.75,7465.75,11085
1778865900,7465.75,7470.5,7465.5,7466.5,11665
1778866200,7466.25,7469.75,7465.5,7469.25,7043
1778866500,7469.25,7469.75,7464.25,7467.5,6356
1778866800,7467.5,7468,7461.5,7465,7316
1778867100,7465.25,7467.25,7463,7464,4471
1778867400,7464,7468.25,7464,7467.75,5029
1778867700,7467.75,7471,7466,7470.5,6794
1778868000,7470.75,7473.25,7470.5,7472,8754
1778868300,7471.75,7475.75,7470.75,7471,9216
1778868600,7471,7472.75,7469.75,7470.75,5983
1778868900,7470.75,7471.5,7456.75,7458.5,17711
1778869200,7458.5,7467.75,7457.25,7463.25,12818
1778869500,7463,7465,7456,7458.25,9462
1778869800,7458.5,7459.25,7445,7449.25,18684
1778870100,7449.25,7456,7449,7455.75,9849
1778870400,7455.5,7455.75,7449.75,7455,6780
1778870700,7454.75,7455.25,7449.75,7453.25,5051
1778871000,7453,7458.25,7451.5,7457.75,6195
1778871300,7457.5,7459.75,7453.25,7457.25,7985
1778871600,7457.25,7458.5,7449,7449.5,8362
1778871900,7449.5,7451.75,7446.5,7448,8399
1778872200,7447.75,7448.5,7443.75,7446.75,9251
1778872500,7446.75,7448,7441.25,7445.5,8605
1778872800,7445.5,7448.5,7443,7443,8354
1778873100,7443,7444.75,7442,7442.75,5481
1778873400,7442.5,7447.75,7442.25,7444.75,8067
1778873700,7444.75,7449,7441.75,7448,6171
1778874000,7448,7449.5,7440.5,7441.5,10192
1778874300,7441.5,7445.75,7439.25,7444,10302
1778874600,7444,7444,7429.5,7431,20701
1778874900,7431,7434.75,7427,7432.5,32726
1778875200,7432.25,7433,7415.25,7420.75,15495
1778875500,7420.5,7421,7413,7413.25,5531
1778875800,7413.25,7420,7409.5,7420,7470
1778876100,7419.75,7422.75,7416.25,7417.5,4149
1778876400,7417.5,7418,7412.5,7414.25,2757
1778876700,7414,7418.75,7411.75,7417.75,2296
1778877000,7417.5,7420.25,7416.75,7419,2205
1778877300,7418.75,7420,7417.5,7418.5,1346
1778877600,7418.25,7418.5,7415.5,7417,1491
1778877900,7417,7419.25,7415.75,7418.5,1213
1778878200,7418.75,7418.75,7416.75,7418.5,975
1778878500,7418.5,7421,7415.25,7418,2051
1779055200,7410.25,7429.25,7408.5,7427.75,5430
1779055500,7427.75,7434.5,7427.25,7432.5,5169
1779055800,7432.5,7435.25,7429,7430.75,3086
1779056100,7431,7432.25,7426.75,7429,2991
1779056400,7429.5,7430,7422.25,7423.75,4236
1779056700,7423.75,7427.25,7423,7426.75,2208
1779057000,7427,7429,7424.5,7424.75,2086
1779057300,7425,7430.5,7423.25,7430.25,2748
1779057600,7429.75,7431.75,7428.75,7429.75,2046
1779057900,7430.25,7432,7428.5,7429,1130
1779058200,7428.75,7430.75,7427.25,7430.25,1565
1779058500,7430.75,7431.25,7424,7429.5,2518
1779058800,7429.5,7430.5,7426.5,7427,1454
1779059100,7427,7427.25,7420,7423.25,4417
1779059400,7423.25,7426.75,7420.5,7422.5,2658
1779059700,7422.25,7422.25,7418.25,7419.25,2778
1779060000,7419.75,7421.75,7415.25,7416.5,4100
1779060300,7416.25,7416.75,7411.75,7414.75,4077
1779060600,7414.5,7416.5,7412,7416.5,2230
1779060900,7416.75,7418.5,7410.5,7411.75,3285
1779061200,7411.75,7413.25,7397.75,7412.25,11031
1779061500,7412.25,7417.25,7408.75,7415,6352
1779061800,7415.25,7417.5,7411,7411.75,3579
1779062100,7411.5,7414.75,7407.25,7411.25,4035
1779062400,7411,7415.25,7402.5,7404.25,7892
1779062700,7404.5,7404.5,7391,7392.5,14255
1779063000,7392.5,7396.75,7381.5,7394,11282
1779063300,7394,7401,7391.5,7394,8919
1779063600,7393.75,7402.5,7393.5,7397,4600
1779063900,7397,7400.75,7394.5,7395.5,3261
1779064200,7395.5,7398.5,7388.5,7393.25,5891
1779064500,7393.25,7396.25,7389.75,7390,4101
1779064800,7390,7392,7385.75,7386,3419
1779065100,7386,7393.25,7384.75,7392,4237
1779065400,7392,7395.5,7387.25,7390.25,3313
1779065700,7390,7398.25,7389.75,7397.5,3247
1779066000,7397.25,7399.75,7387.75,7388,4483
1779066300,7388.25,7391.25,7386,7390,2479
1779066600,7389.75,7392.25,7381.75,7382.25,3750
1779066900,7382,7385.5,7379.75,7382,5502
1779067200,7381.75,7386.5,7377.75,7380.75,6614
1779067500,7380.25,7384,7378,7379,2917
1779067800,7379,7382.25,7376.5,7377.75,3006
1779068100,7377.75,7381.75,7375,7379.5,4374
1779068400,7379.5,7383.5,7377.75,7383,3457
1779068700,7383,7387.25,7381,7385.75,3414
1779069000,7385.5,7392.5,7385,7388,4373
1779069300,7387.75,7391,7386.5,7387.5,2147
1779069600,7387.5,7388,7383.25,7386.5,2940
1779069900,7386.25,7387,7382.75,7384,1784
1779070200,7384.25,7390.75,7383,7389,2370
1779070500,7389.25,7393,7389.25,7390.75,2685
1779070800,7390.75,7391.75,7387.5,7391.5,1707
1779071100,7391.75,7393,7389.75,7391.75,1667
1779071400,7391.75,7393,7389.25,7389.25,1513
1779071700,7389.5,7389.5,7386.5,7387.5,1919
1779072000,7387.5,7388.5,7386.5,7387,931
1779072300,7387,7387.25,7382,7382.25,1654
1779072600,7382,7383.5,7378.5,7381.5,3307
1779072900,7381.5,7383.75,7379.5,7381.75,1678
1779073200,7382,7388.5,7382,7384.25,2901
1779073500,7384.5,7388.25,7384,7387,1264
1779073800,7386.75,7387.75,7381.25,7382.25,1492
1779074100,7382.5,7384.5,7380.75,7381.75,1303
1779074400,7381.5,7384.75,7381.25,7383.75,1001
1779074700,7383.5,7386.75,7380.75,7385,1593
1779075000,7385,7385,7377.75,7382.75,3690
1779075300,7382.75,7386.5,7380.75,7385,1737
1779075600,7385,7388.5,7384.5,7387.25,1598
1779075900,7387.25,7387.5,7385,7386.25,991
1779076200,7386.5,7387.5,7383.25,7384.5,1143
1779076500,7384,7387.25,7383.25,7385.5,616
1779076800,7385.5,7387.25,7385,7385.75,1229
1779077100,7385.5,7388.25,7385.5,7388,1271
1779077400,7387.75,7392.5,7387.75,7390.5,2393
1779077700,7390.25,7393.5,7387.75,7390.75,2398
1779078000,7390.75,7390.75,7383,7383.5,1981
1779078300,7383.25,7383.5,7379.75,7381,1801
1779078600,7380.75,7382.5,7379,7379.75,1410
1779078900,7380,7383.25,7379.5,7380.75,1417
1779079200,7380.5,7387.5,7380.5,7386.25,1598
1779079500,7386.25,7388.75,7385.5,7386,1262
1779079800,7385.75,7386,7383,7384,935
1779080100,7383.75,7385,7381,7384.75,863
1779080400,7384.75,7389.5,7383.25,7389,1621
1779080700,7388.75,7392.25,7388,7392,1336
1779081000,7392,7392.5,7386.75,7387.25,975
1779081300,7387,7387,7380,7381.25,1898
1779081600,7381.25,7385.5,7379.5,7385.25,1699
1779081900,7385.25,7388.5,7384.5,7387.25,1063
1779082200,7387.25,7389,7384.5,7385.75,1658
1779082500,7386,7392.5,7385,7392,2746
1779082800,7392,7392.5,7386.5,7389.25,1825
1779083100,7388.75,7392,7387.5,7391.5,1309
1779083400,7391.5,7392.25,7388.75,7390.5,947
1779083700,7390.5,7390.75,7384.5,7385.25,1634
1779084000,7384.75,7386.75,7382,7383,1943
1779084300,7382.5,7388.25,7382,7385.75,1426
1779084600,7385.75,7387,7383.25,7385.75,1374
1779084900,7385.75,7389.75,7383,7383,1792
1779085200,7383,7385.5,7381.25,7385.25,1786
1779085500,7384.75,7386.25,7379,7379.75,1790
1779085800,7379.75,7382.5,7376.25,7381,3795
1779086100,7380.75,7385.5,7380.25,7382.25,2334
1779086400,7382.25,7389.25,7382,7389.25,1665
1779086700,7389.25,7393.75,7389.25,7389.75,3443
1779087000,7389.5,7392,7388,7391.25,1198
1779087300,7391.25,7395.25,7391.25,7395,1885
1779087600,7395,7401,7395,7398,4374
1779087900,7397.75,7400,7395.75,7397,2065
1779088200,7396.75,7396.75,7390.5,7391.75,2127
1779088500,7391.5,7392.25,7387.75,7390.25,1950
1779088800,7390,7390,7384.75,7389.75,2513
1779089100,7390,7403.75,7390,7403.25,5067
1779089400,7402.75,7407.75,7401,7401,5777
1779089700,7401.25,7401.75,7392.5,7392.75,3141
1779090000,7392.5,7394,7386.5,7389.25,2851
1779090300,7389.25,7396.75,7388.25,7393,2789
1779090600,7393.25,7395,7389,7394.25,1705
1779090900,7394.25,7398.25,7393,7396.5,2995
1779091200,7396.5,7405.5,7396.5,7405.25,3276
1779091500,7405.25,7407,7402.75,7404.5,2687
1779091800,7404.25,7405.75,7402,7403.5,1652
1779092100,7403.5,7404,7400.5,7402.5,1546
1779092400,7402.5,7410,7402.5,7409.25,2237
1779092700,7409,7414.25,7409,7413.5,2990
1779093000,7413.5,7416.5,7409.75,7413,2976
1779093300,7413,7413.5,7407.75,7409.5,2025
1779093600,7409.5,7409.5,7406,7407.25,973
1779093900,7407.25,7411.25,7407,7410.75,1340
1779094200,7410.75,7415.75,7410.5,7413.75,2466
1779094500,7413.75,7417,7413.25,7416.5,1045
1779094800,7416.25,7417.75,7411,7411.25,1924
1779095100,7411.25,7412.75,7410.25,7410.5,971
1779095400,7410.25,7410.75,7408,7408.5,955
1779095700,7408.25,7411.5,7407.5,7408.5,1090
1779096000,7408.25,7412.25,7408.25,7409,909
1779096300,7409,7409.25,7405.5,7408.75,1472
1779096600,7408.75,7410.25,7407.75,7409.5,1167
1779096900,7409.75,7410.25,7406.75,7409,644
1779097200,7408.75,7411.75,7407.5,7411.25,1426
1779097500,7411.5,7412.75,7409,7410.75,1282
1779097800,7410.75,7412.25,7407,7407.5,2225
1779098100,7407.5,7411,7406.25,7410.25,1339
1779098400,7411,7411.75,7402.75,7403,1812
1779098700,7403,7403,7397.25,7397.25,4068
1779099000,7397.5,7403.75,7397.25,7401.75,1628
1779099300,7402,7403.75,7400.25,7402.75,1134
1779099600,7402.5,7404.25,7401.5,7403.75,900
1779099900,7403.5,7404.75,7400.75,7402.75,1074
1779100200,7402.5,7403.5,7394.5,7395.25,2484
1779100500,7395.25,7397.25,7394,7396,2163
1779100800,7396,7401,7395.75,7400.25,1316
1779101100,7400.25,7405,7399,7404.75,1295
1779101400,7404.75,7404.75,7401.25,7402.5,997
1779101700,7402.5,7402.75,7398,7399,1109
1779102000,7399,7400.75,7397.25,7397.75,1595
1779102300,7397.5,7398,7389.5,7390.5,3889
1779102600,7390.25,7399.5,7386.25,7399.25,7481
1779102900,7399.5,7402.25,7397,7402,2100
1779103200,7402,7403,7399.75,7400,1623
1779103500,7400,7401.5,7397,7397.5,1290
1779103800,7397.5,7408.25,7397,7406.75,6447
1779104100,7406.75,7421.25,7402.5,7420.25,12181
1779104400,7420.5,7433,7419.75,7426.25,15339
1779104700,7426.25,7426.75,7415,7417.25,5334
1779105000,7417.5,7417.75,7413,7413.25,2885
1779105300,7413,7416,7409.5,7414.25,3981
1779105600,7414.25,7418,7413.25,7416.5,2705
1779105900,7416.75,7422.5,7416.75,7421.25,2848
1779106200,7420.75,7423,7418.25,7419.75,2207
1779106500,7419.5,7420.25,7415,7416,4548
1779106800,7416.25,7422.5,7415.5,7422,2593
1779107100,7422.25,7422.5,7419,7420.75,1298
1779107400,7420.5,7428.25,7417.75,7428,4598
1779107700,7427.5,7433.75,7426.5,7431,7542
1779108000,7430.75,7443.5,7429.25,7442.5,9289
1779108300,7442.25,7453,7441.5,7449.75,11742
1779108600,7449.75,7453.25,7445.75,7448.75,7019
1779108900,7448.75,7452.25,7445.25,7450,4997
1779109200,7450,7452.5,7441,7444.75,15951
1779109500,7444.75,7446.75,7440.5,7443.25,6054
1779109800,7443.5,7446,7441.5,7443.25,5885
1779110100,7443.25,7443.5,7438.5,7442.5,5104
1779110400,7442.5,7444,7440.5,7443.25,2831
1779110700,7443.25,7444.25,7438,7438.25,7714
1779111000,7438.25,7440.75,7424.75,7425.5,31004
1779111300,7425.5,7430,7422.75,7427,21412
1779111600,7427.25,7433,7419.5,7420,35255
1779111900,7420.25,7433,7415.25,7428.5,35758
1779112200,7428.75,7449.25,7428.25,7449.25,30771
1779112500,7449.25,7454.25,7444,7446,27501
1779112800,7445.75,7445.75,7428.75,7431.75,27871
1779113100,7431.75,7444,7425.75,7444,35692
1779113400,7443.75,7447,7435.75,7439.25,26019
1779113700,7439.25,7447.25,7438,7445.75,17453
1779114000,7445.75,7448.25,7435.25,7440.25,20917
1779114300,7440.25,7444.25,7432.25,7435.25,18729
1779114600,7435,7438.25,7411.5,7414.5,33237
1779114900,7414.25,7421.25,7404.25,7419.5,33967
1779115200,7419.25,7427.5,7411.25,7423,27117
1779115500,7423,7424.25,7412.75,7415.25,20748
1779115800,7415.25,7428,7414.25,7421.75,19767
1779116100,7421.75,7426,7420,7423,13244
1779116400,7423,7430.5,7407.75,7413,45162
1779116700,7412.5,7416.75,7407.5,7408,18103
1779117000,7407.75,7415,7405,7412.5,17332
1779117300,7412.25,7414.25,7399.5,7403.25,17256
1779117600,7403.25,7407.5,7399.25,7403.5,18099
1779117900,7403.5,7409,7395,7396,18987
1779118200,7396.25,7405.75,7391.5,7405.25,19925
1779118500,7405.25,7413,7404.5,7408,16252
1779118800,7408.25,7414,7401.75,7402.25,13127
1779119100,7402.25,7410,7401.25,7405,9981
1779119400,7405,7410,7399.5,7409,10850
1779119700,7409,7412,7401.5,7403,10722
1779120000,7403,7405,7396.75,7398.75,12434
1779120300,7399,7404.5,7397.75,7402.5,8028
1779120600,7402.75,7409.25,7401.75,7409.25,10521
1779120900,7409,7413.5,7408,7412,9874
1779121200,7412,7419,7404.5,7407.75,21788
1779121500,7408,7409,7384.75,7388.25,28820
1779121800,7388,7398.5,7381.75,7394.25,21566
1779122100,7394.25,7401,7393.25,7397,12538
1779122400,7397.25,7398,7390.5,7391.25,10380
1779122700,7391.25,7395.5,7391,7394.5,7654
1779123000,7394.5,7409,7394,7407.75,14965
1779123300,7408,7413.5,7403.75,7405,15806
1779123600,7404.75,7409.25,7399,7408.75,14329
1779123900,7408.5,7413.25,7406.5,7410,11307
1779124200,7410.25,7414.25,7407.25,7407.25,7277
1779124500,7407.5,7414.25,7405.5,7412,7735
1779124800,7412.25,7412.75,7406.25,7408.5,6845
1779125100,7408.75,7413.75,7406.5,7413.5,5450
1779125400,7413.5,7414,7406.25,7408,7149
1779125700,7408,7408.25,7402,7404,8824
1779126000,7404,7411.25,7403,7407.75,8480
1779126300,7408,7409,7403.25,7406.25,6766
1779126600,7406.25,7413.25,7405.5,7409.25,6719
1779126900,7409.25,7411.75,7407,7410.25,4405
1779127200,7410.25,7411.25,7397.75,7398.5,12312
1779127500,7398.5,7400.75,7393.5,7395.75,10337
1779127800,7395.5,7397.25,7390,7390.25,9448
1779128100,7390.25,7391.25,7381.25,7384.25,16193
1779128400,7384.25,7386.25,7380.75,7382.75,11851
1779128700,7382.75,7387,7376.5,7386.75,18043
1779129000,7387,7391.5,7384.5,7387.5,11316
1779129300,7387.5,7391,7383.5,7383.75,7961
1779129600,7383.5,7385.75,7379.25,7385.75,8573
1779129900,7385.5,7387.25,7378.75,7379,8369
1779130200,7379,7381,7374.25,7377,13966
1779130500,7377,7381.25,7372.75,7376.5,13788
1779130800,7376.5,7420.5,7375.75,7404.5,56617
1779131100,7404.5,7411,7395.5,7403,26197
1779131400,7403,7407.25,7399,7400.75,12550
1779131700,7400.75,7405.25,7395.5,7397.25,11465
1779132000,7397.5,7402.25,7391.75,7392,11040
1779132300,7392,7396,7386.25,7395.25,9209
1779132600,7395.25,7403.5,7392.75,7401,8987
1779132900,7401,7410.75,7400.5,7410.25,8888
1779133200,7410.25,7419,7410,7418.5,11965
1779133500,7418.25,7425.25,7415.75,7423.5,11549
1779133800,7423.75,7428,7419,7425,14999
1779134100,7425.25,7428,7418.5,7426.5,17706
1779134400,7426.25,7428.5,7420,7420.25,6597
1779134700,7420,7421.75,7417,7420.5,2908
1779135000,7420.5,7423.5,7419.75,7421.75,1695
1779135300,7421.75,7423.5,7420,7420.25,1367
1779135600,7420,7423,7419,7422.75,843
1779135900,7423,7423,7420.75,7421.75,644
1779136200,7421.75,7424.25,7419.5,7420.25,1512
1779136500,7420.25,7421.75,7420,7421,585
1779136800,7421,7424.75,7420,7424.25,1483
1779137100,7424,7425.25,7422.75,7423.75,1128
1779137400,7423.75,7424,7421.25,7421.5,934
1779137700,7421.5,7424,7419.75,7420.5,1294
1779141600,7423,7429,7421.25,7427.25,2547
1779141900,7427,7432,7427,7428.5,2477
1779142200,7428.5,7429.75,7426.5,7428.25,1117
1779142500,7427.75,7431.25,7427.5,7431,944
1779142800,7430.5,7437.5,7430.5,7435.75,2639
1779143100,7436,7437,7433,7435.5,1560
1779143400,7435.5,7437.5,7434.5,7434.75,1526
1779143700,7434.75,7438.25,7434.5,7437.5,867
1779144000,7437.5,7438.25,7434.5,7435,1137
1779144300,7434.75,7435,7432.25,7433.25,1203
1779144600,7433.5,7434.25,7431,7433,1261
1779144900,7433.25,7434.5,7432.75,7434.25,555
1779145200,7434.5,7438.75,7434,7438.5,2617
1779145500,7438,7439,7435,7439,1622
1779145800,7439,7439,7435.25,7435.5,820
1779146100,7435.25,7436,7432.75,7434,1147
1779146400,7434.25,7436,7433.25,7435,597
1779146700,7434.75,7436.5,7434,7435,529
1779147000,7435,7435.5,7432.75,7434,827
1779147300,7434.25,7434.75,7432.25,7433.75,613
1779147600,7433.75,7435.25,7433.5,7434.5,495
1779147900,7434.25,7434.5,7431.5,7432.25,1142
1779148200,7432,7432.75,7426.75,7427.25,1900
1779148500,7427.5,7429.75,7426.5,7429.25,1450
1779148800,7429.25,7432,7423.5,7424.5,4022
1779149100,7424.5,7431.75,7423,7430.5,3403
1779149400,7430.75,7434.25,7429.5,7429.5,2485
1779149700,7429.75,7432,7425,7431.75,2582
1779150000,7431.5,7440.75,7429.75,7431.25,4491
1779150300,7431.25,7436,7430.75,7436,1684
1779150600,7436,7438,7434.75,7436.25,1507
1779150900,7436.25,7436.5,7428.75,7428.75,1967
1779151200,7429,7431,7427,7430.5,1829
1779151500,7430.5,7432.5,7429,7432.5,1013
1779151800,7432.5,7433,7423,7425.25,2211
1779152100,7424.75,7427.25,7423.5,7424,1303
1779152400,7424,7424,7418.5,7421.5,3174
1779152700,7421.5,7425.25,7420.25,7424.5,1686
1779153000,7424.5,7426.75,7421.25,7422.25,1416
1779153300,7422.75,7423.5,7417.75,7418.75,1826
1779153600,7418.5,7418.5,7411.25,7413.5,3359
1779153900,7413.25,7416.75,7412,7416.5,1440
1779154200,7416.75,7417.5,7412.75,7416.75,1667
1779154500,7416.75,7423.5,7415.75,7422,2521
1779154800,7422.25,7425.75,7420.25,7424,1641
1779155100,7424.25,7425.75,7421,7422.25,1410
1779155400,7422,7424,7421,7422.25,939
1779155700,7422,7422,7416.25,7416.75,1419
1779156000,7416.5,7416.75,7409.75,7411.5,3141
1779156300,7411.75,7413.75,7403.5,7404,3621
1779156600,7403.75,7409.25,7402.75,7408.5,2560
1779156900,7408.5,7409,7404.25,7408.25,2028
1779157200,7408.25,7411.5,7408.25,7411,1329
1779157500,7411,7414.25,7410.75,7411.5,1571
1779157800,7411.25,7414.5,7409.5,7412,1479
1779158100,7411.75,7413.75,7410.5,7411,861
1779158400,7410.75,7414.5,7410,7414.5,751
1779158700,7414.5,7416.5,7412.25,7413.75,1272
1779159000,7413.25,7414.75,7410,7412.75,1087
1779159300,7413,7413.5,7409.75,7410.75,1123
1779159600,7410.75,7411,7406,7408.75,1519
1779159900,7408.75,7412.75,7408,7412.75,973
1779160200,7412.5,7415.75,7412.25,7414,989
1779160500,7414.5,7417.25,7412.75,7415.75,819
1779160800,7416.25,7416.5,7413.5,7416,468
1779161100,7416,7418.75,7415.75,7418,911
1779161400,7418,7422.5,7418,7419.5,1509
1779161700,7419.5,7421.25,7418.25,7419.5,685
1779162000,7419.5,7420.5,7417,7417.75,848
1779162300,7417.5,7417.75,7413.5,7415.25,1636
1779162600,7415.25,7416,7412.5,7414.25,852
1779162900,7414,7414,7411.5,7412.75,698
1779163200,7412.75,7412.75,7403,7405,2529
1779163500,7404.75,7407.25,7403.5,7406.25,1461
1779163800,7406.5,7408.75,7405.25,7406.5,1099
1779164100,7406.75,7407,7401,7402.25,1832
1779164400,7402.5,7405.25,7400.75,7403,1492
1779164700,7402.75,7402.75,7397,7401,2017
1779165000,7401,7404.5,7400.25,7403.75,1080
1779165300,7403.75,7408.75,7402.5,7404.5,1749
1779165600,7404.5,7407.25,7403.5,7404,969
1779165900,7404,7407,7401.5,7401.5,993
1779166200,7401.75,7406,7400,7404.5,1355
1779166500,7404.75,7407,7403.5,7404.75,575
1779166800,7405,7407.25,7401.75,7402.75,1249
1779167100,7403,7406.25,7400.25,7405.25,1192
1779167400,7405.5,7406.5,7403.5,7404.25,676
1779167700,7404.25,7404.75,7400.75,7402,576
1779168000,7402,7403,7391.5,7395.25,3134
1779168300,7395,7405.5,7394.75,7403.75,2261
1779168600,7404,7404,7398.25,7399.5,1491
1779168900,7399.25,7405.5,7397.75,7403.75,1214
1779169200,7403.75,7406.5,7399.25,7399.75,1059
1779169500,7399.75,7403.5,7399.5,7402.25,1091
1779169800,7402,7403.75,7400.5,7402,761
1779170100,7402,7402.5,7398.75,7402,768
1779170400,7402,7402.5,7396.5,7400.5,2027
1779170700,7400.5,7402,7398,7400.5,1563
1779171000,7400.75,7407.25,7399,7407.25,2178
1779171300,7407,7409.5,7403.5,7409.5,1824
1779171600,7409.5,7411,7408.5,7409.5,1252
1779171900,7409.25,7412.25,7407.5,7409.75,1687
1779172200,7409.5,7411.25,7407.75,7408.75,1247
1779172500,7408.75,7414.25,7407.25,7413.25,1362
1779172800,7413.5,7416.75,7412,7415.75,1547
1779173100,7415.75,7415.75,7411,7412.5,1418
1779173400,7412.5,7414.75,7412,7412.5,685
1779173700,7412.5,7414,7412,7413.75,805
1779174000,7413.75,7413.75,7410.75,7412,1284
1779174300,7411.75,7426,7411.75,7424.5,3230
1779174600,7424,7426,7417.75,7420.75,1804
1779174900,7420.75,7421.25,7417.5,7420.25,978
1779175200,7420.25,7421.75,7418.75,7420.5,990
1779175500,7420.25,7421.25,7418.75,7420.25,996
1779175800,7420,7420.5,7417,7417.25,1059
1779176100,7417,7423,7416.25,7422.75,1388
1779176400,7422.75,7427.5,7422,7424.5,1599
1779176700,7424.5,7433,7423.75,7429,2744
1779177000,7428.75,7431.25,7427.5,7430,1316
1779177300,7429.75,7431.5,7429,7429.75,1222
1779177600,7429.5,7431.25,7425.75,7426.25,2080
1779177900,7426,7426.5,7420,7422,1670
1779178200,7421.5,7422,7414.25,7418.25,2701
1779178500,7418.25,7420.5,7416.5,7418.5,1436
1779178800,7418.5,7419.75,7411.75,7412,1624
1779179100,7412,7412.25,7406.75,7410.25,3286
1779179400,7410.5,7413.25,7409.5,7411.5,1148
1779179700,7411.5,7414,7409.25,7413.25,1334
1779180000,7413.5,7415.5,7412.75,7414,764
1779180300,7414.25,7417,7414,7416.25,760
1779180600,7416.25,7417.75,7413.25,7413.75,1086
1779180900,7413.5,7416,7412.5,7412.75,784
1779181200,7413,7413,7408,7410.5,1607
1779181500,7410.25,7410.75,7408,7409.75,804
1779181800,7410,7410.75,7406.25,7407.25,866
1779182100,7406.75,7407.25,7398.75,7401,2558
1779182400,7401.25,7404.25,7400.25,7402.5,1333
1779182700,7402.25,7403,7394.25,7396.25,2599
1779183000,7396.25,7398.75,7387.25,7388.75,4330
1779183300,7388.75,7392.5,7388.25,7390,1639
1779183600,7390,7390,7384,7384.75,2608
1779183900,7384.75,7390.25,7384,7389.25,1658
1779184200,7389.5,7393.5,7389.25,7393.25,1668
1779184500,7393.25,7400.5,7392.5,7398,2326
1779184800,7398,7400,7395.25,7396.25,2070
1779185100,7396.5,7398.25,7395.5,7395.75,996
1779185400,7396,7398,7392.75,7397.5,1632
1779185700,7397.5,7397.75,7395.25,7396.75,713
1779186000,7397,7398.25,7394,7397.75,925
1779186300,7397.75,7398.5,7394.75,7396,1188
1779186600,7396.25,7401.5,7394.25,7399.75,2112
1779186900,7399.5,7400,7388,7393.25,6504
1779187200,7393.5,7393.75,7384.75,7387.25,3149
1779187500,7387.25,7396.5,7384.25,7392.75,5096
1779187800,7392.75,7398.25,7392,7394.5,2791
1779188100,7394.5,7401.25,7394.5,7399.75,4391
1779188400,7399.75,7405.25,7399,7403,2702
1779188700,7403.25,7404,7399.5,7404,1330
1779189000,7403.75,7403.75,7398.25,7399,3365
1779189300,7399,7401.5,7396,7401,2160
1779189600,7401,7401,7396,7397,1621
1779189900,7397.5,7398.25,7394.75,7398,1689
1779190200,7398.25,7403.25,7397.75,7401.5,2143
1779190500,7401.5,7402.25,7398.75,7399,1284
1779190800,7399.25,7400.25,7395,7396,1673
1779191100,7395.75,7396.5,7393,7395.5,2087
1779191400,7395.5,7397.5,7393.75,7394.5,1865
1779191700,7394.75,7394.75,7388.75,7388.75,2898
1779192000,7389,7394.5,7385.75,7392,4717
1779192300,7392.25,7393.75,7390,7392.5,2379
1779192600,7392.75,7397.25,7392.5,7395.75,1902
1779192900,7395.75,7396.25,7390,7393.25,2926
1779193200,7393.25,7396,7391.5,7395.75,2225
1779193500,7395.75,7396.25,7390.75,7394.75,2158
1779193800,7394.5,7398.5,7393.25,7397.75,2308
1779194100,7397.75,7403,7397.25,7400.5,3060
1779194400,7400.75,7404.75,7399.25,7400.75,3064
1779194700,7400.75,7403.75,7399,7403.5,2703
1779195000,7403.75,7404.75,7402,7402.75,1275
1779195300,7403.25,7404.25,7400.5,7401.25,1570
1779195600,7401,7403.25,7399,7399.25,2868
1779195900,7399,7399.25,7386.25,7390.25,11698
1779196200,7390.25,7394.5,7387.5,7394.5,6415
1779196500,7394.75,7395,7386.25,7386.5,5844
1779196800,7386.5,7388.25,7380.25,7383.5,14419
1779197100,7383,7386.75,7380.5,7386.75,10754
1779197400,7386.75,7392.25,7380.5,7384.5,37298
1779197700,7384.25,7396,7377.5,7393,37001
1779198000,7393,7394,7373.25,7375,40103
1779198300,7375,7392.75,7369.75,7385,46551
1779198600,7384.75,7399,7380.75,7397,31953
1779198900,7397.25,7402,7391,7392.5,28957
1779199200,7392.5,7393,7378.5,7388.75,37843
1779199500,7388.75,7390.25,7367.25,7372.25,39626
1779199800,7372.5,7378,7366.75,7368.25,32477
1779200100,7368,7370.5,7362.25,7364.25,26359
1779200400,7364.5,7367,7356.25,7366.25,30489
1779200700,7366,7370.25,7360.25,7363.25,24293
1779201000,7363.25,7371.75,7359,7361.75,25648
1779201300,7361.75,7371,7361.5,7369,18626
1779201600,7369,7373.75,7363.5,7366.5,22948
1779201900,7366.5,7368.5,7353.75,7358.25,24425
1779202200,7358.25,7362.25,7354.75,7358,16347
1779202500,7357.75,7371,7356.75,7370.75,16636
1779202800,7370.5,7375,7366.75,7373,17084
1779203100,7373,7374,7365.5,7371.5,16566
1779203400,7371.75,7376.25,7371.75,7374.5,13311
1779203700,7374.75,7378.75,7368.75,7369,16363
1779204000,7369,7371.25,7358.75,7359.25,18169
1779204300,7359.25,7365.5,7355.5,7361.25,16724
1779204600,7361.25,7372,7359,7365.25,18060
1779204900,7365.25,7374.75,7362.75,7373.25,14127
1779205200,7373,7378.5,7370.5,7374.5,13743
1779205500,7374.5,7378,7370.5,7378,10050
1779205800,7377.75,7378.5,7370,7372.5,10737
1779206100,7372.5,7372.5,7364.25,7369,12310
1779206400,7369,7379.25,7368,7375.75,12745
1779206700,7375.75,7376,7365,7365,11881
1779207000,7365.25,7367.75,7361.75,7367,11964
1779207300,7367,7376.5,7366.5,7376,12221
1779207600,7375.75,7380,7372.5,7379.75,10858
1779207900,7379.75,7386.5,7379.75,7384,16147
1779208200,7384,7390.5,7382.25,7387.25,14654
1779208500,7387.25,7390,7383.5,7389.25,10180
1779208800,7389.25,7393.5,7389.25,7393.25,9193
1779209100,7393.25,7395.5,7391.25,7394,8006
1779209400,7394,7400.25,7392.25,7399,10896
1779209700,7399.25,7402,7398,7400.25,10243
1779210000,7400.25,7406.25,7398.25,7405.25,11723
1779210300,7405.25,7406.25,7402.5,7405.25,7886
1779210600,7405.25,7409.25,7404.5,7407.5,8356
1779210900,7407.75,7412.75,7407.5,7412,9086
1779211200,7411.75,7415.25,7409.5,7414.25,9922
1779211500,7414.25,7415,7406.5,7409,13914
1779211800,7408.75,7414.75,7406.5,7406.5,10374
1779212100,7406.75,7411.5,7406,7411.25,8210
1779212400,7411.5,7413.5,7408.75,7410,9545
1779212700,7410.25,7410.5,7402,7406.25,12943
1779213000,7406.5,7406.75,7399,7403.75,10055
1779213300,7403.75,7407,7401.75,7406.75,8947
1779213600,7406.75,7409.25,7404.75,7408,8948
1779213900,7408,7410.5,7405.25,7410,6911
1779214200,7410,7411.75,7408.25,7408.5,5976
1779214500,7408.5,7410,7404.5,7406.75,7584
1779214800,7406.75,7407.25,7397.25,7401.5,13777
1779215100,7401.5,7406.25,7396.75,7397.5,12866
1779215400,7397.5,7401.5,7394.25,7399.25,12659
1779215700,7399.5,7402.25,7395,7395.5,7597
1779216000,7395.5,7398.25,7393.75,7397.25,7161
1779216300,7397,7397.5,7392,7395.75,7094
1779216600,7395.5,7395.75,7387.5,7387.5,8944
1779216900,7387.5,7387.5,7380.5,7383,17479
1779217200,7382.75,7388,7382.25,7384.5,10696
1779217500,7384.5,7393.25,7383.25,7391.25,11656
1779217800,7391.25,7399.5,7390.75,7399,10224
1779218100,7399.25,7400.5,7392,7392,9278
1779218400,7392,7393.5,7380.5,7380.75,12867
1779218700,7380.75,7387.5,7377.25,7386.5,14514
1779219000,7386.5,7389.25,7381.5,7382,10538
1779219300,7382,7383.75,7378.25,7380.5,7943
1779219600,7380.5,7381,7376.25,7377.5,8478
1779219900,7377.5,7379.75,7375,7377,10070
1779220200,7377.25,7377.75,7366.75,7368,20012
1779220500,7368,7379.25,7365,7377.5,31972
1779220800,7377.75,7378.25,7369.5,7370.75,8732
1779221100,7370.5,7376.75,7369.5,7375.25,2472
1779221400,7375.5,7377.5,7373.25,7374.75,2013
1779221700,7374.75,7376,7372.5,7373.75,1608
1779222000,7373.75,7374.25,7372,7373.75,1099
1779222300,7374,7376,7372.25,7373,1283
1779222600,7373.5,7373.5,7371.5,7372.5,810
1779222900,7372.25,7373.5,7371,7371.5,774
1779223200,7371.25,7373.25,7371.25,7372.5,844
1779223500,7372.75,7373.5,7370.75,7372.25,1311
1779223800,7372,7373.75,7371,7372,692
1779224100,7372,7373,7370.75,7372.5,865
1779228000,7377.75,7377.75,7373.25,7375.5,1724
1779228300,7375,7380.25,7374.75,7379.75,1221
1779228600,7380,7380,7374.75,7375.75,926
1779228900,7375.75,7376.25,7372.5,7373,1138
1779229200,7373,7376,7371.5,7372.75,1029
1779229500,7372.5,7372.75,7367.75,7369.25,2009
1779229800,7369.5,7374.75,7368.75,7373.5,1609
1779230100,7373.25,7374.5,7371,7371.25,1339
1779230400,7371.25,7372,7367.75,7370.5,1216
1779230700,7370.5,7372.75,7368.5,7372.25,949
1779231000,7372.25,7373.75,7370.75,7373,752
1779231300,7373,7376,7373,7375,1358
1779231600,7375,7376.5,7373.75,7376,788
1779231900,7376,7377.75,7374.75,7377.5,682
1779232200,7377.5,7381.5,7377.25,7380.75,1781
1779232500,7380.5,7384.75,7379.5,7383.5,1898
1779232800,7383.5,7385,7382,7382.25,1511
1779233100,7382,7383.75,7381.75,7383.75,744
1779233400,7383.75,7394,7383.75,7392.25,4037
1779233700,7392.5,7393,7386.25,7387.25,2502
1779234000,7387.25,7389.5,7386.25,7387.75,924
1779234300,7388,7388.5,7384.75,7385.5,1564
1779234600,7385.25,7386.5,7382.5,7384.5,1578
1779234900,7384.25,7385,7381.25,7382,975
1779235200,7381.5,7381.5,7374.75,7375.5,4062
1779235500,7375.5,7376.75,7367,7371.25,4832
1779235800,7371,7372.25,7359.5,7362.75,6079
1779236100,7362.75,7363.5,7356,7360,5877
1779236400,7360,7363.75,7358,7363.25,3177
1779236700,7363.25,7371,7362.5,7370.75,4510
1779237000,7371,7379.75,7370.5,7375.75,5755
1779237300,7375.75,7379,7371.5,7372.5,3343
1779237600,7372.25,7376.5,7368.75,7374,3706
1779237900,7374,7379.25,7372.75,7376.25,3089
1779238200,7376.25,7381.25,7373.5,7379.5,2598
1779238500,7379.5,7380.25,7374.25,7375.5,2183
1779238800,7375.5,7376.75,7370.5,7374.75,2833
1779239100,7374.75,7376.25,7367.25,7375.75,3295
1779239400,7375.75,7380.5,7375.25,7379.25,3126
1779239700,7379.25,7380.25,7375.75,7379.25,1674
1779240000,7379.25,7382,7374.25,7374.75,2366
1779240300,7374.5,7375.75,7367.25,7368.75,2823
1779240600,7368.75,7371,7363.5,7364.5,3586
1779240900,7364.25,7368,7359.5,7367.5,4159
1779241200,7367.5,7367.75,7361.75,7367.5,2007
1779241500,7367.25,7375,7366.5,7374.25,2739
1779241800,7374.25,7386,7374,7381.75,7781
1779242100,7381.5,7384,7380,7381.75,2084
1779242400,7381.75,7383.75,7380,7380.75,1570
1779242700,7380.75,7382.75,7379.25,7379.25,1818
1779243000,7379.5,7383.5,7378.5,7382.75,1757
1779243300,7382.75,7384.25,7380,7381.75,1331
1779243600,7382,7387,7380.5,7384.25,1993
1779243900,7384.5,7385.25,7376.75,7376.75,1863
1779244200,7376.5,7376.75,7364,7369.75,5393
1779244500,7369.75,7370.5,7364.5,7366.5,2591
1779244800,7366.25,7369,7363.75,7363.75,1723
1779245100,7364,7368,7362,7363.5,2239
1779245400,7363.5,7366,7361,7364.75,1761
1779245700,7365,7367.75,7363.5,7364.75,1228
1779246000,7364.75,7365,7358.75,7360.25,2850
1779246300,7360,7361.5,7358.5,7360.75,1498
1779246600,7360.75,7360.75,7356.5,7356.75,1891
1779246900,7356.75,7362.5,7356,7362.5,2087
1779247200,7362.25,7363.5,7358,7358.5,1617
1779247500,7358.5,7365.25,7358.25,7363.75,1846
1779247800,7363.75,7365,7359.75,7364.5,1590
1779248100,7364.5,7368.5,7363,7368.25,2005
1779248400,7368.25,7368.75,7365,7366,1122
1779248700,7366.25,7367,7363,7364.75,1130
1779249000,7364.75,7365.75,7363.5,7364,642
1779249300,7364.25,7367.25,7364,7365.75,859
1779249600,7365.75,7372.75,7365.75,7370,2051
1779249900,7370.25,7371.5,7369.25,7371.25,799
1779250200,7371.25,7373.25,7367,7372.75,1391
1779250500,7373,7374.75,7369,7369.75,1125
1779250800,7369.5,7372.25,7368.5,7370.75,613
1779251100,7370.5,7371.5,7368.5,7371.5,719
1779251400,7371.25,7372,7366.5,7367.25,940
1779251700,7367.25,7367.75,7364.25,7365.75,1244
1779252000,7365.5,7367.25,7364.25,7364.75,874
1779252300,7364.5,7366.25,7364.5,7365.75,354
1779252600,7365.5,7367.25,7363,7363.25,909
1779252900,7363.5,7365,7362.25,7364,739
1779253200,7364,7374.25,7364,7371,2327
1779253500,7371,7373,7370,7370.25,667
1779253800,7370.25,7372,7368.5,7369.75,779
1779254100,7369.5,7369.75,7365.5,7369.25,1107
1779254400,7369.5,7374.5,7369.5,7374.25,1271
1779254700,7374.25,7374.5,7368.75,7370.25,1001
1779255000,7370.75,7378.5,7370.75,7376.5,2753
1779255300,7376.5,7380.75,7375.75,7380.25,1780
1779255600,7380.75,7381,7373.25,7373.75,1457
1779255900,7373.75,7374,7369.75,7371,1037
1779256200,7371.25,7376.75,7369.25,7376,1206
1779256500,7376,7377.5,7375.5,7376.75,533
1779256800,7376.5,7380.75,7375.5,7379.25,1810
1779257100,7379.25,7380.25,7376.5,7378.25,1336
1779257400,7378.25,7379.75,7377.25,7379.75,1059
1779257700,7379.75,7389.25,7379.75,7387.75,3302
1779258000,7387.75,7389.25,7385.5,7386.75,2557
1779258300,7386.75,7388.5,7385.5,7387.75,1617
1779258600,7387.75,7388.5,7384.5,7385.25,1531
1779258900,7385,7387.25,7383.5,7384.5,1375
1779259200,7384.5,7384.5,7382,7383,742
1779259500,7383,7384.5,7382.75,7384.25,560
1779259800,7384,7389.5,7383.75,7388,1620
1779260100,7388,7389.5,7386.5,7389.5,1093
1779260400,7389.25,7390.5,7386.75,7387.5,2277
1779260700,7387.5,7390,7386.25,7389.75,863
1779261000,7389.75,7390,7387.25,7387.25,1098
1779261300,7387.5,7388.75,7387,7388.75,622
1779261600,7388.75,7392.25,7388.25,7391.75,1619
1779261900,7392,7392.75,7389.5,7391.25,1121
1779262200,7391.5,7391.75,7388.25,7389.75,852
1779262500,7389.5,7389.5,7385,7388.25,1328
1779262800,7388,7391.5,7387.25,7389.75,1251
1779263100,7389.75,7390.5,7387.5,7388,708
1779263400,7387.75,7388.25,7384.5,7387.75,1108
1779263700,7387.75,7389,7385,7385.25,1399
1779264000,7385.25,7391.5,7384.75,7391,2233
1779264300,7391.25,7393.75,7388.25,7389,3555
1779264600,7389.25,7392,7386.5,7391.5,1809
1779264900,7391.5,7393,7389.25,7392.5,955
1779265200,7392.25,7393.25,7388,7392.75,1147
1779265500,7392.75,7396.5,7391.75,7396.5,2465
1779265800,7396.5,7399,7395,7397.25,2639
1779266100,7397.25,7401.75,7395.5,7400.25,2148
1779266400,7400.5,7401,7398.25,7400.5,1191
1779266700,7400.5,7403.75,7400,7402,1656
1779267000,7401.75,7402.75,7400.25,7400.75,990
1779267300,7401,7401,7397.25,7397.75,1143
1779267600,7397.5,7399,7397,7398,1248
1779267900,7398,7398.25,7395.5,7395.75,837
1779268200,7396,7398.5,7393,7393,1694
1779268500,7393,7396.25,7392.25,7396,951
1779268800,7396.5,7397,7393,7394,704
1779269100,7394.25,7397,7393.5,7397,848
1779269400,7397,7398.75,7396.75,7398,957
1779269700,7398.25,7398.25,7396.25,7397.5,422
1779270000,7397.75,7398.5,7397,7397.75,508
1779270300,7397.75,7399.5,7396.5,7399.25,977
1779270600,7399.25,7405.75,7397.5,7402.75,2918
1779270900,7402.75,7404,7400.75,7402,1106
1779271200,7402,7407.5,7401.5,7404.75,1797
1779271500,7404.5,7408,7404.5,7405.5,1219
1779271800,7405.25,7406.25,7404.25,7406,781
1779272100,7406,7406.5,7403.25,7403.75,850
1779272400,7404,7407.5,7403.25,7406,1206
1779272700,7406,7406.5,7404,7405.25,774
1779273000,7405.25,7409.25,7404.75,7408.75,1474
1779273300,7408.75,7412.25,7406.75,7406.75,3233
1779273600,7406.75,7407.5,7404.5,7405.25,1309
1779273900,7405,7407,7403.5,7404,1369
1779274200,7404,7404.75,7402,7403,1242
1779274500,7403,7403,7399.25,7400.75,1945
1779274800,7400.25,7402.75,7399,7401.25,1828
1779275100,7401.5,7404.25,7401.25,7401.5,1295
1779275400,7401.5,7403.75,7399,7399.5,1350
1779275700,7399.5,7402.25,7399.5,7401,865
1779276000,7401.25,7404.75,7401,7404.5,1277
1779276300,7404.25,7405,7402.5,7405,1049
1779276600,7405,7408,7404.75,7406,1980
1779276900,7406.25,7407.25,7402.75,7403.75,1186
1779277200,7403.75,7405.5,7398.25,7401.5,3783
1779277500,7401.5,7403.5,7396.75,7398.5,2662
1779277800,7398.5,7399.75,7395.5,7399.5,2536
1779278100,7399.5,7401.25,7398.5,7399,1149
1779278400,7398.75,7404,7397.5,7404,1818
1779278700,7404,7406.5,7403.25,7403.75,1746
1779279000,7404,7406.25,7402.5,7405.75,1269
1779279300,7405.75,7407,7404,7405.25,1226
1779279600,7405,7408.25,7402.25,7408.25,2140
1779279900,7408.5,7414.5,7408,7412.25,6904
1779280200,7412.75,7416.25,7409.25,7415.75,4006
1779280500,7416,7416.25,7409.5,7410,2774
1779280800,7410.25,7410.75,7407.75,7408,1912
1779281100,7407.75,7410,7407.5,7408.25,1411
1779281400,7408.25,7409,7404.75,7408.5,3686
1779281700,7408.5,7409,7402.5,7402.75,2271
1779282000,7402.5,7404,7401,7401.75,3441
1779282300,7402,7403.5,7401,7402.25,2202
1779282600,7402.25,7403,7400.25,7401.75,2093
1779282900,7401.5,7401.75,7398.5,7399.25,3126
1779283200,7399,7403.5,7398.75,7402.75,3160
1779283500,7402.5,7403,7393.5,7394.75,9756
1779283800,7394.75,7398.75,7388.75,7394.25,27827
1779284100,7394.25,7394.5,7380.75,7387,28343
1779284400,7387,7400.75,7384.5,7398,24682
1779284700,7398,7410.75,7397,7398.5,30143
1779285000,7398.5,7405,7391.5,7398.25,28612
1779285300,7398.25,7401.25,7394.75,7399.5,13353
1779285600,7399.75,7400.75,7388.75,7389.75,20152
1779285900,7389.75,7391.5,7384,7385.75,17701
1779286200,7385.5,7397.75,7376.75,7391.5,40956
1779286500,7391.25,7424,7390.25,7411.5,59075
1779286800,7411.5,7420.25,7405.5,7407.5,36162
1779287100,7407.5,7418,7403.25,7417.75,21750
1779287400,7417.5,7428.5,7417.5,7420.5,29720
1779287700,7420.5,7423,7412.5,7418,22884
1779288000,7417.75,7421.5,7414.75,7421.5,13232
1779288300,7421.5,7423.5,7414.5,7418.75,16082
1779288600,7419,7427,7417.25,7426,12595
1779288900,7425.75,7433.5,7424.25,7430.75,20431
1779289200,7430.75,7434,7426.5,7427,13743
1779289500,7426.75,7429,7424.25,7427.5,10795
1779289800,7427.5,7428.25,7425.25,7426.75,5908
1779290100,7426.5,7458,7426.5,7442.5,73236
1779290400,7442.5,7446.25,7438.5,7440.5,18284
1779290700,7440.5,7441.5,7430.25,7431.75,20172
1779291000,7431.75,7438.25,7430.75,7438.25,12121
1779291300,7438.25,7440.5,7437,7437.75,10036
1779291600,7438,7443.25,7435.5,7442.25,11265
1779291900,7442.25,7446.5,7440.75,7446.5,8007
1779292200,7446.5,7448.25,7443.5,7446.25,8391
1779292500,7446.25,7446.5,7437.75,7441.25,17217
1779292800,7441.5,7442.75,7437.5,7441.25,9162
1779293100,7441.5,7444.25,7438.75,7440.5,6911
1779293400,7440.5,7441.75,7437,7439.5,6804
1779293700,7439.5,7440.25,7434,7435.75,8752
1779294000,7435.75,7436.25,7427.5,7430.75,19792
1779294300,7430.5,7430.5,7423.75,7428.25,16229
1779294600,7428.25,7432.75,7424.5,7425.5,14618
1779294900,7425.75,7429.75,7423.5,7427.25,9657
1779295200,7427,7438,7426.25,7438,14439
1779295500,7438,7439.25,7426.75,7430,14128
1779295800,7430,7433.75,7430,7433.25,6540
1779296100,7433.5,7434.75,7425.25,7432.25,10939
1779296400,7433,7436.25,7428.5,7429.75,8022
1779296700,7429.5,7431,7427.25,7428.75,4733
1779297000,7429,7439.75,7426.25,7435.25,14750
1779297300,7435,7438.25,7433.75,7436,6547
1779297600,7436,7438.5,7433.75,7435.25,4738
1779297900,7435.25,7442.5,7434.5,7440.5,10379
1779298200,7440.5,7443.25,7436.75,7438.75,8222
1779298500,7438.75,7446.25,7437.75,7443,10667
1779298800,7442.75,7443.5,7440,7441.25,4303
1779299100,7441.5,7442.5,7437.75,7440.25,4926
1779299400,7440.25,7441,7435,7435,6076
1779299700,7435,7438.5,7434.75,7437.75,3540
1779300000,7437.5,7441.5,7431.25,7439.75,6743
1779300300,7439.5,7443.5,7438,7439,4864
1779300600,7439.25,7440.5,7437,7439.25,4169
1779300900,7439.25,7441.75,7438.5,7439.5,3416
1779301200,7439.25,7440.75,7435.25,7436.25,4710
1779301500,7435.75,7440,7434.75,7439.5,6305
1779301800,7439.5,7443,7439.5,7442.5,4302
1779302100,7442.75,7447.25,7441.5,7446,6236
1779302400,7446.25,7446.5,7436,7436.5,9148
1779302700,7436.5,7441.25,7435.25,7439.5,7710
1779303000,7439.75,7441.5,7437.25,7439.25,4210
1779303300,7439.25,7442,7439,7440.25,3293
1779303600,7440.25,7446,7440,7440.75,6491
1779303900,7441,7443,7439.25,7440.75,4999
1779304200,7440.5,7444.25,7438.75,7444.25,3917
1779304500,7444,7446.5,7442.75,7445.75,4210
1779304800,7445.5,7448.5,7444.5,7446.25,5487
1779305100,7446.25,7447.5,7445.25,7447,4291
1779305400,7447.25,7448.5,7444.25,7447.5,6107
1779305700,7447.25,7454.5,7447.25,7452.75,11266
1779306000,7452.75,7453.25,7450.5,7451,6145
1779306300,7451,7453,7448.5,7449.75,7146
1779306600,7450,7453.75,7444.5,7448.75,14288
1779306900,7449,7453,7446.5,7451.5,19863
1779307200,7451.5,7452,7445.5,7447,8436
1779307500,7447.25,7450,7445.25,7448.5,1547
1779307800,7448.5,7450.5,7444.5,7448,2528
1779308100,7448.25,7449,7441,7447.5,2854
1779308400,7446.75,7449.5,7429.25,7443,10049
1779308700,7442.75,7453.75,7439,7452.5,6000
1779309000,7452.25,7453.75,7439.75,7440.25,5907
1779309300,7440.25,7443,7436,7438.75,3164
1779309600,7438.75,7442,7436.5,7438.75,2745
1779309900,7439,7441.5,7437,7438,1765
1779310200,7438,7438.75,7431.25,7433.25,1748
1779310500,7433,7437.75,7432.5,7433.25,1609
1779314400,7433.25,7433.25,7422.25,7422.75,4765
1779314700,7422.5,7424.25,7408.75,7411.25,6539
1779315000,7411.5,7416.75,7407.5,7415.75,4312
1779315300,7416,7418,7409.75,7411.25,3110
1779315600,7411,7413.25,7408,7411,3095
1779315900,7410.75,7416.5,7410.25,7416,3069
1779316200,7416,7418.25,7415,7416.75,2725
1779316500,7416.75,7418.25,7415,7417.75,1613
1779316800,7417.75,7418.5,7415,7417.5,1602
1779317100,7417.5,7419,7416.5,7418.25,1126
1779317400,7418.25,7418.5,7415.25,7417,1600
1779317700,7417,7419.25,7416,7419.25,1340
1779318000,7419.25,7422.75,7418.5,7421.75,2129
1779318300,7421.5,7423,7421,7421.75,1096
1779318600,7421.75,7425.75,7421.25,7422.5,1763
1779318900,7422.75,7422.75,7418.5,7421,1629
1779319200,7421.25,7421.75,7417.25,7417.75,1517
1779319500,7417.75,7418.75,7415.5,7417.5,1420
1779319800,7418,7419.5,7416.75,7417.75,1498
1779320100,7417.5,7420.25,7417.5,7419,870
1779320400,7419,7420.5,7418.75,7418.75,808
1779320700,7418.75,7422.25,7417,7421,1548
1779321000,7421.25,7421.75,7418.5,7421.75,1166
1779321300,7421.75,7422.25,7418.75,7420.75,1209
1779321600,7420.5,7421.75,7416.75,7420.25,2887
1779321900,7420.25,7420.75,7415,7420.25,3154
1779322200,7420.5,7422.25,7418.75,7420.25,1951
1779322500,7420.75,7423,7415.25,7417.75,2847
1779322800,7418,7418.5,7415.25,7417.5,1839
1779323100,7417.5,7419,7412.5,7419,2225
1779323400,7418.75,7421.25,7416.25,7421,1530
1779323700,7421,7422.5,7419.75,7420.75,1254
1779324000,7420.75,7422.75,7420,7422,1046
1779324300,7421.75,7422.5,7420,7422.5,830
1779324600,7422.5,7424.75,7422,7423.75,1396
1779324900,7424,7424.25,7421.5,7422.5,1255
1779325200,7422.75,7426,7422.75,7425.75,1892
1779325500,7425.75,7429.75,7425.75,7429.5,2090
1779325800,7429.5,7431.5,7428,7431.5,2123
1779326100,7431.75,7434.25,7429.5,7430.25,2841
1779326400,7430.5,7432.25,7430.5,7431,847
1779326700,7431.25,7431.25,7428.75,7430.75,901
1779327000,7430.75,7433.25,7428.75,7433.25,1498
1779327300,7433.25,7435,7431.75,7432.75,1694
1779327600,7433,7437.5,7432.75,7436.25,1941
1779327900,7436.25,7437.25,7434.75,7435.25,995
1779328200,7435,7436,7430.5,7431.75,1502
1779328500,7432,7436.25,7431.75,7435,1531
1779328800,7435.25,7438.5,7435,7437.75,1291
1779329100,7437.5,7438.75,7437,7438,932
1779329400,7438,7439,7436.75,7438.25,892
1779329700,7438.25,7444.75,7438,7441.75,2597
1779330000,7442,7443,7440.5,7441,1262
1779330300,7441.25,7442.75,7441,7441.5,705
1779330600,7441.75,7441.75,7438.5,7439,1168
1779330900,7439,7441,7438.5,7440.25,858
1779331200,7440.5,7441,7438.75,7439,571
1779331500,7439,7439,7436.25,7437.5,1144
1779331800,7437.25,7440.75,7437.25,7438.5,1092
1779332100,7438.5,7440,7438,7438.5,657
1779332400,7438.75,7441.75,7438,7441.5,889
1779332700,7441.25,7442,7438.5,7441.75,699
1779333000,7441.75,7442.75,7441,7441,674
1779333300,7441.25,7443,7440,7442.25,678
1779333600,7442.25,7445.25,7442.25,7444.5,1220
1779333900,7444.25,7445.25,7442.75,7444.25,806
1779334200,7444.25,7445,7443,7444.25,691
1779334500,7443.75,7445.5,7443,7444.5,628
1779334800,7444.75,7448,7444.5,7447.75,984
1779335100,7447.75,7448,7445,7445.75,1033
1779335400,7445.75,7446,7443.25,7443.5,658
1779335700,7444,7444.75,7443,7443.75,528
1779336000,7443.75,7446.75,7443.25,7446.75,760
1779336300,7446.75,7448.5,7446.25,7446.25,962
1779336600,7446.25,7448,7446,7447.75,448
1779336900,7448,7449,7447.25,7447.75,580
1779337200,7447.75,7449.5,7447,7448.5,741
1779337500,7448.75,7451.75,7448.5,7450.75,1086
1779337800,7450.75,7451.5,7448.5,7448.75,812
1779338100,7449,7449.5,7447.5,7449.25,729
1779338400,7449.25,7450.75,7449,7450.5,475
1779338700,7450.5,7451,7450,7450.25,361
1779339000,7450.5,7452,7450.25,7450.5,600
1779339300,7450.5,7454,7450.5,7453.25,1098
1779339600,7453.25,7455,7453,7454.75,892
1779339900,7454.5,7457.5,7452.75,7452.75,1747
1779340200,7452.75,7453.5,7452.25,7453.25,770
1779340500,7453.5,7455,7452.5,7454.25,598
1779340800,7454,7456,7453,7455.75,644
1779341100,7455.75,7455.75,7450.25,7450.75,1457
1779341400,7450.75,7451,7447.75,7448.5,1459
1779341700,7448.75,7450,7447.75,7449.5,826
1779342000,7449.75,7450,7446.25,7447.75,1506
1779342300,7447.75,7448.25,7433.75,7441.5,5972
1779342600,7441.25,7446.75,7440.5,7446.5,1659
1779342900,7446.5,7447.25,7445,7446,777
1779343200,7445.75,7448.25,7444.25,7448,1160
1779343500,7448,7451.25,7447.75,7448.25,1680
1779343800,7448,7449,7445,7445.75,1114
1779344100,7445.75,7446.5,7441.75,7443,1479
1779344400,7443,7451.25,7442.25,7448.25,4803
1779344700,7448.5,7449.75,7445.5,7447.5,1152
1779345000,7447.5,7449,7446,7447.75,1322
1779345300,7447.75,7448,7444.25,7444.75,973
1779345600,7444.5,7444.75,7438.5,7439,1521
1779345900,7439,7439.25,7434.5,7435.25,2392
1779346200,7435,7437.75,7432.75,7436,1887
1779346500,7435.75,7438.25,7434.25,7438,1543
1779346800,7438,7439.75,7432.75,7433.25,2468
1779347100,7433.5,7437.75,7432.75,7435.25,1248
1779347400,7435,7435.75,7428.75,7430.5,2371
1779347700,7430.25,7430.5,7426.25,7428.5,2515
1779348000,7428.5,7433.25,7428,7432.25,1646
1779348300,7432.25,7432.5,7429.75,7430.5,988
1779348600,7430.25,7434.5,7430,7432.75,1208
1779348900,7432.25,7434.25,7431.75,7433.75,643
1779349200,7433.75,7435,7432.75,7434.25,932
1779349500,7434.25,7438.25,7432.25,7438.25,1857
1779349800,7438,7440.75,7437.5,7439.75,1509
1779350100,7439.75,7441.75,7439,7440.25,926
1779350400,7440.5,7447.5,7439.5,7447.5,2254
1779350700,7447.5,7452.5,7446,7451.75,3368
1779351000,7451.5,7461.5,7449.75,7460.75,5569
1779351300,7461,7470,7454.75,7455,5944
1779351600,7455,7455.75,7452,7454.25,2318
1779351900,7454.5,7460.75,7451.25,7459.5,3753
1779352200,7459.25,7459.75,7453,7454.75,2068
1779352500,7454.75,7455.75,7451,7453,1311
1779352800,7453.25,7456.5,7452,7455,1314
1779353100,7455,7455.25,7450.75,7453.5,2491
1779353400,7453.25,7456.25,7449.75,7452.5,1873
1779353700,7452.25,7454.5,7451.75,7452.5,1287
1779354000,7452.25,7455.5,7451.5,7452.75,1358
1779354300,7452.5,7458.5,7452.25,7456.25,3066
1779354600,7456.5,7458.75,7454.5,7457.5,1732
1779354900,7457.25,7459.5,7457,7457.75,908
1779355200,7457.75,7462,7457.75,7459.25,1406
1779355500,7459.5,7463.75,7458.75,7462,1612
1779355800,7462,7463.75,7458,7460.5,2045
1779356100,7460.75,7462,7458,7458.25,1255
1779356400,7458.25,7459.75,7453.5,7454.25,1363
1779356700,7454,7456.75,7452.75,7455.75,934
1779357000,7456,7457.25,7455,7455.25,559
1779357300,7455.5,7456.25,7454.25,7454.75,583
1779357600,7454.75,7457.25,7454.5,7455.75,771
1779357900,7455.5,7456,7451,7452.5,1599
1779358200,7453.25,7457.5,7452.5,7457.25,1193
1779358500,7457.5,7459,7455.5,7456.25,1011
1779358800,7456.25,7457.5,7453,7453.75,1039
1779359100,7453.75,7454.5,7427.5,7433,18531
1779359400,7433.25,7433.75,7424,7433.5,8165
1779359700,7433.5,7434.5,7420.25,7420.5,6307
1779360000,7420.5,7426,7418,7425,6945
1779360300,7425,7426.25,7418.25,7423,4814
1779360600,7422.75,7425.25,7415,7425,5741
1779360900,7424.75,7426,7420.5,7423.5,3586
1779361200,7423.5,7428.5,7419,7424.75,4442
1779361500,7424.5,7425.25,7418.75,7424.5,2006
1779361800,7425,7429.75,7423.75,7428.25,2653
1779362100,7428.25,7433,7428,7432.75,2250
1779362400,7432.5,7437.75,7429.75,7431.75,6316
1779362700,7431.75,7434,7430.25,7433,1661
1779363000,7433.25,7435.5,7431,7432,1813
1779363300,7431.75,7432.75,7427.75,7431.25,2159
1779363600,7431,7432.5,7428.75,7428.75,1394
1779363900,7428.75,7434,7428.75,7433.25,1026
1779364200,7433,7435.75,7432,7433.5,1455
1779364500,7433,7433,7429,7430.25,1538
1779364800,7430,7432.75,7429.5,7432.5,1629
1779365100,7432.5,7432.75,7426.75,7429,1957
1779365400,7428.75,7430,7425.5,7427.5,1654
1779365700,7427.5,7430,7424.25,7429.75,2307
1779366000,7430,7430,7422,7423.5,2822
1779366300,7423.75,7426,7422.5,7425.5,1974
1779366600,7425.75,7436.5,7423,7433.75,7442
1779366900,7433.75,7434.25,7426.25,7431.5,5656
1779367200,7431.25,7432,7422.5,7425.25,4494
1779367500,7425.5,7428,7422.75,7424.25,3548
1779367800,7424.5,7426.5,7421,7424.75,3167
1779368100,7424.75,7425.75,7417.5,7419.5,5631
1779368400,7419.25,7427.75,7417.5,7427,7375
1779368700,7427,7428.25,7420.75,7422.5,6208
1779369000,7422,7422.5,7420,7422.25,3985
1779369300,7422.25,7422.75,7419.25,7422,3284
1779369600,7422,7422.75,7418.75,7420.25,4002
1779369900,7420.25,7424,7419.75,7423.75,5721
1779370200,7423.75,7424.25,7411.25,7422.5,33514
1779370500,7422.25,7423,7412.25,7414,25146
1779370800,7414,7419.5,7410,7412.75,16783
1779371100,7413.25,7420.75,7410.75,7412.5,17915
1779371400,7412.5,7434.75,7412,7433.5,50210
1779371700,7433.25,7438.75,7428,7435.5,29512
1779372000,7435.25,7443.75,7433.25,7438,26129
1779372300,7438,7441.75,7433.75,7441.5,17592
1779372600,7441.25,7442,7429.5,7431.5,25938
1779372900,7431.5,7432.75,7419.25,7419.5,34840
1779373200,7419.5,7421.75,7411.75,7416,31955
1779373500,7416.25,7423.5,7414.5,7422.5,17678
1779373800,7422.25,7430.25,7418.5,7421.75,21070
1779374100,7421.75,7428.75,7420.75,7426.5,14288
1779374400,7426.5,7428,7417,7423,17432
1779374700,7422.75,7425.5,7413.5,7419,16075
1779375000,7418.75,7423.5,7414,7423.25,13529
1779375300,7423.25,7430,7421.5,7426.75,12049
1779375600,7426.75,7428.75,7420.75,7422.5,15180
1779375900,7422.5,7423,7407.75,7414,25122
1779376200,7413.75,7431.25,7409,7427.25,37655
1779376500,7426.5,7429.25,7424,7427,15299
1779376800,7426.75,7431,7424,7426,13994
1779377100,7426,7428.25,7424,7425.25,12037
1779377400,7425.25,7427,7415,7416.75,16413
1779377700,7416.75,7427.25,7415.25,7426.75,13676
1779378000,7427,7430.75,7424.25,7428.5,10449
1779378300,7428.5,7434.75,7428.25,7434.25,10926
1779378600,7434.25,7435.5,7431.25,7432.5,8052
1779378900,7432.5,7434,7429.25,7430.25,7357
1779379200,7430,7436.5,7429.75,7434.75,11169
1779379500,7434.75,7437.25,7430.75,7436.75,7261
1779379800,7436.75,7437,7429.5,7431.75,13909
1779380100,7431.75,7432.5,7427.5,7429,9022
1779380400,7429,7430.75,7420.75,7425.5,13268
1779380700,7425.25,7426.75,7422.25,7425.25,6893
1779381000,7425.25,7428.75,7423.5,7427.5,7450
1779381300,7427.5,7429,7420.75,7424.25,8652
1779381600,7424.5,7427.25,7422.5,7426.25,5303
1779381900,7426.5,7429,7419.75,7422,8978
1779382200,7422,7424.75,7418,7423,7471
1779382500,7423,7426.5,7422.5,7426.25,6218
1779382800,7426.25,7430.75,7426.25,7427.5,7186
1779383100,7427.5,7430,7427,7427.5,4283
1779383400,7427.5,7449.25,7427.25,7442.5,53977
1779383700,7442.25,7462,7440.75,7454.75,42203
1779384000,7454.75,7468,7448,7457.25,36553
1779384300,7457.25,7460.25,7455.25,7459,12432
1779384600,7458.75,7464.5,7457,7460.25,12763
1779384900,7460.5,7466.25,7460,7465.5,8299
1779385200,7465.25,7474,7465.25,7473,15647
1779385500,7473,7476.25,7469,7475.75,9815
1779385800,7476,7484.25,7473.5,7483.5,14721
1779386100,7483.5,7486.75,7474.25,7474.5,15710
1779386400,7474.5,7478.75,7466,7467,18239
1779386700,7467,7474,7464.75,7471.75,11792
1779387000,7472,7473,7465,7466.25,10084
1779387300,7466.25,7469.75,7463,7469.25,9504
1779387600,7469.25,7473.25,7467.5,7473,6993
1779387900,7473,7474,7469.5,7470.75,5619
1779388200,7470.75,7473,7468.25,7470.5,5680
1779388500,7470.25,7471.75,7466.5,7468.25,4542
1779388800,7468.25,7474.75,7468,7472.5,5529
1779389100,7472.25,7474,7458,7461.25,16508
1779389400,7461.5,7467.25,7440.25,7440.75,31913
1779389700,7440.75,7448.25,7438,7447.75,22956
1779390000,7447.75,7456.75,7447.25,7456.25,12406
1779390300,7456.25,7462.25,7450,7461.75,13524
1779390600,7461.75,7463.25,7457.75,7462.75,6922
1779390900,7462.5,7466,7461.75,7465.5,6618
1779391200,7465.5,7466.5,7461.5,7463.75,5230
1779391500,7464,7466.5,7461.25,7464.5,6019
1779391800,7464.25,7466.25,7461,7461.5,4646
1779392100,7461.5,7466.25,7461.25,7465,3834
1779392400,7464.75,7467.75,7458.25,7461.25,8886
1779392700,7461.25,7466,7459.25,7463.75,6171
1779393000,7463.75,7467.75,7456.75,7460.25,15297
1779393300,7460.25,7469.75,7457.5,7465.25,27316
1779393600,7465.25,7469.5,7463.25,7467,5433
1779393900,7466.75,7470,7466,7468,2610
1779394200,7468.25,7468.5,7466.5,7468.5,1282
1779394500,7468.25,7468.5,7465,7465.75,1359
1779394800,7465.5,7467,7463.75,7465.75,1151
1779395100,7466,7467.25,7464.25,7465.5,608
1779395400,7465.5,7467.5,7465,7466.75,864
1779395700,7467,7468,7466.5,7467,459
1779396000,7467,7467.5,7466.5,7467.25,753
1779396300,7467.25,7469,7467,7468,829
1779396600,7468,7468.75,7467.75,7468.25,656
1779396900,7468.5,7472.5,7466.5,7467.25,1698
1779400800,7467.5,7475.75,7466.5,7474,2662
1779401100,7474.25,7476.25,7473.5,7474.75,1173
1779401400,7474.75,7476,7473.75,7475.75,1080
1779401700,7475.5,7476.75,7472.75,7474,1174
1779402000,7474,7474.25,7472.5,7472.75,462
1779402300,7472.5,7473.75,7471,7473.25,1051
1779402600,7473.75,7474.75,7471.25,7473.25,835
1779402900,7473.25,7474,7470.5,7470.75,836
1779403200,7470.75,7473.5,7470.25,7472.75,776
1779403500,7472.75,7476.25,7472.75,7475,1358
1779403800,7475,7478.5,7474.75,7478.25,1355
1779404100,7478,7479,7477.75,7478,641
1779404400,7478,7479,7477,7478.25,936
1779404700,7478.25,7478.5,7477.25,7477.25,367
1779405000,7477.5,7479.25,7477,7477.75,746
1779405300,7477.75,7478.5,7477,7477.25,385
1779405600,7477,7478.5,7476.5,7477.75,475
1779405900,7477.75,7478.75,7477.25,7477.5,343
1779406200,7477.5,7478.25,7477.25,7478.25,583
1779406500,7478.25,7478.25,7476.25,7477.25,636
1779406800,7477.25,7480,7477,7478.5,952
1779407100,7478.25,7480.25,7478.25,7479.75,776
1779407400,7479.75,7483.5,7479.25,7479.75,2353
1779407700,7479.25,7481,7478.5,7479.5,884
1779408000,7480,7481,7476.5,7478,3513
1779408300,7478,7484.25,7478,7482.25,2097
1779408600,7482.25,7484.5,7480.25,7480.75,1541
1779408900,7480.5,7484.5,7480.25,7484.25,1903
1779409200,7484,7488,7482.25,7483.5,3460
1779409500,7483.75,7485.75,7481.5,7484.5,1423
1779409800,7484.75,7488.75,7484.75,7485.5,1735
1779410100,7485.25,7487.5,7484.5,7485.5,1174
1779410400,7485.25,7486,7484,7484.5,912
1779410700,7484.5,7487,7484.25,7485.25,846
1779411000,7485.25,7486.5,7485,7486,551
1779411300,7485.75,7487,7484.5,7484.5,706
1779411600,7484.25,7484.75,7480.75,7482.25,2283
1779411900,7482,7482.25,7480.25,7481.5,1447
1779412200,7481.5,7485.5,7481,7484.5,1398
1779412500,7484.5,7485,7482.5,7483.5,950
1779412800,7483.75,7484.5,7480,7480.5,2056
1779413100,7480.5,7482,7480,7481.25,1171
1779413400,7481.25,7481.75,7478,7478.25,1588
1779413700,7478.5,7478.5,7476.25,7477.25,1919
1779414000,7477.5,7479.5,7474.25,7479.25,2524
1779414300,7479.25,7482.25,7478.75,7482,1666
1779414600,7482,7484,7482,7482.5,1538
1779414900,7482.5,7482.75,7479.25,7480.5,1452
1779415200,7480.5,7483,7479.5,7482.75,883
1779415500,7482.5,7482.75,7480,7481,869
1779415800,7480.5,7482.5,7479,7481.75,1043
1779416100,7482,7483.75,7481.5,7482.5,761
1779416400,7482.25,7483,7480.25,7480.75,551
1779416700,7480.75,7480.75,7478.5,7479.5,1365
1779417000,7479.25,7481.5,7478.75,7481,747
1779417300,7481.25,7482.25,7480.25,7481.5,601
1779417600,7481.25,7484.75,7481,7483,957
1779417900,7483,7483.5,7481.75,7483.25,492
1779418200,7483.5,7485,7481.5,7481.75,984
1779418500,7482,7484,7481.25,7483.5,623
1779418800,7483.5,7484,7482.5,7483.5,566
1779419100,7483.5,7483.5,7480,7480.25,894
1779419400,7480,7482,7480,7481.5,506
1779419700,7481.75,7482.5,7480.75,7481,817
1779420000,7481,7482,7480.5,7481,339
1779420300,7481.25,7483.5,7481,7483.25,358
1779420600,7483.25,7486,7483.25,7485.75,920
1779420900,7486,7486.75,7485.25,7486,610
1779421200,7485.75,7486.75,7485.5,7486.5,598
1779421500,7486.75,7487.25,7486.25,7486.75,676
1779421800,7487.25,7488.75,7486.75,7488.25,670
1779422100,7488.25,7488.75,7487.25,7488.75,660
1779422400,7488.75,7491.25,7488.75,7491,1296
1779422700,7491.25,7493,7490.75,7491.75,1241
1779423000,7491.5,7492.25,7490.25,7492,628
1779423300,7492,7492.25,7490.75,7491.25,638
1779423600,7491.25,7493.25,7490.75,7492,843
1779423900,7492,7493,7491.75,7492.75,303
1779424200,7492.5,7492.5,7490.25,7491,767
1779424500,7490.75,7490.75,7489,7490.75,723
1779424800,7490.5,7491.25,7489.25,7490.25,578
1779425100,7490,7491.5,7490,7491,381
1779425400,7491.25,7493.75,7491,7492.25,896
1779425700,7492.25,7493.75,7492,7493.25,400
1779426000,7493.25,7494.5,7492.5,7493.25,950
1779426300,7493,7494.5,7493,7494.25,479
1779426600,7494.5,7494.75,7492.75,7493,632
1779426900,7493.25,7494,7492.5,7493,338
1779427200,7493,7493.75,7491,7491,790
1779427500,7491,7492.75,7490.75,7492.75,794
1779427800,7492.25,7493.5,7489.5,7490.5,1183
1779428100,7490.75,7492,7489.75,7490.25,615
1779428400,7490.5,7492.5,7490.25,7491.75,691
1779428700,7491.75,7493.25,7491,7492,854
1779429000,7492,7493,7490.25,7491.25,574
1779429300,7491.25,7491.25,7484.25,7485.25,3029
1779429600,7485.25,7488.5,7483.25,7487.75,2493
1779429900,7487.5,7488.75,7484.75,7486.75,1300
1779430200,7486.75,7489.5,7486.25,7489.5,934
1779430500,7489.25,7492,7488.5,7489.5,1728
1779430800,7489.5,7490,7486.75,7487.5,1056
1779431100,7487.5,7490,7486.5,7489.75,1089
1779431400,7489.75,7490.75,7487.25,7490.5,1425
1779431700,7490.5,7494.75,7490.5,7493.75,1482
1779432000,7494,7494.5,7491.25,7492.75,1127
1779432300,7492.75,7493.25,7490.25,7492,1294
1779432600,7491.75,7492.25,7488,7488.5,731
1779432900,7488.5,7489.5,7488,7489,423
1779433200,7489,7489.25,7481.5,7485.25,2767
1779433500,7485.5,7486.25,7484,7484.25,1180
1779433800,7484.25,7485.75,7481.75,7483,1481
1779434100,7483,7487,7482.75,7486.75,1215
1779434400,7487,7489.5,7486,7489.25,1136
1779434700,7488.75,7489.75,7488,7489.25,962
1779435000,7489.25,7489.5,7482.75,7483,1728
1779435300,7483,7485.5,7481.75,7482.5,1580
1779435600,7482.75,7487,7482,7485.5,1092
1779435900,7485.75,7488,7483.75,7487.75,1103
1779436200,7487.75,7488,7486,7486.5,722
1779436500,7486.5,7489,7485.5,7488.5,789
1779436800,7488.75,7492.5,7488.75,7491,1811
1779437100,7491,7491.5,7487.5,7488.75,1565
1779437400,7488.75,7490.75,7488,7489.5,694
1779437700,7489.5,7497.75,7489.25,7495.5,3984
1779438000,7495.5,7500.5,7493.5,7494.5,3242
1779438300,7494.5,7495,7492.25,7494.25,1030
1779438600,7494.25,7494.75,7484.75,7487.75,4062
1779438900,7487.5,7491.75,7483.5,7490.25,4949
1779439200,7490.25,7490.75,7488,7489.5,1513
1779439500,7489.75,7491.5,7489.25,7490,859
1779439800,7490,7492.75,7489,7490.5,1597
1779440100,7490.5,7490.75,7484.75,7485.5,1234
1779440400,7485.25,7485.5,7481,7481,2355
1779440700,7481,7481.25,7475.75,7478.75,2947
1779441000,7478.5,7479.75,7476.5,7476.75,1619
1779441300,7476.5,7479.5,7475.5,7478.75,1357
1779441600,7479,7480.5,7478.25,7479.5,965
1779441900,7479,7479,7474.75,7476.5,1686
1779442200,7476.75,7478,7473,7477.5,2348
1779442500,7477.25,7481.75,7476.5,7481,1831
1779442800,7481.25,7482.5,7479.5,7482,1177
1779443100,7482,7483,7480.5,7482.75,755
1779443400,7482.75,7485.75,7482.25,7485,1142
1779443700,7485,7485.5,7482.25,7483.5,987
1779444000,7483.5,7483.75,7478,7478.75,1587
1779444300,7478.75,7481.5,7478.5,7480.75,963
1779444600,7481,7481.75,7478.75,7478.75,922
1779444900,7478.5,7478.5,7475.25,7475.5,1679
1779445200,7475.25,7479.75,7475.25,7479.5,1031
1779445500,7479.25,7479.75,7472,7473,1850
1779445800,7473,7474.5,7470.5,7471.25,1899
1779446100,7471.5,7473.25,7470.5,7471.5,1024
1779446400,7471.75,7473,7469.5,7472.75,1450
1779446700,7472.5,7474.5,7471.5,7474.25,1051
1779447000,7474.5,7476,7473.75,7474.75,1266
1779447300,7475,7475.75,7473.25,7475,753
1779447600,7474.75,7478.25,7474.5,7477.75,1792
1779447900,7478,7478.75,7476.75,7477,1024
1779448200,7477,7477,7473,7474.25,1269
1779448500,7474,7474.75,7472.75,7473.5,1062
1779448800,7473.5,7476.5,7472.5,7475,1095
1779449100,7475,7476.25,7474.25,7474.75,774
1779449400,7474.5,7475.25,7472.5,7473.5,973
1779449700,7473.5,7478.5,7473.25,7478.25,1370
1779450000,7478.25,7479.75,7476.25,7479.25,1310
1779450300,7479.25,7486.25,7478.5,7482.75,5631
1779450600,7482.75,7484,7481,7482,1979
1779450900,7482,7482,7479.75,7481,1305
1779451200,7480.75,7482.75,7480,7480.5,1430
1779451500,7480.25,7481.5,7478.5,7479.25,1260
1779451800,7479,7499.5,7478.25,7495.5,19824
1779452100,7495.25,7499,7486,7494.75,13475
1779452400,7494.75,7496.5,7488,7492.75,6919
1779452700,7493,7493.5,7488,7491.25,2777
1779453000,7491.25,7493.75,7490.25,7492.5,2065
1779453300,7492.5,7495.25,7491,7494.5,2330
1779453600,7494.75,7495.25,7491.75,7494.25,1574
1779453900,7494.25,7499.25,7494.25,7498.25,2733
1779454200,7498.25,7500.75,7496,7498.75,3155
1779454500,7498.75,7503.5,7498.25,7503,4056
1779454800,7503,7504,7496,7499.5,5286
1779455100,7499.5,7507,7498.25,7505.25,5695
1779455400,7505.5,7507.75,7501.5,7502.75,9393
1779455700,7502.5,7505.25,7498.25,7500.5,7835
1779456000,7500.5,7500.75,7494.75,7496.75,4611
1779456300,7496.75,7500,7495.75,7496.75,6554
1779456600,7496.75,7508.25,7491,7506.5,32088
1779456900,7506.5,7514.25,7504.75,7512.75,23013
1779457200,7512.75,7516.25,7503.75,7508.5,32429
1779457500,7508.25,7515.5,7505,7508.5,19816
1779457800,7508.25,7509,7500.5,7507,18910
1779458100,7507.25,7511.25,7501.5,7509.75,12562
1779458400,7510.25,7510.25,7492,7496.25,24376
1779458700,7496,7496,7487,7495.5,23046
1779459000,7495.5,7498,7489.25,7489.75,15724
1779459300,7489.75,7495,7488,7488.5,14016
1779459600,7488.75,7490.25,7478.75,7483.75,24336
1779459900,7484,7491.5,7483,7491,16172
1779460200,7491.25,7494.25,7488.5,7493.75,13918
1779460500,7493.75,7497.75,7493,7494.5,12595
1779460800,7495,7499.75,7493.75,7498,9738
1779461100,7498.25,7499,7491.75,7495.75,13422
1779461400,7495.75,7496.75,7493.25,7496.75,7215
1779461700,7496.5,7501.75,7495.25,7499.75,11879
1779462000,7499.5,7503.25,7498.75,7502.25,8760
1779462300,7502.5,7506,7501.25,7505,9735
1779462600,7505,7505.75,7501.5,7504.5,6206
1779462900,7504.75,7509.25,7503.25,7509,8261
1779463200,7509,7509.25,7505.25,7507.25,9184
1779463500,7507,7513.5,7505.25,7513.5,11241
1779463800,7513.75,7515.5,7509.75,7510.75,13527
1779464100,7510.75,7513.5,7509.25,7511.25,7816
1779464400,7511,7512.5,7508.75,7512.25,6171
1779464700,7512,7513,7507.75,7508.5,7100
1779465000,7508.5,7512,7508,7510.75,6305
1779465300,7510.75,7511.75,7508.75,7510.5,4754
1779465600,7511,7512.25,7506.75,7510.5,9270
1779465900,7510.5,7511.25,7507,7508,5488
1779466200,7507.75,7510.25,7506,7508.25,5894
1779466500,7508.25,7508.5,7503.5,7503.5,9816
1779466800,7503.75,7508,7502.75,7504,6666
1779467100,7504,7508.25,7503.25,7508.25,6638
1779467400,7508.25,7510.75,7504.25,7504.5,9991
1779467700,7504.75,7508,7502.75,7504.25,5948
1779468000,7504.25,7507.25,7503.5,7504.5,4984
1779468300,7504.75,7510,7504.5,7506,6196
1779468600,7506.25,7509.5,7505,7509.25,4273
1779468900,7509.25,7509.5,7505,7507.25,5148
1779469200,7507.25,7512.5,7507.25,7512.5,5919
1779469500,7512.5,7513.5,7510.75,7511.75,4586
1779469800,7511.75,7513,7510,7510.75,4889
1779470100,7510.75,7512.5,7500.5,7503,9347
1779470400,7503.25,7508.75,7501.5,7508,9935
1779470700,7508,7522.5,7507.5,7522.25,45858
1779471000,7522.25,7524,7513.25,7513.75,23446
1779471300,7514,7518.5,7512.25,7517.5,8907
1779471600,7517.5,7518.25,7514.25,7514.75,6219
1779471900,7514.75,7515.5,7511.25,7512,5662
1779472200,7511.5,7512.75,7505.25,7507.5,9835
1779472500,7507.5,7510.75,7506.75,7508,5746
1779472800,7508.25,7511.25,7502.75,7505.75,14695
1779473100,7505.5,7508.75,7505.25,7507.75,4664
1779473400,7507.75,7509.25,7504.25,7506.5,3919
1779473700,7506.5,7509,7503.75,7507.75,4797
1779474000,7507.75,7510,7506.75,7509.25,4083
1779474300,7509.5,7510.25,7506,7507.25,3648
1779474600,7507.25,7508,7504.75,7507,3369
1779474900,7506.75,7508.75,7500.75,7506,11721
1779475200,7505.75,7509,7505.5,7507.5,4849
1779475500,7507.75,7509,7503.5,7504.75,4862
1779475800,7505,7508.5,7504.25,7507.5,2832
1779476100,7507.75,7507.75,7505.25,7505.25,1953
1779476400,7505.5,7506.75,7496,7499.75,15810
1779476700,7499.75,7500.75,7495.5,7498.75,6820
1779477000,7499,7500.5,7495.75,7497.75,5237
1779477300,7498,7498.75,7494.5,7498,5610
1779477600,7497.75,7497.75,7494,7496,4998
1779477900,7496,7496.25,7489.25,7489.75,7078
1779478200,7490,7493.5,7486.75,7492.5,10303
1779478500,7492.5,7495.5,7490.75,7493,6968
1779478800,7492.75,7494,7487.5,7490.5,6308
1779479100,7490.75,7491.25,7483.75,7489,8247
1779479400,7488.75,7492,7484.5,7489,10677
1779479700,7488.75,7497,7488.5,7490.75,17083
1779480000,7491,7492,7487.25,7490.25,6474
1779480300,7490,7493,7490,7492.75,1502
1779480600,7492.75,7495,7492.25,7494.25,1387
1779480900,7494.5,7494.5,7491,7493,1371
1779481200,7492.5,7492.5,7491,7491.25,497
1779481500,7491.25,7492.25,7491,7491.5,551
1779481800,7491.75,7493.25,7484.75,7488.5,5024
1779482100,7488.25,7489.75,7487,7487.75,1057
1779482400,7488,7488.25,7485,7485.25,1392
1779482700,7485.5,7487.5,7483,7484,1609
1779483000,7484.25,7487,7484,7485.25,799
1779483300,7485.25,7486.25,7482.25,7484.25,1288
1779660000,7518.5,7532.25,7516.75,7527.75,6371
1779660300,7527.5,7530.75,7525.5,7529.5,3429
1779660600,7529.5,7531.75,7526.75,7530.75,2360
1779660900,7530.75,7532.75,7527.25,7531.5,2718
1779661200,7531.25,7532.25,7527,7528,1719
1779661500,7528,7529.75,7527.75,7528,1018
1779661800,7528.5,7532.5,7528,7529.5,1788
1779662100,7529.5,7531,7528.25,7530.5,1160
1779662400,7530.75,7534.75,7529.5,7532.75,1981
1779662700,7532.5,7536.25,7532.5,7535.5,2224
1779663000,7535.75,7537.75,7534,7534.75,1427
1779663300,7534.75,7534.75,7532.5,7533,1231
1779663600,7533,7536.75,7533,7535.5,1170
1779663900,7535.5,7538.25,7535,7537.5,1378
1779664200,7537.5,7538.5,7536.75,7538.25,885
1779664500,7538.25,7538.75,7536.25,7537,912
1779664800,7536.75,7537.75,7536,7536.25,645
1779665100,7536,7537,7534.75,7535.75,761
1779665400,7536,7541.5,7536,7539.25,3249
1779665700,7539.25,7544.25,7539.25,7542.75,2865
1779666000,7542.75,7543.25,7540.25,7540.5,1211
1779666300,7540.5,7541.5,7537.75,7537.75,2273
1779666600,7537.75,7538.25,7536.5,7537.75,1242
1779666900,7537.5,7537.5,7536.5,7537.25,621
1779667200,7537.5,7539,7535,7537.25,2093
1779667500,7537.25,7542.5,7537.25,7541.5,1995
1779667800,7541.75,7543.25,7541.25,7542,1358
1779668100,7542,7542.75,7539.5,7540.75,1544
1779668400,7541,7545.25,7539.5,7545,1932
1779668700,7545,7545.25,7541.5,7543.5,1173
1779669000,7543.5,7545.5,7542.75,7543.25,1099
1779669300,7543,7545.75,7543,7545.25,979
1779669600,7545.25,7545.75,7544,7544.25,931
1779669900,7544.25,7548,7543.5,7545.75,2124
1779670200,7545.75,7546.25,7541.75,7542.5,1582
1779670500,7542.5,7542.75,7541,7542.5,832
1779670800,7542.5,7544.5,7542.25,7543.25,1387
1779671100,7543.25,7543.5,7540.25,7542.25,1078
1779671400,7542.25,7545,7541.5,7544.5,989
1779671700,7544.75,7545.5,7543.5,7544,781
1779672000,7544,7547.5,7543.5,7546.75,1225
1779672300,7547,7547.25,7545.25,7547,662
1779672600,7547,7548.75,7546.25,7548.25,1400
1779672900,7548.25,7549.5,7547.25,7548,834
1779673200,7547.75,7548.25,7546.75,7547.75,562
1779673500,7547.75,7548,7545.5,7545.75,709
1779673800,7545.75,7547.25,7545.75,7546.75,435
1779674100,7546.75,7547.5,7545.5,7546.25,428
1779674400,7546.5,7547.5,7546,7547,402
1779674700,7547,7549.25,7546.5,7548,812
1779675000,7548,7548.75,7547.75,7548,384
1779675300,7548,7548,7545.25,7547,796
1779675600,7546.75,7547.75,7545.75,7547,443
1779675900,7546.75,7547,7545.25,7546.5,838
1779676200,7546.75,7547,7546,7546.25,531
1779676500,7546.25,7547,7546,7546.75,370
1779676800,7547,7548,7545.75,7548,483
1779677100,7548,7551.25,7547.75,7549.75,2179
1779677400,7549.75,7550.75,7549.5,7549.75,414
1779677700,7549.75,7552.5,7549.5,7552,1186
1779678000,7552,7556.75,7552,7555.5,3899
1779678300,7555.75,7558.5,7554.5,7557.5,1945
1779678600,7557.5,7558,7555.5,7555.5,1108
1779678900,7555.75,7557,7555.25,7555.75,661
1779679200,7556,7559.5,7555.25,7555.5,2066
1779679500,7555.75,7556.5,7555,7556.25,659
1779679800,7556.5,7557.5,7556,7556.75,631
1779680100,7556.75,7558.75,7556.5,7556.75,731
1779680400,7556.75,7558,7556.25,7556.5,459
1779680700,7556.75,7557.5,7556,7556.75,353
1779681000,7556.5,7557,7556,7556.75,298
1779681300,7556.75,7557.5,7555.25,7555.5,448
1779681600,7555.75,7557.5,7555.75,7557,389
1779681900,7557,7557.75,7556.75,7557.5,213
1779682200,7557.5,7558.25,7557.25,7557.75,338
1779682500,7557.75,7557.75,7557,7557.25,191
1779682800,7557.5,7558.5,7557.25,7557.75,272
1779683100,7557.5,7558.25,7557.5,7557.75,160
1779683400,7557.5,7558,7556.25,7556.75,324
1779683700,7556.75,7557.75,7556,7556.5,308
1779684000,7556.25,7558,7556.25,7558,329
1779684300,7558,7559.25,7557.5,7559.25,454
1779684600,7559.25,7561.5,7559,7560,1576
1779684900,7560,7560.25,7558.75,7559,388
1779685200,7559.25,7561.75,7559,7561.25,1130
1779685500,7561,7562,7560.5,7560.75,570
1779685800,7561,7562,7560.5,7561.5,501
1779686100,7561.25,7563.75,7561,7563.5,1056
1779686400,7563.75,7564,7561.5,7562,742
1779686700,7562,7562.75,7561.75,7562.75,332
1779687000,7562.5,7563.25,7561.75,7562.75,398
1779687300,7563,7564.5,7563,7564,622
1779687600,7564,7565,7563.5,7564.5,814
1779687900,7564.25,7564.5,7562,7563,502
1779688200,7563,7563.25,7561.25,7563,623
1779688500,7562.75,7563,7560.75,7561,508
1779688800,7560.75,7562.25,7558.75,7559.75,1033
1779689100,7559.5,7561.25,7559.25,7560.25,639
1779689400,7560,7561.75,7560,7560.75,475
1779689700,7560.75,7560.75,7558.5,7558.5,470
1779690000,7558.5,7559,7557,7559,1319
1779690300,7559,7560.5,7558.5,7560.25,458
1779690600,7560.5,7560.5,7558.25,7559.75,524
1779690900,7559.75,7560.75,7559.25,7560.25,353
1779691200,7560.25,7560.25,7558.5,7559,353
1779691500,7558.75,7560,7558.5,7559.75,235
1779691800,7559.75,7561.75,7559.25,7561.25,727
1779692100,7561.25,7562.75,7559.5,7559.75,849
1779692400,7559.75,7561,7558.75,7559.75,856
1779692700,7559.75,7561,7559.25,7560.5,620
1779693000,7560,7560.25,7557,7557.25,1059
1779693300,7557,7558.25,7548.75,7549.75,4625
1779693600,7549.75,7556.5,7548.25,7556,2484
1779693900,7556.25,7556.25,7555,7555.5,550
1779694200,7556.25,7566.25,7555.25,7561.5,4780
1779694500,7561.75,7562.75,7559,7559.5,1025
1779694800,7559.5,7562,7558.5,7560.75,826
1779695100,7560.5,7561.75,7558.75,7560,1187
1779695400,7560,7560.75,7559.25,7560.5,406
1779695700,7560.5,7561.75,7560,7561.25,292
1779696000,7561,7561.5,7555.25,7556.25,1366
1779696300,7556.25,7559,7555.5,7558.5,664
1779696600,7558.75,7559.5,7557,7557.75,546
1779696900,7557.75,7558,7555,7557,527
1779697200,7557.25,7557.75,7556.25,7557,270
1779697500,7557,7557.5,7553,7553.75,1071
1779697800,7554,7557,7553,7556.75,633
1779698100,7557,7557.75,7556.5,7557.75,365
1779698400,7557.75,7558.75,7557.5,7558.25,428
1779698700,7558.5,7559.75,7558.5,7559.75,427
1779699000,7559.5,7560.25,7558.75,7559.25,367
1779699300,7559.5,7560,7558.75,7560,331
1779699600,7560,7562,7559.75,7561.25,560
1779699900,7561.25,7562,7560.25,7560.25,350
1779700200,7560.25,7562,7559.5,7559.5,442
1779700500,7559.5,7560.5,7558.75,7560.25,292
1779700800,7560,7560.25,7558.25,7558.75,230
1779701100,7558.75,7560,7558.5,7559,193
1779701400,7559.25,7561,7558.75,7560,570
1779701700,7560,7560,7557.75,7559,348
1779702000,7559.25,7561,7559.25,7560.5,227
1779702300,7560.25,7561,7559.5,7560.75,183
1779702600,7561,7561.25,7559.5,7559.5,268
1779702900,7559.75,7560.5,7559.5,7559.5,356
1779703200,7559.5,7560,7558.25,7558.25,343
1779703500,7558.25,7560.25,7558.25,7560.25,177
1779703800,7560.25,7561.75,7559.5,7561.75,410
1779704100,7561.5,7563.5,7561.5,7563,613
1779704400,7562.75,7563,7561.25,7561.5,425
1779704700,7561.5,7561.5,7560.5,7561.5,288
1779705000,7561.75,7561.75,7560.5,7561,247
1779705300,7561.25,7561.25,7560.25,7561,155
1779705600,7561,7562.75,7561,7562.5,333
1779705900,7562.5,7562.5,7560.75,7561,227
1779706200,7560.75,7562.5,7560.75,7562.5,116
1779706500,7562.25,7562.75,7561.25,7561.5,197
1779706800,7561.5,7562,7560.25,7560.5,336
1779707100,7560.75,7561.25,7559.25,7561,512
1779707400,7561,7561.75,7561,7561.5,301
1779707700,7561.5,7562.25,7561.25,7561.75,163
1779708000,7562.25,7562.75,7561.25,7561.75,454
1779708300,7561.75,7562.25,7560.75,7562,264
1779708600,7561.75,7564.75,7561.75,7562.75,1578
1779708900,7562.75,7564.25,7562.25,7564,435
1779709200,7563.75,7564.25,7563.5,7563.75,153
1779709500,7564,7566.75,7563.5,7563.5,1733
1779709800,7563.5,7565.25,7563.5,7564.5,578
1779710100,7564.5,7564.75,7563.5,7564,291
1779710400,7564,7564.75,7563,7564,437
1779710700,7564,7565.5,7562.25,7562.5,863
1779711000,7562.5,7564.75,7562.5,7563,687
1779711300,7563.25,7563.25,7562,7563.25,380
1779711600,7563,7569,7562.25,7565.75,2937
1779711900,7565.75,7567.25,7564,7564,1243
1779712200,7564,7564.5,7562.5,7562.75,591
1779712500,7562.75,7563.25,7561.5,7562.5,835
1779712800,7562.25,7562.5,7561,7561.5,712
1779713100,7561.25,7562,7558.5,7559.5,2434
1779713400,7559.25,7561.75,7559,7561.25,918
1779713700,7561.25,7561.75,7559,7559,743
1779714000,7559,7560,7558.5,7559,854
1779714300,7559,7560,7558.25,7559.25,682
1779714600,7559,7559.5,7558,7559.25,465
1779714900,7559.25,7559.25,7557.5,7558.75,869
1779715200,7558.75,7559.5,7557.5,7558,913
1779715500,7557.75,7558.75,7557.75,7558.5,541
1779715800,7558.5,7563.5,7558.25,7563,3558
1779716100,7563.25,7564.75,7562,7564.75,2259
1779716400,7564.75,7565,7563.5,7564,1287
1779716700,7564.25,7565.25,7561.75,7563.25,2036
1779717000,7563.5,7564.75,7562.75,7564.75,1932
1779717300,7564.75,7565.75,7564.5,7565.25,1446
1779717600,7565,7565.5,7562.75,7563,1739
1779717900,7563,7564.25,7561.5,7562,1478
1779718200,7562,7562.75,7560.25,7560.25,1726
1779718500,7560.25,7561.5,7559.75,7560.75,1467
1779718800,7560.5,7560.75,7558.75,7559.5,1746
1779719100,7559.75,7560.25,7558.75,7559.25,1204
1779719400,7559.5,7559.5,7555.25,7556.75,3005
1779719700,7556.5,7557.5,7556,7556.25,1240
1779720000,7556.5,7556.5,7554,7554.75,2098
1779720300,7554.5,7558,7554,7557.75,2851
1779720600,7557.5,7558.25,7555.25,7555.75,2118
1779720900,7555.5,7557,7554.25,7555.5,2278
1779721200,7555.5,7556.25,7554.25,7555,1241
1779721500,7555.25,7555.5,7554.25,7555.5,1101
1779721800,7555.5,7570,7555.25,7564,17399
1779722100,7564.25,7565.75,7561.25,7562.5,3815
1779722400,7562.75,7564,7559.5,7559.5,2744
1779722700,7559.5,7563.75,7558.5,7558.5,4747
1779723000,7558.25,7560,7556.75,7559.75,2320
1779723300,7559.75,7560.5,7558,7558,1901
1779723600,7558,7560.25,7557,7559.25,1428
1779723900,7559,7560.75,7558.5,7560,1159
1779724200,7560,7560.5,7558,7558.25,1896
1779724500,7558.25,7559.25,7557.5,7558.5,1193
1779724800,7558.75,7559.5,7557,7558.25,1996
1779725100,7558.25,7559,7557.25,7558,1029
1779725400,7558,7559.25,7557.5,7558.75,549
1779725700,7559,7559.75,7557.25,7557.5,1294
1779726000,7557.5,7557.75,7556,7556.5,1553
1779726300,7556.25,7557.25,7555.75,7555.75,736
1779726600,7555.75,7557,7555.25,7556.75,849
1779726900,7557,7558,7556.5,7557.5,498
1779727200,7557.25,7558.75,7556.75,7558.5,754
1779727500,7558.75,7562.5,7556.5,7562.5,2298
1779727800,7562.25,7563.25,7559.5,7560,2108
1779728100,7560.25,7564.75,7559.75,7564.5,2092
1779746400,7563.25,7566,7555.75,7557.75,3878
1779746700,7557.75,7559.5,7555.25,7556.5,2111
1779747000,7556.5,7558.5,7555.25,7555.75,1549
1779747300,7555.75,7556.5,7554.5,7555,1121
1779747600,7555,7558.75,7554.25,7558,1372
1779747900,7558,7559,7556.25,7557,874
1779748200,7556.75,7557,7552.5,7553.25,2169
1779748500,7553,7553,7549.5,7549.75,2252
1779748800,7549.75,7554,7549,7553.5,2494
1779749100,7553.5,7553.75,7551.25,7553,903
1779749400,7553,7553.25,7551,7551.5,657
1779749700,7551.5,7551.5,7547.75,7549.25,1924
1779750000,7549.25,7551.5,7547.25,7550.25,1705
1779750300,7550.25,7551,7547.5,7548,1146
1779750600,7548,7548.5,7546,7547.25,1550
1779750900,7547,7547.75,7544,7545.5,2065
1779751200,7545.5,7546,7542.5,7545.5,2054
1779751500,7545.25,7545.5,7543,7544.25,1294
1779751800,7544.25,7546.5,7543.5,7546.5,938
1779752100,7546.25,7547,7545.25,7546.5,788
1779752400,7546.25,7548,7544.75,7547,1487
1779752700,7547,7551.75,7547,7549.5,2376
1779753000,7549.5,7549.5,7547.5,7548.75,1112
1779753300,7548.75,7550,7547,7547.5,748
1779753600,7547.75,7548,7541.25,7543.75,4653
1779753900,7543.5,7544.5,7536,7537,3758
1779754200,7536.75,7540.25,7536,7540,2101
1779754500,7539.75,7541.75,7534.25,7539.5,2844
1779754800,7539.25,7541,7537.5,7538.5,1759
1779755100,7538.5,7542.5,7537.5,7541.5,2084
1779755400,7541.5,7545.5,7541.5,7544.75,1938
1779755700,7544.75,7545,7541,7541.5,1448
1779756000,7541.5,7541.75,7539.25,7540,1379
1779756300,7539.75,7540.25,7538,7538.5,1190
1779756600,7538.5,7539.75,7537.25,7539.75,934
1779756900,7539.5,7541.5,7539.25,7539.75,1413
1779757200,7539.75,7540.5,7536.25,7536.5,2121
1779757500,7536.5,7538.25,7535.75,7536.5,1717
1779757800,7536.75,7541.25,7536.25,7540.75,1596
1779758100,7540.75,7541.25,7538,7539,1226
1779758400,7539,7539.75,7534.5,7536.75,1707
1779758700,7536.75,7537.25,7535.5,7536.5,778
1779759000,7536.25,7536.5,7533.25,7534.5,1848
1779759300,7534.25,7535.25,7532.5,7533.25,1492
1779759600,7533.25,7535,7531.5,7534.25,1817
1779759900,7534.25,7537.75,7534.25,7536.5,1587
1779760200,7536.75,7539,7536.75,7538.25,1151
1779760500,7538.25,7539.25,7537.5,7538.75,584
1779760800,7539,7540.75,7538,7539.5,1199
1779761100,7539.25,7541,7539,7540,686
1779761400,7539.75,7540.75,7538.5,7539.25,781
1779761700,7539.25,7540.75,7539,7540.5,661
1779762000,7540.75,7540.75,7535.75,7535.75,1633
1779762300,7535.75,7538.5,7535,7538.25,1037
1779762600,7538.25,7539.25,7537.5,7537.75,619
1779762900,7537.75,7539,7536.25,7538.5,674
1779763200,7538.5,7539.75,7536,7537.25,739
1779763500,7537.25,7537.75,7536.5,7537,429
1779763800,7537,7538.75,7536.5,7537.75,518
1779764100,7538,7538.25,7536.5,7538.25,356
1779764400,7538.25,7539,7537.5,7537.5,570
1779764700,7537.5,7539.5,7537.5,7538.25,686
1779765000,7538.5,7539,7536.25,7536.75,556
1779765300,7536.5,7539.25,7536.25,7538.5,488
1779765600,7538.75,7540.75,7538.5,7539.75,856
1779765900,7539.5,7540.75,7539.5,7540.25,615
1779766200,7540.25,7541.25,7539.75,7540.25,675
1779766500,7540,7540.5,7539.5,7540.25,287
1779766800,7540.25,7541,7539,7539.25,489
1779767100,7539.25,7540.25,7538.5,7540.25,506
1779767400,7540.25,7541.25,7539,7541,576
1779767700,7541,7541.5,7540.25,7540.5,502
1779768000,7540.5,7541,7538.75,7539,528
1779768300,7539,7540.5,7538,7540.5,457
1779768600,7540.25,7542.5,7540,7542.5,744
1779768900,7542.5,7543,7541.25,7541.5,819
1779769200,7541.25,7542.25,7541.25,7541.75,269
1779769500,7541.5,7541.75,7540,7540,448
1779769800,7540,7541.5,7539.25,7541,461
1779770100,7541.25,7542.25,7539.5,7540.25,481
1779770400,7540,7540.25,7539.25,7539.75,168
1779770700,7539.75,7540,7537.25,7538.5,1003
1779771000,7538.5,7539.5,7538,7538.25,395
1779771300,7538.25,7539.75,7538,7538.5,497
1779771600,7538.5,7538.75,7535.5,7536.5,1052
1779771900,7536.5,7539.75,7535.5,7539,623
1779772200,7539,7539.75,7538,7539,342
1779772500,7539,7540.25,7538.25,7539.5,345
1779772800,7539.25,7540.25,7539,7540.25,460
1779773100,7540.25,7540.5,7538.75,7539.75,404
1779773400,7539.5,7541.25,7539,7540,464
1779773700,7540.25,7540.25,7539,7539.5,288
1779774000,7539.25,7539.5,7537.25,7538.75,515
1779774300,7538.5,7539.5,7536.25,7536.75,469
1779774600,7536.75,7537.25,7536,7536.75,526
1779774900,7536.75,7537.5,7536.25,7537.25,324
1779775200,7537.5,7539.5,7536,7539,991
1779775500,7539.25,7540,7538.5,7539.5,569
1779775800,7539.75,7541.5,7539,7541,1035
1779776100,7541.25,7541.25,7540.25,7540.75,361
1779776400,7541,7542.25,7540.5,7542,387
1779776700,7542.25,7543.75,7536.25,7538.75,4189
1779777000,7538.75,7540.5,7537.75,7540.25,1101
1779777300,7540.25,7544.25,7540.25,7544.25,1101
1779777600,7544.25,7544.25,7541.25,7542.75,567
1779777900,7542.25,7542.5,7539.75,7540.25,605
1779778200,7540.25,7541,7539.25,7540.5,447
1779778500,7540.25,7540.25,7538.75,7539.75,333
1779778800,7539.75,7541,7535,7535,2366
1779779100,7535.25,7536.25,7531,7531,2970
1779779400,7531.25,7533.75,7529.25,7532.5,2317
1779779700,7532.75,7532.75,7528.5,7531.5,1505
1779780000,7531.5,7533.5,7529,7532.75,1391
1779780300,7533,7533,7530,7530.75,824
1779780600,7531,7531.25,7525.25,7529,2922
1779780900,7528.75,7530.5,7527,7530,898
1779781200,7529.75,7533,7529.75,7532.75,999
1779781500,7532.75,7535,7532.25,7534,1069
1779781800,7534,7534.5,7529,7529.25,856
1779782100,7529,7532,7528.25,7531.25,827
1779782400,7531.75,7533.25,7528.25,7529,1140
1779782700,7529.25,7531,7528.75,7530,525
1779783000,7530,7532.75,7529.5,7530,843
1779783300,7530,7532,7529.25,7531.5,602
1779783600,7531.75,7532.75,7531,7531.5,392
1779783900,7531.75,7532,7529.75,7531,461
1779784200,7531,7531.25,7528.75,7529.75,533
1779784500,7529.5,7532,7528.5,7531.5,700
1779784800,7531.5,7532.5,7530.75,7531.5,586
1779785100,7531.5,7532,7530,7530.25,321
1779785400,7530.25,7533.5,7529.5,7531.5,825
1779785700,7531.75,7533,7531,7533,587
1779786000,7533,7534,7531.75,7533.75,734
1779786300,7533.75,7534.25,7530.75,7531,576
1779786600,7531,7532.25,7530.5,7531,340
1779786900,7530.75,7535,7529.75,7533.5,1600
1779787200,7533.75,7534.5,7530.75,7532.75,1127
1779787500,7532.5,7537.5,7532,7537.5,1275
1779787800,7537.25,7538.75,7536.75,7537.75,997
1779788100,7537.75,7539,7537.25,7537.25,696
1779788400,7537.25,7537.5,7536,7536.25,525
1779788700,7536,7538.25,7536,7537.5,385
1779789000,7537.5,7538,7536.5,7537.75,404
1779789300,7538,7538.75,7537.25,7537.5,442
1779789600,7537.75,7538.75,7537,7538,627
1779789900,7537.5,7539.75,7536.5,7539.25,748
1779790200,7539,7542,7539,7541.75,1121
1779790500,7541.75,7543.5,7540.75,7543,1166
1779790800,7543.25,7543.75,7541.75,7543,846
1779791100,7543.25,7547.5,7542.25,7546.25,2584
1779791400,7546.25,7551.25,7546,7549.5,2808
1779791700,7549.25,7549.75,7546.5,7546.75,1070
1779792000,7546.75,7548.25,7544.25,7545,1153
1779792300,7545,7545.25,7542.5,7543.75,1541
1779792600,7544.25,7545.25,7543,7543,642
1779792900,7543,7544.75,7542.25,7542.5,1043
1779793200,7542.5,7544.25,7541.25,7541.75,1313
1779793500,7542,7543.25,7541.25,7543,571
1779793800,7543,7543,7540.25,7540.25,765
1779794100,7540.25,7542.5,7539.75,7541.25,1278
1779794400,7541.5,7544,7541.5,7543.5,1145
1779794700,7543.5,7543.75,7541,7541.25,625
1779795000,7541.25,7543.5,7536.5,7538,2882
1779795300,7537.75,7539,7532.25,7538.25,4369
1779795600,7538,7541,7537.5,7540.5,1672
1779795900,7540.75,7541.5,7539.75,7539.75,1207
1779796200,7539.75,7542,7539.25,7541,836
1779796500,7541.25,7541.5,7539.75,7540.25,846
1779796800,7540,7541.25,7539.75,7540.5,1182
1779797100,7540.5,7542,7535.75,7540.25,5791
1779797400,7540.25,7542.5,7538.75,7541,1212
1779797700,7541,7542.5,7540,7542.5,879
1779798000,7542.25,7543,7541.5,7542.75,845
1779798300,7543,7546,7542.75,7545,2350
1779798600,7545.25,7545.75,7543.25,7545.5,1276
1779798900,7545.25,7545.5,7543.25,7544.75,914
1779799200,7544.75,7548.25,7544.75,7545.25,2031
1779799500,7545.25,7546,7543.5,7544,1397
1779799800,7544,7545.25,7542.75,7543.75,1277
1779800100,7543.75,7545.25,7542.75,7544,815
1779800400,7543.75,7544.75,7540.75,7542,2189
1779800700,7541.75,7542.25,7540.25,7540.75,1240
1779801000,7540.75,7542.75,7540.25,7542.75,1657
1779801300,7542.75,7543.5,7542.25,7543,1406
1779801600,7542.75,7543.5,7541.75,7543.5,1308
1779801900,7543.25,7544,7534,7534.25,6517
1779802200,7534,7538.25,7527.25,7528,30339
1779802500,7528,7533.75,7524.75,7531,22424
1779802800,7531,7540.75,7530.25,7540,20162
1779803100,7540,7545,7540,7543.5,15945
1779803400,7543.5,7544,7529.5,7535,29283
1779803700,7535.25,7541.5,7534.25,7541.5,13903
1779804000,7541.5,7546,7538.75,7545,13520
1779804300,7545,7548.25,7544.25,7547.25,11391
1779804600,7547,7548.5,7544.25,7548,11151
1779804900,7548.25,7550.25,7545.25,7549.75,11640
1779805200,7549.75,7552,7548.5,7549.25,11614
1779805500,7549.25,7552.75,7546.75,7549.75,12035
1779805800,7549.5,7551.75,7547.25,7548,10829
1779806100,7548,7555.25,7547.25,7551.25,16057
1779806400,7551.25,7555.25,7551,7554.25,6963
1779806700,7554.25,7554.75,7551,7551,6848
1779807000,7551,7554.25,7548.25,7549.5,9234
1779807300,7549.25,7549.75,7545.75,7547.75,10860
1779807600,7548,7548.75,7540,7541.25,16994
1779807900,7541.25,7543.5,7537.25,7542.75,15068
1779808200,7542.75,7543.5,7538.5,7539.5,11127
1779808500,7539.5,7539.5,7534,7537.5,14756
1779808800,7537.5,7538.25,7533.25,7535,10316
1779809100,7535.25,7537.75,7530.75,7532,12004
1779809400,7531.75,7533.75,7528.75,7532,11828
1779809700,7531.75,7533.5,7525.25,7531.75,14246
1779810000,7532,7532.5,7526,7527.25,10705
1779810300,7527.25,7528,7522.5,7524.25,14252
1779810600,7524.25,7525.75,7517.25,7518.75,15603
1779810900,7519,7523.75,7517,7523,13864
1779811200,7523,7527.75,7522.75,7526,11644
1779811500,7525.75,7527.5,7521.25,7522.25,8076
1779811800,7522,7525,7519.75,7522.75,8846
1779812100,7522.5,7527,7521.5,7526.75,6786
1779812400,7526.75,7528.5,7525,7527.75,6137
1779812700,7527.75,7531.25,7527.25,7531,7406
1779813000,7531,7534,7530.25,7533.25,9564
1779813300,7533.25,7534,7530.5,7530.5,5780
1779813600,7530.5,7530.75,7525.5,7526.25,7863
1779813900,7526,7528,7522,7522,8964
1779814200,7522.25,7526,7522,7525.75,6092
1779814500,7525.5,7526.5,7523,7523.75,4509
1779814800,7523.5,7528.25,7522.5,7524.5,6231
1779815100,7524.5,7526.5,7523.25,7524.5,3466
1779815400,7524.75,7527.5,7523.75,7526.25,3243
1779815700,7526.5,7526.75,7521,7521.25,4912
1779816000,7521.25,7523.75,7519.75,7521,5483
1779816300,7521,7522,7518.5,7519.75,5571
1779816600,7519.75,7524.5,7518.25,7524.25,5929
1779816900,7524.25,7525.25,7521.5,7521.75,4396
1779817200,7522,7523.25,7519.75,7521.75,4028
1779817500,7522,7526.25,7522,7525.5,3739
1779817800,7525.5,7527,7524,7524,3912
1779818100,7524,7524.75,7521.25,7524,5295
1779818400,7523.75,7526,7521.5,7525.25,3995
1779818700,7525.5,7527.75,7524.75,7527.5,4385
1779819000,7527.75,7530.75,7527.25,7530,6277
1779819300,7530.25,7533.25,7530,7533.25,6253
1779819600,7533.25,7533.75,7530.75,7532.5,5172
1779819900,7532.25,7533.5,7529.5,7530.25,5328
1779820200,7530.25,7533.75,7529.75,7533.5,4331
1779820500,7533.25,7533.25,7529.75,7530.75,4235
1779820800,7530.75,7531,7527.5,7527.5,5689
1779821100,7527.5,7529,7526.25,7526.5,4843
1779821400,7526.75,7529.5,7525.25,7527.25,5603
1779821700,7527.25,7528.25,7523.75,7524.5,6496
1779822000,7524.5,7526.75,7522,7525.5,7759
1779822300,7525.75,7528,7524.25,7527.75,4861
1779822600,7527.5,7528,7525,7525.5,3667
1779822900,7525.5,7528.75,7525.25,7528,3948
1779823200,7527.75,7529.25,7526.75,7528.5,3682
1779823500,7528.5,7529.5,7527.5,7528.75,3128
1779823800,7528.5,7533.25,7528.5,7532.75,6039
1779824100,7533,7536.25,7532.25,7536,7351
1779824400,7535.75,7539,7535.25,7538.5,7664
1779824700,7538.5,7541,7537,7539.25,7967
1779825000,7539.5,7542.25,7537.75,7540.25,11990
1779825300,7540.25,7540.75,7534.25,7539,22215
1779825600,7539.25,7540.75,7536.75,7537.25,8487
1779825900,7537.25,7538,7536.25,7537.25,2369
1779826200,7537,7537.75,7536,7536,1883
1779826500,7535.75,7539,7535.5,7537.75,1777
1779826800,7537.25,7538.5,7536,7536,1248
1779827100,7536.25,7536.25,7534.75,7535.25,1236
1779827400,7535.25,7537,7535,7536.5,752
1779827700,7536.25,7537.5,7536.25,7537,622
1779828000,7537,7537.75,7535.75,7536,856
1779828300,7535.75,7536.25,7532.75,7533,1655
1779828600,7532.75,7533.5,7531.25,7532.25,2228
1779828900,7532.5,7533.5,7531.75,7532.75,949
1779832800,7534,7538,7533.25,7534.5,1763
1779833100,7534.75,7535.75,7530.25,7531,1832
1779833400,7531.25,7533,7529.5,7532.25,1229
1779833700,7532,7534.75,7530,7534.25,1153
1779834000,7534.5,7534.5,7531.75,7533,1008
1779834300,7532.75,7533.75,7532,7532.25,485
1779834600,7533,7534.5,7532.75,7534.25,495
1779834900,7534,7535,7532.75,7534.75,517
1779835200,7534.75,7536,7533.5,7533.5,913
1779835500,7533.5,7534,7531,7532.25,912
1779835800,7532.5,7533.75,7531.5,7533.25,630
1779836100,7532.75,7534.75,7532.25,7533.25,446
1779836400,7533.5,7535.75,7533.25,7534.75,763
1779836700,7535,7535.5,7533.75,7535.25,529
1779837000,7535.25,7536,7533.5,7534,653
1779837300,7534,7535.25,7533.5,7535,382
1779837600,7534.75,7538.25,7534.5,7537,1814
1779837900,7537.25,7539,7536.75,7539,1016
1779838200,7538.75,7540.25,7536.75,7538,1485
1779838500,7538,7538.25,7536.5,7538.25,681
1779838800,7538,7542,7538,7542,1245
1779839100,7541.75,7544.75,7541.25,7543.25,2102
1779839400,7543,7544.25,7542,7544.25,898
1779839700,7544,7544,7541.75,7543.5,778
1779840000,7543.25,7545,7542,7543.25,1543
1779840300,7543.25,7545,7542.5,7544.5,1552
1779840600,7544.5,7544.5,7542.75,7543.5,715
1779840900,7543.5,7543.5,7539.25,7540.5,1761
1779841200,7540.5,7540.75,7537.75,7538,1574
1779841500,7538,7543,7537.75,7542.5,1422
1779841800,7542.25,7546.25,7542.25,7544.75,2090
1779842100,7545,7545.25,7541.25,7541.75,1278
1779842400,7541.5,7545.25,7541.5,7543.75,955
1779842700,7543.75,7547,7543.75,7545,1621
1779843000,7545,7545.75,7543,7543.25,891
1779843300,7543.25,7546,7543.25,7545.5,643
1779843600,7546,7546.5,7543.75,7546.25,1119
1779843900,7546.25,7548,7544.5,7546.75,1192
1779844200,7547,7548.75,7546.5,7547.75,1239
1779844500,7547.5,7548.75,7546.25,7547,1116
1779844800,7546.75,7548.25,7546.75,7547.75,519
1779845100,7547.5,7547.75,7545.75,7547,648
1779845400,7547,7547.5,7545.5,7546,611
1779845700,7545.75,7547.5,7545.5,7546,653
1779846000,7546,7547.25,7545.25,7545.25,440
1779846300,7545.5,7545.75,7543.25,7545,1077
1779846600,7545,7545.75,7542.75,7543.25,700
1779846900,7543.25,7543.25,7541.75,7542.5,894
1779847200,7542.75,7544,7542.25,7544,743
1779847500,7544,7545,7543,7544.5,630
1779847800,7544.5,7544.75,7543.25,7544,496
1779848100,7544,7546,7544,7545,576
1779848400,7545,7546.25,7544.5,7546.25,487
1779848700,7546.25,7546.75,7545.25,7545.5,567
1779849000,7545.25,7546.5,7545,7546.25,348
1779849300,7546.5,7546.75,7544.5,7544.75,618
1779849600,7544.75,7545.25,7544,7545,377
1779849900,7545.25,7546.5,7545,7545.75,438
1779850200,7546,7547,7545.75,7545.75,468
1779850500,7545.75,7545.75,7544,7544.25,468
1779850800,7544.25,7546.75,7543.75,7546,612
1779851100,7545.75,7546.75,7545.25,7545.75,390
1779851400,7545.75,7545.75,7543.5,7543.75,513
1779851700,7543.75,7544.25,7543.25,7543.5,296
1779852000,7543.5,7544,7542.25,7542.5,366
1779852300,7542.25,7543,7541.75,7543,668
1779852600,7543,7543.25,7540,7541.25,875
1779852900,7541,7541.5,7540.25,7541.25,376
1779853200,7541.25,7542.75,7541.25,7541.75,515
1779853500,7541.75,7542,7539.75,7540,518
1779853800,7539.75,7541.25,7539.5,7540,303
1779854100,7540,7540,7538.25,7538.75,758
1779854400,7539,7540,7538.5,7539.75,579
1779854700,7539.75,7542.25,7539.5,7541.5,760
1779855000,7541.5,7542.5,7540.25,7540.5,499
1779855300,7540.5,7541,7537.25,7537.75,1119
1779855600,7537.5,7540,7537.25,7538.25,554
1779855900,7538,7538.25,7535.75,7536,904
1779856200,7536,7538.25,7535.5,7538,1085
1779856500,7538,7540,7538,7539.75,581
1779856800,7540,7541,7539.25,7540.5,460
1779857100,7540.75,7542.25,7540.5,7542,616
1779857400,7542,7543,7541.5,7542.75,533
1779857700,7542.75,7543.25,7541.25,7541.25,349
1779858000,7541.25,7543.5,7540.25,7543,618
1779858300,7543,7543,7541.25,7542.75,276
1779858600,7542.75,7543,7540.75,7542,423
1779858900,7542.25,7542.25,7539,7539.5,696
1779859200,7539.75,7542.5,7538.75,7542.5,660
1779859500,7542.25,7542.5,7541,7542.5,275
1779859800,7542.5,7542.75,7537.5,7538.75,729
1779860100,7539,7543.25,7538.75,7541,714
1779860400,7541.25,7542.75,7540.75,7542.5,252
1779860700,7542.75,7543,7541,7541.25,305
1779861000,7541.5,7544.75,7541,7543.75,1110
1779861300,7544,7544.75,7543.5,7544,384
1779861600,7544,7544.75,7542.5,7543.25,586
1779861900,7543.5,7545.5,7542.75,7544.75,628
1779862200,7544.75,7545,7542,7543.25,549
1779862500,7543.25,7544.25,7542,7544,332
1779862800,7544,7544.25,7541,7542.25,537
1779863100,7542.25,7542.25,7540.25,7541.5,427
1779863400,7541.5,7541.75,7538.75,7540,822
1779863700,7539.75,7540.5,7536.75,7539,1400
1779864000,7539,7540.75,7538.75,7539.5,431
1779864300,7539.5,7541.25,7539,7540,453
1779864600,7540,7541.5,7539.75,7540.5,355
1779864900,7540.5,7540.75,7538.75,7540,408
1779865200,7540,7544,7540,7543.75,1101
1779865500,7543.75,7545.5,7542.75,7544.75,817
1779865800,7545,7545.5,7543.75,7545.5,464
1779866100,7545.5,7546.5,7544,7546.25,841
1779866400,7546.25,7547.5,7545.25,7546.75,631
1779866700,7546.5,7547,7545.75,7546.25,325
1779867000,7546.25,7548.25,7545.25,7548,801
1779867300,7547.75,7548.25,7545.75,7546,497
1779867600,7546,7547.75,7544.25,7547.5,768
1779867900,7547.25,7547.75,7544.75,7545,549
1779868200,7544.75,7547,7544.75,7547,368
1779868500,7547,7548.75,7546.25,7547.75,628
1779868800,7548,7550.75,7547,7548.75,1581
1779869100,7549.25,7552,7548,7550.5,1574
1779869400,7550.25,7551.75,7550,7551.75,677
1779869700,7551.5,7554.25,7551.5,7553.75,1480
1779870000,7554,7558.75,7553,7556.75,2759
1779870300,7556.75,7557.75,7556.5,7557,771
1779870600,7557.25,7557.75,7555,7557,952
1779870900,7556.75,7558.25,7556,7557.75,694
1779871200,7557.5,7559,7556.75,7559,623
1779871500,7558.75,7559.25,7557.5,7557.75,744
1779871800,7557.75,7559.5,7557,7558.25,897
1779872100,7558.25,7558.5,7557.25,7557.75,445
1779872400,7557.5,7558.5,7555.75,7557.5,944
1779872700,7557.75,7557.75,7555.75,7556.25,612
1779873000,7556.5,7558.5,7555.5,7558,690
1779873300,7558,7558.5,7557.25,7557.5,506
1779873600,7557.5,7559,7557.25,7557.5,440
1779873900,7557.5,7558.25,7556.75,7557.25,567
1779874200,7557,7557.75,7556,7557,586
1779874500,7557,7560.75,7557,7560,1306
1779874800,7560,7560.25,7557.75,7558.25,609
1779875100,7558,7558.75,7557,7558,380
1779875400,7558.25,7560.25,7558.25,7560,554
1779875700,7559.75,7561.25,7559.5,7560,773
1779876000,7560.25,7563.75,7559.75,7563.25,1688
1779876300,7563.25,7565,7563,7564.25,1324
1779876600,7564.25,7565,7563.25,7564.5,769
1779876900,7564.25,7564.75,7562.5,7562.5,486
1779877200,7562.5,7562.75,7561,7562.75,651
1779877500,7562.75,7562.75,7561.25,7561.5,452
1779877800,7561.5,7561.75,7559.5,7559.5,975
1779878100,7559.75,7561.25,7559.5,7559.75,573
1779878400,7560,7561,7559.25,7560.25,610
1779878700,7560.75,7561.75,7560.25,7560.75,569
1779879000,7560.75,7561.5,7560.5,7561.5,243
1779879300,7561.5,7563,7560.75,7561.75,864
1779879600,7562,7566.5,7562,7564.5,2376
1779879900,7564.5,7564.75,7561.5,7562.25,1335
1779880200,7562.5,7563.75,7560.75,7563,1009
1779880500,7563,7563.25,7560,7561.75,2044
1779880800,7562,7565.25,7561.5,7563.25,1802
1779881100,7563.5,7563.75,7559.75,7560,1067
1779881400,7560,7560.5,7557.75,7559.5,1699
1779881700,7559.5,7560.75,7558.25,7558.5,795
1779882000,7558.5,7558.75,7556,7556.5,1375
1779882300,7556.75,7557,7554,7554,2038
1779882600,7554,7555,7553,7553.5,1082
1779882900,7553.25,7553.5,7550.5,7551,1638
1779883200,7551.25,7551.5,7547.25,7548,4074
1779883500,7548.25,7550.75,7548.25,7549.25,1605
1779883800,7549.5,7549.75,7548.25,7548.75,1519
1779884100,7548.75,7559,7545.25,7557.75,12380
1779884400,7557.75,7570.5,7554,7560.5,22577
1779884700,7560.5,7567.5,7559.5,7566.75,7050
1779885000,7566.75,7568.25,7561,7561.25,5399
1779885300,7561.75,7565.75,7559.5,7561,6192
1779885600,7561.25,7561.25,7558,7558.5,2657
1779885900,7558.5,7558.5,7553,7553.5,4070
1779886200,7553.5,7556,7552,7552.75,3538
1779886500,7552.5,7553.5,7551.5,7553,1955
1779886800,7552.5,7553.75,7549.5,7551.25,5290
1779887100,7551.25,7552.25,7546,7547.75,5206
1779887400,7548,7548.75,7544.75,7547.5,5271
1779887700,7547.25,7548.5,7544,7545.25,4306
1779888000,7545,7546.5,7543.75,7545.75,3284
1779888300,7546,7547.5,7541.75,7542,8437
1779888600,7542,7546.25,7539.25,7542.25,29557
1779888900,7542,7544.75,7535.75,7538.75,23030
1779889200,7538.75,7538.75,7525.75,7528,29808
1779889500,7528,7534.25,7526.5,7528.75,24953
1779889800,7529,7537.75,7528.25,7534.5,25532
1779890100,7534.25,7538.5,7531.5,7537.75,19229
1779890400,7538.25,7546.5,7534.75,7545.75,23716
1779890700,7545.5,7546.25,7534,7539.25,26753
1779891000,7539,7542.25,7535.5,7541.5,17001
1779891300,7541.25,7546.75,7539.75,7545.75,13894
1779891600,7546,7547.25,7534,7534.5,27691
1779891900,7535,7535,7528.75,7533.5,22911
1779892200,7533.75,7539.5,7525.75,7536.75,39411
1779892500,7536.5,7543,7534.5,7542.75,16288
1779892800,7542.75,7543.75,7535.25,7537.5,15562
1779893100,7537.5,7539,7532.75,7532.75,11511
1779893400,7533,7537.25,7532.75,7536,8073
1779893700,7536,7536.25,7528,7530,13639
1779894000,7530,7534,7527,7530.5,18333
1779894300,7530.75,7534.75,7528.5,7533,8211
1779894600,7533,7534.75,7531,7531.5,6444
1779894900,7531.5,7531.75,7524.25,7524.5,11918
1779895200,7524.5,7528,7522,7527.5,13613
1779895500,7527.25,7528.75,7525,7528.5,8827
1779895800,7528.75,7535.25,7528,7531.5,18927
1779896100,7531.5,7532,7524,7524.25,11248
1779896400,7524.5,7527.75,7518.5,7519.25,19693
1779896700,7519.25,7524,7516.5,7519.75,17220
1779897000,7520,7526,7518.5,7523.75,13271
1779897300,7523.75,7525.75,7520.5,7524.25,8257
1779897600,7524.25,7526.5,7519,7520.75,13806
1779897900,7520.75,7528,7520.75,7528,9482
1779898200,7528,7530.75,7527.25,7529,8266
1779898500,7529,7531.5,7526.75,7527,7655
1779898800,7527,7531,7526.75,7530.5,5349
1779899100,7530.25,7530.5,7528.25,7529.75,4627
1779899400,7529.5,7533,7527.75,7531,5658
1779899700,7531.25,7534.75,7531.25,7533.75,5234
1779900000,7534,7537.5,7533.75,7535.5,7715
1779900300,7535.75,7538.25,7534.75,7538,6044
1779900600,7538,7539.5,7533.5,7534,7558
1779900900,7534.25,7534.25,7529.25,7531,7759
1779901200,7531.25,7532,7528,7528.75,5749
1779901500,7528.75,7529.75,7514.75,7516,18520
1779901800,7515.75,7522.25,7515.75,7522,11461
1779902100,7522,7527,7520.5,7526.25,8116
1779902400,7526,7527.75,7525.25,7527.25,5529
1779902700,7527.25,7528.25,7524.25,7524.75,5469
1779903000,7524.75,7529.25,7524.5,7529,5084
1779903300,7529,7532.5,7528.5,7529.75,7472
1779903600,7530,7530.5,7526.5,7527.25,6104
1779903900,7527.25,7528,7525,7528,5337
1779904200,7528,7532,7527.75,7532,5358
1779904500,7532,7534,7530.25,7530.5,6196
1779904800,7530.5,7531.25,7526.5,7528.5,5920
1779905100,7528.5,7531.75,7526.5,7531.5,4711
1779905400,7531.25,7534,7530.5,7533.75,4053
1779905700,7533.75,7537.5,7532.25,7536.75,6901
1779906000,7536.75,7539.5,7536,7539,6068
1779906300,7539,7541.5,7538.5,7540.75,6932
1779906600,7540.75,7542.5,7539.25,7540.25,6779
1779906900,7540.5,7541,7537.5,7541,6144
1779907200,7541,7542.75,7539.75,7541.75,4971
1779907500,7541.75,7544,7541.5,7541.75,4721
1779907800,7541.75,7544.25,7540.75,7542,6223
1779908100,7542,7543.75,7541.25,7542,3085
1779908400,7541.75,7543.75,7540,7543.25,5019
1779908700,7543.25,7545.25,7542,7543.75,5212
1779909000,7543.75,7544.25,7542.25,7543,3027
1779909300,7542.75,7543.75,7541.25,7542.25,3121
1779909600,7542.5,7543.75,7540.25,7541,3366
1779909900,7541,7541,7536.75,7539.5,7105
1779910200,7539.25,7541.5,7537.25,7539.25,9541
1779910500,7539.5,7542.75,7539.25,7541.75,4808
1779910800,7541.75,7542.75,7539,7542.5,4030
1779911100,7542.75,7542.75,7537.25,7537.5,5987
1779911400,7537.25,7541.5,7535.25,7538,12101
1779911700,7538.25,7541.5,7536.75,7539.75,18771
1779912000,7540,7542,7538.5,7540.5,5978
1779912300,7540.5,7542.75,7539.25,7542.25,2201
1779912600,7542.25,7544,7541.25,7543,1513
1779912900,7543.25,7549.25,7543.25,7547.75,3602
1779913200,7547.75,7548.5,7545,7546,1664
1779913500,7546,7547,7545.25,7546,764
1779913800,7546.25,7548,7545.75,7547,922
1779914100,7547.25,7549.5,7546.75,7548.75,1245
1779914400,7548.75,7549.25,7547.75,7549,948
1779914700,7549,7550.75,7548.75,7550.5,1468
1779915000,7550.25,7553,7550,7552.75,1000
1779915300,7552.75,7555.75,7552.25,7554.25,1802
1779919200,7554.75,7558,7552.5,7555.25,2697
1779919500,7555.5,7556.5,7550.75,7551.25,1434
1779919800,7551.25,7551.75,7548.75,7550,1118
1779920100,7550,7552,7549,7550.25,773
1779920400,7550,7551.75,7549.5,7550.25,475
1779920700,7550.25,7550.25,7545.25,7545.25,2004
1779921000,7545,7545.25,7541,7543.25,2564
1779921300,7543.25,7546.5,7542.75,7544.5,1032
1779921600,7544.5,7547.5,7544,7544.5,1277
1779921900,7544.5,7545.75,7543.5,7544.75,629
1779922200,7544.75,7547,7544.5,7545,886
1779922500,7545,7546.75,7544.5,7546,484
1779922800,7545.75,7548,7545.75,7547.25,652
1779923100,7547,7547.5,7544,7545,736
1779923400,7545,7546,7544,7545.5,561
1779923700,7545.25,7549.25,7541.75,7547.25,2324
1779924000,7547,7548,7540.5,7543,1938
1779924300,7543.25,7544.25,7541.25,7543.75,886
1779924600,7543.5,7543.75,7539.25,7539.25,1418
1779924900,7539.25,7540.75,7536.5,7538.75,1597
1779925200,7538.75,7539.5,7537,7537.75,896
1779925500,7537.5,7538,7534.25,7535.5,1672
1779925800,7535.75,7535.75,7532,7534.25,2216
1779926100,7534,7537.75,7534,7534.5,1375
1779926400,7534.5,7540,7532.5,7537.5,2642
1779926700,7537.5,7538.5,7534,7537.25,1592
1779927000,7537.25,7537.75,7533.5,7534,1186
1779927300,7534.25,7540,7533.75,7538.5,1546
1779927600,7538.25,7542.25,7537,7539,2338
1779927900,7538.75,7541,7537,7540.25,1460
1779928200,7540,7540.5,7536,7538.5,1658
1779928500,7538,7539.25,7537,7539,588
1779928800,7538.75,7542.5,7538.75,7541.25,1282
1779929100,7541.25,7543.75,7541,7542.5,1103
1779929400,7542.75,7544,7542,7543,814
1779929700,7543,7551.75,7542.25,7549,3492
1779930000,7549,7550.5,7546.25,7547,1574
1779930300,7547,7547.25,7544,7545.75,1228
1779930600,7545.75,7548,7544.5,7547.25,906
1779930900,7547.25,7548.5,7545.5,7546.75,799
1779931200,7546.75,7548,7544,7547.5,957
1779931500,7547.25,7547.5,7544,7546.75,886
1779931800,7546.25,7549.25,7545.25,7547,1223
1779932100,7546.75,7548.5,7546,7547.25,610
1779932400,7547.25,7547.5,7544.75,7545.25,870
1779932700,7545.25,7545.5,7543,7545.5,1019
1779933000,7545.25,7547.75,7544.5,7546.75,931
1779933300,7546.75,7550.5,7546.75,7549.25,1097
1779933600,7549.5,7550.75,7543.5,7545,1837
1779933900,7544.75,7546.5,7544,7544.5,692
1779934200,7544.75,7545.25,7542.5,7543,1056
1779934500,7542.75,7543.5,7539.5,7540.25,1776
1779934800,7540.5,7541.5,7539.5,7540.75,787
1779935100,7541,7541,7537.5,7537.75,1013
1779935400,7537.5,7539.5,7536.5,7539,1524
1779935700,7539,7539,7534.75,7536,1118
1779936000,7535.75,7536.25,7533.25,7534.5,1511
1779936300,7534.5,7536.75,7532.5,7536.5,1551
1779936600,7536.5,7537.75,7535,7537,1092
1779936900,7536.75,7537.25,7533.5,7534,842
1779937200,7534.25,7536.5,7533.75,7534.25,1152
1779937500,7534.25,7535.75,7530.25,7531,2172
1779937800,7530.75,7533.5,7527.75,7530,3274
1779938100,7530.25,7533,7528.25,7529.5,1972
1779938400,7530,7530.5,7527.5,7528.5,1810
1779938700,7528.5,7528.75,7526.75,7527.25,1305
1779939000,7527.25,7527.25,7522,7522.25,4730
1779939300,7522.25,7524,7514.75,7517.75,5793
1779939600,7517.75,7519.75,7512.5,7513.25,4607
1779939900,7512.75,7518.25,7512.25,7515,3346
1779940200,7515,7515.5,7511.5,7514.5,1987
1779940500,7514.75,7515.25,7511.25,7512.5,1805
1779940800,7512.5,7513.5,7507,7510.75,4427
1779941100,7510.5,7514.75,7509,7513.5,2434
1779941400,7514,7514.25,7508.75,7509.5,1273
1779941700,7509.5,7511.5,7507.5,7509,2005
1779942000,7509,7510,7505.75,7508.5,2745
1779942300,7508.25,7510.75,7506.75,7509.25,1481
1779942600,7509.25,7512,7508.25,7511.75,1378
1779942900,7511.5,7514.5,7511.5,7513.25,1536
1779943200,7513.25,7515.25,7511.5,7511.75,1064
1779943500,7511.75,7512,7508.75,7509.75,1045
1779943800,7510,7513,7508.75,7510,1370
1779944100,7510.25,7512,7508.75,7510.25,1257
1779944400,7510.25,7511.25,7506.75,7508.75,1468
1779944700,7508.75,7511.75,7507.5,7510.75,1472
1779945000,7510.5,7514.75,7509.5,7514,2008
1779945300,7513.75,7514.25,7512.25,7513.25,602
1779945600,7513.25,7516.75,7513.25,7516.25,2017
1779945900,7516.5,7517.75,7515.25,7517.5,1649
1779946200,7517.75,7524.75,7517,7524.25,3689
1779946500,7524.25,7525.75,7522.5,7525.75,1952
1779946800,7525.75,7526.5,7524,7524.75,1309
1779947100,7525,7527.75,7525,7526.75,1293
1779947400,7526.75,7528.75,7526.5,7528.5,960
1779947700,7528.5,7529.25,7527,7527.75,1119
1779948000,7528,7530.5,7527.75,7528.75,1750
1779948300,7528.5,7530.25,7527.5,7528.75,1088
1779948600,7528.75,7530.75,7528.5,7530,850
1779948900,7530.25,7531,7529.75,7530.75,841
1779949200,7530.75,7531.5,7528.25,7528.75,1045
1779949500,7528.75,7530.5,7528,7529.25,1024
1779949800,7528.75,7529.25,7526,7527,1113
1779950100,7526.75,7527.75,7526,7526.5,931
1779950400,7526.75,7527.5,7524.25,7527.25,1252
1779950700,7527.25,7528,7525.5,7526.25,648
1779951000,7526.25,7526.25,7523.5,7525.75,794
1779951300,7525.75,7529,7525.75,7528.5,770
1779951600,7528.25,7532.5,7528.25,7530.5,1698
1779951900,7530.25,7534.25,7529.5,7532.75,1802
1779952200,7532.75,7532.75,7529,7530.5,1237
1779952500,7530.5,7531,7528.75,7530.5,699
1779952800,7530.5,7531.75,7528.75,7530,536
1779953100,7529.75,7530.75,7528.5,7529.75,511
1779953400,7529.5,7531.25,7528.25,7528.5,897
1779953700,7528.5,7530.25,7527.75,7529.25,1018
1779954000,7529,7531.5,7527.75,7529.75,551
1779954300,7529.75,7530.25,7525.25,7527.25,1429
1779954600,7527.25,7531.5,7525.75,7530.75,979
1779954900,7530.5,7532.25,7529.25,7531.75,701
1779955200,7531.75,7534.75,7529.75,7531.5,2242
1779955500,7531.5,7534.5,7530.5,7531.25,1169
1779955800,7531.25,7533.5,7531,7532,676
1779956100,7531.75,7532.75,7530.25,7532.5,476
1779956400,7532.25,7534.5,7532,7533.5,622
1779956700,7533.5,7533.75,7527,7530,1789
1779957000,7530,7531.75,7529,7531.25,1032
1779957300,7531.5,7533.25,7530,7530.75,470
1779957600,7530.5,7531.5,7530,7531,435
1779957900,7530.5,7531,7529.25,7530.25,324
1779958200,7530.5,7533.25,7529.75,7532.25,512
1779958500,7532.5,7533.5,7532,7533.25,322
1779958800,7533,7535.75,7532.25,7533,1150
1779959100,7533.25,7534.75,7531,7531.25,704
1779959400,7531,7532.25,7530,7531.25,443
1779959700,7531.25,7533,7531.25,7532.5,298
1779960000,7532.25,7533.25,7531,7532.5,513
1779960300,7532.75,7534.5,7530.75,7531.5,618
1779960600,7531.75,7531.75,7529,7530,741
1779960900,7530.5,7531.5,7527.5,7527.75,975
1779961200,7528,7530,7527.75,7529,481
1779961500,7529,7531,7528.5,7530.5,367
1779961800,7530.25,7533.75,7530.25,7532,696
1779962100,7532,7532.5,7531.5,7532,250
1779962400,7532.25,7532.5,7530.25,7530.5,509
1779962700,7530.5,7530.75,7528,7529,643
1779963000,7529.25,7530,7528.25,7528.75,271
1779963300,7528.5,7530.5,7526.75,7527,762
1779963600,7527.25,7527.5,7524.5,7525,1091
1779963900,7524.75,7527.5,7524,7527,880
1779964200,7527,7528.25,7525.25,7526.75,1059
1779964500,7526.5,7526.5,7525,7525.25,524
1779964800,7525.25,7525.75,7523.25,7523.75,952
1779965100,7524,7526.5,7523,7525.25,974
1779965400,7525.5,7525.5,7515,7523.25,6937
1779965700,7523.25,7523.5,7517.75,7519,2879
1779966000,7519,7523.5,7518.25,7520.75,3394
1779966300,7520.75,7521,7517.5,7519.5,1167
1779966600,7519.5,7520.25,7517.5,7518.25,1482
1779966900,7518.25,7521,7518.25,7520.75,906
1779967200,7521,7522.5,7519.5,7520.5,868
1779967500,7520.75,7521.5,7518,7518.75,1040
1779967800,7518.5,7519.25,7516.75,7518.75,1427
1779968100,7518.5,7521,7517,7520.5,1624
1779968400,7520.25,7524.75,7519.75,7524.5,2086
1779968700,7524.25,7524.75,7521.75,7521.75,900
1779969000,7521.75,7523.25,7520.75,7521.5,813
1779969300,7521.5,7523,7520.5,7522,888
1779969600,7522.25,7523,7520.75,7521.25,782
1779969900,7521.25,7525.75,7521.25,7523.75,1610
1779970200,7523.75,7526,7522.75,7525,1035
1779970500,7525.25,7525.75,7522.75,7522.75,869
1779970800,7523,7523.5,7521,7521.5,1179
1779971100,7522,7525.5,7522,7525,1334
1779971400,7525.25,7530.25,7524.25,7529,4710
1779971700,7529,7535.5,7529,7533.5,4365
1779972000,7533.75,7536.25,7532.5,7535.5,2630
1779972300,7535.75,7539.75,7535,7537.75,4086
1779972600,7538,7539.25,7537,7538.25,2195
1779972900,7538.25,7539.25,7537.25,7538,1575
1779973200,7538.25,7544,7538,7540.5,7091
1779973500,7540.5,7542,7536.75,7537,3571
1779973800,7537,7538,7535.5,7535.5,2913
1779974100,7535.5,7537.75,7535,7536.75,3056
1779974400,7536.5,7537,7534.5,7535.75,2695
1779974700,7535.75,7538.75,7534.75,7535.25,7210
1779975000,7535.25,7537.25,7527.75,7530,25558
1779975300,7530,7530,7525.5,7527.25,16036
1779975600,7527.25,7530.25,7525.5,7528.75,13505
1779975900,7528.5,7532,7526,7527.25,15593
1779976200,7527.25,7537.25,7526.25,7531.75,26556
1779976500,7531.75,7536.25,7530.5,7535.75,11058
1779976800,7535.75,7539.75,7533.5,7536.5,17989
1779977100,7536.25,7540.25,7533.5,7540.25,13974
1779977400,7540.25,7574,7535,7564.75,71829
1779977700,7564.75,7568.75,7555.5,7564.5,28224
1779978000,7564.75,7566.25,7553.25,7557.5,20069
1779978300,7557.75,7562,7556.5,7561.5,12256
1779978600,7561.5,7564,7552.5,7553,18699
1779978900,7553,7556.75,7551,7553.25,14681
1779979200,7553.25,7559,7552.25,7558.5,13500
1779979500,7558.5,7562.25,7552.25,7557.5,25691
1779979800,7557.5,7563.5,7557.5,7562,10569
1779980100,7561.75,7563,7558.25,7562.75,9839
1779980400,7562.75,7571.75,7561.5,7571.5,19082
1779980700,7571.75,7573.5,7568.5,7570,12450
1779981000,7569.75,7570.75,7566.75,7567.25,7211
1779981300,7567.25,7569.75,7565,7568.25,7261
1779981600,7568.25,7571.75,7568,7570.75,6627
1779981900,7571,7575.5,7570.5,7573.25,11361
1779982200,7573.5,7575,7571.75,7574,6981
1779982500,7574.25,7576.5,7572.5,7575.25,7313
1779982800,7575.25,7575.5,7572.75,7574,6013
1779983100,7574,7575.75,7572.25,7573,5348
1779983400,7573,7576.5,7573,7574.5,4504
1779983700,7574.25,7577,7573.25,7575,4861
1779984000,7574.75,7575.25,7570.75,7573.25,5617
1779984300,7573.25,7575.25,7573,7574.75,4150
1779984600,7574.75,7576.25,7573.75,7576,4054
1779984900,7576,7579.75,7574,7579,9245
1779985200,7579,7582.75,7576.5,7580.75,9747
1779985500,7580.5,7581.75,7577.5,7578,5348
1779985800,7578,7578.5,7576,7576.5,4329
1779986100,7576.5,7577.5,7574.5,7575.75,4336
1779986400,7575.75,7579,7575.5,7578.5,4953
1779986700,7578.5,7579.5,7577,7577.25,4054
1779987000,7577.25,7578.25,7576.5,7577.25,3139
1779987300,7577.25,7582,7577,7581,4514
1779987600,7581.25,7583,7580.25,7581.25,4161
1779987900,7581.25,7582.25,7578.25,7578.25,4295
1779988200,7578.5,7579.25,7576.5,7577,4038
1779988500,7576.75,7577.75,7575,7575.5,4853
1779988800,7575.25,7579.25,7575.25,7578.5,5065
1779989100,7578.5,7579.25,7576.25,7576.5,3939
1779989400,7576.75,7578.5,7575.5,7576,4394
1779989700,7576,7578.75,7575,7578.25,3748
1779990000,7578.5,7579.75,7577.5,7578.75,3263
1779990300,7579,7582.5,7578.5,7582,6795
1779990600,7582,7583.75,7581.25,7582.5,6598
1779990900,7582.5,7582.5,7580.25,7581,3793
1779991200,7581,7583,7580,7582.75,3823
1779991500,7582.75,7583,7581,7581,3238
1779991800,7581,7581.25,7578.75,7579.25,5280
1779992100,7579.25,7582.5,7578,7580.5,10843
1779992400,7580.25,7582.25,7579.25,7582.25,3187
1779992700,7582,7582.75,7581,7581.75,3220
1779993000,7581.75,7582,7578.75,7579.25,3782
1779993300,7579,7579.5,7577,7577.75,4345
1779993600,7577.5,7579.25,7576.75,7577.5,3730
1779993900,7577.75,7578.25,7576,7577,3262
1779994200,7576.75,7579.5,7576,7579.25,3852
1779994500,7579,7580,7576.5,7576.5,2985
1779994800,7576.5,7578.25,7575.25,7578,4588
1779995100,7577.75,7579.25,7577.75,7578.25,3386
1779995400,7578.25,7579.5,7576.25,7576.75,3124
1779995700,7576.75,7578.75,7576,7577.25,3228
1779996000,7577.5,7580,7576.75,7580,3623
1779996300,7579.75,7582.25,7579.75,7582.25,5089
1779996600,7582,7585.25,7581.75,7584,8645
1779996900,7584,7586.25,7583,7586.25,5667
1779997200,7586.25,7586.5,7582,7582.25,6376
1779997500,7582,7584.75,7581.5,7582.25,6654
1779997800,7582,7584,7579.75,7583,14895
1779998100,7582.75,7584.25,7580.5,7582,18003
1779998400,7582,7585.5,7580.25,7585.25,6829
1779998700,7585.25,7588.75,7585.25,7587.75,4001
1779999000,7587.5,7590.25,7587.5,7589.75,2603
1779999300,7589.5,7590.5,7587.75,7589,2194
1779999600,7589,7589.5,7587.25,7587.75,991
1779999900,7587.75,7590,7587.5,7589.75,1188
1780000200,7589.75,7590.75,7588.25,7589,1810
1780000500,7589,7589.25,7587.5,7588,1141
1780000800,7587.75,7588.25,7587.5,7588.25,976
1780001100,7588.25,7589.5,7587.5,7587.75,1790
1780001400,7587.75,7588.75,7587.75,7587.75,816
1780001700,7587.75,7588.75,7587.75,7588,1010
1780005600,7588,7592.25,7587.5,7591.25,1987
1780005900,7591.5,7592.75,7588,7589.25,1448
1780006200,7589,7589.5,7585.5,7587.75,1886
1780006500,7587.75,7588,7586,7587,607
1780006800,7587.25,7588.5,7585.5,7586,565
1780007100,7586,7587,7584.75,7586.25,912
1780007400,7586.25,7587,7585,7585.5,756
1780007700,7585.5,7587.5,7585.5,7587,465
1780008000,7587,7588.5,7586.75,7587,668
1780008300,7587.25,7588,7586.75,7586.75,328
1780008600,7586.75,7587.25,7586,7587.25,381
1780008900,7587,7587.25,7585.25,7585.25,340
1780009200,7585.5,7588.75,7585.25,7588.25,980
1780009500,7588.25,7588.5,7587,7587,291
1780009800,7587.25,7588.25,7586.75,7588.25,309
1780010100,7588.25,7590,7587.75,7590,840
1780010400,7590,7590,7588.75,7588.75,492
1780010700,7588.75,7589.25,7588,7589,426
1780011000,7588.75,7588.75,7586.75,7587,779
1780011300,7587,7588.25,7586.75,7587,720
1780011600,7587,7588,7586.75,7587,317
1780011900,7586.75,7587,7584,7585.5,1227
1780012200,7585.5,7586.25,7584.75,7585.25,494
1780012500,7585.25,7586.25,7584.5,7585.25,503
1780012800,7585.25,7585.25,7582,7583.25,1858
1780013100,7583,7584,7582,7582.75,1031
1780013400,7583,7584.75,7582.5,7583.5,960
1780013700,7583.5,7585,7582.75,7584.5,850
1780014000,7585,7585.75,7582.75,7583.75,748
1780014300,7583.75,7586,7582.75,7582.75,889
1780014600,7583,7583.25,7578.5,7579.25,1905
1780014900,7579,7580.25,7578.5,7579,1108
1780015200,7579,7579.25,7577,7578,1335
1780015500,7578,7578.25,7576.5,7577.75,918
1780015800,7577.75,7579,7576,7576.75,1627
1780016100,7576.75,7578.25,7576.5,7577.75,710
1780016400,7577.5,7579.5,7574,7575.5,2743
1780016700,7575.75,7578.75,7575.5,7577.75,1346
1780017000,7578,7578.75,7575.25,7576.25,998
1780017300,7576.25,7578,7575.25,7577,772
1780017600,7577,7577.25,7574.75,7575.5,1032
1780017900,7575.5,7576.25,7574.25,7574.75,771
1780018200,7574.75,7575.25,7572.75,7574.75,1528
1780018500,7575,7576,7574.25,7575.75,599
1780018800,7575.75,7578.25,7575.25,7578,1165
1780019100,7578,7579.25,7574.75,7575.25,1621
1780019400,7575,7576.75,7574.75,7576.75,519
1780019700,7576.75,7578.25,7576,7577.25,839
1780020000,7577.5,7578.5,7576.5,7577.75,749
1780020300,7577.75,7580.5,7576,7580.25,1358
1780020600,7580.25,7581.5,7579.25,7580.75,1078
1780020900,7581,7581.25,7578.5,7579.75,615
1780021200,7579.75,7580,7577,7577,533
1780021500,7577,7578,7574.25,7575.75,1204
1780021800,7575.75,7578,7575,7577.25,1013
1780022100,7577.25,7578.25,7576,7578,516
1780022400,7578,7578.75,7577.25,7577.75,358
1780022700,7577.75,7578.25,7576,7576.75,532
1780023000,7576.75,7576.75,7575.25,7575.75,654
1780023300,7575.5,7577.25,7575.25,7575.75,306
1780023600,7576,7579.25,7575.75,7578.75,689
1780023900,7578.75,7581,7578.5,7580.25,919
1780024200,7580.5,7581.25,7579.25,7579.75,684
1780024500,7580,7581,7579.25,7580.25,462
1780024800,7580,7582,7580,7580.75,661
1780025100,7580.75,7581,7579.75,7580.5,436
1780025400,7580.5,7580.75,7579.25,7579.75,292
1780025700,7579.75,7580.75,7579.25,7580.5,251
1780026000,7580.5,7581.5,7580,7580.5,394
1780026300,7580.5,7582.5,7580,7582.25,522
1780026600,7582.25,7582.75,7578.25,7581,1132
1780026900,7581,7581.75,7579.5,7580.5,362
1780027200,7580.5,7582.25,7580.5,7581.5,431
1780027500,7581.5,7583.25,7580.75,7582.25,393
1780027800,7582.5,7583,7582,7582.5,387
1780028100,7582.5,7584.75,7582.5,7583.5,1054
1780028400,7583.5,7584.5,7583.25,7583.75,423
1780028700,7584,7584.75,7583.5,7584,453
1780029000,7584.25,7585.75,7583.25,7585,858
1780029300,7585.5,7586.25,7584.75,7586,610
1780029600,7586,7586.75,7585.5,7586.75,492
1780029900,7586.5,7587.25,7585.25,7586.25,563
1780030200,7586.25,7586.25,7584.5,7585.5,445
1780030500,7585.5,7585.5,7584.25,7585.25,307
1780030800,7585,7587.25,7584.5,7586.5,717
1780031100,7586.25,7586.5,7585.25,7586.25,353
1780031400,7586,7587.5,7584.75,7586.5,567
1780031700,7586.5,7586.5,7585.25,7585.5,298
1780032000,7585.75,7586.75,7585.75,7585.75,172
1780032300,7586,7588,7585.75,7587.25,419
1780032600,7587.25,7587.5,7585,7586.75,622
1780032900,7586.75,7587,7583.75,7584.5,715
1780033200,7584.5,7585.75,7584,7585.5,370
1780033500,7585.75,7587.25,7585.5,7586.75,433
1780033800,7586.75,7587.5,7585.75,7586.5,431
1780034100,7586.75,7586.75,7585,7586.25,357
1780034400,7586.25,7588.75,7586,7588.25,887
1780034700,7588.25,7589.5,7587.75,7589.5,616
1780035000,7589.5,7590.25,7588.5,7589.25,1175
1780035300,7589.25,7590.25,7588.25,7589.75,548
1780035600,7590,7592.5,7589.75,7591.5,1502
1780035900,7591.75,7592.5,7587.5,7587.75,1464
1780036200,7587.75,7590,7587,7588.5,1209
1780036500,7588.5,7590.5,7588.5,7589.5,470
1780036800,7589.75,7590.75,7589,7590.25,399
1780037100,7590,7591.25,7589.75,7591,425
1780037400,7591,7593,7590.75,7592,682
1780037700,7592,7592.75,7591.5,7592.25,622
1780038000,7592.25,7592.75,7589.75,7590.25,976
1780038300,7590.25,7591.75,7589.75,7591.25,593
1780038600,7591.5,7592.5,7589.5,7589.75,582
1780038900,7590,7590,7588,7588.25,800
1780039200,7588.5,7589,7585,7585.75,1331
1780039500,7585.5,7586.25,7584,7585.75,1122
1780039800,7585.75,7586.25,7582.5,7584.75,1500
1780040100,7584.5,7584.5,7580.25,7582.5,2210
1780040400,7582.75,7583.5,7581.75,7582.25,1095
1780040700,7582.25,7584.75,7582,7584,938
1780041000,7583.75,7585.75,7583.75,7584.75,836
1780041300,7584.5,7587,7584.5,7586.5,902
1780041600,7586.5,7589.5,7586,7586.25,1894
1780041900,7586,7587.75,7584.5,7586.25,1291
1780042200,7586.25,7588.5,7586,7588.25,615
1780042500,7588,7588.75,7587.25,7587.25,542
1780042800,7587.25,7589,7586.5,7587,579
1780043100,7587,7587.75,7584.75,7587.5,1144
1780043400,7587.5,7588.75,7587,7587.75,528
1780043700,7587.75,7588.5,7585.75,7588,638
1780044000,7588.25,7588.5,7585.75,7585.75,339
1780044300,7585.75,7586,7582.5,7582.75,933
1780044600,7582.75,7584.5,7582,7584.5,984
1780044900,7584.5,7586.5,7584.25,7585.75,686
1780045200,7585.75,7590,7585,7589,1510
1780045500,7589,7591,7588.25,7590,802
1780045800,7590,7593.75,7589.25,7592.5,1806
1780046100,7592.75,7595.25,7591.25,7594.5,1427
1780046400,7594.5,7595.25,7590.75,7591,1127
1780046700,7591,7593,7589.5,7592,1124
1780047000,7592.25,7592.75,7590.5,7591.75,647
1780047300,7591.5,7591.75,7589.75,7591,620
1780047600,7591,7591.75,7589.75,7590.25,552
1780047900,7590.5,7593.25,7590.25,7592,837
1780048200,7592,7592.25,7589.5,7590.5,582
1780048500,7590.5,7591.5,7589.5,7590.25,852
1780048800,7590.5,7590.5,7585.5,7585.75,1205
1780049100,7585.75,7587,7585,7585,1043
1780049400,7585.25,7587.75,7585,7587.25,806
1780049700,7587.25,7588.25,7585.5,7587,812
1780050000,7587,7588.75,7586.75,7588.5,505
1780050300,7588.25,7589.5,7587,7588.5,476
1780050600,7588.5,7589.5,7587,7588.75,477
1780050900,7589,7590.75,7587.75,7589.75,1077
1780051200,7589.5,7590.5,7588,7589.5,706
1780051500,7590,7591.25,7589.5,7590.25,869
1780051800,7590.25,7591.25,7589.75,7590,482
1780052100,7590.25,7590.75,7589,7590.25,336
1780052400,7590.25,7593.25,7589.75,7592.25,1218
1780052700,7592.5,7593.25,7591.5,7591.75,663
1780053000,7591.75,7593,7591.25,7592.5,683
1780053300,7592.75,7594.25,7592.5,7593.75,818
1780053600,7593.75,7595.75,7593.25,7594.25,2236
1780053900,7594.25,7595.25,7590,7590,1740
1780054200,7590,7590.75,7586.75,7587,1850
1780054500,7587,7590,7586.25,7589.25,1739
1780054800,7589.5,7592.75,7589.5,7591.25,1662
1780055100,7591,7593,7590.75,7591.25,936
1780055400,7590.75,7592,7584,7590.5,5578
1780055700,7590.5,7593.75,7590,7593.5,1623
1780056000,7593.5,7594,7590.75,7590.75,1486
1780056300,7591,7591.75,7589.75,7590.5,1683
1780056600,7590.5,7591.75,7589.5,7590.25,840
1780056900,7590,7593,7589.25,7592.5,986
1780057200,7592.75,7592.75,7589.5,7590.75,1047
1780057500,7590.5,7592,7589.75,7592,653
1780057800,7592,7592.75,7585.75,7589.25,5999
1780058100,7589.25,7589.25,7586.25,7587.25,1933
1780058400,7587,7589,7586.5,7589,1098
1780058700,7588.75,7589,7586.25,7588.25,1083
1780059000,7588.5,7592,7588.25,7591,1876
1780059300,7591.25,7592.25,7590,7591.25,1007
1780059600,7591.5,7593,7590.25,7592.5,1562
1780059900,7592.25,7593,7590.25,7590.25,1491
1780060200,7590.5,7591.25,7589,7589.25,1960
1780060500,7589.25,7589.5,7587.75,7588.5,2221
1780060800,7588.5,7589,7587.25,7588.75,1977
1780061100,7588.5,7591,7587.75,7590.75,4623
1780061400,7590.5,7594.5,7586.75,7591.75,26492
1780061700,7591.5,7598.75,7591,7598.5,18135
1780062000,7598.75,7606,7597,7605.75,17498
1780062300,7605.75,7608.75,7603.75,7607.25,18544
1780062600,7607.25,7610,7604,7609.75,14584
1780062900,7609.75,7609.75,7606.25,7609,9703
1780063200,7608.75,7611.75,7606,7607.5,17443
1780063500,7607.75,7609,7603.25,7603.75,12200
1780063800,7604,7608.5,7602.5,7604,15152
1780064100,7604,7604.25,7595.5,7598.5,23030
1780064400,7598.5,7600.75,7593.25,7593.5,19469
1780064700,7593.25,7598,7589,7597,30997
1780065000,7597,7599.75,7592.75,7599.5,18765
1780065300,7599.5,7600.25,7586.75,7586.75,24461
1780065600,7587,7590.25,7581.75,7582.5,26590
1780065900,7582.25,7584,7577.5,7580.5,25022
1780066200,7580.5,7598,7579.5,7588.75,49921
1780066500,7588.75,7595.75,7588.5,7590.75,15908
1780066800,7590.75,7594.75,7589.25,7594,12580
1780067100,7593.75,7598.25,7590.25,7597.25,14167
1780067400,7597.25,7603.75,7597.25,7603.25,15993
1780067700,7603.5,7604.75,7599,7599.25,14333
1780068000,7599.25,7600.75,7593.5,7599.25,14524
1780068300,7599.25,7603.25,7595.25,7598.5,15644
1780068600,7598.5,7602.75,7597.75,7600.25,13817
1780068900,7600.25,7603.75,7597.75,7602,16543
1780069200,7602,7604,7595.25,7597.5,17821
1780069500,7597.25,7599,7593.25,7596.75,11010
1780069800,7596.75,7599.5,7594.5,7597,8183
1780070100,7596.75,7597.75,7593.75,7594.5,5966
1780070400,7594.75,7600,7593.5,7599.5,7465
1780070700,7599.75,7603.5,7598.75,7603,6508
1780071000,7603,7605.25,7602,7603.5,8847
1780071300,7603.25,7604.25,7598.25,7599,6878
1780071600,7598.75,7603.25,7598.25,7600.5,5909
1780071900,7600.5,7600.5,7597,7597.75,4974
1780072200,7597.75,7604.5,7595.25,7603,17703
1780072500,7603,7608,7602.25,7607,13047
1780072800,7607.25,7608.75,7604.25,7605.25,7642
1780073100,7605.25,7606,7601.75,7602,7640
1780073400,7602,7602.25,7598,7599.75,6961
1780073700,7600,7600.5,7595.5,7597.75,7604
1780074000,7598,7600.5,7596,7596.75,5961
1780074300,7596.75,7598.75,7595.25,7598,4764
1780074600,7597.75,7599.75,7595.5,7597.75,6394
1780074900,7597.75,7600.25,7597.5,7598.5,4018
1780075200,7598.25,7599.25,7592,7597,16327
1780075500,7597,7597.25,7593.5,7596.25,6263
1780075800,7596,7597.25,7593.5,7595.25,6098
1780076100,7595.25,7596.25,7592.75,7593.75,5815
1780076400,7594,7595,7590.25,7590.75,6599
1780076700,7590.75,7592.25,7590,7591.25,5659
1780077000,7591,7593.25,7588.5,7588.5,8550
1780077300,7588.5,7588.75,7582.5,7583.25,12653
1780077600,7583.25,7588.25,7581.75,7588,10725
1780077900,7588.25,7590,7587.25,7590,6420
1780078200,7590,7591.75,7586.25,7587.75,7886
1780078500,7588,7590,7586.25,7589.75,7331
1780078800,7589.75,7593,7589.5,7592.5,6028
1780079100,7592.5,7594.5,7591,7593.25,5724
1780079400,7593.5,7598.25,7593.25,7597.25,6886
1780079700,7597.25,7598,7594.5,7597,6182
1780080000,7596.75,7597.5,7593.75,7594.5,4695
1780080300,7594.5,7594.75,7584.5,7588.5,24297
1780080600,7588.75,7590.5,7585.25,7587.5,8598
1780080900,7587.5,7589.25,7584.5,7585.5,7325
1780081200,7585.25,7589.75,7583.75,7589.25,8819
1780081500,7589.25,7593.75,7589,7593.25,5640
1780081800,7593.25,7595.75,7592.25,7594.5,6501
1780082100,7594.25,7595.25,7590.25,7592.75,8348
1780082400,7592.5,7596.75,7591.5,7595.5,5928
1780082700,7595.5,7599.5,7593.75,7599.25,6821
1780083000,7599.25,7603,7599,7602.75,8426
1780083300,7602.75,7605.75,7601.25,7605,10446
1780083600,7605,7607,7602.5,7602.5,9658
1780083900,7602.75,7604.25,7600.25,7602.5,7876
1780084200,7602.5,7604,7594.5,7596.25,26096
1780084500,7596.25,7599,7593.25,7595,37870
1780084800,7595.25,7598.75,7593,7598.25,11067
1780085100,7598.5,7599,7595.5,7597.5,2079
1780085400,7597.75,7597.75,7594.5,7596.5,2304
1780085700,7596.5,7596.75,7591.25,7591.5,2106
1780086000,7591.75,7594,7590,7592.75,2192
1780086300,7593,7593.25,7589.25,7590.75,1731
1780086600,7591,7592.25,7590,7592.25,1178
1780086900,7592.25,7593,7591.5,7592,865
1780087200,7592.25,7592.25,7589.75,7590.25,1106
1780087500,7590.25,7591,7589.25,7589.75,1072
1780087800,7590,7593.75,7589.25,7591,1602
1780088100,7591,7591.5,7589.5,7590.5,1159
1780264800,7594.75,7597.25,7585.5,7587,3869
1780265100,7587.25,7589.25,7585.75,7589,1674
1780265400,7589,7594.5,7588,7594.25,1614
1780265700,7594.25,7595.5,7592.5,7594,1237
1780266000,7594.25,7597.5,7592.25,7596.75,1801
1780266300,7596.25,7597.5,7595.25,7595.25,969
1780266600,7595.5,7598.5,7595.5,7597.75,1514
1780266900,7597.75,7597.75,7595.25,7596,958
1780267200,7596.25,7599.75,7596,7599.75,1010
1780267500,7600,7602.75,7599.75,7602,2283
1780267800,7601.75,7603.25,7601.75,7601.75,900
1780268100,7601.75,7603,7600.75,7601.5,1024
1780268400,7601.5,7604,7600.25,7603,1364
1780268700,7603,7603.75,7602,7603,605
1780269000,7603,7604,7602.5,7602.75,888
1780269300,7602.75,7604,7602.5,7603,607
1780269600,7603.25,7603.75,7601,7601.75,1041
1780269900,7601.5,7604.75,7601.5,7604,963
1780270200,7604,7605.25,7602.75,7603.5,1411
1780270500,7603.75,7604.5,7602.75,7604,489
1780270800,7604,7604.25,7603.25,7603.75,379
1780271100,7603.75,7605,7602.75,7603.75,714
1780271400,7603.75,7606.5,7603,7605.5,1349
1780271700,7605.5,7606,7604.5,7605.25,667
1780272000,7605.25,7609.75,7604.5,7609,3171
1780272300,7609.25,7612.25,7608.25,7609,4100
1780272600,7609,7610.75,7607.25,7609.25,1925
1780272900,7609.25,7610.5,7606.75,7607.75,1821
1780273200,7608,7611.5,7607.75,7610.75,1485
1780273500,7610.75,7612,7609.5,7611.5,1308
1780273800,7611.5,7613.25,7609.5,7610.25,1864
1780274100,7610.5,7611.25,7609.5,7610.5,980
1780274400,7610.5,7612.25,7609.75,7611.5,1007
1780274700,7611.5,7612.75,7611.25,7611.75,1396
1780275000,7611.75,7613.25,7610.75,7612.25,1172
1780275300,7612.25,7613.75,7610.75,7611.5,1618
1780275600,7611.5,7612.75,7609,7609.25,2226
1780275900,7609.25,7610.25,7608.25,7609,1320
1780276200,7609,7610.75,7608.5,7610,1033
1780276500,7610.25,7611.5,7610,7611,712
1780276800,7610.75,7613.25,7610.75,7611.5,1381
1780277100,7611.75,7612.75,7610.75,7611,1460
1780277400,7610.75,7612.5,7610.25,7612.25,1057
1780277700,7612.5,7613,7611.75,7611.75,1057
1780278000,7611.75,7612.75,7611.25,7612.75,902
1780278300,7612.5,7613.5,7612.25,7613,927
1780278600,7613.25,7614.5,7612.75,7614,1200
1780278900,7614,7614.25,7613.25,7614,781
1780279200,7614,7616.25,7613.5,7615,1960
1780279500,7614.75,7617,7614.75,7616.75,1182
1780279800,7616.75,7617.5,7615.75,7616.75,1084
1780280100,7617,7617.25,7616.25,7616.5,711
1780280400,7616.5,7618,7616.5,7617.5,824
1780280700,7617.5,7617.75,7616.25,7616.75,693
1780281000,7616.75,7616.75,7614.75,7616,1143
1780281300,7616,7617.25,7615.75,7616.5,702
1780281600,7616.5,7616.5,7614.75,7615,587
1780281900,7615,7615.75,7614,7615,821
1780282200,7615.25,7615.5,7614.25,7614.75,510
1780282500,7614.75,7615.75,7614.5,7615.5,493
1780282800,7615.5,7617.5,7615.5,7616.75,789
1780283100,7616.75,7617,7615.75,7616,712
1780283400,7616,7616,7615,7615.25,617
1780283700,7615.25,7616.25,7610.75,7615.25,3568
1780284000,7615,7617.75,7614.25,7617.5,972
1780284300,7617.5,7618,7616.75,7617.5,877
1780284600,7617.25,7619.75,7617.25,7618.5,1556
1780284900,7618.5,7618.5,7615.5,7615.75,855
1780285200,7615.75,7616,7612.5,7612.5,1406
1780285500,7612.5,7614.5,7612.25,7614,1183
1780285800,7614,7614.25,7611.5,7612.25,839
1780286100,7612,7612.75,7611.5,7612.5,624
1780286400,7612.5,7614.25,7612.25,7613.75,965
1780286700,7613.75,7615,7612.75,7614.5,687
1780287000,7614.5,7615.25,7613.75,7614,885
1780287300,7614.25,7614.25,7613.25,7613.75,431
1780287600,7613.75,7615,7613.25,7614.75,625
1780287900,7615,7615.5,7613.75,7614.75,760
1780288200,7615,7615.5,7614.25,7614.25,365
1780288500,7614.25,7616.25,7614.25,7616.25,606
1780288800,7616,7618,7615.75,7617.5,871
1780289100,7617.5,7618,7616,7616.5,796
1780289400,7616.5,7617.75,7616.5,7617,421
1780289700,7617,7617.75,7617,7617.5,240
1780290000,7617.5,7617.75,7616.5,7617.25,249
1780290300,7617,7617.75,7615.5,7616,620
1780290600,7615.75,7617,7615,7616.75,555
1780290900,7616.5,7616.5,7615.25,7616,328
1780291200,7615.75,7617.25,7615.75,7615.75,493
1780291500,7615.75,7616,7614,7614.25,835
1780291800,7614.5,7616.25,7614.5,7615.5,515
1780292100,7615.5,7617,7615.5,7616.5,589
1780292400,7616.5,7617.5,7616.25,7617.25,388
1780292700,7617.25,7619,7616.75,7618.5,616
1780293000,7618.5,7619,7617.5,7618,519
1780293300,7618,7618.75,7617.25,7617.75,253
1780293600,7618,7618.75,7617.5,7617.5,480
1780293900,7617.5,7618.25,7617.25,7618,563
1780294200,7618.25,7618.25,7616.5,7617.25,353
1780294500,7617.25,7617.75,7616.5,7617.25,504
1780294800,7617.25,7617.5,7616.25,7616.25,258
1780295100,7616.25,7616.25,7614,7614.5,906
1780295400,7614.5,7617.5,7614.5,7617,604
1780295700,7617,7617.5,7615.5,7615.75,431
1780296000,7616,7616.75,7615.25,7616.5,473
1780296300,7616.25,7618.5,7616,7618.5,790
1780296600,7618.25,7618.5,7617.25,7617.5,454
1780296900,7617.5,7618.5,7617,7617.5,366
1780297200,7617.75,7620,7616.5,7619.75,1577
1780297500,7619.5,7620.5,7617.75,7620.25,1387
1780297800,7620,7620.5,7617.75,7618.75,386
1780298100,7618.75,7619.5,7615,7617,878
1780298400,7617,7617.75,7615.25,7615.25,832
1780298700,7615.25,7615.25,7612,7613.25,2316
1780299000,7613.25,7614.75,7611.75,7613.25,716
1780299300,7613.25,7613.5,7610.25,7610.5,950
1780299600,7610.5,7610.75,7607.5,7609.25,2688
1780299900,7609,7609.5,7607.5,7608.75,709
1780300200,7608.25,7610.25,7607.5,7609.25,857
1780300500,7609.5,7612,7609.5,7611.25,766
1780300800,7611.25,7612.75,7609.5,7609.75,1456
1780301100,7610.25,7611.5,7608.75,7610.5,1036
1780301400,7610.25,7611,7609.25,7609.75,563
1780301700,7609.75,7610.25,7608.25,7609.5,776
1780302000,7609.75,7610.75,7609,7609.25,450
1780302300,7609.5,7609.5,7607.25,7607.75,717
1780302600,7608,7609,7605.75,7607.75,1077
1780302900,7608.25,7608.75,7607,7608.75,472
1780303200,7608.5,7609.75,7607,7609.5,1173
1780303500,7609.5,7610,7606,7609.5,2254
1780303800,7609.5,7612.5,7609,7612.25,1166
1780304100,7612.5,7614.25,7612.5,7614.25,871
1780304400,7614.25,7616.5,7614,7616,1427
1780304700,7615.75,7615.75,7612.25,7613.25,1237
1780305000,7613.25,7614.25,7611.75,7612,647
1780305300,7612,7613.75,7611.5,7613.75,512
1780305600,7613.5,7613.5,7611,7612.25,659
1780305900,7612.25,7613,7611,7612,535
1780306200,7612.25,7612.75,7611.25,7612.5,385
1780306500,7612.75,7612.75,7611.25,7611.75,1017
1780306800,7612,7612.75,7611.5,7612,398
1780307100,7612,7612.25,7610.75,7611,685
1780307400,7611.25,7611.5,7609.5,7610,859
1780307700,7610,7610.25,7608.75,7610,786
1780308000,7610,7611.75,7610,7610.5,648
1780308300,7610.5,7613,7610.25,7613,790
1780308600,7613,7614.75,7613,7614,841
1780308900,7614.25,7615,7613,7613.5,532
1780309200,7613.75,7614,7612.25,7613.5,997
1780309500,7613.75,7615.25,7613.25,7614.75,501
1780309800,7614.75,7616.5,7614.5,7616.25,1072
1780310100,7616.25,7617.75,7616,7616.5,1103
1780310400,7616.75,7617.75,7616,7617,860
1780310700,7617,7617.25,7615,7616.75,777
1780311000,7616.5,7616.75,7616,7616.25,399
1780311300,7616.25,7616.5,7615.75,7616.25,495
1780311600,7616.5,7617.25,7615.25,7615.75,1096
1780311900,7615.75,7616.5,7614.5,7616,915
1780312200,7616,7616.25,7614,7615.25,876
1780312500,7615.25,7616,7613.75,7615.5,744
1780312800,7615.75,7615.75,7614.25,7615,633
1780313100,7614.75,7617,7614.25,7616.75,1124
1780313400,7616.75,7619,7615.25,7618.25,2354
1780313700,7618.5,7621.75,7618.5,7621.75,2675
1780314000,7621.75,7622.5,7618.5,7619.25,1883
1780314300,7619.25,7620,7617.25,7618,1357
1780314600,7618.25,7618.5,7614.5,7615.25,1908
1780314900,7615,7615.5,7613.75,7614,1208
1780315200,7614.25,7614.25,7612.25,7612.75,1689
1780315500,7612.75,7614,7609.25,7609.25,2761
1780315800,7609.25,7611,7608,7608.5,2668
1780316100,7608.5,7610.25,7606.25,7609.25,3752
1780316400,7609,7610.5,7608.75,7609.5,2151
1780316700,7609.25,7611.5,7609,7610.5,1867
1780317000,7610.5,7610.5,7606.75,7608,2449
1780317300,7608.25,7611,7607.75,7610.75,2001
1780317600,7610.5,7614.5,7609.5,7613.75,3628
1780317900,7613.75,7615.75,7612,7612,3400
1780318200,7612.25,7612.25,7609.25,7610,2771
1780318500,7610,7610.25,7608,7608.75,2174
1780318800,7608.75,7609.5,7604.75,7606.5,4528
1780319100,7606.5,7610,7605.25,7609.5,3196
1780319400,7609.75,7610,7581.25,7588.75,57631
1780319700,7588.75,7596.75,7587.75,7589,20509
1780320000,7589,7589.75,7578.25,7578.5,19418
1780320300,7578.25,7583.5,7576.75,7583,15083
1780320600,7583,7590,7576,7586,38974
1780320900,7585.75,7594.5,7584.75,7591.25,26226
1780321200,7591.25,7595,7587.5,7591.25,15410
1780321500,7591.25,7596,7590.75,7592.5,14799
1780321800,7592.75,7596.5,7588.25,7589.5,20022
1780322100,7589.5,7590.75,7584,7585.25,15336
1780322400,7585.25,7591,7582,7585,23337
1780322700,7584.75,7593.25,7583.5,7592.25,17970
1780323000,7592.25,7592.75,7584.25,7587.75,15354
1780323300,7587.75,7596.25,7585.25,7587.5,27227
1780323600,7587.25,7593.75,7586.5,7590.25,14139
1780323900,7590.25,7591.75,7586,7587.25,14442
1780324200,7587,7590.25,7583.75,7585.75,13976
1780324500,7585.75,7587.75,7581.5,7582.25,11565
1780324800,7582.5,7588,7581,7586.5,9878
1780325100,7586.5,7588.5,7583,7585,7632
1780325400,7585,7587.25,7582,7583.75,8150
1780325700,7583.75,7585,7581,7585,5489
1780326000,7585,7587,7582.75,7586.5,7963
1780326300,7586.5,7591.25,7583,7588.5,14879
1780326600,7588.5,7589.5,7585,7587.75,7258
1780326900,7587.5,7589.5,7586,7587,5424
1780327200,7587,7592.25,7586.75,7591,6913
1780327500,7591,7591.5,7588,7590,6093
1780327800,7589.75,7601.75,7589.75,7598.5,44885
1780328100,7598.75,7602.75,7598.25,7602.5,13276
1780328400,7602.5,7603,7600,7601.25,8885
1780328700,7601.5,7601.75,7597.25,7597.25,7788
1780329000,7597.5,7600,7596.25,7598.25,6928
1780329300,7598.5,7598.5,7595,7595.5,6816
1780329600,7595.5,7600.5,7595.5,7597,11164
1780329900,7597.25,7597.5,7595,7596,3947
1780330200,7596.25,7596.25,7591.25,7593.25,14058
1780330500,7593.5,7594.5,7587,7592,12484
1780330800,7592,7595.75,7591.25,7595.5,5718
1780331100,7595.5,7596.75,7593.75,7596.25,6963
1780331400,7596.25,7601,7596,7599.5,16014
1780331700,7599.75,7600.75,7597.25,7599.75,6330
1780332000,7600,7601,7598.75,7599,4078
1780332300,7599,7599.75,7596.75,7599.5,5926
1780332600,7599.25,7607.25,7598.75,7606.75,19662
1780332900,7607,7609.25,7606,7607.75,11718
1780333200,7607.75,7608.5,7602.5,7602.5,11804
1780333500,7602.75,7604.5,7598.75,7599.5,7812
1780333800,7599.25,7602.5,7599.25,7601.5,5134
1780334100,7601.5,7602.5,7599.5,7601.75,3885
1780334400,7601.75,7605.5,7601.5,7604.5,6546
1780334700,7604.5,7614,7603,7613.75,11471
1780335000,7614,7616.25,7606.75,7608,24610
1780335300,7608,7613.5,7607,7613,10342
1780335600,7613,7632.75,7612,7623.5,30604
1780335900,7623.25,7629,7623.25,7625,13621
1780336200,7625,7628,7623.75,7627.75,7119
1780336500,7628,7628.25,7623.25,7624,6581
1780336800,7624.5,7625.5,7623.75,7624.75,3894
1780337100,7624.75,7626.25,7624.25,7625.5,4602
1780337400,7625.5,7626.75,7622,7622.75,5488
1780337700,7622.75,7626.75,7622.25,7626.75,4482
1780338000,7626.75,7627.5,7626,7627,3763
1780338300,7627,7628.25,7626.5,7627.25,3541
1780338600,7627.25,7627.5,7624.25,7626.25,3417
1780338900,7626.25,7627.5,7625,7625.5,2573
1780339200,7625.75,7628,7625,7627.5,3001
1780339500,7627.75,7627.75,7624.5,7624.75,2609
1780339800,7625,7625.75,7623.5,7625,3159
1780340100,7625,7627.25,7624,7624.5,2830
1780340400,7624.25,7625.75,7622.75,7625.5,4888
1780340700,7625.5,7626,7623,7625,4848
1780341000,7625,7625.5,7623.25,7623.25,3106
1780341300,7623.5,7624.75,7622.75,7623.25,3252
1780341600,7623.25,7625,7623,7625,2509
1780341900,7625,7626.75,7624.25,7625.75,3309
1780342200,7625.5,7625.75,7621,7621.25,6099
1780342500,7621.25,7622.25,7619.25,7620.75,8248
1780342800,7620.5,7620.75,7617.75,7619,5137
1780343100,7619,7620,7615,7615.5,8377
1780343400,7615.75,7617,7611,7611.5,11998
1780343700,7611.75,7614.25,7610.5,7613.75,19754
1780344000,7614,7615.5,7613.25,7614.75,5573
1780344300,7615,7616,7613.5,7614.25,2211
1780344600,7614.5,7616.25,7613.75,7615.75,1350
1780344900,7615.5,7615.5,7613.25,7614.25,1406
1780345200,7614.25,7614.75,7613,7613.5,539
1780345500,7613.5,7613.5,7610.75,7611.75,1177
1780345800,7611.75,7614.25,7610.5,7613.75,1435
1780346100,7614,7614.75,7613,7613,938
1780346400,7612.75,7618.25,7612.25,7615,3380
1780346700,7615,7615.25,7610,7612,2763
1780347000,7612,7612.25,7607.5,7608.25,2047
1780347300,7608.5,7609.5,7606.5,7608.25,2403
1780351200,7610.75,7612,7600.5,7601.25,3327
1780351500,7601.5,7602.5,7595.5,7599.5,3505
1780351800,7599.75,7600.75,7598.25,7598.5,1534
1780352100,7598.5,7600.25,7598,7598.25,1203
1780352400,7598,7599.25,7594.5,7597.5,1813
1780352700,7597.5,7598,7593.75,7594.5,1382
1780353000,7594.5,7596,7594,7594.75,946
1780353300,7595,7595.75,7592,7593.25,1356
1780353600,7592.75,7594,7590.75,7592.25,1247
1780353900,7592.25,7594,7592,7593.25,1018
1780354200,7593,7594,7592,7592.25,768
1780354500,7592.25,7595.5,7591.25,7595.25,1360
1780354800,7595.5,7596.25,7594.75,7595.75,1179
1780355100,7595.5,7596,7593.5,7595.75,825
1780355400,7596,7596,7594.75,7594.75,528
1780355700,7594.75,7596.5,7594,7596.25,489
1780356000,7596.25,7596.25,7595.75,7596.25,297
1780356300,7596,7596.5,7594.75,7595,496
1780356600,7595.5,7596.25,7593.5,7596,837
1780356900,7596,7598.5,7594.5,7596,1990
1780357200,7595.75,7598,7594.75,7595.5,1217
1780357500,7595.25,7596.5,7592,7592.5,1277
1780357800,7592.75,7595.25,7592,7595.25,637
1780358100,7595,7596.25,7594,7596,692
1780358400,7596,7596,7592.25,7593,1316
1780358700,7592.75,7593.5,7587.25,7587.75,4088
1780359000,7587.75,7590,7586.75,7588.5,2127
1780359300,7588.25,7591.25,7585.5,7586.75,2763
1780359600,7587,7588.25,7584.25,7584.75,1395
1780359900,7584.75,7587,7583.5,7587,1507
1780360200,7586.75,7589.75,7586.25,7588.5,1598
1780360500,7588.5,7590,7585.5,7586,1441
1780360800,7586,7587,7583.5,7585.25,1408
1780361100,7585,7585.75,7583,7584.25,999
1780361400,7584,7584.25,7581.5,7581.75,1065
1780361700,7581.5,7583,7580,7582,1968
1780362000,7581.5,7583.75,7580,7581.75,2397
1780362300,7581.75,7583.75,7581,7581.5,1335
1780362600,7581.25,7586,7581,7585.25,1716
1780362900,7585.5,7586,7582.5,7584.75,1258
1780363200,7584.5,7585.5,7582.75,7584.25,1125
1780363500,7584.25,7584.5,7578.75,7582.75,2086
1780363800,7583,7584.75,7582.5,7584,1232
1780364100,7584,7584.5,7579.75,7580.25,1219
1780364400,7580.25,7584.75,7579.25,7580.75,2661
1780364700,7581,7581,7578,7578.75,1845
1780365000,7578.75,7579.75,7577.75,7579.25,1047
1780365300,7579.5,7580.5,7577.5,7577.5,878
1780365600,7577.5,7579.75,7577.5,7578.25,1126
1780365900,7578.25,7579,7577,7577.25,1186
1780366200,7577.5,7578.75,7577.25,7578.25,724
1780366500,7578.25,7580.5,7577.25,7580.25,990
1780366800,7580.25,7581.75,7579.5,7579.75,1212
1780367100,7580,7581,7578.75,7579.75,627
1780367400,7580,7581.5,7580,7581.25,886
1780367700,7581.25,7582.75,7581,7582.25,878
1780368000,7582.25,7583.25,7580.75,7581.75,735
1780368300,7582,7582.5,7580,7580.5,687
1780368600,7580.25,7581.75,7580,7580.25,468
1780368900,7580.25,7582.5,7580.25,7581.5,424
1780369200,7581.25,7582.75,7580.5,7581,748
1780369500,7581.25,7582.25,7579,7579.75,1057
1780369800,7579.75,7579.75,7577.75,7578.5,1021
1780370100,7578.5,7580.25,7577.25,7577.5,1033
1780370400,7577.5,7578.75,7576.25,7578.75,1435
1780370700,7578.75,7579.75,7577.25,7578,933
1780371000,7578,7579,7577,7577.25,1020
1780371300,7577.5,7580.5,7577.25,7579.25,739
1780371600,7579.5,7580.5,7578,7580,487
1780371900,7580,7581.5,7579.75,7581.5,624
1780372200,7581.5,7582,7580.5,7581,740
1780372500,7581,7582,7580.5,7582,397
1780372800,7581.75,7583,7581.25,7582.75,755
1780373100,7582.75,7584.75,7582.75,7583.5,1217
1780373400,7583.75,7584.5,7582.25,7582.5,598
1780373700,7582.5,7583.5,7581.5,7581.5,733
1780374000,7581.75,7584,7581.75,7583.25,619
1780374300,7583.25,7586.75,7582.75,7585.5,1017
1780374600,7585.5,7586,7584.75,7585.25,752
1780374900,7585,7585.5,7584,7585.5,495
1780375200,7585.25,7586,7584.75,7585.75,389
1780375500,7585.5,7589,7585.25,7588,1321
1780375800,7588,7589.5,7587.75,7588.75,670
1780376100,7588.75,7590.75,7588.25,7590.5,977
1780376400,7590.5,7591.75,7588.75,7588.75,1261
1780376700,7589,7591,7588.25,7590.5,715
1780377000,7590.5,7593,7590,7592.75,826
1780377300,7592.75,7593,7591.5,7592.5,451
1780377600,7592.5,7594,7592.25,7593.75,617
1780377900,7593.75,7594.25,7592.75,7593.5,515
1780378200,7593.75,7595.75,7593.75,7595.75,854
1780378500,7595.75,7596.75,7593.75,7594,1147
1780378800,7594.25,7595.25,7593.75,7595.25,409
1780379100,7595.25,7595.25,7592.5,7593.5,549
1780379400,7593.5,7593.75,7592,7592.75,636
1780379700,7592.75,7594.5,7592,7594,612
1780380000,7594.25,7596.25,7593.75,7595.25,1426
1780380300,7595.25,7597.75,7595,7595.75,1085
1780380600,7595.5,7596.5,7595,7596.25,576
1780380900,7596.5,7598,7596.25,7597.25,741
1780381200,7597.5,7598.75,7597,7597.75,844
1780381500,7597.75,7598,7597,7597.25,498
1780381800,7597.25,7597.75,7595.25,7597,921
1780382100,7597,7600.25,7596.5,7599.5,2886
1780382400,7599.25,7600.25,7598.5,7598.5,596
1780382700,7598.5,7601,7598.25,7600,637
1780383000,7600.25,7600.5,7599.25,7600.25,446
1780383300,7600.25,7602.25,7600,7601.5,1038
1780383600,7601.5,7604,7601.25,7603.5,1580
1780383900,7603.75,7605.5,7603.25,7604.75,1232
1780384200,7604.75,7605.25,7604.25,7604.75,619
1780384500,7604.5,7605.25,7603.75,7604.5,716
1780384800,7604.5,7606.25,7604.5,7605.25,1038
1780385100,7605.25,7605.5,7603,7604.25,990
1780385400,7604,7604.25,7602.25,7603.5,835
1780385700,7603.25,7605,7602.75,7603.25,584
1780386000,7603,7605.25,7602.75,7604.25,665
1780386300,7604.25,7604.5,7602.25,7603.25,855
1780386600,7603.25,7606.25,7602.75,7605.75,833
1780386900,7605.75,7606.5,7605,7606.25,708
1780387200,7606.25,7610.5,7606.25,7610,2331
1780387500,7610,7610.5,7607,7608.75,1340
1780387800,7608.5,7608.75,7605.5,7606.75,1030
1780388100,7606.5,7609,7606.25,7606.5,844
1780388400,7606.5,7607.5,7604,7606,2290
1780388700,7606,7606.75,7603.25,7603.75,1479
1780389000,7604,7606.75,7603.5,7605.5,1111
1780389300,7605.5,7606.5,7605,7606,757
1780389600,7606.25,7607.5,7605,7605.25,675
1780389900,7605.5,7607.75,7605,7607.25,579
1780390200,7607.25,7607.5,7606,7606.75,575
1780390500,7606.5,7606.75,7604.75,7605.75,486
1780390800,7605.5,7605.5,7601.75,7602.25,1168
1780391100,7602.5,7604.5,7602.25,7604.25,499
1780391400,7604.5,7604.5,7602,7602.5,445
1780391700,7602.75,7604.25,7602,7603.25,565
1780392000,7603.25,7603.25,7599,7600.25,1259
1780392300,7600.5,7601.5,7598.75,7600.25,1110
1780392600,7600.5,7601.25,7599.5,7601.25,707
1780392900,7601,7601.25,7599.25,7601.25,507
1780393200,7601,7605.25,7598.75,7604.5,2701
1780393500,7604.5,7605.5,7603.75,7605,893
1780393800,7605,7605.75,7602.5,7602.75,1242
1780394100,7602.75,7603.5,7601,7601.5,1231
1780394400,7601.25,7601.75,7599.25,7601,1076
1780394700,7601.25,7602.25,7601,7602,505
1780395000,7601.75,7603.5,7601.25,7601.5,776
1780395300,7601.75,7603.25,7601.25,7603,812
1780395600,7603.25,7603.25,7601.75,7603,502
1780395900,7603,7603,7600.75,7602.25,743
1780396200,7602,7602.5,7600.75,7600.75,515
1780396500,7600.75,7600.75,7599,7600.25,689
1780396800,7600.5,7600.75,7599.25,7600,369
1780397100,7600,7600.75,7598.75,7599,713
1780397400,7599.25,7600.75,7599.25,7600.75,458
1780397700,7600.75,7601,7598.75,7598.75,685
1780398000,7599,7599.75,7595.25,7596,2041
1780398300,7595.75,7598,7595.75,7598,959
1780398600,7598,7600.25,7597.5,7598.5,1582
1780398900,7598.5,7599,7596.75,7597.25,1035
1780399200,7597.5,7597.75,7596,7596.5,886
1780399500,7596.25,7598.75,7596.25,7598.5,794
1780399800,7598.75,7602.5,7598.5,7600.75,3501
1780400100,7600.5,7601.75,7599.5,7601.25,1023
1780400400,7601.5,7601.75,7598.5,7599,842
1780400700,7599,7599.25,7597.75,7598.25,793
1780401000,7598,7599,7597.5,7598.5,580
1780401300,7598.5,7598.75,7596,7596.25,1057
1780401600,7596.25,7597.75,7595,7597.25,1377
1780401900,7597.5,7599.5,7596.75,7599.5,1503
1780402200,7599.25,7600.25,7597.75,7598.25,1191
1780402500,7598.5,7600,7597.25,7597.75,1120
1780402800,7597.75,7602.5,7597.75,7602.25,2883
1780403100,7602.25,7602.75,7600.25,7601.25,1500
1780403400,7601,7601.75,7597.25,7599.25,2210
1780403700,7599.25,7600.25,7597.25,7598.75,1412
1780404000,7599,7601.75,7599,7601.25,1831
1780404300,7601.5,7601.5,7598.75,7599.25,1130
1780404600,7599.5,7600.5,7596.75,7597,1317
1780404900,7597,7597.75,7596.5,7597,858
1780405200,7597,7598.25,7595.75,7596.5,2773
1780405500,7596.5,7598,7587.5,7591.5,8780
1780405800,7591.75,7594.25,7590,7591.75,4098
1780406100,7591.75,7595.25,7590.75,7594,2843
1780406400,7594,7597.75,7593.75,7597.25,3254
1780406700,7597.5,7599.5,7594.75,7598,6228
1780407000,7598.25,7605.25,7596.5,7602.5,27880
1780407300,7602.5,7603.75,7597.5,7597.75,17720
1780407600,7597.75,7601.25,7595.5,7601.25,17916
1780407900,7601,7604.75,7600.75,7604.25,14042
1780408200,7604.25,7605.5,7602,7602.75,12431
1780408500,7602.75,7604.5,7601.25,7604,9836
1780408800,7604,7606,7599.25,7605.75,13661
1780409100,7605.75,7607,7603.75,7606.75,11195
1780409400,7606.75,7611.5,7606.25,7609.5,16520
1780409700,7609.5,7611.25,7607.75,7611,12216
1780410000,7610.75,7612.5,7606.75,7608,15924
1780410300,7608,7610.5,7603,7605,18228
1780410600,7605,7613.25,7604.75,7613.25,16726
1780410900,7613.25,7616,7612.25,7613,12335
1780411200,7613,7617.25,7611.75,7617,10751
1780411500,7617,7621,7616,7620.75,11216
1780411800,7620.75,7624,7620,7623.25,11805
1780412100,7623.5,7625.25,7621.5,7625.25,8807
1780412400,7625.25,7625.75,7622,7622.75,9679
1780412700,7622.75,7629.25,7621.5,7629.25,12753
1780413000,7629.25,7630,7626.25,7628,9029
1780413300,7628,7629.75,7627.25,7629.5,5857
1780413600,7629.5,7632,7628.75,7630,8944
1780413900,7630,7631,7626.5,7627,8011
1780414200,7626.75,7627.25,7624.75,7625.75,8513
1780414500,7626,7628.5,7625.25,7625.75,7801
1780414800,7626,7626.5,7623.75,7624.5,6606
1780415100,7624.5,7627.25,7623.75,7625,6155
1780415400,7625.25,7626.25,7623.5,7624.75,4708
1780415700,7624.75,7626.5,7623.75,7624.75,4518
1780416000,7624.75,7625.25,7621.5,7623.25,7696
1780416300,7623.25,7626.75,7622.75,7625,11490
1780416600,7625,7628,7624.25,7626.5,6272
1780416900,7626.5,7626.75,7622.75,7623.25,5664
1780417200,7623.25,7624,7620,7623.25,8597
1780417500,7623,7623.5,7620.5,7621,4039
1780417800,7621,7623.25,7620,7620.5,4836
1780418100,7620.5,7621.5,7618.75,7620,6272
1780418400,7620.25,7622.25,7620,7620.75,4481
1780418700,7620.75,7624.75,7620.5,7624.75,5090
1780419000,7624.75,7626.25,7624,7624.5,5045
1780419300,7624.25,7627.25,7624,7626.5,4058
1780419600,7626.5,7627.25,7624.5,7626.75,4366
1780419900,7626.75,7627.5,7624,7625.5,7087
1780420200,7625.5,7626.75,7623.75,7626.5,2676
1780420500,7626.75,7626.75,7620.5,7621.5,7220
1780420800,7621.75,7622.75,7618.75,7619.25,6292
1780421100,7619.25,7619.5,7617,7618,6473
1780421400,7618.25,7621.25,7617.5,7618.5,6326
1780421700,7618.5,7619,7615.5,7616,5707
1780422000,7616,7620,7615.5,7618.75,5843
1780422300,7618.5,7620.5,7618.25,7620.25,3867
1780422600,7620,7621,7618.75,7618.75,3809
1780422900,7618.75,7618.75,7616,7616.5,3873
1780423200,7616.75,7618.5,7616,7617,3549
1780423500,7616.75,7620,7616.75,7619.5,3329
1780423800,7619.25,7621.75,7618,7618.5,6050
1780424100,7618.5,7618.75,7616.5,7617.25,3457
1780424400,7617.25,7619,7616.5,7617.75,3090
1780424700,7617.75,7619,7616.75,7617.5,2911
1780425000,7617.5,7620.25,7617,7618,4073
1780425300,7618,7618,7614.75,7615,5454
1780425600,7615,7617.25,7614.25,7616.5,5326
1780425900,7616.5,7618.25,7615.75,7618,3357
1780426200,7618,7619,7616.5,7617.5,2875
1780426500,7617.5,7620,7617.25,7618.75,3412
1780426800,7618.75,7622.25,7618.75,7622,6335
1780427100,7621.75,7622.25,7620.5,7622,3510
1780427400,7622,7622.75,7620,7620.5,4077
1780427700,7620.5,7622,7620.25,7621.25,2943
1780428000,7621.25,7623.75,7621,7623.5,4350
1780428300,7623.5,7623.75,7620.5,7621.5,3986
1780428600,7621.5,7623,7621,7622.5,3236
1780428900,7622.5,7623,7621,7621.25,2282
1780429200,7621.25,7622.25,7620,7620,4071
1780429500,7620,7623,7619.5,7622.75,5334
1780429800,7623,7625.5,7620.75,7624,10397
1780430100,7623.5,7625.25,7622.25,7623.5,15146
1780430400,7623.5,7627.5,7623.25,7627.5,6340
1780430700,7627.5,7630,7627.25,7628,5063
1780431000,7627.75,7629,7626.75,7627,1817
1780431300,7627,7629.25,7626.25,7629,1254
1780431600,7629,7629.5,7626.5,7627,1244
1780431900,7627,7627,7625.75,7626.25,1080
1780432200,7626.25,7626.5,7625.75,7626.5,802
1780432500,7626.5,7628,7626.5,7627.25,899
1780432800,7627.25,7628.5,7627,7628,918
1780433100,7628,7628.5,7627.25,7628.25,961
1780433400,7628,7629,7628,7628.5,812
1780433700,7628.5,7629,7627.75,7628.25,869
1780437600,7628.25,7628.5,7623,7623.25,2575
1780437900,7623.25,7626.5,7623.25,7624.75,1447
1780438200,7624.75,7626.5,7622,7623.5,1549
1780438500,7623.5,7624.25,7622.75,7624,772
1780438800,7624,7626,7624,7625,1032
1780439100,7625,7626,7623.75,7625,606
1780439400,7625,7627,7624.75,7625.75,877
1780439700,7625.5,7626.25,7624.5,7625,485
1780440000,7625,7626,7624.75,7625.5,551
1780440300,7625.5,7626.5,7623.75,7625.25,650
1780440600,7625,7625.5,7621.5,7622.25,1824
1780440900,7622.5,7623.75,7620.5,7621.5,1178
1780441200,7621.5,7622,7616.25,7616.75,2057
1780441500,7616.75,7618.75,7616,7616,1549
1780441800,7616.25,7617,7614.5,7616,1688
1780442100,7616,7616.25,7608.75,7609.75,4667
1780442400,7609.5,7609.75,7603,7605.75,8024
1780442700,7605.5,7610.5,7602.5,7610.25,4952
1780443000,7610.25,7612.75,7607.75,7610,3882
1780443300,7610.25,7616.75,7610,7616.25,3978
1780443600,7616.25,7622.75,7615.5,7621.25,3935
1780443900,7621.5,7622.5,7618.75,7620.5,2319
1780444200,7620.5,7623.25,7618.75,7622.5,2207
1780444500,7622.5,7626,7620.75,7624.5,2878
1780444800,7624.75,7626.75,7623.75,7625.25,2273
1780445100,7625.5,7625.75,7621.5,7622.75,1983
1780445400,7622.75,7623.25,7620.25,7620.5,1385
1780445700,7620.5,7624,7619.5,7623.5,1759
1780446000,7623.25,7624.5,7620.75,7621.5,1112
1780446300,7621.25,7622.5,7620.25,7622.5,749
1780446600,7622.5,7624,7621.5,7623.25,864
1780446900,7623,7625.5,7622,7624.75,867
1780447200,7624.75,7625.75,7624.25,7625.75,908
1780447500,7625.5,7626.5,7625,7625.25,862
1780447800,7625.5,7627,7625,7625.5,987
1780448100,7625.5,7626.25,7624.75,7625.5,602
1780448400,7625.25,7626,7620.75,7621.5,1941
1780448700,7621.5,7622.75,7620,7621.5,1244
1780449000,7621.5,7622.5,7620.25,7620.5,778
1780449300,7620.5,7622,7619.75,7621.5,662
1780449600,7621.75,7621.75,7620.25,7621,250
1780449900,7621,7622,7620.75,7621.75,381
1780450200,7621.25,7623,7620,7622.75,1510
1780450500,7623,7623.5,7619.75,7620.5,1155
1780450800,7620.75,7621,7619.25,7620.75,984
1780451100,7620.75,7620.75,7619,7620.25,811
1780451400,7620.25,7622.5,7619.5,7621.5,739
1780451700,7621.5,7622.25,7620.75,7621.75,395
1780452000,7622,7622.5,7620.75,7621.75,418
1780452300,7621.5,7622.25,7620.25,7621.25,364
1780452600,7621.25,7623,7621.25,7622.75,481
1780452900,7622.75,7623.25,7622,7622.5,444
1780453200,7622.5,7622.75,7620.25,7620.5,628
1780453500,7620.5,7622.75,7620,7621.25,906
1780453800,7621.5,7621.75,7620.5,7621.25,307
1780454100,7621.25,7622.75,7620.5,7622.5,445
1780454400,7622.5,7622.75,7621.5,7621.5,337
1780454700,7621.5,7621.5,7620.25,7620.75,306
1780455000,7620.75,7621.25,7620,7620.25,427
1780455300,7620.5,7621.5,7620.25,7621.25,224
1780455600,7621.25,7622,7620.75,7621.75,282
1780455900,7622,7622.25,7621,7621.25,241
1780456200,7621.5,7622.75,7621.5,7622.75,289
1780456500,7622.5,7622.75,7622,7622.25,486
1780456800,7622.25,7624.5,7622.25,7624,927
1780457100,7624,7624,7621.25,7621.5,642
1780457400,7621.5,7622.75,7621.5,7622.5,394
1780457700,7622.75,7623,7622,7622,206
1780458000,7622,7623.75,7622,7623,282
1780458300,7623.25,7623.5,7622,7622,232
1780458600,7622,7623,7621.75,7623,423
1780458900,7623.25,7624,7623,7623.75,379
1780459200,7623.5,7625,7623.25,7624.75,626
1780459500,7624.75,7625.25,7624.25,7624.75,415
1780459800,7624.75,7625.5,7624.25,7625.25,465
1780460100,7625.25,7625.75,7624,7624.75,516
1780460400,7624.5,7625,7624.5,7625,88
1780460700,7625,7625.25,7624.25,7624.75,218
1780461000,7624.75,7625.5,7624.25,7625.5,244
1780461300,7625.75,7625.75,7624,7624.5,428
1780461600,7624.5,7625,7624.25,7625,209
1780461900,7624.75,7625,7622.5,7623.25,540
1780462200,7623.25,7623.5,7622.5,7622.75,203
1780462500,7622.5,7623,7622,7622.25,348
1780462800,7622.5,7622.5,7619.5,7621.25,1076
1780463100,7621.25,7622.75,7620.75,7622.5,375
1780463400,7622.25,7624.25,7622.25,7623.5,630
1780463700,7623.5,7624,7622.75,7623.5,325
1780464000,7623.5,7624.25,7623.25,7624.25,253
1780464300,7624.25,7624.5,7621.5,7622,446
1780464600,7622,7622,7618.75,7620,1065
1780464900,7619.75,7621.5,7619.75,7621.25,570
1780465200,7621.5,7622,7619.25,7619.5,424
1780465500,7619.5,7620,7618.75,7619.25,442
1780465800,7619.5,7619.75,7617.5,7619.5,977
1780466100,7619.5,7620,7618.25,7619.25,562
1780466400,7619,7622,7618.5,7621.5,959
1780466700,7621.25,7621.75,7618.5,7618.75,1048
1780467000,7618.75,7619,7615.75,7618,1391
1780467300,7617.75,7618.25,7617,7617.25,521
1780467600,7617.5,7618.5,7617,7618.5,483
1780467900,7618.5,7619.25,7617.5,7618.5,618
1780468200,7618.5,7618.75,7616.75,7617.5,665
1780468500,7617.5,7621,7617.5,7620.5,877
1780468800,7620.25,7621.5,7617.5,7619.5,2385
1780469100,7619.5,7619.75,7617.25,7618,1207
1780469400,7618.25,7619.5,7617.75,7618,542
1780469700,7618,7619,7617.5,7619,192
1780470000,7619,7619.75,7617.75,7618.75,739
1780470300,7619,7621.5,7619,7621.25,903
1780470600,7621,7623.5,7620.5,7622.25,1190
1780470900,7622.5,7623.25,7621.25,7622.75,518
1780471200,7622.5,7622.5,7619.25,7619.5,621
1780471500,7619.75,7620.75,7618.5,7619,878
1780471800,7619,7620.5,7618.25,7618.75,712
1780472100,7618.75,7619.25,7617.5,7618,997
1780472400,7618.25,7618.25,7615.75,7617.5,1175
1780472700,7617.5,7618.75,7617,7618.25,468
1780473000,7618,7620.5,7617.75,7619.5,578
1780473300,7619.75,7620.5,7619.25,7620,320
1780473600,7620.25,7620.5,7617.5,7619.75,1118
1780473900,7619.75,7620.5,7617.5,7619.25,1909
1780474200,7619,7622,7619,7619.5,734
1780474500,7619.75,7620.75,7618.25,7619,959
1780474800,7619,7619,7615.5,7616.75,1903
1780475100,7616.5,7621.5,7616.5,7621.5,1190
1780475400,7621.5,7622,7619.75,7621.25,937
1780475700,7621,7621.25,7618.25,7619.25,832
1780476000,7618.75,7619.75,7618,7618.75,516
1780476300,7619,7620,7617.75,7619,921
1780476600,7619,7619.75,7617.5,7618.25,363
1780476900,7618,7619.25,7617.5,7618.75,316
1780477200,7618.75,7619,7617.5,7618.75,565
1780477500,7618.75,7621.5,7618.5,7621.5,698
1780477800,7621.25,7621.75,7618.5,7619,663
1780478100,7619,7619.75,7617.75,7619,526
1780478400,7619.25,7620.25,7616.5,7617.25,1068
1780478700,7617.5,7619.5,7617.25,7618.75,559
1780479000,7618.75,7619.25,7616.5,7616.5,622
1780479300,7616.5,7617,7615.5,7616,775
1780479600,7616,7616.25,7614.5,7615.5,1070
1780479900,7615.5,7615.5,7613.25,7614.25,1344
1780480200,7614,7615.75,7613.5,7613.75,747
1780480500,7613.75,7614.25,7611.25,7612,1098
1780480800,7611.75,7612.25,7610.5,7610.75,1288
1780481100,7611,7622.25,7611,7617.25,9479
1780481400,7617.25,7618.75,7615,7616.5,1872
1780481700,7616.5,7616.75,7613.75,7614.5,1015
1780482000,7614.75,7615.5,7613.5,7615.25,766
1780482300,7615.25,7616,7613.75,7616,948
1780482600,7616.25,7618,7615.25,7616,1303
1780482900,7616,7616,7614,7614.5,1011
1780483200,7614.5,7614.75,7611,7611,1183
1780483500,7611.25,7612.5,7610.75,7611.5,1099
1780483800,7611.5,7614.25,7611.25,7614,709
1780484100,7614,7615.75,7614,7615,772
1780484400,7614.5,7618.25,7614.5,7617.5,1498
1780484700,7617.75,7618,7615,7616,752
1780485000,7616,7617.5,7615.75,7616.75,673
1780485300,7616.75,7617.5,7615.75,7617.25,680
1780485600,7617.5,7617.75,7616.25,7617.5,718
1780485900,7617.5,7618.75,7616.75,7617.5,1082
1780486200,7617.5,7620.5,7617.5,7619.25,1403
1780486500,7619.25,7619.75,7617.75,7619.25,810
1780486800,7619,7619.5,7618,7618.75,530
1780487100,7618.75,7619.25,7617,7617.5,882
1780487400,7617.5,7618.75,7616.75,7617.5,807
1780487700,7617.25,7618.25,7616.25,7616.25,971
1780488000,7616.5,7619,7616,7618.25,1857
1780488300,7618,7618.5,7616,7616.5,970
1780488600,7616.75,7618.5,7616.25,7617.25,1001
1780488900,7617,7617,7612.5,7613.5,2249
1780489200,7613.5,7614.75,7613,7613,1349
1780489500,7613,7613.25,7611.25,7611.25,1780
1780489800,7611.25,7611.5,7607.5,7608.5,5346
1780490100,7608.25,7608.75,7603.75,7605,4429
1780490400,7605,7608.5,7604.5,7608,3480
1780490700,7607.75,7609.25,7606.5,7608.5,2305
1780491000,7608.75,7610,7606.75,7607,2088
1780491300,7606.75,7607.5,7603.75,7607,3598
1780491600,7606.75,7608,7605.25,7607.75,2055
1780491900,7607.5,7608.75,7606.75,7608.5,2422
1780492200,7608.25,7608.75,7606,7607.5,2385
1780492500,7607.5,7608.25,7605.25,7606.75,2343
1780492800,7606.75,7608.5,7606,7608.5,2946
1780493100,7608.5,7609.25,7606,7608.25,4646
1780493400,7608.5,7614.75,7606.75,7609.25,24744
1780493700,7609.25,7609.5,7602.5,7605.75,24298
1780494000,7605.75,7605.75,7591.75,7592.75,27231
1780494300,7592.25,7594.5,7575.25,7578.5,46260
1780494600,7578.25,7589.75,7574,7585,37102
1780494900,7585,7590,7584.25,7586.25,17917
1780495200,7586,7593.75,7585.25,7590.5,21567
1780495500,7590.5,7592.5,7588.25,7591.25,13525
1780495800,7591.5,7596.5,7591.25,7596.25,14230
1780496100,7596.25,7597,7587,7589.25,22404
1780496400,7589.5,7593,7587,7590.25,15557
1780496700,7590.25,7595.25,7590,7595,9134
1780497000,7594.75,7597.75,7592,7592.75,12476
1780497300,7593.25,7597.25,7590.75,7596.25,11115
1780497600,7596.25,7596.25,7591.5,7591.5,7584
1780497900,7591.5,7592.25,7586.25,7587.5,13874
1780498200,7587.25,7591.5,7583.75,7589.5,14217
1780498500,7589.5,7590.5,7586.5,7589,6604
1780498800,7589.25,7592.25,7588.75,7590,7655
1780499100,7590,7590.5,7585.5,7588.75,8431
1780499400,7588.5,7592,7586.5,7587.25,5232
1780499700,7587.25,7589.75,7585.75,7587.75,5725
1780500000,7588,7589.25,7580.5,7582.75,12936
1780500300,7582.75,7589,7580.25,7588.5,12437
1780500600,7588.5,7590,7581.75,7583.5,11561
1780500900,7583.5,7584.75,7578.75,7580.5,11527
1780501200,7580.75,7581.5,7578,7579.25,10062
1780501500,7579,7580,7574.75,7579.25,12376
1780501800,7579,7582.75,7577,7580,9212
1780502100,7579.75,7581.5,7577.75,7579.25,4578
1780502400,7579.25,7581.5,7576.75,7580.75,6471
1780502700,7580.5,7582,7576.25,7578,8438
1780503000,7577.75,7581,7577.5,7579.75,4690
1780503300,7579.75,7579.75,7571.75,7576.25,11806
1780503600,7576,7576.75,7567.5,7568.25,13440
1780503900,7568,7571.5,7565.75,7570.25,16094
1780504200,7570,7573.5,7569,7571,9977
1780504500,7571,7571.25,7565.75,7566,8844
1780504800,7566,7567.75,7562.5,7567.75,13584
1780505100,7567.75,7573.25,7567.5,7572.75,10783
1780505400,7572.75,7575,7570.5,7572.5,11648
1780505700,7572.75,7578.75,7571,7578.25,12174
1780506000,7578.25,7578.5,7573,7574,7910
1780506300,7573.75,7578.75,7572,7576,10443
1780506600,7576,7576.75,7568,7570,10236
1780506900,7569.75,7571,7567,7568.75,6949
1780507200,7568.75,7572.75,7568.25,7572.5,5483
1780507500,7572.5,7573.75,7570.25,7573.25,5416
1780507800,7573.25,7576.25,7568.75,7576,8194
1780508100,7576.25,7578.75,7575,7577.25,6488
1780508400,7577,7581,7576.5,7579.25,6685
1780508700,7579.25,7580.5,7577.75,7579.25,4953
1780509000,7579.5,7583.75,7579.25,7583.75,6962
1780509300,7583.75,7585,7582.5,7583,5915
1780509600,7583.25,7583.75,7581,7582.75,5721
1780509900,7582.75,7583,7579.75,7580.75,4654
1780510200,7580.75,7582.25,7578.5,7580.5,4640
1780510500,7580.75,7582.25,7577,7582.25,6842
1780510800,7582.25,7584.5,7578.25,7584.25,7223
1780511100,7584.5,7587.75,7584,7587.25,7993
1780511400,7587,7588,7584.25,7584.75,6075
1780511700,7584.5,7586.25,7582.75,7584.75,5664
1780512000,7584.75,7585.25,7583,7584.5,3597
1780512300,7584.75,7586.25,7583.25,7583.5,3364
1780512600,7583.25,7585,7582.25,7583.75,4126
1780512900,7583.5,7585,7582.75,7583.25,3300
1780513200,7583.25,7583.5,7575.75,7577.75,11816
1780513500,7577.75,7581.25,7577.5,7578.75,5428
1780513800,7579,7579.25,7574.25,7577.5,7506
1780514100,7577.5,7581.75,7576.25,7578.75,8153
1780514400,7578.5,7579.25,7574.25,7574.25,5399
1780514700,7574.5,7576,7573.25,7575.75,5538
1780515000,7575.75,7577,7573.5,7575.5,5918
1780515300,7575.5,7581.75,7574.75,7581,6824
1780515600,7580.75,7582.75,7579.75,7580.75,5867
1780515900,7580.5,7582.5,7578.75,7581.5,6165
1780516200,7581.25,7582.25,7573.5,7574.25,22368
1780516500,7574,7577,7568.5,7572.25,42741
1780516800,7572.5,7573.5,7567.5,7569.5,8394
1780517100,7569.25,7569.75,7566,7567.75,3414
1780517400,7567.75,7570,7566,7567.25,2663
1780517700,7567.5,7568.25,7551,7559.5,12086
1780518000,7559.5,7565.25,7559,7563,4084
1780518300,7563,7563.25,7557.5,7558.75,2592
1780518600,7558.5,7559.25,7554.5,7556,2652
1780518900,7556,7557.25,7550,7552.5,3052
1780519200,7552.25,7552.25,7543,7544.25,4839
1780519500,7544.25,7549,7544,7545,3023
1780519800,7544.75,7546.5,7543,7544.5,1960
1780520100,7544.75,7547.5,7541.75,7547.25,2063
1780524000,7541.5,7545.5,7533.25,7541.75,6814
1780524300,7541.75,7542.75,7537.25,7542.5,2936
1780524600,7542.75,7542.75,7535.5,7540,2641
1780524900,7540.25,7540.5,7534.25,7534.75,2392
1780525200,7534.75,7539.75,7533,7536.5,2916
1780525500,7536.5,7540.25,7536.25,7538,1774
1780525800,7537.75,7541.25,7537.25,7541,2356
1780526100,7540.75,7541,7535.75,7537.25,2213
1780526400,7537,7539,7534.75,7537.25,1695
1780526700,7537,7537.75,7533.5,7535.25,1491
1780527000,7535,7535,7530.5,7535,3715
1780527300,7534.75,7546.25,7533.75,7543.75,6087
1780527600,7543.5,7544.5,7538.25,7539.25,3047
1780527900,7539.25,7539.75,7534.75,7535.25,2662
1780528200,7535,7537.75,7534.5,7537,1406
1780528500,7537.5,7537.75,7532.75,7534.25,1740
1780528800,7534.25,7535.25,7531.5,7532.5,1544
1780529100,7532.5,7535.75,7532,7534.75,1706
1780529400,7535,7537.5,7529.25,7531,3028
1780529700,7531,7531.75,7529,7530.5,2057
1780530000,7530.5,7533.25,7530,7530.75,1491
1780530300,7531,7532.25,7529,7531.5,1745
1780530600,7531.5,7537.75,7530.75,7537.75,2463
1780530900,7537.5,7538.5,7534,7534.5,1589
1780531200,7534.25,7543.5,7531.75,7541.25,7589
1780531500,7541,7543,7539.5,7541,1634
1780531800,7541.25,7543,7538.75,7539.75,1519
1780532100,7539.75,7544,7535.5,7540.75,3503
1780532400,7541.25,7542.25,7537.5,7539,1398
1780532700,7539,7541.25,7538,7540.5,1073
1780533000,7540.25,7547.5,7540.25,7547,2630
1780533300,7547,7548.75,7542.25,7543.5,2192
1780533600,7543.5,7546.75,7542.75,7546.75,1126
1780533900,7546.5,7547,7543.75,7544.75,1290
1780534200,7545.25,7546.5,7542.25,7546.5,1161
1780534500,7546.5,7547,7544,7546.5,965
1780534800,7546.5,7548.5,7545.75,7546.75,1479
1780535100,7546.75,7549,7546.5,7548.75,1459
1780535400,7548.75,7551.25,7547.5,7549.25,2387
1780535700,7549.5,7549.5,7544,7544.75,1772
1780536000,7544.75,7547.75,7544.25,7544.75,963
1780536300,7544.25,7546.75,7542.75,7545.25,1354
1780536600,7545.5,7551,7545.5,7549.25,1660
1780536900,7549.5,7551,7547.25,7548,1282
1780537200,7547.75,7548,7543.25,7544.75,1238
1780537500,7544.5,7545.5,7541.75,7544.75,1538
1780537800,7544.75,7544.75,7537,7537.5,2462
1780538100,7537.5,7541,7537.25,7541,1855
1780538400,7541.25,7541.5,7536.75,7537.5,1620
1780538700,7537.25,7540.25,7536.5,7536.75,1601
1780539000,7536.75,7537,7533.5,7533.75,1970
1780539300,7534,7534,7527.5,7531.5,4347
1780539600,7531.5,7535.25,7531,7533.75,2015
1780539900,7533.75,7537.5,7533.75,7535.75,1386
1780540200,7535.5,7535.75,7531.5,7532.5,1380
1780540500,7532.75,7534.75,7532,7534,966
1780540800,7534,7536.25,7534,7534.75,987
1780541100,7535,7539,7535,7538.25,1297
1780541400,7538.5,7539.25,7535.5,7536.5,1114
1780541700,7536.25,7536.75,7534.25,7535.25,686
1780542000,7535.25,7537.75,7534.25,7537.5,1140
1780542300,7537.75,7539.25,7537.25,7538.75,777
1780542600,7538.75,7540.5,7537.5,7538,946
1780542900,7538.25,7541.25,7538,7541,792
1780543200,7541,7541,7539.5,7540.25,439
1780543500,7540,7542.5,7540,7542.25,1029
1780543800,7542.25,7544.75,7542.25,7544.25,1425
1780544100,7544.25,7544.25,7541.5,7543,1079
1780544400,7542.75,7543.25,7539.25,7540,950
1780544700,7540,7540.25,7538.25,7539.25,758
1780545000,7539,7541.5,7538.75,7540.25,658
1780545300,7540.25,7544,7540.25,7543.5,966
1780545600,7543.5,7544.25,7541,7543,783
1780545900,7543.25,7544.25,7542.5,7543,372
1780546200,7542.75,7546.25,7542.75,7546.25,743
1780546500,7546.25,7546.75,7543.75,7545.75,855
1780546800,7545.5,7546.75,7545,7546.25,489
1780547100,7546.25,7547,7544.75,7544.75,582
1780547400,7545,7548,7543.75,7546.25,1121
1780547700,7546.25,7547.25,7544.75,7545.5,696
1780548000,7545.75,7547.25,7545.25,7547.25,477
1780548300,7547.25,7547.75,7544.5,7545.5,616
1780548600,7545.5,7546.75,7545,7546.25,384
1780548900,7546.5,7546.5,7545.25,7546.25,354
1780549200,7546.25,7546.75,7543.75,7544,690
1780549500,7544,7545.25,7539.75,7540,1202
1780549800,7540.25,7542.25,7538.5,7542.25,1186
1780550100,7542.25,7544,7540.5,7542.5,890
1780550400,7542.75,7542.75,7540,7540.25,547
1780550700,7540.25,7541.5,7539.25,7540.25,553
1780551000,7540.25,7543.25,7539.5,7542.25,750
1780551300,7542.5,7544,7540.25,7542.25,571
1780551600,7542.5,7545.25,7541.75,7544.75,718
1780551900,7544.75,7544.75,7541.75,7541.75,523
1780552200,7542,7543.25,7541,7541.5,319
1780552500,7541.5,7544,7539.5,7543.75,589
1780552800,7543.75,7547,7542.5,7545.5,1018
1780553100,7545.5,7547,7544.75,7546.25,579
1780553400,7546.5,7547.5,7544.25,7545.25,709
1780553700,7545.25,7545.75,7543.75,7544.25,574
1780554000,7544.5,7545,7542,7542.25,784
1780554300,7542.25,7546,7542.25,7546,535
1780554600,7545.75,7547.75,7543.25,7545.75,1251
1780554900,7545.75,7549,7545.5,7548.75,1123
1780555200,7548.75,7551,7548.75,7550.5,1121
1780555500,7550.5,7550.5,7547.75,7549.5,730
1780555800,7549.5,7552.5,7549.5,7551.5,1637
1780556100,7551.5,7553,7550.75,7552.5,903
1780556400,7552.75,7556.25,7551,7556,1777
1780556700,7556,7557,7553.25,7555,1298
1780557000,7554.75,7557.5,7554.5,7555.75,1134
1780557300,7556,7556.5,7553.5,7554.75,1077
1780557600,7554.5,7555.5,7550.75,7554.5,1385
1780557900,7554.5,7556.5,7552,7556.25,1083
1780558200,7556,7558,7555.5,7557.25,1119
1780558500,7557.25,7558,7555.25,7555.5,1040
1780558800,7555.5,7556,7553.5,7554.25,849
1780559100,7554.25,7555.25,7553.25,7555,644
1780559400,7554.75,7555,7552.25,7553.75,753
1780559700,7553.5,7554,7552.5,7553.75,600
1780560000,7553.5,7553.75,7549.5,7551,1948
1780560300,7550.75,7552,7546.25,7548.5,2124
1780560600,7548.25,7549.5,7543,7543,1846
1780560900,7543,7546.25,7542.75,7543.5,1992
1780561200,7543.5,7543.75,7538,7543,2855
1780561500,7543,7544,7537.25,7543.75,4159
1780561800,7544,7550,7541.5,7545.75,4936
1780562100,7545.75,7548.75,7544.75,7546,1919
1780562400,7546.25,7547,7543,7543.5,976
1780562700,7543.75,7545.5,7538.25,7539,1974
1780563000,7538.75,7541,7538,7538.75,1481
1780563300,7538.75,7542.5,7538.25,7540.5,1594
1780563600,7540.75,7540.75,7535.75,7537.75,2439
1780563900,7537.75,7539,7534,7537.5,3363
1780564200,7537.75,7538.5,7532.75,7533.25,2329
1780564500,7533.25,7536,7532.5,7535.75,2423
1780564800,7536,7540,7535.75,7538,2228
1780565100,7538.25,7540.75,7537.75,7540.5,1876
1780565400,7540.25,7544.75,7538.75,7544,2023
1780565700,7544.25,7547.25,7543.75,7544.25,1713
1780566000,7544.5,7545.25,7542.5,7544,1272
1780566300,7544,7548.75,7544,7548,1622
1780566600,7548.25,7549.5,7546.25,7549,1457
1780566900,7549,7549.75,7546.75,7547.75,1072
1780567200,7547.75,7548,7544.75,7546,1371
1780567500,7546,7546.25,7544,7544.5,1040
1780567800,7544.25,7544.5,7541.5,7543.25,1970
1780568100,7543.25,7543.5,7539.75,7540.25,1409
1780568400,7540.25,7542.5,7540.25,7542,1106
1780568700,7542,7542.5,7537.25,7537.5,1858
1780569000,7537.5,7540.5,7537.25,7537.75,2004
1780569300,7538,7538.75,7536.25,7537,1103
1780569600,7536.75,7537.75,7534.75,7535,1149
1780569900,7535,7536.5,7533.5,7534,1960
1780570200,7534,7534,7528.25,7532.75,3894
1780570500,7533,7533.75,7528.25,7533.5,2180
1780570800,7533.5,7538.25,7533.5,7537.25,3467
1780571100,7537.5,7538,7534,7534.5,1543
1780571400,7534.5,7537.75,7532.75,7537,1655
1780571700,7536.75,7544,7536.5,7541.75,3073
1780572000,7541.75,7542,7535.5,7539.75,2500
1780572300,7540,7543,7538.25,7540.5,2557
1780572600,7540.5,7542.75,7536.25,7536.75,2598
1780572900,7536.75,7536.75,7524.5,7533,8118
1780573200,7533,7534,7528.5,7532.75,3770
1780573500,7532.75,7538,7530.75,7537.5,4755
1780573800,7537.75,7543.75,7537,7543.25,4615
1780574100,7543.25,7545.5,7540.25,7544,4447
1780574400,7543.75,7545.25,7539.5,7541.25,4408
1780574700,7541.25,7547.75,7540,7542.75,6432
1780575000,7543,7544.5,7536.75,7538.25,5088
1780575300,7538.25,7541.25,7537.5,7539.25,2733
1780575600,7539.25,7543.75,7538.75,7541.5,2674
1780575900,7541.75,7543.75,7539,7542,2488
1780576200,7541.75,7547.25,7541.5,7544.25,3086
1780576500,7544,7549,7542.75,7546.5,2929
1780576800,7546.5,7550.25,7546,7549.75,2670
1780577100,7549.5,7550.5,7545.25,7549.75,2630
1780577400,7550,7552.5,7548.5,7550.5,2484
1780577700,7550.5,7551,7547.5,7549.75,1955
1780578000,7550.25,7552,7548,7549.25,2854
1780578300,7549,7551.25,7548.25,7549.25,2285
1780578600,7549.25,7550,7547.25,7549.5,2331
1780578900,7549.5,7555,7549,7554.25,4873
1780579200,7554,7554.25,7550.75,7552.25,3634
1780579500,7552.25,7552.25,7545.5,7548.5,9138
1780579800,7548.5,7557.25,7541.75,7556.5,34149
1780580100,7556.25,7561.5,7551.75,7556.75,24712
1780580400,7556.75,7557.5,7547,7548,22223
1780580700,7548.25,7556,7543.5,7553.5,24409
1780581000,7553.25,7561.5,7549.25,7555.25,20560
1780581300,7555.5,7564.5,7553.5,7559.75,20506
1780581600,7559.25,7562.75,7553.25,7553.25,18116
1780581900,7553.5,7556.25,7549.75,7554.5,19051
1780582200,7554.5,7564.25,7554,7561.5,19583
1780582500,7561.75,7565,7559.25,7559.5,13993
1780582800,7559.5,7569.75,7558.25,7569.75,17151
1780583100,7569.25,7570.5,7566.75,7568,13552
1780583400,7567.75,7569.25,7563.75,7567.5,13104
1780583700,7567.5,7568,7562.5,7564.25,12634
1780584000,7564.25,7569.5,7564.25,7565.75,9590
1780584300,7565.75,7570,7561.25,7565,12564
1780584600,7565,7567.25,7562.75,7566.25,8015
1780584900,7566.25,7569.75,7565.5,7569.75,7634
1780585200,7569.75,7575,7569.5,7572.5,16031
1780585500,7572.75,7582.75,7572.25,7581.5,14059
1780585800,7581.5,7584,7579.25,7583.25,11236
1780586100,7583.5,7587.5,7582.5,7584.5,10816
1780586400,7584.25,7585.75,7581.25,7585.25,8899
1780586700,7585.25,7586.5,7583.25,7586.5,5703
1780587000,7586.5,7587.5,7582.75,7584,6604
1780587300,7584.25,7585.5,7582.5,7584.25,4873
1780587600,7584.25,7585.25,7579.5,7580.75,7034
1780587900,7580.5,7582.25,7575.75,7577,9998
1780588200,7577,7581.75,7575.5,7580.25,9302
1780588500,7580,7582.5,7578.5,7581,6043
1780588800,7581.25,7583.25,7579.5,7582.25,4985
1780589100,7582.25,7591.5,7581.75,7589.75,11324
1780589400,7590,7592,7589,7590,6087
1780589700,7590.25,7593.75,7590,7592,6398
1780590000,7592,7595,7591.25,7594.25,5452
1780590300,7594.5,7594.75,7591.75,7593.5,4559
1780590600,7593.5,7593.5,7588.5,7591.25,9535
1780590900,7591.25,7596.5,7590.75,7595.5,6855
1780591200,7595.5,7596.75,7593.75,7595.75,4970
1780591500,7595.75,7596.5,7593.75,7595.25,4275
1780591800,7595.25,7597.5,7595,7596.75,5260
1780592100,7596.75,7597.5,7596,7596.25,2765
1780592400,7596.25,7597.25,7594,7595.25,5175
1780592700,7595.25,7597.75,7594,7597.25,3998
1780593000,7597.25,7598,7595.25,7596.25,4473
1780593300,7596.25,7597,7595,7596.5,2497
1780593600,7596.5,7597,7594.25,7596.25,3413
1780593900,7596.25,7600,7596.25,7599.25,5952
1780594200,7599.25,7602.5,7598.5,7600.5,8900
1780594500,7600.5,7600.75,7598.25,7599.25,4161
1780594800,7599.25,7601.25,7599.25,7600.5,2416
1780595100,7600.75,7602.25,7599.25,7602.25,2571
1780595400,7602.25,7603,7601,7601.75,3483
1780595700,7602,7605.5,7601.5,7604.75,5064
1780596000,7604.75,7606.75,7603.75,7605.75,7715
1780596300,7605.5,7606.75,7604.5,7605.5,3693
1780596600,7605.5,7606.75,7604.5,7604.75,2782
1780596900,7605,7607,7603.5,7606.75,5130
1780597200,7606.75,7607.5,7605.5,7606,4235
1780597500,7606.25,7607.25,7605.5,7606.25,2689
1780597800,7606.25,7607,7604.25,7606,3201
1780598100,7606,7607.5,7605.5,7606,3222
1780598400,7606,7606.5,7605,7605.75,2012
1780598700,7605.75,7607.75,7604.75,7606.75,3018
1780599000,7607,7607.5,7606,7606.25,1761
1780599300,7606.5,7606.5,7603,7604.25,5098
1780599600,7604.5,7607.25,7604.25,7607.25,3596
1780599900,7607,7609,7606.75,7607.25,5390
1780600200,7607.25,7607.75,7605,7606,4794
1780600500,7606,7606.25,7604,7605,4238
1780600800,7605.25,7608.25,7604.75,7608,4130
1780601100,7608,7611.5,7607.5,7610.75,6282
1780601400,7610.75,7611.5,7609.25,7609.75,4696
1780601700,7609.75,7611,7609,7610.25,3158
1780602000,7610.25,7610.25,7606,7606.25,5248
1780602300,7606.25,7607.5,7604.5,7606.75,5692
1780602600,7606.75,7608.5,7602.25,7604.25,13876
1780602900,7604,7604.25,7598.25,7599.75,28401
1780603200,7599.5,7602,7594.25,7595,9720
1780603500,7595,7596.75,7593,7595.25,4422
1780603800,7595.25,7595.75,7593,7594,2858
1780604100,7593.75,7595,7591,7591.5,2333
1780604400,7591.5,7592,7589.75,7591.25,1968
1780604700,7591.5,7591.75,7587.25,7588.75,2570
1780605000,7588.75,7591,7588.25,7589.5,1372
1780605300,7589.5,7590.5,7588.5,7589.5,1039
1780605600,7589.5,7591,7588.25,7588.75,1440
1780605900,7588.75,7589.5,7587.25,7587.5,1110
1780606200,7587.5,7589.75,7587.25,7589.25,1027
1780606500,7589.25,7590.25,7587.5,7587.5,1545
1780610400,7589.5,7591.5,7585,7585,1723
1780610700,7585.25,7587.5,7584.5,7586.75,1245
1780611000,7586.75,7587,7583.5,7584,1013
1780611300,7584.25,7585,7582.25,7584.75,1018
1780611600,7584.5,7586.25,7580,7581.25,2054
1780611900,7581.5,7582.5,7578.25,7581.5,1852
1780612200,7581.75,7583.75,7580.75,7581.25,1135
1780612500,7581,7583,7580.25,7582.5,677
1780612800,7582.25,7583.75,7581.75,7582,928
1780613100,7582,7585,7581.75,7584.25,1033
1780613400,7584.5,7585.5,7584.25,7585.25,821
1780613700,7585,7586.25,7584.75,7586,710
1780614000,7586,7586.75,7584,7584.5,972
1780614300,7584.75,7585.25,7582,7582.75,1010
1780614600,7583,7583.75,7580.25,7580.5,1361
1780614900,7580.5,7581.25,7578,7578.25,1619
1780615200,7578.25,7579,7576.25,7577.75,2152
1780615500,7577.75,7580,7577.25,7579.5,1210
1780615800,7579.5,7579.75,7576.25,7577.75,1237
1780616100,7577.75,7578.75,7576,7577,1258
1780616400,7577.25,7577.5,7576,7576.5,897
1780616700,7576.5,7576.5,7573.25,7574.5,2609
1780617000,7574.5,7576.75,7574.5,7575.75,1352
1780617300,7575.5,7575.75,7573.25,7573.5,908
1780617600,7573.5,7573.5,7567.5,7569.25,4816
1780617900,7569.5,7570.5,7566.75,7568,2031
1780618200,7568,7569.25,7563,7563.75,3286
1780618500,7564,7566.75,7563,7564.25,2342
1780618800,7564.5,7567,7562.25,7563.25,2492
1780619100,7563.25,7565.25,7561.5,7564.5,2216
1780619400,7564.5,7566.75,7562.5,7565,1712
1780619700,7564.75,7566,7560.75,7562.25,2280
1780620000,7562.25,7565,7562,7562.5,1219
1780620300,7562.25,7564.75,7560,7561.75,3054
1780620600,7561.75,7562.5,7557.5,7560.25,2441
1780620900,7560,7560.5,7556.5,7559,2905
1780621200,7559.25,7560.25,7555.75,7558.5,2546
1780621500,7558.5,7560.25,7556.5,7557.25,1643
1780621800,7557.5,7558,7556,7557.5,1260
1780622100,7557.25,7558.5,7555.25,7558,1788
1780622400,7557.75,7558,7551.5,7552.25,2936
1780622700,7552.25,7552.5,7546.75,7550.75,5221
1780623000,7551,7556,7550.5,7555,2360
1780623300,7554.75,7556.75,7552.25,7553,2256
1780623600,7553,7556,7552.5,7554.75,2155
1780623900,7555,7555.25,7553.25,7553.5,1135
1780624200,7553.5,7557.5,7552,7557,2127
1780624500,7557.25,7561,7557,7560.75,3011
1780624800,7560.5,7563.5,7558.25,7561.75,2492
1780625100,7561.75,7562.5,7560.5,7562.25,1330
1780625400,7562,7564.75,7561.75,7563.5,1861
1780625700,7563.25,7565.5,7561,7562,2558
1780626000,7562,7565.25,7562,7564.75,975
1780626300,7564.75,7566.5,7564.5,7564.75,998
1780626600,7564.75,7565.5,7563,7564,1136
1780626900,7564,7566,7563.5,7563.5,994
1780627200,7563.75,7564,7561.75,7562.5,1247
1780627500,7562.25,7562.75,7559.75,7560.25,1443
1780627800,7560.25,7564,7560,7561.25,1235
1780628100,7561.25,7562.75,7560,7561.25,782
1780628400,7561.5,7562,7560,7560.75,760
1780628700,7561,7561,7557,7560,2079
1780629000,7560,7562.25,7559.5,7561.25,1280
1780629300,7561.25,7564,7560.5,7561.75,990
1780629600,7561.5,7562.5,7559.75,7562.5,662
1780629900,7562.25,7563.75,7558.25,7558.75,1111
1780630200,7559,7561,7557.75,7559.75,1037
1780630500,7559.5,7559.75,7558.25,7559.5,501
1780630800,7559.5,7560.75,7558.5,7559.25,628
1780631100,7559,7559.25,7556.75,7556.75,833
1780631400,7556.75,7557.5,7553.5,7555,1430
1780631700,7555,7557.5,7555,7556.5,997
1780632000,7556.75,7558,7555.25,7556.5,745
1780632300,7556.25,7559.25,7556,7558.25,952
1780632600,7558.5,7558.5,7556.25,7557.75,546
1780632900,7558,7559.75,7557.5,7557.75,910
1780633200,7558,7559.25,7557.5,7558.5,274
1780633500,7558.5,7561.75,7557.5,7557.75,825
1780633800,7558,7558.5,7556.25,7557.75,630
1780634100,7557.75,7561,7557.5,7560.75,512
1780634400,7560.5,7562.75,7558.5,7560.75,913
1780634700,7560.5,7562.5,7560,7562.25,690
1780635000,7562.25,7564.75,7562,7564.5,1148
1780635300,7564.5,7565.25,7563.75,7563.75,647
1780635600,7563.75,7564.25,7560.75,7561.25,1004
1780635900,7561.25,7562,7559.25,7560.25,726
1780636200,7560,7561,7559,7559.75,480
1780636500,7559.75,7561.25,7558.5,7560.75,574
1780636800,7561,7563.5,7560.5,7563,700
1780637100,7563,7563,7559.25,7559.75,460
1780637400,7559.5,7563.25,7559.5,7562,524
1780637700,7562,7564,7561.75,7563,513
1780638000,7563,7564.5,7561.25,7561.25,783
1780638300,7561.25,7561.25,7558.75,7559.75,676
1780638600,7560,7560.5,7556.75,7557.25,683
1780638900,7557.5,7559,7557,7558,785
1780639200,7558,7562.25,7557.75,7561.5,1588
1780639500,7561.75,7565,7561.75,7563.5,956
1780639800,7563.25,7564.25,7559.25,7559.25,727
1780640100,7559.25,7559.5,7555.75,7556.75,1200
1780640400,7556.75,7557,7553.75,7554.25,1121
1780640700,7555,7557,7554.5,7555.25,913
1780641000,7555.5,7556.75,7554.25,7554.75,787
1780641300,7554.5,7556.5,7553.5,7554.25,918
1780641600,7554.25,7555.25,7552.75,7553,1021
1780641900,7553,7555,7551,7553.5,1491
1780642200,7553.5,7555.5,7552.75,7555.25,769
1780642500,7554.75,7556,7553.5,7554.25,634
1780642800,7554,7555.25,7549.25,7551.75,2365
1780643100,7552,7552,7549.5,7550.25,958
1780643400,7550.5,7552.75,7549.25,7550,954
1780643700,7550,7551.25,7548.5,7549.5,1256
1780644000,7549.5,7554.5,7547,7552.75,1698
1780644300,7553,7555.75,7551.25,7555.25,1459
1780644600,7555.25,7558.25,7554.75,7557.75,1213
1780644900,7557.75,7560,7556.5,7557.75,1689
1780645200,7557.75,7558.75,7556.75,7557.75,698
1780645500,7557.75,7558.5,7556,7557.75,761
1780645800,7557.5,7559.75,7556.25,7557.25,812
1780646100,7557.25,7559,7556.25,7557.5,617
1780646400,7557.25,7559.25,7554.75,7555,1611
1780646700,7554.75,7558.25,7554.25,7558,1150
1780647000,7558,7560.5,7557.75,7559,1045
1780647300,7558.75,7560,7557,7559.75,756
1780647600,7559.5,7562.5,7558.5,7561.5,1746
1780647900,7561.5,7566.5,7561.25,7566.5,2058
1780648200,7566.5,7568.5,7564.75,7566,2265
1780648500,7565.5,7567.25,7564.75,7564.75,806
1780648800,7564.75,7565.25,7561.5,7561.75,958
1780649100,7561.75,7562.75,7561,7562.75,767
1780649400,7562.5,7562.75,7559.5,7562.25,991
1780649700,7562,7562,7559.25,7560.25,707
1780650000,7560.25,7561.5,7559.75,7560.75,1028
1780650300,7560.75,7562.5,7559.75,7560.5,712
1780650600,7560.5,7579,7560,7572,9572
1780650900,7572,7574.5,7568.75,7569.25,3311
1780651200,7569.5,7570.25,7567.75,7568.25,1811
1780651500,7568.25,7569.5,7565,7566.25,1221
1780651800,7566.5,7568.25,7564.25,7565.25,2589
1780652100,7565.25,7566.25,7564,7565,813
1780652400,7565,7565.5,7563.75,7564.75,711
1780652700,7564.75,7567.75,7564.5,7566.5,873
1780653000,7566.75,7569,7566.25,7568.5,949
1780653300,7568.5,7569,7567,7567.75,567
1780653600,7567.75,7569.25,7567,7569,669
1780653900,7569,7569.75,7567.5,7569.25,647
1780654200,7569.5,7571,7568,7570.75,845
1780654500,7570.75,7571.25,7569.5,7571.25,600
1780654800,7571.25,7573.5,7570.75,7573,1067
1780655100,7573.25,7574.25,7572,7573.25,783
1780655400,7573.5,7574,7571.75,7573.5,737
1780655700,7573.75,7573.75,7570.75,7572.25,755
1780656000,7572.25,7572.75,7570.5,7572.5,637
1780656300,7572.75,7573,7571,7571.25,559
1780656600,7571.25,7571.5,7568.75,7569,789
1780656900,7569.25,7570,7568,7568.5,1050
1780657200,7568,7569,7567,7569,1433
1780657500,7569,7570,7567.25,7567.75,920
1780657800,7567.75,7569.25,7567.5,7567.75,657
1780658100,7567.75,7567.75,7564.25,7565.75,1573
1780658400,7565.75,7567.25,7559.25,7561.75,4660
1780658700,7561.5,7569.5,7561.5,7568.75,2839
1780659000,7568.75,7570.25,7567.75,7570,1222
1780659300,7570,7571,7566.5,7566.5,2044
1780659600,7566.75,7569.25,7566.5,7568,1272
1780659900,7568.25,7568.75,7565.5,7566.5,1377
1780660200,7566.25,7567,7565,7566.25,1067
1780660500,7566,7566,7562.75,7563.25,1539
1780660800,7563.25,7563.25,7560.5,7561.25,1728
1780661100,7561,7562.5,7560.5,7561.25,1164
1780661400,7561,7561.25,7557.5,7559,2185
1780661700,7558.75,7563.5,7558,7562.5,1966
1780662000,7562.5,7563.25,7561,7562.5,1769
1780662300,7562.5,7562.75,7558,7559.75,2275
1780662600,7559.25,7568,7549,7550.25,8549
1780662900,7550,7555.5,7545.75,7553.75,7660
1780663200,7554,7560.25,7553.75,7559.5,4711
1780663500,7559.5,7562.5,7558.75,7561.5,4791
1780663800,7561.75,7562,7550.5,7551.25,6369
1780664100,7551.25,7552.25,7548.75,7549.75,5369
1780664400,7549.75,7551.5,7546.25,7548.5,5805
1780664700,7548.5,7549.5,7543.75,7548.5,5841
1780665000,7548.5,7550.25,7545.25,7545.75,4214
1780665300,7545.5,7549,7544.5,7547.5,4252
1780665600,7547.5,7549.75,7545.5,7546,3595
1780665900,7546,7549.5,7542.25,7548,8225
1780666200,7548,7552.75,7540.5,7550.5,34109
1780666500,7550.5,7550.5,7536.25,7540.25,29418
1780666800,7540.25,7541,7526.75,7527.5,30034
1780667100,7527.25,7531,7517.5,7518.5,36447
1780667400,7518.5,7525.75,7518.25,7524.25,35093
1780667700,7524.25,7524.75,7510.75,7511.5,26897
1780668000,7511.5,7520.25,7505.75,7513.75,53036
1780668300,7514,7522.5,7508.75,7522,33867
1780668600,7522,7526.5,7517,7525.25,29143
1780668900,7525,7533.5,7524.75,7533.25,23725
1780669200,7533.25,7533.25,7521,7521.25,23518
1780669500,7521.25,7522,7512.75,7516.5,22179
1780669800,7516.25,7528.75,7515,7528.25,24616
1780670100,7528.25,7531.5,7524.75,7526,20928
1780670400,7525.75,7527.5,7516.25,7519.75,20016
1780670700,7519.5,7522.25,7515,7518,15259
1780671000,7518,7522.5,7516.5,7520.5,12936
1780671300,7520.25,7525,7518.75,7522.75,11227
1780671600,7523,7526.25,7515.75,7519.25,15636
1780671900,7519.25,7520.75,7512.25,7513.5,13858
1780672200,7513.5,7516.5,7507.25,7507.25,14538
1780672500,7507.5,7511.75,7506.25,7511,13391
1780672800,7510.75,7512.25,7499.75,7503.25,26869
1780673100,7503.25,7508,7502.75,7505.75,11002
1780673400,7505.5,7509,7500.75,7501,13101
1780673700,7501,7503.75,7491.75,7492.5,21797
1780674000,7492.5,7495,7488.5,7490,20865
1780674300,7490,7494,7486.25,7488.25,16471
1780674600,7488,7493,7487,7492,11816
1780674900,7491.75,7493.5,7488.5,7490,8457
1780675200,7490.25,7490.5,7484,7485.25,14948
1780675500,7485.25,7485.5,7475,7476.5,19411
1780675800,7476.5,7483,7474.25,7479,14428
1780676100,7478.75,7479.25,7470.25,7472.5,15399
1780676400,7472.5,7479,7471,7475.75,14079
1780676700,7475.75,7480,7471.5,7471.75,10978
1780677000,7471.75,7472.5,7463,7466.75,20173
1780677300,7466.75,7470,7461,7466.75,15453
1780677600,7466.75,7468.5,7453.25,7456.75,20869
1780677900,7456.5,7460.25,7448.75,7460.25,24649
1780678200,7460.25,7471,7457,7469.75,22705
1780678500,7469.75,7470.5,7464,7469.75,14583
1780678800,7470,7470.25,7457.25,7463.5,18920
1780679100,7463,7463.25,7457.5,7459.5,9698
1780679400,7459.5,7461,7453.75,7458.5,12124
1780679700,7458.5,7459.75,7452.5,7457.25,10813
1780680000,7457.25,7466,7452.25,7465,13935
1780680300,7465,7465.5,7458.25,7464.75,11834
1780680600,7464.75,7467.25,7459.75,7466.75,11815
1780680900,7466.5,7474.25,7466.5,7473.75,13592
1780681200,7473.75,7477.75,7460.75,7462.5,18112
1780681500,7462.75,7468,7460.5,7464.25,13670
1780681800,7464.25,7466.25,7461.75,7465.5,8637
1780682100,7465.5,7471.75,7464.5,7471.5,7319
1780682400,7471.5,7472.5,7458.25,7458.5,13627
1780682700,7458.25,7460.5,7455.25,7456.75,12465
1780683000,7456.5,7458.75,7445.5,7445.75,17653
1780683300,7446,7446.25,7437.25,7438.75,26275
1780683600,7438.75,7444.5,7438,7439.75,19154
1780683900,7439.5,7440,7429.5,7433.5,23069
1780684200,7433.25,7435.75,7428.5,7430.75,15368
1780684500,7431,7432.5,7425.5,7430.5,16724
1780684800,7430.5,7431,7421.75,7424.75,16154
1780685100,7424.75,7424.75,7410.25,7421,29798
1780685400,7420.75,7423.5,7409,7413.75,21810
1780685700,7413.75,7426.25,7412,7416.5,35280
1780686000,7416.25,7418.25,7407,7415,23166
1780686300,7415,7415.75,7399.5,7404.5,23223
1780686600,7404.5,7405.25,7393.25,7396.75,23566
1780686900,7396.75,7396.75,7379.75,7388,34260
1780687200,7387.75,7393.75,7383,7393.5,26860
1780687500,7393.75,7409.25,7393.25,7409.25,27555
1780687800,7409,7409.75,7397,7404,23595
1780688100,7404,7413,7402.25,7411.75,21845
1780688400,7411.75,7412.5,7394.75,7402.75,33841
1780688700,7402.75,7414.75,7401,7412.5,24294
1780689000,7412.5,7423,7409,7416.5,34073
1780689300,7416.25,7416.25,7397.25,7400.25,45854
1780689600,7400.25,7401.5,7374,7378.25,27367
1780689900,7378,7379,7370.5,7375.25,11945
1780690200,7375.25,7375.25,7364.25,7368.25,11240
1780690500,7368.25,7370.75,7360.75,7362.75,6265
1780690800,7362.75,7368,7362.75,7366.75,3373
1780691100,7366.75,7371.5,7365.75,7369.5,3505
1780691400,7369.75,7369.75,7361.25,7363.25,3687
1780691700,7363.25,7365.25,7359,7364.5,3015
1780692000,7364.25,7365,7360.75,7364.25,3120
1780692300,7364.25,7366.5,7361,7366,3177
1780692600,7365.75,7371.75,7365.25,7369.25,4205
1780692900,7369.5,7369.75,7366.25,7368,2415
1780869600,7368.25,7377.75,7356.25,7372.5,9483
1780869900,7372.5,7374.5,7364,7369,5287
1780870200,7369,7387,7367.5,7386.75,5460
1780870500,7386.5,7394.5,7382.25,7388,7274
1780870800,7388,7396.25,7386.75,7387.75,5343
1780871100,7387.75,7390,7381.5,7384.25,3819
1780871400,7384.25,7389.75,7381.5,7387.25,4776
1780871700,7387,7391.5,7385.75,7389.25,2761
1780872000,7389.5,7391.75,7385.25,7385.5,2491
1780872300,7385.5,7388.75,7380,7384.5,4673
1780872600,7384.5,7386.75,7381.5,7382.25,2241
1780872900,7382.5,7383,7355.5,7367.75,12316
1780873200,7367.75,7380.75,7367.75,7380,4875
1780873500,7380.25,7384.25,7377.25,7384,2834
1780873800,7384.25,7386.5,7381,7385,2558
1780874100,7384.75,7385.25,7376.75,7379.5,3495
1780874400,7379.5,7382,7373.75,7377.75,3511
1780874700,7377.5,7383.75,7376.75,7381.25,1921
1780875000,7381,7387.25,7380.75,7384.75,2318
1780875300,7385,7386,7381.25,7383.25,1559
1780875600,7383.5,7391.5,7383,7391.25,2446
1780875900,7391,7401.5,7389.25,7398.5,5329
1780876200,7398.25,7400.5,7395.5,7397.75,2236
1780876500,7397.75,7404.5,7397.75,7400.25,2635
1780876800,7400,7407.5,7395.75,7406.75,4762
1780877100,7407,7407.25,7402.5,7405.25,3446
1780877400,7405,7406.75,7399,7406.75,3427
1780877700,7406.75,7411.25,7404.5,7408.5,4053
1780878000,7408.75,7412.5,7408.5,7410,2099
1780878300,7410,7415.75,7409.25,7414.75,2845
1780878600,7415,7418.25,7414,7414.75,2528
1780878900,7415.25,7423,7414.75,7422.5,3658
1780879200,7422.5,7423,7411.75,7416.25,5201
1780879500,7416.25,7417.5,7411.25,7415.5,3464
1780879800,7415.75,7416.5,7411,7411.5,1936
1780880100,7411.25,7416,7406.75,7415.75,3984
1780880400,7415.75,7418.25,7412,7416,2783
1780880700,7415.75,7419,7412.25,7415,2872
1780881000,7415.25,7416,7405.75,7406,4452
1780881300,7406,7407.5,7397.5,7399.75,7944
1780881600,7399.5,7405.5,7396.25,7399.5,5341
1780881900,7399.75,7401.5,7392,7392.75,4701
1780882200,7393,7404,7384,7398,11985
1780882500,7397.5,7399.25,7391.75,7396.25,3741
1780882800,7396.5,7407,7394.25,7405.75,5586
1780883100,7405.75,7409.5,7402.5,7405,3606
1780883400,7404.75,7408,7400.25,7402.75,3283
1780883700,7402.75,7407.75,7401.75,7406,1686
1780884000,7406.5,7410.5,7403.5,7405.5,2647
1780884300,7405.25,7407.75,7401.5,7403.25,2032
1780884600,7402.75,7407.75,7401,7406.5,1652
1780884900,7406.5,7406.5,7400.5,7401.25,1728
1780885200,7401.25,7406.75,7400.75,7406.25,1250
1780885500,7405.75,7410.25,7403.25,7408.25,2785
1780885800,7408.25,7410.75,7401,7408,4228
1780886100,7407.75,7413,7403.75,7412,3195
1780886400,7412,7417.75,7411,7417.5,2716
1780886700,7417.25,7419.25,7415.5,7417.75,1924
1780887000,7417.75,7418.25,7412.5,7414.75,2025
1780887300,7414.75,7418,7414,7414.5,1409
1780887600,7414.5,7417.5,7413.25,7414,1354
1780887900,7414.25,7418.5,7413,7417.5,1201
1780888200,7417.5,7418.5,7414.5,7416,907
1780888500,7416.25,7417,7411.25,7412,1233
1780888800,7412,7417.75,7410.5,7417.75,1447
1780889100,7417.75,7418.25,7415,7417,887
1780889400,7416.75,7419.5,7416.5,7417.5,1034
1780889700,7417.5,7418.75,7416,7416.75,561
1780890000,7417,7418.75,7415,7416.25,630
1780890300,7416,7418,7415.75,7416.25,341
1780890600,7415.75,7418.75,7414.75,7417.25,950
1780890900,7417,7417.5,7415.25,7416.5,457
1780891200,7416.75,7418.75,7412,7413.5,1324
1780891500,7413.75,7414.75,7410.5,7413.25,1201
1780891800,7413.5,7414.5,7411,7412.5,806
1780892100,7412.75,7416.25,7410.5,7410.5,1100
1780892400,7410.75,7411.75,7408,7408.75,1511
1780892700,7408.75,7412.5,7408.75,7411.5,709
1780893000,7411.75,7413,7406,7407.75,1762
1780893300,7407.5,7408.25,7404.5,7405.75,1181
1780893600,7405.5,7406.5,7401.25,7401.5,1299
1780893900,7401.75,7407.25,7401.5,7404.25,1206
1780894200,7404.25,7408.75,7404.25,7405.5,755
1780894500,7405.25,7405.75,7400.5,7401.25,1128
1780894800,7401.25,7409,7401.25,7408.25,1363
1780895100,7408.5,7408.5,7402.5,7404,1141
1780895400,7404.25,7404.75,7395.75,7396.75,1942
1780895700,7396.75,7402.75,7395.5,7401.5,1821
1780896000,7401.5,7403,7399.75,7400.75,782
1780896300,7401,7403.75,7397.25,7402.25,1219
1780896600,7402.25,7403.5,7394.25,7395,1639
1780896900,7395.25,7396,7388.25,7392.75,3143
1780897200,7392.75,7393.75,7386.5,7389.5,2223
1780897500,7389.5,7390,7386.25,7387.5,1127
1780897800,7387.75,7392.75,7386.75,7389,1582
1780898100,7389,7392,7387.5,7391.75,1181
1780898400,7391.75,7399.75,7389.5,7396.75,3343
1780898700,7396.75,7397.5,7392.5,7396,1531
1780899000,7395.75,7396.5,7393.5,7394,1103
1780899300,7393.25,7396.25,7391.25,7395,1355
1780899600,7395,7400,7395,7399.75,1312
1780899900,7399.5,7408.5,7396.25,7407,3378
1780900200,7407.25,7410,7402.5,7402.5,2214
1780900500,7402.5,7403.25,7397,7399,1844
1780900800,7398.75,7402,7396.75,7401.5,1311
1780901100,7401.25,7401.5,7395.75,7396.25,1485
1780901400,7396.25,7401.75,7394,7401.75,1581
1780901700,7401.5,7402.75,7398.75,7402.5,1017
1780902000,7402.5,7406.75,7400.5,7404,3368
1780902300,7404.25,7407.75,7402,7407.25,1712
1780902600,7407,7412.5,7406,7410,2774
1780902900,7410,7415,7403.75,7413.25,2859
1780903200,7412.75,7422.25,7412.75,7421.75,2953
1780903500,7421.75,7423.5,7419.5,7420.75,2633
1780903800,7421,7424,7419.5,7420.75,2004
1780904100,7421,7423,7415.25,7421.75,2850
1780904400,7421.75,7423.25,7420,7422.5,1130
1780904700,7422.5,7428.75,7421,7427.75,2292
1780905000,7427.5,7428.75,7422,7422.75,1696
1780905300,7422.5,7425,7421.75,7423.25,1181
1780905600,7423,7423.75,7416.5,7420.75,2435
1780905900,7420.75,7423.5,7418,7422.25,1731
1780906200,7422.5,7422.75,7417,7417.75,1471
1780906500,7418,7421,7415.5,7420.25,1636
1780906800,7420,7420.25,7412.75,7416.25,1973
1780907100,7416,7418.25,7414.5,7417,932
1780907400,7417.25,7421.25,7415.75,7420.25,1280
1780907700,7420.5,7420.5,7414.25,7414.5,1062
1780908000,7414.25,7416,7410.5,7414.75,1642
1780908300,7414.75,7416,7409.25,7415.75,1592
1780908600,7415.5,7417.5,7410.75,7412.25,1737
1780908900,7411.75,7415,7410.5,7413.75,1002
1780909200,7413.75,7417.75,7413.25,7416.25,826
1780909500,7416.25,7416.5,7407.25,7408,1021
1780909800,7407.75,7416,7407.25,7416,941
1780910100,7415.75,7417.75,7414.75,7416.5,878
1780910400,7416.5,7420.25,7416.5,7417.75,1148
1780910700,7417.75,7419.25,7415.5,7416.75,616
1780911000,7416.75,7417.5,7413.75,7414.25,731
1780911300,7414.25,7431.25,7412,7418.75,5056
1780911600,7418.75,7424,7417.5,7423.25,1518
1780911900,7423.25,7426.5,7422,7425.25,1174
1780912200,7425.25,7426.75,7422.25,7424.75,1430
1780912500,7425,7427.25,7424.25,7427.25,609
1780912800,7427.5,7427.75,7416.25,7423,3567
1780913100,7423.5,7427.75,7423,7425.25,1013
1780913400,7425.25,7426.75,7423.75,7425,817
1780913700,7425,7425.5,7418.25,7418.75,1017
1780914000,7418.5,7420.75,7415.5,7418.75,1246
1780914300,7418.5,7421.5,7417.5,7420.5,898
1780914600,7420.5,7436,7419,7431.5,4210
1780914900,7431,7432,7427,7428.25,2819
1780915200,7428.5,7431,7427.25,7429,965
1780915500,7429,7430.5,7426,7427.5,931
1780915800,7427.5,7430.25,7424.25,7428.5,1741
1780916100,7428.5,7429.25,7424.75,7428.25,1489
1780916400,7428.25,7428.25,7422.5,7426,1311
1780916700,7426.25,7430.5,7424.5,7430.5,1119
1780917000,7430.5,7449,7430,7448.5,9389
1780917300,7448,7452.5,7442,7448.75,8066
1780917600,7449,7453.5,7445.75,7446.75,4843
1780917900,7447,7452.5,7446.25,7452,2421
1780918200,7452.25,7456.5,7452,7454.5,3277
1780918500,7454.75,7457,7453.25,7456,1928
1780918800,7456,7457.75,7450.75,7451.75,2572
1780919100,7451.25,7452.75,7445.25,7448.25,2655
1780919400,7448.25,7449.75,7445.75,7446.25,1721
1780919700,7446.25,7449.25,7445,7446.75,1278
1780920000,7446.75,7452,7446,7449.75,4140
1780920300,7450,7456.5,7447.75,7456.25,4787
1780920600,7456.5,7457,7451,7453.75,2868
1780920900,7454,7455,7451.75,7454,2049
1780921200,7454,7458.75,7453,7457.5,2777
1780921500,7457.5,7458.75,7456.5,7458.25,1985
1780921800,7458,7463.5,7457.75,7460.5,3790
1780922100,7460.5,7463.75,7458.75,7460,2728
1780922400,7460,7467.75,7459.25,7463.25,6095
1780922700,7463.25,7463.5,7459.5,7462.25,1767
1780923000,7462.25,7462.5,7456.75,7460.25,3643
1780923300,7460.25,7461.5,7458.25,7459.5,2018
1780923600,7459.25,7464.5,7459.25,7462.5,4414
1780923900,7462.25,7465,7460,7463.75,3117
1780924200,7463.75,7464.5,7461.25,7462.5,2838
1780924500,7462.75,7464,7460.5,7463.75,3211
1780924800,7463.75,7471.5,7463.5,7466,7251
1780925100,7466.25,7467.5,7456.5,7457.5,11963
1780925400,7457.25,7469.5,7445,7445.5,39164
1780925700,7445.5,7450.5,7438.75,7439.5,29936
1780926000,7439.25,7454.25,7437.75,7450.25,27931
1780926300,7450.5,7458.75,7444,7448.75,24998
1780926600,7449,7460.5,7442.25,7455.25,21049
1780926900,7455.25,7456.75,7431,7431.5,29617
1780927200,7431.5,7446.75,7429,7435,32550
1780927500,7434.75,7448.5,7433.5,7446.25,22406
1780927800,7446.25,7447.75,7437,7439.5,19748
1780928100,7439.5,7441.25,7431.5,7438.75,18580
1780928400,7438.75,7446.75,7434.5,7444.5,18229
1780928700,7444.5,7453.25,7442.25,7447.75,21440
1780929000,7447.75,7452.5,7445.75,7451.5,12971
1780929300,7451.75,7459.5,7449.75,7455.25,20602
1780929600,7455.25,7458,7442,7448.5,21828
1780929900,7448.25,7466.25,7448.25,7458.5,26077
1780930200,7458.75,7466.5,7456,7463.75,14896
1780930500,7464,7473.5,7459.25,7473.25,15133
1780930800,7473.25,7476.25,7469,7469.25,15628
1780931100,7469.25,7476.75,7468.5,7474.25,11329
1780931400,7474.5,7475.25,7469.75,7470.5,8155
1780931700,7470.75,7474.75,7467,7471.5,17140
1780932000,7471.5,7473.75,7464,7472.25,14511
1780932300,7472.25,7472.25,7453.75,7455.25,18908
1780932600,7455.25,7456.5,7440.75,7444,27301
1780932900,7444,7458.75,7441.25,7457.25,18089
1780933200,7457.25,7461.75,7453.75,7459.75,14184
1780933500,7459.75,7466,7455.25,7456.25,16018
1780933800,7456,7464.25,7456,7458,10931
1780934100,7458,7458,7447.25,7449.75,14974
1780934400,7450,7455.25,7444,7451,13709
1780934700,7450.75,7454.75,7447,7449,10566
1780935000,7448.75,7455,7445.75,7453,8847
1780935300,7453.25,7459.75,7452.5,7459.25,8428
1780935600,7459.25,7462.25,7450.75,7452.5,14667
1780935900,7452.75,7457,7443.25,7443.75,10912
1780936200,7444,7448.75,7441.25,7441.75,11494
1780936500,7441.75,7446.75,7437.25,7439.75,14175
1780936800,7439.75,7445.75,7438,7443.5,11493
1780937100,7443.5,7452.25,7442.25,7447,11073
1780937400,7447.25,7449.5,7444.5,7446.25,8217
1780937700,7446.25,7447.25,7441,7441.5,7661
1780938000,7441.5,7442,7425.5,7429.75,21266
1780938300,7429.75,7437.25,7428,7430.75,13800
1780938600,7430.75,7432.25,7423,7431.5,15453
1780938900,7431.25,7434,7423,7426,14536
1780939200,7426,7431,7423.25,7427,10286
1780939500,7427,7443,7425.75,7442.75,17238
1780939800,7442.25,7446.5,7432.25,7438.25,18567
1780940100,7438.25,7439.5,7427.75,7434.25,13039
1780940400,7434,7435.75,7426,7426.25,10105
1780940700,7426.5,7436.5,7426.25,7436.25,11327
1780941000,7436.25,7439.75,7432,7437.25,9318
1780941300,7437.25,7438,7431.25,7433.75,8250
1780941600,7433.75,7441.75,7433.5,7438.5,10890
1780941900,7438.5,7445.75,7438.25,7441.25,10148
1780942200,7442,7443.5,7432.75,7435,11542
1780942500,7435,7440.5,7434.75,7438.25,6935
1780942800,7438.5,7441.5,7435,7440,6358
1780943100,7439.75,7443.5,7438,7442,5993
1780943400,7442.25,7447.25,7440,7440.25,8909
1780943700,7440.25,7443.5,7431,7432,9843
1780944000,7432,7436,7430.25,7431.5,9943
1780944300,7431.5,7438,7431.25,7432.5,8040
1780944600,7432.75,7436.25,7431.25,7435,5564
1780944900,7435.25,7437.75,7431,7431.75,5828
1780945200,7432,7434.25,7427.25,7432,9851
1780945500,7432,7434,7424.25,7424.25,8553
1780945800,7424,7424.5,7414.75,7414.75,18810
1780946100,7415,7418.5,7411.5,7414.5,14875
1780946400,7414.5,7419.25,7406.25,7407.25,16631
1780946700,7407.25,7414.75,7403.75,7414.5,14676
1780947000,7414.5,7424.25,7413.5,7417,19109
1780947300,7417.25,7421.5,7413,7416.25,13088
1780947600,7416,7420,7411.25,7416,13472
1780947900,7415.75,7421.75,7413.5,7415.5,10620
1780948200,7415.75,7422.25,7410.5,7414.75,20624
1780948500,7415,7418.25,7411.75,7415.5,24052
1780948800,7416,7418.75,7411.25,7417.5,7416
1780949100,7417.5,7419,7413.25,7416,3459
1780949400,7416.25,7417.75,7412.5,7413.25,2412
1780949700,7413.25,7414.75,7410.5,7411.25,2228
1780950000,7411,7412,7407.25,7411.75,1996
1780950300,7411.75,7413.25,7407.75,7412.75,2570
1780950600,7412.75,7413.5,7411,7412.5,777
1780950900,7412.5,7413.25,7411,7412,992
1780951200,7412,7413.25,7411,7411.75,663
1780951500,7411.75,7412.75,7409.25,7411.5,1018
1780951800,7411.75,7413.75,7410.5,7412.25,1202
1780952100,7412.25,7412.75,7411,7412,912
1780956000,7412.25,7417,7405.5,7405.75,2736
1780956300,7406,7408.25,7398.25,7401.25,3352
1780956600,7402,7402.75,7395.5,7397.75,2333
1780956900,7397.75,7398.25,7390.75,7395,2494
1780957200,7395,7400,7394.75,7399.5,1596
1780957500,7399.5,7401,7395,7395.75,1872
1780957800,7395.5,7401.5,7395.25,7400.75,2214
1780958100,7400.75,7404,7400.75,7403,1645
1780958400,7403,7404.75,7402.25,7403.75,1173
1780958700,7403.5,7406.5,7401.75,7405.75,1665
1780959000,7405.75,7407.25,7404.75,7407,991
1780959300,7407,7412.75,7407,7411.75,2250
1780959600,7412,7412,7409,7410,1254
1780959900,7410.25,7411.5,7408.75,7410.75,972
1780960200,7410.75,7416.75,7410.25,7416,2561
1780960500,7416,7416.25,7411.25,7411.75,1483
1780960800,7412.25,7414.75,7411.5,7413.5,1061
1780961100,7413.5,7414.5,7411.5,7412.5,950
1780961400,7412,7414.5,7410.5,7413,1283
1780961700,7413.25,7418.25,7413.25,7418.25,2389
1780962000,7418.25,7419.25,7413,7413,1421
1780962300,7413.25,7413.25,7407.5,7409,3607
1780962600,7408.75,7409.75,7404.25,7406,2582
1780962900,7406,7410.75,7403.25,7410.5,1892
1780963200,7410.25,7412,7399.5,7400.75,4389
1780963500,7400.75,7403.25,7394.25,7395.75,4967
1780963800,7395.75,7402.25,7395.5,7397,2644
1780964100,7397.5,7401,7395,7396.25,2373
1780964400,7396,7398,7393.5,7395.75,2304
1780964700,7396,7400.5,7394.5,7399.5,2135
1780965000,7399.5,7401.25,7391,7394.5,3775
1780965300,7394,7395.75,7391,7392.5,1737
1780965600,7392.25,7397.5,7392,7397,1857
1780965900,7397,7398,7392.5,7395.25,1647
1780966200,7395.25,7397.25,7390,7392.5,2224
1780966500,7392.25,7396.75,7390,7395.25,1800
1780966800,7395.5,7399.5,7395,7395,2223
1780967100,7395,7400,7393.5,7395.75,1996
1780967400,7396,7402.25,7394.75,7399.75,2006
1780967700,7400.25,7403.5,7398.75,7402.25,2029
1780968000,7402.5,7418,7402,7413.5,5119
1780968300,7413.75,7417.25,7412,7413.75,1950
1780968600,7414,7416.25,7412,7415,1662
1780968900,7414.75,7419,7412.75,7418.75,1837
1780969200,7418.75,7422.5,7416.5,7420,3069
1780969500,7420,7428,7419.75,7424.75,3317
1780969800,7425,7426.5,7421.75,7423,1701
1780970100,7422.5,7423,7418.25,7420,1798
1780970400,7420,7423.5,7419.75,7421.5,1439
1780970700,7421.5,7424.25,7419.25,7423.75,1630
1780971000,7424,7424.75,7421,7421.75,860
1780971300,7422,7422.5,7419,7419.75,1163
1780971600,7419.75,7421.25,7418,7419,1059
1780971900,7418.5,7420.25,7415.5,7420,2027
1780972200,7420.25,7423.5,7419.75,7421.25,1631
1780972500,7421.5,7421.5,7417.25,7420,1565
1780972800,7420.25,7423,7419.75,7423,829
1780973100,7423,7425.25,7422.25,7422.5,1237
1780973400,7422.25,7423.5,7420,7421.5,728
1780973700,7421.5,7424,7421.25,7423.25,437
1780974000,7423.25,7423.75,7421.75,7423,689
1780974300,7423,7426.25,7421.25,7424,1638
1780974600,7424.25,7427.25,7423.5,7426.25,911
1780974900,7426,7429,7426,7427,1212
1780975200,7426.5,7428,7422,7423.25,1327
1780975500,7423.5,7426,7423,7425.25,794
1780975800,7425.5,7428.5,7424.5,7428,1212
1780976100,7428,7430.25,7427.75,7430,856
1780976400,7430,7433,7429,7432,1650
1780976700,7431.75,7433,7429.75,7430,972
1780977000,7429.75,7430.5,7428.75,7430,873
1780977300,7430,7430.75,7428.75,7430.5,646
1780977600,7430.5,7431,7428,7428.75,1021
1780977900,7428.75,7433,7427.75,7432.5,1257
1780978200,7432.75,7433.75,7431.25,7431.25,1249
1780978500,7431.5,7435.25,7430.5,7435,1037
1780978800,7434.5,7434.75,7432.5,7434,714
1780979100,7433.75,7435.25,7431.75,7433.25,684
1780979400,7433.75,7435.5,7431.75,7435.5,720
1780979700,7435.5,7437.25,7435,7437,1069
1780980000,7436.75,7437.25,7434.75,7435.25,610
1780980300,7435.25,7436.75,7434.25,7436.25,463
1780980600,7436.25,7436.5,7433.75,7435.25,352
1780980900,7435.25,7435.75,7433.5,7434,509
1780981200,7434.25,7437.25,7432.75,7436.75,984
1780981500,7436.75,7437.25,7433.25,7433.25,830
1780981800,7433.5,7436,7433.25,7433.75,471
1780982100,7433.75,7435,7433,7434,476
1780982400,7433.75,7435.5,7432,7435.25,666
1780982700,7435.25,7436.25,7432,7432.5,731
1780983000,7432.5,7440,7432.25,7439,1999
1780983300,7439,7439.5,7435.25,7437,788
1780983600,7437,7440,7435.75,7436.5,786
1780983900,7436.5,7441,7436.5,7440.5,708
1780984200,7440.25,7440.25,7436.5,7436.75,543
1780984500,7436.75,7437.5,7434.25,7436.75,676
1780984800,7436.75,7438.25,7435,7436.75,982
1780985100,7436.5,7438.5,7436.5,7437.25,851
1780985400,7437.25,7439,7436.75,7438.5,652
1780985700,7438.75,7442,7438.25,7439.75,1106
1780986000,7439.5,7442,7439,7440.25,486
1780986300,7440.25,7441,7436,7436.5,823
1780986600,7436.75,7437,7433.5,7435.5,1104
1780986900,7435.75,7436.75,7434.5,7436,522
1780987200,7436.25,7437.75,7434.5,7436.25,627
1780987500,7436.25,7437.5,7435,7435.25,467
1780987800,7435.25,7435.5,7430.25,7431,1279
1780988100,7431.25,7433.75,7431,7433.25,676
1780988400,7433.25,7443.5,7431.5,7443.5,2526
1780988700,7443.75,7446.75,7442.5,7445,1848
1780989000,7444.75,7446.25,7437.75,7438,1553
1780989300,7438.5,7439.75,7436,7437.5,1279
1780989600,7437.5,7440.5,7435.5,7435.75,1184
1780989900,7436,7436.5,7430.5,7433.25,1936
1780990200,7433.25,7436.25,7433,7433.75,1090
1780990500,7433.75,7434.5,7430.75,7433.25,1230
1780990800,7433.25,7436.5,7431.25,7436.5,1236
1780991100,7436.25,7439,7435.75,7437,999
1780991400,7436.75,7437.75,7431.75,7432.5,1660
1780991700,7432.75,7433.5,7430.75,7432.75,973
1780992000,7432.75,7437,7428,7433.5,2963
1780992300,7433.5,7438.5,7430.25,7438,1884
1780992600,7437.75,7445.25,7437.25,7444,4030
1780992900,7444,7445.75,7442,7442.5,1673
1780993200,7442.25,7443.5,7439.75,7441.75,1420
1780993500,7442,7444.5,7441,7443.25,1046
1780993800,7443.25,7446,7443,7443.5,1133
1780994100,7444,7448.25,7441.25,7447.25,1523
1780994400,7447.25,7448.75,7445.25,7447.5,1305
1780994700,7447.5,7449,7445.75,7446.25,741
1780995000,7446.25,7446.25,7441,7442,1411
1780995300,7441.75,7442.75,7440.5,7442.25,552
1780995600,7442,7446.5,7441.25,7444.5,1057
1780995900,7444.75,7447,7443,7446.75,764
1780996200,7446.5,7448.25,7446,7447.75,663
1780996500,7448,7448.75,7446.5,7448,713
1780996800,7447.75,7448.25,7446,7447.25,559
1780997100,7447.25,7450.75,7446.25,7449.25,1228
1780997400,7449.5,7449.5,7444.5,7444.5,866
1780997700,7445.25,7449.5,7445,7448.5,700
1780998000,7448.5,7449.75,7447.5,7448.5,530
1780998300,7448.5,7450,7448,7449,443
1780998600,7449,7451.25,7449,7450,909
1780998900,7450,7450.75,7448.5,7448.5,460
1780999200,7448.75,7451.75,7448.25,7450.75,1002
1780999500,7450.75,7451.75,7434.25,7441.75,10115
1780999800,7441.5,7449.75,7441.25,7449,2965
1781000100,7449,7449.5,7445,7445.25,701
1781000400,7445.25,7447,7445,7446.25,445
1781000700,7446.25,7449.75,7446.25,7449.25,512
1781001000,7449.25,7449.75,7446.5,7446.75,377
1781001300,7446.75,7447.75,7445.75,7445.75,458
1781001600,7446.25,7447.75,7445.25,7447,397
1781001900,7446.75,7448,7445.75,7447.25,669
1781002200,7447.5,7456,7447.5,7451.25,3386
1781002500,7451.25,7452.5,7450,7451.25,1499
1781002800,7451.5,7454.5,7450,7450.25,1434
1781003100,7450.5,7453.5,7449.25,7452.75,1011
1781003400,7452.5,7452.5,7448.75,7450.5,1082
1781003700,7450.5,7451,7447,7449.5,993
1781004000,7449.25,7449.75,7444.75,7445.25,1095
1781004300,7445.25,7448,7444.75,7446.5,669
1781004600,7446.75,7449.75,7446.25,7448.75,1213
1781004900,7448.75,7449.25,7445,7446.5,1071
1781005200,7446.25,7450.75,7446.25,7448.5,1769
1781005500,7448.75,7450.5,7445.5,7445.75,1131
1781005800,7445.75,7448,7444.75,7445,954
1781006100,7444.75,7445,7443,7443.25,1588
1781006400,7443.5,7447.75,7442.75,7446,1873
1781006700,7446,7448,7443.75,7447.25,1873
1781007000,7447.25,7447.5,7443,7443.25,1285
1781007300,7443,7444.75,7442.25,7444,1514
1781007600,7444,7445.5,7441.5,7442.75,1553
1781007900,7442.75,7445.5,7441.5,7443.5,2033
1781008200,7443.5,7453.5,7443.5,7452.5,3576
1781008500,7452.75,7455.75,7450.75,7451.25,2643
1781008800,7451.25,7452.5,7448.5,7449.75,1864
1781009100,7449.5,7449.75,7446.25,7448.25,1881
1781009400,7448.25,7449.25,7447,7447.75,1131
1781009700,7448,7456.75,7447.75,7456.25,5179
1781010000,7456.25,7458,7451.75,7454,9608
1781010300,7454,7459,7453.75,7457,5031
1781010600,7457.25,7457.25,7451.25,7451.75,3267
1781010900,7452,7452,7449,7450.75,3718
1781011200,7450.75,7453.25,7450.5,7451.75,2494
1781011500,7451.75,7459.5,7451.75,7458.75,8184
1781011800,7458.5,7463.75,7454.5,7458.25,24875
1781012100,7458.5,7470.75,7456.75,7466,25094
1781012400,7466,7475.5,7463.25,7475.25,20793
1781012700,7475,7491,7474,7489.75,29948
1781013000,7489.5,7490,7473,7473.75,29243
1781013300,7473.5,7476.75,7464,7465.5,27968
1781013600,7465.5,7472.5,7459.5,7462.75,29063
1781013900,7462.75,7469.5,7460.25,7461.25,21726
1781014200,7461.5,7461.5,7435.75,7437,44169
1781014500,7437,7441.25,7415.5,7422.75,52389
1781014800,7422.75,7441.75,7415.5,7441,40146
1781015100,7440.75,7443.5,7429.5,7433.25,31290
1781015400,7433.25,7439,7425,7433.5,30464
1781015700,7433.5,7437.25,7426,7430.75,23634
1781016000,7430.75,7434.25,7405.5,7407.75,30956
1781016300,7407.75,7410.5,7371.75,7374,65825
1781016600,7374,7387.5,7367.75,7387.25,51564
1781016900,7387.25,7399.5,7379.5,7399,31294
1781017200,7399.25,7402.75,7390.75,7391.25,28411
1781017500,7391.5,7401.5,7384.25,7400.75,25849
1781017800,7401,7405.5,7390,7396.5,22136
1781018100,7396.75,7399,7383.25,7384,20814
1781018400,7383.75,7388.5,7362.25,7362.5,29842
1781018700,7362.75,7363.25,7329.25,7331.5,49008
1781019000,7331.75,7339.5,7326,7334,45675
1781019300,7334.25,7339.25,7327,7336,34801
1781019600,7336,7346.25,7333.75,7339.5,28420
1781019900,7339.75,7343.75,7337.25,7341.25,17268
1781020200,7341,7349,7331.75,7333,25593
1781020500,7332.75,7334.5,7311,7312.5,38615
1781020800,7312.5,7327.25,7311,7317.75,37013
1781021100,7317.5,7319,7299.25,7304.75,35668
1781021400,7304.5,7315,7299.5,7307,28813
1781021700,7307,7307.25,7278.75,7281,41255
1781022000,7281.25,7296.75,7274.5,7296.25,41586
1781022300,7296,7303,7290.25,7295,26538
1781022600,7295,7307.75,7285,7294.25,33373
1781022900,7294.5,7305.5,7250.5,7254.75,48151
1781023200,7255.5,7271,7247,7268,40292
1781023500,7268,7278.75,7262.5,7270,28876
1781023800,7270,7276.25,7257.5,7258.25,23858
1781024100,7258.25,7288.25,7257,7287.25,23421
1781024400,7287.5,7308.25,7285.25,7305.5,25360
1781024700,7305.25,7309.75,7296.75,7304,17023
1781025000,7303.75,7312,7293,7307,18744
1781025300,7307,7322,7300.5,7320.5,18756
1781025600,7320.25,7334.5,7316.5,7326,26259
1781025900,7326,7334,7320.25,7329,15124
1781026200,7328.75,7338.75,7323.25,7338.5,16294
1781026500,7338.5,7347.25,7331.5,7342.5,16198
1781026800,7342.75,7361,7340.5,7351,17900
1781027100,7351.25,7353.75,7331,7333.5,20516
1781027400,7333.5,7353.25,7333.25,7346.5,17551
1781027700,7346.25,7353.25,7345.25,7347.25,10875
1781028000,7347.75,7354.5,7342.5,7347.5,12994
1781028300,7347.25,7359.25,7345,7357.5,11499
1781028600,7357.75,7358,7347,7354.25,12797
1781028900,7354,7367,7347.5,7365.75,15292
1781029200,7366,7373.5,7359.25,7372.5,14879
1781029500,7372.25,7373.25,7361.25,7373,10467
1781029800,7373,7384,7370.5,7378.75,15788
1781030100,7378.75,7384.75,7375.75,7381.25,8686
1781030400,7381.75,7382,7364.75,7366,13970
1781030700,7366.25,7377.25,7365,7377.25,10754
1781031000,7377.25,7384,7373,7378.5,8699
1781031300,7378.5,7393.5,7377.75,7389.5,11798
1781031600,7389.5,7396.25,7383,7395,11442
1781031900,7394.75,7398.75,7385.75,7386.5,11130
1781032200,7386.75,7386.75,7373.25,7374.5,13866
1781032500,7375,7376.25,7356.5,7358.25,21718
1781032800,7358.5,7365.5,7353.5,7361.5,16266
1781033100,7361.25,7370.5,7356.75,7367.75,12371
1781033400,7367.5,7372,7362,7367.25,11989
1781033700,7367.5,7368.75,7357,7357.75,10277
1781034000,7357.75,7360.75,7347.75,7356.25,16717
1781034300,7356.25,7360,7347.5,7352.5,11146
1781034600,7352.75,7384.5,7352.75,7383.75,26113
1781034900,7383.5,7395.25,7382.25,7391.75,30679
1781035200,7391.75,7399,7384,7399,13803
1781035500,7398.75,7399,7385,7387.5,5686
1781035800,7387.5,7389.5,7383,7385.5,2938
1781036100,7385.5,7390.5,7383.25,7383.25,2775
1781036400,7383.25,7387.5,7382.25,7386.25,1513
1781036700,7386,7391.75,7385.5,7390,1829
1781037000,7389.5,7390,7386,7388.75,1398
1781037300,7389.25,7391.25,7388,7390.25,1336
1781037600,7390,7393.75,7389.75,7390.75,1690
1781037900,7391,7392.5,7388.25,7391.25,1720
1781038200,7391,7391.25,7386,7386.75,1148
1781038500,7386.75,7390,7385.5,7390,1323
1781042400,7382,7384.5,7374.5,7379,5114
1781042700,7378.5,7383.5,7376.25,7381.75,2857
1781043000,7381.75,7383.25,7378.75,7381.5,1660
1781043300,7381.5,7386.75,7378.5,7382.75,2536
1781043600,7382.75,7383.25,7379.25,7380,756
1781043900,7379.75,7380.75,7376.5,7378.5,1764
1781044200,7378.5,7378.75,7371.75,7372.25,2162
1781044500,7372.75,7373.5,7366.5,7371.5,2627
1781044800,7371.5,7374.25,7367,7370.75,2421
1781045100,7370.75,7372,7364.25,7366.75,2389
1781045400,7367,7369.25,7363.5,7367.75,1851
1781045700,7367.75,7371.75,7366.75,7370.5,1754
1781046000,7370.25,7376.75,7368.75,7375,2866
1781046300,7375.5,7379.5,7374,7375.5,2507
1781046600,7375.25,7376.5,7369.5,7370.25,2349
1781046900,7370,7372.25,7366.75,7369,2147
1781047200,7369,7371,7366.75,7368.5,1310
1781047500,7368.25,7369.5,7366.75,7367.25,908
1781047800,7367.25,7370.25,7365,7369.25,1800
1781048100,7369.25,7371,7365,7369,1451
1781048400,7369.25,7370.5,7367,7369.75,837
1781048700,7370,7373.5,7368.75,7372.5,1976
1781049000,7372.25,7376.75,7370.5,7376.5,1708
1781049300,7376.5,7379.75,7373.25,7379,2221
1781049600,7379,7388.75,7378.25,7387.5,4512
1781049900,7387.5,7393.25,7384,7389.25,4992
1781050200,7389.25,7389.5,7380,7384.5,3423
1781050500,7384.25,7386.25,7377.25,7382,2478
1781050800,7382.25,7383.25,7378.25,7381.25,1639
1781051100,7381.5,7384.75,7377.75,7383.25,1596
1781051400,7383.25,7384,7371.25,7371.5,2910
1781051700,7371.25,7377.5,7367.75,7372.5,3442
1781052000,7372.75,7373,7364,7368.25,2494
1781052300,7368.25,7376.5,7367,7376.5,2504
1781052600,7376.25,7381,7369.75,7379.25,3009
1781052900,7379.5,7384.75,7375.25,7381.5,3780
1781053200,7382,7385.25,7378.5,7384.75,3091
1781053500,7384.5,7384.75,7379.25,7380.5,1727
1781053800,7380.75,7388.5,7378.5,7384.75,2331
1781054100,7384.5,7390,7382.25,7388,1813
1781054400,7388.25,7388.5,7382,7383,1642
1781054700,7383,7386.25,7380.75,7383.5,1766
1781055000,7383.25,7388.5,7377.25,7387.5,2733
1781055300,7387.75,7388.75,7381.75,7385.5,1264
1781055600,7385.75,7386.5,7379.25,7379.5,1235
1781055900,7379.5,7385.75,7378.25,7384.5,1448
1781056200,7384.5,7385.5,7376,7380,2077
1781056500,7379.25,7384.5,7378.75,7380,1234
1781056800,7379.5,7381.5,7374.75,7376,1266
1781057100,7375.5,7376.25,7371.5,7372.75,1623
1781057400,7372.75,7378,7372,7375.5,1971
1781057700,7376,7377.5,7373.75,7375.5,783
1781058000,7375.75,7379.75,7373.5,7375.5,1295
1781058300,7375.5,7378.75,7372.5,7378.5,1352
1781058600,7379,7381.5,7375.5,7376,1180
1781058900,7376.25,7379,7373.75,7373.75,1049
1781059200,7373.75,7376.75,7373.25,7376.75,918
1781059500,7376.5,7381,7376.5,7380.75,979
1781059800,7380.75,7381,7369.5,7370.5,1553
1781060100,7370.75,7374,7369.5,7371,1113
1781060400,7371,7376,7370.25,7375.75,995
1781060700,7376,7380,7375.75,7377.75,994
1781061000,7377.75,7378.75,7375.75,7377.25,540
1781061300,7377.25,7381.75,7376.5,7377.5,837
1781061600,7377.25,7378.25,7374.25,7377.25,692
1781061900,7377.5,7378.75,7375,7376.25,478
1781062200,7376.25,7378,7374.25,7375.75,741
1781062500,7375.5,7375.5,7371.25,7372.75,765
1781062800,7372.5,7372.75,7369.75,7370,685
1781063100,7370,7373.5,7369.75,7371.25,676
1781063400,7370.75,7374,7369.75,7373.25,689
1781063700,7373,7374.5,7370.75,7372.5,626
1781064000,7372.75,7373.75,7369,7370,725
1781064300,7370.25,7370.25,7366,7366.75,851
1781064600,7366.5,7368,7364.5,7365.25,877
1781064900,7365.5,7369.75,7363.5,7368.5,1008
1781065200,7368.75,7370.75,7365.75,7366.75,864
1781065500,7366.75,7369,7364.75,7365.5,779
1781065800,7365,7365.75,7360.75,7361,1497
1781066100,7361,7362.5,7358.75,7360.5,1076
1781066400,7360.75,7363,7356.5,7357.25,998
1781066700,7357,7361.5,7355.75,7360.75,1197
1781067000,7361,7365.25,7359.5,7364.25,953
1781067300,7364.25,7365,7357.75,7358,914
1781067600,7358,7362,7356.75,7361.25,986
1781067900,7361.25,7366,7359,7361.25,1109
1781068200,7361.5,7361.75,7359.25,7360,520
1781068500,7360.5,7360.5,7353.75,7354.5,1302
1781068800,7354.25,7358.5,7353.75,7357,1361
1781069100,7357,7367.5,7355.75,7367,1759
1781069400,7367,7368.25,7358.75,7364,1664
1781069700,7364,7366.25,7362.25,7365.5,746
1781070000,7365.75,7368.75,7362.25,7364,981
1781070300,7364,7364.75,7359.5,7362,788
1781070600,7361.75,7367.5,7361.5,7367.25,883
1781070900,7366.75,7370.75,7366,7368.5,1051
1781071200,7368.5,7373,7367.25,7372,1062
1781071500,7372.25,7375.75,7370.75,7372.5,1057
1781071800,7372.25,7373.75,7369.75,7372.25,957
1781072100,7372.5,7374.75,7371.5,7374.5,817
1781072400,7374.25,7374.75,7367.25,7367.75,972
1781072700,7367.5,7372,7366.75,7370.5,931
1781073000,7370.25,7373,7368.25,7369.5,1187
1781073300,7369.5,7375.75,7366.75,7372.75,1960
1781073600,7372.75,7373,7370,7371.25,904
1781073900,7371.5,7372,7369.75,7371.5,454
1781074200,7371.5,7371.5,7368.5,7370,634
1781074500,7369.75,7370,7366.75,7368.5,680
1781074800,7368.5,7370.75,7366.25,7366.75,1195
1781075100,7366.5,7369.75,7364.5,7369.5,1265
1781075400,7369.25,7373.5,7367.75,7371,1552
1781075700,7370.75,7373.25,7367,7367,1208
1781076000,7366.75,7369.5,7364.5,7366,1182
1781076300,7366,7366,7362.25,7364.5,1334
1781076600,7364.5,7370.5,7362.75,7370,1462
1781076900,7369.75,7370.75,7365,7365.25,1249
1781077200,7365.75,7367,7362.75,7365.25,858
1781077500,7365,7367.75,7362,7364.75,1511
1781077800,7365,7366.25,7362.75,7365.25,1446
1781078100,7365.25,7368.25,7364.5,7367.75,1088
1781078400,7367.5,7367.75,7352.5,7357.5,3046
1781078700,7357.75,7363.5,7355.75,7362.25,2571
1781079000,7362.25,7364.75,7355.75,7356,2155
1781079300,7355.75,7358,7353.25,7353.75,2017
1781079600,7353.75,7358.5,7351.25,7355.75,3302
1781079900,7356,7357.75,7351,7353,2912
1781080200,7353.25,7354.75,7350.75,7351.5,2034
1781080500,7351.25,7357,7350.75,7353.25,1774
1781080800,7353,7353.25,7338.5,7339.5,4107
1781081100,7339.25,7340.75,7332.5,7337.5,4965
1781081400,7337.25,7345,7336.75,7338.75,3603
1781081700,7338.75,7340,7334,7336.25,2342
1781082000,7336.5,7337.75,7331.75,7334.75,2931
1781082300,7334.75,7339.25,7333.25,7333.25,2812
1781082600,7333.25,7339.75,7324,7324,5360
1781082900,7323.75,7329.5,7319,7325.25,4335
1781083200,7325.25,7328.25,7321.25,7328,2807
1781083500,7327.5,7337.25,7327.5,7336.5,3088
1781083800,7336.5,7338.25,7334.25,7336.5,1957
1781084100,7336,7342.75,7335.25,7337.5,2797
1781084400,7337.5,7338,7329.5,7333,3185
1781084700,7333,7335.75,7328.75,7332,2035
1781085000,7331.75,7336.5,7330,7335.5,2605
1781085300,7335.5,7339.5,7335.5,7337.5,2350
1781085600,7337.75,7338.5,7331.5,7334.75,2037
1781085900,7335,7337.25,7330.25,7336.25,1712
1781086200,7336.25,7337,7332.5,7334.75,1841
1781086500,7334.75,7335.25,7326,7328,3107
1781086800,7327.75,7335.5,7324.5,7333,3238
1781087100,7333.25,7337.25,7331.5,7336.25,2058
1781087400,7336,7342,7334.5,7335.5,3907
1781087700,7335.25,7340.5,7333.75,7339.25,1949
1781088000,7339.5,7344.25,7338.25,7344.25,2081
1781088300,7344,7346.25,7341,7342,1846
1781088600,7341.75,7341.75,7335,7335.75,1664
1781088900,7335.75,7346.5,7334.75,7344,3572
1781089200,7344,7346.5,7316.5,7318.5,7806
1781089500,7319,7323.75,7307,7321.75,8057
1781089800,7321.75,7327.75,7319.75,7326,4390
1781090100,7325.75,7331.5,7321,7322,3027
1781090400,7322,7334.25,7320.5,7324,4894
1781090700,7323.75,7324.5,7305.25,7316.75,9944
1781091000,7316.75,7319.75,7309,7315.25,4786
1781091300,7315,7318,7306.5,7306.75,3870
1781091600,7307.25,7315,7306.75,7311.75,3562
1781091900,7311.75,7316.25,7309,7313.75,3410
1781092200,7313.75,7323.75,7313.75,7322.5,3860
1781092500,7322.75,7326.75,7319,7322.5,3072
1781092800,7322.25,7325,7319.75,7322.75,3353
1781093100,7322.75,7329.5,7322.75,7327.25,4200
1781093400,7327.25,7335,7323.5,7327.5,6886
1781093700,7327.25,7334.25,7321.75,7323.75,6502
1781094000,7324,7331.75,7323,7327,3579
1781094300,7327,7339,7326.75,7338.25,5398
1781094600,7338.25,7367,7330,7353.75,23802
1781094900,7353.75,7361.75,7344.75,7353.25,13238
1781095200,7353.25,7365,7351.25,7359,9589
1781095500,7359.5,7366.75,7355.75,7364,9691
1781095800,7364,7364.25,7355,7359.75,7282
1781096100,7360,7360.5,7349.75,7350.5,7537
1781096400,7350.5,7355.5,7348.25,7349,8991
1781096700,7349.25,7354.5,7346.5,7354.5,5815
1781097000,7354.5,7355.75,7350.75,7351.25,4517
1781097300,7351.25,7355,7349.5,7354.25,3757
1781097600,7354.25,7355.5,7350.5,7352.5,3917
1781097900,7352.75,7356,7350.25,7354.75,6720
1781098200,7355,7360.25,7338.25,7338.25,33014
1781098500,7338.5,7373.25,7335.25,7366.5,42560
1781098800,7366.25,7382.5,7353,7382,35001
1781099100,7382,7390.25,7373.75,7386.75,28926
1781099400,7387,7387,7367.75,7377,27817
1781099700,7377.25,7387.75,7373.25,7378,23340
1781100000,7378,7393.5,7370.75,7386.5,31480
1781100300,7386.25,7395,7379.25,7391.75,21088
1781100600,7391.75,7397,7385,7387.5,29307
1781100900,7387.75,7391.75,7378.5,7386,25062
1781101200,7386,7404.75,7382.5,7403,24240
1781101500,7403,7404.75,7386.75,7392.75,23408
1781101800,7392.5,7399.25,7378.25,7399.25,29012
1781102100,7399,7400,7380.5,7386,22599
1781102400,7385.75,7393.25,7376.25,7376.5,20893
1781102700,7376.5,7381.75,7365.5,7370,33557
1781103000,7370.25,7377.75,7362.25,7366.75,30050
1781103300,7366.5,7370,7343,7348.75,37811
1781103600,7349.25,7365,7339.75,7351.5,34925
1781103900,7351.5,7353,7337.75,7338.5,21985
1781104200,7338.5,7341,7326.75,7327.5,31386
1781104500,7327.5,7328.25,7315.5,7322.25,29611
1781104800,7322.25,7344.25,7320.75,7339,28536
1781105100,7338.5,7346.25,7334.5,7334.75,21929
1781105400,7334.75,7344,7325.75,7330.75,24129
1781105700,7330.75,7337.25,7321,7328.5,21029
1781106000,7328.25,7346.25,7324,7343,20477
1781106300,7343,7348.5,7309.75,7320.25,40311
1781106600,7320,7337,7305.25,7328.25,33731
1781106900,7328.25,7342,7321.5,7340,17909
1781107200,7340.25,7346,7330.5,7336,20493
1781107500,7335.75,7341.25,7325.75,7329.75,15551
1781107800,7329.25,7329.75,7319.5,7323,14039
1781108100,7322.75,7331,7321.5,7325.75,9826
1781108400,7325.75,7329.75,7319.25,7321.75,10995
1781108700,7321.75,7330,7320.75,7327.25,7373
1781109000,7327.25,7337,7320.5,7336.25,9532
1781109300,7336.75,7344,7330.75,7340.25,12748
1781109600,7340.25,7343.5,7324.75,7328.75,11656
1781109900,7328.75,7328.75,7314.5,7320.25,13906
1781110200,7320,7331,7317.25,7322.75,11393
1781110500,7322.75,7326,7315.25,7324,8579
1781110800,7324,7334.5,7320.5,7332,9956
1781111100,7332,7332.5,7315.75,7317,12258
1781111400,7317,7318,7307.25,7310.75,12745
1781111700,7310.5,7315,7307,7310.5,9484
1781112000,7310,7316.25,7308,7315.5,7885
1781112300,7315.25,7319,7311,7317,8104
1781112600,7316.75,7317.5,7303.25,7309,12010
1781112900,7309.5,7309.5,7301,7302.25,10149
1781113200,7302.25,7306.5,7298.75,7300.25,8092
1781113500,7300.5,7327.5,7299,7324,20016
1781113800,7323.75,7326.25,7310,7320.5,15459
1781114100,7320.5,7328.75,7318.5,7327.25,9754
1781114400,7327,7338.5,7325.75,7337.25,12901
1781114700,7337.5,7338.25,7325.25,7325.75,10166
1781115000,7326,7333.25,7324.75,7328.25,6971
1781115300,7328,7333.25,7315,7318.5,10948
1781115600,7318.25,7325,7313.5,7319.75,10572
1781115900,7320,7322,7314.5,7316.5,8059
1781116200,7316.25,7316.5,7309.25,7311.25,9336
1781116500,7311,7312,7302,7305.75,13177
1781116800,7306,7309.25,7301.5,7305.75,8222
1781117100,7306,7306.25,7299,7300,7677
1781117400,7299.75,7301.5,7290.5,7298,15561
1781117700,7298.25,7299.5,7290.5,7295,9522
1781118000,7295.25,7302,7289.25,7294.25,12611
1781118300,7294.25,7302,7290.5,7298.5,9985
1781118600,7298.5,7299.5,7288.25,7291.5,8402
1781118900,7291.75,7293.5,7283.5,7286.25,10536
1781119200,7286,7286.25,7278.75,7282.5,12405
1781119500,7282.25,7284,7276,7281,12094
1781119800,7281,7293,7277.75,7290.75,16539
1781120100,7291,7298,7287.75,7296.25,10793
1781120400,7296.25,7298.75,7287.75,7293.75,11593
1781120700,7294,7295.75,7283.75,7290,11431
1781121000,7290,7300.5,7275.75,7290,22798
1781121300,7289.75,7294,7275,7276,17976
1781121600,7276,7279.25,7267,7274,11381
1781121900,7273.25,7275,7261,7268,7799
1781122200,7268,7274.25,7267.75,7271.25,4523
1781122500,7271.5,7275,7268.5,7272,3506
1781122800,7272,7276,7269,7273.5,1899
1781123100,7273.25,7273.5,7268.5,7270.5,1340
1781123400,7269.75,7269.75,7264.25,7266,1956
1781123700,7266.5,7269.25,7265,7268.75,1493
1781124000,7268.75,7270.25,7261.75,7262.75,2490
1781124300,7262.25,7263.5,7256.25,7259.75,2627
1781124600,7260,7265,7256.25,7264.5,1973
1781124900,7264.25,7267.75,7262.75,7267,2201
1781128800,7263,7266.25,7249.75,7250.75,5223
1781129100,7251.25,7252.25,7247,7249.25,2909
1781129400,7249.5,7255.25,7247,7255.25,3753
1781129700,7255.25,7257.75,7252.75,7257,3075
1781130000,7256.75,7257,7253.75,7255,1785
1781130300,7254.75,7259.75,7253,7258.75,2262
1781130600,7258.75,7264,7258.75,7259,3278
1781130900,7259,7265.75,7258.5,7265,2293
1781131200,7265,7266.75,7256.5,7260,3873
1781131500,7260.25,7265.25,7256.25,7259.25,4121
1781131800,7259.75,7260.5,7250.75,7253,3429
1781132100,7252.75,7253.25,7242.75,7244,5102
1781132400,7244.25,7250.75,7240,7249.5,6803
1781132700,7249.5,7251.5,7242.5,7243.25,3166
1781133000,7243.25,7244.75,7234.75,7236.25,5877
1781133300,7236.25,7252.75,7232.5,7247.5,9221
1781133600,7247.75,7256.5,7240.5,7244.5,9511
1781133900,7244.5,7258.5,7244.5,7257,6435
1781134200,7257.25,7258.75,7247.25,7252.5,4635
1781134500,7252.75,7258.75,7252.25,7255,2801
1781134800,7255.25,7263.25,7254.5,7259.5,3538
1781135100,7259.25,7260,7252.5,7255.75,3109
1781135400,7255.5,7256.75,7251.25,7253.25,2181
1781135700,7253,7253.5,7247.25,7249.5,2458
1781136000,7249.75,7258.5,7246.25,7248.25,4610
1781136300,7248.5,7254.75,7246,7248.5,4377
1781136600,7248.5,7257.5,7245.75,7254.75,3733
1781136900,7255,7282.75,7255,7274.5,11555
1781137200,7274.5,7278.25,7269.5,7271.5,4638
1781137500,7271.75,7272.5,7264.75,7267,3604
1781137800,7267.25,7272.75,7265,7267,4162
1781138100,7266.75,7268,7257.75,7263.75,6157
1781138400,7263.5,7270.5,7262,7263.25,2902
1781138700,7263,7277.75,7263,7274.75,4256
1781139000,7274.75,7279.75,7272,7275.75,3207
1781139300,7276,7280,7275.75,7277,2178
1781139600,7277.25,7290.75,7277,7286.75,5993
1781139900,7286.75,7292.75,7285.5,7291.25,4644
1781140200,7291.25,7303.25,7291.25,7302.75,4932
1781140500,7302.5,7304.25,7297.5,7303.25,3896
1781140800,7303.25,7306,7297.5,7305,3456
1781141100,7305,7306,7301.5,7304.5,2615
1781141400,7304.5,7305.25,7298,7298.5,2494
1781141700,7298.5,7305.5,7296,7302,3009
1781142000,7301.75,7303.5,7295.75,7296.75,1849
1781142300,7297,7297.5,7293,7293.75,2099
1781142600,7294,7294.75,7290.5,7291.5,1852
1781142900,7291.75,7292,7285.75,7287.5,2511
1781143200,7287.75,7297.25,7286.5,7296.75,2523
1781143500,7296.75,7296.75,7290.5,7293,1752
1781143800,7292.75,7293,7286.75,7287.25,1551
1781144100,7287.25,7290.75,7285.5,7287,1480
1781144400,7287,7288,7278.5,7280.5,3282
1781144700,7280.25,7283,7276.5,7278.25,3268
1781145000,7278.5,7281.25,7273.25,7276.25,3399
1781145300,7276.5,7281.75,7275.5,7280,2577
1781145600,7279.75,7283.75,7278.5,7279.25,2207
1781145900,7279.5,7283.5,7278,7282.5,1919
1781146200,7282.75,7284.75,7279.25,7282.5,1902
1781146500,7282.75,7291.25,7282.5,7289.25,2957
1781146800,7289.5,7294.25,7289.5,7293.75,2131
1781147100,7294,7294.5,7288,7290,2234
1781147400,7290,7290.5,7282.25,7284.5,2119
1781147700,7284.25,7288.5,7283,7283.25,1672
1781148000,7283.25,7288,7281,7287.5,1817
1781148300,7287.25,7288,7284,7288,1187
1781148600,7287.5,7295.5,7287.25,7294.5,2611
1781148900,7294.5,7296.75,7291.25,7296.75,1526
1781149200,7296.5,7298.75,7295.75,7298,1637
1781149500,7298,7300,7296,7298,1276
1781149800,7298,7305.75,7297.75,7303,3084
1781150100,7303,7306,7302.25,7304.5,1559
1781150400,7305,7305.75,7301.75,7301.75,1875
1781150700,7301.75,7305.25,7301,7304,1352
1781151000,7304,7304.75,7302.5,7303.5,1330
1781151300,7303.25,7304,7300.5,7303.75,1320
1781151600,7303.75,7309,7302.25,7304.25,2943
1781151900,7304.5,7308,7304,7306.25,1602
1781152200,7306.75,7309.75,7305.75,7305.75,1633
1781152500,7305.75,7312.5,7305.5,7312,1664
1781152800,7312,7317.5,7311.25,7315.5,2538
1781153100,7315.5,7317.75,7313.25,7313.75,1481
1781153400,7313.75,7314.25,7310.25,7313.75,1680
1781153700,7313.75,7314.25,7310.75,7312.75,1173
1781154000,7313.25,7313.75,7307.25,7309,2666
1781154300,7308.75,7309,7304.75,7308,1605
1781154600,7307.5,7308,7304.25,7305.75,1399
1781154900,7305.5,7308.5,7304,7305.75,1547
1781155200,7305.5,7308.25,7305.25,7306.5,903
1781155500,7306,7306.75,7302.75,7306,1565
1781155800,7305.5,7308,7302.75,7307.25,2258
1781156100,7307.5,7308.5,7303.75,7306.25,1424
1781156400,7306,7309,7305.75,7307.75,1276
1781156700,7307.75,7309.75,7305.75,7307.5,1107
1781157000,7307.5,7309,7306.25,7306.75,1374
1781157300,7306.5,7310.5,7305.75,7308.5,1644
1781157600,7308.25,7309,7301.75,7302,3025
1781157900,7301.75,7302.5,7294.75,7299,7610
1781158200,7299,7307,7298.25,7306.5,3580
1781158500,7306.5,7310.25,7305.5,7306,2404
1781158800,7306.25,7309.5,7304.75,7307.25,1834
1781159100,7307.5,7309,7305,7305.75,2415
1781159400,7306,7306.5,7303.75,7304.25,1815
1781159700,7304.25,7311.25,7303.75,7310.5,3258
1781160000,7310.5,7312.5,7309.75,7310.25,2163
1781160300,7310.5,7313,7308.75,7311.75,2625
1781160600,7311.5,7314.5,7311,7313.75,1482
1781160900,7313.75,7316,7312.5,7315.5,1068
1781161200,7315.75,7319.75,7315.25,7318.5,3572
1781161500,7318.75,7319.25,7312.5,7317.5,2465
1781161800,7317.5,7319.25,7312.5,7317.25,3256
1781162100,7317.25,7325,7316,7322.75,3307
1781162400,7322.75,7330,7322.5,7329.25,4202
1781162700,7329.25,7329.25,7322.75,7326.75,2383
1781163000,7326.75,7329,7326,7327,2266
1781163300,7326.75,7331.25,7326.75,7328.25,2659
1781163600,7328.25,7331,7325.75,7330.25,2316
1781163900,7330,7330.75,7325.25,7325.75,2247
1781164200,7326,7328.75,7324.25,7326.75,1761
1781164500,7326.5,7328,7325.75,7327.25,1378
1781164800,7327,7336,7326.5,7329.25,3966
1781165100,7329.25,7335.75,7328.25,7334.5,2722
1781165400,7335,7337.5,7333.5,7335.5,2533
1781165700,7335.25,7335.5,7331.25,7333.5,1745
1781166000,7333.25,7335,7330,7334,2384
1781166300,7334.25,7336.75,7331,7332.25,1889
1781166600,7332.25,7336,7331.25,7335,2418
1781166900,7335.25,7337.25,7334.25,7336,1720
1781167200,7336.25,7336.75,7333.5,7335,1836
1781167500,7335,7337.25,7334.25,7334.25,1496
1781167800,7334.25,7337,7333,7334.5,1163
1781168100,7334.75,7337.5,7334.25,7336.5,940
1781168400,7336.5,7337.75,7335.25,7336.5,1495
1781168700,7336.5,7337.5,7333,7333.75,1933
1781169000,7333.75,7334.75,7331.5,7333.25,1881
1781169300,7333.25,7336.5,7332.5,7335,1695
1781169600,7335,7335.25,7331.5,7333.25,1081
1781169900,7333.75,7335.5,7331.75,7333.5,972
1781170200,7333.5,7334,7332,7333.75,1233
1781170500,7333.75,7335.5,7332.5,7334.5,1040
1781170800,7334.5,7337,7334.25,7335.25,1008
1781171100,7335.5,7338.75,7334.25,7335.5,1336
1781171400,7335.75,7336.75,7333.75,7335.25,1107
1781171700,7335.25,7337.75,7333.5,7333.5,1228
1781172000,7333.5,7337.5,7331.5,7333.5,2152
1781172300,7333.5,7335,7332.25,7332.75,1477
1781172600,7332.75,7334,7330.5,7332,1342
1781172900,7332,7333,7329.75,7331,1187
1781173200,7331,7333.5,7330.5,7333.25,1157
1781173500,7333.25,7333.75,7328.5,7328.75,2068
1781173800,7329,7334.25,7329,7334.25,2116
1781174100,7334.25,7334.25,7331.25,7332,1107
1781174400,7332.25,7333,7330.75,7331.5,789
1781174700,7331.75,7332,7330.5,7331.5,1017
1781175000,7331.75,7334.25,7331,7332,1204
1781175300,7332.25,7332.5,7328.5,7329,2101
1781175600,7329,7329.25,7325,7325.5,3882
1781175900,7325.5,7326,7317.5,7317.75,4944
1781176200,7318,7323,7317.75,7322,2623
1781176500,7322,7324,7321,7322.25,2169
1781176800,7322.25,7323,7319.5,7319.75,2422
1781177100,7319.75,7325.75,7317.75,7322.75,4889
1781177400,7323,7332.5,7322,7328.5,7671
1781177700,7328.25,7332.5,7326.25,7327.75,5056
1781178000,7328,7331,7325,7329.5,2631
1781178300,7329.75,7331.25,7329.25,7329.75,1659
1781178600,7329.75,7332.25,7326.75,7331.5,2170
1781178900,7331.5,7334,7330.5,7332.25,2917
1781179200,7332,7334,7331.25,7333.5,1913
1781179500,7333.5,7334,7328.75,7332.75,2651
1781179800,7332.75,7332.75,7329.75,7332,1487
1781180100,7332.25,7332.25,7325.75,7326.5,3690
1781180400,7326,7327.25,7296.25,7309.5,29418
1781180700,7309.25,7315.5,7302.75,7305.75,11604
1781181000,7306.75,7314.75,7288.25,7296.75,13119
1781181300,7297,7303,7293.5,7301.5,7188
1781181600,7301.25,7310.75,7296.25,7304.75,11218
1781181900,7304.5,7315,7301.75,7311.75,9821
1781182200,7312,7317.25,7310,7314,7159
1781182500,7314,7319.5,7311.75,7316.25,8043
1781182800,7316,7316.75,7309,7312.5,5566
1781183100,7312.5,7312.75,7304,7307,4579
1781183400,7307.25,7311.75,7305.5,7308.25,3668
1781183700,7308.5,7310.25,7306.25,7307.5,2746
1781184000,7307.5,7311.75,7307,7310.5,3122
1781184300,7310.25,7311,7307,7308,5258
1781184600,7308,7311,7290.75,7292.5,39028
1781184900,7292.75,7302.75,7287.5,7292.25,41863
1781185200,7292.5,7296.5,7283,7291.25,35202
1781185500,7291.25,7317.75,7287.25,7305.75,56413
1781185800,7305.75,7335.25,7305.75,7330.25,43534
1781186100,7330.25,7335.25,7313.75,7317,31683
1781186400,7317,7335.75,7314.5,7330.5,33207
1781186700,7330.5,7330.5,7317,7320.5,24870
1781187000,7320.25,7321.75,7297.25,7298,42293
1781187300,7298.25,7304.5,7289,7290.5,32033
1781187600,7290.5,7316.25,7289.25,7311.25,35773
1781187900,7311.25,7317.5,7296.25,7308,30712
1781188200,7307.75,7313,7296.25,7302.75,28653
1781188500,7302.75,7320.25,7300.75,7311,30042
1781188800,7311.25,7318.5,7305,7305.5,18964
1781189100,7305.5,7309.75,7298,7301,22985
1781189400,7300.75,7302,7290.25,7292.75,21313
1781189700,7293,7293,7270.25,7275.5,38377
1781190000,7275.25,7282.5,7263,7278.5,37870
1781190300,7279,7292.75,7272.25,7285.75,29298
1781190600,7285.5,7298.25,7284,7293,23642
1781190900,7293,7303.75,7286.25,7292.5,21876
1781191200,7292.75,7307,7290.75,7301.75,20685
1781191500,7302,7305.75,7291,7291,14757
1781191800,7291,7297.75,7286.25,7294.5,16485
1781192100,7294.75,7308.75,7293.5,7304.25,16560
1781192400,7304.5,7314.25,7293.75,7298,17233
1781192700,7298,7303.75,7292.5,7296.75,13339
1781193000,7296.75,7297.5,7289,7292,10256
1781193300,7292,7303,7287.5,7300,17117
1781193600,7300.5,7310,7294.75,7299.5,13082
1781193900,7299.5,7312,7296.25,7309.75,11866
1781194200,7309.5,7321,7307.75,7318.5,13969
1781194500,7318.5,7322.5,7312.75,7317.25,12224
1781194800,7317.25,7319.75,7304.25,7305,14763
1781195100,7305,7307.25,7297,7298,14259
1781195400,7298,7317.75,7293.25,7312.75,20494
1781195700,7312.5,7318.5,7304.75,7307,13879
1781196000,7307,7308.75,7302.75,7305.75,7665
1781196300,7305.75,7309,7300.5,7302.75,9583
1781196600,7302.5,7303.75,7290.25,7291,12895
1781196900,7290.75,7292.25,7284.25,7284.75,9656
1781197200,7285,7292,7275,7278,18112
1781197500,7278,7288.25,7277.25,7287.25,12345
1781197800,7287.5,7292,7281.5,7282.75,11954
1781198100,7283,7285.75,7273.5,7276.5,11151
1781198400,7276.25,7281.75,7272,7280,9777
1781198700,7279.75,7346.5,7278.5,7345.25,33838
1781199000,7345.25,7371.5,7342,7362.25,61179
1781199300,7362.5,7366.5,7352.25,7363,25864
1781199600,7362.75,7386.5,7358.75,7382.25,22684
1781199900,7382.5,7385.5,7365.25,7368.25,19555
1781200200,7368.25,7369.5,7353.75,7363.25,16465
1781200500,7363,7371.25,7357.5,7369,16662
1781200800,7369,7376.5,7347.5,7352.5,23101
1781201100,7352.75,7359,7345.25,7352,15383
1781201400,7351.75,7363,7350.75,7363,11163
1781201700,7362.75,7377.75,7361,7375.5,14284
1781202000,7375.5,7375.5,7357.75,7365.5,20375
1781202300,7364.75,7369.5,7362.5,7364.5,7676
1781202600,7364.75,7373.75,7362.75,7365.25,6872
1781202900,7365.25,7369.5,7361.25,7363,5603
1781203200,7363,7370.5,7360.5,7369.25,5381
1781203500,7369.25,7379.5,7368,7378.5,8110
1781203800,7378.5,7383.25,7377,7377.5,6401
1781204100,7377.25,7379.5,7371.75,7377.5,8087
1781204400,7377.5,7387,7377.25,7384,9712
1781204700,7383.75,7385.25,7372.25,7381.25,9737
1781205000,7381.5,7392.75,7380.5,7389.25,12622
1781205300,7389.5,7394.5,7387.25,7393.75,7428
1781205600,7393.75,7396.75,7391,7393,6379
1781205900,7393.25,7402,7391.5,7399,9162
1781206200,7399,7417.75,7398.75,7416,23151
1781206500,7416,7419.75,7407.5,7409,10741
1781206800,7409.25,7418.5,7406.25,7413.5,9330
1781207100,7413.25,7413.25,7398.5,7399,10135
1781207400,7399.25,7404.75,7392.5,7401.75,16526
1781207700,7401.5,7403.75,7393.25,7394.5,35501
1781208000,7394.75,7402,7390.25,7397.5,7934
1781208300,7398,7405.75,7398,7402.75,3766
1781208600,7403,7409.75,7399.75,7407,3163
1781208900,7407,7409.75,7403.75,7404.25,1677
1781209200,7403.75,7405.5,7401.25,7404,1410
1781209500,7404,7407.5,7399,7401.75,2253
1781209800,7401.5,7404,7399.75,7400.25,885
1781210100,7400.25,7400.5,7395.25,7395.25,1666
1781210400,7395,7395.75,7392,7392.75,1112
1781210700,7392.5,7394.75,7392.25,7393.25,969
1781211000,7393.25,7396,7393,7395.5,825
1781211300,7395.25,7399,7395,7397.75,1033
1781215200,7398.25,7407.5,7397.75,7404.25,2391
1781215500,7404.25,7409.5,7402.25,7407.25,1838
1781215800,7406.75,7413.25,7406.5,7412.5,1939
1781216100,7412.75,7416.5,7409.5,7410.75,2498
1781216400,7410.75,7413.75,7409.75,7409.75,1505
1781216700,7409.75,7412.25,7409.25,7410.75,1135
1781217000,7411,7412,7408.5,7409.25,1571
1781217300,7409.25,7410.5,7408.25,7408.5,928
1781217600,7408.5,7412.5,7408.25,7411,1321
1781217900,7410.75,7415,7410.75,7412.75,1438
1781218200,7412.75,7415.5,7412.25,7414.5,1074
1781218500,7414,7414.75,7410.5,7411.5,1137
1781218800,7411.75,7412.5,7408.25,7409.5,1903
1781219100,7409.25,7410.25,7406.5,7408.25,1467
1781219400,7408.25,7410,7406.75,7409.75,1218
1781219700,7409.5,7412.75,7408.75,7410.5,1384
1781220000,7410.5,7410.75,7403.5,7403.75,1896
1781220300,7404,7406.75,7402.5,7406.5,1798
1781220600,7406.25,7408.75,7406.25,7408.25,1190
1781220900,7408.5,7411.75,7408,7410.25,1352
1781221200,7410.5,7413.75,7410.5,7413.25,1328
1781221500,7413.25,7417,7413.25,7415.75,2314
1781221800,7415.75,7416.75,7412,7414.5,1605
1781222100,7414.75,7416.25,7413.5,7415,1104
1781222400,7414.75,7415.75,7406.5,7411.25,3981
1781222700,7411.25,7417,7411.25,7413.5,2910
1781223000,7413.25,7415,7410.25,7413,2053
1781223300,7412.5,7412.5,7407.5,7411,2414
1781223600,7411.25,7415.5,7410,7415,1732
1781223900,7415.25,7418.25,7412.5,7417,2190
1781224200,7417,7420,7416.5,7420,2006
1781224500,7420,7421.5,7416,7416.5,2016
1781224800,7416.5,7418.25,7411.25,7412,2138
1781225100,7412,7416,7411.75,7413.75,1488
1781225400,7413.75,7415.25,7412.5,7412.75,1168
1781225700,7412.5,7413.75,7408.75,7412.5,1871
1781226000,7412.5,7413,7406.5,7407.75,2566
1781226300,7407.5,7409.5,7404.25,7409,2303
1781226600,7408.75,7409.75,7404.5,7408.75,1979
1781226900,7408.75,7410.5,7403.5,7404.5,2024
1781227200,7404.75,7405.25,7400.25,7401,2993
1781227500,7401,7401.25,7396.5,7398.75,2788
1781227800,7398.75,7403,7398.5,7402.5,2527
1781228100,7402.5,7403.5,7396.75,7399.5,2042
1781228400,7399.75,7403.75,7397.25,7400.25,2182
1781228700,7400.25,7406.75,7399.75,7406,2039
1781229000,7406,7407.75,7404.5,7405.75,1301
1781229300,7406,7411.25,7405.5,7410.25,1666
1781229600,7410.25,7414,7410.25,7412.25,2307
1781229900,7412.25,7414.5,7410.5,7414,1993
1781230200,7414,7415,7411.5,7412,1197
1781230500,7412.5,7413,7409,7411,1652
1781230800,7411.25,7412.75,7409,7409.75,1436
1781231100,7410,7410.25,7405.25,7405.5,2088
1781231400,7406,7408.5,7405.25,7406,1633
1781231700,7406,7410.75,7404.75,7410,2007
1781232000,7409.75,7411.25,7408.75,7410.25,1349
1781232300,7410.25,7414,7409.75,7412.25,1712
1781232600,7412.25,7413.5,7409.75,7411.5,1673
1781232900,7411.5,7412.25,7410,7411.75,1199
1781233200,7411.75,7412,7407.75,7409.5,1555
1781233500,7409.75,7409.75,7406.5,7408.5,1147
1781233800,7408.25,7408.5,7402.75,7404.5,1706
1781234100,7404.5,7406,7402.75,7403,1192
1781234400,7403,7403.75,7399.75,7400.5,1382
1781234700,7400.5,7405,7400,7404,2059
1781235000,7404,7407.75,7403.25,7405,2188
1781235300,7405,7407,7404,7406.5,1113
1781235600,7406.75,7409.75,7406.25,7406.75,1616
1781235900,7406.75,7407,7402,7405,2124
1781236200,7405,7407.5,7404.5,7406.5,1354
1781236500,7406.5,7408.5,7406,7407,984
1781236800,7407.25,7407.25,7403,7404.25,1047
1781237100,7404.25,7404.25,7400.25,7401.5,1296
1781237400,7401.5,7404.5,7400.25,7404,1426
1781237700,7404.25,7405.5,7400.75,7401.75,1312
1781238000,7401.75,7406.5,7400.25,7405.25,1492
1781238300,7405,7409,7405,7408.5,1069
1781238600,7408.5,7410.25,7407,7409,1449
1781238900,7408.75,7409,7407,7408,878
1781239200,7408,7411,7407.25,7409.5,917
1781239500,7409.5,7410.75,7408,7409,1267
1781239800,7409,7411.5,7408.75,7409.75,861
1781240100,7409.75,7411.25,7409.25,7410.75,720
1781240400,7410.75,7412.75,7408.25,7409,1403
1781240700,7408.75,7409.25,7404.75,7406.75,1620
1781241000,7406.75,7409,7404,7408.75,1386
1781241300,7408.5,7411.25,7407,7410.25,1782
1781241600,7410.25,7411.75,7408.75,7409.25,1384
1781241900,7409.25,7411.25,7408,7410.75,1005
1781242200,7410.25,7410.25,7404.5,7406.25,1801
1781242500,7406.25,7407.75,7398,7401,3985
1781242800,7401,7407.25,7400,7402.5,3743
1781243100,7402.75,7403.25,7395.5,7396,3808
1781243400,7396,7398.25,7387.25,7396.5,6505
1781243700,7396.5,7397,7391.75,7393.25,2592
1781244000,7393,7401.5,7391.5,7399,4181
1781244300,7399,7401.75,7395.75,7399.75,4215
1781244600,7399.5,7404,7398.25,7401.75,2942
1781244900,7401.75,7401.75,7397.75,7397.75,1752
1781245200,7398,7399.75,7395.25,7398,1505
1781245500,7398.25,7399,7395.75,7396.5,1511
1781245800,7396.5,7396.5,7392,7392.75,1995
1781246100,7392.75,7393.25,7391,7391,1346
1781246400,7391.25,7392,7388,7389.25,1839
1781246700,7389.5,7391.25,7387.5,7389.25,1713
1781247000,7389.25,7390.5,7384.75,7384.75,2496
1781247300,7384.75,7388.25,7384.25,7388,1645
1781247600,7388.25,7389.75,7379.5,7381,3812
1781247900,7380.75,7384.75,7380.25,7384,2684
1781248200,7384,7386,7377.5,7377.75,3094
1781248500,7378,7380,7374.75,7379.5,2774
1781248800,7379.5,7383,7378.25,7382,2770
1781249100,7382,7382,7377.75,7380.25,2046
1781249400,7380,7382.75,7378.25,7382.5,1851
1781249700,7382.75,7388.25,7382.75,7387,3884
1781250000,7387.25,7393,7386.25,7392.25,2683
1781250300,7392.25,7393.75,7389.5,7391.25,2116
1781250600,7391,7394,7391,7392.75,1393
1781250900,7392.5,7408.5,7392.5,7401,7877
1781251200,7401.25,7408.5,7399,7404.75,4006
1781251500,7404.5,7412.5,7403.25,7410.25,3822
1781251800,7410.5,7414.5,7409.75,7411.75,2308
1781252100,7411.5,7425.25,7407.75,7422.75,6722
1781252400,7422.75,7428.25,7418.5,7422.75,5524
1781252700,7423,7424,7420,7421.5,2931
1781253000,7421.5,7424,7417.25,7417.25,2558
1781253300,7417,7417.25,7412.25,7412.25,2609
1781253600,7412,7412.5,7408,7412,2493
1781253900,7412,7416.5,7408.25,7416,2279
1781254200,7416,7419.75,7413.75,7418.5,1691
1781254500,7418.5,7419.25,7415,7415,1295
1781254800,7415.25,7421.5,7415,7421,1777
1781255100,7421,7421.25,7417.25,7419.5,1382
1781255400,7419.5,7426.25,7418,7426,1326
1781255700,7426,7433.25,7425,7432,4150
1781256000,7432,7433.5,7428,7429.25,2032
1781256300,7429.75,7437.5,7428.5,7436.25,2281
1781256600,7436.25,7448,7435,7448,4106
1781256900,7448.25,7451.25,7445,7445.25,3799
1781257200,7445.25,7447.5,7443,7446,2225
1781257500,7446,7447.25,7441.75,7442.25,1732
1781257800,7442.5,7443.25,7439.25,7442.25,1569
1781258100,7442.25,7446.5,7438.5,7439.5,1958
1781258400,7439.25,7443.75,7438.25,7443,1825
1781258700,7442.5,7444.5,7441,7442.25,1322
1781259000,7442.5,7443.25,7432.75,7436.5,3247
1781259300,7436.5,7437.25,7430.5,7433.75,2281
1781259600,7433.75,7434,7427.75,7431,2241
1781259900,7431.25,7431.75,7419.5,7421.75,6056
1781260200,7421.5,7429.75,7420.25,7423.75,3800
1781260500,7423.75,7428,7422.5,7423.25,1619
1781260800,7423.25,7428,7423.25,7426.25,1311
1781261100,7426.75,7428.25,7424.25,7425.25,1510
1781261400,7425.25,7425.5,7422.75,7424,1309
1781261700,7424,7426.75,7420.75,7424.75,2425
1781262000,7425,7429.25,7425,7428.75,2249
1781262300,7428.5,7428.75,7422.25,7425,1930
1781262600,7425,7431.75,7425,7430.25,1915
1781262900,7430.25,7433.25,7429.25,7432.75,2121
1781263200,7432.75,7439.75,7431.75,7439,3028
1781263500,7438.5,7439.75,7437.75,7438,1784
1781263800,7438.25,7439.75,7432.5,7435,3186
1781264100,7435,7438.25,7434.25,7434.5,1689
1781264400,7434.5,7442.75,7434.25,7442.25,2101
1781264700,7442.5,7444,7438.75,7439.25,1706
1781265000,7439.25,7447.75,7439,7447.5,2397
1781265300,7447.5,7447.75,7442.25,7443,2117
1781265600,7443,7444.5,7434.5,7436.25,2936
1781265900,7436.25,7439,7432.25,7436.5,2236
1781266200,7436.25,7437.75,7433.25,7434.25,1473
1781266500,7434.5,7436.5,7430.75,7434,2450
1781266800,7433.75,7434.5,7426.75,7427,2803
1781267100,7427,7428.25,7425,7425.5,2565
1781267400,7425.25,7427.75,7421.75,7424.25,2574
1781267700,7424.25,7426.75,7415.5,7416.5,3674
1781268000,7416.5,7421.25,7412.75,7414.25,4936
1781268300,7414.25,7416.75,7410.5,7415.75,4208
1781268600,7416,7418,7404.75,7406.75,4321
1781268900,7407,7409.5,7402,7404.5,5990
1781269200,7404.25,7407,7397,7407,7482
1781269500,7406.75,7412.75,7406,7411.75,6404
1781269800,7411.75,7415.25,7408.5,7415,6304
1781270100,7415,7417.5,7412.5,7416.5,5106
1781270400,7416.75,7419.75,7414.75,7416,4907
1781270700,7416,7423.75,7415.5,7423.75,8113
1781271000,7423.5,7424.75,7395.5,7401.5,48996
1781271300,7401.75,7411,7399.5,7408.75,29529
1781271600,7408.75,7410,7374,7375.25,42738
1781271900,7375.25,7383,7366.5,7373,29104
1781272200,7373,7382.5,7368.25,7377.25,19812
1781272500,7377.25,7390.75,7375,7383,14773
1781272800,7383.25,7407.75,7381.75,7404.25,26204
1781273100,7404.5,7419,7399.25,7418.25,21982
1781273400,7418.5,7421.75,7404,7409.75,20259
1781273700,7409.5,7428,7409.25,7419.75,20308
1781274000,7420,7425,7405.5,7408,18690
1781274300,7408.25,7418.5,7408,7412.5,12615
1781274600,7412.25,7421.75,7409.25,7414.75,14286
1781274900,7414.5,7429,7413.5,7420.75,16820
1781275200,7421,7421.5,7395.75,7396.5,25373
1781275500,7396.5,7403.5,7388.25,7391.25,25512
1781275800,7391.25,7434.5,7390.5,7433.5,46051
1781276100,7433.5,7443.5,7426.25,7440.75,33121
1781276400,7440.75,7446.5,7433,7437.75,20185
1781276700,7437.5,7445.25,7435.75,7441.25,13299
1781277000,7441.25,7450.5,7438.5,7448.25,14818
1781277300,7448.25,7453.75,7442.5,7453.25,13954
1781277600,7453.5,7461.5,7449.25,7459.75,15218
1781277900,7459.75,7461,7454.75,7458.75,12897
1781278200,7458.5,7459.25,7444.5,7444.5,17101
1781278500,7444.75,7455.5,7430,7436.5,23629
1781278800,7436.75,7437.5,7424.75,7426.25,15210
1781279100,7426.25,7435.75,7410.75,7412.25,25630
1781279400,7412.25,7429.75,7408.5,7426.5,24534
1781279700,7426.5,7427,7401.25,7405.75,17070
1781280000,7405.75,7411.75,7398.5,7406,20791
1781280300,7406,7415.75,7401.25,7413.5,13181
1781280600,7413,7440,7406.25,7427.25,23682
1781280900,7427.25,7439,7420,7423.25,15884
1781281200,7423,7428.25,7416.25,7424,13009
1781281500,7424,7429,7418.5,7423.25,9065
1781281800,7423.25,7428.75,7419.25,7427.25,5814
1781282100,7427.5,7428.75,7419,7424,5810
1781282400,7424,7431.75,7420,7421.75,7839
1781282700,7421.75,7431,7421.25,7430.5,5404
1781283000,7430.25,7432.75,7426,7427.25,5959
1781283300,7427.5,7433.25,7420,7432.25,7610
1781283600,7432.5,7438.25,7431,7437.5,7075
1781283900,7437.5,7447,7435.5,7439.5,12347
1781284200,7439.75,7440.75,7429,7436.75,7007
1781284500,7437.25,7443.25,7434.25,7442.25,7128
1781284800,7442.25,7444.75,7438.75,7441.25,4439
1781285100,7441,7443,7433.75,7438.5,5455
1781285400,7438.25,7440,7430.75,7431.75,6487
1781285700,7431.5,7437.25,7430.75,7434.5,4867
1781286000,7434.25,7438.25,7431.75,7434,4223
1781286300,7434.25,7438.75,7433.25,7435.75,3583
1781286600,7435.75,7438,7433.75,7435.5,2502
1781286900,7436,7436,7426,7430.5,6935
1781287200,7430.5,7432.75,7426.5,7428.25,4842
1781287500,7428.25,7430.25,7422.5,7427.25,6608
1781287800,7426.75,7437.75,7426,7427.75,8636
1781288100,7427.75,7430,7422,7424,6329
1781288400,7424,7427.25,7421.75,7424.75,4023
1781288700,7425,7431.25,7422.5,7430.25,5648
1781289000,7430,7436.25,7429.5,7434.25,5165
1781289300,7434,7435.5,7432,7435.5,3125
1781289600,7435.25,7441.25,7435.25,7440,6009
1781289900,7440.25,7440.75,7435,7437.5,4829
1781290200,7437.5,7439.25,7432.75,7438.5,5042
1781290500,7438.5,7438.75,7427,7427.75,6788
1781290800,7427.75,7438.25,7427,7437.5,6601
1781291100,7437.5,7439.75,7433.25,7435.75,4778
1781291400,7435.75,7436.25,7430.25,7432,4531
1781291700,7431.75,7434.75,7427.5,7434.25,5061
1781292000,7434,7435.25,7431.5,7434.25,3777
1781292300,7434.25,7437.5,7431.25,7432.25,3879
1781292600,7432,7433.75,7422.75,7423.5,7682
1781292900,7423.25,7435.75,7418.5,7424,13333
1781293200,7424.25,7429.5,7421.75,7426.25,6246
1781293500,7426,7428.75,7422.5,7427,5636
1781293800,7427,7430.75,7425.75,7430,7067
1781294100,7430,7438,7429.5,7433.5,12967
1781294400,7433.25,7439.25,7433,7437.25,5493
1781294700,7437.25,7440,7436,7438.75,2625
1781295000,7438.75,7442.5,7438.25,7442.5,2039
1781295300,7442.5,7444.5,7441.75,7444,1792
1781295600,7444.25,7444.75,7440.5,7441,1188
1781295900,7441,7442,7440,7440.25,634
1781296200,7440.5,7441.75,7439.5,7441,889
1781296500,7441,7441.5,7438.5,7439.75,872
1781296800,7440,7443,7438.25,7438.25,901
1781297100,7438.25,7439,7437.25,7438.25,699
1781297400,7438,7438.5,7436,7436.75,922
1781297700,7436.5,7438.25,7435.5,7436,1078
1781474400,7542,7562.75,7540,7555.75,7505
1781474700,7555.75,7566.5,7555,7563.75,4523
1781475000,7563.75,7565.25,7560.5,7564,2891
1781475300,7564,7565,7558,7564.5,2166
1781475600,7564.5,7568,7562,7564.5,2266
1781475900,7564.5,7564.75,7557.25,7558.25,2771
1781476200,7558.25,7561.5,7553.75,7556.75,2687
1781476500,7556.75,7558.25,7554.5,7556,1597
1781476800,7556,7557.25,7553.75,7555.25,1124
1781477100,7555.25,7559.5,7554,7559.5,1280
1781477400,7559.5,7561.25,7558.25,7560.25,1491
1781477700,7560.25,7562.5,7557.5,7557.75,1218
1781478000,7558,7561.75,7556.5,7557.75,1298
1781478300,7558,7560.5,7555,7555.75,1300
1781478600,7556,7557,7552.25,7553.25,2031
1781478900,7553,7554,7548.5,7549.25,2056
1781479200,7549,7553,7546.75,7552.5,1713
1781479500,7552.25,7554.75,7551.75,7554.25,1324
1781479800,7554.5,7557.5,7553.75,7556.75,1191
1781480100,7556.75,7559.5,7556.5,7558.75,896
1781480400,7559,7560,7557,7557.25,1018
1781480700,7557.5,7557.75,7552.75,7555.75,1970
1781481000,7556.25,7559,7553.5,7558,1118
1781481300,7557.75,7561,7557.25,7559.75,1504
1781481600,7559.75,7563.75,7557.25,7562.5,2998
1781481900,7562.25,7566.5,7559.75,7566,2592
1781482200,7566.25,7574.75,7566.25,7571.75,3888
1781482500,7572,7574.5,7569,7572,2839
1781482800,7571.75,7574,7568,7571,2098
1781483100,7571,7573,7570.25,7572.25,1328
1781483400,7572.25,7573.25,7571,7571.75,878
1781483700,7572,7573.25,7570,7571,994
1781484000,7571,7571.5,7567.5,7570,1244
1781484300,7569.75,7572.75,7568,7571.25,1285
1781484600,7571,7572.75,7568.75,7570,1129
1781484900,7570,7571.5,7569.5,7571,550
1781485200,7571.25,7573.5,7569.25,7572.5,1661
1781485500,7572.25,7573.75,7570,7572.75,1155
1781485800,7572.75,7575.5,7570.75,7573.75,1565
1781486100,7574,7574.5,7572,7572.25,1078
1781486400,7572.5,7575.25,7571.5,7574,885
1781486700,7574,7576.75,7572.75,7575,1200
1781487000,7575.25,7577,7573.25,7576.75,987
1781487300,7576.75,7578.5,7576.25,7576.75,1036
1781487600,7576.75,7578,7575.25,7577.75,785
1781487900,7578,7578,7576.25,7577.75,408
1781488200,7577.75,7579.25,7576.25,7576.75,913
1781488500,7576.75,7577,7574,7576,1128
1781488800,7575.75,7578.25,7575.75,7577.25,733
1781489100,7577.5,7579,7576.25,7579,741
1781489400,7578.75,7580,7578,7578.75,857
1781489700,7578.5,7580,7578.25,7579.5,611
1781490000,7579.75,7582.25,7579,7581.5,842
1781490300,7581.5,7582.75,7580.75,7581.75,996
1781490600,7581.75,7582.5,7580.25,7580.5,598
1781490900,7580.5,7582.75,7580,7582.25,557
1781491200,7582.25,7583,7580.5,7581.75,622
1781491500,7581.75,7583.25,7581.25,7583.25,407
1781491800,7583.25,7584,7581.75,7583.5,930
1781492100,7583.75,7584.25,7582.75,7583.25,468
1781492400,7583.25,7583.25,7581,7582.75,1067
1781492700,7583,7583,7580.75,7582.75,588
1781493000,7582.75,7583.75,7582.25,7583.75,487
1781493300,7583.75,7586.5,7583.5,7585.25,1123
1781493600,7585.25,7585.75,7584.75,7585.5,346
1781493900,7585.5,7585.75,7584.75,7585,368
1781494200,7585,7587.5,7584,7586.75,717
1781494500,7586.75,7586.75,7585,7585.25,415
1781494800,7585,7586,7582.5,7583.5,1058
1781495100,7583.5,7585.25,7581.75,7583.75,784
1781495400,7584,7584.25,7582.75,7583.75,368
1781495700,7583.75,7584.25,7582.25,7583.5,358
1781496000,7583.5,7584.5,7581,7582.25,552
1781496300,7581.75,7583,7581.5,7582.25,451
1781496600,7581.75,7582.5,7580.5,7582.25,457
1781496900,7582.25,7584.75,7582.25,7584.5,763
1781497200,7584.75,7585.5,7584,7585.25,475
1781497500,7585.25,7587,7585.25,7586.75,515
1781497800,7586.5,7588.5,7585.25,7587.75,1192
1781498100,7587.75,7588.25,7585,7587.5,1356
1781498400,7587.75,7588.25,7583.5,7588,1178
1781498700,7588,7588.25,7587,7587.5,308
1781499000,7587.5,7588.25,7587,7587.5,447
1781499300,7587.25,7591,7587.25,7590.5,1073
1781499600,7590.25,7591,7589.75,7590.25,454
1781499900,7590.25,7592.5,7589.75,7592.5,799
1781500200,7592.25,7593.5,7591.5,7593,632
1781500500,7592.75,7593.5,7592,7593.25,469
1781500800,7593.25,7594.25,7592,7592.25,555
1781501100,7592,7593.75,7591,7592.75,831
1781501400,7592.75,7593.75,7589.5,7591.25,831
1781501700,7591.25,7594,7590.25,7593.75,1850
1781502000,7593.75,7594.5,7592.75,7593,806
1781502300,7593.25,7594.5,7592.25,7593.5,461
1781502600,7593.25,7594,7591.75,7592.5,824
1781502900,7592.5,7595.25,7591.25,7594.75,556
1781503200,7595,7597,7592.75,7595,1395
1781503500,7595.25,7595.25,7593,7593,862
1781503800,7593,7594.5,7592.75,7593.25,750
1781504100,7593.25,7593.25,7589.75,7590.75,1328
1781504400,7591,7594.75,7590.25,7594.75,1195
1781504700,7594.75,7596.25,7591.5,7592.75,1248
1781505000,7592.75,7593.75,7588.5,7588.75,1533
1781505300,7588.5,7590,7586.75,7588.5,1279
1781505600,7588.5,7591,7587.75,7590.25,1301
1781505900,7590.5,7591.5,7589.5,7590.75,835
1781506200,7590.75,7592.25,7587.75,7588,1090
1781506500,7588.25,7590,7587.25,7589.75,881
1781506800,7589.75,7590,7585.25,7589.25,2378
1781507100,7589.5,7592.25,7589.25,7589.5,1287
1781507400,7589.5,7589.75,7587.25,7589.75,1243
1781507700,7589.5,7595.75,7588.75,7594,2613
1781508000,7593.75,7595,7590.25,7591.25,1757
1781508300,7591.25,7594.5,7590.25,7592.25,1054
1781508600,7592.25,7593,7589.75,7593,1137
1781508900,7593,7594.25,7591.5,7592.5,872
1781509200,7592.5,7594,7591,7591.25,771
1781509500,7591,7591.75,7588.75,7590,777
1781509800,7590,7593.5,7589,7592.5,1218
1781510100,7592.5,7592.5,7586.75,7586.75,1565
1781510400,7586.5,7594.5,7586.25,7590.75,1972
1781510700,7590.75,7592,7587.5,7590.75,1452
1781511000,7591,7592.25,7589.25,7590.5,1236
1781511300,7590.5,7591.25,7587.25,7588.25,1035
1781511600,7588,7590.75,7587.5,7589.75,1209
1781511900,7589,7594.5,7589,7594,1770
1781512200,7593.75,7594,7590.75,7591.25,969
1781512500,7591.25,7594.75,7591,7594.25,780
1781512800,7594,7594.5,7592.5,7594,870
1781513100,7594,7597,7592.75,7593.5,1546
1781513400,7593.25,7594.75,7590.5,7592,902
1781513700,7592,7593.75,7590.25,7592.25,790
1781514000,7592,7596,7592,7595.25,1214
1781514300,7595.25,7595.5,7593,7594,735
1781514600,7594,7595.25,7590.5,7591.5,891
1781514900,7591.5,7592.25,7589,7590,1079
1781515200,7589.75,7590,7586.75,7588.25,2099
1781515500,7588.25,7589.25,7585.5,7586,1341
1781515800,7586.25,7587,7584.5,7584.5,960
1781516100,7584.75,7587,7584.25,7585.75,999
1781516400,7586,7587.5,7584.75,7584.75,773
1781516700,7584.5,7586,7582.75,7585.75,990
1781517000,7586.25,7587.75,7584.75,7586.25,1114
1781517300,7586.25,7588.75,7585.5,7587.25,799
1781517600,7587.5,7589.5,7586.75,7588.75,767
1781517900,7589,7589.5,7587.25,7589.25,653
1781518200,7589.75,7591.5,7589.5,7590.25,806
1781518500,7590.5,7590.75,7587.75,7589,657
1781518800,7589,7589.75,7587,7589.75,767
1781519100,7589.75,7592,7589.5,7591,716
1781519400,7591.25,7591.5,7588,7589,679
1781519700,7589,7590.25,7587.25,7587.75,772
1781520000,7588,7590.5,7587.25,7590.25,544
1781520300,7590.25,7591.25,7589.75,7591,677
1781520600,7591,7591.75,7589.5,7590.75,645
1781520900,7591,7592.75,7590.25,7592,1070
1781521200,7592.25,7594.5,7591.25,7593,2080
1781521500,7593.5,7595.75,7593.25,7595.25,948
1781521800,7595.25,7598,7595,7597,1216
1781522100,7597.25,7598.5,7596.5,7598.25,1596
1781522400,7598,7601,7597.75,7600.75,1836
1781522700,7600.75,7601,7597,7599.75,1686
1781523000,7599.75,7602,7596.25,7596.5,1631
1781523300,7596.75,7596.75,7592.5,7595.5,1792
1781523600,7595.25,7597.5,7591.75,7592.75,2413
1781523900,7593,7595.25,7591.5,7594,1866
1781524200,7594.25,7599.75,7594,7599.5,2286
1781524500,7599.25,7599.25,7595,7595.75,1346
1781524800,7595.75,7597.25,7594.5,7596.25,1391
1781525100,7596.25,7598.5,7595,7596.75,1746
1781525400,7596.5,7598.75,7595,7595,1506
1781525700,7595,7596.5,7590.25,7591.5,2624
1781526000,7591.75,7592.75,7588,7589.75,3080
1781526300,7590,7591.75,7587.75,7589.25,1746
1781526600,7589.25,7591.5,7588.5,7589.5,2296
1781526900,7589.25,7591.75,7588.25,7591,1777
1781527200,7591,7595,7590.25,7591.75,2039
1781527500,7591.75,7593,7587.5,7592.5,2141
1781527800,7592.5,7593.5,7590,7591.5,1309
1781528100,7591.5,7594.75,7591.25,7594.5,1360
1781528400,7594.75,7594.75,7592.5,7592.5,1529
1781528700,7592.75,7595,7591.75,7594.75,1778
1781529000,7594.75,7597,7594,7597,2206
1781529300,7596.75,7598.25,7595.5,7597.75,2318
1781529600,7598,7599,7596.5,7598.5,1984
1781529900,7598.75,7601.25,7597,7599.25,5836
1781530200,7599.25,7612,7598.25,7608.25,27387
1781530500,7608.25,7616.25,7608,7611.75,20388
1781530800,7611.75,7614,7606.5,7609.75,19008
1781531100,7609.75,7620.5,7609.5,7619.25,16389
1781531400,7619.5,7622.5,7617.25,7618.25,10392
1781531700,7618.5,7622,7613.25,7614.5,11041
1781532000,7614,7620.75,7611.5,7617.75,16399
1781532300,7618,7620.75,7610,7613,13250
1781532600,7613.25,7614,7605.75,7611,15486
1781532900,7611,7614.5,7606.5,7613.75,14580
1781533200,7613.75,7615.75,7607,7610.75,13512
1781533500,7610.5,7617.75,7610.25,7617,10505
1781533800,7617,7618.25,7610,7612.75,13752
1781534100,7612.5,7616.5,7611.25,7614.5,7706
1781534400,7614.5,7615,7611.5,7613.5,5313
1781534700,7613.75,7619.25,7613.5,7615.75,8907
1781535000,7616,7621.25,7615.75,7620,6974
1781535300,7620.25,7625,7618.75,7623.25,10250
1781535600,7623.25,7629,7623,7627.5,8539
1781535900,7627.25,7629,7624.75,7628,5801
1781536200,7628.25,7629,7625,7628,5125
1781536500,7628.25,7629.5,7626,7627.25,3840
1781536800,7627.5,7632,7627,7629.75,5918
1781537100,7629.5,7634,7629.25,7632.75,5050
1781537400,7633,7636,7626.5,7630,12006
1781537700,7630.25,7635,7629.5,7633.5,6660
1781538000,7634,7637,7632.75,7636,4975
1781538300,7636,7642.25,7636,7641.5,7706
1781538600,7641.5,7643,7640,7641.5,7928
1781538900,7641.5,7644.5,7640,7643,4456
1781539200,7643.25,7648.75,7643,7646,8794
1781539500,7646,7646.75,7644,7644.75,3342
1781539800,7644.75,7646.75,7642,7643.25,4712
1781540100,7643.5,7644.75,7640.75,7643,5224
1781540400,7643,7646.5,7642.75,7646,5024
1781540700,7645.75,7647.75,7644.25,7647,3862
1781541000,7647,7648.25,7643.75,7643.75,4116
1781541300,7643.75,7645.25,7640,7640.75,5058
1781541600,7641,7644.25,7639.25,7640.75,5565
1781541900,7641,7641,7636.75,7638.5,6116
1781542200,7638.75,7641.5,7638,7638.75,4431
1781542500,7638.75,7641.5,7637.5,7640.5,3436
1781542800,7640.5,7642.25,7634.75,7640,8913
1781543100,7640,7641.25,7632.5,7635.5,8371
1781543400,7635.5,7641,7634.75,7640,3980
1781543700,7639.5,7644,7638.75,7641.5,4953
1781544000,7641.75,7644.75,7640.5,7643.5,3209
1781544300,7643.5,7645.5,7642,7643.25,3598
1781544600,7643.25,7645.25,7639,7641,4639
1781544900,7641,7643.75,7641,7642.25,2986
1781545200,7642,7642.5,7638.75,7639.5,2387
1781545500,7639.25,7640.25,7637.5,7639,2929
1781545800,7639.5,7640.25,7636,7636,3230
1781546100,7635.75,7636.25,7632.25,7633.75,5580
1781546400,7633.75,7635,7628,7629.75,8231
1781546700,7629.75,7633.5,7628.25,7631.5,5123
1781547000,7631.5,7634,7631,7633.25,3701
1781547300,7633.5,7635.5,7632.25,7632.75,4141
1781547600,7632.75,7633.25,7630.5,7631.25,3239
1781547900,7631.25,7632.75,7628,7629,3109
1781548200,7628.75,7631.5,7625.5,7629.75,6249
1781548500,7630,7634.75,7629,7633.75,4682
1781548800,7634,7635.25,7631.75,7634,3938
1781549100,7634.25,7636.25,7633,7634,4718
1781549400,7633.75,7634.75,7632,7633.25,2531
1781549700,7633,7634.5,7630.25,7631.5,3503
1781550000,7631.75,7632.25,7628.75,7629.75,5209
1781550300,7629.75,7631.25,7628.5,7630,4096
1781550600,7630,7632.75,7628.5,7632,4107
1781550900,7632,7634.5,7630.5,7631.5,4117
1781551200,7631.5,7631.75,7627.75,7628.25,4124
1781551500,7628.25,7629.25,7624.75,7624.75,4509
1781551800,7625,7628.25,7623.25,7624.5,6475
1781552100,7624.25,7625.5,7622.75,7625,4706
1781552400,7624.75,7627,7623.75,7625.5,4249
1781552700,7625.25,7631.25,7624.75,7629.25,7256
1781553000,7629,7629,7620.25,7621.5,13404
1781553300,7621.75,7631.5,7616.5,7630.25,24412
1781553600,7630,7631.5,7628.5,7629.25,7148
1781553900,7629.25,7629.25,7626.75,7628.75,2281
1781554200,7628.5,7629.25,7626.25,7628,1526
1781554500,7628,7628.5,7625.75,7628,939
1781554800,7627.75,7628.25,7624.25,7624.5,827
1781555100,7624.75,7626.25,7624.25,7625.5,979
1781555400,7625.25,7628.25,7625.25,7627.5,800
1781555700,7627.5,7628.25,7627,7627.5,590
1781556000,7627.75,7628,7625.5,7626.25,1139
1781556300,7626,7629,7625.5,7627.5,840
1781556600,7627.5,7627.75,7625,7626.25,636
1781556900,7626.25,7627,7624.25,7624.5,1031
1781560800,7626.5,7630,7625,7626.25,1367
1781561100,7626,7627,7622.5,7626,865
1781561400,7626.25,7626.5,7618.5,7620.75,1587
1781561700,7621.25,7621.5,7617,7617,952
1781562000,7617.25,7619,7615,7615.5,1726
1781562300,7615.25,7617.75,7612,7617,2257
1781562600,7616.75,7619,7616,7617,1089
1781562900,7617.25,7618.5,7615.25,7615.5,600
1781563200,7616,7616.5,7615.25,7616.25,304
1781563500,7616,7617,7615.5,7615.75,353
1781563800,7615.5,7619.75,7615.25,7616.5,1405
1781564100,7616.25,7618.5,7616.25,7617.75,447
1781564400,7617.25,7618.5,7615.75,7616.75,664
1781564700,7616.5,7618,7615.5,7616.5,458
1781565000,7616.5,7617.25,7615.25,7615.5,353
1781565300,7615.5,7616.5,7614.5,7614.5,420
1781565600,7614.75,7619.5,7614.75,7619.5,873
1781565900,7619.25,7622,7618.25,7621,1233
1781566200,7621,7621.5,7617,7617.75,683
1781566500,7618,7619.25,7616.5,7618,502
1781566800,7618,7619.25,7616.5,7618.75,384
1781567100,7619.5,7620.5,7617.75,7618.5,615
1781567400,7618.75,7621.5,7618,7621.25,637
1781567700,7621.25,7621.75,7619,7620.25,667
1781568000,7620.25,7622,7615.5,7618.75,1513
1781568300,7618,7622,7617.5,7621,951
1781568600,7621.25,7622.5,7620,7620.75,588
1781568900,7620.5,7623.5,7620,7622,740
1781569200,7621.75,7622,7617.5,7619,734
1781569500,7619,7622,7617.5,7621.75,677
1781569800,7621.75,7625.25,7620,7621.5,1728
1781570100,7621.5,7621.75,7617,7618.5,1207
1781570400,7618.25,7622.25,7617.25,7617.5,1351
1781570700,7617.5,7619.75,7615,7615.25,1283
1781571000,7615.5,7616,7612.75,7614.25,1747
1781571300,7614.5,7617,7614.25,7615.25,1205
1781571600,7615.5,7619,7614.5,7618.75,1242
1781571900,7618.5,7618.75,7613.75,7614,1140
1781572200,7614.5,7616.25,7613.25,7615,1176
1781572500,7615,7618,7614.25,7615.75,913
1781572800,7615.75,7617.75,7615.25,7616,480
1781573100,7616,7618.5,7616,7616.5,597
1781573400,7616.5,7618,7615,7616.5,670
1781573700,7616.75,7618,7614.75,7617.25,696
1781574000,7617.25,7617.5,7615.25,7616,418
1781574300,7616,7618.75,7615.5,7618,716
1781574600,7618.25,7618.5,7615,7615.5,499
1781574900,7615.25,7616.5,7614,7616.5,924
1781575200,7616.25,7617,7614.5,7614.75,609
1781575500,7615,7618,7614.75,7615.75,653
1781575800,7615.75,7616,7614,7615.25,661
1781576100,7615.25,7618.25,7615.25,7616.75,857
1781576400,7616.75,7618.5,7616.75,7617,409
1781576700,7616.75,7617.5,7616.25,7616.75,245
1781577000,7616.75,7620,7616.5,7619,968
1781577300,7619.5,7621,7619,7619.25,708
1781577600,7619.25,7619.75,7618.25,7619.75,366
1781577900,7619.25,7620.5,7618.75,7619.25,320
1781578200,7619,7619.25,7616.5,7617,590
1781578500,7617,7618.25,7615.75,7617.5,671
1781578800,7617.75,7619,7616.75,7618.5,346
1781579100,7618.5,7620.5,7618.5,7619.25,494
1781579400,7619.25,7619.5,7617.5,7617.5,305
1781579700,7617.75,7620.5,7617.25,7620,484
1781580000,7620.25,7622.25,7619.5,7622,697
1781580300,7621.75,7623.5,7621.5,7621.75,834
1781580600,7621.5,7624.75,7620.75,7624.5,1317
1781580900,7624.75,7627.25,7624.5,7626.75,1553
1781581200,7626.75,7627.5,7626,7626.5,963
1781581500,7626.75,7626.75,7623.5,7624.75,690
1781581800,7624.5,7625.25,7621.5,7622,862
1781582100,7622,7623.25,7621.25,7623,444
1781582400,7623.25,7623.5,7622.25,7622.5,375
1781582700,7622.25,7622.5,7620.5,7621.25,495
1781583000,7621.5,7622.5,7621,7621.75,280
1781583300,7621.5,7622.5,7619,7619.5,738
1781583600,7619.75,7622,7619.5,7621.5,417
1781583900,7620.75,7621.25,7619.75,7620.5,464
1781584200,7620.5,7621,7619.25,7620,391
1781584500,7620,7621.25,7619.25,7621.25,277
1781584800,7621.5,7622,7619.25,7619.5,444
1781585100,7619.25,7620,7616.75,7618,876
1781585400,7618,7618,7615.25,7615.75,920
1781585700,7615.75,7619,7615.25,7618.5,600
1781586000,7618.75,7621.5,7618.5,7621,580
1781586300,7621,7622,7620,7621.75,390
1781586600,7621.75,7624.5,7621.75,7623,627
1781586900,7623,7625.25,7622.75,7624.75,438
1781587200,7624.5,7624.5,7622.25,7623,406
1781587500,7622.75,7623,7621.5,7621.75,569
1781587800,7621.75,7622.75,7616,7616,818
1781588100,7616.25,7619.25,7616,7617.75,848
1781588400,7617.75,7619,7617,7618,379
1781588700,7618,7620,7618,7618.25,466
1781589000,7618.25,7620.75,7618,7619,410
1781589300,7619,7619.25,7617.5,7618.25,218
1781589600,7618,7621.75,7617,7621.25,790
1781589900,7621,7623,7621,7622.25,651
1781590200,7622,7624,7621.5,7623.25,665
1781590500,7623.25,7623.5,7620.75,7621.5,414
1781590800,7621.25,7621.75,7620,7621.5,640
1781591100,7621.5,7623.25,7621.5,7623.25,474
1781591400,7623.25,7624,7621.5,7622.25,622
1781591700,7622.25,7623.75,7621.25,7622.5,554
1781592000,7622,7623,7620.75,7621,457
1781592300,7621,7621.5,7619.75,7620.25,599
1781592600,7620,7622.25,7620,7622,326
1781592900,7622.5,7623,7621,7622.5,462
1781593200,7622.25,7625,7621.75,7622.5,1159
1781593500,7622.25,7626,7622.25,7625.5,1006
1781593800,7625.5,7626.5,7623.5,7623.75,922
1781594100,7623.75,7626,7623.25,7625.5,1058
1781594400,7625.25,7626.5,7623.75,7624.25,729
1781594700,7624.5,7627.75,7624.5,7626.5,688
1781595000,7626.5,7627.5,7625.25,7625.5,762
1781595300,7625.75,7627.75,7625.25,7627.25,785
1781595600,7627.25,7627.75,7622,7622.25,1247
1781595900,7622.25,7623.25,7620.25,7621.25,1404
1781596200,7621.25,7624.75,7621,7623.75,943
1781596500,7623.75,7625.25,7623.25,7624.5,552
1781596800,7624.75,7627.25,7622.5,7626.5,1191
1781597100,7626.5,7630.25,7625.5,7629,2078
1781597400,7629.25,7630.25,7626,7626.75,1348
1781597700,7626.75,7628.5,7625.25,7626.5,1094
1781598000,7626.5,7626.5,7624.25,7625,1039
1781598300,7625.25,7626.25,7624,7626.25,1219
1781598600,7626.5,7627.5,7622.5,7623.5,1624
1781598900,7623.5,7624.5,7620.75,7621.75,1240
1781599200,7621.5,7623.5,7620.75,7623,741
1781599500,7623,7623.25,7621,7622.25,517
1781599800,7622.25,7628,7622,7627.5,1753
1781600100,7627.5,7628.75,7625.5,7626.5,1072
1781600400,7626.25,7627.75,7625,7627.25,871
1781600700,7627.25,7628.75,7627,7628.25,784
1781601000,7628.25,7628.25,7626.75,7627,710
1781601300,7627,7627.5,7622,7622,1263
1781601600,7622.25,7624.5,7622,7624.5,776
1781601900,7624.5,7625,7622.25,7622.75,840
1781602200,7623,7625.25,7622.5,7624.25,592
1781602500,7624.25,7625,7622.5,7623.5,447
1781602800,7623.25,7623.25,7620.25,7621.25,763
1781603100,7621.5,7622,7619.25,7620,1156
1781603400,7620,7622.25,7620,7622,673
1781603700,7622,7622.25,7618.75,7620.25,819
1781604000,7620.5,7622.75,7620.5,7622.5,753
1781604300,7622.5,7624.75,7622.25,7624.75,869
1781604600,7624.75,7625.5,7623.5,7625.5,750
1781604900,7625.5,7626.25,7623.75,7623.75,686
1781605200,7624,7625.5,7623,7625,642
1781605500,7625,7627.25,7624.75,7626.25,648
1781605800,7626.25,7627,7624.5,7626,782
1781606100,7626,7628.25,7625,7628.25,720
1781606400,7628,7628.25,7626.5,7627,885
1781606700,7627,7628.25,7626.25,7627.5,350
1781607000,7627.5,7630,7626.75,7629.25,1096
1781607300,7629.25,7631,7628.75,7630.75,983
1781607600,7630.5,7632.25,7629.75,7631.25,1674
1781607900,7631.25,7632.25,7628.5,7629,1278
1781608200,7629.25,7632,7628.5,7631.25,986
1781608500,7630.75,7633.5,7630,7633.25,1591
1781608800,7633.25,7634.25,7631,7631.75,1241
1781609100,7631.75,7632.75,7629,7631.75,920
1781609400,7632,7633.25,7631,7631.5,973
1781609700,7631.75,7631.75,7628.75,7631.5,1112
1781610000,7631.5,7633.5,7631,7633,803
1781610300,7633.25,7634.25,7632.5,7632.5,1143
1781610600,7632.5,7633.5,7630.5,7630.5,920
1781610900,7630.5,7631.75,7630.5,7631.25,602
1781611200,7631.25,7633.25,7630.25,7630.75,1064
1781611500,7630.75,7634.25,7630.5,7634,1433
1781611800,7634,7634.75,7631,7631.25,1653
1781612100,7631,7631.5,7628,7629.25,2060
1781612400,7629,7629.25,7622.75,7623.25,3913
1781612700,7623.25,7626,7621.75,7625.5,3907
1781613000,7625.5,7626.75,7622.25,7626.5,3075
1781613300,7626.25,7627,7624,7625,2085
1781613600,7624.75,7625.75,7623.25,7623.75,1755
1781613900,7624,7625.5,7622.25,7624.25,2507
1781614200,7624.25,7627.75,7624,7627,2844
1781614500,7627,7628.75,7625,7625.25,2424
1781614800,7625.25,7627,7623.5,7625.75,3187
1781615100,7625.75,7625.75,7620.75,7621.5,4127
1781615400,7621.75,7625,7620.75,7624.25,3237
1781615700,7624.5,7626.75,7622,7626.5,2847
1781616000,7626.25,7628.25,7626.25,7627.75,2475
1781616300,7627.75,7630.75,7626.5,7628,5829
1781616600,7628,7636.5,7624.25,7634.75,29594
1781616900,7634.5,7636.5,7629.75,7630,19645
1781617200,7629.75,7635,7628.5,7630.5,18547
1781617500,7630.25,7636.25,7628.75,7633.5,16489
1781617800,7633.5,7635.25,7630,7631.25,10521
1781618100,7631.5,7632.25,7621.75,7622.75,20730
1781618400,7622.75,7629.5,7622.5,7628.5,19254
1781618700,7628.5,7633,7623.5,7633,16658
1781619000,7633,7634.25,7628,7630.25,13907
1781619300,7630.5,7632.75,7620.25,7621.75,21286
1781619600,7621.5,7625.25,7613,7617.25,29670
1781619900,7617.25,7621.25,7612,7612,24250
1781620200,7612.25,7612.5,7604,7606.75,27282
1781620500,7607,7617.75,7606.25,7617.75,24150
1781620800,7617.5,7621.5,7614.25,7614.25,18548
1781621100,7614.25,7616.25,7611.5,7613,13968
1781621400,7612.75,7619,7612.5,7613.75,16472
1781621700,7613.75,7616,7606.5,7611.25,19522
1781622000,7611,7616.25,7610,7615,15020
1781622300,7615.25,7618,7611.5,7616,12368
1781622600,7616.25,7619.25,7612.75,7616,10770
1781622900,7615.75,7618.5,7611.75,7612,8546
1781623200,7612,7614.5,7607.5,7611,14476
1781623500,7610.5,7612.75,7604.5,7608,14316
1781623800,7608.25,7615,7608,7613.5,13960
1781624100,7613.5,7616.5,7608.25,7610.25,12238
1781624400,7610.5,7611.75,7605.75,7606.75,9899
1781624700,7606.75,7608.25,7598.75,7604.25,22797
1781625000,7604.5,7614.75,7602.25,7614.25,19387
1781625300,7614.25,7616.75,7609.75,7610,15498
1781625600,7609.75,7618.75,7609.5,7615.75,14894
1781625900,7616,7619.5,7615.25,7617.75,8104
1781626200,7617.75,7622.5,7616.25,7619,10075
1781626500,7619.25,7621.25,7615.5,7619,9543
1781626800,7619,7621.75,7616.5,7618,7889
1781627100,7617.75,7619,7614.25,7616.25,7777
1781627400,7616.25,7617.25,7607,7607.25,12761
1781627700,7607.25,7611,7606.75,7610.25,10481
1781628000,7610.25,7615,7608.25,7613.25,10213
1781628300,7613.25,7615,7610,7610.5,8789
1781628600,7610.75,7613.75,7607.25,7609,9511
1781628900,7609,7610.75,7606,7610.5,9082
1781629200,7610.5,7610.5,7605.25,7607.75,6414
1781629500,7607.75,7608,7605,7607.5,4842
1781629800,7607.5,7611.5,7607,7609.25,7251
1781630100,7609.25,7610.75,7604.25,7604.75,7682
1781630400,7604.75,7607.5,7602,7607,8838
1781630700,7607,7608.25,7604.25,7605.75,5174
1781631000,7605.75,7606.75,7603.25,7604.75,5248
1781631300,7605,7605.75,7598.75,7600.75,7195
1781631600,7600.75,7606,7599,7603.5,8417
1781631900,7603.5,7605.75,7601.25,7605.5,5961
1781632200,7605.75,7610,7604.25,7609.5,6891
1781632500,7609.75,7611.5,7605.25,7606,6954
1781632800,7605.75,7607.75,7604,7606.25,6427
1781633100,7606.25,7606.75,7603.5,7604,4687
1781633400,7604.25,7606.5,7603.75,7604.75,2846
1781633700,7604.5,7605.5,7601.5,7603.5,5831
1781634000,7603.5,7606,7602.5,7604.5,3369
1781634300,7604.25,7607.5,7604,7605.25,4730
1781634600,7605.25,7606.5,7602,7603,4930
1781634900,7602.75,7606.5,7601.5,7605,5631
1781635200,7605,7606,7603.25,7605.25,2901
1781635500,7605.25,7606.75,7602,7602.25,3869
1781635800,7602.25,7604,7601.25,7602.5,3177
1781636100,7602.5,7604.5,7600.5,7602,4334
1781636400,7601.75,7603,7597.75,7601.75,9230
1781636700,7601.75,7601.75,7597,7598,6806
1781637000,7598,7599.25,7592.5,7593.75,12769
1781637300,7593.75,7594.25,7584.75,7594,19105
1781637600,7594,7599,7592.75,7598.5,10998
1781637900,7598.25,7600.25,7594,7596.25,9121
1781638200,7596.25,7597.25,7590.5,7591,9303
1781638500,7591,7595,7588,7588.75,9320
1781638800,7588.5,7594.75,7587.5,7594.5,9560
1781639100,7594.25,7595,7590,7592.5,9034
1781639400,7592.5,7597.5,7589.25,7595,18246
1781639700,7595,7596.75,7582.75,7588,26130
1781640000,7588,7588.75,7581.25,7583.75,10160
1781640300,7584,7586.75,7582.5,7583,3190
1781640600,7583,7583.75,7581.25,7582.25,2581
1781640900,7582.25,7582.75,7577.75,7579.5,3271
1781641200,7579.5,7584,7579,7583,2092
1781641500,7583.25,7584.75,7582.75,7582.75,1179
1781641800,7582.75,7584.75,7582.25,7583,1131
1781642100,7583,7584.25,7581.75,7584.25,778
1781642400,7584,7585.75,7583.5,7584.75,1481
1781642700,7585,7585.75,7584.25,7585.25,1067
1781643000,7585,7585.25,7582.5,7583,938
1781643300,7583.25,7584,7581.25,7583.5,1024
1781647200,7583.5,7590.75,7583,7586.25,2667
1781647500,7586.5,7591.75,7585.75,7591.5,1076
1781647800,7591.75,7593.25,7590.75,7591.25,1102
1781648100,7591.75,7593.25,7591,7591.5,743
1781648400,7591.5,7595.25,7589.5,7594.75,1431
1781648700,7594.75,7595,7593.25,7593.75,537
1781649000,7593.5,7596.5,7593.5,7595.75,842
1781649300,7595.75,7596.25,7594.5,7595,641
1781649600,7595.25,7595.25,7590.75,7593.75,980
1781649900,7593.75,7595,7592.75,7594.5,595
1781650200,7594.25,7596.75,7594.25,7596.5,556
1781650500,7596.75,7597.5,7595.5,7596.25,613
1781650800,7596.5,7597,7593.25,7594.25,706
1781651100,7594.5,7595.5,7593,7595.25,525
1781651400,7595,7595.25,7590.5,7594,953
1781651700,7594,7594,7592.25,7593.25,339
1781652000,7593,7593.5,7591,7592.25,481
1781652300,7592.25,7593,7591.25,7592,423
1781652600,7592,7593.75,7591.5,7593,415
1781652900,7593.25,7594.75,7590.5,7591.75,822
1781653200,7591.5,7592.75,7590,7591.75,555
1781653500,7591.75,7594.25,7590.25,7591.75,784
1781653800,7591.75,7593.5,7589,7593.25,1321
1781654100,7593.25,7593.25,7590,7591.75,663
1781654400,7592,7598.75,7592,7596.75,2801
1781654700,7597,7597.25,7594.25,7596.75,1695
1781655000,7596.75,7598.25,7594.75,7595,1043
1781655300,7595,7599.5,7594.75,7596.25,1501
1781655600,7596.5,7597.5,7594.25,7596.5,992
1781655900,7596.5,7597.75,7596,7597.25,706
1781656200,7597.25,7600,7596.25,7599,1350
1781656500,7598.75,7600.5,7598.5,7598.75,978
1781656800,7599,7600,7598,7598.25,602
1781657100,7598.25,7598.75,7595.75,7598.25,1074
1781657400,7598.25,7598.25,7595.25,7596.5,793
1781657700,7596.75,7597.75,7595.75,7597,431
1781658000,7597,7600.5,7595.5,7600,1432
1781658300,7599.75,7602.75,7599.5,7602.25,1788
1781658600,7602.25,7602.75,7601,7601.25,799
1781658900,7601.25,7602.75,7599.75,7602.5,956
1781659200,7602.25,7604,7601.5,7603.5,888
1781659500,7603.75,7604.25,7603,7603,625
1781659800,7603.25,7604.5,7602,7603.25,830
1781660100,7603.25,7604.5,7603,7604.25,410
1781660400,7604,7605,7602,7602.5,890
1781660700,7602.5,7604.5,7602.5,7603,653
1781661000,7603.25,7604.5,7603.25,7604,360
1781661300,7604.25,7605.5,7604.25,7605.5,775
1781661600,7605.25,7605.5,7604,7604,492
1781661900,7604,7604.5,7603.25,7604,479
1781662200,7604,7605.5,7603.5,7605,385
1781662500,7605,7605,7603.5,7604,370
1781662800,7604,7605.5,7603.75,7605,343
1781663100,7605,7605.5,7603.75,7603.75,567
1781663400,7603.75,7604,7602,7602.25,853
1781663700,7602.5,7603,7601.5,7601.75,507
1781664000,7601.75,7603.25,7601.5,7603.25,371
1781664300,7603.25,7603.5,7601.25,7602.25,426
1781664600,7602,7602.5,7601,7601.75,528
1781664900,7601.75,7603.25,7601.5,7602.5,345
1781665200,7602.75,7604.5,7602.25,7603.5,494
1781665500,7603.25,7605.25,7602.75,7603.5,561
1781665800,7603.5,7604.25,7601,7601.25,548
1781666100,7601.25,7601.75,7599.5,7600.5,848
1781666400,7600.5,7600.75,7598.75,7600,663
1781666700,7600.25,7601.5,7599.75,7601,367
1781667000,7601,7602,7600.25,7601.5,435
1781667300,7601.5,7602.5,7600.75,7602.25,287
1781667600,7602.5,7605.5,7602,7604.5,1023
1781667900,7604.5,7605.5,7604,7605,503
1781668200,7604.75,7606,7604.25,7605.75,561
1781668500,7605.75,7606.25,7605.25,7606,388
1781668800,7606,7606.25,7604.75,7606.25,416
1781669100,7606,7606.5,7604.5,7605.25,375
1781669400,7605.25,7605.75,7604.5,7605,239
1781669700,7604.75,7606.25,7604.5,7606.25,173
1781670000,7606.25,7606.5,7605.5,7606.25,306
1781670300,7606.25,7606.5,7605.25,7605.25,273
1781670600,7605.25,7606,7603.5,7603.75,428
1781670900,7603.75,7604.25,7602.75,7602.75,427
1781671200,7603,7603.5,7601,7601.5,625
1781671500,7601.75,7605.75,7601.75,7605.25,633
1781671800,7605,7606,7604.5,7605.75,313
1781672100,7605.75,7606.25,7605.25,7606,255
1781672400,7606.25,7607.5,7605.5,7607.25,914
1781672700,7607,7607.5,7605.75,7605.75,355
1781673000,7605.75,7606,7605,7605.5,353
1781673300,7605.25,7606.75,7605,7606,482
1781673600,7606,7607,7605.75,7606,292
1781673900,7606,7606.75,7604,7604.5,381
1781674200,7604.5,7605.25,7603.75,7605.25,609
1781674500,7605.25,7608,7605.25,7608,674
1781674800,7607.75,7608,7605.25,7605.75,453
1781675100,7605.25,7607.5,7605.25,7607,331
1781675400,7607.25,7607.25,7605.5,7605.5,213
1781675700,7605.25,7605.75,7603,7604,536
1781676000,7604.25,7606.25,7603,7605.5,584
1781676300,7605.75,7607.5,7604.75,7606.25,481
1781676600,7606.5,7606.75,7604.25,7605.5,379
1781676900,7605.5,7606.25,7604.5,7605,285
1781677200,7604.75,7605.5,7603.5,7604.25,438
1781677500,7604.25,7604.25,7602,7602.75,531
1781677800,7602.75,7606.5,7601.25,7606.25,1113
1781678100,7606.25,7607,7605.5,7607,522
1781678400,7607.25,7608.5,7606.5,7608,714
1781678700,7608.25,7609.25,7608,7608.75,566
1781679000,7608.75,7608.75,7607,7607.25,655
1781679300,7607.25,7609.25,7607,7609,462
1781679600,7608.75,7611,7608.25,7609.5,1376
1781679900,7609.5,7611,7608.75,7610.5,813
1781680200,7610.75,7612.25,7609.75,7611.75,1113
1781680500,7611.5,7612.5,7607,7607.75,1172
1781680800,7607.75,7608,7604.5,7605,832
1781681100,7605,7605,7603.25,7604.75,751
1781681400,7604.75,7606.75,7603.25,7604,741
1781681700,7604,7607.25,7603.75,7607,724
1781682000,7607,7608.5,7605.75,7606,479
1781682300,7606.25,7606.75,7604,7604.75,697
1781682600,7604.75,7607.25,7604.25,7605.25,737
1781682900,7605.5,7607,7605,7606,648
1781683200,7605.75,7608.25,7604.75,7605.5,810
1781683500,7605.5,7608,7605.25,7607.25,593
1781683800,7607.25,7607.25,7597.75,7598.5,2664
1781684100,7598.75,7601.25,7598.25,7598.75,1364
1781684400,7598.75,7601,7597.75,7600.5,1126
1781684700,7600.25,7602.25,7599.25,7599.5,1268
1781685000,7599.5,7600.5,7594.5,7597.5,1848
1781685300,7597.5,7598.25,7593.25,7593.75,1475
1781685600,7593.75,7597.25,7593.25,7594,869
1781685900,7594,7594.75,7591.5,7591.75,1530
1781686200,7592,7597.75,7592,7596.75,1322
1781686500,7597,7600,7596.25,7600,1109
1781686800,7600,7601.25,7598.75,7599.5,835
1781687100,7599.5,7600,7597.5,7597.75,962
1781687400,7597.75,7598.5,7596.25,7598.25,658
1781687700,7598.25,7599.75,7597.5,7597.75,841
1781688000,7597.75,7600.5,7597.25,7599.75,948
1781688300,7599.5,7601.75,7599.5,7601,726
1781688600,7601,7602.75,7598,7598.25,1313
1781688900,7598,7598.75,7596,7597.25,970
1781689200,7597.25,7598.5,7596.5,7597.5,775
1781689500,7597.25,7598.25,7594.5,7595,950
1781689800,7594.75,7595,7590.75,7592.25,1547
1781690100,7592.25,7593.25,7590.25,7592.25,1182
1781690400,7592.25,7592.5,7587.5,7588.25,2035
1781690700,7588.25,7589.75,7585.5,7589.25,2056
1781691000,7589.25,7589.75,7586.75,7589.25,1280
1781691300,7589.5,7589.75,7586.5,7586.5,1050
1781691600,7586.75,7593.75,7586.75,7593,1624
1781691900,7593.25,7594.25,7591.5,7591.5,1127
1781692200,7591.75,7593,7590.5,7591.25,1110
1781692500,7591.25,7593.75,7590.5,7593.5,867
1781692800,7593.5,7596,7592,7596,1121
1781693100,7595.75,7596,7594,7595.5,850
1781693400,7595.75,7598.5,7593.25,7593.75,1531
1781693700,7593.5,7594.5,7590.25,7591.25,1742
1781694000,7591.25,7593.25,7589.5,7592.5,1886
1781694300,7592.25,7596.25,7591.5,7594.5,1472
1781694600,7594.5,7596.25,7594.5,7595.5,790
1781694900,7595.5,7597,7594.5,7596.75,1028
1781695200,7596.5,7597.75,7595.5,7596,1356
1781695500,7596,7596.5,7593.5,7594.5,1004
1781695800,7594.25,7594.5,7592,7593.5,913
1781696100,7593.25,7593.5,7591.75,7592.5,652
1781696400,7592.75,7594.25,7589,7589.5,1694
1781696700,7589.5,7591.25,7585.5,7586.5,2023
1781697000,7586.25,7587.75,7585,7585.75,1838
1781697300,7585.75,7586.75,7582.75,7586.5,2835
1781697600,7586.75,7589.75,7586.25,7589,2259
1781697900,7589,7592.75,7588.25,7591.25,1840
1781698200,7591.5,7593.75,7590.5,7592.75,1562
1781698500,7592.5,7593,7589.5,7590.75,1566
1781698800,7590.5,7592.75,7589.5,7591.25,1568
1781699100,7591.25,7593.5,7589.75,7590,1411
1781699400,7590.25,7595.25,7590,7593.5,3655
1781699700,7593.5,7596.5,7591.75,7592.25,2190
1781700000,7592,7595.25,7590,7594.5,2269
1781700300,7594.5,7596,7593.5,7594.75,1940
1781700600,7594.75,7596.25,7594.25,7595.75,1222
1781700900,7596,7596,7593.25,7595.5,2530
1781701200,7595,7596,7593.25,7594.75,2008
1781701500,7594.75,7595,7591,7592,2220
1781701800,7592,7595.5,7591.5,7594,2178
1781702100,7594,7598.75,7593.75,7597.5,3365
1781702400,7597.5,7598,7596,7597.5,3093
1781702700,7597.25,7599,7591.75,7595.75,9874
1781703000,7596,7596,7584.75,7589.75,29189
1781703300,7589.75,7593.25,7585.25,7586.25,17271
1781703600,7586.25,7598,7583.5,7597.75,19759
1781703900,7597.75,7600.25,7593.75,7594,16457
1781704200,7594,7597.75,7591.25,7596,15381
1781704500,7596,7596.25,7581,7581.25,20401
1781704800,7581.25,7589,7578.5,7587,24422
1781705100,7587,7593.5,7582.25,7589,18257
1781705400,7589.25,7595.25,7585.5,7594.75,16495
1781705700,7594.75,7598.25,7593.25,7595.75,13910
1781706000,7595.5,7604.25,7594,7603.75,14575
1781706300,7603.75,7603.75,7597.25,7599.25,13144
1781706600,7599.25,7600,7586.25,7590,20243
1781706900,7590,7590.75,7582.25,7582.75,16084
1781707200,7582.75,7586,7574,7584,27087
1781707500,7584,7589,7560.5,7575.75,60229
1781707800,7576,7584.5,7572.75,7582.5,23465
1781708100,7582.5,7582.75,7571.25,7572.25,15300
1781708400,7572.5,7577.5,7571,7574.5,14696
1781708700,7574.5,7577,7568,7569.25,15617
1781709000,7569.25,7579.75,7569,7578.25,13973
1781709300,7578.25,7584.75,7575.5,7580.25,19530
1781709600,7580.25,7583.25,7578.25,7581,9797
1781709900,7581,7582.75,7578.25,7582.25,9416
1781710200,7582.25,7590,7580,7588,11497
1781710500,7588,7590.5,7585.25,7589.5,8003
1781710800,7589.5,7590.5,7584,7586.25,7654
1781711100,7586.25,7590,7585.5,7589.25,5845
1781711400,7589.5,7591.25,7585.75,7587,6047
1781711700,7586.75,7590.75,7585.75,7588.75,5080
1781712000,7589,7592.25,7588.75,7589.75,4207
1781712300,7590,7590.5,7587.5,7588.75,3634
1781712600,7588.75,7589,7585.5,7588.75,3405
1781712900,7588.75,7592.25,7587.25,7592,3435
1781713200,7592,7593.25,7590,7592.25,3724
1781713500,7592.25,7593.25,7590,7590.25,3070
1781713800,7590.25,7591.25,7585.5,7586.25,4849
1781714100,7586,7588.75,7584.25,7587.75,4457
1781714400,7587.75,7588,7582,7585,5627
1781714700,7584.75,7585.25,7581.75,7583,4381
1781715000,7583,7585.5,7582,7582.5,3461
1781715300,7582.75,7585.5,7581.5,7582.75,2987
1781715600,7582.5,7582.75,7575.75,7577.5,6975
1781715900,7577.25,7579,7568.5,7576.5,11177
1781716200,7576.5,7579,7574.75,7575,4824
1781716500,7575,7576.25,7572,7576.25,6339
1781716800,7576,7578.75,7573,7575.5,4830
1781717100,7575.5,7579.75,7574.25,7578.25,5748
1781717400,7578.25,7578.25,7572.5,7573.5,5967
1781717700,7573.5,7579.25,7572.75,7577.75,4963
1781718000,7577.5,7577.75,7573.75,7574.5,3330
1781718300,7574.25,7578,7573,7577,3783
1781718600,7577.25,7587.25,7576.5,7584.75,7634
1781718900,7584.75,7590,7582.5,7590,4336
1781719200,7589.75,7590,7531.25,7531.5,33106
1781719500,7531.75,7548.75,7513.75,7546.5,48299
1781719800,7546.5,7552,7539.75,7546.25,28163
1781720100,7546,7560.5,7545.75,7556.75,26069
1781720400,7556.75,7558.25,7539.75,7542.25,23399
1781720700,7542,7546,7533.75,7542.75,25630
1781721000,7542.75,7562.5,7535.5,7537.25,38228
1781721300,7537.25,7568.75,7537.25,7561,25123
1781721600,7561,7584.25,7557.25,7580.25,26618
1781721900,7580.25,7580.5,7566.5,7568.75,17654
1781722200,7568.5,7574,7562.25,7564,15963
1781722500,7564,7564,7531.5,7540.5,28771
1781722800,7540.5,7552,7536.5,7541.25,27952
1781723100,7541.25,7548.5,7536,7538,16854
1781723400,7538,7551.5,7524.5,7547,24914
1781723700,7547.25,7548.5,7521.25,7521.25,17640
1781724000,7521.5,7522.25,7497.75,7498,32479
1781724300,7498.25,7513.75,7497.5,7500.25,20647
1781724600,7500.25,7503.75,7488,7489,26595
1781724900,7489,7500.25,7472.25,7475.75,26924
1781725200,7475.25,7485.25,7473.25,7479.75,23624
1781725500,7480.25,7498,7478.25,7489,24027
1781725800,7488.75,7494,7475.25,7481.25,21474
1781726100,7481.25,7498.75,7479.75,7492,18379
1781726400,7492.25,7504.5,7491.75,7497.75,9598
1781726700,7498,7498.75,7492.75,7498.5,3419
1781727000,7498.25,7501.75,7490,7492.5,4306
1781727300,7492.5,7503,7489.75,7502.5,2923
1781727600,7502.75,7508.5,7502.75,7505,3460
1781727900,7504.75,7509.75,7504,7508.25,2028
1781728200,7508.25,7510.75,7506,7508.5,2027
1781728500,7508.5,7514.75,7508.25,7513.25,2351
1781728800,7513.25,7513.5,7509.5,7511.5,1295
1781729100,7511.5,7511.75,7508.75,7508.75,1227
1781729400,7509,7510.75,7507.5,7510,997
1781729700,7510.25,7511.5,7508.5,7511,1091
1781733600,7515,7515.25,7504.25,7507.5,3444
1781733900,7507.25,7517,7507.25,7517,2505
1781734200,7516.75,7521.75,7516.25,7519.5,2351
1781734500,7519.75,7522,7518.25,7519.25,1233
1781734800,7519.25,7526.25,7519.25,7525.75,2892
1781735100,7525.5,7527,7523,7523.5,2045
1781735400,7523.25,7525,7522.5,7523.5,1669
1781735700,7523.5,7527,7523.5,7525.25,1694
1781736000,7525.25,7525.25,7523.25,7524.25,580
1781736300,7524,7526.75,7524,7526.25,974
1781736600,7526.25,7527.75,7525.5,7527.5,1166
1781736900,7527.5,7527.75,7525,7525.75,905
1781737200,7525.5,7527.75,7525,7527.5,774
1781737500,7527.5,7528.5,7524.5,7528.25,1410
1781737800,7528.25,7532.25,7527.5,7531.75,1704
1781738100,7531.5,7534.25,7531,7534,1395
1781738400,7534.25,7537.5,7534,7536.75,1486
1781738700,7536.75,7539,7536.5,7537.75,1009
1781739000,7537.75,7539.5,7536.5,7538.25,1429
1781739300,7538.25,7538.5,7534.25,7536.25,1477
1781739600,7536.25,7536.25,7534,7535.75,1043
1781739900,7535.75,7538,7534.25,7537,1142
1781740200,7537,7539.5,7536,7538.25,1066
1781740500,7538,7541.5,7537,7541.5,1361
1781740800,7541.5,7550.5,7539.75,7549.5,4888
1781741100,7549.25,7558,7549.25,7555,4320
1781741400,7555.5,7559.25,7553.5,7559,3494
1781741700,7558.75,7560.5,7554.75,7554.75,3663
1781742000,7555,7556,7552.25,7553,2285
1781742300,7552.75,7553,7548.75,7552.75,2998
1781742600,7552.75,7557.5,7552.75,7556,2726
1781742900,7556.25,7558,7553.75,7558,1738
1781743200,7558,7558.25,7554,7556.25,1814
1781743500,7556.25,7557,7553,7554.25,1247
1781743800,7554.25,7554.25,7548.25,7552.75,3312
1781744100,7552.75,7552.75,7549,7550.75,1861
1781744400,7551,7558,7550,7556.25,2811
1781744700,7556.5,7559,7555,7557.5,1932
1781745000,7557.75,7560.5,7557,7559.25,1949
1781745300,7559.25,7559.75,7554.75,7556.5,1612
1781745600,7556.75,7560.5,7556.25,7558.25,1158
1781745900,7558.5,7561.5,7556.75,7557,1611
1781746200,7557.25,7559.25,7556.75,7556.75,1465
1781746500,7556.75,7557.5,7554.25,7555,1326
1781746800,7555.25,7557.25,7553.75,7554.75,925
1781747100,7554.5,7554.5,7550.25,7552.75,2050
1781747400,7552.75,7556.25,7552,7554,1303
1781747700,7554,7554.75,7551.75,7552.75,1027
1781748000,7553,7556.5,7552.25,7556,1050
1781748300,7556,7558.25,7555.75,7557.5,1108
1781748600,7557.5,7559.75,7556,7557.75,828
1781748900,7557.5,7558,7554.5,7554.75,820
1781749200,7555.25,7557,7554.25,7556.5,450
1781749500,7556.75,7556.75,7554.75,7555.5,303
1781749800,7555.75,7556.5,7553,7555.75,804
1781750100,7555.5,7556.75,7554.5,7556.25,451
1781750400,7556.25,7557.5,7556,7557,431
1781750700,7557.25,7558,7555,7556.5,706
1781751000,7556.75,7558.75,7556.25,7557.5,856
1781751300,7557.75,7557.75,7555.75,7556.75,336
1781751600,7556.75,7558.25,7556.5,7557,405
1781751900,7557.25,7558,7554.75,7554.75,643
1781752200,7555,7555.75,7552.5,7553,938
1781752500,7553,7554.25,7552,7554,646
1781752800,7554,7556.5,7553.75,7555.5,1064
1781753100,7555.75,7557.5,7555.25,7556.5,391
1781753400,7556.75,7558.75,7554.75,7555.25,745
1781753700,7555,7555.25,7550.5,7551.5,1139
1781754000,7551.75,7552.75,7550.5,7551.75,735
1781754300,7551.5,7554,7551.25,7554,677
1781754600,7554,7555.25,7553.5,7554.75,523
1781754900,7554.75,7556.75,7554.25,7555.25,404
1781755200,7555.75,7556.75,7553.75,7554,467
1781755500,7554.25,7554.25,7552,7553.25,755
1781755800,7553.25,7553.5,7549,7549.5,1064
1781756100,7549.5,7551.5,7547.75,7547.75,1163
1781756400,7547.75,7548,7545.5,7546.25,1601
1781756700,7546.25,7547.75,7544.75,7546.75,1278
1781757000,7546.5,7546.75,7543.75,7544.75,1221
1781757300,7544.75,7546.25,7543,7543,1000
1781757600,7542.75,7543.5,7540.5,7541,1191
1781757900,7540.75,7542.5,7539.25,7542.25,1329
1781758200,7542.25,7545.75,7541.75,7545.25,1274
1781758500,7545.25,7546.25,7544,7545,631
1781758800,7544.75,7547.5,7542.75,7547.25,1322
1781759100,7547,7548,7546,7546.75,763
1781759400,7546.5,7547.25,7544,7544.75,623
1781759700,7544.25,7549.5,7544,7548.5,1005
1781760000,7548.5,7549.25,7547.75,7548,455
1781760300,7548,7549.25,7546.5,7548.25,732
1781760600,7548.25,7550.75,7547.75,7549.25,929
1781760900,7549.25,7549.75,7546.25,7547.5,827
1781761200,7547.75,7549.75,7547.25,7547.75,512
1781761500,7547.5,7548,7545,7545.75,641
1781761800,7546,7546.25,7544,7545.25,695
1781762100,7545,7547.25,7545,7546.25,478
1781762400,7546.5,7548.75,7543.5,7547.25,984
1781762700,7547.25,7547.5,7541.25,7542,1110
1781763000,7541.75,7545,7541.25,7544.5,1643
1781763300,7544.25,7546,7540.75,7542,1188
1781763600,7541.75,7546.25,7541.5,7545,864
1781763900,7544.5,7550.75,7543.25,7550.5,1355
1781764200,7550.25,7550.25,7546.75,7547.5,704
1781764500,7547.25,7547.75,7545.25,7546.75,1007
1781764800,7546.5,7546.75,7543.75,7546.75,611
1781765100,7546.75,7551.75,7546.5,7551.25,985
1781765400,7551.75,7551.75,7550,7551,530
1781765700,7551,7557.25,7551,7556.75,1999
1781766000,7556.75,7557.75,7555,7557.75,1442
1781766300,7557.75,7559,7556.25,7558.25,916
1781766600,7558.25,7558.5,7550.25,7551.5,1504
1781766900,7551.5,7553.75,7550.5,7553,1317
1781767200,7553,7556.5,7552.5,7555.75,721
1781767500,7555.75,7559.25,7555,7558.5,1031
1781767800,7558.5,7558.5,7553.5,7556.5,1145
1781768100,7556.75,7558,7555,7556.25,852
1781768400,7556.5,7557,7555,7556.75,568
1781768700,7556.75,7557.25,7554.5,7556.5,761
1781769000,7556.5,7556.5,7554,7554.75,858
1781769300,7554.5,7559.5,7554.25,7559.5,855
1781769600,7559.5,7563.5,7559.25,7562.25,2310
1781769900,7562,7568,7561.25,7567.5,2671
1781770200,7567.5,7568,7564.5,7565.5,1641
1781770500,7565.25,7566.25,7562.5,7562.75,1089
1781770800,7562.75,7563.25,7556.25,7557.5,1602
1781771100,7557.5,7557.75,7555.5,7556.5,1074
1781771400,7556.5,7558.75,7554.75,7557,1579
1781771700,7556.75,7558.5,7554.75,7558.5,825
1781772000,7558.25,7560.25,7556.75,7557.25,1168
1781772300,7557,7558.5,7554.5,7556.75,904
1781772600,7556.75,7557,7551.5,7553,1104
1781772900,7553.25,7554.25,7547,7547.75,1862
1781773200,7548,7552,7545.75,7552,1639
1781773500,7552,7553,7550.25,7551.25,1416
1781773800,7551,7553.75,7548.75,7553,889
1781774100,7553.25,7556.5,7553.25,7555,1337
1781774400,7554.5,7554.5,7551.75,7552.5,948
1781774700,7552.5,7554.5,7552.5,7554.25,718
1781775000,7554,7555,7552.5,7553.75,770
1781775300,7554,7558.5,7553.5,7558,800
1781775600,7558.25,7560,7557.25,7559.25,913
1781775900,7559,7563.75,7559,7562.5,1316
1781776200,7562.75,7563.75,7561.5,7562,1045
1781776500,7562,7564,7561.75,7563.25,881
1781776800,7563.25,7563.5,7560.25,7561,806
1781777100,7560.75,7562.25,7558.75,7559.75,921
1781777400,7560,7563.5,7558.75,7563.25,884
1781777700,7563.25,7564.25,7562,7563.5,873
1781778000,7563.5,7564.5,7560.5,7560.75,889
1781778300,7560.75,7563.5,7559.5,7560.5,1343
1781778600,7560.75,7563,7557.25,7558,1555
1781778900,7558,7559,7557.25,7557.25,1047
1781779200,7557.25,7558,7552,7552,2033
1781779500,7552.25,7555,7551.25,7553.25,1134
1781779800,7553.5,7555.25,7552,7552.5,1064
1781780100,7552.75,7553.75,7552,7553,512
1781780400,7553.5,7554.75,7551.5,7553,1313
1781780700,7553,7553.25,7542.75,7544.5,3002
1781781000,7544.25,7545,7540,7544.5,2706
1781781300,7544.5,7545,7537,7538.5,2785
1781781600,7538,7540.5,7535.5,7539.25,2354
1781781900,7539.25,7542.75,7538.75,7541.5,2210
1781782200,7541.5,7543.75,7539.5,7541.75,2016
1781782500,7542,7542.5,7535.75,7537.25,2040
1781782800,7537.25,7539,7531.25,7538,3734
1781783100,7538,7539.75,7537.25,7539.25,1624
1781783400,7538.75,7544,7537.75,7542,2690
1781783700,7542,7543.25,7541,7543.25,1045
1781784000,7543.25,7545.25,7541.75,7544,2155
1781784300,7544,7544,7540.75,7541.5,1716
1781784600,7541.25,7548,7541.25,7546.5,2622
1781784900,7546.5,7547.75,7544,7547.75,2095
1781785200,7547.5,7553.5,7547.5,7553.5,3427
1781785500,7553.25,7555.5,7552.75,7554.25,2733
1781785800,7554.75,7558.75,7553.5,7554,2545
1781786100,7554,7558.25,7553.5,7554.25,1936
1781786400,7554.25,7559.5,7553.25,7555.5,2727
1781786700,7555.5,7560,7554.75,7559.75,1621
1781787000,7559.75,7560.5,7556.5,7559.75,2012
1781787300,7559.75,7565,7559.25,7560.5,3413
1781787600,7560.5,7560.75,7550.75,7551.5,5215
1781787900,7551.75,7557,7550.5,7554.5,6022
1781788200,7554.75,7562.75,7553.5,7561.5,5838
1781788500,7561.75,7566.5,7560.75,7563.5,5087
1781788800,7563.75,7567.75,7563,7565.5,4420
1781789100,7565.5,7579.75,7565.5,7577,19784
1781789400,7577,7581.75,7557.25,7557.5,35580
1781789700,7557.75,7559.25,7541.5,7544,38580
1781790000,7544,7548.75,7537,7538.5,27666
1781790300,7538.75,7550.25,7535.5,7549,24108
1781790600,7549.25,7555,7542.25,7543,23923
1781790900,7543.25,7547.5,7536,7544,22122
1781791200,7544.25,7550.5,7540.75,7545.75,21058
1781791500,7545.75,7558.25,7543,7554.5,20754
1781791800,7554.75,7555.5,7542,7545.5,18049
1781792100,7545,7561.5,7539,7558.25,22358
1781792400,7558.25,7566.25,7552.5,7561.5,18238
1781792700,7561.5,7563.5,7548.5,7550.75,16749
1781793000,7550.5,7555.75,7541.25,7555.25,21315
1781793300,7555.5,7563.5,7551,7562.25,14373
1781793600,7562.5,7564.5,7555.75,7558.75,13785
1781793900,7558.5,7570.75,7558.25,7568.5,13563
1781794200,7568.5,7568.5,7560,7564.25,11918
1781794500,7564.25,7570.5,7563.25,7566.25,8180
1781794800,7566.5,7567.5,7557.25,7562.5,14354
1781795100,7562.5,7564.75,7559.25,7561.75,7794
1781795400,7561.5,7569,7558.75,7559,11135
1781795700,7559,7561.5,7553.5,7554.5,13070
1781796000,7554.75,7559.25,7551.25,7553.75,12440
1781796300,7553.75,7559.5,7549.5,7551.75,12770
1781796600,7551.5,7556.25,7548,7553.5,13719
1781796900,7553.75,7553.75,7541,7546.75,14166
1781797200,7546.75,7551.5,7543.25,7545.75,11221
1781797500,7545.75,7551.25,7541.25,7549.5,10922
1781797800,7549.25,7561.75,7549.25,7558,11218
1781798100,7557.75,7563.25,7557.75,7560.5,8072
1781798400,7560.5,7563.75,7556.25,7557.5,7390
1781798700,7557.75,7562.5,7555,7558.75,7438
1781799000,7558.75,7561.25,7556.75,7559.75,4301
1781799300,7559.75,7562.25,7557,7559.5,4889
1781799600,7559.75,7566.75,7559.25,7561.75,8415
1781799900,7562,7565.5,7560.75,7564.25,3749
1781800200,7564.25,7564.5,7560.75,7563,4439
1781800500,7563,7570.5,7560.75,7569.25,7986
1781800800,7569.5,7570.5,7567,7567.5,4736
1781801100,7567.75,7568.75,7565.75,7567,4147
1781801400,7567,7567,7560.5,7561.75,6382
1781801700,7562,7564.25,7559.5,7564,4739
1781802000,7564.25,7570,7561.5,7569.75,5473
1781802300,7569.75,7574.5,7569,7571.75,7927
1781802600,7571.75,7575.25,7571,7573.5,4024
1781802900,7573.25,7578.75,7572.25,7577.25,5872
1781803200,7577,7578.75,7572.25,7572.5,5006
1781803500,7572.5,7573.75,7571,7573,4086
1781803800,7573,7577,7572.75,7574.75,5070
1781804100,7575,7575,7569.75,7570.5,3449
1781804400,7570.25,7572.25,7569.5,7570.5,4573
1781804700,7570.5,7571.5,7568,7569.5,3860
1781805000,7569.5,7572.75,7568.25,7569.25,3599
1781805300,7569.25,7569.5,7566.75,7567,4677
1781805600,7567.25,7568,7562,7563.25,7098
1781805900,7563.25,7565.75,7562.25,7563,4465
1781806200,7563,7566.75,7562.75,7563.75,4516
1781806500,7563.5,7565.5,7561,7563.25,6051
1781806800,7563.25,7566.5,7562,7564.5,4050
1781807100,7564.25,7565.75,7562,7562.75,4346
1781807400,7562.75,7563.5,7560.75,7561.75,4172
1781807700,7561.5,7562.25,7559,7560.25,4952
1781808000,7560.25,7563.25,7559.25,7562.75,3480
1781808300,7562.75,7566,7562.25,7565.5,5015
1781808600,7565.5,7567.25,7563.25,7564.5,5016
1781808900,7564.25,7565.75,7560.5,7561.25,5071
1781809200,7561.5,7562.5,7556,7557.25,7311
1781809500,7557,7558.25,7556,7556.5,4365
1781809800,7556.25,7556.5,7549.25,7552.25,10483
1781810100,7552.25,7556.25,7550,7556.25,6618
1781810400,7556,7559.5,7555.25,7556.25,5538
1781810700,7556.25,7560,7556,7558,4086
1781811000,7557.75,7560,7553.5,7559.75,7314
1781811300,7559.75,7567.75,7559.5,7567.25,8977
1781811600,7567.25,7571.75,7566.25,7571,7554
1781811900,7571.25,7573,7567,7568.75,9784
1781812200,7568.75,7578,7566,7574.5,21862
1781812500,7574.5,7580.75,7564.5,7564.5,29161
1781812800,7564.5,7572.5,7562.25,7572.25,9823
1781813100,7572.5,7576.25,7572.25,7573.75,3977
1781813400,7573.75,7577.5,7572.25,7576.75,2314
1781813700,7576.5,7579.5,7575,7579.25,2007
1781814000,7579.5,7583,7577.5,7577.5,2810
1781814300,7577.5,7580,7577.25,7577.5,1079
1781814600,7577.25,7579.5,7576.5,7576.75,904
1781814900,7576.75,7577.25,7575,7575.75,873
1781815200,7575.75,7576,7572.25,7573,1378
1781815500,7573,7573.5,7571.5,7572.75,830
1781815800,7572.5,7572.75,7570.5,7572.25,842
1781816100,7572,7575,7571.75,7574.75,999
1781820000,7575.5,7580,7573.75,7575,1645
1781820300,7575.25,7575.75,7572,7573,866
1781820600,7573,7574.5,7572.5,7573.25,498
1781820900,7573.25,7573.25,7568.5,7569.25,1076
1781821200,7568.75,7569.25,7564.75,7566,1386
1781821500,7565.5,7567.75,7565.25,7566,1021
1781821800,7566.25,7566.25,7563.5,7563.75,864
1781822100,7563.75,7564,7561,7561.25,1222
1781822400,7561.25,7562.75,7560.25,7561.75,1210
1781822700,7561.75,7563.5,7559.75,7563.25,1093
1781823000,7563.25,7564,7562,7562.75,794
1781823300,7562.75,7562.75,7560.75,7561,679
1781823600,7561.25,7564,7560.25,7562.5,1039
1781823900,7562.25,7562.75,7560.5,7562.25,480
1781824200,7562.5,7564.25,7561.5,7561.5,668
1781824500,7561.5,7563.25,7561.25,7562,415
1781824800,7562,7566,7562,7564.5,927
1781825100,7564.25,7565.25,7563,7564.25,456
1781825400,7564.5,7565.5,7562.75,7564.5,590
1781825700,7564.75,7567.25,7564.25,7566,779
1781826000,7566,7566.5,7564.25,7565.75,563
1781826300,7565.5,7567.5,7564.5,7565.75,793
1781826600,7566,7567.75,7565.75,7567.5,605
1781826900,7567.5,7568.25,7565.5,7565.75,686
1781827200,7565.5,7565.75,7561.5,7563,2039
1781827500,7563.25,7564.5,7559.25,7561,1863
1781827800,7561,7562,7556,7557.25,1975
1781828100,7557.5,7561,7557,7560.25,1915
1781828400,7560.25,7560.75,7556.75,7559.75,1194
1781828700,7559.5,7562,7558.5,7559.5,1003
1781829000,7559.75,7561.25,7559.25,7561,534
1781829300,7560.5,7561,7556.75,7558.75,1086
1781829600,7558.5,7560,7557.5,7559,511
1781829900,7559.25,7560.5,7558.5,7559.5,575
1781830200,7559.25,7559.75,7558.25,7559.25,264
1781830500,7559,7559,7557,7558.25,308
1781830800,7558.25,7560.75,7556.5,7559.5,1027
1781831100,7559.25,7559.25,7553.25,7553.75,1824
1781831400,7553.5,7554.5,7551,7552.5,1317
1781831700,7552.5,7554.75,7552.5,7554.5,854
1781832000,7554.5,7555,7552.75,7553.75,608
1781832300,7553.5,7556,7553,7554.75,658
1781832600,7554.75,7554.75,7551.25,7553.25,1052
1781832900,7553.5,7553.75,7551.5,7551.75,532
1781833200,7552,7552,7550,7551.25,714
1781833500,7551.75,7553,7550.25,7550.75,652
1781833800,7550.75,7551.5,7548.25,7548.25,1158
1781834100,7548.25,7549.25,7547.25,7547.5,713
1781834400,7547.5,7548.5,7546,7547,998
1781834700,7547.25,7547.5,7544,7545.75,971
1781835000,7545.75,7546,7543.75,7544.75,747
1781835300,7544.75,7545,7541.75,7542.5,1050
1781835600,7542.5,7546.75,7542.5,7545.75,982
1781835900,7545.75,7546.5,7544.75,7546,471
1781836200,7546,7547.25,7545.5,7546.75,455
1781836500,7546.5,7548,7546.25,7547,518
1781836800,7546.75,7549.25,7546.75,7548.75,778
1781837100,7548.75,7548.75,7546.5,7546.5,496
1781837400,7546.5,7546.75,7544.25,7546.25,836
1781837700,7546.5,7547,7545.75,7546.25,305
1781838000,7546.25,7548.5,7545.25,7545.5,671
1781838300,7545.25,7546.25,7544.75,7545,343
1781838600,7545.25,7545.75,7544,7544,259
1781838900,7544.25,7544.75,7539.5,7540.5,2049
1781839200,7540.25,7542,7539,7539.75,667
1781839500,7539.75,7540,7537.75,7539,723
1781839800,7538.5,7539.75,7536.75,7537,1025
1781840100,7537,7541,7536,7540.5,1242
1781840400,7540.75,7541.25,7537.75,7538.75,741
1781840700,7539,7539.25,7537.5,7538,505
1781841000,7538.25,7540,7537.75,7538.5,476
1781841300,7538.5,7539.25,7536.25,7538.5,701
1781841600,7538.75,7539.5,7532.25,7533.5,2209
1781841900,7533.25,7537.25,7533.25,7535.75,895
1781842200,7536,7538.5,7536,7538.25,548
1781842500,7538.25,7538.25,7535,7536.25,1060
1781842800,7536.5,7537.25,7534,7536.25,513
1781843100,7536.5,7536.75,7534,7535.75,461
1781843400,7536.25,7536.25,7530.5,7531.5,1356
1781843700,7531.5,7532.25,7529.25,7531.25,1253
1781844000,7531.25,7531.75,7529.75,7531,409
1781844300,7531,7531.25,7527.5,7529.75,934
1781844600,7529.75,7530.25,7523.75,7525,1481
1781844900,7524.75,7526.5,7521.5,7525.5,1660
1781845200,7525.5,7526.5,7523.75,7525.5,865
1781845500,7525.25,7527,7524,7524.75,593
1781845800,7524.75,7526.5,7522,7526.5,855
1781846100,7526.5,7527.5,7523.75,7524.5,1026
1781846400,7524.75,7525.25,7520.5,7522,1350
1781846700,7522,7525.75,7521.25,7525.5,638
1781847000,7525.5,7528.5,7524.25,7524.25,1078
1781847300,7524.5,7526,7522.5,7523.5,895
1781847600,7523.5,7525.5,7520.75,7522.75,1246
1781847900,7522.5,7527.5,7522.5,7526.5,900
1781848200,7526.5,7530.25,7525.75,7530.25,1113
1781848500,7530,7531.75,7529.25,7531.5,1072
1781848800,7531.25,7535.5,7531,7534.75,1239
1781849100,7534.75,7535.25,7532.25,7533.25,829
1781849400,7533.25,7534,7530.75,7533,964
1781849700,7533,7533.75,7531.25,7532,594
1781850000,7531.75,7534,7530,7533.25,823
1781850300,7533.25,7537.75,7533.25,7536.5,1072
1781850600,7536.25,7538,7535.5,7536.5,661
1781850900,7536.75,7537.25,7534,7535,503
1781851200,7535,7537.25,7534.5,7536,357
1781851500,7536,7538.5,7534.5,7537,527
1781851800,7537,7539.5,7536.75,7539.5,625
1781852100,7539.25,7542.75,7539.25,7541.5,1111
1781852400,7541.25,7545,7541,7545,988
1781852700,7545,7546,7544,7545,533
1781853000,7544.75,7546.75,7543,7546.5,668
1781853300,7546.75,7548.25,7544.75,7545.25,833
1781853600,7545.25,7547.5,7544.75,7546.75,543
1781853900,7546.5,7549.5,7546.25,7549.5,651
1781854200,7549.5,7555,7548.5,7552,3269
1781854500,7551.75,7553.25,7550,7553,564
1781854800,7553,7553.75,7550,7550.75,639
1781855100,7550.75,7551.75,7549,7549.25,581
1781855400,7549.25,7553,7548.5,7551,1108
1781855700,7551,7554.25,7550.75,7554.25,741
1781856000,7554.25,7554.5,7550.5,7553,822
1781856300,7553,7554,7551.75,7552.5,489
1781856600,7552.75,7556.5,7552.75,7554.75,1080
1781856900,7554.5,7557.25,7554,7556.75,710
1781857200,7556.75,7558.25,7556.25,7556.5,446
1781857500,7556.5,7557.25,7554.75,7557,669
1781857800,7557,7557.5,7553,7553.75,1060
1781858100,7554,7557,7553.5,7556.5,538
1781858400,7556.25,7558.75,7554.75,7557.25,729
1781858700,7557.5,7560.5,7555.75,7560.25,745
1781859000,7560.25,7560.5,7559,7559,505
1781859300,7559.25,7560.25,7558,7558.5,420
1781859600,7558.75,7562.25,7557.75,7557.75,1061
1781859900,7557.75,7559.25,7556,7556,627
1781860200,7556.25,7557.75,7554.75,7556.5,903
1781860500,7556.5,7558,7556,7557.25,440
1781860800,7557.5,7557.75,7553.75,7554.75,604
1781861100,7555,7555.25,7553.5,7554.25,453
1781861400,7554,7557,7554,7557,469
1781861700,7557,7559.5,7556,7559,703
1781862000,7559.5,7560.5,7557.5,7557.75,739
1781862300,7557.75,7559.25,7555.25,7555.5,771
1781862600,7555.5,7559.5,7555.5,7556.5,1073
1781862900,7556.75,7558,7554.75,7555.25,655
1781863200,7555.25,7555.75,7552.5,7552.75,977
1781863500,7553,7554,7551.5,7553.5,686
1781863800,7553.75,7554.25,7551.75,7552,553
1781864100,7552,7553.25,7551.25,7551.5,663
1781864400,7551.5,7552,7546.75,7547,1257
1781864700,7546.75,7548,7544.75,7545.25,956
1781865000,7545.5,7545.75,7541.25,7543,1194
1781865300,7542.75,7544.25,7537.75,7538.75,1706
1781865600,7538.25,7543.5,7538.25,7542.25,856
1781865900,7542.5,7546.25,7540,7543.5,1886
1781866200,7543.5,7547.25,7543.5,7544.5,625
1781866500,7544.25,7545,7543,7543.5,434
1781866800,7543.5,7543.75,7540,7542.5,1406
1781867100,7542.25,7543.5,7537.5,7541.75,1866
1781867400,7541.5,7542.5,7540.25,7541,534
1781867700,7541,7544,7541,7542.5,577
1781868000,7542.5,7543.25,7539.25,7539.5,533
1781868300,7539.5,7540.25,7537,7538.5,778
1781868600,7538.5,7543.5,7538.25,7543,872
1781868900,7542.75,7544.25,7542.25,7543.75,606
1781869200,7543.75,7546.25,7543.75,7544.25,1043
1781869500,7544.25,7546,7544,7544.25,452
1781869800,7544,7545.5,7541.25,7541.25,917
1781870100,7541.25,7544.25,7540,7544.25,628
1781870400,7544.25,7544.75,7542,7544,792
1781870700,7544.25,7544.25,7541.5,7544,744
1781871000,7544,7544.5,7542,7542,592
1781871300,7542.25,7542.75,7540,7542.75,658
1781871600,7542.25,7543.25,7541.75,7542.5,418
1781871900,7542.5,7543.25,7540.25,7540.5,737
1781872200,7540.5,7541.25,7538.75,7540.25,947
1781872500,7540,7540.75,7533.5,7537.75,4111
1781872800,7538.25,7541.5,7536.75,7540.5,1553
1781873100,7540.5,7542,7538.5,7538.75,1037
1781873400,7539,7559.75,7538.75,7555.75,10791
1781873700,7555.75,7562.25,7554.5,7558.75,5376
1781874000,7559,7560,7554.5,7555.75,3837
1781874300,7555.75,7560.25,7555.75,7559.75,2613
1781874600,7559.75,7561.75,7558,7558.5,2912
1781874900,7558.75,7560.5,7555.5,7556.25,2658
1781875200,7556.25,7557.25,7555.5,7557,1433
1781875500,7557,7559.25,7556.5,7559,1482
1781875800,7559,7563.75,7556,7558.25,6813
1781876100,7558,7561.75,7557.75,7559.75,3918
1781876400,7559.5,7561,7557,7557.75,3135
1781876700,7557.75,7561.25,7557,7559.5,3488
1781877000,7559.75,7560.75,7557.75,7559,2325
1781877300,7558.75,7563,7558.5,7559.5,5163
1781877600,7559.25,7559.5,7554,7559,6131
1781877900,7559,7560,7557.5,7559.5,2843
1781878200,7559.5,7560,7557.75,7559.25,2413
1781878500,7559.25,7561.25,7556,7561,2925
1781878800,7561,7561.25,7558.75,7559.25,1671
1781879100,7559,7561,7558.75,7559.75,1369
1781879400,7559.5,7559.75,7557.25,7559.25,1888
1781879700,7559.25,7563,7559,7562,3100
1781880000,7562.25,7563.75,7561,7563.25,2449
1781880300,7563.5,7564.5,7562.75,7563,2284
1781880600,7563,7565.25,7562.75,7564.75,1979
1781880900,7564.75,7566,7564.25,7565.25,1992
1781881200,7565,7567,7564.25,7566,2091
1781881500,7565.75,7568.5,7565,7567.75,1989
1781881800,7568,7568.25,7565.25,7565.25,1646
1781882100,7565.5,7565.5,7563.75,7564.5,2261
1781882400,7564.5,7565.5,7563.25,7565,1714
1781882700,7564.75,7566,7564.25,7566,1526
1781883000,7566,7567,7562.75,7563.5,4123
1781883300,7563.5,7563.5,7559,7560.5,4138
1781883600,7560.5,7561.5,7558.25,7558.75,2092
1781883900,7558.5,7563.75,7558.5,7563.5,2169
1781884200,7563.25,7565.75,7562.5,7564,2047
1781884500,7564,7565,7563.5,7563.75,1084
1781884800,7563.75,7564,7561.5,7562,1698
1781885100,7562.25,7562.5,7561,7561,799
1781885400,7561,7561.25,7559.5,7560.25,1154
1781885700,7560.25,7562.75,7560.25,7562,1179
1781886000,7562,7564.25,7561.75,7564.25,1072
1781886300,7564.25,7565,7563.5,7564.75,568
1781886600,7564.75,7567.25,7563.5,7566.75,1481
1781886900,7566.75,7566.75,7563.75,7565.25,978
1781887200,7565.25,7566.25,7564.5,7565.5,699
1781887500,7565.25,7567.75,7562.5,7563.5,1745
1781887800,7563.25,7564.25,7557.75,7558,1435
1781888100,7558.5,7561.75,7554.75,7557,2358
1782079200,7543.75,7549.5,7539,7548,5546
1782079500,7548,7549.75,7532.5,7535.75,4599
1782079800,7536,7538.25,7528.25,7532,4282
1782080100,7532.5,7534.5,7526,7533.75,3526
1782080400,7534,7542.5,7532.75,7541.75,3561
1782080700,7541.5,7543.5,7539.5,7540.75,1650
1782081000,7541,7541.25,7536.75,7538.25,2144
1782081300,7537.75,7539.75,7536.25,7537.25,1074
1782081600,7537,7542.25,7536.75,7541.25,1567
1782081900,7541.25,7544,7540.75,7543.5,1353
1782082200,7543.25,7543.5,7541.75,7543,775
1782082500,7543,7543.5,7536.75,7538,1982
1782082800,7537.75,7538.25,7525.75,7528.5,5472
1782083100,7528.25,7531.75,7525.5,7530.5,2920
1782083400,7530.25,7530.75,7525,7526.5,2583
1782083700,7526.5,7527.75,7523.25,7525.5,2709
1782084000,7525.25,7529,7523.75,7528.25,1766
1782084300,7528.5,7529.25,7524.5,7526,1729
1782084600,7526.25,7527.25,7522.25,7523.25,1990
1782084900,7523.25,7523.5,7516.25,7518.5,3539
1782085200,7518.5,7520.5,7515.5,7519.5,2459
1782085500,7519.5,7521.25,7514.75,7515,2562
1782085800,7515,7517,7513.25,7514.25,2001
1782086100,7514.25,7516.25,7513,7516,1404
1782086400,7515.75,7532,7514.5,7531.75,6730
1782086700,7531.75,7537.25,7530,7532.25,5591
1782087000,7532.25,7534,7527.75,7533.25,2719
1782087300,7533,7540.25,7531.25,7538.5,4223
1782087600,7538.75,7539.5,7534.75,7537,2190
1782087900,7536.5,7544,7535.75,7543.5,3708
1782088200,7543.75,7545.5,7540.5,7542.5,2279
1782088500,7542.5,7544.75,7541.25,7542,1816
1782088800,7542,7543.75,7540.25,7542.75,1924
1782089100,7543,7545.75,7543,7545,2513
1782089400,7545.25,7545.5,7543.5,7545.5,981
1782089700,7545.5,7550,7545.25,7549,2971
1782090000,7549,7553.25,7549,7552.75,3289
1782090300,7553,7558,7552.5,7552.75,3638
1782090600,7553,7554,7551.25,7553.5,1656
1782090900,7553.5,7555.25,7551.5,7551.5,1686
1782091200,7551.75,7555.25,7550.75,7554.25,1501
1782091500,7554.75,7556,7554,7554.75,1131
1782091800,7554.5,7554.75,7552,7553.75,1317
1782092100,7553.75,7555.75,7552.25,7555.25,821
1782092400,7555.5,7555.75,7552.75,7554,767
1782092700,7554,7554.75,7551,7552,1416
1782093000,7552.5,7553.75,7549.25,7550,1457
1782093300,7550.25,7551.75,7549,7549.75,1120
1782093600,7550,7550.75,7547.25,7548.5,1535
1782093900,7548.5,7550,7548.25,7548.75,1453
1782094200,7548.75,7548.75,7544,7544,1675
1782094500,7544.25,7546.25,7544,7545.5,964
1782094800,7545.25,7547,7543.75,7546,1169
1782095100,7546.25,7546.5,7542,7542.5,1524
1782095400,7542.25,7543,7540.25,7541.5,1426
1782095700,7541.5,7541.75,7539.75,7540.75,852
1782096000,7540.5,7541.25,7538.5,7540,1229
1782096300,7540,7540.25,7537.5,7538.25,948
1782096600,7538,7540.25,7537.25,7539.5,936
1782096900,7539.5,7539.75,7538,7538.5,504
1782097200,7538.5,7539,7534.25,7537.75,2352
1782097500,7537.75,7538.5,7535.5,7536.25,824
1782097800,7536.25,7537,7535,7536,846
1782098100,7536,7540.5,7536,7539.75,1584
1782098400,7539.75,7541,7538.5,7540.75,996
1782098700,7540.5,7540.75,7539,7540.5,731
1782099000,7540.5,7542.25,7540.25,7541.5,819
1782099300,7541.25,7541.75,7539.75,7541,535
1782099600,7540.75,7541.25,7539,7540,500
1782099900,7540.25,7541.75,7539.75,7541.25,480
1782100200,7541.25,7541.25,7536.75,7537,1033
1782100500,7536.75,7537.25,7533.5,7534.5,1507
1782100800,7534.5,7535,7532.75,7533.75,789
1782101100,7533.75,7536,7533.5,7536,958
1782101400,7535.75,7536.75,7532.75,7533,760
1782101700,7533,7533.75,7532,7532.5,909
1782102000,7532.5,7534.25,7532,7532.5,736
1782102300,7532.5,7532.5,7530.25,7531,955
1782102600,7530.75,7532.75,7530.25,7532.25,717
1782102900,7532.25,7532.5,7528.75,7531,1013
1782103200,7530.5,7531.75,7528.5,7529.75,1185
1782103500,7529.75,7534.25,7529.25,7533.75,2191
1782103800,7533.5,7534.75,7532.25,7533.25,1070
1782104100,7532.75,7535.5,7532,7534.75,840
1782104400,7534.75,7536,7533.75,7535.75,915
1782104700,7536,7544.25,7535.75,7543.5,2606
1782105000,7543.5,7546.5,7542.5,7545.25,1455
1782105300,7545.25,7547.25,7542.5,7543,1191
1782105600,7543.25,7545,7542.5,7545,954
1782105900,7545,7545.75,7544,7545.5,514
1782106200,7545.75,7546,7541.5,7543.5,938
1782106500,7543.25,7546.75,7543.25,7544.5,682
1782106800,7544.5,7545.75,7544,7545,373
1782107100,7545,7545.75,7543.5,7545,509
1782107400,7544.75,7547.25,7544,7545.75,614
1782107700,7546,7547.75,7545.75,7546.25,611
1782108000,7546.5,7549.25,7546,7548.75,1052
1782108300,7549,7552.25,7548.5,7551.75,1345
1782108600,7551.75,7553.5,7550,7553,822
1782108900,7553,7555.25,7551.75,7553.75,1497
1782109200,7553.75,7557.75,7553,7557.5,1273
1782109500,7557.25,7560.5,7557,7558.75,1891
1782109800,7558.5,7558.5,7554.5,7556.25,1619
1782110100,7556.25,7559.5,7555.5,7558.75,767
1782110400,7559,7562,7558.5,7560.75,836
1782110700,7560.75,7562.25,7559.5,7559.75,792
1782111000,7560,7562,7559.75,7561.75,408
1782111300,7561.75,7563,7560.75,7561.75,509
1782111600,7561.75,7566,7561.25,7565.5,1747
1782111900,7565.5,7566.25,7563.5,7564.25,1172
1782112200,7564.5,7565.25,7563,7564,783
1782112500,7564,7567.5,7564,7566.75,943
1782112800,7567,7567.25,7564.25,7564.75,473
1782113100,7564.75,7566.75,7564.5,7566.75,607
1782113400,7566.5,7566.75,7564,7565.25,668
1782113700,7565.25,7567.25,7565,7565,547
1782114000,7565,7565,7562,7562.75,945
1782114300,7562.5,7565,7561.75,7564.5,733
1782114600,7564.25,7564.75,7561,7561.25,655
1782114900,7561.25,7563,7560.5,7562.75,576
1782115200,7562.75,7563.75,7556.25,7557,1471
1782115500,7557,7558,7555.75,7556.25,982
1782115800,7556,7557.5,7552.5,7556.25,1454
1782116100,7556.5,7557.75,7553.25,7553.75,919
1782116400,7553.5,7556.25,7552.5,7556,945
1782116700,7555.75,7556.5,7554.25,7555,680
1782117000,7554.75,7556,7553.25,7555.75,763
1782117300,7556,7558.25,7555.25,7557.5,1068
1782117600,7557.5,7560,7557,7560,575
1782117900,7559.75,7560.25,7555.5,7557.5,837
1782118200,7557,7559.25,7556,7559,603
1782118500,7559.25,7560.25,7558,7559.25,782
1782118800,7559.5,7562.75,7556.25,7562.75,1181
1782119100,7563,7564.5,7561.5,7563.75,973
1782119400,7564,7564.5,7561,7563,705
1782119700,7562.75,7563,7560.25,7560.75,586
1782120000,7560.75,7562.25,7560,7561,550
1782120300,7561.25,7562.25,7559.75,7560.5,488
1782120600,7560.25,7562,7558.25,7560.5,1200
1782120900,7560.5,7560.75,7557.25,7557.25,634
1782121200,7557.25,7558.5,7555.25,7556.25,589
1782121500,7556.5,7558.25,7555.5,7556.5,466
1782121800,7556.25,7557.5,7555.25,7556.5,570
1782122100,7556.5,7557.5,7554.5,7555,822
1782122400,7554.75,7561,7554.75,7560.75,1142
1782122700,7561,7564.75,7560,7563.25,994
1782123000,7563.25,7564.75,7562.75,7563,598
1782123300,7562.75,7564.5,7562.75,7563.5,557
1782123600,7563.5,7564.25,7562.75,7564.25,337
1782123900,7564,7564.5,7562,7563,469
1782124200,7563,7563,7559,7560,796
1782124500,7560,7561,7557.75,7558,673
1782124800,7558,7559.75,7556.75,7559.25,833
1782125100,7559.25,7562.5,7559.25,7561.75,768
1782125400,7561.75,7562,7558.5,7559.5,704
1782125700,7559.5,7559.75,7557.75,7558.75,563
1782126000,7558.5,7568.5,7558.5,7567,2444
1782126300,7567,7578,7566.5,7569,7347
1782126600,7568.5,7568.75,7560,7562.75,2927
1782126900,7562.5,7564.25,7561.25,7563.75,1131
1782127200,7563.5,7563.75,7560.75,7563,864
1782127500,7562.75,7564,7561.25,7561.75,658
1782127800,7561.75,7565.5,7560.75,7563.75,1407
1782128100,7563.75,7565.75,7563,7565.25,1250
1782128400,7565.25,7565.5,7562,7563.25,1407
1782128700,7563.5,7564.5,7559,7564.25,2320
1782129000,7564.5,7564.5,7560,7561.25,1469
1782129300,7561.5,7565,7561,7563.5,1702
1782129600,7563.75,7567,7563.75,7566.75,1197
1782129900,7566.75,7569,7566.25,7568.75,1181
1782130200,7568.75,7570.25,7567.5,7569.75,1172
1782130500,7569.5,7570.25,7567.75,7569,872
1782130800,7568.75,7574.25,7568.75,7573.5,2003
1782131100,7573.5,7574.5,7571.75,7574,1746
1782131400,7574.25,7575.75,7572.25,7575.75,1900
1782131700,7575.5,7576.5,7573,7573.25,1917
1782132000,7573.25,7574.75,7570.25,7570.75,1855
1782132300,7571,7571.75,7568.75,7570.75,1690
1782132600,7570.25,7570.75,7568.25,7568.75,1130
1782132900,7568.75,7570,7567.5,7568,1273
1782133200,7568,7578,7568,7574.25,7872
1782133500,7574.25,7574.75,7569.25,7570.75,3299
1782133800,7570.5,7576.75,7569.75,7576.5,6190
1782134100,7576.5,7577.5,7573.25,7575.25,2617
1782134400,7575.25,7579,7574.75,7577.5,2267
1782134700,7577.75,7578.5,7572.25,7573.25,4828
1782135000,7573.25,7590.25,7571.5,7578,32203
1782135300,7578.25,7595.5,7576.75,7595.5,22114
1782135600,7595.25,7596.75,7576,7578.75,26419
1782135900,7578.5,7595.5,7576.5,7591.75,22589
1782136200,7592,7593,7586.25,7587.5,15306
1782136500,7587.25,7596.5,7584,7596.5,14014
1782136800,7596,7597.5,7591,7593,11964
1782137100,7593.25,7597,7590.5,7596.75,11138
1782137400,7596.75,7599.25,7589,7589.75,14359
1782137700,7590,7591,7579.25,7581.25,18617
1782138000,7581,7581.75,7569.5,7571.75,21121
1782138300,7571.5,7574.75,7560.5,7561.25,27754
1782138600,7561.25,7562.5,7545.75,7550.75,40242
1782138900,7551,7556.25,7545.75,7550.5,24410
1782139200,7550.5,7553.5,7540,7541,23799
1782139500,7541,7549.5,7540.5,7544,24221
1782139800,7544,7546.75,7532.25,7534.25,22761
1782140100,7534.25,7545,7527.25,7543,23880
1782140400,7543,7550,7541.25,7546.5,14409
1782140700,7546.5,7547,7536,7538.5,17550
1782141000,7539,7544.75,7536.5,7540.75,13437
1782141300,7540.5,7545.5,7535.25,7537.75,17624
1782141600,7537.75,7546,7534.5,7544.25,17002
1782141900,7544,7547,7537.5,7539.75,18963
1782142200,7539.75,7546.5,7537.75,7542.25,16343
1782142500,7542.25,7548.25,7540.5,7547.75,9820
1782142800,7547.75,7558,7547.75,7555,12978
1782143100,7555,7559.25,7539.25,7540.5,16611
1782143400,7540.5,7546,7540.5,7542,12318
1782143700,7542,7547.25,7540.25,7542.5,9361
1782144000,7542.75,7544.5,7532,7533.75,14327
1782144300,7533.5,7539.75,7532.5,7538.25,10664
1782144600,7538.25,7546.5,7537.75,7546.5,10050
1782144900,7546.25,7547.25,7541,7546.25,7304
1782145200,7546.25,7550.5,7540.25,7541.75,9444
1782145500,7541.5,7545.75,7540,7544.5,6128
1782145800,7544.25,7545.25,7539,7539.75,5781
1782146100,7539.75,7541.5,7537,7540.5,5708
1782146400,7540.5,7542,7536.75,7540,5939
1782146700,7540,7546.25,7537.75,7546.25,6521
1782147000,7546,7548.75,7545,7547.25,6301
1782147300,7547.5,7549.75,7543,7546,9346
1782147600,7546.25,7547,7542.5,7544.75,5390
1782147900,7545,7545,7535.25,7538.25,7859
1782148200,7538.25,7542.25,7537.75,7542.25,4841
1782148500,7542.25,7547,7542,7546.5,6130
1782148800,7546.5,7549,7543.25,7545,4191
1782149100,7545.25,7546.5,7542.75,7543.25,2962
1782149400,7543.25,7544.75,7539,7541,5726
1782149700,7540.75,7541,7535.5,7540.5,5817
1782150000,7540.25,7542,7538.25,7539.25,3609
1782150300,7539.5,7544.5,7538.25,7543.75,4885
1782150600,7543.75,7549.5,7543,7548.25,5393
1782150900,7548.5,7548.5,7542.75,7542.75,5491
1782151200,7543,7544.75,7538.5,7541,7626
1782151500,7540.75,7545.25,7540.5,7545.25,3970
1782151800,7545.25,7546.75,7542.5,7545.75,3082
1782152100,7545.75,7549.5,7545.75,7548.25,3524
1782152400,7548.25,7553.75,7548,7550,8601
1782152700,7550,7550.5,7544.75,7547,6402
1782153000,7547.5,7551.5,7545.25,7546.25,7121
1782153300,7546,7548.25,7544.75,7545,3387
1782153600,7545,7546,7540.5,7540.75,4925
1782153900,7541,7544.25,7539.75,7543.75,5816
1782154200,7543.75,7544.75,7532.75,7536.5,8876
1782154500,7536.5,7536.5,7531.5,7533,5756
1782154800,7533,7539.5,7532.25,7537,7834
1782155100,7536.75,7537.5,7528.5,7532.5,8124
1782155400,7532.75,7537,7531.25,7535.5,4981
1782155700,7535.5,7538.25,7533.75,7537.5,4962
1782156000,7537.5,7538.25,7532.5,7533.25,4535
1782156300,7533.5,7534.5,7530.25,7530.5,5210
1782156600,7530.5,7536.25,7530.25,7533.75,6863
1782156900,7533.75,7534,7531,7532.25,4625
1782157200,7532.25,7533.25,7528,7529.5,5477
1782157500,7529.5,7535.5,7528.75,7535.5,6816
1782157800,7535.25,7545.25,7533.5,7543.75,17804
1782158100,7543.75,7545.75,7536,7540.25,20158
1782158400,7540.25,7547,7539,7545.25,7893
1782158700,7545.25,7546,7542.75,7543.5,1953
1782159000,7543.25,7546,7542.25,7545.25,1929
1782159300,7545.5,7547,7543.75,7546.75,1425
1782159600,7547,7547,7545,7545,1049
1782159900,7545,7545,7541,7541.5,1187
1782160200,7541.5,7542.5,7541,7541.25,867
1782160500,7541.25,7542,7540.5,7541,732
1782160800,7541.25,7542.75,7541,7542.25,643
1782161100,7542.5,7542.5,7541.25,7542,803
1782161400,7541.75,7541.75,7540,7541.25,942
1782161700,7540.75,7542.25,7539.75,7540.75,1054
1782165600,7543.25,7547.5,7539.75,7543.25,2613
1782165900,7543,7544.75,7538.5,7542.5,1628
1782166200,7542.75,7542.75,7540.25,7541.25,473
1782166500,7541.25,7542,7540,7541.5,373
1782166800,7541.25,7543.25,7540.25,7542.75,470
1782167100,7542.5,7542.75,7539,7539.75,702
1782167400,7540,7540,7534.5,7535,1993
1782167700,7534.5,7535.5,7530,7533.75,2055
1782168000,7533.75,7534,7529.5,7530.5,1147
1782168300,7530,7532.25,7529.25,7531.75,932
1782168600,7532.25,7533.25,7530.5,7533,686
1782168900,7533,7533.75,7531.5,7532,769
1782169200,7532.25,7533.25,7529.25,7531,972
1782169500,7531,7531.75,7530,7531.5,402
1782169800,7531.5,7531.5,7527.75,7528.75,963
1782170100,7528.75,7528.75,7525.5,7526.5,1502
1782170400,7526.75,7529.5,7526,7529,1108
1782170700,7529,7531.5,7528.25,7531,1099
1782171000,7531,7531.5,7529.25,7529.5,707
1782171300,7529.75,7531,7528.25,7529,704
1782171600,7529,7531,7528.25,7531,421
1782171900,7531,7531.5,7526.75,7528.25,1240
1782172200,7528,7530.25,7526.25,7529.5,865
1782172500,7529.5,7532.5,7529,7532,827
1782172800,7531.75,7535,7530.25,7533.25,2727
1782173100,7533.25,7534.75,7530,7530.25,964
1782173400,7530,7531.25,7522,7525,3019
1782173700,7525,7529,7524.75,7525,1470
1782174000,7525.25,7525.5,7522,7523.25,2459
1782174300,7523.25,7527.25,7522.5,7525,1370
1782174600,7525.25,7530.5,7524,7529.5,1584
1782174900,7529.75,7534.25,7527.5,7533.5,1644
1782175200,7533.5,7541,7532.25,7541,3806
1782175500,7541,7545.25,7538.5,7542.25,4196
1782175800,7542.25,7542.75,7539.25,7539.5,1488
1782176100,7539.75,7541.5,7537.75,7540,1363
1782176400,7540.25,7542.5,7538.25,7541,1889
1782176700,7541,7541.75,7537,7540,1443
1782177000,7540,7541.25,7536.25,7536.5,1087
1782177300,7536.25,7537.75,7533,7534,2138
1782177600,7534.25,7536.25,7532.75,7533.25,1527
1782177900,7533,7537.5,7533,7535.75,1220
1782178200,7535.75,7536.5,7529.5,7529.75,1861
1782178500,7530,7530.25,7522.5,7525.5,3823
1782178800,7525.5,7528.5,7521,7522.25,3095
1782179100,7522.25,7522.25,7518,7519.25,3406
1782179400,7519.5,7522,7512,7520.75,4854
1782179700,7521,7525.5,7520,7522.5,2519
1782180000,7522.5,7525,7520,7523.75,1803
1782180300,7523.75,7524,7514.5,7516.25,2728
1782180600,7516.25,7519.75,7514,7519,1989
1782180900,7519,7522.5,7517.25,7520.75,2260
1782181200,7520.75,7522.5,7518.75,7519.75,873
1782181500,7520,7521.5,7518.75,7520,947
1782181800,7520,7520.5,7516.5,7517,1080
1782182100,7517,7518.75,7516.25,7516.75,792
1782182400,7516.75,7518.5,7515.5,7517.5,682
1782182700,7517.75,7518.25,7512.5,7514.25,1776
1782183000,7514.25,7516.75,7513.25,7514.5,1059
1782183300,7514.5,7516.5,7510.5,7512.5,1745
1782183600,7512.75,7513.75,7510.25,7511.5,1761
1782183900,7511.5,7511.75,7506.5,7506.5,2190
1782184200,7506.75,7508.5,7504.5,7506.5,2078
1782184500,7506.25,7508,7505,7505.75,1230
1782184800,7506,7507.75,7505.25,7506.25,849
1782185100,7506,7509,7505.5,7507.75,1266
1782185400,7507.5,7507.75,7503.5,7504,1953
1782185700,7504,7505,7499,7501,2700
1782186000,7500.75,7501,7496.5,7500.5,2882
1782186300,7500.5,7501,7497,7499.5,1416
1782186600,7499.75,7506,7499.75,7505.25,2096
1782186900,7505.25,7509,7504.25,7509,1629
1782187200,7509.25,7512,7507.25,7508.5,2435
1782187500,7508.5,7508.5,7502.75,7503.5,1145
1782187800,7503.5,7504,7499.75,7501.75,1288
1782188100,7501.75,7501.75,7495.25,7496,2102
1782188400,7496.25,7496.5,7493.25,7495.5,1700
1782188700,7495.75,7497.5,7494.75,7496.75,885
1782189000,7496.5,7496.75,7494,7495,888
1782189300,7495,7495.25,7492.25,7493.5,1220
1782189600,7493.25,7493.75,7490.5,7492,1657
1782189900,7492.25,7493.25,7490.75,7491,1124
1782190200,7491,7491.5,7484.25,7485.75,2646
1782190500,7485.75,7485.75,7481.75,7483.25,1898
1782190800,7483.5,7487.25,7483,7487.25,1738
1782191100,7486.75,7487.75,7482.75,7483.75,1377
1782191400,7483.5,7488.25,7483,7483.25,1833
1782191700,7483.25,7484.5,7480.5,7481.25,1607
1782192000,7481,7484.25,7479.5,7480.25,1861
1782192300,7480.5,7481,7474.25,7477,3468
1782192600,7477,7477.5,7472,7473.75,3736
1782192900,7473.75,7474.75,7467.25,7470,3317
1782193200,7470.25,7474,7467.25,7473.25,3163
1782193500,7473.5,7476,7471.25,7474.25,2335
1782193800,7474.25,7476,7470.75,7471.5,1862
1782194100,7471.25,7472,7465.5,7468.5,2613
1782194400,7468.75,7472.25,7466.25,7470.5,2664
1782194700,7470.5,7472.25,7462.5,7464.5,3113
1782195000,7464.75,7466.25,7463,7465.75,1954
1782195300,7466,7468.5,7461.5,7462.75,2744
1782195600,7462.75,7463,7457.25,7458.75,3455
1782195900,7459,7459.5,7451,7454.75,4558
1782196200,7454.5,7458.75,7452.75,7456,2450
1782196500,7455.75,7457,7453,7454.25,1990
1782196800,7454.5,7457.5,7448,7450.5,2971
1782197100,7450.75,7455.75,7449.25,7452,2920
1782197400,7452.25,7453.5,7448.75,7450.5,1192
1782197700,7450.5,7452,7444.5,7447,2279
1782198000,7447,7448.75,7442.25,7447,3757
1782198300,7447.5,7455.5,7446.25,7454.75,3741
1782198600,7454.5,7455.5,7451,7452,2184
1782198900,7452,7453.25,7445.75,7447,1764
1782199200,7446.5,7449.75,7442.5,7443.75,2068
1782199500,7443.75,7447,7440.5,7446.25,2148
1782199800,7446.5,7446.75,7437.25,7445,3104
1782200100,7445,7446,7439.5,7445.5,2321
1782200400,7445.5,7447.5,7437.75,7439.5,2471
1782200700,7439.5,7441.25,7435.75,7438.25,2505
1782201000,7438.5,7438.75,7433.25,7435.75,2569
1782201300,7436.25,7436.5,7428.5,7434,4060
1782201600,7433.75,7434.75,7421.75,7426.75,7151
1782201900,7427,7435.25,7427,7434,3747
1782202200,7434,7435,7429.25,7429.75,3399
1782202500,7429.5,7430.75,7424.75,7424.75,4143
1782202800,7425,7428.5,7421.5,7425.25,3598
1782203100,7425.25,7427.25,7422.5,7424.5,2933
1782203400,7424.5,7433,7424.25,7432,3390
1782203700,7432.25,7435,7430.5,7431.75,2588
1782204000,7432,7438.5,7431.75,7434.5,2907
1782204300,7434.5,7434.5,7423.5,7427.25,3150
1782204600,7427,7431,7424.75,7430.25,2588
1782204900,7430.25,7432,7428,7430.5,2014
1782205200,7430.5,7436.5,7429.5,7434.75,2929
1782205500,7434.5,7438,7431.75,7432.75,2189
1782205800,7432.5,7439.25,7431.25,7438.25,2538
1782206100,7438,7439,7434.75,7438.5,1608
1782206400,7438.5,7445,7437.75,7444,2900
1782206700,7444,7446,7441.25,7445,2471
1782207000,7445,7445.5,7440.25,7441,1886
1782207300,7441.5,7443,7439.25,7439.75,1502
1782207600,7439.75,7442.5,7438.25,7440,1517
1782207900,7440,7443.5,7438,7443.25,1489
1782208200,7443.25,7445.5,7441,7444,1315
1782208500,7444.25,7446,7442.75,7444.25,1641
1782208800,7444.25,7449.5,7443.25,7447.75,2518
1782209100,7447.75,7448.25,7442.5,7444.25,1750
1782209400,7444,7444.75,7440.75,7442.5,1252
1782209700,7442.5,7446.75,7441.75,7446.25,1952
1782210000,7446.5,7449.5,7443.75,7444.25,2612
1782210300,7444.25,7444.25,7439.25,7439.75,1615
1782210600,7439.75,7440.25,7433.25,7433.75,4071
1782210900,7434,7435.75,7430,7432.75,2760
1782211200,7432.5,7433.25,7426.25,7431.5,2915
1782211500,7431.25,7436.5,7431.25,7433.25,2396
1782211800,7433.5,7435.5,7430.5,7434.75,2017
1782212100,7435,7438,7433.5,7436.75,1747
1782212400,7436.75,7441.5,7434.5,7434.75,3442
1782212700,7434.75,7438,7432.5,7435.5,2034
1782213000,7435.75,7443,7435.75,7442.75,1772
1782213300,7442.5,7442.75,7438.5,7441.25,1718
1782213600,7441.25,7448.25,7436,7442.5,5414
1782213900,7442.5,7443.75,7437.75,7440.25,2368
1782214200,7440,7444.5,7438.25,7442,1763
1782214500,7442.5,7446,7438.5,7444.75,2419
1782214800,7444.5,7449.5,7444.5,7449,2485
1782215100,7449,7450.75,7446,7448.5,2813
1782215400,7448.25,7453,7446.25,7453,3136
1782215700,7453,7453.75,7450,7450.75,2830
1782216000,7450.75,7454.5,7449,7451.75,3040
1782216300,7452,7452,7447.25,7448.75,2372
1782216600,7449,7451.25,7444.25,7446.75,3523
1782216900,7446.75,7447.5,7440.25,7443.5,3177
1782217200,7443.5,7443.5,7436.25,7437.5,3555
1782217500,7437.5,7438.5,7432.75,7437.5,3659
1782217800,7437.5,7440.5,7427.75,7427.75,5252
1782218100,7428,7432.75,7427.5,7431.5,3981
1782218400,7431.25,7436.75,7430.75,7433.25,3973
1782218700,7433.25,7435.25,7429.75,7432.25,3353
1782219000,7432.25,7435.25,7430.25,7430.25,2595
1782219300,7430,7434.5,7429.75,7432.5,2267
1782219600,7432.5,7434.25,7430,7433,3514
1782219900,7433.25,7434.5,7431,7432.5,2483
1782220200,7432.5,7436.25,7429,7434,4440
1782220500,7433.75,7434,7427.5,7430.5,4099
1782220800,7430.5,7432.75,7428.75,7430.75,3327
1782221100,7430.5,7430.5,7423.75,7429.5,10234
1782221400,7429.5,7434.5,7415,7432.5,49932
1782221700,7432.25,7439.25,7416.75,7436.75,40320
1782222000,7437,7446.75,7430.75,7442.5,27090
1782222300,7442,7463.5,7436,7457.75,32699
1782222600,7457.75,7465.75,7457.25,7460,22246
1782222900,7459.75,7466.25,7454.75,7465.25,25291
1782223200,7465.5,7478,7463.75,7474.5,28796
1782223500,7474.75,7480.75,7470.75,7479,21613
1782223800,7478.75,7485.25,7476.25,7484,24663
1782224100,7483.75,7487.5,7480,7486.25,17863
1782224400,7486.25,7491.25,7479.5,7483,22281
1782224700,7483,7484.75,7475.75,7483.75,21715
1782225000,7483.75,7486,7472.25,7476,20551
1782225300,7476,7482.75,7470,7470.5,22556
1782225600,7470.5,7476.25,7466,7468.25,24433
1782225900,7468.5,7470.25,7461.25,7467.5,20511
1782226200,7468,7474,7462,7466,22187
1782226500,7466,7467.75,7459.75,7464.75,17391
1782226800,7464.75,7468.75,7458.5,7459.75,20562
1782227100,7459.75,7461.5,7450.5,7453.75,19381
1782227400,7454.25,7457,7451,7455.5,13271
1782227700,7455.5,7457,7445.75,7446.5,15306
1782228000,7446.5,7449.75,7439.75,7440,13795
1782228300,7440,7443,7436.25,7440,17049
1782228600,7439.75,7446.75,7438,7443.5,15479
1782228900,7443.75,7449.5,7436.75,7438.75,15444
1782229200,7438.75,7445.75,7435.75,7444.25,12654
1782229500,7444,7449.5,7441.75,7444.75,11950
1782229800,7444.75,7456.5,7443.25,7452.75,14055
1782230100,7453,7455.75,7447.25,7453.75,10497
1782230400,7454,7462,7452.75,7461.25,10648
1782230700,7461,7467,7459.5,7466.25,12158
1782231000,7466.25,7471.5,7466.25,7469.25,9552
1782231300,7469.5,7471,7464,7465,8705
1782231600,7465,7469.5,7460.5,7468.25,9138
1782231900,7468,7470.5,7465.25,7469,6537
1782232200,7469,7470,7464.5,7466,6286
1782232500,7466,7470.75,7465,7470.25,5418
1782232800,7470.25,7475.25,7470.25,7474,8386
1782233100,7474,7474.75,7466.25,7469,7867
1782233400,7469,7469.25,7464.5,7468.75,7210
1782233700,7468.5,7471.75,7465.25,7469.5,7283
1782234000,7469.75,7470.25,7461.5,7462.75,7739
1782234300,7462.75,7465.5,7460.5,7464.75,7092
1782234600,7464.75,7473,7464.5,7468.75,9220
1782234900,7469.25,7471.25,7464.75,7466.75,6738
1782235200,7466.75,7476.5,7466,7474.5,9171
1782235500,7474.25,7475,7470.25,7471,5955
1782235800,7471,7473.25,7466.75,7473.25,7135
1782236100,7473.25,7476,7470.25,7471.25,5650
1782236400,7471,7472.5,7466.25,7467.25,4801
1782236700,7467.25,7470.5,7466,7468.5,5327
1782237000,7468.5,7469,7455.5,7456.25,10043
1782237300,7456.25,7457.75,7452.75,7453,10108
1782237600,7453.25,7461.25,7451.75,7456,11741
1782237900,7456.25,7457,7449,7453.25,8250
1782238200,7453.25,7455.75,7452.5,7453.75,6206
1782238500,7453.5,7456,7450.25,7451.25,5784
1782238800,7451.5,7454.75,7447.75,7452.75,7408
1782239100,7453,7453,7448.5,7449.75,5725
1782239400,7449.5,7451,7446.5,7447,5657
1782239700,7446.75,7448.5,7444.25,7445,5761
1782240000,7445,7445,7433,7433.5,12517
1782240300,7433.75,7436,7430.25,7435.5,12998
1782240600,7435.5,7441,7428.75,7432.75,13698
1782240900,7432.75,7438.5,7429.25,7436.25,11744
1782241200,7436,7446.5,7433.75,7446,13429
1782241500,7445.75,7452.25,7438.25,7440.75,16211
1782241800,7440.75,7444.75,7438,7441,9526
1782242100,7441,7442.5,7434,7434.25,9239
1782242400,7434.5,7448.5,7433.25,7444.75,14481
1782242700,7444.75,7449.75,7442.5,7447,12183
1782243000,7447,7449,7440.25,7447,12286
1782243300,7447,7448.5,7442.75,7443,10523
1782243600,7443,7444.25,7438,7442.25,11357
1782243900,7442.25,7444.75,7436.25,7444.25,14996
1782244200,7444.25,7453,7442.25,7452.5,20465
1782244500,7452.5,7452.5,7432.75,7434.75,32848
1782244800,7435,7437.25,7431.75,7436,9685
1782245100,7435.75,7442.25,7435.5,7439.75,3161
1782245400,7439.5,7441.25,7438,7438.75,2302
1782245700,7438.75,7439.5,7435.25,7437.75,1837
1782246000,7437.75,7440.75,7437,7440.25,1101
1782246300,7440.25,7442,7439.25,7440.75,1287
1782246600,7440.5,7443,7439.25,7442.25,1241
1782246900,7442,7443,7439.5,7439.75,957
1782247200,7439.75,7441.5,7438.25,7440.5,1065
1782247500,7440.5,7441.75,7439.75,7440,939
1782247800,7440.25,7441.5,7439.5,7441.25,745
1782248100,7441,7447,7440.75,7445.5,1657
1782252000,7449,7451,7443.5,7446.25,3414
1782252300,7446,7450.75,7444.5,7449.75,1306
1782252600,7450,7452.25,7448.75,7449,1195
1782252900,7449,7452,7446,7447.75,1561
1782253200,7447.75,7448.75,7438.25,7438.5,2416
1782253500,7438.5,7440,7436.5,7436.75,2117
1782253800,7437,7440.75,7432.5,7433.75,2689
1782254100,7433.5,7434.75,7431,7433.5,2473
1782254400,7433.75,7434.5,7429,7430.5,2167
1782254700,7430.75,7434.25,7430.25,7434.25,1384
1782255000,7434,7435.5,7432,7434.25,1629
1782255300,7434,7436.25,7433.75,7434.75,1308
1782255600,7435,7435.5,7428,7428.75,2231
1782255900,7429,7429.25,7420.25,7426.5,4984
1782256200,7426.5,7434.5,7425.75,7433,3157
1782256500,7433.25,7436,7432.25,7434.25,1708
1782256800,7434.5,7437.5,7433.5,7437.25,1280
1782257100,7437.5,7438.25,7435,7435.75,1323
1782257400,7436,7437,7430.5,7430.75,1959
1782257700,7430.75,7431.75,7427.5,7428.5,2106
1782258000,7428.5,7433.75,7427.5,7433.75,1864
1782258300,7433.5,7451,7433.25,7446.75,7458
1782258600,7447,7448.75,7444.25,7445,2680
1782258900,7445,7447.5,7444.25,7447,1753
1782259200,7446.75,7455.5,7444.75,7445.75,5469
1782259500,7445.25,7456.75,7443.25,7455,4825
1782259800,7455,7460,7451.75,7454.25,4298
1782260100,7454,7458.75,7453,7456.5,3438
1782260400,7456.25,7456.5,7449.25,7450,3155
1782260700,7450,7455,7448.5,7455,2383
1782261000,7454.75,7458.25,7453,7456.75,2687
1782261300,7456.75,7458.25,7453.25,7456,2312
1782261600,7456,7458.5,7453.75,7456,1731
1782261900,7456.5,7458.25,7453.5,7455,1957
1782262200,7454.75,7457,7451.25,7452,1972
1782262500,7452,7453.75,7448.75,7453.5,2228
1782262800,7453.75,7454.5,7446,7447.25,3106
1782263100,7447.25,7453.5,7446,7447.75,3137
1782263400,7447.75,7452,7447,7451.75,1549
1782263700,7452,7452,7442.75,7444,2604
1782264000,7444.25,7451.5,7442.5,7451,2339
1782264300,7451,7452.75,7448.5,7450.75,1598
1782264600,7450.75,7453,7450,7451.75,1600
1782264900,7451.5,7451.5,7448,7450.25,1437
1782265200,7450.25,7454.25,7448.75,7452,1922
1782265500,7452,7453.25,7448.75,7450.5,1262
1782265800,7450,7454.25,7449.25,7454,1501
1782266100,7453.75,7453.75,7449.5,7451.25,1427
1782266400,7451.25,7453.25,7449.25,7451.5,1496
1782266700,7451.75,7451.75,7447.25,7451,1385
1782267000,7451.25,7453.25,7449.75,7451.25,1054
1782267300,7451,7451.5,7445.75,7448.75,1439
1782267600,7448.75,7449.5,7442.75,7444.5,1306
1782267900,7444.5,7448.75,7444.5,7448,1042
1782268200,7448,7450.5,7446,7446,1048
1782268500,7446.25,7446.75,7438.75,7441.25,2519
1782268800,7441.25,7444,7439,7440.25,2047
1782269100,7440.25,7441.25,7434.25,7436.25,2146
1782269400,7436,7436.5,7432.25,7433.75,1701
1782269700,7434.25,7435.5,7429.75,7430,1822
1782270000,7430,7434.75,7429.25,7430,2851
1782270300,7430,7436.75,7427,7435.5,2812
1782270600,7435.75,7446.25,7435.5,7444.75,2839
1782270900,7445,7445,7438,7438.25,1966
1782271200,7438.5,7440.75,7436.25,7437.5,1629
1782271500,7437.75,7448.25,7437.75,7448.25,2204
1782271800,7448,7451,7447,7449,2360
1782272100,7449.25,7452,7446,7447.75,2238
1782272400,7447.5,7450,7445.75,7447.5,1272
1782272700,7447.5,7448.25,7444.5,7445,924
1782273000,7445,7447.5,7443.25,7445.25,1345
1782273300,7445.25,7448.5,7444,7447.75,885
1782273600,7448,7448.5,7441.25,7441.5,1171
1782273900,7441.5,7443,7439.25,7441.5,1595
1782274200,7441.5,7443,7438,7439.75,945
1782274500,7440,7441.75,7436.25,7436.5,1007
1782274800,7436.5,7438.75,7434.75,7435.75,1527
1782275100,7435.75,7438.75,7435.75,7437,874
1782275400,7437,7444.5,7437,7443.75,1756
1782275700,7444,7449,7442,7448,1526
1782276000,7448.25,7450.75,7447,7448.5,1142
1782276300,7448.25,7450.5,7447.5,7449.75,1128
1782276600,7449.75,7451.25,7448.25,7449.5,1074
1782276900,7449.5,7451.5,7448.25,7449.5,806
1782277200,7449.5,7451.5,7448.25,7451,1297
1782277500,7450.75,7452.25,7447.25,7451.75,1700
1782277800,7452,7453.25,7450.25,7451.25,1170
1782278100,7451.5,7456,7450,7455.75,1553
1782278400,7455.75,7456.75,7453.75,7456.75,1215
1782278700,7456.5,7457.5,7453.75,7454.25,817
1782279000,7454.25,7457.75,7453.5,7454,998
1782279300,7454.5,7459.5,7454.25,7458.5,1125
1782279600,7458.75,7458.75,7453.25,7454,966
1782279900,7454,7455.25,7451.5,7452.25,975
1782280200,7452.25,7452.5,7449.75,7450.5,578
1782280500,7450.25,7452,7449.5,7450.5,542
1782280800,7450.25,7450.5,7445.75,7446.25,1323
1782281100,7446.25,7450.25,7446,7450,840
1782281400,7449.75,7453.5,7449.75,7452,1080
1782281700,7451.75,7452.75,7447.5,7448.5,712
1782282000,7448.5,7448.5,7445,7447.5,1048
1782282300,7447.25,7448.75,7445.25,7447.25,1051
1782282600,7447.5,7451.5,7446.75,7451.25,1067
1782282900,7451.25,7454,7450,7450.25,1206
1782283200,7450,7451.25,7449.25,7450.25,712
1782283500,7450,7450.25,7448,7449,781
1782283800,7449.25,7451.75,7449,7450.5,499
1782284100,7450.25,7451.25,7448.5,7449,539
1782284400,7449,7450.75,7442.5,7446,1981
1782284700,7446,7449.75,7443.5,7446.5,1421
1782285000,7446.75,7450,7446,7448,991
1782285300,7448,7449.5,7445,7446.5,1123
1782285600,7446.5,7450.5,7444.75,7448.25,793
1782285900,7448.25,7448.25,7444.25,7444.5,1102
1782286200,7444.5,7448,7444.25,7446.25,1018
1782286500,7446.25,7446.5,7439.5,7444.5,1874
1782286800,7444.75,7451,7443,7450.25,1816
1782287100,7450,7452.75,7449.5,7451.5,1271
1782287400,7451.75,7451.75,7444.5,7446,1498
1782287700,7446.25,7447.75,7441.75,7443,1138
1782288000,7443,7450.75,7442.25,7450.75,1725
1782288300,7450.25,7452.5,7447.75,7448.5,1536
1782288600,7448.75,7452.5,7446.75,7452,1263
1782288900,7451.75,7453.25,7447.75,7448.5,1235
1782289200,7448.25,7449.75,7446.75,7447.75,1214
1782289500,7447.75,7448.5,7445.75,7448.5,849
1782289800,7448.25,7453.25,7447,7450.75,1343
1782290100,7450.75,7451.75,7447,7447.5,977
1782290400,7447.5,7450,7447,7449,670
1782290700,7448.75,7449.25,7445,7445,922
1782291000,7445,7447.5,7445,7447,612
1782291300,7447,7448,7445.75,7447.5,508
1782291600,7447.5,7449.5,7444.25,7445,1326
1782291900,7445.25,7448.25,7444.25,7447,774
1782292200,7447,7452.25,7446,7451.25,987
1782292500,7451.25,7451.75,7443.25,7446.75,1316
1782292800,7446.75,7449,7445.75,7448,733
1782293100,7448,7450,7446,7447,902
1782293400,7446.75,7448.5,7445.5,7447.5,941
1782293700,7447.25,7447.5,7444,7444.5,801
1782294000,7444.25,7444.5,7440.75,7441.5,1184
1782294300,7441.25,7444.75,7439.25,7444.25,1714
1782294600,7444,7448.75,7444,7446.25,982
1782294900,7446.25,7448.25,7446,7447.75,592
1782295200,7447.75,7448,7442.25,7445.25,1721
1782295500,7445.5,7447.75,7444.25,7445.75,1059
1782295800,7445.75,7448,7443.5,7447.75,810
1782296100,7447,7450.25,7447,7448,1256
1782296400,7448.25,7449.5,7447.25,7447.75,857
1782296700,7447.5,7450.5,7447,7450.5,578
1782297000,7450.25,7453.25,7449.75,7452.75,1318
1782297300,7452.75,7453.75,7452,7452.25,886
1782297600,7452,7458.25,7451.5,7455.25,2407
1782297900,7455.25,7455.75,7452.25,7453,1558
1782298200,7452.75,7452.75,7448.25,7449.25,1200
1782298500,7449.5,7450.5,7447.5,7448.75,1792
1782298800,7449,7455.75,7448.5,7453.25,2189
1782299100,7453.5,7454,7449,7449.5,1068
1782299400,7449.5,7451,7447.75,7448,1048
1782299700,7448,7449,7445.75,7446.25,1612
1782300000,7446.5,7449.25,7443.75,7448.75,1459
1782300300,7449,7449.25,7446.5,7447.5,1135
1782300600,7447.75,7452.75,7447.75,7451.25,1715
1782300900,7451.5,7459.5,7451.5,7456.25,3139
1782301200,7456,7456.75,7453.75,7455.25,1207
1782301500,7455.25,7464.25,7454.5,7463.25,2773
1782301800,7463.25,7465,7460.75,7463.75,3542
1782302100,7463.75,7464,7460.25,7463.75,2505
1782302400,7463.75,7464.75,7458.25,7462,3681
1782302700,7462,7463,7458.25,7460.5,2030
1782303000,7460.25,7462.75,7458.5,7460.25,1781
1782303300,7460.5,7465.5,7457,7465.5,2794
1782303600,7465.5,7466.75,7462.75,7464.25,2723
1782303900,7464.25,7467,7462.25,7465,2461
1782304200,7464.75,7467,7459.25,7459.5,2136
1782304500,7459.5,7460,7455,7457,2805
1782304800,7457,7457.25,7452.75,7454.25,2072
1782305100,7454,7455.5,7450.5,7451.75,2163
1782305400,7451.75,7451.75,7449,7450.5,2068
1782305700,7450.5,7451.25,7448,7450.5,3400
1782306000,7450.5,7455.75,7449,7449.75,6872
1782306300,7449.75,7452,7445.25,7447,5128
1782306600,7446.75,7447.5,7441.75,7442.75,4452
1782306900,7443,7447.25,7442,7446.75,3742
1782307200,7446.75,7449.25,7439,7445.5,7674
1782307500,7445.75,7449.5,7443.5,7447.25,7436
1782307800,7447,7466.75,7438,7463.5,43555
1782308100,7463.5,7468.25,7456.25,7458.5,25234
1782308400,7458.5,7460.5,7442.25,7452.75,29570
1782308700,7452.5,7457.75,7437,7450.25,35770
1782309000,7450.25,7472.5,7449.5,7468.5,32880
1782309300,7468.5,7468.75,7453.5,7454.5,24386
1782309600,7454.75,7459,7447.75,7450.5,24462
1782309900,7450.5,7460.75,7447.75,7453,27385
1782310200,7453,7457.75,7446.5,7451.5,22081
1782310500,7451.25,7455,7442.5,7444,18560
1782310800,7444.25,7460.25,7436.5,7458.5,30284
1782311100,7458.5,7466,7455.25,7461,20427
1782311400,7461,7469.25,7460.75,7465.5,15806
1782311700,7465.5,7468,7458.25,7458.75,14238
1782312000,7459,7473.5,7457.5,7472.75,19643
1782312300,7472.75,7486,7471.75,7479.5,24746
1782312600,7479.75,7487.5,7479.75,7480.75,15044
1782312900,7481,7494.25,7478,7493.5,19800
1782313200,7493.5,7496.5,7488,7490,18978
1782313500,7490,7491,7479.25,7481.25,15799
1782313800,7481.25,7485.25,7476.25,7482,16991
1782314100,7481.75,7491,7480.25,7488.75,14083
1782314400,7489,7490.75,7483.5,7484,11531
1782314700,7484,7493.75,7478.25,7493.75,15379
1782315000,7493.5,7496.5,7486,7489.25,15959
1782315300,7489.25,7492.5,7483,7485.5,12193
1782315600,7485.5,7487.75,7478.25,7481.25,13062
1782315900,7481.5,7483.75,7474.5,7483.25,17579
1782316200,7483.25,7489.75,7483.25,7485,13458
1782316500,7485,7487.25,7478,7480.25,10557
1782316800,7480.25,7483.25,7475.75,7477.75,10244
1782317100,7477.5,7481.25,7474.5,7478.25,10430
1782317400,7478,7485.5,7476,7481.25,10678
1782317700,7481.5,7485,7478,7480,7324
1782318000,7480,7484.5,7476.75,7483,8041
1782318300,7483.25,7483.25,7476.5,7477.5,7764
1782318600,7477.5,7477.75,7471.5,7473.25,11576
1782318900,7473,7476,7461.25,7461.5,17105
1782319200,7461.5,7462.25,7455,7459.75,20245
1782319500,7459.5,7461.75,7455.5,7459.25,11085
1782319800,7459.5,7464.5,7454,7454,11931
1782320100,7454.25,7456.25,7450.5,7452.75,10916
1782320400,7453.25,7461,7451,7460.25,9030
1782320700,7460.25,7460.75,7442.5,7445.75,15494
1782321000,7445.75,7450,7442,7444,12881
1782321300,7444,7447.75,7431,7433.75,20967
1782321600,7433.75,7434,7425.75,7426.75,18829
1782321900,7426.75,7428,7415.75,7416.75,20760
1782322200,7416.75,7422.25,7407.75,7418.5,28739
1782322500,7418.5,7424.75,7412,7420.25,19629
1782322800,7420.25,7423.75,7413.25,7414.75,14774
1782323100,7414.75,7422,7410.25,7420,15959
1782323400,7420.25,7421.75,7416.25,7421.25,12130
1782323700,7421.25,7427.25,7412.5,7414,18584
1782324000,7414.25,7425.25,7413,7421.5,16636
1782324300,7421.5,7429.5,7421.25,7426,15025
1782324600,7426,7427.5,7421.25,7424.75,11411
1782324900,7424.75,7435.75,7424.5,7433.75,17169
1782325200,7433.75,7439.75,7431.75,7439.5,9358
1782325500,7439.5,7443.25,7437.75,7440,10682
1782325800,7440,7442.5,7436.25,7439,8964
1782326100,7439.25,7439.75,7431.5,7432.75,9607
1782326400,7432.75,7434.5,7424.75,7429.25,11366
1782326700,7429,7429.25,7410.75,7414.25,13299
1782327000,7414,7418.25,7408.25,7417.5,15510
1782327300,7417.5,7424.5,7412.5,7415.5,11574
1782327600,7415.5,7425.25,7409.5,7422.25,14017
1782327900,7422.25,7422.25,7404.75,7409.25,16964
1782328200,7409.25,7413.25,7404,7412.25,12119
1782328500,7412.25,7413.25,7407.75,7412,8604
1782328800,7412,7414.75,7408.5,7414.75,9054
1782329100,7414.5,7419.5,7414,7416.25,9511
1782329400,7416.25,7418.75,7411.5,7413.25,9962
1782329700,7413.5,7416,7410,7414,7938
1782330000,7414,7417.25,7405.25,7411,9680
1782330300,7411,7418.75,7410.5,7417,10832
1782330600,7417,7427.5,7411,7426.75,20057
1782330900,7426.75,7431.5,7417.75,7428.25,20784
1782331200,7428,7451.25,7421.25,7450.5,13994
1782331500,7450.5,7465,7449.75,7459.75,9844
1782331800,7459.75,7464.5,7457,7463.5,5614
1782332100,7463.75,7465,7460.75,7462.75,3024
1782332400,7462.75,7473.25,7462.75,7472.75,4355
1782332700,7472.75,7474,7469.25,7470.75,3002
1782333000,7470.25,7475,7468,7468,2989
1782333300,7468,7473.25,7467.75,7473.25,1841
1782333600,7473.25,7480,7472.25,7479.5,3115
1782333900,7479.25,7482.25,7477,7479,3078
1782334200,7479.25,7479.5,7475.25,7477.25,2181
1782334500,7477.75,7479,7474.5,7477.25,1890
1782338400,7477.25,7486.75,7476,7477.75,4283
1782338700,7477.5,7478.25,7472.5,7474.25,2151
1782339000,7474.25,7477.25,7472.25,7473,1497
1782339300,7473,7473.25,7470.5,7471.25,1334
1782339600,7471.25,7475.25,7470.25,7471,1608
1782339900,7471,7472,7468.25,7468.25,1774
1782340200,7468.5,7471.25,7468,7469.75,1419
1782340500,7469.75,7470.5,7468,7468.5,1007
1782340800,7468.5,7471.5,7467.25,7470.75,1393
1782341100,7470.75,7471,7466.5,7466.75,1116
1782341400,7466.75,7469.5,7466.75,7467.5,785
1782341700,7467.5,7467.75,7465.75,7466.5,690
1782342000,7466.5,7468.25,7465,7467.5,974
1782342300,7467.25,7468.25,7466.25,7467,685
1782342600,7467.25,7468.5,7464,7465.25,1156
1782342900,7465,7465.5,7464,7464.5,655
1782343200,7464.5,7468.75,7464.25,7468.5,1211
1782343500,7468,7471,7468,7468.5,1243
1782343800,7468.5,7471.5,7468,7471.5,750
1782344100,7471,7475.5,7470.75,7473.75,1760
1782344400,7474,7475.5,7472.75,7474.25,1107
1782344700,7474.25,7478.75,7471.25,7472.5,2747
1782345000,7472.75,7473.25,7469.5,7473.25,1342
1782345300,7473.25,7474,7470.25,7471.75,1191
1782345600,7471.75,7473,7465.5,7467.25,2463
1782345900,7467,7470,7464.75,7469,2205
1782346200,7469,7473.25,7467,7470.75,2132
1782346500,7471,7472.25,7467.75,7469.25,1365
1782346800,7469.25,7471.25,7467.5,7468.5,1070
1782347100,7468.5,7468.5,7464.5,7466,1644
1782347400,7466,7467,7460.25,7461.25,2759
1782347700,7461.25,7462.25,7459,7460,1772
1782348000,7459.75,7460.25,7454,7457,2512
1782348300,7457,7458.75,7453.5,7454.5,1949
1782348600,7454.25,7460.5,7454,7459.25,2115
1782348900,7459.25,7459.5,7453,7455,1877
1782349200,7455,7459.25,7452.75,7453,2211
1782349500,7452.75,7455.75,7452,7454.75,1627
1782349800,7455,7457,7454.25,7456,1332
1782350100,7455.75,7458.25,7454,7457.75,1693
1782350400,7458,7460,7457.25,7458.25,1257
1782350700,7458,7459.25,7455.75,7456.25,1138
1782351000,7456.5,7461.25,7456,7461,1457
1782351300,7460.75,7466.5,7460.5,7464,2782
1782351600,7463.75,7464.5,7460,7461,1782
1782351900,7460.75,7462.75,7459.5,7462.5,1083
1782352200,7462.75,7464.5,7460.75,7463.75,1400
1782352500,7464,7465.25,7460,7460,1360
1782352800,7460,7464.25,7458.5,7463.25,1486
1782353100,7463.25,7464.75,7459.75,7461.25,1352
1782353400,7461,7461.25,7454,7455,2397
1782353700,7455.5,7459.75,7452.75,7459.25,1874
1782354000,7459.5,7463,7458.25,7459.75,1483
1782354300,7459.25,7462.5,7458.25,7461.5,752
1782354600,7461.25,7462.75,7459.75,7462.25,639
1782354900,7461.75,7463.5,7460.75,7461.5,711
1782355200,7461.75,7462.25,7458.5,7459.75,863
1782355500,7459.75,7461,7458.5,7460.25,593
1782355800,7460.25,7461.75,7458.75,7461.5,457
1782356100,7461.5,7464,7460.5,7463.5,720
1782356400,7463.75,7467,7462.5,7465.5,1487
1782356700,7465.75,7467.25,7463.75,7463.75,771
1782357000,7464,7465,7462.5,7464.25,659
1782357300,7464,7467,7460.25,7466.75,1603
1782357600,7466.5,7468.25,7465.75,7467.25,844
1782357900,7467.5,7467.5,7465.5,7466.5,532
1782358200,7466.5,7469.25,7466,7466.75,1299
1782358500,7466.75,7466.75,7464.5,7466.25,694
1782358800,7465.75,7466.5,7463.75,7465,624
1782359100,7465,7467.75,7464,7467,518
1782359400,7467.25,7469.25,7465.75,7468.5,687
1782359700,7468.75,7469.75,7468,7469.25,597
1782360000,7469.5,7469.75,7467,7467.5,558
1782360300,7467.5,7468,7466.25,7467.5,398
1782360600,7467.5,7468,7465.25,7465.25,503
1782360900,7465.25,7466.25,7462.25,7464.25,1163
1782361200,7464.5,7467,7464.25,7465,619
1782361500,7464.75,7465.25,7463.5,7463.75,415
1782361800,7464.25,7464.25,7460,7461.25,997
1782362100,7461.25,7464.5,7459.75,7463.75,725
1782362400,7463.75,7466.75,7462.25,7466.5,652
1782362700,7466.75,7467.5,7465.5,7465.75,913
1782363000,7466,7467.75,7466,7466.5,382
1782363300,7466.5,7466.75,7463,7464.25,745
1782363600,7464.25,7468.25,7464,7467.75,779
1782363900,7467.75,7470.5,7467.75,7469.75,969
1782364200,7469.75,7470,7468.25,7469.75,585
1782364500,7469.75,7470.75,7468.5,7469,559
1782364800,7469,7472.5,7468.5,7471.75,882
1782365100,7471.5,7474.25,7471.25,7473.5,776
1782365400,7473.25,7475,7472.25,7474.75,737
1782365700,7474.75,7475.25,7472.75,7473.5,790
1782366000,7473.75,7476.5,7473.5,7474.5,936
1782366300,7474.5,7474.75,7471.5,7472.25,693
1782366600,7472.5,7473.75,7471.25,7472,658
1782366900,7472,7472.75,7470.5,7472,758
1782367200,7472,7475.25,7472,7472.5,957
1782367500,7472.25,7475.25,7471,7474.25,1275
1782367800,7474.25,7478.75,7474,7477.25,1187
1782368100,7477.5,7480.5,7476.75,7480,1490
1782368400,7479.75,7481.5,7478.75,7480.5,970
1782368700,7480.5,7482,7479.25,7480,1259
1782369000,7480,7481.25,7479,7481,1099
1782369300,7481.25,7482,7479.25,7480.25,710
1782369600,7480,7480.75,7478,7479.25,572
1782369900,7479.5,7481.5,7478.5,7479.25,790
1782370200,7479,7480.25,7477,7477.25,753
1782370500,7477.25,7479.25,7477.25,7477.75,580
1782370800,7478,7481.75,7478,7481,1889
1782371100,7481.25,7484.25,7481.25,7482.75,1744
1782371400,7482.75,7483.5,7481,7481.75,847
1782371700,7481.75,7485.5,7481.5,7484.5,1163
1782372000,7484.75,7488.75,7484.75,7487.5,2031
1782372300,7487.5,7488.25,7485.5,7485.75,887
1782372600,7485.75,7487,7484.75,7486,811
1782372900,7485.75,7487.25,7483.25,7487.25,1102
1782373200,7487,7488.5,7486.5,7487,904
1782373500,7486.75,7487.25,7484.75,7485.5,872
1782373800,7485.75,7486.25,7484.75,7485,772
1782374100,7485.25,7488.25,7484.5,7488,761
1782374400,7488.25,7491.25,7485.5,7487.25,2412
1782374700,7487.25,7489.75,7487,7488.25,1444
1782375000,7488,7489.5,7483.75,7483.75,1300
1782375300,7483.75,7484,7480.25,7482.5,1608
1782375600,7483,7484,7481.25,7483,1242
1782375900,7482.75,7485.5,7482.25,7483.5,1302
1782376200,7483.5,7485.25,7482.25,7482.25,1080
1782376500,7482.25,7485.75,7482.25,7485,834
1782376800,7485,7485,7481,7481.25,1025
1782377100,7481.25,7482.25,7478.75,7480.75,1747
1782377400,7480.75,7481,7476.75,7478.25,1238
1782377700,7478.25,7479,7475.75,7476.75,1248
1782378000,7477,7480.5,7476,7480.25,1447
1782378300,7480,7482.5,7479.75,7480,1095
1782378600,7479.75,7482.5,7479.25,7480.25,962
1782378900,7480,7482,7476.75,7477.25,1367
1782379200,7477,7479,7476.5,7478.75,961
1782379500,7478.5,7480,7477,7478.75,1067
1782379800,7478.75,7481.75,7478.5,7480.5,1171
1782380100,7480.5,7483,7480,7482.25,733
1782380400,7482.25,7482.5,7480.75,7481.5,675
1782380700,7481.75,7482.25,7480.75,7482,683
1782381000,7482,7484.5,7481.5,7483.75,1209
1782381300,7484,7484,7479.75,7480.5,853
1782381600,7480.5,7482.5,7480,7482.5,905
1782381900,7482.75,7485,7482,7484.5,1068
1782382200,7484.5,7486,7483.5,7486,778
1782382500,7485.75,7486.75,7484.5,7485.5,852
1782382800,7485.5,7485.5,7483.5,7485,686
1782383100,7485,7486.5,7484.5,7485.75,728
1782383400,7486,7487,7484,7484.75,829
1782383700,7484.5,7487.5,7483.75,7485.25,919
1782384000,7485.5,7486.25,7481.75,7482.25,1172
1782384300,7482.25,7483.75,7480,7483.75,976
1782384600,7483.75,7486,7483.25,7484.75,689
1782384900,7484.75,7485.5,7481.75,7483.5,729
1782385200,7483.75,7487.25,7483.5,7485.5,1668
1782385500,7485.5,7485.75,7481,7482,1088
1782385800,7482,7482.75,7480.25,7480.25,1341
1782386100,7480.5,7481.25,7478.25,7479,1573
1782386400,7478.75,7479.25,7473.5,7474.25,2397
1782386700,7474,7475.5,7472.5,7473.75,1773
1782387000,7473.75,7476.5,7472.25,7475.25,1813
1782387300,7475.5,7477.75,7474.25,7476.75,1703
1782387600,7476.75,7479,7476,7477.5,1409
1782387900,7477.5,7480.25,7476.25,7476.75,1619
1782388200,7476.5,7478.5,7474.25,7474.5,1788
1782388500,7474.5,7477,7473,7475.75,2137
1782388800,7475.75,7477,7474.5,7476.75,1586
1782389100,7477,7482.75,7477,7480.75,2821
1782389400,7480.75,7481,7475,7476.75,2877
1782389700,7476.5,7478.75,7474.25,7476,2786
1782390000,7476,7476.5,7472.25,7475.25,2211
1782390300,7475.25,7476.5,7473.75,7474.5,1702
1782390600,7474.5,7496.25,7473.25,7489.5,12275
1782390900,7489.5,7492.5,7485.5,7487.75,5368
1782391200,7488,7489.75,7483.5,7485.25,3824
1782391500,7485.25,7492.75,7485,7489,3456
1782391800,7489,7490.25,7487.5,7489.5,2148
1782392100,7489.25,7489.5,7484.75,7486.75,2001
1782392400,7487,7489,7482.75,7483.75,3359
1782392700,7483.75,7484.75,7481.5,7482,3070
1782393000,7482,7484.25,7480.5,7483.75,3194
1782393300,7483.75,7483.75,7480,7481.75,2025
1782393600,7481.75,7483.25,7479.25,7481.5,2358
1782393900,7481.5,7488.25,7481.5,7485.75,7642
1782394200,7485.75,7490.5,7464.5,7469.75,40954
1782394500,7469.75,7477,7465.25,7466.25,25957
1782394800,7466.5,7468,7436.25,7439,40810
1782395100,7439,7444,7410.5,7424.25,64562
1782395400,7424.75,7432,7399.5,7401.75,56099
1782395700,7401.75,7407,7390,7393,57571
1782396000,7393.25,7430.25,7392.25,7427.75,55376
1782396300,7427.75,7445.75,7427.5,7444.75,42123
1782396600,7445,7454.5,7436.25,7437.25,37905
1782396900,7437,7453.25,7427.75,7452.25,41638
1782397200,7452,7462,7441,7446.25,39360
1782397500,7446.5,7455.75,7444.25,7450.75,29269
1782397800,7450.75,7467.75,7449.25,7460.5,33704
1782398100,7460.5,7465.5,7452.25,7463,24015
1782398400,7463.25,7464,7444.25,7450.75,24436
1782398700,7450.75,7463.25,7444,7460.5,24333
1782399000,7460.25,7475.5,7457,7474.5,26420
1782399300,7474.5,7474.75,7447.25,7449.25,32971
1782399600,7449.25,7459.5,7445.5,7458.75,22139
1782399900,7458.75,7462.25,7441.5,7444,27828
1782400200,7444,7445.75,7422.75,7426.25,28367
1782400500,7426.25,7435.25,7414.25,7433,32581
1782400800,7432.5,7444.75,7425.75,7441.25,22854
1782401100,7441.5,7445.25,7433.75,7439.25,16493
1782401400,7439.25,7451.5,7437.25,7438.25,19309
1782401700,7438.25,7446.25,7438,7438.25,13077
1782402000,7438.25,7445.5,7435.25,7443.75,13048
1782402300,7443.75,7454.5,7439,7440.5,14357
1782402600,7440.25,7446,7436.75,7442.5,10841
1782402900,7442.25,7446,7436,7437.5,9160
1782403200,7438,7440.5,7432.75,7438,12434
1782403500,7438,7450.5,7436,7449.75,13620
1782403800,7449.75,7458.25,7448.5,7453.5,14129
1782404100,7453.5,7459,7450.25,7451.25,11698
1782404400,7451.25,7453.75,7438.5,7440.75,12779
1782404700,7440.75,7442.5,7435.25,7437.5,9977
1782405000,7438,7438.25,7425,7429.25,15710
1782405300,7429.25,7431.5,7421.75,7422.75,13162
1782405600,7422.75,7425,7415.75,7417.75,12748
1782405900,7417.75,7424,7409.75,7423,18818
1782406200,7422.75,7425.75,7417.25,7422,12167
1782406500,7422.25,7422.5,7415.5,7420.5,9088
1782406800,7420.5,7425,7419.5,7419.75,6833
1782407100,7419.75,7423.5,7416.5,7421.75,6413
1782407400,7422,7432.75,7422,7427.25,12011
1782407700,7427.25,7438,7419.75,7419.75,13468
1782408000,7420.25,7426.25,7415.75,7424.25,11946
1782408300,7424.25,7431.75,7423.5,7427.75,9242
1782408600,7427.75,7430.5,7421,7424.25,7740
1782408900,7424.5,7430.75,7423.25,7428.25,7285
1782409200,7428.25,7433.25,7420.25,7421.75,8652
1782409500,7421.5,7421.75,7411.25,7413.5,10253
1782409800,7413.25,7423,7410.5,7420.5,9273
1782410100,7420.5,7431.25,7418,7429.5,11948
1782410400,7429.5,7430.75,7408.25,7414,18614
1782410700,7414.5,7431.25,7411.75,7429.5,13257
1782411000,7429.5,7435.5,7424,7427.5,11811
1782411300,7427.5,7449.5,7425,7443.75,16584
1782411600,7443.75,7447.75,7437.5,7444.75,12403
1782411900,7444.5,7456.75,7444.5,7454.25,11407
1782412200,7454.25,7454.5,7435,7435.75,14615
1782412500,7435.5,7442.75,7431.25,7440,14156
1782412800,7440,7441,7433.75,7434.75,8709
1782413100,7434.75,7434.75,7422.25,7431,13670
1782413400,7431,7439.75,7429.25,7432.5,10171
1782413700,7432.5,7436.5,7430.5,7434.25,7207
1782414000,7434.5,7434.75,7422.75,7425.25,8546
1782414300,7425.25,7428,7423,7426.25,7991
1782414600,7426.25,7427.75,7418.75,7419.5,9292
1782414900,7419.5,7422.25,7414.25,7418.25,11810
1782415200,7418.25,7422.75,7416,7422.5,9671
1782415500,7422.75,7424.75,7416.25,7419.5,9125
1782415800,7419.5,7421,7413.25,7417.5,9910
1782416100,7417.5,7417.5,7412.25,7416.75,7888
1782416400,7416.75,7419.25,7411.5,7415.75,8661
1782416700,7415.5,7416.5,7409.5,7413.5,11951
1782417000,7413.25,7422.25,7408.75,7421.25,18049
1782417300,7421.5,7430,7414.5,7428.75,24832
1782417600,7428.5,7452,7427.75,7440.5,18482
1782417900,7440.5,7443.75,7438,7438.5,3720
1782418200,7438.25,7438.5,7436.25,7438.25,1489
1782418500,7438.25,7447.5,7437.75,7446.5,3598
1782418800,7447,7454,7445.75,7448.5,3096
1782419100,7448.5,7449.25,7446,7446.75,1112
1782419400,7447,7447.25,7441.75,7445.75,1992
1782419700,7445.25,7446,7441,7441.25,1001
1782420000,7441.5,7442.5,7440,7440.25,1047
1782420300,7440.5,7441,7436.5,7437.75,902
1782420600,7437.75,7438.5,7434,7434.5,826
1782420900,7434.5,7436.25,7431.75,7434,737
1782424800,7431,7435.75,7426,7426.75,2653
1782425100,7426.5,7427.25,7423,7423,1734
1782425400,7423,7423.5,7417,7420.5,2729
1782425700,7420.5,7425.75,7419.5,7420.5,2136
1782426000,7420.5,7423.25,7417.75,7422.5,1798
1782426300,7422.5,7422.5,7416.5,7417.25,1612
1782426600,7417.25,7419.75,7416,7419.25,1798
1782426900,7419.5,7422.5,7418.5,7420.75,1247
1782427200,7420.75,7423,7419.75,7422.25,1033
1782427500,7422.25,7423,7419.25,7420.5,970
1782427800,7420.75,7425.25,7420,7425.25,1455
1782428100,7425.25,7426.25,7423,7425.25,1292
1782428400,7425.25,7427.25,7424.5,7426.5,1053
1782428700,7426.5,7427.25,7424.5,7425.5,1076
1782429000,7425.5,7433.75,7425.25,7433.25,2568
1782429300,7433.5,7448.75,7431.75,7447,4591
1782429600,7447.25,7454,7446.5,7449.5,4876
1782429900,7449.75,7454,7449.5,7449.75,2679
1782430200,7449.75,7451.5,7444,7444.75,3276
1782430500,7444.5,7445.25,7436.75,7437,3223
1782430800,7437,7437.25,7430.25,7430.75,2441
1782431100,7430.5,7430.5,7422,7423,4455
1782431400,7423,7423,7417,7421.5,3939
1782431700,7421.75,7424.25,7417.25,7424,2425
1782432000,7423.75,7430.75,7419.5,7428.25,4810
1782432300,7428.5,7434.5,7427.5,7433.25,3774
1782432600,7433.25,7433.5,7426.5,7432,2614
1782432900,7432.25,7435.5,7427.25,7427.25,2706
1782433200,7427.25,7431,7425.75,7426.25,1767
1782433500,7426.25,7430,7420.5,7429.5,3063
1782433800,7429.25,7430.5,7422.5,7424.75,2332
1782434100,7425,7427.5,7422,7425.75,1662
1782434400,7425.75,7429.75,7424,7426,1837
1782434700,7426,7429.5,7425,7425.5,1098
1782435000,7425.75,7429,7421.25,7422,1536
1782435300,7422,7425,7418.5,7421.5,2344
1782435600,7421.75,7427.75,7418.25,7418.5,2358
1782435900,7418.75,7420.25,7411.5,7418,3743
1782436200,7418.75,7425.25,7418.75,7422,1792
1782436500,7421.75,7428,7421.25,7425.25,2012
1782436800,7425.5,7427,7423.25,7424,855
1782437100,7424,7424,7416.5,7417.75,1884
1782437400,7417.75,7418.75,7406.75,7408.75,3946
1782437700,7408.5,7410.25,7406,7408.75,2829
1782438000,7408.5,7409.25,7402,7403.25,3045
1782438300,7402.75,7407.5,7397.75,7406.25,4365
1782438600,7406.75,7407.5,7401.75,7402.5,2049
1782438900,7402.25,7403,7395,7399.75,3281
1782439200,7399.75,7401.5,7395.75,7396.25,2900
1782439500,7396.25,7401.5,7395.75,7396.75,1888
1782439800,7396.75,7398.25,7391.75,7394.5,3095
1782440100,7394.25,7397.25,7391.75,7392.5,2079
1782440400,7392.25,7394.25,7388.25,7388.5,3199
1782440700,7388.5,7391,7383.75,7388.75,4362
1782441000,7389,7391,7382.5,7384.75,3215
1782441300,7384.75,7385.75,7378.75,7384.25,3991
1782441600,7384.25,7384.25,7378,7381.5,3001
1782441900,7381.5,7381.75,7371.75,7373,5259
1782442200,7373.5,7377,7369.25,7370.5,3811
1782442500,7370.25,7372.5,7366.75,7371.25,4200
1782442800,7371,7371.5,7365.25,7367.75,3705
1782443100,7368.25,7369.25,7365.75,7367.25,2187
1782443400,7367,7371.75,7365.5,7369.75,2464
1782443700,7369.25,7371,7367.25,7370,2000
1782444000,7370,7370.5,7364,7367.5,1900
1782444300,7367.5,7370,7366.75,7368.5,1532
1782444600,7368.25,7368.5,7363,7363.5,2565
1782444900,7364.25,7364.75,7357.25,7362.75,4194
1782445200,7362.75,7369.75,7361.25,7369.75,3653
1782445500,7369.5,7370.75,7366.5,7367.5,2489
1782445800,7367.25,7377.25,7367.25,7376.75,3351
1782446100,7376.5,7383.5,7375.75,7383,3142
1782446400,7383.25,7385.5,7381.25,7381.25,3431
1782446700,7381.25,7384.5,7378.25,7381.25,2902
1782447000,7381.25,7384.5,7380.25,7380.75,1163
1782447300,7381.25,7385,7380.25,7381.25,1314
1782447600,7381,7382.25,7373.75,7374.25,2473
1782447900,7374,7377.5,7371.25,7376.5,2341
1782448200,7376.5,7380,7370.25,7371,2411
1782448500,7371,7372.75,7369.5,7370,1384
1782448800,7370.25,7373.5,7368.75,7373,1435
1782449100,7373.25,7373.25,7368,7369.25,1430
1782449400,7369.25,7370.5,7365.5,7368,1534
1782449700,7368,7368.25,7366,7367.75,882
1782450000,7367.75,7371.5,7365.5,7366.5,1712
1782450300,7366.5,7370.5,7364.5,7367.75,1548
1782450600,7367.75,7376.75,7367.75,7376.75,1888
1782450900,7376.25,7379,7374.25,7376,1698
1782451200,7376.25,7377,7373.25,7374.25,884
1782451500,7374.5,7380.25,7374.25,7378.75,1425
1782451800,7379,7382.75,7379,7381.75,1637
1782452100,7381,7383,7374.5,7375,2031
1782452400,7375,7375,7367.5,7367.75,2018
1782452700,7368.25,7369.75,7365,7369.75,1691
1782453000,7369.75,7375.75,7369,7374.25,1725
1782453300,7374.5,7375.5,7371.75,7372,997
1782453600,7372.25,7375.5,7371.5,7373.5,1043
1782453900,7373.5,7374,7369,7370.25,1161
1782454200,7370,7376.5,7369.25,7375.75,1596
1782454500,7375.75,7379.5,7375.75,7376.5,1436
1782454800,7376.25,7381.75,7376.25,7381.25,1338
1782455100,7381.25,7387,7380,7386.5,2190
1782455400,7386.5,7390.75,7384,7389.75,2500
1782455700,7389.75,7392.75,7389.5,7391,1599
1782456000,7391,7395.75,7389.25,7395.5,1760
1782456300,7395.25,7403,7394.25,7398.5,3255
1782456600,7398.5,7408,7396.75,7407.25,2066
1782456900,7406.75,7409.5,7402.25,7404,2277
1782457200,7403.75,7406.25,7398.25,7398.5,2039
1782457500,7398.75,7399.5,7395,7395,1588
1782457800,7395,7403.25,7394.75,7402.5,1472
1782458100,7402.5,7407,7401.25,7404.5,2328
1782458400,7404.25,7408.5,7401,7408,1459
1782458700,7408.25,7409.5,7404.25,7409.25,1612
1782459000,7409.5,7413.75,7409,7411.75,2367
1782459300,7411.5,7412.75,7408.25,7412.5,1524
1782459600,7412.25,7412.5,7406.5,7406.75,1382
1782459900,7406.75,7407.25,7404.5,7406.25,1326
1782460200,7406,7412,7405.75,7411.75,1178
1782460500,7411.5,7412,7409.25,7411.25,1052
1782460800,7411,7415.75,7404.75,7404.75,3349
1782461100,7405,7410.25,7401,7407,2702
1782461400,7407,7408.25,7401.75,7402.75,1916
1782461700,7403,7407,7401.25,7401.75,1372
1782462000,7402,7405.75,7400.25,7405.25,1593
1782462300,7405,7409.25,7404,7407.5,1773
1782462600,7407.5,7407.75,7398.5,7400.25,2324
1782462900,7400.25,7402.25,7398.25,7400.5,1478
1782463200,7400.75,7403.25,7396.5,7397.75,1092
1782463500,7397.75,7398.75,7391.75,7391.75,1736
1782463800,7392,7393.5,7386,7386,2079
1782464100,7386,7389.5,7381.25,7388.75,3062
1782464400,7388.75,7389.5,7383.25,7384.25,2076
1782464700,7384.5,7388.25,7383.5,7384.5,1548
1782465000,7384.5,7390,7382.25,7388.5,1590
1782465300,7388.25,7389.75,7382.25,7386,2205
1782465600,7385.75,7386.25,7380,7381.75,2268
1782465900,7381.75,7384.75,7380.5,7383.5,1904
1782466200,7383.5,7386.25,7380,7386,1981
1782466500,7385.5,7389.5,7384.25,7387.5,1490
1782466800,7387.5,7395.75,7387.5,7392.25,1829
1782467100,7392.5,7396.25,7390.5,7393.5,2133
1782467400,7393.75,7394.25,7387.75,7388,1700
1782467700,7388,7388.25,7384,7385.5,1331
1782468000,7385.5,7386.25,7376.75,7379.75,2826
1782468300,7379.5,7385.5,7379.25,7385.25,1575
1782468600,7385.25,7389,7383.5,7386.75,1096
1782468900,7386.75,7389.25,7384.75,7384.75,1103
1782469200,7384.75,7385.5,7380.75,7381.75,1262
1782469500,7381.75,7387,7381,7386,821
1782469800,7386,7389.25,7384.25,7387.75,1465
1782470100,7388,7388.5,7384,7384.5,1557
1782470400,7384,7387.25,7383.5,7385.25,814
1782470700,7385.25,7388.5,7384.5,7385.75,1026
1782471000,7386.25,7387.75,7383,7386.5,1187
1782471300,7386.5,7387.25,7384.25,7386.5,1124
1782471600,7386.5,7391.5,7383.5,7390,2554
1782471900,7390,7392.25,7387.5,7390.5,1396
1782472200,7390.25,7394.5,7389,7390.75,1863
1782472500,7390.75,7390.75,7386.75,7387.25,1642
1782472800,7387,7389.75,7384,7386.5,1689
1782473100,7387,7388.75,7384.75,7386.5,940
1782473400,7386.25,7389,7385.75,7387,1127
1782473700,7386.75,7390.25,7385.5,7386.5,1039
1782474000,7387.25,7390.75,7384.75,7385.75,1556
1782474300,7385.75,7389,7384.25,7388,1245
1782474600,7388,7388,7377.5,7378.75,2675
1782474900,7379,7385.75,7379,7384.75,2323
1782475200,7384.75,7390.75,7382.75,7390,2014
1782475500,7390,7396.75,7389.75,7396,3569
1782475800,7395.75,7401.25,7393.25,7398.5,3199
1782476100,7398.25,7404,7396.5,7397.5,3259
1782476400,7397.5,7398.75,7390.25,7390.5,3149
1782476700,7390.25,7395.5,7389.75,7395,2216
1782477000,7394.5,7397,7391.5,7392.5,2592
1782477300,7392.25,7392.25,7385.25,7386.25,2991
1782477600,7386.25,7388,7383.5,7384,1981
1782477900,7383.75,7386,7381,7383.25,2629
1782478200,7383.25,7386.75,7380,7385.25,2523
1782478500,7385.5,7386.75,7383,7383.75,1606
1782478800,7384.25,7385,7378.75,7380.25,4221
1782479100,7380.25,7381.5,7375.25,7375.75,3866
1782479400,7375.75,7378.5,7373.25,7376.75,4547
1782479700,7376.75,7378.25,7364.5,7374,12930
1782480000,7374,7382.5,7372,7380,10250
1782480300,7379.5,7382.75,7377.25,7380.75,6951
1782480600,7381,7388.25,7360,7370.25,39252
1782480900,7370.25,7383.25,7367.25,7372.75,30226
1782481200,7373,7386.5,7368.75,7384.25,25215
1782481500,7384.5,7390.25,7371.25,7379,32259
1782481800,7378.75,7389,7377,7385.75,23984
1782482100,7386,7405.5,7384,7403.5,31127
1782482400,7401.5,7416,7397.75,7415,24077
1782482700,7415,7424.5,7414.25,7423.25,24084
1782483000,7423,7428.25,7417,7425.5,24258
1782483300,7425.25,7429.5,7418,7419.75,19768
1782483600,7420,7436.25,7418.25,7428.25,24139
1782483900,7428.25,7433.25,7426,7428.5,17065
1782484200,7428.75,7433,7424,7427.5,18091
1782484500,7427.5,7428,7414.75,7415.25,17101
1782484800,7415.25,7424.75,7409,7415.25,24406
1782485100,7415.25,7427.5,7414,7422.25,19632
1782485400,7422.25,7425.75,7415.25,7419,17825
1782485700,7419,7423.5,7411.75,7418,17321
1782486000,7418,7427.75,7417.75,7421.5,15942
1782486300,7422,7425.5,7416,7424.5,12936
1782486600,7424.25,7426,7413,7414.25,11336
1782486900,7414.5,7426.25,7409.5,7424.5,18356
1782487200,7424.5,7432.5,7422,7431.5,14717
1782487500,7431.75,7440.75,7430.25,7440.75,15747
1782487800,7440.5,7450,7437.5,7439.25,21992
1782488100,7439.25,7453.75,7439.25,7451.5,15029
1782488400,7451.75,7459.25,7449,7456.5,14668
1782488700,7456.75,7458.75,7449,7449.5,12463
1782489000,7449.75,7454.25,7435.25,7439,26707
1782489300,7439.25,7452.25,7437.25,7447.75,13096
1782489600,7447.75,7449.25,7444.5,7447,8673
1782489900,7447,7447.75,7434.75,7436.25,10365
1782490200,7436.25,7438.75,7431.5,7434.75,11900
1782490500,7434.75,7440.25,7431.25,7433.75,11459
1782490800,7433.75,7434.75,7420.75,7425.5,22447
1782491100,7425.5,7430,7424.25,7427.25,8619
1782491400,7427.25,7440.5,7427.25,7439.75,11748
1782491700,7439.5,7441.5,7435.5,7437.5,8746
1782492000,7437.75,7440,7433.25,7433.75,7778
1782492300,7433.75,7437.75,7432,7437.25,6858
1782492600,7437.25,7443,7436.25,7439.75,9713
1782492900,7439.75,7439.75,7436,7438.25,5784
1782493200,7438.25,7445.75,7435,7442.5,9155
1782493500,7442.75,7452,7442.25,7449.75,8345
1782493800,7449.75,7452.5,7442.75,7444.5,7346
1782494100,7444.5,7445.25,7436.25,7438,7377
1782494400,7438,7440,7432.75,7434,7471
1782494700,7433.75,7443.25,7431.25,7441,8779
1782495000,7440.75,7447.5,7437.5,7439.5,8791
1782495300,7439.5,7439.5,7433.25,7433.5,6762
1782495600,7433.5,7438.75,7429.5,7436,9689
1782495900,7435.75,7437.75,7431.75,7431.75,5628
1782496200,7432,7436.5,7431.25,7434.25,5413
1782496500,7434.25,7434.5,7427.5,7429.75,7076
1782496800,7430.25,7437.5,7429.5,7435.75,7510
1782497100,7435.75,7439.5,7433.75,7435,6006
1782497400,7435,7438,7432,7434,4634
1782497700,7434,7435.5,7425.5,7427.5,6004
1782498000,7427.25,7430,7425.25,7429,5164
1782498300,7428.5,7430,7420.25,7421.25,7120
1782498600,7421.5,7429.75,7420.5,7427.5,6578
1782498900,7427.5,7428,7420.25,7422,5278
1782499200,7422,7424.5,7420.5,7420.75,3369
1782499500,7420.75,7420.75,7410,7413,10713
1782499800,7412.75,7413.25,7408.75,7410.25,8430
1782500100,7410.25,7414.25,7405,7409,8032
1782500400,7409,7413.25,7406.75,7407,7257
1782500700,7407.25,7417.75,7406.25,7416,7652
1782501000,7416,7421,7412.75,7420.75,6820
1782501300,7420.75,7423,7417,7420.5,6905
1782501600,7420.5,7422,7411,7415.75,8846
1782501900,7415.75,7418,7414.25,7415,5232
1782502200,7415.25,7421.5,7410.5,7419.5,7621
1782502500,7419.5,7421,7415.5,7416.25,5412
1782502800,7416.25,7426.75,7416,7426,6712
1782503100,7426,7432.25,7420.25,7423.75,10397
1782503400,7423.75,7429.5,7418.75,7425,17578
1782503700,7424.75,7429.5,7369.75,7379.25,31573
1782504000,7379.5,7408.5,7370.5,7400,20794
1782504300,7400.25,7403.25,7392.5,7400.75,5461
1782504600,7400.75,7413.5,7399,7412.25,4364
1782504900,7412.5,7417.75,7410.5,7413,3162
1782505200,7413,7418.75,7410.75,7417.5,2523
1782505500,7417.75,7420.5,7415,7415.75,2425
1782505800,7416,7416.5,7400.25,7409,4552
1782506100,7408.25,7411.5,7397,7404,3647
1782506400,7403.5,7404,7397.25,7399.75,2040
1782506700,7399.75,7402,7395.75,7400,1874
1782507000,7400.25,7404.25,7399.5,7402.5,1449
1782507300,7402.25,7404.75,7395.25,7397.75,1895
1782684000,7398,7434.75,7398,7430.5,9922
1782684300,7430.5,7435.75,7428.5,7431,4132
1782684600,7430.75,7437.75,7428.5,7435.5,2854
1782684900,7435.25,7435.75,7431.25,7432,2097
1782685200,7431.75,7437.25,7426.75,7433.5,3543
1782685500,7433.75,7437.75,7432,7434.75,2165
1782685800,7434.75,7438.25,7434,7434.75,2459
1782686100,7434.75,7437.5,7434.25,7435,1707
1782686400,7435.25,7438.25,7434.25,7437.75,1516
1782686700,7437.75,7438.75,7435.75,7437.75,1155
1782687000,7437.5,7437.75,7433.75,7434.75,1056
1782687300,7435,7436.25,7433.5,7434.25,944
1782687600,7434.25,7440.5,7432.75,7438.75,2886
1782687900,7439,7447.5,7437.5,7447.25,4333
1782688200,7447,7448.5,7445.25,7446,2378
1782688500,7446.25,7449.5,7443.75,7448,2404
1782688800,7448,7451.75,7448,7448.75,1930
1782689100,7449,7450.25,7448.5,7449.5,954
1782689400,7449.5,7452.75,7449.25,7451,1452
1782689700,7451,7453.5,7450,7453.25,1221
1782690000,7453.25,7453.25,7451,7452,1443
1782690300,7452,7455.75,7449.75,7452,3173
1782690600,7451.75,7452.25,7448.25,7449.25,1648
1782690900,7449.25,7451,7447,7447.25,1796
1782691200,7447.5,7447.5,7432.75,7436.25,8976
1782691500,7436.5,7438.75,7432.5,7436,4035
1782691800,7436,7442.75,7434.75,7436.25,3356
1782692100,7436,7438.75,7427.75,7433,5772
1782692400,7432.75,7433.25,7423,7425.25,4889
1782692700,7425.5,7428.25,7422.5,7423,3301
1782693000,7423.25,7429,7422.25,7426.75,4560
1782693300,7426.5,7429.75,7424.25,7426.5,3289
1782693600,7426.5,7436.5,7426,7435.25,3770
1782693900,7435,7435,7423,7427,3951
1782694200,7426.75,7432.25,7426.5,7432.25,2655
1782694500,7432.25,7440,7432,7438.5,3480
1782694800,7438.75,7440.5,7430.5,7433.25,3813
1782695100,7433.5,7439.75,7433.25,7434.5,2422
1782695400,7434.75,7437.25,7434,7437,1284
1782695700,7437,7437.5,7427,7430.25,2932
1782696000,7429.75,7436.25,7428,7433.5,2187
1782696300,7433.5,7436.5,7428.5,7429.25,1892
1782696600,7429.5,7431.75,7426.75,7429.25,2589
1782696900,7429.25,7440.25,7428.5,7438.5,3910
1782697200,7438.5,7442.75,7438.5,7440.5,2624
1782697500,7440.5,7441.5,7434.5,7437.75,1940
1782697800,7437.75,7439.5,7435.75,7437.75,1119
1782698100,7437.75,7441.75,7436.5,7438.5,1629
1782698400,7438.75,7439.75,7433.5,7434.5,1865
1782698700,7434,7435.75,7428.75,7429.75,2283
1782699000,7429.5,7431.25,7421.5,7422.75,3203
1782699300,7422.5,7429.25,7420.5,7428.75,3042
1782699600,7428.75,7435.75,7428.75,7434.25,2589
1782699900,7434.5,7441.25,7433,7440,2440
1782700200,7440,7441.25,7438.25,7439.5,1717
1782700500,7439.75,7443.75,7438.5,7441.75,1599
1782700800,7441.5,7443.5,7440.25,7441.25,1267
1782701100,7441.75,7443.25,7440.5,7442.5,983
1782701400,7442.25,7442.75,7440,7440.25,1014
1782701700,7440.5,7442.5,7440.25,7440.5,672
1782702000,7441,7448,7441,7446.5,2740
1782702300,7446.75,7450,7446,7447.75,2099
1782702600,7448,7448,7444,7444.5,1471
1782702900,7444.75,7445,7443.5,7444.75,738
1782703200,7444.5,7446.25,7443,7444.25,979
1782703500,7444,7446.5,7443,7444.75,1033
1782703800,7444.75,7446.25,7439.5,7440.25,1678
1782704100,7440.5,7441,7434.25,7436.75,2056
1782704400,7436.5,7439,7435.25,7436.75,1242
1782704700,7437,7445.5,7436,7444.5,2172
1782705000,7444.75,7452.75,7444.5,7449,3255
1782705300,7449.25,7451.5,7447,7450.25,1441
1782705600,7450.5,7450.5,7447,7447.75,1139
1782705900,7447.75,7448.5,7444.75,7447,1344
1782706200,7447,7447.25,7444.5,7445,835
1782706500,7445.25,7445.75,7442.75,7443.25,1011
1782706800,7443.5,7445.5,7441.5,7445.25,1171
1782707100,7445,7448,7443.25,7444.25,1573
1782707400,7444,7445.75,7441.75,7443,1088
1782707700,7443,7445,7441.25,7442.5,950
1782708000,7442.75,7442.75,7439.5,7441.75,1373
1782708300,7441.25,7443,7439.75,7443,947
1782708600,7443,7445.5,7441.5,7444.5,1085
1782708900,7444.5,7444.5,7440.75,7442.25,905
1782709200,7442,7444.5,7439.25,7441,1447
1782709500,7441,7443.25,7439,7441.75,990
1782709800,7442,7445,7439,7444.5,1129
1782710100,7444.75,7447,7440.5,7442,1317
1782710400,7442,7444.25,7441.25,7443.25,422
1782710700,7443,7445.25,7441.25,7442.75,780
1782711000,7442.5,7449.25,7442,7449,1205
1782711300,7449.25,7450,7445.25,7448,1150
1782711600,7447.75,7453.75,7447.75,7453,1801
1782711900,7453,7453.25,7451,7451.5,1141
1782712200,7451.25,7457.25,7449.75,7456.25,2114
1782712500,7456.5,7458.5,7455,7457.25,1755
1782712800,7457,7457.75,7447.75,7449.5,2060
1782713100,7449.25,7449.5,7446,7447.5,1435
1782713400,7447.5,7448.5,7445.25,7447.5,1004
1782713700,7447.75,7449.25,7447,7447.75,1036
1782714000,7447.75,7451,7446.75,7450.25,1073
1782714300,7450.25,7452.5,7448.75,7450.75,1162
1782714600,7451,7454.25,7449.25,7453.75,1490
1782714900,7454,7454.75,7450,7451.25,880
1782715200,7451.25,7454,7451,7451.75,804
1782715500,7452,7452,7449,7449.5,640
1782715800,7449.5,7450.25,7446.75,7447,865
1782716100,7447,7447,7444.25,7446.25,1142
1782716400,7446.5,7447,7436.75,7440.75,3626
1782716700,7440.5,7442.25,7437.5,7441.25,1926
1782717000,7441.75,7443,7437.25,7443,1647
1782717300,7443,7447.5,7443,7445.5,1584
1782717600,7445.25,7448.5,7444.5,7447.5,1504
1782717900,7447.5,7452,7446.25,7450.25,1381
1782718200,7450.25,7451,7446.5,7449,938
1782718500,7448.5,7452.5,7446.5,7452.5,1261
1782718800,7452.5,7453.5,7450,7450.75,1087
1782719100,7450.5,7452.75,7448.25,7449.75,1862
1782719400,7449.75,7451.75,7449,7450.25,815
1782719700,7449.5,7451.75,7449,7451,631
1782720000,7451.25,7458.75,7450.25,7455.75,2990
1782720300,7455.5,7459.75,7454.75,7458,2089
1782720600,7458,7459.25,7456.5,7458,849
1782720900,7458,7463.75,7455.25,7460.5,2856
1782721200,7460.25,7461.25,7457.75,7459,1471
1782721500,7459.5,7461.75,7455.75,7456.25,1395
1782721800,7456.25,7461,7455.25,7460,1362
1782722100,7459.75,7462,7455.75,7456.75,1059
1782722400,7456.75,7456.75,7453.75,7454.75,1650
1782722700,7455.25,7457.75,7453.75,7455.25,856
1782723000,7455,7456.5,7452.5,7452.75,712
1782723300,7452.75,7453,7450.5,7451.5,1069
1782723600,7451.25,7453.75,7450.25,7453,1015
1782723900,7453,7453.75,7451.25,7453,916
1782724200,7452.5,7454.75,7450.75,7453.75,908
1782724500,7453.5,7456.5,7452.25,7455.5,768
1782724800,7455.5,7456.5,7454.5,7456.5,1120
1782725100,7456.25,7458.5,7455,7457.75,1228
1782725400,7457.75,7459.25,7456.25,7456.5,1155
1782725700,7456.5,7457,7454.25,7456,979
1782726000,7455.75,7455.75,7453.5,7455.5,726
1782726300,7455.5,7456.25,7453.5,7454.75,641
1782726600,7454.5,7455.5,7447.25,7451,3695
1782726900,7451,7455.5,7450.25,7454.5,1505
1782727200,7455,7459.5,7455,7458,1833
1782727500,7457.75,7460.5,7456,7460,1009
1782727800,7460.5,7461.25,7455.75,7457,1591
1782728100,7457,7457,7452.75,7455.25,1334
1782728400,7455.25,7456.5,7454.25,7455.25,696
1782728700,7455,7460.25,7454,7460,1155
1782729000,7460,7462.5,7459.25,7461,1287
1782729300,7461.25,7465,7459.25,7463.5,2343
1782729600,7463.75,7464.25,7461.5,7462,851
1782729900,7462,7462.25,7456,7461.5,2083
1782730200,7461.75,7463.25,7460.75,7462.25,853
1782730500,7462.5,7466.75,7461.5,7466,2140
1782730800,7466,7469.5,7465.25,7469,2970
1782731100,7469.25,7470.5,7467,7467,1681
1782731400,7467,7467.25,7462.5,7463,1335
1782731700,7463.5,7464.5,7459.5,7460.25,1612
1782732000,7460.25,7462,7456.75,7460,2231
1782732300,7460.25,7463.25,7460,7462,814
1782732600,7461.75,7473.75,7460.5,7465.75,5354
1782732900,7465.5,7466.5,7463.25,7463.75,970
1782733200,7463.75,7466.75,7463,7464.75,1449
1782733500,7464.75,7467.75,7464.25,7466.25,1249
1782733800,7466.25,7469,7464.25,7465.25,1348
1782734100,7465,7466,7462.5,7463.5,1661
1782734400,7463.5,7465.5,7461.25,7464.25,1708
1782734700,7464.25,7465.5,7462.25,7465,990
1782735000,7465,7467.75,7465,7466.25,1221
1782735300,7466.25,7468.5,7465,7467,1457
1782735600,7467,7467.5,7463.75,7464.75,1189
1782735900,7464.75,7468,7464.75,7465.5,897
1782736200,7465.5,7467.25,7460.75,7467,2253
1782736500,7467,7467.75,7460.25,7460.75,1986
1782736800,7460.75,7461.5,7455,7459.25,3064
1782737100,7459,7461.5,7457.5,7458.75,2077
1782737400,7458.75,7461.25,7457.75,7460,1706
1782737700,7460,7464.25,7459.75,7464.25,1502
1782738000,7464,7466.75,7463.75,7464.25,2150
1782738300,7464.5,7466.5,7463,7464,2114
1782738600,7464,7468.5,7463.5,7467.75,2065
1782738900,7467.75,7469,7466.5,7466.75,2097
1782739200,7466.75,7467.25,7458.25,7459.25,3769
1782739500,7459.5,7460.5,7454.5,7457,6011
1782739800,7457,7479,7444.5,7478,48006
1782740100,7477.75,7478.25,7460,7471.25,33642
1782740400,7471.5,7483.75,7464.75,7483.5,25325
1782740700,7483.5,7488.25,7478.5,7479,23556
1782741000,7479.25,7489.75,7474,7479.5,23846
1782741300,7479.5,7480.75,7453.75,7458.75,38332
1782741600,7458.5,7460.75,7448.25,7449.75,33538
1782741900,7449.75,7450.75,7435.25,7439.5,33324
1782742200,7439.5,7442.5,7415.25,7415.5,35005
1782742500,7415.5,7428.5,7409,7425.75,39480
1782742800,7425.75,7434.5,7421.5,7430.5,30326
1782743100,7430.25,7450.75,7430,7449.5,29166
1782743400,7449.75,7465.75,7448,7463,30596
1782743700,7462.75,7466.5,7457.5,7460.75,22253
1782744000,7460.5,7468,7457.25,7459.5,19585
1782744300,7459.75,7460,7447.75,7455.5,29832
1782744600,7455.5,7472.5,7455,7469,23918
1782744900,7468.75,7468.75,7460.5,7468,17028
1782745200,7468,7469.5,7461.25,7463,13321
1782745500,7463,7465,7459.25,7461.25,11507
1782745800,7461.25,7464.25,7454.5,7464,17121
1782746100,7464.25,7467,7458.5,7459,10370
1782746400,7459,7464.5,7453,7456.5,13085
1782746700,7456.75,7468,7454.75,7467.25,10252
1782747000,7467,7469.75,7464.5,7465.75,8204
1782747300,7465.5,7471,7461.5,7470,8960
1782747600,7470,7475,7466.75,7474.25,8688
1782747900,7474.25,7474.5,7467.75,7469,7236
1782748200,7469,7472,7467.25,7470.25,6504
1782748500,7470.25,7476.25,7468,7475,8571
1782748800,7475.25,7479.5,7474.5,7479.25,9221
1782749100,7479.25,7481.75,7476.5,7478.25,7727
1782749400,7478.25,7480,7474.5,7475.5,5569
1782749700,7475.5,7478,7474.75,7476,4666
1782750000,7475.75,7478.5,7474,7478.25,5475
1782750300,7478.25,7479.25,7473,7474,5056
1782750600,7474,7475.75,7470,7471.25,5916
1782750900,7471.5,7474.75,7470.25,7474.75,5303
1782751200,7474.75,7476.25,7473.5,7475.5,4752
1782751500,7475.25,7476.75,7472,7475,4577
1782751800,7475,7480,7474.25,7479.25,6803
1782752100,7479,7479.5,7476.5,7477.5,3509
1782752400,7477.5,7481.5,7477.25,7480.75,3935
1782752700,7480.75,7484.5,7480.25,7483.5,5540
1782753000,7483.5,7492.75,7483.25,7490.25,11428
1782753300,7490.25,7493.75,7489.25,7491.25,7749
1782753600,7491.5,7494.75,7485.25,7485.75,8983
1782753900,7485.75,7492.5,7485,7491.5,5873
1782754200,7491.75,7496.75,7490,7493,9277
1782754500,7493,7494.75,7490,7493.25,4474
1782754800,7493.25,7494.75,7492.75,7493,3147
1782755100,7493.25,7496.25,7491.25,7495,3765
1782755400,7495.25,7498.75,7494,7495.75,5048
1782755700,7495.75,7497.5,7491.75,7494.25,4881
1782756000,7494.25,7498,7492.25,7496,4692
1782756300,7496,7497.75,7494.25,7495.25,3173
1782756600,7495.25,7497.25,7494.25,7495.75,2813
1782756900,7495.5,7496.5,7493.5,7494,3822
1782757200,7494,7496,7491.5,7494,4290
1782757500,7493.75,7494,7491.25,7492.25,3961
1782757800,7492.25,7497.25,7491.75,7496.25,5361
1782758100,7496.25,7499.5,7495.25,7497.75,5681
1782758400,7498,7500.75,7496.75,7499.75,5105
1782758700,7499.75,7502.25,7498.75,7499.5,5284
1782759000,7499.5,7499.75,7496.75,7498.5,3854
1782759300,7498.5,7499.25,7495.25,7497,3917
1782759600,7496.75,7499.25,7494.75,7495.75,4992
1782759900,7495.75,7499.25,7495,7497.5,5620
1782760200,7497.25,7497.75,7494.75,7495.5,6454
1782760500,7495.25,7497.5,7493,7495.75,7883
1782760800,7495.75,7500.5,7495.75,7499,6300
1782761100,7499,7499.75,7497.75,7497.75,4378
1782761400,7497.75,7498.5,7493.5,7494,6499
1782761700,7494,7496.75,7493.75,7496.25,5857
1782762000,7496.25,7498.75,7493.5,7495.25,6765
1782762300,7495.25,7497.5,7494.75,7497.25,4708
1782762600,7497.5,7499.75,7491.5,7492.5,14455
1782762900,7492.75,7505,7491.75,7497,26473
1782763200,7497,7499,7491.75,7495.25,11015
1782763500,7495,7496.75,7494.25,7495.75,2157
1782763800,7495.75,7498.5,7495.25,7497.75,1864
1782764100,7497.5,7498.5,7496.75,7498,1081
1782764400,7497.75,7499.75,7497.25,7498.75,1092
1782764700,7498.75,7499.5,7497,7497.5,1051
1782765000,7497.25,7497.5,7495.5,7495.75,967
1782765300,7495.75,7496,7492.5,7493,1337
1782765600,7493,7494.25,7492.5,7493.5,935
1782765900,7493.75,7493.75,7491,7493.5,1258
1782766200,7493.25,7494.5,7493,7493.75,1332
1782766500,7493.5,7495.5,7493,7493,1257
1782770400,7494.75,7496.5,7490.5,7493,2526
1782770700,7493.25,7496.75,7491.5,7494.75,1590
1782771000,7495.25,7497.25,7493.5,7494,1007
1782771300,7494,7495.5,7492.75,7495.5,515
1782771600,7495.25,7496.75,7494.75,7494.75,647
1782771900,7494.75,7495.5,7493.25,7493.75,503
1782772200,7494.25,7494.5,7491.25,7492.75,1066
1782772500,7492.5,7493.25,7492,7492.75,302
1782772800,7493,7497,7492,7496,1279
1782773100,7496,7496.25,7494.25,7495.25,461
1782773400,7494.75,7495,7493,7495,477
1782773700,7495,7495,7493.5,7494.25,362
1782774000,7494.5,7495.75,7493.5,7495.75,313
1782774300,7495.75,7498.5,7495,7498.25,935
1782774600,7498,7499,7495.25,7496.25,990
1782774900,7496.25,7497.75,7495.25,7496.25,549
1782775200,7496.25,7497,7495,7495.75,360
1782775500,7495.75,7497.25,7495.5,7496.25,405
1782775800,7496,7498.75,7494.75,7498.25,681
1782776100,7498,7498.25,7496.5,7496.75,364
1782776400,7496.75,7497.75,7495.75,7496.25,588
1782776700,7496,7496.5,7492.25,7493.5,1496
1782777000,7493.75,7494.5,7491.5,7493.5,907
1782777300,7493.5,7497,7493,7495.5,893
1782777600,7495.5,7496.25,7491.25,7496.25,1814
1782777900,7496.25,7500.5,7495.25,7496,2320
1782778200,7496.25,7501,7494.75,7499,1557
1782778500,7499.25,7501.25,7497.5,7498.25,1192
1782778800,7498.25,7498.75,7494,7496,1293
1782779100,7496,7496.5,7489.25,7491,2344
1782779400,7491,7491.5,7481.75,7486.25,3947
1782779700,7486,7488,7483.75,7486.75,1781
1782780000,7487.25,7489,7484,7484.75,1878
1782780300,7484.75,7490.75,7484,7489.75,2115
1782780600,7490.25,7492.75,7488.5,7492.25,1590
1782780900,7492.5,7493.25,7490.75,7492.75,1029
1782781200,7492.75,7494,7487,7488.25,2101
1782781500,7488.75,7489,7485.75,7486,1336
1782781800,7486.5,7487.25,7484,7486.25,1370
1782782100,7486.25,7489.5,7485,7489,1303
1782782400,7489.25,7491.5,7487.5,7489.75,1130
1782782700,7489.75,7499,7489,7498.75,2427
1782783000,7499,7501.25,7496.75,7497.75,2642
1782783300,7498,7498,7492.25,7494.5,1695
1782783600,7494.75,7498.75,7494.5,7497.5,1040
1782783900,7497.75,7498.25,7493.5,7496,1051
1782784200,7496.25,7498.25,7495.25,7497.5,634
1782784500,7497.5,7498.75,7496.75,7498.25,518
1782784800,7498.5,7498.75,7493.75,7494.75,1162
1782785100,7495,7495.5,7492.75,7494.75,665
1782785400,7494.5,7494.75,7491.25,7492,1042
1782785700,7492.25,7492.75,7488.25,7490.25,1385
1782786000,7490.5,7494.75,7489.75,7494.25,1127
1782786300,7494.25,7495.75,7493,7494,732
1782786600,7494,7496.25,7493,7494,779
1782786900,7494.25,7494.75,7493,7494,283
1782787200,7494.5,7495,7491.75,7492.75,536
1782787500,7492.75,7494.75,7492.25,7494.25,397
1782787800,7494.5,7494.75,7493,7493.75,308
1782788100,7494,7494.75,7490.5,7491.25,668
1782788400,7491.25,7492.25,7490,7491.75,494
1782788700,7491.75,7494.75,7491.75,7494.25,422
1782789000,7494.5,7494.75,7492.75,7493,429
1782789300,7493.5,7496.75,7493.5,7495.75,547
1782789600,7496,7496.5,7494.25,7494.75,376
1782789900,7494.25,7497.25,7493.75,7496.5,537
1782790200,7496.75,7499,7495.5,7498.5,824
1782790500,7498.5,7503,7497.75,7502.75,1754
1782790800,7502.75,7504.75,7501.75,7503.75,1038
1782791100,7503.75,7504.5,7502.75,7504.5,508
1782791400,7504.5,7506.75,7503.5,7503.5,1375
1782791700,7503.75,7503.75,7501.5,7501.75,840
1782792000,7501.5,7507.75,7501.25,7507,1336
1782792300,7506.75,7508.25,7505.5,7505.75,786
1782792600,7506,7507,7505.5,7506.75,252
1782792900,7506.5,7507,7505.75,7506.25,384
1782793200,7506.25,7508.25,7506,7506.75,667
1782793500,7507,7509,7507,7509,823
1782793800,7508.75,7510.25,7507.75,7510,1048
1782794100,7510,7513.25,7510,7512.75,1625
1782794400,7512.75,7513.25,7511.5,7513,913
1782794700,7513,7513.5,7510.25,7511.75,694
1782795000,7511.5,7512.5,7510,7511.5,690
1782795300,7511,7512.25,7510.25,7511,459
1782795600,7511.25,7514.5,7510.75,7512.5,1339
1782795900,7512.5,7513,7511.5,7511.75,433
1782796200,7511.5,7513,7511,7512.75,495
1782796500,7512.5,7512.75,7510.25,7510.75,599
1782796800,7510.75,7513.5,7510.25,7512.75,517
1782797100,7512.75,7513,7508,7508.5,1613
1782797400,7508.75,7508.75,7505.25,7505.5,1589
1782797700,7505.5,7506.25,7503.5,7506.25,1446
1782798000,7506,7509,7506,7506.5,1331
1782798300,7506.75,7508.5,7506.25,7508.5,437
1782798600,7508.75,7510.5,7507.5,7509.75,973
1782798900,7509.5,7511,7509,7510.25,544
1782799200,7510.25,7511.25,7508.75,7510.5,1250
1782799500,7510,7510.25,7507.25,7507.75,875
1782799800,7508,7510.25,7507.25,7508.5,980
1782800100,7508.5,7508.5,7506.5,7507,792
1782800400,7506.75,7507,7504.5,7505.75,1094
1782800700,7505.5,7508.75,7502.75,7508,1754
1782801000,7508,7508.5,7501.5,7503,1831
1782801300,7503,7505.75,7502.5,7503.75,1053
1782801600,7504.25,7505.5,7502.5,7503,538
1782801900,7502.5,7507.25,7502.5,7507.25,1095
1782802200,7507,7507.25,7505.75,7506.25,559
1782802500,7506.25,7509,7506.25,7508.75,672
1782802800,7508.75,7511.75,7507,7510.25,2047
1782803100,7510.25,7512.75,7508,7508.75,1400
1782803400,7508.75,7509,7505.25,7506,1370
1782803700,7506,7507.75,7504.75,7505.25,1297
1782804000,7505.25,7508.75,7504.5,7508.25,1000
1782804300,7508.25,7509.5,7507.25,7507.75,801
1782804600,7507.75,7509.5,7507.25,7508,763
1782804900,7508,7510,7507.25,7507.5,753
1782805200,7507.5,7508.75,7506.75,7507,687
1782805500,7507.25,7507.25,7503.75,7505.75,1224
1782805800,7505.5,7505.75,7500.5,7503.75,1699
1782806100,7503.75,7504.5,7501.5,7502.25,712
1782806400,7502,7508.5,7501.5,7505,2182
1782806700,7505.25,7508,7504.75,7505.5,1262
1782807000,7505.75,7508.25,7502.75,7502.75,1193
1782807300,7502.75,7503.75,7499.25,7503.25,2031
1782807600,7503.5,7508,7503.25,7508,1232
1782807900,7508,7509.25,7506.25,7508.75,935
1782808200,7508.5,7510.25,7502,7502.5,1713
1782808500,7502.75,7503.25,7497.5,7498,2221
1782808800,7497.75,7499.5,7494.75,7498.5,1932
1782809100,7498.75,7499.25,7494.5,7495.75,1464
1782809400,7496,7500.75,7494,7500.75,1664
1782809700,7500.75,7503,7499.75,7502,814
1782810000,7502,7504.5,7500.25,7504.25,1286
1782810300,7504,7504.25,7501.25,7501.5,661
1782810600,7501.75,7504.5,7500.75,7503.75,796
1782810900,7503.75,7505.75,7503.5,7504.5,821
1782811200,7504.75,7505,7502.75,7503.5,693
1782811500,7503.75,7505,7502.5,7502.75,879
1782811800,7502.5,7503,7498.25,7499.25,1492
1782812100,7499.25,7504,7499,7503.75,1105
1782812400,7504,7505.75,7503.5,7504.5,824
1782812700,7505,7508,7504.75,7507.75,984
1782813000,7508,7508.25,7506.25,7507,887
1782813300,7507,7508,7505.75,7506,626
1782813600,7506.25,7506.75,7503.75,7505.25,1169
1782813900,7505,7508.75,7504.75,7507.5,848
1782814200,7507.25,7507.25,7505,7507,1089
1782814500,7507,7508.75,7506.75,7508,936
1782814800,7507.75,7509,7506,7506.25,778
1782815100,7506.25,7508.75,7506,7508.25,782
1782815400,7508.25,7509,7506,7506.5,925
1782815700,7506.25,7506.5,7504.25,7505.75,823
1782816000,7505.75,7508.25,7505.5,7507,705
1782816300,7507,7510.75,7505.25,7509.5,1206
1782816600,7509.5,7511.25,7508.5,7511,1185
1782816900,7510.75,7515,7510,7513,1536
1782817200,7513,7514.75,7511.25,7514.25,1341
1782817500,7514.25,7517,7514.25,7515.75,1738
1782817800,7515.75,7517,7514.75,7516.5,1097
1782818100,7516.75,7517.5,7514.75,7515,1207
1782818400,7515.25,7515.75,7511.5,7511.75,1315
1782818700,7511.5,7512.5,7509,7511.5,2341
1782819000,7511.25,7512.75,7510,7511,1181
1782819300,7511,7512.5,7510.25,7511,799
1782819600,7510.75,7515.25,7510.75,7514.5,1375
1782819900,7514.25,7517.5,7513.75,7516.75,1426
1782820200,7516.75,7517.5,7512.75,7513.75,2565
1782820500,7513.5,7513.5,7510.25,7510.5,1523
1782820800,7510.75,7511.25,7504,7505.25,3570
1782821100,7505,7506.25,7503,7504.5,2464
1782821400,7504.25,7508,7501.5,7502.75,2830
1782821700,7502.5,7503.5,7500,7502,2978
1782822000,7502,7502.25,7497.5,7499,2549
1782822300,7499,7499.75,7495.75,7496.25,3026
1782822600,7496,7497.5,7491.5,7494.25,3872
1782822900,7494.5,7498.25,7493.75,7498,2761
1782823200,7498,7500.75,7497,7499.25,2702
1782823500,7499.25,7501,7498,7500.75,2007
1782823800,7500.75,7502,7499.5,7500.25,2029
1782824100,7500.25,7500.75,7496.5,7496.75,2531
1782824400,7497,7498.75,7494.75,7495.25,2848
1782824700,7495.5,7498.25,7494,7495.5,2842
1782825000,7495.75,7499.5,7495.5,7496.5,2623
1782825300,7496.25,7498,7495,7497,2803
1782825600,7497,7498,7492.25,7492.75,2869
1782825900,7492.75,7500.75,7492.75,7500,6408
1782826200,7500,7506.75,7495.75,7500.25,28407
1782826500,7500.25,7508,7498.25,7501.75,18698
1782826800,7501.5,7510.5,7499.25,7506,18513
1782827100,7506,7510.5,7503.5,7507,13188
1782827400,7507,7522,7505.75,7518.75,23907
1782827700,7518.75,7527,7518.25,7526.75,14593
1782828000,7526.75,7532.75,7515.5,7532.5,24006
1782828300,7532.5,7532.5,7520.75,7522.75,15295
1782828600,7522.75,7526.25,7518.75,7523.75,13802
1782828900,7523.5,7526.25,7520.25,7523.25,10341
1782829200,7523.5,7532.25,7522,7530.75,11916
1782829500,7530.75,7533.5,7527,7532.5,9653
1782829800,7532.5,7541.25,7532,7541.25,13556
1782830100,7541.25,7541.75,7531,7533.5,13041
1782830400,7533.5,7537.25,7529,7535.5,13768
1782830700,7535.75,7535.75,7523.75,7526,13393
1782831000,7526.25,7530.25,7520.25,7521,13064
1782831300,7521,7524.5,7516.5,7520.5,15880
1782831600,7520.5,7530.75,7519.75,7529.25,13509
1782831900,7529.25,7532.75,7525.25,7532,9659
1782832200,7532,7536.75,7530.75,7535.5,9093
1782832500,7535.5,7536.25,7531,7533.25,7238
1782832800,7533.25,7540,7533,7539.5,8497
1782833100,7539.25,7541.5,7537.5,7540.5,7165
1782833400,7540.5,7542.75,7538.25,7542.25,6533
1782833700,7542.25,7542.75,7536,7537,7161
1782834000,7536.75,7540.25,7535.5,7537.5,6139
1782834300,7537.75,7544.5,7537.75,7541.25,7781
1782834600,7541.5,7545,7540,7544.25,5946
1782834900,7544.25,7547.75,7543.5,7545.75,7369
1782835200,7545.75,7549.5,7545.25,7548,5235
1782835500,7548.25,7552.25,7547.75,7548.5,6646
1782835800,7548.5,7551,7548.25,7550.5,4086
1782836100,7550.5,7554.5,7549.5,7551.5,6710
1782836400,7551.75,7553.25,7550.25,7551.75,3478
1782836700,7552,7552,7550.25,7550.5,3037
1782837000,7550.5,7552,7548.75,7549.75,4996
1782837300,7550,7552,7549,7551.75,3004
1782837600,7551.75,7553.75,7551,7553,3750
1782837900,7553.25,7555.75,7552.25,7555.25,4521
1782838200,7555.5,7558.25,7554,7557,5871
1782838500,7557.25,7557.75,7554.25,7555.5,3921
1782838800,7555.75,7559.5,7555.5,7557.75,4590
1782839100,7557.75,7558.5,7556,7556.5,2754
1782839400,7556.5,7557,7553.25,7553.5,3868
1782839700,7553.75,7555.25,7552.5,7553.75,3941
1782840000,7554,7556.5,7553.25,7554,3884
1782840300,7554.25,7554.75,7550.75,7552.25,4783
1782840600,7552.5,7554.25,7550.5,7553.25,4610
1782840900,7553,7553.5,7548.5,7549.25,5110
1782841200,7549,7553.5,7549,7553.5,4890
1782841500,7553.5,7554,7550.5,7551,3816
1782841800,7551,7553.5,7550,7551.75,3053
1782842100,7551.75,7553,7551.25,7552,1796
1782842400,7552.25,7556,7550.75,7554.25,6100
1782842700,7554.25,7555.25,7550.5,7554,5367
1782843000,7553.75,7556,7553.25,7555.25,3250
1782843300,7555.25,7557.25,7554,7556.75,3969
1782843600,7557,7558.25,7556,7556,4336
1782843900,7556.25,7556.75,7554.25,7555.5,3467
1782844200,7555.25,7555.75,7553.25,7554.5,2964
1782844500,7554.5,7556.25,7554,7555,2817
1782844800,7555,7559.25,7554.75,7557.25,4826
1782845100,7557.25,7561,7555.75,7560.5,5979
1782845400,7560.75,7562.25,7557.5,7558.75,6164
1782845700,7558.75,7560.75,7558.25,7558.5,3457
1782846000,7559,7561.25,7558.25,7559.5,3742
1782846300,7559.75,7563.75,7558.5,7562.5,5388
1782846600,7562.25,7565,7560.5,7564.5,6023
1782846900,7564.75,7567.75,7563.25,7563.5,7574
1782847200,7563.75,7565.5,7562,7563.5,5127
1782847500,7563.25,7564,7560.25,7561.25,4402
1782847800,7561.5,7562,7558.25,7558.75,5387
1782848100,7558.5,7559,7554.25,7556.25,7979
1782848400,7556,7558.25,7554.75,7557.75,5579
1782848700,7558,7560.25,7554.5,7555.5,7107
1782849000,7555.25,7561.25,7553,7560.25,14095
1782849300,7560.25,7564,7544.5,7544.75,54714
1782849600,7545,7552.5,7542,7551.5,14625
1782849900,7551.5,7553.25,7547.75,7549.75,3474
1782850200,7549.75,7549.75,7542,7545.25,4943
1782850500,7545.25,7547.25,7542.5,7543.75,2494
1782850800,7543.75,7544,7541,7542.5,1642
1782851100,7542.5,7543.25,7542,7542.75,759
1782851400,7542.5,7543.75,7541.5,7541.75,844
1782851700,7541.75,7542.5,7541,7541.75,864
1782852000,7541.5,7541.75,7540.5,7540.5,795
1782852300,7540.5,7541,7538.5,7539.5,1212
1782852600,7539.5,7541.25,7538.5,7540.5,1437
1782852900,7540.75,7542.5,7540,7541.75,1082
1782856800,7543.5,7546.75,7541,7545,2459
1782857100,7545,7547.25,7545,7547.25,1226
1782857400,7547,7547.25,7543.25,7546.5,1272
1782857700,7546.25,7550.25,7546.25,7550,1697
1782858000,7549.75,7550.75,7549,7550,1052
1782858300,7549.75,7550.5,7549,7550.25,887
1782858600,7550,7550.25,7547.25,7547.75,1306
1782858900,7547.25,7548,7546.25,7547.25,872
1782859200,7547.5,7548.25,7546.75,7547.5,350
1782859500,7547.25,7547.5,7544.25,7545,938
1782859800,7545.25,7545.25,7541.75,7542.25,1217
1782860100,7542.5,7544.25,7542.25,7543.5,698
1782860400,7543.5,7544.75,7542.25,7543,794
1782860700,7542.75,7546,7542,7545.25,1358
1782861000,7545.25,7545.25,7543,7544,448
1782861300,7543.75,7545.25,7542.5,7544.5,564
1782861600,7544.75,7545.5,7543.75,7544.75,449
1782861900,7544.75,7546.25,7543.5,7544,848
1782862200,7544.25,7547,7543.5,7546.75,581
1782862500,7546.75,7546.75,7544.25,7545.75,634
1782862800,7545.75,7546.25,7544.75,7544.75,391
1782863100,7545,7547.25,7543.5,7545.25,955
1782863400,7545,7545.75,7542.5,7542.75,949
1782863700,7543,7545.75,7541.75,7545,934
1782864000,7545,7547.5,7543.75,7545.75,2044
1782864300,7545.75,7546.75,7543.25,7544.5,1274
1782864600,7544.75,7546,7543.25,7544.5,1044
1782864900,7544.25,7546,7543,7544,910
1782865200,7543.75,7545.5,7542,7543.75,1061
1782865500,7543.75,7546,7542.5,7545.75,996
1782865800,7545.75,7548.5,7545.25,7547.25,1253
1782866100,7547.25,7548.25,7545.25,7547.25,947
1782866400,7547.5,7548.75,7547,7547.25,572
1782866700,7547.5,7549.25,7547,7549.25,542
1782867000,7549.25,7549.25,7545.75,7546,1122
1782867300,7546,7547.5,7544.75,7544.75,920
1782867600,7545,7546,7539.75,7539.75,2308
1782867900,7540.25,7541.5,7538.5,7539,1885
1782868200,7539,7539.75,7534.75,7539.5,3215
1782868500,7539.75,7540.75,7534.5,7537.25,2698
1782868800,7537.25,7539,7535.5,7537,1203
1782869100,7537,7537.75,7535.75,7536.75,857
1782869400,7536.5,7539,7534,7535,1904
1782869700,7535,7537.25,7534.75,7536,991
1782870000,7536,7536.5,7534.5,7535.25,887
1782870300,7535,7536.25,7532.5,7534,1174
1782870600,7533.75,7534.25,7531.75,7533.75,1111
1782870900,7533.75,7535.75,7532.25,7532.75,1440
1782871200,7532.75,7533.25,7530.5,7531.25,1481
1782871500,7531,7531,7525.25,7527.25,3202
1782871800,7527,7527.25,7522,7523.75,3075
1782872100,7523.75,7526.5,7517.5,7525.75,4227
1782872400,7525.5,7527.5,7524,7526.25,1132
1782872700,7526.25,7528.25,7525.25,7528.25,1129
1782873000,7528,7529.25,7526,7526,1493
1782873300,7526,7528.5,7526,7528,726
1782873600,7528,7531,7527.5,7530,1382
1782873900,7530.25,7530.75,7528.75,7529.25,833
1782874200,7529,7529.75,7527,7529.5,1021
1782874500,7529.5,7529.75,7528.25,7529,428
1782874800,7529,7530.5,7528.5,7529.5,695
1782875100,7529.5,7531.75,7529,7531.25,1159
1782875400,7531.25,7533.25,7531,7532.75,963
1782875700,7532.5,7533,7529,7530.5,1209
1782876000,7530.5,7530.75,7527.75,7528.25,773
1782876300,7528,7528.75,7526.5,7527.5,819
1782876600,7527.5,7528.5,7526.25,7527.75,786
1782876900,7527.75,7531.75,7527.75,7531.25,1139
1782877200,7531.25,7531.75,7529,7529.5,818
1782877500,7529.25,7532.75,7529.25,7532.5,603
1782877800,7532.5,7534,7532.5,7532.5,984
1782878100,7532.75,7533,7531.75,7532.75,431
1782878400,7532.5,7532.75,7528.25,7529.75,1136
1782878700,7529.75,7531.25,7529.5,7530,552
1782879000,7530,7530.75,7527.75,7528,660
1782879300,7528,7528.75,7527.25,7528.25,525
1782879600,7528,7529.75,7527,7528.5,543
1782879900,7528.25,7530.75,7527.75,7530,730
1782880200,7530.25,7530.5,7529.5,7530.25,262
1782880500,7530.25,7530.25,7527.5,7528.5,413
1782880800,7528.25,7531.5,7528,7530.75,701
1782881100,7531.25,7534,7531.25,7533,1001
1782881400,7533,7535,7533,7534.5,606
1782881700,7534.25,7534.75,7529.75,7530.5,882
1782882000,7530.75,7531.75,7528.75,7530.25,657
1782882300,7530.25,7532.5,7530,7531.5,627
1782882600,7531.25,7531.25,7530,7530.5,457
1782882900,7530.5,7531.25,7529.25,7530.5,467
1782883200,7530.5,7530.75,7528,7529.75,840
1782883500,7529.5,7529.5,7527.5,7528.25,606
1782883800,7528.5,7529.5,7527.5,7528.25,558
1782884100,7528.25,7529,7526.25,7528.5,987
1782884400,7528.5,7530,7527.75,7528.5,682
1782884700,7528.5,7530,7525.75,7526.25,798
1782885000,7526.5,7528.5,7526,7527.75,592
1782885300,7527.5,7528.5,7527,7527.5,306
1782885600,7527.5,7530,7524.75,7525.75,1315
1782885900,7525.5,7527.75,7525.25,7527.25,773
1782886200,7527,7529.25,7526,7526.5,1018
1782886500,7526.5,7528,7525.5,7525.75,706
1782886800,7526,7526.75,7525.5,7525.75,423
1782887100,7525.5,7526.5,7521.75,7525.75,2123
1782887400,7526,7527.25,7525,7525.25,692
1782887700,7525.25,7526.5,7524.5,7526,513
1782888000,7525.75,7527,7524.5,7526.75,585
1782888300,7526.75,7529.25,7526,7528.75,644
1782888600,7528.5,7528.75,7525.25,7525.25,472
1782888900,7525.5,7525.5,7522.75,7524.25,1121
1782889200,7524.5,7525.25,7520.5,7522.25,2114
1782889500,7522.5,7522.75,7519,7519.5,1498
1782889800,7519.5,7519.5,7514,7515.5,3123
1782890100,7515.5,7517,7510.5,7514.75,3152
1782890400,7514.75,7519.75,7511.25,7518.75,2343
1782890700,7518.75,7520.25,7517.75,7518.75,852
1782891000,7518.75,7521.75,7517.5,7521.25,980
1782891300,7521.25,7522,7519.25,7521.5,828
1782891600,7521.75,7521.75,7519,7519.5,710
1782891900,7519.5,7522.25,7518.25,7522,1008
1782892200,7522,7522.75,7519.5,7522,894
1782892500,7522,7524.25,7521.75,7523,857
1782892800,7523,7523.25,7520,7520.25,1507
1782893100,7520,7524.75,7519.25,7523.75,1559
1782893400,7523.75,7525.25,7522.5,7524.25,1007
1782893700,7524.25,7526.5,7523.25,7525.5,857
1782894000,7525.5,7526.5,7522.5,7524.25,933
1782894300,7524.25,7525.75,7522.5,7523.75,894
1782894600,7523.75,7526,7522,7525.25,950
1782894900,7525,7526.25,7524.5,7526,833
1782895200,7525.75,7528.5,7524.75,7527.5,1012
1782895500,7527.75,7527.75,7525,7525.5,2831
1782895800,7525.5,7529.25,7524.75,7528.5,3061
1782896100,7528.75,7529.25,7526.75,7529,3077
1782896400,7528.5,7529,7523.75,7524.25,3105
1782896700,7524.5,7526.25,7523.5,7524.75,2757
1782897000,7524.25,7526.75,7521.75,7525.75,3077
1782897300,7525.5,7526.25,7524.75,7525.75,459
1782897600,7525.75,7526.5,7525.25,7525.25,372
1782897900,7525.25,7526,7523,7525.75,446
1782898200,7525.25,7527.75,7524.75,7527,414
1782898500,7527.25,7527.5,7526.25,7527,211
1782898800,7527,7527.75,7526.5,7527,339
1782899100,7527.25,7529.25,7527,7528.5,567
1782899400,7528.5,7530,7527.5,7529.75,766
1782899700,7529.5,7531.25,7529.25,7531,901
1782900000,7531,7532.25,7530,7530.5,977
1782900300,7530.5,7530.5,7528.25,7529.25,635
1782900600,7529,7529,7526,7528.25,1059
1782900900,7528.5,7532.5,7528.5,7532,874
1782901200,7532.25,7534.75,7532.25,7534.25,1035
1782901500,7534.25,7535.5,7533.5,7534.75,820
1782901800,7534.5,7535.75,7533.75,7535.75,594
1782902100,7535.75,7536.75,7535,7536,835
1782902400,7536.25,7536.75,7531,7534.5,2166
1782902700,7534.25,7535,7533.5,7535,474
1782903000,7535,7536.75,7534.5,7536,586
1782903300,7536.25,7537.75,7535.5,7536,927
1782903600,7536,7539.5,7536,7538.5,1201
1782903900,7538.5,7539.75,7537.75,7538.75,769
1782904200,7538.75,7539.75,7536.5,7537.25,912
1782904500,7537.5,7539,7537.25,7537.25,740
1782904800,7537.25,7537.75,7536,7536.75,801
1782905100,7536.75,7538,7535.5,7536.25,551
1782905400,7536,7536.5,7534.5,7535,917
1782905700,7534.75,7535.5,7532.75,7534.75,939
1782906000,7535,7535.75,7532.25,7535.5,1267
1782906300,7535.5,7536.5,7532.5,7532.75,1042
1782906600,7532.75,7533.25,7530,7530.75,2027
1782906900,7530.5,7531.75,7530,7531,1479
1782907200,7531,7532.75,7527.25,7528,2235
1782907500,7527.75,7530.5,7527.25,7530.5,1521
1782907800,7530.5,7533.75,7530,7532.25,1957
1782908100,7532.75,7537,7532.75,7536.75,2011
1782908400,7537,7537.75,7535.5,7537.5,1208
1782908700,7537.25,7537.5,7535.5,7535.5,1240
1782909000,7535.75,7538.75,7527.75,7528.25,5591
1782909300,7528.25,7531.25,7526.25,7527,6332
1782909600,7527,7531.25,7524.75,7528,4688
1782909900,7528,7529.25,7525.5,7528,3571
1782910200,7528,7531.5,7526.25,7527.25,3309
1782910500,7527.5,7532,7525.25,7528.5,3550
1782910800,7528.25,7535,7528.25,7530,3670
1782911100,7529.75,7530.25,7523.75,7525,3717
1782911400,7525.5,7527.75,7524,7527,2857
1782911700,7527.25,7539.5,7527,7535.25,7478
1782912000,7535,7539,7534.5,7537.75,3699
1782912300,7537.75,7537.75,7528.5,7532,9611
1782912600,7532,7534,7507.25,7508.75,41133
1782912900,7508.75,7517,7506,7513.75,31647
1782913200,7513.75,7520,7510,7514.75,22234
1782913500,7514.75,7524.25,7511.25,7519.75,21232
1782913800,7519.75,7532.5,7519,7531,18029
1782914100,7530.5,7537,7528,7536,13998
1782914400,7537,7540,7533,7537.25,14784
1782914700,7537.5,7546.5,7536.5,7544.5,16482
1782915000,7544.25,7552.5,7543.5,7549.75,17731
1782915300,7550,7552,7546.75,7551,12066
1782915600,7550.75,7553.5,7549.75,7551.5,9695
1782915900,7551.5,7553.75,7550.25,7551.75,7683
1782916200,7551.75,7552.5,7543.5,7546.25,18818
1782916500,7546.5,7552.75,7543.25,7552.25,12876
1782916800,7552.5,7555.5,7548,7549.75,11703
1782917100,7549.75,7550.25,7540,7548.25,18743
1782917400,7548,7554,7547.5,7552.5,10722
1782917700,7552.25,7553.5,7547,7553.5,8716
1782918000,7553.25,7562.75,7552.25,7561.5,17155
1782918300,7561.25,7564.5,7557.75,7560.5,13528
1782918600,7560.5,7564.5,7558.5,7564.25,6805
1782918900,7564.5,7570.5,7563.75,7568.5,12127
1782919200,7568.75,7574.75,7568.5,7573,11257
1782919500,7572.75,7577.75,7572.25,7577.5,9123
1782919800,7577.25,7578.5,7570.5,7570.75,11354
1782920100,7570.75,7573,7567.5,7570.75,8723
1782920400,7570.75,7573.75,7569.25,7572.5,6128
1782920700,7572.75,7573.75,7568,7569.25,6310
1782921000,7569.25,7573,7568,7569.75,6259
1782921300,7569.75,7573.25,7568,7572.5,4880
1782921600,7572.5,7576,7571.5,7572.5,6786
1782921900,7572.75,7575.5,7571,7573.25,4300
1782922200,7573.25,7576,7571.5,7575.75,3940
1782922500,7575.5,7576.5,7573,7575.75,4183
1782922800,7575.5,7579,7574.25,7577,5621
1782923100,7577.25,7578.25,7574,7574.25,4252
1782923400,7574.5,7576.75,7574.25,7574.75,3444
1782923700,7574.75,7575,7569.75,7570,5246
1782924000,7569.75,7571.5,7567.25,7570.5,7239
1782924300,7570.75,7572.75,7567.5,7567.5,5364
1782924600,7567.5,7570,7563,7565,8971
1782924900,7565.25,7565.75,7557.5,7559.75,8547
1782925200,7559.75,7564,7558.25,7559.5,7628
1782925500,7559.25,7560.25,7554.5,7559.5,9555
1782925800,7559.25,7563,7557,7562.75,6461
1782926100,7562.75,7565.75,7561.5,7565,6032
1782926400,7565.25,7567.5,7564.75,7566.75,4269
1782926700,7566.75,7568.5,7563.5,7564,5233
1782927000,7564,7566.5,7561,7563,5186
1782927300,7563,7565.5,7561,7564,3917
1782927600,7564.25,7564.75,7559.25,7559.5,3737
1782927900,7559.25,7561,7557.25,7558.75,5094
1782928200,7559,7562,7557,7560.5,4984
1782928500,7560.75,7560.75,7556.25,7556.75,4100
1782928800,7556.75,7561.5,7556,7561.5,5016
1782929100,7561.25,7561.5,7557.25,7559.5,3094
1782929400,7559.5,7559.75,7555.25,7555.5,4063
1782929700,7555.5,7557.25,7551.5,7556.75,8326
1782930000,7557,7559.5,7555.5,7559.25,4360
1782930300,7559,7560.25,7556,7556,3135
1782930600,7556,7557.5,7554.75,7556.75,3468
1782930900,7556.75,7558.5,7555.5,7557.25,2791
1782931200,7557.25,7558,7555.25,7556.5,2613
1782931500,7556.5,7557,7551.25,7554,6054
1782931800,7554,7555,7549.25,7549.75,6543
1782932100,7549.5,7554.25,7549.25,7553.25,5096
1782932400,7553.5,7558,7552.75,7557.75,7085
1782932700,7557.75,7561.75,7557.25,7561,6970
1782933000,7561.25,7561.25,7557,7558.5,4874
1782933300,7558.5,7561,7557.75,7559,3623
1782933600,7559,7560,7557.5,7559.5,2738
1782933900,7559.75,7559.75,7553.75,7553.75,6338
1782934200,7553.75,7557.5,7553.75,7555.5,4465
1782934500,7555.5,7555.75,7551.75,7552.75,4510
1782934800,7552.5,7553,7548.75,7550.5,7972
1782935100,7550.5,7551,7547,7549.25,5428
1782935400,7549,7552.5,7543,7546.75,15026
1782935700,7546.5,7547.5,7536.5,7541.75,26539
1782936000,7542,7543,7529,7532,12934
1782936300,7532,7535,7529.75,7533.25,5220
1782936600,7533.25,7537,7532.5,7535.25,2957
1782936900,7535,7535.5,7531.25,7532,1926
1782937200,7532.25,7534.75,7531,7534.5,1218
1782937500,7534.5,7535.5,7531.5,7532.25,1467
1782937800,7532,7533,7529,7529.25,1858
1782938100,7529.5,7529.75,7525.5,7529.5,2256
1782938400,7529.5,7530.5,7529.25,7530.25,1257
1782938700,7530.5,7531.5,7529.75,7530.75,1494
1782939000,7530.75,7531.75,7528.5,7529.75,983
1782939300,7530,7534,7529.25,7533,1189
1782943200,7535.5,7539,7531.75,7533.75,2428
1782943500,7533.75,7538.25,7532.5,7535.75,1700
1782943800,7535.75,7536,7532,7532,777
1782944100,7532,7534.25,7532,7534.25,664
1782944400,7534,7538.5,7534,7537.5,1344
1782944700,7538,7538.75,7537,7538.25,586
1782945000,7538,7539.75,7537.25,7539.5,938
1782945300,7539.5,7540.25,7538.25,7539,620
1782945600,7539.25,7540.25,7538.5,7538.5,377
1782945900,7539,7539.25,7536.25,7536.75,648
1782946200,7537,7537.75,7535.75,7536.75,458
1782946500,7536.5,7541.25,7536.5,7539.75,1089
1782946800,7540.25,7540.5,7538,7538.25,694
1782947100,7538.25,7538.75,7536.5,7537.25,568
1782947400,7537.25,7538,7535.75,7536.25,613
1782947700,7536,7537,7535.25,7536.25,563
1782948000,7536.5,7537.5,7535.75,7536,391
1782948300,7536.25,7537.75,7536,7537.25,209
1782948600,7537.5,7537.75,7535.5,7535.5,426
1782948900,7535.5,7538,7534.25,7537.25,1002
1782949200,7537.25,7538,7536,7537.75,329
1782949500,7537.5,7537.5,7530,7530.25,2410
1782949800,7530.5,7535.5,7528.75,7534.25,1756
1782950100,7534.25,7535.75,7533,7534.75,854
1782950400,7534.75,7534.75,7522.75,7523,5197
1782950700,7523,7529,7522.75,7528.75,2401
1782951000,7528.75,7533,7527.75,7529,1937
1782951300,7529,7531,7526.75,7527.25,1215
1782951600,7527.5,7535.25,7526.75,7534.75,1742
1782951900,7534.5,7537,7532.25,7536.5,1414
1782952200,7536.5,7537,7533.75,7535.25,825
1782952500,7535.5,7538.75,7535,7535.75,1497
1782952800,7536,7536.5,7529.75,7530.25,1605
1782953100,7530.25,7536.25,7529.5,7535.5,1459
1782953400,7535.75,7541,7534,7540.75,1907
1782953700,7540.5,7542,7539.25,7541,1643
1782954000,7541.25,7545.25,7539.75,7545.25,2161
1782954300,7545.25,7549.25,7544.25,7548.5,2603
1782954600,7548.5,7549.75,7547.5,7549.5,1342
1782954900,7549.25,7549.75,7546.25,7549.25,1707
1782955200,7549.25,7550,7548.5,7549.75,1063
1782955500,7549.75,7550.75,7547.5,7550,1727
1782955800,7550,7553.25,7549.25,7550.75,1988
1782956100,7550.5,7554.5,7550.25,7554.5,1435
1782956400,7554.5,7555.25,7553.25,7554,1119
1782956700,7553.75,7556.5,7552.25,7554.5,1274
1782957000,7554.5,7555.25,7552.75,7553.25,832
1782957300,7553.25,7553.75,7552,7552.75,753
1782957600,7553,7553.75,7551.25,7553.25,773
1782957900,7553.25,7555.25,7552.75,7555,1019
1782958200,7555,7557,7553.5,7556.75,889
1782958500,7557,7558.25,7555.75,7556,1336
1782958800,7556.25,7556.75,7553.5,7553.5,1049
1782959100,7553.75,7556.25,7553.5,7554.5,786
1782959400,7554.75,7557,7553,7556.75,986
1782959700,7556.5,7556.75,7555,7555.25,481
1782960000,7555.5,7556.5,7555,7556,477
1782960300,7556,7557.75,7556,7556,802
1782960600,7556,7556.75,7555,7555.5,524
1782960900,7555.75,7557.5,7555.75,7557,677
1782961200,7557.25,7558,7555.25,7555.25,438
1782961500,7555.5,7555.75,7552.5,7552.75,1091
1782961800,7552.75,7554.75,7552,7554.25,858
1782962100,7554.25,7555,7552.75,7553.25,433
1782962400,7553.25,7554,7550.25,7551.25,1046
1782962700,7551.25,7553,7549.75,7552,852
1782963000,7552,7557.5,7551.5,7556.5,1922
1782963300,7556.25,7557.25,7553.25,7554.25,807
1782963600,7554.25,7554.75,7551.5,7553,727
1782963900,7553,7553.25,7551,7553,656
1782964200,7553.25,7555.75,7552.5,7555,745
1782964500,7554.25,7556.5,7554,7554.5,554
1782964800,7555,7556.25,7553.25,7553.75,604
1782965100,7553.75,7553.75,7551.5,7551.75,432
1782965400,7552,7552.25,7549,7549,843
1782965700,7549.25,7550.25,7548,7548.25,879
1782966000,7548.25,7549.25,7546.75,7549,802
1782966300,7549.25,7551,7548.25,7549.75,761
1782966600,7549.5,7550,7544.75,7545.5,1010
1782966900,7545.25,7545.75,7543.5,7544,875
1782967200,7544,7544.25,7542,7542.75,990
1782967500,7542.5,7544.75,7541.25,7543.5,987
1782967800,7543.5,7547,7543,7546.75,886
1782968100,7547,7549.5,7546.75,7548.25,689
1782968400,7548.75,7550.5,7546.25,7550,967
1782968700,7550.25,7553.25,7550,7553,950
1782969000,7553,7553.5,7551.5,7552.5,639
1782969300,7552.25,7554.25,7552,7554,641
1782969600,7553.75,7554.75,7553,7553.75,464
1782969900,7553.25,7553.5,7549.5,7549.5,816
1782970200,7549.75,7549.75,7546.5,7546.75,1179
1782970500,7547,7547.5,7542.75,7543,1135
1782970800,7543.25,7545,7541.75,7542.75,1414
1782971100,7543,7544,7541.25,7542,910
1782971400,7542.25,7544.75,7542.25,7543,850
1782971700,7543,7545,7542.25,7542.5,830
1782972000,7542.75,7544.75,7539.5,7539.75,1466
1782972300,7540,7541,7536.5,7536.5,2045
1782972600,7536.75,7537.25,7533.25,7533.75,1405
1782972900,7533.5,7537.5,7533.25,7536.5,1451
1782973200,7536.75,7538.5,7535.75,7536.5,879
1782973500,7536.5,7538.5,7533.5,7534,1059
1782973800,7534,7540,7533.5,7538.5,1479
1782974100,7538.75,7539.75,7537,7537.75,511
1782974400,7537.25,7538,7534,7535.5,658
1782974700,7535.25,7536,7529,7529.25,2237
1782975000,7529.25,7530.5,7526.5,7529,1520
1782975300,7529,7533.75,7529,7530.5,1133
1782975600,7530.5,7532.25,7527.5,7528.5,1376
1782975900,7528.5,7528.75,7524.25,7525,2050
1782976200,7525,7527.25,7520,7521,2736
1782976500,7521.25,7525.75,7520,7524,2227
1782976800,7524,7525.5,7522,7523,1278
1782977100,7522.75,7525.75,7520.5,7525.25,1137
1782977400,7525,7527.25,7524.25,7526.5,1319
1782977700,7526.75,7529,7525.25,7528.75,1107
1782978000,7528.75,7536.75,7528.25,7536,2100
1782978300,7536,7536.25,7533.25,7535.5,1088
1782978600,7535.5,7536.25,7532.75,7533.75,1000
1782978900,7533.5,7533.75,7530.5,7531,930
1782979200,7531,7532,7527.5,7531,2284
1782979500,7531.25,7534.25,7526.25,7528.25,2240
1782979800,7528.5,7528.5,7522.25,7524.5,1552
1782980100,7524.5,7530,7523.75,7529.5,1144
1782980400,7529.75,7535.25,7528.5,7534.5,1510
1782980700,7534.25,7538,7534,7536,1785
1782981000,7535.75,7541,7533.75,7540.75,2598
1782981300,7540.75,7543,7540.25,7541.25,1689
1782981600,7541,7541.75,7538.5,7539.5,1116
1782981900,7539.5,7542.25,7538.75,7542.25,825
1782982200,7542,7545,7541.75,7542.75,1518
1782982500,7542.75,7543.25,7540.5,7542.5,1082
1782982800,7542,7542.5,7537.75,7537.75,853
1782983100,7538.25,7538.25,7534.5,7536,1343
1782983400,7536,7538,7535.5,7537.5,946
1782983700,7537.5,7538.25,7535.5,7536,800
1782984000,7536,7538.25,7535.75,7537,582
1782984300,7536.75,7538.25,7535,7537.5,771
1782984600,7537.75,7541.5,7537.5,7539.25,2198
1782984900,7539.5,7542.25,7538.75,7541.25,977
1782985200,7541,7542.25,7540,7540.75,666
1782985500,7540.75,7540.75,7536.5,7539,795
1782985800,7539,7540.5,7538,7538.75,600
1782986100,7538.5,7538.5,7536,7537.25,849
1782986400,7537.25,7537.25,7532,7532.25,1461
1782986700,7532.25,7536,7531.75,7534.5,1154
1782987000,7534.25,7535.75,7533.25,7534,512
1782987300,7534,7537,7533,7537,679
1782987600,7536.75,7537,7534.75,7535.75,663
1782987900,7535.75,7538.5,7535.75,7537.5,882
1782988200,7537.5,7542.75,7537.5,7541.5,1222
1782988500,7541.5,7544,7540.75,7543.25,1278
1782988800,7543.5,7544,7540.75,7541.25,842
1782989100,7541.25,7541.75,7539.25,7540.25,795
1782989400,7540.25,7542,7539.25,7541.75,497
1782989700,7541.5,7544,7540.5,7542.75,985
1782990000,7543,7544.25,7540,7540.25,2015
1782990300,7540.25,7540.75,7538.25,7540.25,1001
1782990600,7540.25,7543.5,7539.75,7543.25,905
1782990900,7543.25,7543.75,7539,7541.25,949
1782991200,7541,7543.75,7539.5,7542.5,719
1782991500,7542.5,7544.25,7542.5,7542.75,880
1782991800,7542.5,7544,7541.5,7542,885
1782992100,7541.75,7546.75,7541.5,7546.5,1388
1782992400,7546.5,7548,7543.25,7547.25,1924
1782992700,7547.25,7549.5,7546.75,7547.25,1659
1782993000,7547,7548.75,7543.75,7543.75,1915
1782993300,7543.75,7546,7543.5,7543.5,1108
1782993600,7543.25,7548.75,7541,7547.75,2022
1782993900,7547.75,7549.5,7546.5,7548.75,1897
1782994200,7548.75,7551.75,7547.25,7550.5,2167
1782994500,7550.5,7553.5,7550.25,7551.5,2248
1782994800,7551.5,7554.75,7551,7554.75,2225
1782995100,7554.75,7558,7549.5,7558,3330
1782995400,7555.75,7575.25,7554.75,7570.5,11660
1782995700,7570.75,7576.75,7568.75,7572.25,6805
1782996000,7572.25,7574,7568,7569.75,4147
1782996300,7570,7573.75,7569.25,7571.25,3098
1782996600,7571,7572.75,7565.25,7565.75,4427
1782996900,7565.75,7566.25,7557.5,7561.75,6658
1782997200,7561.75,7565.5,7552.5,7561.5,8596
1782997500,7561.5,7561.75,7553.25,7554.25,4329
1782997800,7554.25,7557.5,7553,7554.5,3442
1782998100,7554.5,7559.5,7552.5,7559,4024
1782998400,7559,7560.5,7557.75,7558.75,3426
1782998700,7559,7561.5,7553.25,7555,6402
1782999000,7555,7568,7551.75,7566.25,37935
1782999300,7566,7573,7560.5,7568.75,26902
1782999600,7568.75,7583.5,7567,7578.5,28683
1782999900,7578.5,7588.5,7575.75,7585.25,25051
1783000200,7585.25,7594,7582.75,7586,22120
1783000500,7586,7589,7581,7588.75,15991
1783000800,7589,7592,7584.75,7588.75,15088
1783001100,7588.75,7591,7582.25,7583.75,14761
1783001400,7583.75,7593.75,7577.5,7591,21468
1783001700,7590.75,7593.25,7582.25,7587.75,18136
1783002000,7587.5,7588.75,7575.75,7577.25,24981
1783002300,7577.25,7579,7556.5,7559.75,37405
1783002600,7559.75,7574.5,7555.25,7563.25,33754
1783002900,7563.25,7572.25,7558.25,7565.25,24699
1783003200,7565.25,7567,7543.75,7549,33263
1783003500,7549.5,7557.5,7543.5,7553.25,30436
1783003800,7553.25,7558,7540.25,7545.25,25903
1783004100,7545.25,7557.5,7544.75,7557.25,19040
1783004400,7557.25,7559.25,7541,7541.5,20880
1783004700,7541.5,7544.5,7522.25,7534.25,33145
1783005000,7534.5,7546.5,7530.5,7541.25,21629
1783005300,7541.25,7544.5,7525,7526.75,21683
1783005600,7527,7540.25,7523.75,7539.75,21766
1783005900,7539.75,7541,7529,7529.25,18584
1783006200,7529,7543.25,7528.75,7541.25,16438
1783006500,7541.25,7547.75,7539.75,7542.5,13889
1783006800,7542.75,7546,7533.25,7533.25,13949
1783007100,7533.25,7537.75,7527.75,7529,13424
1783007400,7529,7529.25,7520.5,7526.5,17030
1783007700,7526.5,7530,7520.75,7526.75,12233
1783008000,7527,7529.5,7517,7523.75,15207
1783008300,7523.5,7526.5,7518,7519.75,9901
1783008600,7519.75,7527,7518,7525.25,11557
1783008900,7525.25,7526.5,7519.75,7520.75,8193
1783009200,7520.5,7521.25,7513.5,7514.5,12676
1783009500,7514.5,7520.5,7514.25,7515.5,10698
1783009800,7516,7516.25,7508.5,7508.75,12885
1783010100,7508.75,7511.75,7501.25,7506.75,17705
1783010400,7507,7513.75,7506,7512.25,13983
1783010700,7512.25,7513,7507.5,7509.75,9013
1783011000,7509.75,7513.75,7505.75,7509,9770
1783011300,7509.25,7509.25,7497.75,7501.5,12641
1783011600,7501.75,7503,7485,7488.5,18571
1783011900,7488.5,7499.5,7483.25,7495,18421
1783012200,7495,7499.5,7492,7497.5,7757
1783012500,7497,7502,7493.5,7494,10066
1783012800,7494.5,7499,7492.5,7493.5,7087
1783013100,7493.25,7496.25,7491.25,7495.25,5540
1783013400,7495,7500.75,7493.75,7494,9445
1783013700,7493.75,7495.25,7485.75,7486.75,10890
1783014000,7487,7491.75,7483.75,7490.75,9160
1783014300,7490.5,7491,7481.5,7485.75,8993
1783014600,7485.75,7490.5,7483,7489,6413
1783014900,7489,7490,7479.75,7482,8458
1783015200,7482.25,7489.25,7480,7489,8915
1783015500,7489.25,7504.5,7488.5,7504.25,16424
1783015800,7504,7508.75,7500.75,7501.75,12642
1783016100,7502,7503.5,7493,7496.25,11907
1783016400,7496.25,7502.75,7496,7501.25,6953
1783016700,7501,7506.75,7499,7506.75,7825
1783017000,7506.5,7513,7505.75,7509,11162
1783017300,7509,7512.5,7508,7511.25,6318
1783017600,7511.5,7513,7509.25,7510.25,4959
1783017900,7510.25,7512.5,7504.5,7511.75,9028
1783018200,7511.75,7514.75,7508,7508.25,7339
1783018500,7508.5,7510.5,7504.75,7509,6848
1783018800,7509.25,7510.75,7494.25,7495.75,12603
1783019100,7495.75,7500.25,7491.75,7497.5,14975
1783019400,7497.75,7501.75,7494.25,7499.75,6646
1783019700,7499.5,7500.75,7494,7496.75,5523
1783020000,7497,7497.75,7494.25,7495,4054
1783020300,7495,7505.5,7493.25,7502.5,9710
1783020600,7502.25,7508,7500.75,7507.5,7470
1783020900,7507.75,7510.75,7505,7510,7687
1783021200,7510,7513,7507,7511.75,6217
1783021500,7511.75,7513,7509,7511.75,6372
1783021800,7511.75,7523.5,7511.75,7523,19250
1783022100,7523.25,7534,7521,7526.5,34894
1783022400,7526.25,7527.25,7520.25,7520.5,12702
1783022700,7520.75,7523,7517.75,7522.25,4462
1783023000,7522.5,7525.5,7520.25,7524.25,2304
1783023300,7524.5,7525,7522.5,7522.75,1346
1783023600,7522.75,7524,7520,7520.25,1352
1783023900,7520.25,7523.25,7519.75,7521.25,917
1783024200,7521,7523.25,7519.75,7523.25,829
1783024500,7523,7524.75,7521.5,7522.25,877
1783024800,7522.25,7522.5,7519.25,7519.75,949
1783025100,7519.75,7522,7519.25,7521.5,1113
1783025400,7521.5,7522.25,7520.75,7521.25,909
1783025700,7521.25,7524.5,7520.5,7522.75,1408
1783029600,7523.5,7528.5,7523.5,7527.25,1505
1783029900,7527,7529.5,7524.25,7528.5,779
1783030200,7528.5,7529,7527.5,7528.5,330
1783030500,7528.75,7530.5,7528.5,7530,652
1783030800,7530,7531.5,7529.25,7531,381
1783031100,7530.75,7531.25,7528.5,7529,430
1783031400,7528.75,7531.5,7527.25,7531,661
1783031700,7531.25,7534.5,7530.5,7534,1214
1783032000,7534,7535.75,7533.5,7535,791
1783032300,7535.25,7535.5,7533.75,7534,502
1783032600,7533.75,7534,7532.75,7534,523
1783032900,7534,7535.75,7533.75,7535.5,756
1783033200,7535.25,7535.75,7533.5,7533.5,787
1783033500,7533.75,7534.25,7531.5,7532,922
1783033800,7532.25,7533,7529.5,7529.75,1026
1783034100,7529.75,7532.5,7529.75,7530.5,1099
1783034400,7530.5,7536,7530,7535.5,1429
1783034700,7535.75,7537,7535,7536,1035
1783035000,7536,7537.75,7534.25,7537,1066
1783035300,7537.25,7537.75,7533.75,7535,790
1783035600,7535,7536,7533,7533.25,783
1783035900,7533.5,7537.25,7532.5,7536.75,1315
1783036200,7536.5,7537.25,7534,7536.5,961
1783036500,7536.5,7536.5,7535,7536.25,429
1783036800,7536,7540.25,7530.75,7534.5,3344
1783037100,7534.25,7535.75,7529,7529,2109
1783037400,7529.25,7538,7527.25,7537.25,2503
1783037700,7537.25,7537.5,7531.5,7534.25,1780
1783038000,7534.25,7536.75,7532,7533.5,833
1783038300,7533.5,7534.75,7530,7531,999
1783038600,7531,7531.75,7527.5,7529,1421
1783038900,7528.75,7537,7528,7533.75,1759
1783039200,7533,7534.5,7530,7531.25,1148
1783039500,7531.25,7533,7528.75,7532.25,999
1783039800,7532.25,7533.5,7528.5,7530.75,995
1783040100,7530.75,7531.5,7527.75,7530,1121
1783040400,7530.25,7540.75,7529.5,7540.5,2111
1783040700,7540.25,7550,7539.75,7548,4377
1783041000,7548,7548.75,7545,7547.5,1857
1783041300,7547.5,7549.25,7544.75,7546,1532
1783041600,7546.5,7550,7546.5,7549.25,997
1783041900,7549.25,7549.75,7547.5,7547.75,1036
1783042200,7547.5,7550.25,7546,7549.75,1411
1783042500,7550,7551,7546.75,7549,1186
1783042800,7548.75,7551,7548.5,7549.75,976
1783043100,7550,7550.75,7548,7549.75,862
1783043400,7549.75,7550.5,7547.5,7550,1010
1783043700,7550.25,7550.75,7548.75,7549.25,680
1783044000,7549.5,7551,7549,7550,711
1783044300,7549.75,7552.75,7549.75,7552.5,1074
1783044600,7552.5,7552.75,7549,7549.25,1202
1783044900,7549.25,7551.5,7548.75,7549.25,687
1783045200,7549.25,7551.5,7549.25,7551.25,359
1783045500,7551.25,7553.25,7551,7552.5,688
1783045800,7552.5,7552.75,7551,7551,656
1783046100,7551,7551,7548.75,7550,864
1783046400,7550,7550.5,7548.25,7550,693
1783046700,7550.25,7552.25,7550,7552,615
1783047000,7552,7552.5,7550.75,7551.5,471
1783047300,7551.75,7553.5,7551,7552.75,586
1783047600,7552.5,7552.5,7551,7551.5,458
1783047900,7551.5,7552.75,7550.25,7551,451
1783048200,7550.75,7551.75,7549.75,7551.75,471
1783048500,7551.75,7552.5,7551.25,7552,361
1783048800,7552,7553.25,7551.5,7552,433
1783049100,7552,7554.25,7551.25,7554,569
1783049400,7554,7555.5,7552.25,7552.75,1110
1783049700,7552.5,7553,7549.75,7549.75,673
1783050000,7549.75,7550.25,7548.25,7548.5,684
1783050300,7548.5,7552.25,7547.75,7551.75,771
1783050600,7552,7552.5,7551,7551.75,393
1783050900,7551.75,7554.5,7551.75,7554,640
1783051200,7554.25,7554.75,7553.5,7554,506
1783051500,7554.25,7554.75,7553.75,7554.5,325
1783051800,7554.5,7555.25,7553.25,7554.75,353
1783052100,7554.75,7555.25,7554.25,7555.25,408
1783052400,7555.25,7555.5,7554.75,7555.25,289
1783052700,7555,7556.5,7554.5,7555.75,546
1783053000,7555.75,7556,7554.5,7554.5,328
1783053300,7554.25,7556.25,7553.75,7556.25,405
1783053600,7556,7556.75,7555.25,7556.25,611
1783053900,7556.25,7556.75,7554.5,7554.5,407
1783054200,7554.5,7557.25,7554,7556,567
1783054500,7556.25,7556.5,7554.75,7554.75,373
1783054800,7554.75,7555.75,7550.5,7553.25,1935
1783055100,7553,7554.5,7551.75,7552.5,644
1783055400,7552.25,7554,7552,7552.75,620
1783055700,7552.75,7553,7551.75,7552.5,355
1783056000,7552.25,7552.25,7550.5,7551.5,485
1783056300,7551.5,7553.25,7551.25,7552.75,576
1783056600,7552.5,7554.75,7552,7554.75,617
1783056900,7554.75,7555.75,7552.75,7553.5,757
1783057200,7553.75,7554,7551.75,7552,501
1783057500,7552.25,7553.25,7551.25,7553.25,474
1783057800,7553.25,7554.75,7552.5,7553.25,499
1783058100,7553,7554.75,7552.25,7554.75,311
1783058400,7554.5,7558.25,7554,7557.75,1152
1783058700,7557.75,7561.25,7557.75,7560.25,1580
1783059000,7560.5,7561,7559.25,7559.25,557
1783059300,7559.25,7560,7558.25,7559.25,417
1783059600,7559.25,7559.25,7556,7556.25,511
1783059900,7556,7558.25,7556,7558.25,581
1783060200,7558.5,7562,7557.5,7561.5,926
1783060500,7561.5,7562.75,7561,7561.75,729
1783060800,7561.75,7565.25,7560.75,7563,1349
1783061100,7563,7563.5,7560.25,7560.5,516
1783061400,7560.75,7561,7558.5,7559,515
1783061700,7559,7559.5,7558,7558.5,424
1783062000,7558.25,7559.75,7557.5,7559,804
1783062300,7558.75,7560.75,7557.75,7560,791
1783062600,7560,7560.75,7556.75,7557.25,643
1783062900,7557.25,7557.75,7555.75,7556.75,641
1783063200,7557,7558.25,7555.25,7557.25,536
1783063500,7557.25,7558.5,7555.75,7556.5,578
1783063800,7556.75,7557.5,7553.25,7554.25,809
1783064100,7554,7556.25,7553.75,7555,414
1783064400,7555.25,7555.5,7552.75,7553,714
1783064700,7553.25,7554.25,7552.25,7553.5,426
1783065000,7553.75,7553.75,7552.75,7553.25,266
1783065300,7553.25,7553.75,7551.75,7552,316
1783065600,7552,7552.25,7550.25,7551.5,780
1783065900,7551.5,7553.5,7550.25,7551.25,439
1783066200,7551.5,7553,7550.25,7551.25,890
1783066500,7551.25,7552.75,7551,7552.25,325
1783066800,7552,7552.25,7549.5,7550.75,548
1783067100,7551,7551.75,7549.5,7550.5,495
1783067400,7550.25,7550.75,7548.75,7549.5,614
1783067700,7549.5,7552,7549.25,7551.75,431
1783068000,7551.5,7553,7551,7552,585
1783068300,7551.75,7552,7546.5,7546.75,838
1783068600,7546.5,7548,7546.5,7547.25,522
1783068900,7547.25,7548.75,7546.75,7547.25,292
1783069200,7547.5,7547.75,7545.75,7546.75,674
1783069500,7546.75,7547.5,7546,7546.5,366
1783069800,7546.25,7551,7546.25,7551,687
1783070100,7551,7551.5,7549.5,7550.75,476
1783070400,7550.5,7552.25,7550.25,7551.5,564
1783070700,7551.25,7551.75,7549.75,7550.75,275
1783071000,7551,7552.25,7549.75,7549.75,397
1783071300,7550,7551.25,7549.25,7550.25,421
1783071600,7550,7553.25,7549.75,7552.25,548
1783071900,7552,7552.75,7550.25,7550.5,591
1783072200,7550.75,7551.5,7548.5,7549.75,537
1783072500,7549.5,7550.25,7547.75,7548.5,642
1783072800,7548.5,7548.75,7547,7548.75,363
1783073100,7548.75,7549.75,7548.25,7549.5,494
1783073400,7549.5,7551.25,7549,7550.5,471
1783073700,7550.75,7550.75,7549.25,7550,302
1783074000,7549.75,7551,7549.25,7551,260
1783074300,7550.75,7552,7550,7551.25,356
1783074600,7551.25,7552,7550.75,7551.75,307
1783074900,7551.75,7552.25,7551.25,7552.25,334
1783075200,7552.25,7553.75,7551,7553.5,502
1783075500,7553.75,7554,7551.75,7552.75,327
1783075800,7552.5,7552.75,7552,7552.5,197
1783076100,7552.5,7552.75,7551.25,7552,218
1783076400,7551.75,7551.75,7548.75,7550.25,707
1783076700,7550.25,7550.25,7548.25,7549,365
1783077000,7549,7550.25,7548.25,7549.25,320
1783077300,7549.5,7550.25,7549,7549,232
1783077600,7549.25,7550,7548.75,7549,221
1783077900,7549,7549,7546.5,7547.75,700
1783078200,7547.75,7549.75,7546.75,7549.5,627
1783078500,7549.5,7549.5,7547.75,7547.75,375
1783078800,7548,7549.75,7547.75,7548.5,566
1783079100,7548.5,7550,7548.25,7549.75,311
1783079400,7549.75,7551.75,7549.5,7551.25,624
1783079700,7551.25,7552.75,7551,7552.5,860
1783080000,7552.75,7556.25,7552.5,7555.75,1638
1783080300,7555.75,7556.5,7553,7553.25,991
1783080600,7553.25,7553.25,7550.75,7551.5,1174
1783080900,7551.25,7552.25,7549,7549.5,911
1783081200,7549.25,7550.5,7549,7550,452
1783081500,7550.5,7551.5,7550,7551,409
1783081800,7551,7552.5,7550.25,7551.25,586
1783082100,7551,7552.5,7550,7552.5,632
1783082400,7552.25,7552.75,7551,7551.5,483
1783082700,7551.25,7553,7551.25,7552.5,384
1783083000,7552.5,7553.25,7551.5,7552.25,416
1783083300,7552.5,7552.75,7551.75,7552.75,370
1783083600,7552.75,7554.5,7552.75,7553.5,1207
1783083900,7553.75,7553.75,7551.5,7552.75,832
1783084200,7553,7553.25,7551,7551.5,813
1783084500,7551.75,7553.5,7551.5,7553,837
1783084800,7553,7555.5,7553,7554.25,1082
1783085100,7554.5,7554.5,7552.75,7554.5,721
1783085400,7554.75,7559.25,7553,7553.5,5023
1783085700,7553.75,7555.5,7552.25,7552.75,2697
1783086000,7553,7556.25,7552.25,7553,2302
1783086300,7553,7555,7549.75,7550,2905
1783086600,7550,7552.25,7549.25,7551,2538
1783086900,7551,7554.25,7550,7554.25,2263
1783087200,7554.25,7554.75,7552,7553,1885
1783087500,7553,7554.25,7551,7552,1842
1783087800,7552,7552.25,7550.25,7551,1097
1783088100,7551,7555.5,7551,7553.5,2428
1783088400,7553.5,7556,7551.5,7555,1908
1783088700,7555.25,7555.75,7554.5,7554.5,911
1783089000,7554.75,7555.5,7554.25,7555,962
1783089300,7555,7557,7554.5,7557,1231
1783089600,7557,7561.75,7556.75,7558.75,4083
1783089900,7558.5,7561,7557.5,7559.5,1672
1783090200,7559.5,7561.25,7559,7560.25,1609
1783090500,7560.5,7561.25,7559,7560.25,1172
1783090800,7560.25,7560.5,7557,7557.25,2246
1783091100,7557.25,7559,7557,7557.75,1008
1783091400,7557.75,7560.5,7557.5,7558.5,1346
1783091700,7558.5,7560.5,7558.25,7559.5,1090
1783092000,7559.75,7560,7556.5,7557,1198
1783092300,7557,7557.25,7555.25,7555.25,1587
1783092600,7555.5,7556.75,7554.25,7555.5,1940
1783092900,7555.5,7558,7555,7556.75,1459
1783093200,7557,7558.25,7555.75,7557.5,956
1783093500,7557.75,7559.75,7557.5,7559.25,1061
1783093800,7559.25,7559.5,7558,7559.5,602
1783094100,7559.5,7560,7558.5,7558.75,762
1783094400,7558.75,7559,7557.5,7557.75,669
1783094700,7557.75,7558,7556.75,7557.75,597
1783095000,7557.75,7558.5,7557,7557.25,798
1783095300,7557.25,7558.5,7557,7557,549
1783095600,7557,7557.5,7554.75,7555,1098
1783095900,7555,7556,7554.25,7554.75,727
1783096200,7555,7556.25,7553.5,7556,1219
1783096500,7556.25,7557.5,7555,7557,725
1783096800,7557.25,7558.75,7556.75,7558.25,756
1783097100,7558.5,7559.25,7555,7555.75,1544
1783097400,7555.5,7557,7555.25,7556.75,601
1783097700,7556.75,7558.75,7555.75,7557.25,1069
1783288800,7562.75,7569,7554.25,7554.5,4212
1783289100,7554.5,7558,7551.25,7555,2914
1783289400,7555.25,7557.5,7554,7556.75,1842
1783289700,7557.25,7559.75,7556,7558.5,1650
1783290000,7558.75,7562.5,7558.25,7561.75,2297
1783290300,7561.25,7562.25,7559,7561.5,1241
1783290600,7561.75,7565,7561.25,7564.75,1668
1783290900,7564.75,7566,7563.5,7565.75,1343
1783291200,7565.75,7566.25,7563.75,7565.5,1184
1783291500,7565.5,7568,7565,7567,1169
1783291800,7567.25,7567.25,7563.25,7564,1365
1783292100,7564.25,7564.25,7561.75,7562.75,1256
1783292400,7562.75,7563.75,7560.75,7563.25,1418
1783292700,7563.25,7565,7563,7563.75,820
1783293000,7563.5,7568.5,7562.25,7568,2899
1783293300,7568,7569,7567.25,7567.75,987
1783293600,7567.5,7568,7565.25,7565.75,743
1783293900,7565.75,7566.5,7564.5,7565.25,1000
1783294200,7565.25,7568.75,7564.5,7567.25,1137
1783294500,7567.5,7567.75,7565.25,7565.75,613
1783294800,7566,7566.5,7564.5,7565.5,665
1783295100,7565.25,7567.75,7563.75,7567.25,1553
1783295400,7567,7570,7566.5,7567.75,1681
1783295700,7568,7570.75,7566.75,7569.75,1678
1783296000,7570,7570.5,7559.75,7566.5,4807
1783296300,7566.75,7570,7564,7569,2273
1783296600,7568.75,7570,7566,7570,1332
1783296900,7569.75,7574,7569,7569.25,3373
1783297200,7569.25,7569.75,7565.5,7567,1826
1783297500,7567.25,7567.75,7559,7559.75,2847
1783297800,7559.75,7564.5,7557.25,7562.5,3179
1783298100,7562.5,7566,7560.5,7565,1534
1783298400,7565.25,7567.5,7564.25,7566.25,1598
1783298700,7566.25,7570.75,7566.25,7567.75,2039
1783299000,7567.75,7569.25,7564.75,7567.5,1936
1783299300,7567.5,7568.75,7564.5,7566,1203
1783299600,7566,7566.5,7562.75,7563,1270
1783299900,7562.75,7564,7560.75,7562.75,1402
1783300200,7562.75,7564.5,7560,7563,1427
1783300500,7562.75,7563.75,7560.75,7563.25,792
1783300800,7563.25,7564.25,7557.25,7557.75,1645
1783301100,7558,7558.5,7552.5,7556.5,2947
1783301400,7556.25,7561,7556,7559.75,1858
1783301700,7559.5,7560.5,7557.5,7560,947
1783302000,7560,7561.75,7557,7557.5,1409
1783302300,7557.75,7557.75,7552,7552.25,1905
1783302600,7552.5,7553.25,7550.25,7551,2023
1783302900,7551,7555.25,7549.75,7553.5,1945
1783303200,7553.75,7555.75,7552.25,7555,1549
1783303500,7555,7555,7551.5,7551.75,964
1783303800,7552,7552.25,7548,7548.75,1642
1783304100,7548.75,7550.5,7546.5,7548.25,1825
1783304400,7548,7550.75,7547.5,7549.5,909
1783304700,7549.5,7550.25,7546.75,7547.25,1140
1783305000,7547.25,7548.25,7543.25,7545,2276
1783305300,7545.25,7546,7543.25,7543.25,1066
1783305600,7543.25,7543.75,7541,7541.5,1890
1783305900,7541.75,7544.25,7541.5,7542.5,1070
1783306200,7542.75,7543.25,7540.25,7543.25,914
1783306500,7543,7545.25,7541.75,7544.25,1307
1783306800,7544.25,7545.5,7542.25,7545.25,1248
1783307100,7545,7545.5,7543.75,7545,613
1783307400,7545,7547,7541.25,7544.25,2289
1783307700,7544.5,7546.25,7543.25,7543.75,1030
1783308000,7543.5,7544.5,7542.5,7544.5,519
1783308300,7544.5,7546.25,7543.75,7546,499
1783308600,7546,7547.5,7543.5,7546.25,1327
1783308900,7546.5,7547.75,7545,7545.75,969
1783309200,7545.75,7546,7541.5,7541.75,1334
1783309500,7541.5,7543.25,7539.5,7540.25,1313
1783309800,7540.25,7542,7538,7538.5,1587
1783310100,7539,7543,7538.25,7542,1029
1783310400,7542.5,7543.5,7539.75,7543.25,855
1783310700,7543.25,7544,7540.5,7541.5,725
1783311000,7541.5,7547,7541.5,7546.5,1012
1783311300,7546.5,7547.5,7545.5,7547,852
1783311600,7547,7547.75,7546,7547.5,643
1783311900,7547.75,7548.75,7546.5,7547.75,594
1783312200,7547.75,7550,7547,7547.25,1215
1783312500,7547.25,7549.75,7547,7549.5,782
1783312800,7549.5,7551.75,7548.5,7551,852
1783313100,7550.75,7551.5,7549.25,7550.25,582
1783313400,7550,7551.25,7549.5,7551.25,453
1783313700,7551.25,7553,7551,7552,845
1783314000,7552.5,7552.75,7549.25,7549.75,813
1783314300,7549.5,7554,7549.5,7551.25,921
1783314600,7551.5,7554,7551,7552.75,491
1783314900,7552.75,7554.5,7552.5,7554.25,413
1783315200,7554.25,7554.75,7549.25,7550.5,1124
1783315500,7550,7551.75,7548.5,7549,845
1783315800,7549,7549,7544.75,7545.75,1021
1783316100,7545.5,7548.5,7545.5,7547.75,717
1783316400,7547.5,7552,7547.5,7550.5,1050
1783316700,7550.5,7551,7548.25,7548.5,611
1783317000,7548.75,7552.5,7548.25,7551.75,577
1783317300,7551.75,7552.25,7549.5,7549.75,384
1783317600,7550,7552.25,7549.25,7550.5,533
1783317900,7551,7551.5,7548.5,7549,479
1783318200,7548.75,7549.25,7546.25,7547,576
1783318500,7546.75,7549,7546.25,7547.75,424
1783318800,7547.5,7549.75,7547,7549,406
1783319100,7549.25,7551.75,7548.5,7551,521
1783319400,7550.75,7553.75,7550,7553,787
1783319700,7553.25,7554.5,7553,7553.75,792
1783320000,7554,7555.75,7553.75,7555,1001
1783320300,7554.75,7555,7552.5,7553.75,627
1783320600,7553.75,7555,7552.75,7553.75,350
1783320900,7553.5,7554.75,7553,7554.5,329
1783321200,7554.25,7555.75,7552.5,7555.5,779
1783321500,7555.75,7558,7555.5,7556.25,1221
1783321800,7556.5,7557.75,7555.25,7556.25,677
1783322100,7556.5,7558.75,7556.5,7558.5,681
1783322400,7558.75,7558.75,7555.75,7556.75,540
1783322700,7556.75,7556.75,7554.5,7555.25,584
1783323000,7555.5,7558.5,7554.5,7558,583
1783323300,7558,7559,7556.5,7557.25,348
1783323600,7558,7563,7558,7562.5,996
1783323900,7562.5,7562.75,7561.25,7562.25,649
1783324200,7562.25,7563,7561.5,7562.25,396
1783324500,7562.25,7563.5,7561.5,7563,475
1783324800,7563,7566,7562,7564.25,1295
1783325100,7564.25,7566.75,7563.75,7565.5,850
1783325400,7565.25,7565.75,7558.5,7560.5,1571
1783325700,7560.75,7561,7556.5,7561,1166
1783326000,7561,7562,7559.75,7561.5,506
1783326300,7561.75,7562.5,7561,7562.25,452
1783326600,7562,7562.25,7559.25,7559.25,798
1783326900,7559.5,7560.25,7557.75,7559.5,516
1783327200,7559.5,7562.5,7559.5,7561.5,505
1783327500,7561.75,7561.75,7560,7561.25,406
1783327800,7561.5,7562.25,7560.5,7561.25,299
1783328100,7561.25,7563.5,7560.75,7562.75,447
1783328400,7562.75,7563,7560.25,7561.25,552
1783328700,7561,7563,7560.5,7561.5,276
1783329000,7561.5,7561.5,7558.75,7560,582
1783329300,7560.25,7561.5,7559.5,7559.75,361
1783329600,7559.75,7562,7558.75,7561.25,326
1783329900,7561,7562.75,7561,7562.25,448
1783330200,7562.5,7562.5,7559,7560.25,408
1783330500,7560.25,7562.5,7560.25,7561.75,339
1783330800,7561.75,7562.5,7560,7560,368
1783331100,7560,7560.5,7557,7557.75,686
1783331400,7557.75,7565,7557.75,7564.75,1251
1783331700,7564.75,7565.5,7563.75,7565,555
1783332000,7565,7566.5,7562,7562.5,1124
1783332300,7562.25,7562.5,7560.5,7560.75,602
1783332600,7561,7565,7560.5,7564.75,538
1783332900,7564.75,7565.75,7564,7565,539
1783333200,7565,7565.75,7563.25,7563.25,367
1783333500,7563.25,7564,7562.25,7562.5,398
1783333800,7562.75,7565.5,7562.5,7565.25,423
1783334100,7564.75,7565.75,7563.75,7564.75,325
1783334400,7564.75,7565,7561,7561,583
1783334700,7560.75,7561.75,7559.25,7561,534
1783335000,7561,7562.25,7560.5,7561.5,415
1783335300,7562,7563.25,7561.5,7563,534
1783335600,7563.25,7565.25,7559.75,7560,1031
1783335900,7560,7560.75,7558.25,7558.5,938
1783336200,7559,7560.25,7558.5,7559.75,620
1783336500,7560.25,7561.25,7559.5,7560.75,457
1783336800,7561.25,7563.25,7559.75,7560.25,739
1783337100,7560,7562,7559.5,7560,616
1783337400,7559.5,7562.5,7559.5,7562.25,524
1783337700,7562.5,7562.5,7560,7560.5,471
1783338000,7560.75,7561,7559.5,7561,503
1783338300,7561,7563,7560.25,7561.25,762
1783338600,7561.25,7561.5,7557.5,7558.25,1052
1783338900,7558,7560.75,7556,7556.5,1775
1783339200,7556.5,7563.75,7555.25,7562.5,3509
1783339500,7562.5,7563.5,7560.25,7562.75,1269
1783339800,7562.75,7563.25,7561.25,7562.5,904
1783340100,7562.75,7564.75,7562.25,7563.75,1436
1783340400,7563.75,7564,7556.25,7556.5,1978
1783340700,7556.25,7558.75,7556.25,7558.25,1336
1783341000,7558,7559.75,7556.5,7557.25,1113
1783341300,7557.25,7563.5,7557,7562,2110
1783341600,7561.75,7562,7558.25,7559,1479
1783341900,7559.25,7560.5,7559,7560,612
1783342200,7560,7562.75,7559.25,7562.5,977
1783342500,7562.5,7562.75,7561,7562.5,843
1783342800,7562.75,7563.5,7556.5,7558,2740
1783343100,7558,7558.25,7556,7556.5,1399
1783343400,7556.5,7558.25,7555,7555.25,2307
1783343700,7555.25,7556.25,7552.5,7553.75,3299
1783344000,7554,7555.75,7552,7553.75,3202
1783344300,7553.75,7565.5,7553.75,7565,7258
1783344600,7564.75,7573.25,7559.25,7570.25,28981
1783344900,7570,7570.25,7552.25,7561.5,22615
1783345200,7561.75,7565.5,7555.25,7565.25,15833
1783345500,7565,7569.5,7561.25,7568,14625
1783345800,7568,7574,7560.75,7567.25,20428
1783346100,7567.25,7568.5,7561.75,7564.5,10195
1783346400,7564.25,7569.25,7556.25,7562.75,17674
1783346700,7562.25,7570,7559,7566.75,12543
1783347000,7567,7573.5,7564.5,7573,10441
1783347300,7573,7573.75,7568.25,7570.75,10086
1783347600,7570.75,7577.75,7569.25,7575.5,13550
1783347900,7575.75,7579,7574.75,7578.75,10647
1783348200,7578.75,7581.25,7575.25,7576.25,12262
1783348500,7576.25,7578,7573.5,7576,9420
1783348800,7575.75,7577.25,7570,7575.75,13904
1783349100,7576.25,7578,7574,7576.5,6808
1783349400,7576.5,7579.75,7575,7578,7879
1783349700,7578.25,7582.5,7576.25,7582,7935
1783350000,7582.25,7583.5,7578.75,7581,10037
1783350300,7581,7582.25,7579.25,7582,5777
1783350600,7582.25,7583.75,7577.75,7580.5,8922
1783350900,7580.5,7580.5,7575.25,7579,9178
1783351200,7579.25,7582.75,7576.5,7582.25,7518
1783351500,7582,7587.25,7581.25,7587,10805
1783351800,7587,7589,7585,7585.5,9537
1783352100,7585.5,7586.25,7582.75,7585.5,5835
1783352400,7585.5,7587.5,7584.75,7587.25,4463
1783352700,7587.5,7588.75,7585.5,7588,4112
1783353000,7587.75,7589,7585.25,7585.25,4764
1783353300,7585.5,7588.5,7585.25,7587.75,3367
1783353600,7587.5,7588,7585.5,7587,3328
1783353900,7587.25,7589.5,7586.5,7588.25,3777
1783354200,7588.25,7590.25,7587.75,7588.75,3955
1783354500,7589,7589.75,7587.5,7589.25,2687
1783354800,7589.25,7591,7587.5,7588,3653
1783355100,7588,7588.5,7584.75,7585.75,5720
1783355400,7585.75,7586.75,7583.75,7585.25,5368
1783355700,7585.25,7585.75,7583,7585.25,4080
1783356000,7585.25,7586.75,7585,7586.5,3120
1783356300,7586.5,7589.75,7585,7589.5,5417
1783356600,7589.5,7590.25,7585.25,7585.5,4953
1783356900,7585.5,7586.5,7581.5,7583.75,6909
1783357200,7583.75,7589,7583,7587.75,6497
1783357500,7588,7594.75,7587.75,7593.25,10677
1783357800,7593.25,7594.25,7591.25,7592.75,4566
1783358100,7593,7593.75,7589,7590,4380
1783358400,7590,7590.5,7587.25,7589,4489
1783358700,7588.75,7590.25,7585.25,7586.25,4642
1783359000,7586,7586.75,7581.75,7582.5,8150
1783359300,7582.25,7584.25,7580.5,7582.25,6910
1783359600,7582.25,7582.25,7575,7579.5,11924
1783359900,7579.25,7583,7577.25,7581.75,7508
1783360200,7582,7584.25,7579,7579.5,5883
1783360500,7579.5,7580.5,7578,7580.25,4248
1783360800,7580,7586.5,7580,7585.75,7959
1783361100,7585.75,7590,7585,7588.5,6056
1783361400,7588.75,7589.25,7587,7589,3133
1783361700,7589.25,7594.25,7589,7592.5,8047
1783362000,7592.25,7594,7591,7593.75,3125
1783362300,7593.5,7595,7591.5,7592,4877
1783362600,7592.25,7594,7589.75,7590.25,3834
1783362900,7590,7591.75,7588.75,7589.5,3837
1783363200,7589.5,7592.5,7589.5,7591,3329
1783363500,7591.25,7595.75,7590.75,7594.75,5717
1783363800,7594.75,7597,7594.25,7597,4404
1783364100,7597,7599,7595.5,7598.25,5617
1783364400,7598.25,7600,7595.25,7597.25,6853
1783364700,7597.25,7598.5,7595,7596,5046
1783365000,7596,7597.75,7595,7596.25,4919
1783365300,7596.25,7599.75,7595,7599.5,5180
1783365600,7599.25,7602.25,7598,7601.25,6642
1783365900,7601,7602,7599.25,7600.75,4411
1783366200,7601,7601,7597.25,7598.5,6104
1783366500,7598.75,7599.75,7595.75,7597.75,5834
1783366800,7598,7598.75,7596,7598.5,4322
1783367100,7598.5,7600.5,7597.25,7597.75,5520
1783367400,7597.75,7598.25,7591,7591.25,15204
1783367700,7591.5,7593.75,7587.75,7593.5,22998
1783368000,7593.5,7595.75,7591.25,7592.75,6719
1783368300,7592.75,7596.75,7592,7596.25,2589
1783368600,7596.5,7597.25,7594.5,7596.5,1585
1783368900,7596.25,7598.25,7596,7597.25,1261
1783369200,7597.25,7597.5,7595.5,7596,763
1783369500,7596,7596,7594.25,7595.75,1044
1783369800,7595.75,7597,7595.5,7596.5,924
1783370100,7596.5,7596.5,7595,7596.25,589
1783370400,7596,7597,7595.5,7596.75,854
1783370700,7596.5,7597,7594.25,7594.75,1383
1783371000,7594.75,7596,7593.75,7595.5,1099
1783371300,7595.5,7598,7595,7596.5,862
1783375200,7597.5,7599.75,7595.75,7598.75,1232
1783375500,7598.5,7598.5,7596,7597.5,597
1783375800,7597.75,7599.5,7597.25,7599.5,553
1783376100,7599.5,7600.25,7598.75,7599.5,639
1783376400,7599.5,7601,7599.25,7600.25,613
1783376700,7600.5,7600.5,7598.25,7598.5,830
1783377000,7598.75,7600.5,7597.25,7599.25,986
1783377300,7599.25,7600.5,7598.5,7599,523
1783377600,7599,7600.75,7598.5,7599,396
1783377900,7598.75,7598.75,7594.75,7596.25,1531
1783378200,7596.25,7596.75,7594.25,7594.75,657
1783378500,7594.75,7595.25,7592.75,7593.75,1150
1783378800,7593.75,7598,7593.5,7596.75,1192
1783379100,7596.75,7597.5,7595,7596,545
1783379400,7596,7597.25,7595.5,7595.75,437
1783379700,7595.75,7595.75,7592,7592.25,1083
1783380000,7592.25,7593.75,7591.5,7593.25,1166
1783380300,7593.5,7594.25,7592,7593,779
1783380600,7592.75,7594,7591.25,7591.5,667
1783380900,7591.75,7592.25,7591.25,7591.5,428
1783381200,7591.5,7592,7589.75,7590.25,1292
1783381500,7590.25,7590.25,7586.75,7587.5,2323
1783381800,7587.25,7587.5,7584.75,7585.5,1841
1783382100,7585.75,7586.5,7584.25,7585.75,1225
1783382400,7585.5,7588.5,7583.5,7587.5,2439
1783382700,7588,7590.5,7586.75,7588.75,1646
1783383000,7588.75,7588.75,7584.5,7586.25,1598
1783383300,7586.25,7589.75,7585,7589.5,1409
1783383600,7589.5,7594,7589.25,7593,2582
1783383900,7593.25,7595.5,7587.5,7590.25,2203
1783384200,7590.25,7591.25,7587.25,7587.5,1111
1783384500,7587.25,7588,7583.5,7585.25,1848
1783384800,7585,7588,7584,7587,1369
1783385100,7587,7589,7585.25,7587.75,1288
1783385400,7587.75,7589.25,7586.25,7589,649
1783385700,7588.75,7589.5,7584.75,7585,1177
1783386000,7585.25,7587,7583.75,7585,1371
1783386300,7585,7587.25,7584.75,7586.25,956
1783386600,7586.25,7587.5,7584.75,7585,767
1783386900,7585.25,7586,7584,7584.75,1027
1783387200,7584.75,7585,7582.25,7582.5,1527
1783387500,7582.25,7583,7580.75,7582,1462
1783387800,7581.5,7583.25,7579,7582.5,2347
1783388100,7582.25,7585.5,7582.25,7585,1525
1783388400,7585,7586.25,7582.75,7585.75,1179
1783388700,7586,7588,7586,7587.25,1120
1783389000,7587.5,7588.75,7586.25,7588.25,949
1783389300,7588.25,7588.25,7582.75,7583.5,1258
1783389600,7583.5,7585.5,7582.5,7584.75,1011
1783389900,7584.75,7587.5,7584,7586,772
1783390200,7586,7586.75,7585,7586,373
1783390500,7586,7587,7584.75,7586,410
1783390800,7586,7586,7583,7583.5,781
1783391100,7583.5,7583.75,7582.25,7582.5,524
1783391400,7582.25,7582.25,7579.75,7580,1204
1783391700,7580,7582.75,7579.75,7582.25,1134
1783392000,7582.5,7583,7581,7582.5,674
1783392300,7582.25,7582.5,7580.25,7581,427
1783392600,7581,7581.5,7579.75,7581.25,714
1783392900,7581.25,7581.5,7578.5,7578.75,997
1783393200,7579.25,7582.5,7578.75,7582.25,818
1783393500,7582,7583.25,7580.5,7582.75,760
1783393800,7582.75,7583,7579.75,7580,541
1783394100,7580,7580.25,7578,7579.25,907
1783394400,7579,7579.5,7576.75,7577.5,934
1783394700,7577.25,7578.5,7574.75,7575.25,1659
1783395000,7575.25,7576.5,7573.25,7575.25,1976
1783395300,7575.25,7577,7575,7576,817
1783395600,7575.75,7576.25,7574.25,7574.5,858
1783395900,7574.5,7574.5,7571,7572.25,1975
1783396200,7572.25,7573,7570.5,7571.5,815
1783396500,7571.5,7574.75,7570.75,7574,998
1783396800,7574.25,7574.75,7572,7573.75,815
1783397100,7573.5,7575,7573,7573.75,650
1783397400,7573.75,7574,7571.75,7571.75,499
1783397700,7571.75,7572.5,7569.5,7570.5,1175
1783398000,7570.5,7571,7569.25,7569.75,429
1783398300,7569.75,7571.5,7569.25,7571.25,514
1783398600,7571.25,7573.25,7570.5,7571,602
1783398900,7571,7571.25,7567,7569.5,1354
1783399200,7569,7570.25,7568.75,7568.75,450
1783399500,7569,7569.5,7567.75,7568.25,465
1783399800,7568.25,7569.25,7567.25,7567.75,487
1783400100,7567.75,7568.75,7566.5,7568.75,683
1783400400,7568.75,7568.75,7566.5,7567.25,605
1783400700,7567.25,7568,7564.75,7565.5,941
1783401000,7565.75,7566.5,7565,7565.25,718
1783401300,7565.25,7566.25,7564.25,7564.5,937
1783401600,7564.5,7566.5,7564.25,7565.5,721
1783401900,7565.5,7566.25,7563,7565.75,1205
1783402200,7566,7570.75,7566,7569.25,2022
1783402500,7569,7571.25,7568.75,7570.25,1154
1783402800,7570.5,7572.25,7570,7571,983
1783403100,7570.75,7571.25,7568.75,7569.25,803
1783403400,7569.25,7572.5,7569.25,7572.25,754
1783403700,7572.25,7575,7572,7573.5,1035
1783404000,7573.25,7574.75,7571.75,7572.5,750
1783404300,7572.5,7572.5,7569.25,7569.75,939
1783404600,7569.75,7570,7567,7567.75,868
1783404900,7567.75,7570,7567.25,7568.25,649
1783405200,7568,7571.75,7567.5,7571,1389
1783405500,7571,7572.25,7570,7570.75,586
1783405800,7570.75,7571.25,7569,7571,564
1783406100,7571,7573,7570.5,7571.75,601
1783406400,7571.75,7573.5,7571.5,7573.5,432
1783406700,7573.25,7573.5,7570.25,7571,503
1783407000,7571,7574,7570.75,7573.25,346
1783407300,7573.25,7574.5,7573,7573.5,530
1783407600,7573.75,7576,7571.25,7575.75,1988
1783407900,7575.5,7576.5,7574.75,7575,792
1783408200,7575.25,7577.75,7573.5,7576.5,940
1783408500,7576.75,7579.25,7576.25,7577.25,1046
1783408800,7577.5,7579.75,7576.5,7578,969
1783409100,7578,7580,7577.75,7579.5,716
1783409400,7579,7579.5,7577.75,7578.5,586
1783409700,7578.25,7578.75,7576.5,7577.25,467
1783410000,7577.25,7578.25,7577,7577,295
1783410300,7577,7578.25,7576,7576.5,654
1783410600,7576.5,7577,7573.75,7574,973
1783410900,7574,7574.25,7571.75,7572,854
1783411200,7572.25,7575,7570.5,7572.75,1943
1783411500,7572.75,7573.25,7571.25,7572.5,569
1783411800,7572.75,7578.5,7572.5,7578,1319
1783412100,7577.75,7580.5,7577.25,7579.75,1202
1783412400,7579.5,7581.75,7578,7580.5,1291
1783412700,7580.5,7582,7579.5,7581.75,783
1783413000,7581.75,7582.5,7580,7580.75,867
1783413300,7580.75,7582,7579.5,7581.75,588
1783413600,7581.75,7583,7580.5,7581,545
1783413900,7581,7582.25,7580.75,7582,510
1783414200,7582,7582.25,7578.5,7579.5,745
1783414500,7579.5,7580.25,7578,7579,615
1783414800,7578.75,7579.5,7576,7579.5,1155
1783415100,7579.5,7581.75,7578.5,7580.25,641
1783415400,7580.25,7582.75,7579.5,7582.5,502
1783415700,7582.5,7583.25,7581.5,7582.25,506
1783416000,7582.25,7582.5,7581,7581.5,391
1783416300,7581.75,7582.5,7580,7580.25,423
1783416600,7580.25,7581,7579.25,7579.25,680
1783416900,7579.25,7581.25,7578,7580.75,754
1783417200,7581,7582.5,7580.75,7581.5,540
1783417500,7581.75,7582,7580,7581.5,453
1783417800,7581.5,7582.75,7579.75,7581.75,528
1783418100,7582,7582.75,7581.25,7582,301
1783418400,7581.75,7584.25,7581.75,7583.75,1585
1783418700,7583.75,7585,7581,7581.75,1001
1783419000,7581.75,7582.5,7577.75,7579.25,1258
1783419300,7579.25,7583.25,7578.75,7582,1312
1783419600,7582.25,7583.25,7580.75,7582.25,788
1783419900,7582,7583,7581.25,7581.5,556
1783420200,7581.25,7581.5,7579.5,7579.5,650
1783420500,7579.5,7580,7578.25,7578.75,801
1783420800,7579,7579.5,7578.25,7578.75,371
1783421100,7578.75,7579.75,7577,7577,756
1783421400,7577,7577.25,7573.25,7576.25,2202
1783421700,7576.5,7578,7576,7576.75,797
1783422000,7577.75,7578.25,7572,7574.75,2030
1783422300,7574.5,7575.5,7572.75,7573.75,1224
1783422600,7573.5,7575,7572.5,7573.75,819
1783422900,7574,7577.75,7573.75,7577,1171
1783423200,7577.25,7577.75,7576.5,7577.25,591
1783423500,7577.25,7578.25,7575.5,7575.75,818
1783423800,7575.75,7575.75,7573.25,7573.5,1347
1783424100,7573.5,7575,7572.25,7574.5,869
1783424400,7574.75,7575.5,7573.25,7575.5,785
1783424700,7575.5,7578,7575,7577,1426
1783425000,7577.25,7578.25,7573.25,7575.25,1916
1783425300,7575.25,7580.25,7575,7578.75,2168
1783425600,7578.75,7580,7578.25,7579.25,1107
1783425900,7579,7583.75,7578.5,7583,3230
1783426200,7582.75,7585.5,7582.5,7583.25,1891
1783426500,7583.75,7583.75,7578.5,7580.5,2439
1783426800,7580.5,7582,7579,7581.25,1242
1783427100,7581.25,7584.25,7581.25,7583.5,1400
1783427400,7583.5,7584,7580.75,7581.5,1131
1783427700,7581.5,7584.25,7581.25,7584,1369
1783428000,7584,7587,7583.25,7585.75,2382
1783428300,7585.5,7586.25,7581.5,7582.25,2103
1783428600,7582,7583,7579.25,7579.25,1686
1783428900,7579.5,7581,7578.75,7581,1671
1783429200,7580.75,7581,7577,7577.5,2292
1783429500,7577.5,7581.5,7575.5,7579.25,3529
1783429800,7579.5,7581.25,7577.75,7580.5,1803
1783430100,7580.75,7583.25,7578.5,7582.25,3127
1783430400,7582,7582.75,7578.25,7580.25,3017
1783430700,7580,7581.75,7578.25,7580.75,3589
1783431000,7580.75,7587.75,7571.75,7572.5,25208
1783431300,7572.5,7577.25,7569.5,7573,23026
1783431600,7573,7580.75,7569.25,7580,18976
1783431900,7580,7581,7572.25,7574.75,18124
1783432200,7574.5,7577.5,7565.25,7567,19243
1783432500,7567.25,7568.75,7560.25,7566.5,22649
1783432800,7566.25,7570.25,7559.5,7563.5,28926
1783433100,7563.5,7567.75,7558.5,7560.75,19571
1783433400,7560.5,7560.75,7547.5,7548,23985
1783433700,7548,7553,7542.5,7553,26235
1783434000,7552.75,7555.25,7544,7544.25,17911
1783434300,7544.25,7545,7538.5,7544.75,21344
1783434600,7544.5,7547.75,7540.25,7541,16045
1783434900,7541,7543,7535.75,7536,16283
1783435200,7536,7538.75,7529.5,7535.25,18161
1783435500,7535.25,7542.5,7534.25,7539.5,15725
1783435800,7539.25,7545.25,7537,7543.5,12468
1783436100,7543.75,7546.5,7541.5,7542.25,9411
1783436400,7542,7543.25,7536.25,7541.25,12737
1783436700,7541,7544.5,7539,7543.5,6743
1783437000,7543.25,7544.5,7537.75,7537.75,6401
1783437300,7537.75,7538.5,7534.5,7536.75,8823
1783437600,7536.5,7540.5,7534.75,7536,8231
1783437900,7536.25,7541,7534.75,7540.5,6245
1783438200,7540.75,7541.75,7536.25,7536.5,6087
1783438500,7536.5,7539.5,7533.5,7533.75,7110
1783438800,7533.75,7541.5,7531.25,7541.5,9781
1783439100,7541.25,7549.25,7541,7543.25,14516
1783439400,7543.25,7550.25,7543,7547.5,6907
1783439700,7547.25,7551.25,7545,7550.75,6291
1783440000,7551,7555.5,7549.75,7553.75,10046
1783440300,7554.25,7558.25,7549.75,7552.5,10607
1783440600,7552.25,7559.25,7552.25,7557.75,8670
1783440900,7558,7559.5,7555.75,7558,7182
1783441200,7558,7566,7557.75,7563,13840
1783441500,7562.75,7567.25,7562.25,7565.25,7658
1783441800,7565,7567.75,7561.5,7563.25,8530
1783442100,7563.5,7566,7559.75,7565.75,7631
1783442400,7565.75,7567,7563.25,7566.25,4495
1783442700,7566.25,7568.75,7566,7568,5955
1783443000,7568.25,7568.75,7565,7565.75,4242
1783443300,7565.5,7567.5,7562.5,7567.25,5523
1783443600,7567.25,7569.5,7566.25,7569.25,5288
1783443900,7569.25,7571,7568.25,7569,5493
1783444200,7569,7569.25,7565,7565.5,5523
1783444500,7565.75,7566.25,7561.75,7564,7045
1783444800,7563.75,7569.5,7563.25,7567.75,6124
1783445100,7567.5,7568.75,7565.75,7566,3878
1783445400,7566.25,7570,7566,7568,4362
1783445700,7568,7570,7565.75,7568.75,3781
1783446000,7568.5,7570.5,7566.75,7568.75,3784
1783446300,7568.75,7569,7565,7566.25,4460
1783446600,7566.25,7568,7564,7565.75,3529
1783446900,7565.5,7569.25,7564.75,7569.25,2573
1783447200,7569.25,7570.25,7566.25,7568.5,3871
1783447500,7568.5,7569.5,7565.75,7566.75,2766
1783447800,7567,7569.25,7566.5,7567.25,2829
1783448100,7567.25,7569,7566,7567.5,3565
1783448400,7567.5,7570.75,7566.5,7568.75,3661
1783448700,7569,7570,7566.25,7567.25,3712
1783449000,7567.25,7568.25,7563,7564.5,6871
1783449300,7564.25,7567.75,7562.75,7566.75,3851
1783449600,7566.5,7567,7561.5,7564.5,5378
1783449900,7564.75,7566.25,7554,7559,12787
1783450200,7559.25,7560,7552.25,7555.5,12270
1783450500,7555.25,7556.75,7551.5,7552.5,6016
1783450800,7552.5,7554.25,7545.5,7549.5,14424
1783451100,7549.25,7552.75,7543.75,7544.75,8737
1783451400,7544.5,7547.25,7542.25,7545.25,7676
1783451700,7545,7545.5,7536.75,7543.5,13366
1783452000,7543.5,7547.75,7541,7547.75,8995
1783452300,7547.5,7548,7542.5,7544.25,6243
1783452600,7544,7549.75,7543.75,7549,8729
1783452900,7549,7549.25,7543.75,7544.75,6144
1783453200,7544.75,7545.5,7541.25,7542.75,5985
1783453500,7543,7548.25,7542.5,7547.5,6836
1783453800,7547.25,7555,7547.25,7555,11873
1783454100,7554.75,7557,7548,7553.25,20455
1783454400,7553.25,7553.75,7549.25,7553,6610
1783454700,7553,7554.5,7550.5,7554,2318
1783455000,7553.75,7553.75,7551.25,7552,1538
1783455300,7551.75,7552.5,7546.75,7549.5,3147
1783455600,7549.5,7550.5,7548.75,7550.25,852
1783455900,7550,7551.5,7549.75,7550.5,875
1783456200,7550.75,7551.75,7550.25,7551,773
1783456500,7551,7552.75,7551,7552.25,788
1783456800,7552.25,7553,7551.5,7551.75,857
1783457100,7551.75,7552,7551,7551.75,780
1783457400,7551.5,7553,7550.75,7552.75,787
1783457700,7552.5,7553,7551.25,7551.75,663
1783461600,7546,7547.5,7537.25,7544.5,3827
1783461900,7544.5,7547.5,7543,7544.75,1154
1783462200,7544.75,7547,7543.75,7545.5,668
1783462500,7545.75,7547.75,7545.5,7547,748
1783462800,7547.25,7547.5,7545.75,7547,541
1783463100,7547,7547,7544.5,7546.25,571
1783463400,7546.75,7548.25,7544.75,7547.75,630
1783463700,7547.75,7548.5,7546.5,7546.75,581
1783464000,7547.25,7547.5,7545,7545.75,724
1783464300,7545.5,7547.75,7544,7547,932
1783464600,7547,7547.5,7545.25,7546.75,408
1783464900,7546.75,7549,7546.5,7547.5,848
1783465200,7547.25,7549.25,7544.75,7546.25,834
1783465500,7546.5,7549.25,7546,7546.75,1081
1783465800,7546.75,7547.75,7544.5,7547.5,723
1783466100,7547.5,7553,7547,7552.5,1558
1783466400,7552.5,7552.75,7550.25,7550.75,714
1783466700,7550.75,7552,7550.25,7551.75,587
1783467000,7551.75,7553,7549.5,7550,728
1783467300,7549.75,7550,7545,7546.75,1635
1783467600,7546.75,7546.75,7543.75,7544.25,1044
1783467900,7544.5,7546.75,7541,7543.25,1889
1783468200,7543.5,7544.25,7539.5,7541,1302
1783468500,7541.25,7541.5,7538,7539,1466
1783468800,7538.75,7541,7533.25,7540.75,4258
1783469100,7540.75,7548.25,7540.5,7547.25,3815
1783469400,7547,7549.5,7544.5,7547.5,2349
1783469700,7548,7552.25,7545.25,7548.75,2811
1783470000,7548.75,7555.5,7546.5,7555,2557
1783470300,7554.75,7556,7549,7552.5,2828
1783470600,7552.25,7553.25,7548.75,7550,1893
1783470900,7549.5,7556.25,7547.75,7555.75,1790
1783471200,7555.5,7559.75,7555,7559,2131
1783471500,7559.25,7561.25,7557.25,7558.5,2307
1783471800,7558.75,7560.25,7558,7559,910
1783472100,7558.75,7562,7558.5,7561.75,1306
1783472400,7561.75,7562.5,7560,7560.25,1665
1783472700,7560.25,7560.5,7556.75,7557.75,1959
1783473000,7558,7563,7558,7562.25,1505
1783473300,7562.5,7562.75,7559.5,7560.75,1144
1783473600,7561,7561.25,7557,7557.75,1217
1783473900,7558,7559.5,7555.5,7556.5,1146
1783474200,7556.75,7558,7554,7555.25,1550
1783474500,7555,7556,7550.5,7553.5,2179
1783474800,7553.75,7555.25,7552,7554,1564
1783475100,7554,7558.25,7553.75,7556.75,1531
1783475400,7557,7557.75,7552.25,7552.75,1159
1783475700,7553,7554.5,7551.5,7553,1084
1783476000,7553,7553.75,7549,7550,1992
1783476300,7550,7550.75,7547.25,7550,1727
1783476600,7550,7551,7547.25,7547.75,1064
1783476900,7548,7550.25,7546.5,7549.75,1123
1783477200,7549.75,7551.25,7547.75,7551,950
1783477500,7550.75,7553.25,7548.25,7548.75,1802
1783477800,7548.75,7549.25,7546.25,7548,932
1783478100,7548.25,7548.75,7546.5,7548.5,713
1783478400,7548.75,7552.5,7548,7552.25,1036
1783478700,7552.5,7555,7552.5,7553.5,1233
1783479000,7554,7554.25,7551.5,7553.5,819
1783479300,7553.5,7554.25,7551.75,7553,552
1783479600,7553.25,7555.75,7553.25,7555.5,1009
1783479900,7555.5,7556,7553.75,7555.5,535
1783480200,7555.5,7557.75,7555.5,7556.25,868
1783480500,7556.5,7557.75,7555,7555,544
1783480800,7555.5,7558.25,7554.75,7557.75,687
1783481100,7557.75,7560.25,7557.75,7559.75,829
1783481400,7559.75,7561.5,7558,7558.75,1105
1783481700,7558.75,7559.25,7557.5,7558.5,612
1783482000,7558.25,7558.25,7555,7555.5,889
1783482300,7555.75,7556.25,7554.25,7555.25,727
1783482600,7555.75,7556.75,7554.25,7555,461
1783482900,7554.75,7555.5,7554,7554.5,550
1783483200,7554.5,7555,7552.25,7553.25,912
1783483500,7553.25,7554.75,7552.25,7554.25,655
1783483800,7554.25,7554.25,7550.75,7552.25,661
1783484100,7552.25,7552.75,7551,7551.75,696
1783484400,7551.5,7556,7551,7555.5,881
1783484700,7555.5,7555.75,7553.5,7553.75,545
1783485000,7554,7554.5,7549.5,7551,1063
1783485300,7551,7552.25,7548.5,7550.25,757
1783485600,7550,7552.5,7549.75,7551.25,488
1783485900,7551,7553.25,7550.25,7550.5,617
1783486200,7550.25,7550.75,7548.25,7548.25,545
1783486500,7548.25,7552,7547,7551.5,912
1783486800,7551.5,7553.5,7549.75,7550.75,981
1783487100,7551.25,7555,7550.75,7553,723
1783487400,7553,7553,7550.25,7551,714
1783487700,7550.5,7553.25,7549.25,7550.75,546
1783488000,7551,7551.75,7547.75,7548,641
1783488300,7547.75,7550,7547,7548,513
1783488600,7548.25,7548.25,7543,7545.5,1574
1783488900,7545.25,7546.5,7544,7544.75,800
1783489200,7544.5,7547.5,7543.5,7544,868
1783489500,7544.25,7544.5,7538.75,7539.25,1539
1783489800,7539.25,7542.25,7538.75,7542.25,1063
1783490100,7542,7545.75,7542,7543.5,869
1783490400,7543.5,7544.25,7541,7543.25,999
1783490700,7543.5,7544.25,7541.75,7543.25,741
1783491000,7543.25,7544,7540,7541.5,765
1783491300,7541.75,7543.75,7540.5,7541.75,693
1783491600,7541.5,7544.5,7538.75,7544.25,1049
1783491900,7544.25,7545,7540,7540,589
1783492200,7540,7541.5,7535.75,7536.75,1511
1783492500,7536.5,7537.25,7535.25,7535.25,854
1783492800,7535.75,7537.5,7533.75,7534,1218
1783493100,7534.25,7538.25,7532.5,7537.5,1668
1783493400,7537.5,7541.75,7537.5,7540,1097
1783493700,7540.25,7540.5,7537.5,7539.25,667
1783494000,7539.25,7540.25,7533.25,7534.75,1610
1783494300,7534.75,7535.25,7531.75,7534.25,1116
1783494600,7534.25,7537.5,7533.75,7535.25,915
1783494900,7535.75,7537.5,7532.5,7534.75,983
1783495200,7535,7540,7533.5,7539.5,1128
1783495500,7539.5,7542,7538.75,7541.75,1178
1783495800,7541.5,7546.75,7540.75,7546.5,1770
1783496100,7546.75,7548,7540,7540,1587
1783496400,7540.5,7545,7540.5,7544.75,840
1783496700,7545,7545.75,7543.25,7544,860
1783497000,7543.75,7544,7540.5,7542.5,742
1783497300,7542.5,7542.5,7540.5,7541.5,442
1783497600,7541.75,7542.5,7537.5,7538,1255
1783497900,7537.75,7542.75,7536.75,7542,1349
1783498200,7542,7547,7541.25,7545.75,1448
1783498500,7545.5,7546.75,7516,7521.5,11890
1783498800,7521.5,7525.5,7505,7505.5,7235
1783499100,7505.5,7506.25,7496.75,7497.25,8217
1783499400,7497.25,7498.75,7490,7496.5,7718
1783499700,7496.25,7499,7480.5,7481.75,6007
1783500000,7481.75,7487.5,7477.25,7486.5,5551
1783500300,7486.75,7491.25,7484.75,7487.25,4582
1783500600,7487.5,7494.5,7485.25,7489.75,2893
1783500900,7489.5,7494.25,7479,7480.5,3137
1783501200,7480.75,7483.5,7476.25,7478.5,3719
1783501500,7478.75,7479.25,7472.25,7474,3120
1783501800,7473.75,7478.25,7468.25,7468.75,3788
1783502100,7468.75,7476.25,7468.5,7475.25,3903
1783502400,7475.25,7477.5,7472.75,7472.75,2792
1783502700,7472.5,7475.75,7470.25,7475,1789
1783503000,7474.75,7480,7473.25,7479.25,2128
1783503300,7478.75,7484,7476,7479.25,2489
1783503600,7479.25,7479.75,7473.5,7479.75,2065
1783503900,7479.25,7480.25,7474.25,7478,1621
1783504200,7478,7480.25,7475,7477,1552
1783504500,7477,7477.75,7473,7474.5,1762
1783504800,7474.75,7478.25,7471.5,7473.25,2536
1783505100,7472.75,7473.5,7469.25,7472.25,2040
1783505400,7472.5,7473.75,7469,7473.25,2030
1783505700,7473.5,7477.25,7470.25,7476.75,1607
1783506000,7477,7479.5,7475.25,7477,1732
1783506300,7476.5,7481.5,7476.25,7481,1473
1783506600,7480.75,7486.5,7477.25,7483.75,3336
1783506900,7483.5,7487.75,7483.5,7486.75,2414
1783507200,7487,7488.75,7486,7487.75,1236
1783507500,7487.75,7490,7484.75,7486.5,2086
1783507800,7486.5,7489,7486,7487.25,1530
1783508100,7487,7490.25,7485,7485.5,1908
1783508400,7485.5,7487.5,7481.5,7484.25,3567
1783508700,7484.25,7489,7483.25,7485,1939
1783509000,7485,7486,7481,7485,1491
1783509300,7484.75,7487,7482.75,7486.25,1207
1783509600,7486,7486.5,7478.75,7481.25,2148
1783509900,7481,7484.5,7480.75,7482.75,1187
1783510200,7482.75,7488,7480.5,7488,1916
1783510500,7488,7490.5,7484.5,7485.25,2044
1783510800,7485.75,7506.5,7484,7497.75,14974
1783511100,7498,7501.75,7495.25,7497.25,5078
1783511400,7497.5,7500.5,7493.5,7499.5,3259
1783511700,7499.75,7504.25,7497,7498.75,3851
1783512000,7498.5,7501.25,7492.5,7501,4525
1783512300,7501,7511.75,7501,7509.75,5503
1783512600,7509.75,7511.75,7507.75,7507.75,2755
1783512900,7508,7510.5,7506.5,7509.5,2136
1783513200,7509.5,7509.75,7504.5,7505.25,1938
1783513500,7504.75,7512.75,7504.5,7512,2638
1783513800,7512,7514.75,7507.75,7509.25,3573
1783514100,7509.25,7512.75,7508,7511.25,1593
1783514400,7511.25,7512.25,7509,7512.25,1460
1783514700,7512,7512.75,7509.25,7510.5,1514
1783515000,7510.5,7516.5,7510.25,7515.75,2413
1783515300,7516,7519,7504.5,7505.25,8107
1783515600,7505.5,7511.75,7504.75,7510.5,3695
1783515900,7510.5,7511.5,7505.75,7510.25,4765
1783516200,7510.25,7515.75,7506.5,7513.75,4207
1783516500,7513.75,7514.5,7510,7511.75,3333
1783516800,7511.5,7512.25,7506.5,7509,3178
1783517100,7508.75,7513.25,7503.25,7506.75,8696
1783517400,7507,7516.75,7501.75,7512.25,23378
1783517700,7512.25,7517.25,7505.75,7515,18808
1783518000,7515.25,7523.25,7513.25,7518.75,21611
1783518300,7518.75,7524.75,7511.5,7511.5,19413
1783518600,7511.5,7520,7508.5,7511.75,20201
1783518900,7511.75,7521.5,7507.25,7515.75,21021
1783519200,7515.75,7520.25,7510.75,7513.25,15800
1783519500,7513,7522.75,7512.75,7517.75,17794
1783519800,7517.75,7520,7505.75,7507.5,17397
1783520100,7507.5,7511.25,7501.75,7507.25,19792
1783520400,7507,7521,7505,7513.25,19809
1783520700,7513.25,7519.75,7502.5,7506,17291
1783521000,7506,7512.25,7502,7508,15680
1783521300,7508,7508.25,7497.25,7498,19479
1783521600,7498,7502.75,7494.75,7499.5,16291
1783521900,7499.25,7500,7488,7488,15014
1783522200,7488,7503.25,7484.25,7496.25,23958
1783522500,7496,7502,7490.25,7493.25,14190
1783522800,7493.5,7495.5,7489,7490.5,10160
1783523100,7490.25,7494.5,7488.75,7489.75,8083
1783523400,7489.75,7493.5,7484.25,7485.75,9825
1783523700,7486,7490.25,7478.25,7488,16940
1783524000,7487.75,7490.75,7475,7476.25,14218
1783524300,7476.25,7478.25,7470,7474,15091
1783524600,7474.25,7482.5,7469.25,7482,17273
1783524900,7482,7487.5,7478.75,7480.75,14387
1783525200,7480.75,7487,7480.5,7482,10459
1783525500,7482,7485,7477.75,7479.5,9051
1783525800,7479.75,7480.75,7474.5,7479.5,7895
1783526100,7479.5,7482.75,7476.25,7481,8004
1783526400,7481,7487.25,7480.75,7487,10298
1783526700,7487,7492.5,7485.75,7491.25,11851
1783527000,7491.5,7498.5,7491.25,7497.5,8714
1783527300,7498,7502,7495,7501,8592
1783527600,7501,7507.5,7500.75,7502.5,10378
1783527900,7502.5,7510,7501.75,7506.25,8062
1783528200,7506,7513.75,7505,7505.25,11906
1783528500,7505.5,7510.5,7499.5,7507.5,16993
1783528800,7507.5,7517.25,7503.75,7514.25,15328
1783529100,7514.5,7518,7511,7517.75,6442
1783529400,7518,7521.75,7516,7519.25,10316
1783529700,7519.5,7522.75,7517.5,7522,5175
1783530000,7521.75,7522.5,7516.25,7518.25,5774
1783530300,7518.25,7522.75,7517,7518,5849
1783530600,7518,7521.75,7515,7518.25,6489
1783530900,7518.25,7525.25,7518,7524.5,6295
1783531200,7524.75,7530,7524,7529.75,9431
1783531500,7529.75,7533,7527.5,7532.5,8227
1783531800,7532.75,7536.5,7531,7531.25,8311
1783532100,7531,7533,7527.75,7527.75,6301
1783532400,7528,7528.75,7523.75,7524.75,7173
1783532700,7524.75,7525,7517.75,7519,8904
1783533000,7519,7524,7517.5,7519.75,6727
1783533300,7519.5,7520,7514.5,7519.5,7491
1783533600,7519.25,7529.75,7515.25,7528,10539
1783533900,7527.5,7529,7523.5,7527.5,5396
1783534200,7527.5,7530,7524,7528,5058
1783534500,7528,7529.25,7522,7526.75,6367
1783534800,7526.75,7528,7523.75,7524,4264
1783535100,7524.25,7527.25,7521.25,7521.5,3832
1783535400,7521.5,7522.75,7517.5,7519.5,6011
1783535700,7519.5,7527.5,7518.25,7526.75,5742
1783536000,7526.5,7528.25,7520.5,7525.5,5963
1783536300,7525.5,7528.5,7522.75,7527.75,4045
1783536600,7527.75,7530.25,7525.5,7526.5,4986
1783536900,7526.75,7528.5,7523.25,7528.25,4126
1783537200,7528.5,7532.5,7525.5,7527.5,6384
1783537500,7527.25,7529.25,7524.75,7528.25,3751
1783537800,7528.25,7528.5,7522.75,7523.75,3885
1783538100,7523.75,7526.5,7521.75,7523,4154
1783538400,7523.5,7527.5,7523,7525.25,3507
1783538700,7525.25,7528.5,7524.25,7526.75,3306
1783539000,7526.75,7528.25,7523,7524,4266
1783539300,7523.75,7528.5,7523,7526.75,4031
1783539600,7526.75,7528.25,7523.5,7528,4153
1783539900,7527.75,7528.25,7518.25,7522.25,9518
1783540200,7522.25,7531.75,7520.25,7531.5,10462
1783540500,7531.75,7536.5,7526.25,7526.75,25509
1783540800,7526.75,7529.5,7522.25,7525.75,8008
1783541100,7525.75,7527,7523.75,7525.25,2015
1783541400,7525.25,7525.25,7519.25,7523.75,3800
1783541700,7524,7524,7517.5,7518.25,2229
1783542000,7518.5,7519,7517,7517.75,1225
1783542300,7517.75,7518.25,7516.5,7518,971
1783542600,7517.75,7518.75,7512,7513.25,2219
1783542900,7513,7513.5,7508.25,7513,2303
1783543200,7513,7517.75,7513,7514.75,1866
1783543500,7514.75,7517,7514,7515.25,1219
1783543800,7515.5,7518.5,7515,7516,1012
1783544100,7515.75,7517.5,7512,7515.25,1621
1783548000,7516.5,7523,7516.25,7521.75,1715
1783548300,7521.5,7523,7517.25,7520.25,1046
1783548600,7520.75,7522,7520,7520.5,455
1783548900,7520.5,7522.75,7519,7520.5,924
1783549200,7520.25,7520.25,7518.25,7519.5,534
1783549500,7519.75,7519.75,7516.75,7519.5,787
1783549800,7519.5,7523.5,7517,7522.25,1671
1783550100,7521.5,7522.25,7517.5,7518.25,697
1783550400,7518.5,7519.25,7516.75,7517,644
1783550700,7517,7518.5,7517,7518,339
1783551000,7518.25,7519.25,7516.75,7517.25,484
1783551300,7517.5,7519.75,7517,7519,351
1783551600,7519.25,7520.75,7518.75,7519.25,617
1783551900,7519.5,7522.75,7518.75,7522,841
1783552200,7522,7522.5,7521.5,7522,450
1783552500,7522.25,7522.25,7518,7518,881
1783552800,7517.75,7519.75,7516.25,7519,1006
1783553100,7519.25,7520.5,7517.25,7520.25,656
1783553400,7520.5,7522.5,7517.5,7521.5,1096
1783553700,7521.25,7525.5,7520.5,7521,2182
1783554000,7521.25,7525,7520.5,7524.25,866
1783554300,7524.5,7527.25,7523.25,7524.75,1649
1783554600,7525,7526,7523,7525.75,982
1783554900,7525.5,7528.75,7525.5,7527.25,1595
1783555200,7527,7530.75,7525.5,7528.75,3005
1783555500,7528.75,7532.5,7527.25,7531,1861
1783555800,7530.75,7534,7529,7533.5,1792
1783556100,7533.5,7533.75,7526.75,7527.75,2107
1783556400,7527.75,7531.25,7527.25,7530.5,1228
1783556700,7530.5,7534,7529.75,7533.5,1100
1783557000,7533.5,7536.75,7531,7532.5,2481
1783557300,7532.5,7536,7531,7534,1466
1783557600,7533.75,7534,7531,7531.75,852
1783557900,7531.5,7536.25,7531,7535.5,1350
1783558200,7535.5,7535.75,7528.75,7529.5,1613
1783558500,7529.25,7532.75,7528.75,7532.5,1011
1783558800,7532.5,7534,7527.75,7529.25,1743
1783559100,7529,7535.5,7528.5,7535.25,1411
1783559400,7535.5,7535.5,7532.75,7533,1094
1783559700,7532.75,7535.75,7531.25,7535.25,1171
1783560000,7535.25,7537.25,7532.25,7533,1455
1783560300,7533.25,7534.25,7530.75,7533.75,897
1783560600,7534.25,7535.5,7531.25,7533.75,783
1783560900,7533.75,7535.75,7533.5,7534.5,533
1783561200,7534.5,7536.25,7533.5,7536,724
1783561500,7536,7538,7534,7537.75,1099
1783561800,7537.75,7538,7531.25,7531.25,1554
1783562100,7531.25,7531.5,7528.75,7530.25,1892
1783562400,7530.25,7531.75,7527,7530.75,2052
1783562700,7531,7536.75,7530.25,7535.5,1937
1783563000,7535.25,7539,7535,7538.25,1776
1783563300,7538.5,7540.25,7536.75,7540,1493
1783563600,7540,7543.5,7538.25,7538.25,2194
1783563900,7538.25,7540,7537.5,7539.25,930
1783564200,7539.25,7540.75,7537,7537.25,783
1783564500,7537.25,7537.5,7533.25,7535.75,1638
1783564800,7535.75,7536.25,7531.5,7531.5,1033
1783565100,7531.75,7532.5,7528,7529.75,1645
1783565400,7530,7530.25,7526.75,7529.5,1695
1783565700,7529.5,7530.25,7527.5,7528.5,981
1783566000,7528.75,7529.25,7525.5,7527.25,1833
1783566300,7527.25,7530.5,7527,7529.5,859
1783566600,7529.5,7529.75,7526,7527.5,939
1783566900,7527.75,7528.75,7524.75,7526.25,1207
1783567200,7526.5,7529.75,7525.75,7529.75,835
1783567500,7529.75,7535.25,7529.5,7535,1596
1783567800,7535.25,7539,7534.25,7537.25,1769
1783568100,7537.25,7538.25,7536.25,7537.75,725
1783568400,7537.75,7539.75,7536,7539.5,964
1783568700,7539.5,7539.75,7537.25,7538.5,890
1783569000,7538.75,7539.5,7538,7539.25,505
1783569300,7539.25,7540,7537.75,7539,519
1783569600,7539,7540.5,7538.25,7539.5,790
1783569900,7539.5,7540.5,7538.25,7539.25,425
1783570200,7539,7539.75,7537.5,7538,487
1783570500,7538.25,7540.75,7537.75,7538,468
1783570800,7538,7538.75,7536.25,7536.25,576
1783571100,7536.5,7537.5,7534.5,7536,1071
1783571400,7536,7543.25,7536,7542,1492
1783571700,7541.75,7544,7540.75,7543,740
1783572000,7543,7544,7541.75,7543.5,675
1783572300,7543.5,7543.75,7541.5,7542.5,567
1783572600,7542.5,7546.75,7542.5,7545.5,1298
1783572900,7545.5,7547,7545.25,7546,941
1783573200,7546,7547,7543.5,7544,786
1783573500,7544.25,7544.25,7540,7541.75,1514
1783573800,7542,7554,7542,7549.25,4557
1783574100,7549.25,7550.25,7542,7543.25,1795
1783574400,7543.25,7544,7540.5,7541.5,693
1783574700,7541.5,7543,7540.75,7541.25,578
1783575000,7541.5,7543.75,7535.75,7543.75,1715
1783575300,7543.75,7545,7542.25,7543,808
1783575600,7543.5,7545,7541.25,7545,534
1783575900,7545,7548.5,7544.25,7548.25,969
1783576200,7548.5,7549.75,7547.5,7549,1093
1783576500,7548.75,7552.75,7548,7552.5,1017
1783576800,7552.25,7553.5,7549.75,7550,1497
1783577100,7549.5,7550.75,7547,7549.25,1318
1783577400,7549.25,7551,7547.75,7550.25,766
1783577700,7550.25,7553.25,7549.75,7551.75,906
1783578000,7551.75,7552.75,7550.25,7552,709
1783578300,7552,7553.5,7550.5,7551.5,713
1783578600,7551.5,7551.75,7548,7549.25,1018
1783578900,7549.25,7552,7549.25,7550.5,676
1783579200,7550.25,7552.25,7550,7551.75,600
1783579500,7551.75,7551.75,7549.75,7550,547
1783579800,7550,7551.5,7550,7550,250
1783580100,7550,7550.5,7548,7549.75,499
1783580400,7549.5,7553.25,7548.5,7551.25,1342
1783580700,7551.25,7552,7548.75,7549.75,839
1783581000,7549.5,7553.5,7548,7553,903
1783581300,7553,7554.25,7551.75,7552.75,846
1783581600,7552.25,7552.75,7549.25,7551,835
1783581900,7551,7553.25,7550.25,7551.5,831
1783582200,7551.75,7553.25,7551.25,7551.5,594
1783582500,7551.75,7552.75,7549.25,7550.75,646
1783582800,7550.75,7556.75,7549.5,7556.5,1488
1783583100,7556.5,7557.25,7554.75,7556,1247
1783583400,7556,7557.75,7554.75,7554.75,915
1783583700,7554.5,7554.75,7551,7553.5,1397
1783584000,7553.5,7556.5,7551.5,7555.5,1069
1783584300,7555.5,7558,7554.75,7556.25,1774
1783584600,7556.25,7556.5,7552.75,7552.75,842
1783584900,7553,7557,7550.25,7553,1069
1783585200,7553,7553.5,7551.75,7553,626
1783585500,7553.25,7554.5,7552,7553.5,643
1783585800,7553,7553.75,7547,7547.75,1263
1783586100,7548,7549.5,7546.5,7546.5,1028
1783586400,7546.75,7547.75,7545.5,7547.25,663
1783586700,7547.25,7547.75,7541.25,7542.75,1405
1783587000,7542.5,7547.25,7542.25,7547.25,1016
1783587300,7546.75,7548,7544.25,7545.5,895
1783587600,7545.5,7546.75,7542.5,7544.5,1016
1783587900,7544.5,7546,7541.5,7543.25,660
1783588200,7542.75,7544,7541.25,7542.25,404
1783588500,7542.75,7543.5,7540.75,7541.5,746
1783588800,7541.25,7542.5,7540.5,7541.5,537
1783589100,7541.75,7544,7540.75,7542.25,716
1783589400,7542,7543.5,7539.25,7540.5,831
1783589700,7540.75,7541.75,7538.5,7540.25,708
1783590000,7540.25,7541,7533.75,7536.75,2229
1783590300,7536.5,7539.75,7536.25,7538.5,994
1783590600,7538.5,7541.75,7538.5,7541,871
1783590900,7541,7542,7540.75,7542,555
1783591200,7541.75,7542,7539.25,7540.75,432
1783591500,7540.75,7542.5,7539.5,7541,478
1783591800,7541.25,7543,7540.25,7542,660
1783592100,7541.75,7543.75,7541.25,7543,641
1783592400,7543.25,7544,7541.75,7542.5,558
1783592700,7542.25,7542.25,7538.75,7540.75,779
1783593000,7540.5,7540.5,7536.5,7539,1036
1783593300,7539,7541.5,7538.25,7539.75,532
1783593600,7539.5,7540.25,7537,7539.75,870
1783593900,7539.75,7540.75,7533.5,7533.5,2201
1783594200,7533.25,7534.25,7526.5,7531,3761
1783594500,7531,7535.25,7527.75,7534.5,2708
1783594800,7534.5,7538.75,7534.25,7538,1796
1783595100,7538,7538.25,7531.25,7532.25,1639
1783595400,7532.75,7538,7532,7537.25,1319
1783595700,7537.5,7537.5,7534.75,7535.25,762
1783596000,7535.5,7539.75,7534.5,7535.5,2154
1783596300,7535.75,7538.5,7535.5,7538.5,960
1783596600,7538.5,7541.75,7536,7540.5,2213
1783596900,7540.25,7541,7537,7539.75,1281
1783597200,7539.75,7541.75,7537.5,7541,1106
1783597500,7541.25,7545.25,7540.25,7543.75,3051
1783597800,7543.5,7547.25,7542.25,7544,2159
1783598100,7544.25,7545.25,7542.5,7543.25,1076
1783598400,7543.25,7546.25,7542.25,7545.25,1713
1783598700,7545.25,7549.75,7542.75,7548.5,1902
1783599000,7548.25,7549.75,7546,7546.25,1425
1783599300,7546.5,7548.5,7545.5,7546.75,1229
1783599600,7546.5,7548,7545,7547.75,1176
1783599900,7547.75,7551,7547.5,7550.75,1873
1783600200,7550.25,7554,7548.5,7552.75,2468
1783600500,7552.75,7554.5,7552,7553.5,1493
1783600800,7553.5,7554,7547.5,7547.75,2291
1783601100,7547.75,7547.75,7543.5,7546,2802
1783601400,7546.25,7548,7545,7546.5,1034
1783601700,7546.5,7546.75,7543.5,7544.5,1126
1783602000,7544.25,7548.25,7544.25,7548.25,2111
1783602300,7548.25,7548.5,7545.75,7548,1583
1783602600,7547.75,7548,7545.75,7547.25,1497
1783602900,7547.5,7549,7544.75,7547,2423
1783603200,7547,7548.75,7545,7548.75,1772
1783603500,7548.75,7550.5,7544.5,7546.5,5106
1783603800,7546.5,7548.75,7530.25,7547.25,28471
1783604100,7547.25,7557,7544.25,7555,19310
1783604400,7555.25,7559.25,7548.5,7558,15790
1783604700,7558,7561.75,7551.25,7555.25,16641
1783605000,7555.25,7565.25,7552,7564,15682
1783605300,7563.75,7566.5,7559.5,7561.25,12872
1783605600,7561,7564.5,7559.25,7561.25,10918
1783605900,7561,7562.75,7553.25,7553.5,14206
1783606200,7553.5,7554.25,7546.25,7549.25,19071
1783606500,7549.5,7549.5,7533,7536.5,32858
1783606800,7536.5,7543.75,7529.5,7543.25,22662
1783607100,7543.25,7556,7541.25,7552.75,20637
1783607400,7552.75,7555,7544.75,7550.25,15015
1783607700,7550.5,7559,7549.5,7558,12068
1783608000,7558.25,7559,7552.25,7553,9744
1783608300,7553.25,7558.25,7552.5,7554.75,7666
1783608600,7554.75,7554.75,7546.75,7554,14327
1783608900,7553.75,7563.75,7553.75,7562,13284
1783609200,7562,7564.25,7560.5,7563.5,7033
1783609500,7563.5,7570.25,7563,7569.75,12074
1783609800,7569.75,7570.75,7565.75,7566.75,7541
1783610100,7566.75,7571,7564.5,7567.25,8590
1783610400,7567.25,7574.75,7566.5,7574.25,9651
1783610700,7574,7575,7572.25,7572.75,6041
1783611000,7573,7573.25,7569.75,7571,6471
1783611300,7571,7574.25,7570.25,7573.75,4292
1783611600,7574,7577.75,7573,7576.25,8076
1783611900,7576.5,7578,7574.5,7577,6039
1783612200,7577.25,7577.5,7573.75,7574.5,3921
1783612500,7574.25,7576.25,7573.25,7573.75,3218
1783612800,7574,7580,7573.75,7578.5,6558
1783613100,7578.75,7581.25,7578.75,7579.75,4941
1783613400,7579.5,7580.75,7578.75,7580.75,2576
1783613700,7580.5,7582,7579.25,7580.5,3555
1783614000,7580.75,7583.75,7579.75,7583,4108
1783614300,7583.25,7583.25,7581,7581.75,3105
1783614600,7581.75,7584.5,7579.75,7580,4513
1783614900,7579.75,7581.25,7578.25,7581,5090
1783615200,7581,7583.25,7581,7582.25,3613
1783615500,7582.25,7582.75,7578.5,7580,3698
1783615800,7580,7581.5,7578.5,7579.25,2580
1783616100,7579.25,7580.5,7577.25,7579.75,3353
1783616400,7579.75,7583.5,7579.5,7582.5,4363
1783616700,7582.5,7587.75,7581.75,7586.75,7581
1783617000,7586.75,7589.25,7586.25,7587.25,5660
1783617300,7587.25,7591.25,7587.25,7590.75,4237
1783617600,7590.75,7592,7589,7590,4413
1783617900,7590,7593.25,7590,7593.25,4007
1783618200,7593.25,7594,7590,7591.75,5781
1783618500,7591.5,7594.25,7591.25,7592.5,3321
1783618800,7592.5,7593.25,7590.25,7592.25,3742
1783619100,7592.5,7595,7592,7593.5,3002
1783619400,7593.75,7594.5,7591.75,7592.5,2167
1783619700,7592.5,7593,7588.25,7591.25,7136
1783620000,7591.5,7592.5,7589.5,7590.25,4149
1783620300,7590.25,7593.25,7590.25,7592.25,3448
1783620600,7592,7593.5,7591.5,7592.5,2455
1783620900,7592.5,7594,7590.25,7591.25,3344
1783621200,7591.25,7591.5,7588.25,7588.25,4903
1783621500,7588.25,7589.5,7587.25,7589.5,4942
1783621800,7589.5,7590.5,7587.25,7587.25,3465
1783622100,7587.25,7588.25,7585.5,7586,3859
1783622400,7586,7588,7585.25,7587.75,3287
1783622700,7587.75,7588,7585.5,7587.25,2461
1783623000,7587.25,7588,7585.5,7585.5,2167
1783623300,7585.75,7586,7583,7585,5275
1783623600,7585.25,7585.25,7582.25,7583,3758
1783623900,7583,7584.5,7581,7582.25,4300
1783624200,7582.25,7584.75,7581.25,7583.25,3807
1783624500,7583.25,7588,7582.5,7587.25,6451
1783624800,7587.5,7588.5,7585.75,7586,3545
1783625100,7586,7586.75,7584.75,7585,2666
1783625400,7585,7585.75,7583.25,7585.25,3884
1783625700,7585.25,7588,7585.25,7586.75,3480
1783626000,7586.75,7589,7585.5,7587.75,3274
1783626300,7588,7588.75,7586.5,7586.5,2729
1783626600,7586.5,7586.75,7582.25,7582.5,8807
1783626900,7582.75,7590.75,7582.75,7590.5,12487
1783627200,7590.5,7590.75,7585.75,7588.5,5582
1783627500,7588.5,7592,7588.25,7591.5,2699
1783627800,7591.25,7591.5,7589,7590.5,1807
1783628100,7590.75,7591.75,7589,7589.5,1018
1783628400,7589.5,7589.75,7587,7587.5,1124
1783628700,7587.5,7587.75,7586.25,7586.75,719
1783629000,7586.75,7589.75,7586.5,7589.5,1067
1783629300,7589.5,7590,7588.75,7589.75,717
1783629600,7589.5,7589.75,7587.25,7587.5,1204
1783629900,7587.5,7588.25,7587,7587.75,1053
1783630200,7587.75,7587.75,7585.75,7586,1106
1783630500,7585.75,7587.25,7584.5,7586.25,1215
1783634400,7588,7588.75,7585,7587,1259
1783634700,7587.25,7589,7584.5,7585.25,1201
1783635000,7585.25,7585.5,7584.25,7585.25,524
1783635300,7585.25,7586.5,7584,7584.75,960
1783635600,7585,7586,7583.75,7585.25,555
1783635900,7585,7586.25,7583.75,7584.5,507
1783636200,7584.25,7585.5,7584.25,7585,510
1783636500,7585,7586.25,7584.5,7585.5,431
1783636800,7585.5,7586.25,7585,7586,287
1783637100,7585.75,7587,7585.25,7586.25,386
1783637400,7586.25,7587,7586,7586,384
1783637700,7586,7587,7585.75,7586.75,339
1783638000,7587,7587.5,7584.75,7587.5,1005
1783638300,7587.5,7589.25,7587.25,7589,948
1783638600,7589,7589.5,7588.25,7589.25,505
1783638900,7589.5,7590,7588,7589.75,542
1783639200,7589.75,7591.25,7588.75,7590.75,978
1783639500,7590.75,7591.75,7590.5,7591.25,607
1783639800,7591.5,7591.5,7589.5,7589.75,720
1783640100,7590.25,7591.25,7589.75,7590.75,393
1783640400,7591,7591,7589.25,7590,511
1783640700,7590,7590,7586.5,7587.5,1024
1783641000,7587.5,7590.75,7587.25,7589.75,757
1783641300,7589.75,7591.25,7588.5,7588.5,1080
1783641600,7588.5,7589.5,7583.25,7584.75,3321
1783641900,7584.75,7585.75,7581.25,7584.25,2140
1783642200,7584,7584.5,7580.5,7583.75,1990
1783642500,7583.25,7584.75,7581.5,7582.25,957
1783642800,7582.25,7583.5,7578.25,7578.5,1790
1783643100,7578.5,7580,7577.5,7579.75,1519
1783643400,7579.75,7580.5,7575.75,7576.5,1837
1783643700,7576.5,7577.5,7575.5,7575.75,958
1783644000,7575.75,7578,7575.75,7577.25,1412
1783644300,7577,7577.5,7574.75,7575.5,1349
1783644600,7575.75,7576.75,7575,7575.75,871
1783644900,7576.25,7580.75,7576.25,7580.5,2213
1783645200,7580.75,7581.5,7577.5,7577.5,1764
1783645500,7577.5,7578.75,7577.25,7577.5,924
1783645800,7577.5,7578.5,7575.75,7577.75,1375
1783646100,7577.75,7579.5,7577,7579,886
1783646400,7579,7580,7577.5,7580,669
1783646700,7579.75,7580,7577.5,7579.5,533
1783647000,7579.25,7580.5,7577.5,7579.75,788
1783647300,7580,7581.5,7578.75,7581,806
1783647600,7581,7581,7579.5,7579.5,559
1783647900,7579.5,7583.75,7579,7583,1533
1783648200,7583.25,7583.75,7581.25,7581.5,805
1783648500,7581.75,7582.5,7579.75,7580.25,608
1783648800,7580.25,7580.75,7577,7580.5,1228
1783649100,7580.5,7582.25,7579,7581.5,865
1783649400,7581.5,7581.75,7579.25,7580,476
1783649700,7580.25,7580.25,7578,7579,724
1783650000,7579,7579.25,7577,7578,782
1783650300,7578.25,7579.5,7577.5,7579.25,493
1783650600,7579.25,7580.25,7578,7579.25,770
1783650900,7579.75,7581.5,7578.5,7581.5,577
1783651200,7581.5,7582.5,7581.25,7581.25,724
1783651500,7581.75,7583.75,7581,7583.5,895
1783651800,7583.25,7586.25,7583.25,7584.5,1664
1783652100,7584.75,7586.5,7584.5,7586.25,520
1783652400,7586.25,7587.5,7585.5,7587,942
1783652700,7587.25,7588.5,7586.75,7587.75,659
1783653000,7588,7588.25,7586,7586.75,725
1783653300,7586.75,7587,7585.5,7586,428
1783653600,7586,7586.25,7583.75,7583.75,815
1783653900,7584,7584.75,7583.25,7583.5,428
1783654200,7583.5,7584,7582.5,7583.5,496
1783654500,7583.25,7583.5,7582,7582.75,427
1783654800,7582.75,7583.5,7582.5,7583,412
1783655100,7582.75,7583,7582,7582.75,423
1783655400,7582.75,7583,7581.5,7582.5,434
1783655700,7582.5,7584,7582,7583.5,676
1783656000,7583.5,7584.25,7582.5,7584.25,606
1783656300,7584,7584.25,7583,7583.5,481
1783656600,7583,7584.25,7583,7583.75,507
1783656900,7584,7584,7582.5,7583.25,311
1783657200,7583.5,7583.5,7580.5,7581,680
1783657500,7580.75,7581.75,7580.25,7581.25,438
1783657800,7581.25,7581.5,7579.5,7580.75,560
1783658100,7580.75,7581.25,7580.25,7581,386
1783658400,7581,7581.5,7580.5,7580.75,329
1783658700,7580.75,7581,7579,7579.75,591
1783659000,7579.5,7579.5,7578.25,7579,543
1783659300,7579.25,7579.5,7577.25,7577.5,567
1783659600,7577.75,7577.75,7576.5,7576.75,733
1783659900,7576.75,7578,7576.25,7576.25,662
1783660200,7576.5,7578.5,7576.5,7578,373
1783660500,7578,7579.5,7577.75,7578.25,664
1783660800,7578.25,7579,7576.75,7577.25,516
1783661100,7577.5,7579,7577.25,7578.25,448
1783661400,7578.25,7578.5,7576.75,7578,490
1783661700,7578,7578.25,7576.75,7577.25,324
1783662000,7577.25,7578.5,7576.5,7578.5,690
1783662300,7578.5,7579,7577.5,7577.5,356
1783662600,7577.5,7579.25,7577,7577,354
1783662900,7577,7577.25,7575.5,7576.5,688
1783663200,7576.5,7579,7576.25,7579,817
1783663500,7579,7579.25,7577.5,7577.75,675
1783663800,7577.75,7578,7575.75,7576.25,661
1783664100,7576.25,7576.25,7575.25,7575.75,598
1783664400,7575.5,7575.5,7571.5,7571.75,1975
1783664700,7571.5,7572.75,7570.5,7571.5,1355
1783665000,7571.75,7577,7571.5,7573,1773
1783665300,7573.25,7573.5,7570.5,7571,816
1783665600,7571,7573.75,7570.5,7572.75,777
1783665900,7572.75,7574.25,7572.5,7573.75,582
1783666200,7574,7575,7573.25,7574.25,688
1783666500,7574.25,7575.5,7573,7574,605
1783666800,7574,7574.75,7571.75,7574.75,991
1783667100,7574.5,7576,7574.25,7575.5,854
1783667400,7575.5,7577.75,7574.75,7577.5,807
1783667700,7577.75,7579.5,7575.25,7577.75,1276
1783668000,7577.5,7579,7576,7578.5,502
1783668300,7578.5,7579.5,7577.5,7579,744
1783668600,7578.75,7579.25,7576.75,7577.75,363
1783668900,7577.75,7578.25,7576.5,7578,369
1783669200,7577.75,7577.75,7575.5,7575.5,497
1783669500,7575.5,7576,7571.5,7572,1161
1783669800,7572.25,7572.5,7569.75,7570.5,1289
1783670100,7570.5,7572.5,7570.25,7572.25,802
1783670400,7572.25,7573,7569.5,7571.75,1839
1783670700,7571.75,7576,7571,7576,1361
1783671000,7576.25,7578.75,7576.25,7578.5,1085
1783671300,7578.5,7579.25,7577,7577.75,887
1783671600,7577.75,7577.75,7574.5,7575.5,951
1783671900,7575.75,7577,7575,7575.5,396
1783672200,7575.25,7575.5,7572.75,7575,695
1783672500,7575.25,7576.25,7574.25,7575,668
1783672800,7574.75,7575.5,7573.25,7575.5,632
1783673100,7575.5,7575.75,7574.5,7575.25,367
1783673400,7575.25,7577,7573.75,7574.5,638
1783673700,7574.5,7575.5,7574.25,7574.5,244
1783674000,7574.25,7576.5,7568.5,7576.5,3108
1783674300,7576.25,7578,7575.25,7578,841
1783674600,7577.5,7580.5,7577.25,7580,966
1783674900,7580,7582.25,7580,7581.75,1313
1783675200,7582,7582.25,7579.75,7580.5,691
1783675500,7580.75,7581.5,7580.25,7581,290
1783675800,7581,7582.5,7580.5,7582.25,419
1783676100,7582.25,7582.5,7580.5,7582,348
1783676400,7582.25,7582.25,7579.5,7580.75,542
1783676700,7580.5,7582.25,7580.25,7580.75,932
1783677000,7580.75,7581.75,7580.25,7580.75,412
1783677300,7580.75,7582,7580,7581,495
1783677600,7581,7584.75,7581,7584.5,1116
1783677900,7584.25,7586,7584.25,7585.5,632
1783678200,7585.5,7586,7585,7585,528
1783678500,7585,7585.5,7584.25,7585,367
1783678800,7585,7586.75,7581.5,7585,2407
1783679100,7585.25,7586.25,7584,7586.25,584
1783679400,7586.25,7589,7586.25,7588.5,1292
1783679700,7588.75,7589.25,7587.75,7588.75,616
1783680000,7588.75,7590.75,7587.5,7590.25,1095
1783680300,7590.5,7590.5,7588.25,7588.75,616
1783680600,7588.5,7588.75,7587.25,7587.5,553
1783680900,7587.75,7590.75,7587.5,7590.25,723
1783681200,7590.25,7592.25,7589.75,7590.75,1797
1783681500,7590.75,7591.5,7589.25,7589.75,681
1783681800,7589.75,7591,7589.25,7590,617
1783682100,7590,7591.5,7589.75,7590.75,453
1783682400,7590.75,7591.25,7590.25,7591,326
1783682700,7591.5,7591.5,7586.5,7586.5,1760
1783683000,7586.75,7587,7582.75,7584.25,1959
1783683300,7584.25,7584.75,7580.75,7582,1558
1783683600,7582,7584.5,7581.75,7584.5,1240
1783683900,7584.5,7585.75,7583.5,7584,1346
1783684200,7584,7586,7583.5,7584,873
1783684500,7584,7585.25,7582.5,7583.5,1084
1783684800,7583.5,7583.75,7579,7579.25,1767
1783685100,7579.25,7580.75,7577.25,7580.25,1875
1783685400,7580.5,7595.75,7578.75,7589,11167
1783685700,7589.25,7590.25,7586.25,7587.75,3404
1783686000,7587.5,7588.75,7585,7588.25,1714
1783686300,7588,7588.5,7587,7587.5,861
1783686600,7588,7588,7585.5,7586.5,951
1783686900,7586.75,7591.25,7584.25,7591.25,2455
1783687200,7591.25,7592.5,7588.5,7588.5,2412
1783687500,7589,7592.25,7588.75,7589.75,1150
1783687800,7589.5,7590.25,7588.5,7588.75,908
1783688100,7588.75,7590.75,7587.5,7588.25,894
1783688400,7588.25,7590.5,7586.5,7588.75,1782
1783688700,7589,7591.25,7588.75,7589.25,1253
1783689000,7589.25,7591,7588,7591,1024
1783689300,7591,7591.75,7589.5,7591.25,1619
1783689600,7591.25,7592.5,7590.75,7592.25,1428
1783689900,7592,7594.25,7589.5,7592.25,4332
1783690200,7592.25,7600.75,7592,7598,18812
1783690500,7598,7604.25,7596.5,7597.75,14893
1783690800,7598,7598.5,7590,7594.5,19657
1783691100,7594.25,7603.75,7593,7602.25,15131
1783691400,7602.25,7604.25,7598.75,7601.25,11561
1783691700,7601.25,7605.75,7598,7601.5,14620
1783692000,7601.5,7605.75,7600,7603.25,12043
1783692300,7603.5,7604.75,7596.75,7603,14612
1783692600,7602.75,7603.75,7598.25,7599.25,7751
1783692900,7599.25,7601.75,7595.25,7598.75,13413
1783693200,7599,7600.5,7593,7597.75,12044
1783693500,7597.75,7603.5,7593.5,7597.75,13709
1783693800,7598,7602.75,7552.25,7581.25,51319
1783694100,7581.25,7593,7575.75,7589,25678
1783694400,7589,7595,7584.5,7593.25,16055
1783694700,7593,7596.75,7587.25,7596,11482
1783695000,7596,7598.25,7591.25,7591.5,9555
1783695300,7591.5,7592.5,7582.75,7584,15457
1783695600,7584.25,7586.75,7580.75,7581.75,12161
1783695900,7581.75,7590.25,7578.5,7590,13142
1783696200,7590,7593,7588.5,7591.75,7811
1783696500,7591.5,7604.25,7591.5,7599.25,16292
1783696800,7599.5,7603.5,7596.5,7602.75,7979
1783697100,7603,7606.75,7602.75,7605.25,10134
1783697400,7605.25,7606.5,7601,7603,9213
1783697700,7602.5,7603,7595.5,7596.5,10519
1783698000,7596.5,7597.5,7585.75,7592.5,15911
1783698300,7592.75,7599,7587.75,7596.75,10750
1783698600,7596.5,7601.75,7595.5,7600.75,6440
1783698900,7600.5,7601.5,7597,7600.5,4409
1783699200,7600.25,7605.75,7600.25,7603.75,7509
1783699500,7603.75,7604.25,7600.5,7601.75,3658
1783699800,7602,7604.75,7600.25,7604,4548
1783700100,7604.25,7609.25,7604.25,7608,8538
1783700400,7607.75,7608.5,7603.5,7606,4412
1783700700,7605.75,7606.25,7603.5,7604,3628
1783701000,7604,7608,7604,7607,3300
1783701300,7606.75,7608,7602.25,7605,4823
1783701600,7605.25,7609,7604.75,7608.5,3629
1783701900,7608.5,7611.75,7608,7610.5,6734
1783702200,7610.75,7613,7610.25,7612.25,5146
1783702500,7612,7614,7610.75,7612.5,3695
1783702800,7612.75,7613,7608.5,7609.5,4922
1783703100,7609.75,7610.75,7608.75,7609,2310
1783703400,7609.25,7610.75,7607.25,7610.5,3322
1783703700,7610.25,7612.75,7610.25,7611.25,3837
1783704000,7611.25,7612.75,7610.75,7612.25,1449
1783704300,7612,7613.25,7611.5,7613,2256
1783704600,7612.75,7614.75,7611.5,7612.75,3560
1783704900,7613,7617,7612.5,7615.25,5812
1783705200,7615.25,7616,7613.5,7614,3145
1783705500,7614,7616.25,7613.75,7615.75,1916
1783705800,7615.75,7616.75,7615,7615.5,1618
1783706100,7615.5,7615.75,7612,7612.5,3850
1783706400,7612.75,7614.75,7612,7613.75,3015
1783706700,7613.75,7616.25,7613.5,7615.5,3381
1783707000,7615.5,7619.25,7615,7615.75,6330
1783707300,7616,7616.5,7614.25,7615,2995
1783707600,7615,7617,7613.75,7616,2578
1783707900,7616.25,7620,7616.25,7617.25,5911
1783708200,7617.5,7619,7616.75,7618.5,2144
1783708500,7618.5,7618.75,7616.25,7617.25,2267
1783708800,7617,7619.75,7617,7618.25,2343
1783709100,7618.5,7619.5,7618,7618.5,1623
1783709400,7618.5,7619.75,7618,7619.25,2097
1783709700,7619.25,7620.25,7618.25,7618.75,2456
1783710000,7618.75,7624.25,7618,7623.5,8346
1783710300,7623.5,7625.5,7622,7622.75,4078
1783710600,7622.75,7624.75,7622.5,7624.5,2550
1783710900,7624.5,7625.5,7622.75,7623.5,3047
1783711200,7623.75,7624,7622.25,7623,2532
1783711500,7622.75,7624.25,7622.75,7622.75,2217
1783711800,7622.75,7624.75,7621,7622.75,4883
1783712100,7622.5,7624.5,7621.75,7623.25,2893
1783712400,7623,7625.25,7623,7623.5,2938
1783712700,7623.25,7624.75,7622.5,7624,3034
1783713000,7624,7627.25,7622.5,7623,9080
1783713300,7623,7624,7617.75,7621,13216
1783713600,7621,7624.5,7618.25,7622.5,6071
1783713900,7622.75,7622.75,7620.5,7621.75,1640
1783714200,7621.75,7623.5,7621.5,7622.75,1595
1783714500,7622.75,7623.75,7622,7622.5,984
1783714800,7622.75,7623,7621.75,7622,597
1783715100,7622,7625.25,7622,7624.75,1577
1783715400,7624.75,7626.25,7624.25,7625,1120
1783715700,7625,7625.5,7624.5,7625,592
1783716000,7625,7626.25,7624.75,7625.75,847
1783716300,7625.5,7627.25,7625.5,7626.5,1438
1783716600,7626.5,7627.75,7626.5,7627.25,1008
1783716900,7627.25,7628.75,7625,7626,1944
1783893600,7607.25,7612,7602,7603.25,7128
1783893900,7603.25,7605.5,7598.5,7600,4770
1783894200,7600,7602.25,7593.25,7593.5,4598
1783894500,7593.5,7598,7591.5,7593.5,3086
1783894800,7593,7597,7592.5,7595.25,1847
1783895100,7595.25,7596.75,7593.75,7596.5,1080
1783895400,7596.5,7599,7596,7598.75,1991
1783895700,7598.5,7600,7595.75,7599.25,1633
1783896000,7599.25,7600.25,7597.25,7599.5,1124
1783896300,7599.5,7599.75,7596.75,7597.5,1039
1783896600,7597.75,7600.75,7597.75,7600.25,822
1783896900,7600,7601.75,7599.75,7600.75,1122
1783897200,7600.75,7601.25,7598.5,7599.25,1341
1783897500,7599.5,7601.5,7598.5,7598.75,733
1783897800,7599,7599.75,7598,7599,492
1783898100,7598.75,7599,7596.5,7598.75,1273
1783898400,7598.75,7599,7596.5,7597,706
1783898700,7597.25,7598.25,7596.5,7598,613
1783899000,7597.75,7598.25,7596.5,7597.25,719
1783899300,7597.5,7598.25,7596,7597.75,980
1783899600,7598,7598.5,7596.75,7597,676
1783899900,7597.25,7597.5,7592.75,7594.5,2597
1783900200,7594.5,7599.5,7594.25,7596.75,2151
1783900500,7597,7599.5,7595.5,7599.25,1332
1783900800,7599.25,7607.75,7596,7605.5,6603
1783901100,7605.5,7610.75,7604.25,7609.25,3712
1783901400,7609.5,7615.5,7609.5,7613,4366
1783901700,7612.75,7614.75,7607,7609.25,3318
1783902000,7609,7612.5,7608.5,7610.75,2059
1783902300,7610.5,7611.75,7607.5,7608,1518
1783902600,7607.75,7608.25,7602,7602.25,3336
1783902900,7602.25,7604.25,7600.5,7602,2531
1783903200,7602.25,7603,7596.5,7600.75,3551
1783903500,7600.5,7603.25,7598.75,7598.75,2103
1783903800,7599,7599.75,7592.75,7596,3977
1783904100,7595.75,7598,7595,7597.25,1940
1783904400,7597,7598,7592.5,7593.75,3389
1783904700,7594,7595.25,7591,7591.25,2064
1783905000,7591.25,7595,7590.5,7593.75,2209
1783905300,7593.75,7599.25,7593.5,7596.5,2415
1783905600,7596.5,7597.5,7592.5,7593.5,1428
1783905900,7593.75,7595.25,7592,7594.75,1488
1783906200,7594.5,7596.25,7592.75,7594.25,1609
1783906500,7594,7599,7593,7598.5,1881
1783906800,7598.5,7598.75,7593.25,7594.5,1456
1783907100,7594.5,7594.75,7591.5,7592,1454
1783907400,7592,7593.25,7589,7591,2805
1783907700,7591,7593,7588.5,7592.25,2029
1783908000,7592.25,7593.5,7587.5,7589.25,2607
1783908300,7589.25,7591.5,7588.5,7590,1551
1783908600,7589.75,7591,7588.75,7589.5,1332
1783908900,7589.5,7591.5,7588.5,7591.25,1106
1783909200,7591.25,7594.25,7590.5,7593,2048
1783909500,7592.75,7594.25,7592.25,7593,1035
1783909800,7592.75,7593,7589.25,7591.25,1842
1783910100,7591.25,7592,7589,7590,814
1783910400,7589.5,7590.5,7588.5,7589.75,739
1783910700,7590,7590.5,7588.5,7590,664
1783911000,7590.25,7590.75,7588,7588,893
1783911300,7588.25,7589,7585.75,7586,1399
1783911600,7586.25,7586.5,7584,7584.25,1999
1783911900,7584.5,7585.5,7583.25,7584,1478
1783912200,7584,7584.75,7583.5,7584.5,798
1783912500,7584.75,7585,7583,7584.5,1099
1783912800,7584.25,7585,7583.25,7584.5,601
1783913100,7584.5,7586.75,7584.25,7585.75,1037
1783913400,7586,7586.75,7584,7584.25,1045
1783913700,7584.5,7586,7583.25,7585.25,996
1783914000,7585.25,7586.75,7584,7584.25,868
1783914300,7584.5,7586,7584.25,7586,524
1783914600,7586,7586,7583.25,7584,617
1783914900,7584.25,7584.5,7582.5,7583.25,927
1783915200,7583.25,7583.5,7580.25,7580.75,1794
1783915500,7580.75,7581.25,7579.25,7580,1292
1783915800,7580,7581.25,7578.75,7580.5,977
1783916100,7580.5,7582.75,7579.25,7582.75,1179
1783916400,7582.5,7583.25,7581.25,7581.5,1001
1783916700,7581.5,7581.75,7579.5,7580.75,780
1783917000,7580.75,7581.5,7579.5,7579.5,621
1783917300,7579.75,7579.75,7577.5,7578.25,1158
1783917600,7578.5,7578.5,7575.75,7577,1040
1783917900,7576.75,7577.25,7576,7576.5,620
1783918200,7576.5,7577,7575.5,7576.75,678
1783918500,7576.5,7578.5,7576.5,7577.25,642
1783918800,7577.5,7578,7575.25,7576.25,1580
1783919100,7576,7582,7575,7581,2557
1783919400,7581.25,7584.25,7580.5,7583.5,1373
1783919700,7583.75,7583.75,7579,7579.5,1106
1783920000,7579.75,7580,7572.5,7572.5,2485
1783920300,7572.75,7573.75,7570.75,7571.25,1883
1783920600,7571.5,7575.5,7566.25,7575.5,3493
1783920900,7575.5,7577.75,7574.75,7577.5,2108
1783921200,7577.25,7579,7574.5,7575.5,1170
1783921500,7575.5,7575.75,7571.25,7573.75,1164
1783921800,7574,7578,7573.75,7574.75,1510
1783922100,7574.5,7578.5,7573.75,7578.25,861
1783922400,7578.25,7580.75,7577.5,7580,1549
1783922700,7580,7581,7577,7577.25,778
1783923000,7577,7577.75,7574,7574.75,1327
1783923300,7575.25,7579,7574.75,7578.75,1308
1783923600,7578.5,7582.25,7578.25,7581,896
1783923900,7581.25,7583.5,7581,7583.5,1156
1783924200,7583.5,7584.75,7580.5,7580.5,1192
1783924500,7580.5,7581.25,7578.5,7579.5,716
1783924800,7579.25,7583,7579.25,7582.75,730
1783925100,7582.5,7584.75,7581,7584,1160
1783925400,7584,7584.75,7581.5,7582.5,600
1783925700,7582.75,7584.5,7581.5,7584,641
1783926000,7584.25,7588.25,7581.5,7587,2401
1783926300,7587,7589,7586,7588.5,1107
1783926600,7588.5,7591.25,7588.25,7590.5,1479
1783926900,7590.5,7591.25,7585.5,7585.75,1576
1783927200,7586,7589.5,7585.5,7589,852
1783927500,7589,7589,7586,7586.5,617
1783927800,7586.5,7586.5,7582,7583.75,1293
1783928100,7584,7587.75,7583.5,7587,920
1783928400,7587.25,7589,7586.25,7587,694
1783928700,7587.25,7587.5,7585,7585.75,734
1783929000,7585.5,7588.25,7584.25,7588.25,516
1783929300,7588.25,7589.25,7586.25,7587.75,697
1783929600,7588,7591.25,7586.75,7590.5,1533
1783929900,7590,7594.25,7588.5,7593,2548
1783930200,7593,7596.25,7592.25,7596,1596
1783930500,7596,7598.5,7595.75,7596.5,1605
1783930800,7596.5,7598.5,7595.5,7595.75,1235
1783931100,7595.5,7597.5,7595.25,7595.75,691
1783931400,7595.75,7597.5,7593.75,7594.75,1002
1783931700,7594.5,7595.75,7593,7595,561
1783932000,7594.75,7596.75,7594.25,7596.5,564
1783932300,7596.25,7598.75,7595.25,7597.5,859
1783932600,7597.25,7599.5,7597.25,7598.25,1130
1783932900,7598.25,7599.25,7597,7598.5,621
1783933200,7598.5,7599,7595.25,7595.75,658
1783933500,7596,7597,7595,7597,447
1783933800,7596.75,7597,7594.75,7597,561
1783934100,7597,7601,7596.75,7599.75,1028
1783934400,7600,7601.75,7599.25,7601,614
1783934700,7601,7603.5,7601,7602.5,930
1783935000,7602.75,7603.5,7600.25,7602.5,845
1783935300,7602,7604,7602,7603,543
1783935600,7602.75,7603.25,7601.75,7602.75,549
1783935900,7602.75,7602.75,7600.75,7601.5,569
1783936200,7601.5,7601.75,7600,7601.25,830
1783936500,7601,7602.25,7600.5,7601.5,663
1783936800,7601.75,7602.25,7599,7600.5,832
1783937100,7600.75,7601,7598.25,7599,1358
1783937400,7599.25,7599.25,7598,7599.25,512
1783937700,7599.25,7601.75,7599,7601.25,766
1783938000,7601,7601.25,7598.75,7598.75,448
1783938300,7599,7599,7597.5,7597.75,732
1783938600,7598,7599,7597.25,7597.5,554
1783938900,7597.75,7599.5,7597.75,7598.75,356
1783939200,7599,7599.5,7596.75,7597.5,365
1783939500,7597.25,7600,7597,7598.75,749
1783939800,7598.75,7599.25,7598,7598.5,525
1783940100,7598.5,7598.5,7597,7598,647
1783940400,7598,7602,7598,7600.5,1583
1783940700,7600.5,7604.75,7599.75,7600.25,1908
1783941000,7600.25,7600.5,7596.25,7597.75,1708
1783941300,7597.5,7599.75,7596.25,7596.25,932
1783941600,7596.25,7598.5,7595,7598,1139
1783941900,7597.75,7600.5,7597.5,7599.5,897
1783942200,7599.5,7601.5,7597.25,7601.25,1526
1783942500,7601.25,7602,7599,7599.75,791
1783942800,7599.5,7600.25,7597.75,7597.75,589
1783943100,7598,7598.25,7594.5,7596.5,1718
1783943400,7596.25,7596.75,7594,7594,920
1783943700,7594,7595,7592,7594,1693
1783944000,7594.25,7595.5,7591.75,7593.25,1361
1783944300,7593,7594.5,7591.75,7594.25,1320
1783944600,7594.25,7598.25,7587.25,7592.25,5570
1783944900,7592.5,7593.25,7590.25,7593,1280
1783945200,7592.5,7592.5,7590,7591,1012
1783945500,7590.75,7591.5,7589,7589.5,1037
1783945800,7589.5,7589.75,7585.75,7588.5,2464
1783946100,7588.5,7589,7585.75,7588.75,1108
1783946400,7588.75,7591.5,7587.75,7591,1589
1783946700,7591,7595,7590.5,7594.75,1588
1783947000,7594.5,7595.75,7593,7594.75,1947
1783947300,7594.5,7597.25,7594.25,7597,1583
1783947600,7597,7599.75,7596.25,7598.5,2038
1783947900,7598.25,7599.25,7596.25,7596.5,1848
1783948200,7596.75,7597,7595.25,7596.25,1658
1783948500,7596.25,7596.5,7594.5,7594.75,1921
1783948800,7594.5,7595.5,7593.75,7594.5,1551
1783949100,7594.5,7596.75,7593,7595.5,3511
1783949400,7595.5,7609.75,7594.5,7604.75,21812
1783949700,7604.75,7608.75,7601,7603,12962
1783950000,7603,7603,7596.5,7601,14988
1783950300,7601.25,7602.25,7593.5,7599.5,15115
1783950600,7599.75,7600.5,7590.25,7597,16446
1783950900,7597,7608.75,7595,7607.25,16341
1783951200,7607.25,7610.5,7597.25,7598.5,20588
1783951500,7598.75,7600.75,7593.5,7599.25,12846
1783951800,7599.25,7604.5,7597.25,7603.5,10166
1783952100,7603.75,7604.75,7573,7589.75,40721
1783952400,7590,7600,7585,7598.75,17588
1783952700,7598.5,7602.75,7596,7601.75,12523
1783953000,7601.75,7604,7596.5,7597.5,9557
1783953300,7597.5,7598.25,7590.75,7593,10141
1783953600,7593,7593,7583.25,7585.5,12502
1783953900,7586,7595.5,7580.5,7595,15816
1783954200,7594.75,7595.75,7586,7588,10389
1783954500,7588,7599,7586.25,7598.5,9715
1783954800,7598.5,7601.5,7593.75,7594,10919
1783955100,7594.25,7597.5,7592.5,7593.5,7878
1783955400,7593.75,7596.75,7590.25,7592.25,7445
1783955700,7592,7594.25,7589.75,7593.5,5298
1783956000,7593.25,7597,7591.75,7595.5,5349
1783956300,7595.25,7596,7590.5,7594.75,5262
1783956600,7595,7596.5,7590.75,7592.25,5471
1783956900,7592.5,7594,7589.25,7592,4676
1783957200,7592.25,7592.5,7587.75,7588,4193
1783957500,7588,7588.75,7585.75,7588.25,5201
1783957800,7588,7588.75,7582.25,7586.5,7253
1783958100,7586.75,7586.75,7581.75,7583.25,5111
1783958400,7583.25,7585.75,7580.5,7582.5,6331
1783958700,7582.5,7586,7581.5,7585.75,4768
1783959000,7586,7589.25,7583.25,7585.5,7169
1783959300,7585.25,7585.5,7577.75,7579.5,8830
1783959600,7579.75,7580.25,7577,7577.5,4548
1783959900,7577.5,7578,7570.25,7573.75,12739
1783960200,7574,7574,7566.75,7567,12909
1783960500,7567.25,7573.75,7560,7571,19796
1783960800,7571,7576.25,7566.75,7575,10905
1783961100,7575,7578,7570.75,7571.25,8968
1783961400,7571.25,7571.75,7563.5,7565.5,11176
1783961700,7565.75,7572.75,7564,7570,8274
1783962000,7570.25,7574.5,7568.75,7569.75,7085
1783962300,7569.75,7576.5,7569.25,7575.75,5820
1783962600,7575.5,7578,7570.75,7572,6799
1783962900,7572,7574.5,7568.25,7573.25,6134
1783963200,7573,7575,7568.25,7568.75,4358
1783963500,7568.75,7571.25,7566.75,7569.75,4715
1783963800,7569.75,7572.75,7568,7570.75,3944
1783964100,7571,7571,7565.75,7568.5,3942
1783964400,7568.25,7573,7566.25,7571.5,5002
1783964700,7571.5,7574.25,7567.5,7568,4909
1783965000,7568,7569,7563.5,7566.25,6394
1783965300,7566,7567,7563,7563.75,4685
1783965600,7563.75,7570.5,7563,7568,6685
1783965900,7568,7573.5,7567.25,7567.75,5907
1783966200,7568,7569.75,7562.75,7569,5914
1783966500,7568.75,7569.75,7561.75,7563.5,4582
1783966800,7563.5,7566.75,7561.75,7566.25,5002
1783967100,7566,7567,7563,7563.75,3813
1783967400,7563.75,7566.75,7561,7563.5,5403
1783967700,7563.5,7569,7563.25,7568,5304
1783968000,7568.25,7572.25,7567,7570,5474
1783968300,7570.25,7570.75,7566.75,7569.25,5281
1783968600,7569,7572.25,7566.75,7569.5,3871
1783968900,7569.5,7570.75,7566,7567.25,3846
1783969200,7567.25,7570.5,7563.25,7570.25,5713
1783969500,7570.25,7571.25,7566.25,7566.5,3190
1783969800,7566.5,7566.75,7562.25,7564.25,5581
1783970100,7564.25,7565.75,7562.25,7563.75,3542
1783970400,7564,7564.25,7557.75,7560.5,9504
1783970700,7560.5,7560.75,7553.25,7554.75,11354
1783971000,7555,7560.25,7554,7558,9532
1783971300,7557.75,7557.75,7551.5,7554,7425
1783971600,7554,7561.5,7553,7561.25,6882
1783971900,7561.25,7562.25,7557.5,7560.75,5694
1783972200,7560.75,7566.25,7559.75,7562.5,13524
1783972500,7562.5,7568.25,7561.25,7563,14501
1783972800,7563,7563.5,7558.75,7561.5,5247
1783973100,7561.25,7563.25,7559.75,7561,2550
1783973400,7561,7561.5,7557.5,7559.5,2756
1783973700,7559.75,7559.75,7547,7553.25,7270
1783974000,7553.25,7555.75,7553,7554.75,1806
1783974300,7555,7556.75,7554.5,7555.75,728
1783974600,7555.75,7555.75,7552.75,7554.5,1101
1783974900,7554.75,7554.75,7553.75,7554.5,429
1783975200,7554.5,7555.25,7553,7554.25,1185
1783975500,7554,7554.5,7552.75,7553.5,1065
1783975800,7553.75,7554.5,7552,7554.25,908
1783976100,7554.25,7555.25,7553,7553.75,1135
1783980000,7558.25,7563.5,7554.5,7558.5,2429
1783980300,7558.25,7562,7558,7559,1270
1783980600,7559.5,7559.75,7557,7557.5,666
1783980900,7557.5,7559.25,7557.25,7558.25,596
1783981200,7558.25,7560.25,7555.75,7556.25,822
1783981500,7556.5,7557.5,7555,7555.5,769
1783981800,7555.25,7556.25,7554.5,7555.25,812
1783982100,7555.5,7556.25,7554.75,7555.75,557
1783982400,7555.75,7557.5,7555.75,7557,515
1783982700,7557,7559.25,7556.25,7557.25,884
1783983000,7557.25,7557.75,7552.75,7553,1239
1783983300,7553,7553.25,7550.75,7551.75,1281
1783983600,7552,7552.25,7547.5,7547.75,1964
1783983900,7548,7549.5,7547.25,7548.5,1056
1783984200,7548.75,7549.5,7546.25,7547.5,1372
1783984500,7547.75,7548.75,7547,7548,519
1783984800,7548.5,7550.5,7547.75,7550,751
1783985100,7549.75,7551.25,7546.75,7547.5,1136
1783985400,7547.25,7547.5,7545,7545.75,1520
1783985700,7545.75,7548.5,7545,7545.5,1047
1783986000,7545.25,7546.25,7541.75,7542.75,1721
1783986300,7542.5,7545.5,7541.5,7543,1663
1783986600,7543,7549.75,7542.25,7548.25,2031
1783986900,7548.25,7553.75,7546,7553.25,2154
1783987200,7553.5,7557,7543,7544.75,6009
1783987500,7544.75,7547.25,7539.5,7544.25,4269
1783987800,7544.25,7556.5,7544.25,7555.75,4929
1783988100,7555.75,7557.5,7543.75,7543.75,4066
1783988400,7544,7549.5,7540,7549.25,4360
1783988700,7549.25,7549.25,7541.5,7545.75,2160
1783989000,7545.75,7553,7544,7550.25,2719
1783989300,7550.5,7554.5,7548.25,7549.75,2174
1783989600,7550,7553.25,7541.5,7544.25,2940
1783989900,7544.25,7551.75,7544,7550.25,2344
1783990200,7550,7557.75,7550,7557.25,2995
1783990500,7557.25,7560.5,7557,7558.5,2531
1783990800,7558.75,7560.25,7556.5,7558.5,2144
1783991100,7558.5,7560.5,7556,7558.5,1681
1783991400,7558.5,7558.75,7554.25,7555,1529
1783991700,7554.75,7559.75,7553.75,7558.75,1750
1783992000,7558.5,7560,7554.5,7556,1626
1783992300,7555.75,7559,7555,7556,993
1783992600,7556.25,7557.25,7551.75,7553.75,1728
1783992900,7553.5,7554,7548.75,7551,1641
1783993200,7551,7553,7547,7551.5,1590
1783993500,7551.5,7556,7551.25,7555,1245
1783993800,7555.25,7555.5,7550.25,7550.75,887
1783994100,7550.75,7551,7546,7548.25,1578
1783994400,7548.25,7552.5,7546,7551.5,1403
1783994700,7551.25,7554.75,7551.25,7552,1470
1783995000,7552,7552.5,7546,7546.25,1439
1783995300,7546.25,7548,7544,7544,1335
1783995600,7544.25,7545.25,7538.5,7540.5,2895
1783995900,7540.5,7543.5,7539.25,7543.25,1473
1783996200,7543.25,7544,7539.5,7539.75,1351
1783996500,7540,7547,7539.25,7547,1388
1783996800,7546.75,7549.75,7546.25,7548.25,1246
1783997100,7548.25,7549.25,7546.25,7548.5,932
1783997400,7548.25,7548.5,7540.25,7540.5,1067
1783997700,7540.5,7541.5,7539.5,7540.75,956
1783998000,7540.75,7541,7537,7538.25,2080
1783998300,7537.75,7538.5,7536.75,7537.75,993
1783998600,7537.5,7537.75,7534.5,7535.5,1587
1783998900,7535.25,7535.75,7531.75,7533.75,1995
1783999200,7533.75,7537.5,7532.25,7535.25,1451
1783999500,7535.25,7540.5,7535.25,7540.5,1248
1783999800,7540.25,7544,7536.5,7536.75,2225
1784000100,7537,7539.75,7536,7538.25,1055
1784000400,7538.25,7538.5,7535,7536.25,1236
1784000700,7535.75,7541.75,7535,7539,1281
1784001000,7538.75,7544.5,7538.5,7543.5,1199
1784001300,7543.5,7544.75,7542,7544,720
1784001600,7544.25,7548,7543,7545.5,1284
1784001900,7545.75,7547,7540.75,7541.5,859
1784002200,7541.25,7542.25,7538.5,7541,1117
1784002500,7541.25,7542.75,7539.25,7542,515
1784002800,7542.25,7546.5,7542,7546,858
1784003100,7546,7549.75,7545.25,7548.75,1031
1784003400,7548.5,7552,7547.75,7552,993
1784003700,7552,7556.75,7551.5,7556,1488
1784004000,7556.25,7557.25,7554,7555.75,1088
1784004300,7556,7559.75,7555.75,7558.75,1010
1784004600,7558.5,7559.5,7556.25,7558.75,792
1784004900,7558.75,7561.5,7558.25,7560.25,1181
1784005200,7560.5,7561.5,7558,7560.75,824
1784005500,7560.5,7562.75,7559.75,7561.75,994
1784005800,7561.75,7563,7561.25,7562.5,727
1784006100,7562.75,7563.25,7561.5,7562.5,474
1784006400,7562.75,7568.5,7562.75,7567.25,2389
1784006700,7567.25,7569.75,7566.75,7569.75,1066
1784007000,7570,7573.75,7569.25,7569.25,2065
1784007300,7569.5,7570.75,7568.5,7569,943
1784007600,7569.25,7569.75,7567.25,7569,656
1784007900,7568.75,7570,7567.5,7569.25,515
1784008200,7569.5,7569.5,7568,7569.25,408
1784008500,7569.25,7570.5,7568,7568.25,513
1784008800,7568,7571.25,7567.75,7569.75,626
1784009100,7569.75,7572,7569.75,7571.5,523
1784009400,7571.5,7573.75,7570.75,7573.5,704
1784009700,7573.5,7574.75,7571.75,7574,1243
1784010000,7574,7575,7569.75,7570.25,884
1784010300,7569.75,7570.25,7566,7567,1209
1784010600,7567.75,7570.5,7566.75,7569,701
1784010900,7568.75,7569,7566,7566.5,504
1784011200,7566.25,7566.5,7563,7563.75,882
1784011500,7563.75,7564,7560.25,7561.5,867
1784011800,7561.75,7563,7560.25,7560.25,356
1784012100,7560.5,7561.75,7558.75,7559,582
1784012400,7559.25,7562.5,7555.75,7562,1729
1784012700,7561.75,7566,7561.25,7564.75,1112
1784013000,7564.75,7565,7561.5,7563.5,821
1784013300,7563,7563.75,7560,7560.75,626
1784013600,7560.5,7562,7557.25,7561,850
1784013900,7560.75,7563.5,7560,7560.25,1007
1784014200,7560.5,7561.5,7556,7560.5,1011
1784014500,7560.5,7561.75,7558.25,7560,645
1784014800,7559.75,7560,7555,7555.75,733
1784015100,7555.5,7560,7552.25,7560,1550
1784015400,7560,7562.5,7558.75,7561,883
1784015700,7561,7561.75,7557.5,7558.75,514
1784016000,7559,7561.25,7554,7558.25,1449
1784016300,7558.5,7558.75,7552.5,7553.25,966
1784016600,7554.25,7558,7553.5,7557.5,801
1784016900,7557.5,7562.25,7557.25,7561.25,889
1784017200,7561,7561.75,7559,7559.75,748
1784017500,7560,7564.5,7560,7562.75,811
1784017800,7562.5,7564,7560.25,7562.5,649
1784018100,7562,7562.75,7559.5,7560.5,622
1784018400,7560.5,7561.25,7558.5,7559.75,451
1784018700,7559.75,7560,7554.75,7554.75,770
1784019000,7555,7557.75,7552.75,7557.25,792
1784019300,7557.5,7558,7554,7554.5,568
1784019600,7554.5,7558.5,7551.5,7558.25,1174
1784019900,7558.5,7561,7555.5,7560.5,1145
1784020200,7560.75,7563.75,7558.5,7563,1115
1784020500,7563,7563.75,7557.75,7559.5,1240
1784020800,7559.75,7560,7557,7558.25,447
1784021100,7558,7558.5,7554,7554.25,813
1784021400,7554.5,7557.5,7554.5,7556.25,718
1784021700,7556.5,7557.75,7556,7557.5,459
1784022000,7557.5,7559,7557,7557.5,644
1784022300,7557.25,7561.75,7556.75,7561.25,662
1784022600,7561,7561.5,7557.75,7558.75,585
1784022900,7558.75,7558.75,7557,7557.5,274
1784023200,7557.75,7559.5,7556.5,7559.5,469
1784023500,7559.5,7560.5,7557.75,7560.25,330
1784023800,7560.25,7561,7556.5,7558,537
1784024100,7557.75,7559,7556.25,7558,513
1784024400,7558,7558.25,7556.75,7558,398
1784024700,7557.75,7558.5,7555.5,7558.25,505
1784025000,7558,7561.25,7554,7557,2606
1784025300,7556.5,7565.75,7556,7560.5,2212
1784025600,7560.75,7560.75,7556,7556.75,1489
1784025900,7556.75,7559.5,7556,7558.75,841
1784026200,7558.25,7560,7555.75,7556.25,708
1784026500,7556,7557.25,7553.5,7557,1079
1784026800,7557,7558,7546.25,7547.5,4143
1784027100,7547.5,7550.25,7544.5,7545.75,2266
1784027400,7545.75,7553.75,7543.5,7553,2658
1784027700,7553,7556.5,7552.25,7556.25,2559
1784028000,7556.5,7563,7554,7561.75,3457
1784028300,7561.75,7564.25,7557.75,7558.5,3657
1784028600,7558.5,7563,7555.75,7556.75,2074
1784028900,7556.75,7557.25,7553.25,7555.75,1170
1784029200,7555.75,7556.75,7552.75,7554,971
1784029500,7554,7559.75,7553.5,7557.25,1499
1784029800,7557,7558.5,7556.25,7556.25,990
1784030100,7556,7557.25,7553.75,7555.5,1160
1784030400,7555.5,7556,7548.25,7549,3139
1784030700,7549,7549.75,7546.75,7548,1994
1784031000,7548,7549,7544.5,7547.5,1613
1784031300,7547.75,7551,7545.25,7549.5,1676
1784031600,7549.5,7557.75,7548.25,7557.25,2130
1784031900,7557.5,7561.5,7555.75,7561.5,2174
1784032200,7559.25,7613.75,7556.5,7596,21108
1784032500,7595.25,7596.25,7582,7586.75,8200
1784032800,7587,7591,7581.75,7587.75,5276
1784033100,7588.25,7590,7581,7583.25,4507
1784033400,7583,7583,7576.75,7579.75,5271
1784033700,7579.5,7581.5,7575.5,7579.5,4226
1784034000,7579.75,7584,7577.25,7579.5,4977
1784034300,7579.75,7583.75,7578.75,7579.75,2675
1784034600,7579.75,7582.25,7577.5,7579.25,2600
1784034900,7579.25,7580.5,7574.5,7575,3296
1784035200,7575,7582,7571,7581.25,4585
1784035500,7581,7585,7578.25,7579.25,5735
1784035800,7579.25,7581,7565.25,7566.25,22642
1784036100,7566.25,7583.75,7564.25,7582,21382
1784036400,7582,7585.5,7575.5,7583.25,19139
1784036700,7583,7588.25,7576,7579.75,16331
1784037000,7580,7586.5,7576,7581,12949
1784037300,7581,7586,7577.25,7583.5,8919
1784037600,7583.75,7585.25,7572.25,7574.75,16008
1784037900,7574.5,7577.25,7568.75,7572.75,14327
1784038200,7572.5,7575.5,7567.75,7574.5,11818
1784038500,7574.5,7574.5,7556.5,7568.75,22375
1784038800,7568.75,7579.25,7568,7571.75,15439
1784039100,7571.75,7583.5,7570,7577.25,13231
1784039400,7577.5,7604.25,7575,7591,27835
1784039700,7590.75,7592,7585.75,7589.75,13123
1784040000,7590,7593.75,7580,7581.75,14080
1784040300,7581.5,7585,7578,7579.25,11223
1784040600,7579.25,7586.75,7575.25,7586.75,9898
1784040900,7586.5,7590.25,7585.75,7587.5,7729
1784041200,7587.75,7600.25,7583,7594,21719
1784041500,7593.75,7601.75,7592,7598.75,14135
1784041800,7598.75,7601,7594.25,7596,7436
1784042100,7596.25,7597.5,7587.5,7590,8256
1784042400,7589.75,7596,7586.75,7595.75,8065
1784042700,7595.75,7598,7593.5,7597.5,5728
1784043000,7597,7599.75,7589,7590.25,9225
1784043300,7590.25,7591.25,7585.5,7589,9153
1784043600,7589,7589,7577.75,7586,13276
1784043900,7586,7590,7585.5,7586.25,6290
1784044200,7586.5,7587.5,7579.25,7580.25,7742
1784044500,7580.25,7582.25,7576.25,7580,7543
1784044800,7580.25,7580.75,7570.25,7573.25,10430
1784045100,7573.5,7577,7570,7574.75,9383
1784045400,7574.75,7576.5,7570,7575.5,7336
1784045700,7575.5,7576.25,7570,7574.5,5685
1784046000,7574.25,7576,7570,7573.25,4502
1784046300,7573.25,7579.5,7572.5,7578.25,6400
1784046600,7578,7581.25,7576.25,7581,5561
1784046900,7580.75,7583.75,7579.75,7582.75,5593
1784047200,7582.75,7587.75,7581.25,7584.75,6493
1784047500,7585.25,7588,7580,7584.5,6464
1784047800,7584.5,7587.25,7583.25,7585.25,3479
1784048100,7585.5,7589.25,7584.75,7589.25,3762
1784048400,7589.25,7591.25,7586.75,7587.5,5677
1784048700,7587.5,7592.5,7585.75,7591.75,4151
1784049000,7591.75,7592.75,7588.5,7588.5,4047
1784049300,7588.75,7592,7584.75,7591.25,6499
1784049600,7591.5,7596.75,7591,7595,5498
1784049900,7595,7596.25,7593,7593.75,3516
1784050200,7594,7595.5,7590.5,7590.5,3668
1784050500,7590.75,7591.75,7588.5,7591.5,4222
1784050800,7591.5,7592.25,7589.25,7590.75,2486
1784051100,7590.75,7592.75,7587.75,7591.25,3602
1784051400,7591.25,7593.5,7591,7592.5,2734
1784051700,7592.75,7593.75,7591.5,7593.25,2363
1784052000,7593.5,7595.5,7589.75,7595,4585
1784052300,7595,7595.75,7593,7594.75,2704
1784052600,7594.75,7596.75,7593.75,7596.5,2252
1784052900,7596.5,7598.25,7595,7596.75,3389
1784053200,7596.5,7598,7594.25,7595,2604
1784053500,7594.75,7596.5,7593.25,7595.25,2362
1784053800,7595.25,7596,7593.5,7594.75,2591
1784054100,7595,7596.25,7590.75,7593.75,7086
1784054400,7593.5,7593.5,7586.75,7590.5,9894
1784054700,7590.5,7592,7589,7589.75,3162
1784055000,7590,7593.5,7588.75,7592.25,3397
1784055300,7592.25,7592.75,7591,7592,1877
1784055600,7592,7593,7588.75,7589.5,3662
1784055900,7589.5,7591,7588.25,7589,2749
1784056200,7589,7591.25,7587.5,7590.25,3229
1784056500,7590.25,7592.5,7588.5,7590.75,4462
1784056800,7590.75,7594.75,7590.25,7594.25,3134
1784057100,7594.25,7594.5,7591.25,7591.5,3017
1784057400,7591.5,7592,7587,7590.25,9559
1784057700,7590,7592.75,7589,7589.75,3694
1784058000,7589.75,7594.25,7589.25,7593,3500
1784058300,7593,7595.25,7592.75,7595,4129
1784058600,7595,7595.75,7591.5,7591.5,9769
1784058900,7591.5,7596,7589.25,7590.25,16118
1784059200,7590,7591.75,7588.5,7589.5,4677
1784059500,7589.25,7592.5,7589,7589.75,2038
1784059800,7589.75,7590.5,7587.5,7589.25,1661
1784060100,7589.25,7590,7588.5,7589.25,603
1784060400,7589,7589.25,7585.75,7587.5,1115
1784060700,7587.75,7589,7585.75,7586,868
1784061000,7586,7587.5,7585.5,7587,561
1784061300,7587.25,7589.5,7587,7589,789
1784061600,7589.5,7589.5,7588.25,7588.75,575
1784061900,7589,7589.75,7587,7587,780
1784062200,7587.25,7590,7586.75,7589.75,837
1784062500,7589.75,7591.75,7589.5,7590.5,852
1784066400,7590.5,7592,7588.75,7589.25,889
1784066700,7589.5,7590,7587,7587.75,635
1784067000,7588,7588.5,7582.75,7584,1547
1784067300,7584.25,7588.75,7583.75,7588.5,1074
1784067600,7588.5,7592,7588.25,7591.5,1234
1784067900,7591.5,7592,7590,7590.5,513
1784068200,7590.5,7592,7590.25,7590.75,418
1784068500,7590.5,7591.25,7590.5,7591.25,241
1784068800,7590.75,7591.5,7590.25,7590.5,256
1784069100,7590.75,7591,7589.25,7590,439
1784069400,7589.5,7590.5,7588.25,7588.75,550
1784069700,7588.75,7589.25,7588,7589,446
1784070000,7589,7590.25,7587.5,7589.75,965
1784070300,7590.25,7591.5,7589.5,7591.25,506
1784070600,7591.25,7592.5,7590.75,7592.25,616
1784070900,7592,7592.5,7591,7591.75,430
1784071200,7591.75,7593.5,7591.5,7593.25,547
1784071500,7593.25,7600.25,7593,7599.75,3070
1784071800,7599.75,7602.5,7599.75,7600.75,1584
1784072100,7600.75,7602,7600.25,7600.25,646
1784072400,7600.5,7603.25,7600.25,7601,964
1784072700,7600.75,7603.5,7600.25,7602.75,953
1784073000,7602.5,7604.25,7602,7603.75,1172
1784073300,7604,7604.25,7601.25,7602.75,1294
1784073600,7602.75,7603.75,7599.5,7600.5,1749
1784073900,7600.75,7601,7598,7600.5,1553
1784074200,7600.25,7604.5,7600.25,7603.25,1607
1784074500,7603,7603.25,7601,7601.5,1069
1784074800,7601.5,7604.5,7601.5,7602,1122
1784075100,7602,7603,7600.75,7602.5,764
1784075400,7602.5,7603,7599.25,7599.5,1045
1784075700,7599.5,7599.5,7595.5,7597.75,2068
1784076000,7597.75,7598.5,7592.5,7594,1955
1784076300,7594,7597.25,7592.75,7596,1427
1784076600,7596,7600.25,7596,7599.5,1397
1784076900,7599.25,7603.5,7599,7601.75,1270
1784077200,7602,7603,7596.25,7598.5,1629
1784077500,7598.5,7599.25,7596,7597,854
1784077800,7597,7599.25,7595.75,7598.5,705
1784078100,7598.5,7602.5,7598.25,7600.75,1130
1784078400,7601,7601.75,7599.5,7601,636
1784078700,7600.5,7603.75,7600.25,7601.5,1178
1784079000,7601.5,7602.5,7600.5,7601.75,836
1784079300,7602,7603.5,7600.75,7603,677
1784079600,7602.75,7602.75,7597.25,7597.75,1107
1784079900,7597.5,7600.5,7597.5,7600,830
1784080200,7599.75,7602,7599.25,7602,740
1784080500,7601.75,7604.5,7601.5,7604.25,1087
1784080800,7604.25,7604.75,7602.5,7603.75,761
1784081100,7603.5,7605.75,7603,7604,1119
1784081400,7604.25,7605.5,7603.25,7603.5,686
1784081700,7603.5,7605.5,7603.25,7604.75,510
1784082000,7604.5,7605.75,7603.5,7603.75,628
1784082300,7603.5,7605,7603.5,7604.5,365
1784082600,7604.75,7606.75,7604,7606,835
1784082900,7606.25,7607,7605.5,7606,538
1784083200,7606.25,7606.75,7605.75,7606.75,295
1784083500,7606.5,7607,7605.5,7606.25,466
1784083800,7606.25,7606.25,7604,7604.5,638
1784084100,7604.25,7605,7603,7603,772
1784084400,7603.25,7604,7602.75,7603.5,473
1784084700,7603.5,7603.75,7602.5,7602.75,333
1784085000,7602.75,7603,7601.25,7602.25,532
1784085300,7602.5,7604.5,7602.25,7604,848
1784085600,7604.25,7604.75,7603,7603.5,264
1784085900,7603.75,7605.25,7603.5,7604.5,351
1784086200,7604.5,7606.25,7604.5,7606,655
1784086500,7606,7606.5,7605.5,7605.5,265
1784086800,7605.5,7606.75,7604.75,7605,391
1784087100,7604.75,7607.5,7604.75,7607.25,463
1784087400,7607.25,7608.5,7607,7607.75,768
1784087700,7607.75,7608,7607,7607,364
1784088000,7607,7607.75,7606.5,7606.5,396
1784088300,7606.5,7607,7605.5,7605.75,359
1784088600,7605.75,7607,7605.75,7606.5,223
1784088900,7606.5,7608.25,7606,7607.75,381
1784089200,7608,7608.25,7607.25,7608,321
1784089500,7608,7608,7606.75,7606.75,209
1784089800,7607,7607.5,7606,7606.5,356
1784090100,7606.75,7608,7606.5,7607.75,268
1784090400,7607.75,7608,7606.5,7606.75,220
1784090700,7606.75,7607.75,7606.75,7607,194
1784091000,7607.25,7608.25,7606.75,7607.5,246
1784091300,7607.75,7608.25,7607,7608.25,355
1784091600,7608.5,7613.5,7604.25,7605.25,5206
1784091900,7605.25,7607.25,7603,7607.25,965
1784092200,7607.5,7607.75,7603.75,7604.5,658
1784092500,7605,7607.75,7604.5,7607,370
1784092800,7607,7608,7604.75,7605,414
1784093100,7604.75,7604.75,7602.75,7603.75,717
1784093400,7603.75,7606,7602.5,7605.5,741
1784093700,7605.75,7608,7605.5,7608,586
1784094000,7608,7608,7605.25,7605.75,453
1784094300,7605.75,7608,7605.25,7607.25,369
1784094600,7607.25,7608.25,7606.25,7607.75,446
1784094900,7607.5,7609.25,7607.5,7609.25,667
1784095200,7609.25,7609.5,7608.25,7609.5,738
1784095500,7609.5,7609.75,7607.5,7608.25,536
1784095800,7608.5,7609,7607,7608,278
1784096100,7608,7608.25,7606.25,7608,331
1784096400,7608,7608.25,7606.25,7607.75,277
1784096700,7607.75,7610.25,7607.75,7610,670
1784097000,7610,7611.25,7606.25,7608.75,1112
1784097300,7609,7609.25,7607.75,7607.75,429
1784097600,7607.75,7608,7606.5,7607,332
1784097900,7607.5,7608.5,7607.25,7608.25,322
1784098200,7608.25,7608.25,7606.5,7608,298
1784098500,7608,7608.5,7606.75,7607.75,586
1784098800,7607.75,7607.75,7604.5,7607.25,1175
1784099100,7607.5,7609,7606.75,7607.25,696
1784099400,7607.5,7608,7606.75,7607.25,551
1784099700,7607,7607.5,7605.25,7605.5,722
1784100000,7605.5,7605.75,7602,7602.25,866
1784100300,7602.25,7602.5,7593.25,7598.75,3346
1784100600,7598.75,7600.5,7596.75,7598.5,1144
1784100900,7598.75,7601,7598.5,7600.75,823
1784101200,7600.5,7602.5,7600.25,7602,725
1784101500,7602,7604.75,7600.5,7604.5,675
1784101800,7604.5,7606.25,7603.75,7605,876
1784102100,7605,7605,7603.5,7604.25,390
1784102400,7604.5,7605,7598.25,7599.5,1432
1784102700,7599.5,7600,7597.5,7599,773
1784103000,7599,7601.5,7597.25,7600.25,1300
1784103300,7600.25,7602.5,7599,7600.75,588
1784103600,7601,7601.5,7595.75,7597.75,834
1784103900,7597.75,7601.5,7597,7601.25,893
1784104200,7601,7602.5,7600,7601.25,426
1784104500,7601.5,7604.25,7600.5,7604,476
1784104800,7604,7604.75,7600.5,7604,850
1784105100,7604,7607.5,7603.75,7605.75,1144
1784105400,7605.75,7606,7604,7604,456
1784105700,7603.75,7607,7603.5,7606.75,438
1784106000,7606.75,7608.25,7606.5,7608.25,488
1784106300,7608.25,7609.75,7607.75,7609.75,625
1784106600,7609.5,7610.75,7608.5,7609.5,748
1784106900,7609.75,7610.5,7608,7610.25,720
1784107200,7610.25,7610.25,7609,7609.5,333
1784107500,7609.5,7609.75,7607.75,7608.25,278
1784107800,7608,7608.5,7606.75,7608,447
1784108100,7607.75,7609.75,7607.25,7607.75,717
1784108400,7608,7610.25,7607.5,7609.75,514
1784108700,7609.5,7609.75,7606.5,7607.25,515
1784109000,7607.25,7607.75,7604,7604.75,1113
1784109300,7605,7605.25,7603.75,7604.5,401
1784109600,7604.75,7606.25,7603.5,7605.25,558
1784109900,7605,7606.5,7604.25,7604.75,364
1784110200,7605,7606,7604.25,7605.75,291
1784110500,7605.75,7606.75,7605.25,7605.25,281
1784110800,7605,7605.75,7600,7600.5,1627
1784111100,7600.25,7600.75,7597,7598.25,1599
1784111400,7598,7600.25,7598,7598.25,812
1784111700,7599.25,7602.25,7598.25,7601.25,779
1784112000,7601,7601.25,7599,7599.5,379
1784112300,7599.5,7602,7599.5,7601.75,404
1784112600,7601.75,7602,7600.25,7601.25,270
1784112900,7601.25,7602.25,7600.25,7601.25,701
1784113200,7601,7603.75,7601,7603,957
1784113500,7603,7603.5,7600.25,7602.25,483
1784113800,7602,7602,7599.25,7599.75,492
1784114100,7600,7602.5,7599.75,7600.25,561
1784114400,7600.25,7602,7600.25,7600.5,313
1784114700,7600.75,7601.75,7600,7600.75,332
1784115000,7600.75,7601.25,7597.75,7601,896
1784115300,7600.75,7602.5,7600,7601.75,470
1784115600,7602,7603.5,7601,7602,647
1784115900,7601.75,7601.75,7598.25,7599,618
1784116200,7599,7601.5,7598.5,7599.25,860
1784116500,7599,7601.25,7598.5,7600.25,695
1784116800,7600,7600.5,7597.75,7597.75,749
1784117100,7597.75,7597.75,7594.5,7596.5,1739
1784117400,7596.5,7597.25,7594.75,7596,776
1784117700,7596,7597.75,7595.75,7596,691
1784118000,7596,7596,7592.25,7594.5,1831
1784118300,7594.5,7595.25,7593.5,7595.25,1228
1784118600,7594.5,7606.5,7593.5,7605,5985
1784118900,7605,7609.25,7604.75,7607,2961
1784119200,7606.75,7613.5,7605.5,7610.75,3913
1784119500,7610.75,7613,7607.75,7612.25,2928
1784119800,7612,7614.75,7612,7613.5,2440
1784120100,7613.25,7614,7610.75,7611.5,2509
1784120400,7611.25,7614.5,7610.75,7614,2732
1784120700,7613.75,7615.25,7610.75,7610.75,3314
1784121000,7611,7611,7606.5,7607,4050
1784121300,7607.25,7610,7606.5,7609.5,2424
1784121600,7609.5,7609.75,7607.5,7607.75,1440
1784121900,7608,7612.5,7605.75,7612.5,5034
1784122200,7612.25,7622.5,7611.75,7621.75,24119
1784122500,7622,7626.25,7615.25,7618.75,22390
1784122800,7618.75,7618.75,7612.75,7613.5,13612
1784123100,7613.5,7614.75,7603,7605.5,20953
1784123400,7605.75,7610.75,7601.25,7610.75,18286
1784123700,7610.75,7616.75,7608.75,7614.5,22129
1784124000,7614.5,7621.75,7614.5,7618,15734
1784124300,7618,7623.5,7616.25,7620.75,12194
1784124600,7620.75,7622.5,7615.75,7617.5,10691
1784124900,7617.75,7626,7617,7623.5,13425
1784125200,7623.25,7624,7603.25,7608,27384
1784125500,7608,7617.25,7603.5,7616.5,21209
1784125800,7616.25,7619,7609.25,7616.25,15647
1784126100,7616.25,7618,7605,7606.75,15249
1784126400,7606.75,7610,7597.75,7605.25,22659
1784126700,7605,7608.5,7598.75,7608,14281
1784127000,7607.75,7608.5,7597,7600.5,13364
1784127300,7600.5,7605.5,7598.25,7605,9999
1784127600,7604.75,7607,7600.25,7602,7963
1784127900,7602,7611.5,7599.25,7610.25,10010
1784128200,7610,7611.5,7600.5,7601,10130
1784128500,7601.25,7603.75,7591.75,7602.75,19333
1784128800,7602.5,7602.75,7594.25,7599,10815
1784129100,7599,7606.25,7597.5,7606,12009
1784129400,7605.75,7608.5,7601.5,7605.75,10002
1784129700,7605.5,7607.75,7600.75,7606.75,8515
1784130000,7606.75,7607.5,7600.25,7601.5,6277
1784130300,7601.5,7602.5,7597.5,7598,7741
1784130600,7598,7598.25,7593,7596.75,8256
1784130900,7597,7597.75,7592.5,7596,5620
1784131200,7596.25,7598,7587,7590.25,13787
1784131500,7590.5,7590.75,7583.25,7588.75,12855
1784131800,7589,7590.5,7581,7581.75,9211
1784132100,7581.75,7583.25,7578.5,7579.75,11249
1784132400,7580,7581.25,7573.75,7574.75,11586
1784132700,7574.75,7578.75,7574,7578,8878
1784133000,7578,7581.5,7574,7575.25,8407
1784133300,7575.25,7576,7572.25,7574,8126
1784133600,7574.25,7579.25,7571.75,7579,7671
1784133900,7579,7593.5,7576.75,7583.25,20421
1784134200,7583.25,7588.5,7582.75,7584,8585
1784134500,7584,7586.75,7579.5,7586.5,6639
1784134800,7587,7590.75,7585.75,7589,6947
1784135100,7589,7594,7588.25,7591.25,6720
1784135400,7591.25,7592.75,7587.75,7587.75,4623
1784135700,7588.25,7594.75,7587.5,7594,5411
1784136000,7594,7596,7592.25,7594.5,4858
1784136300,7594.5,7598.75,7593.5,7598.25,5562
1784136600,7598.25,7602.5,7598.25,7601,9115
1784136900,7601,7605,7600,7604,6603
1784137200,7604,7604.5,7602.25,7603.5,5278
1784137500,7603.5,7611,7602.5,7610.5,10449
1784137800,7610.5,7616,7608.75,7615,9488
1784138100,7615.25,7615.25,7611.25,7612.5,7186
1784138400,7612.25,7616,7611.75,7614,5626
1784138700,7613.75,7617,7613.25,7616.25,4406
1784139000,7616.25,7618.25,7616,7616,3637
1784139300,7616.25,7616.25,7612.75,7613.75,5558
1784139600,7614,7619,7613.5,7617.75,5239
1784139900,7617.75,7618.25,7616,7616.75,3377
1784140200,7616.75,7619.75,7615.5,7618.75,4358
1784140500,7618.5,7618.75,7614.75,7615.25,3936
1784140800,7615.25,7616.5,7610.5,7610.5,7211
1784141100,7610.75,7610.75,7604.75,7606.5,13749
1784141400,7606.5,7607.5,7601.75,7603.75,9832
1784141700,7603.75,7605.75,7601,7602,6295
1784142000,7601.75,7607.5,7600.5,7606.75,7366
1784142300,7606.75,7608.5,7605,7605.5,4295
1784142600,7605.5,7609,7604.75,7608,6740
1784142900,7608,7608.5,7605.25,7605.5,3367
1784143200,7605.5,7605.75,7601.5,7603.25,6341
1784143500,7603.5,7608,7601.75,7606.25,4860
1784143800,7606.5,7609.5,7601.25,7602.75,12364
1784144100,7602.75,7609,7601.5,7608.5,5409
1784144400,7608.5,7612.75,7607.75,7611.5,6802
1784144700,7611.25,7612,7605.25,7606.75,6067
1784145000,7606.75,7611.75,7606.75,7611.5,8848
1784145300,7611.5,7617.75,7611.5,7617.25,15417
1784145600,7617,7619.5,7613.25,7617.5,7069
1784145900,7617.25,7617.5,7608.75,7613,4123
1784146200,7613,7615.5,7612.25,7614.5,1732
1784146500,7614.75,7615.5,7613.25,7615.5,849
1784146800,7615.5,7617.75,7615.25,7617.5,930
1784147100,7617.5,7618,7616.5,7617,452
1784147400,7616.75,7617,7614.75,7615.25,842
1784147700,7615,7616.5,7614.75,7616,598
1784148000,7616,7617.25,7615.5,7617,670
1784148300,7616.75,7618,7616.25,7616.75,567
1784148600,7616.5,7617,7615.5,7615.75,534
1784148900,7615.75,7617,7615.25,7615.75,721
1784152800,7615.75,7621,7614,7620.5,2097
1784153100,7620.75,7622.25,7620,7620.5,1114
1784153400,7620.25,7620.5,7618.5,7619,758
1784153700,7618.75,7619,7618,7618.25,493
1784154000,7618.25,7619,7616.5,7617,806
1784154300,7616.75,7617.25,7616.25,7616.75,445
1784154600,7617,7618,7616.25,7616.75,574
1784154900,7616.75,7617.25,7615.25,7615.75,721
1784155200,7615.5,7616.25,7615.25,7615.75,471
1784155500,7615.5,7616.5,7615,7615.25,540
1784155800,7615.25,7619.5,7613.25,7616,2489
1784156100,7615.75,7619,7614.25,7618.5,1163
1784156400,7618.25,7619.5,7617.25,7619,798
1784156700,7619.25,7619.25,7617.5,7618.5,327
1784157000,7618.5,7619.75,7618.25,7618.75,445
1784157300,7618.75,7618.75,7617.25,7618.5,590
1784157600,7618,7619.25,7617.5,7618.5,375
1784157900,7618.5,7620.25,7617.5,7619.5,694
1784158200,7619.5,7622,7619.5,7622,783
1784158500,7621.75,7622,7619.25,7619.5,422
1784158800,7619.75,7620.75,7618.5,7620,672
1784159100,7620.25,7621,7617,7617,903
1784159400,7617,7619,7616.5,7617,829
1784159700,7617.25,7618.25,7615.5,7616.25,827
1784160000,7616.25,7624,7615.75,7623.25,3157
1784160300,7623.25,7624.75,7621.5,7623.5,1835
1784160600,7624,7626.75,7622.5,7626.5,1674
1784160900,7626.25,7627.75,7620.75,7621.25,1959
1784161200,7621,7622,7619.5,7620,1164
1784161500,7620.25,7621.75,7618,7619.25,1255
1784161800,7619.25,7622,7617.5,7621.5,1594
1784162100,7621.5,7621.5,7616.75,7617,955
1784162400,7617.25,7617.25,7615.25,7615.5,1157
1784162700,7615.5,7617.25,7614.5,7617,1256
1784163000,7617,7620.5,7615.5,7616.5,1553
1784163300,7616.25,7617.25,7615.5,7616.25,624
1784163600,7616.75,7617.75,7614.75,7617,1104
1784163900,7616.75,7618.25,7615.5,7617.25,784
1784164200,7617.25,7617.75,7613.25,7614.75,1302
1784164500,7614.75,7615.25,7610.5,7610.75,1553
1784164800,7610.75,7613.25,7610.25,7612.25,1689
1784165100,7612,7613.25,7611.25,7611.25,681
1784165400,7611.5,7613.75,7610.75,7612.5,1164
1784165700,7613,7615,7612.25,7614.75,929
1784166000,7614.5,7615.5,7611.5,7612.25,844
1784166300,7612.5,7618.5,7612,7618.25,1499
1784166600,7618.25,7618.5,7615.5,7616.75,1060
1784166900,7617.25,7618.75,7613.5,7614.5,1422
1784167200,7614.75,7615.25,7611,7611.75,1224
1784167500,7611.75,7613.5,7611.25,7611.75,628
1784167800,7611.75,7613.75,7611.5,7613.25,551
1784168100,7613.5,7616.25,7612.75,7616,821
1784168400,7616,7619.75,7615.25,7619.25,1195
1784168700,7619.25,7620.25,7618.5,7619.75,1031
1784169000,7619.75,7621,7618.75,7619.75,838
1784169300,7619.75,7621,7618.25,7619.25,881
1784169600,7619.25,7619.75,7618,7618.75,732
1784169900,7618.5,7622,7618.5,7621,767
1784170200,7620.5,7622.5,7619.75,7621.75,645
1784170500,7621.75,7623.75,7621.5,7622.75,842
1784170800,7622.75,7623.25,7621.75,7623,566
1784171100,7623,7624.75,7622.75,7624.75,722
1784171400,7624.75,7624.75,7623.5,7624,621
1784171700,7624,7624,7621.25,7621.75,601
1784172000,7621.75,7622.75,7620.75,7621.25,575
1784172300,7621.5,7622,7620.75,7621.5,299
1784172600,7622,7624.75,7621.5,7624.25,971
1784172900,7624.25,7625.25,7622.75,7623,633
1784173200,7623,7624.25,7622.5,7622.75,268
1784173500,7623,7623.25,7621.75,7622,435
1784173800,7622.25,7624.25,7622,7623.75,332
1784174100,7623.5,7624.5,7623,7624.5,272
1784174400,7624.5,7625.5,7624.25,7624.5,504
1784174700,7624.25,7625.5,7623.75,7624,267
1784175000,7624,7626.25,7623.75,7626,675
1784175300,7626.25,7626.25,7623.5,7623.5,355
1784175600,7623.75,7623.75,7622.25,7623.5,497
1784175900,7623.75,7623.75,7622.25,7622.75,295
1784176200,7622.5,7623.25,7622,7622.25,199
1784176500,7622,7622.25,7621,7621.5,384
1784176800,7621.25,7622.5,7620.25,7621.5,594
1784177100,7621.25,7622,7620.5,7621.75,297
1784177400,7621.5,7622.5,7621.25,7622.5,180
1784177700,7622.25,7623,7621.5,7621.75,347
1784178000,7622,7624.25,7621.75,7623.75,606
1784178300,7623.75,7624,7622.5,7622.75,407
1784178600,7622.5,7627,7621.75,7626.75,954
1784178900,7626.75,7629.75,7626,7627,1698
1784179200,7627.25,7629,7627,7628.25,838
1784179500,7628,7629.25,7626.5,7627.75,562
1784179800,7627.75,7632,7621.75,7622.25,3223
1784180100,7622.25,7622.25,7617,7618.25,2080
1784180400,7618,7622,7616.5,7620,1328
1784180700,7620,7621,7616.75,7617,550
1784181000,7617,7617.5,7615.25,7616,754
1784181300,7615.75,7618.5,7615.75,7617,489
1784181600,7617.25,7621.75,7617.25,7619.25,1106
1784181900,7619.25,7625,7613.25,7621.25,5093
1784182200,7621.25,7622,7619,7621.75,1056
1784182500,7622,7623.5,7621.25,7622,699
1784182800,7622.5,7622.75,7617.75,7618.25,812
1784183100,7618.5,7619.5,7617,7618,789
1784183400,7617.75,7618.5,7614,7614,993
1784183700,7614,7614.75,7611,7614.25,1478
1784184000,7614.5,7616,7614.25,7615,692
1784184300,7615.5,7616.25,7613.75,7615.75,452
1784184600,7616,7616.5,7615.25,7615.75,308
1784184900,7616,7619,7615.75,7618.25,699
1784185200,7618.25,7619,7610.25,7615.5,1889
1784185500,7615.5,7615.75,7612.75,7613.5,661
1784185800,7613.5,7614,7610,7610.25,796
1784186100,7610.25,7610.75,7608.25,7609.75,1325
1784186400,7609.75,7613.25,7609.75,7611.5,1057
1784186700,7611.5,7611.75,7609.25,7610.5,438
1784187000,7610.75,7611.75,7607,7609.5,1124
1784187300,7609.5,7609.75,7606.75,7607.25,923
1784187600,7607,7607.75,7605.75,7606.25,924
1784187900,7606.25,7606.5,7604.5,7606,1050
1784188200,7606,7606.25,7602.25,7602.75,807
1784188500,7602.75,7603,7600,7601.75,2142
1784188800,7601.75,7603,7599,7601.25,2087
1784189100,7601.5,7602.25,7599,7599.5,1011
1784189400,7599.25,7599.25,7593.5,7594,2677
1784189700,7594.25,7599.25,7593.5,7598.75,1376
1784190000,7598.5,7603.75,7598.25,7599.5,1637
1784190300,7599.75,7601.75,7599.25,7601.5,858
1784190600,7601.5,7604,7600.5,7602.25,880
1784190900,7602.25,7605.75,7602.25,7604.5,991
1784191200,7604.5,7606.25,7602.75,7603.75,767
1784191500,7603.75,7610.25,7603.75,7609.5,1331
1784191800,7609.25,7609.75,7607.75,7608.25,696
1784192100,7607.75,7610,7607.75,7609.75,534
1784192400,7609.75,7613.25,7609.75,7611.75,1572
1784192700,7612,7613,7611,7611,605
1784193000,7611.25,7613.75,7610.25,7613,659
1784193300,7613,7615.5,7612.25,7612.75,1028
1784193600,7613,7614.75,7611.75,7611.75,690
1784193900,7612,7613.75,7610.25,7610.5,922
1784194200,7610.75,7613.5,7610,7611,642
1784194500,7611.5,7611.75,7609.25,7609.75,661
1784194800,7609.75,7611.25,7608.75,7608.75,596
1784195100,7608.5,7608.75,7605.5,7605.5,1120
1784195400,7605.25,7606.75,7604.75,7606.5,738
1784195700,7606.75,7610.5,7605,7605.25,1899
1784196000,7605,7606,7602.25,7605.5,1402
1784196300,7605.75,7607.75,7604.75,7607.5,653
1784196600,7607,7607.5,7605.25,7606,431
1784196900,7606,7606.25,7604,7604.5,499
1784197200,7604.25,7604.75,7601,7602,1258
1784197500,7602.25,7604.75,7601.5,7604.5,649
1784197800,7604.5,7607.25,7604.25,7607,1072
1784198100,7607,7607.25,7602,7602.25,588
1784198400,7602.25,7604.75,7602,7603.75,537
1784198700,7603.5,7604.75,7601.5,7602.25,604
1784199000,7602,7602.5,7601,7601.75,565
1784199300,7601.5,7604.25,7601.25,7602.75,961
1784199600,7602.75,7603,7595.75,7599,2624
1784199900,7599,7600.25,7597,7598.25,906
1784200200,7598.25,7600.75,7596.5,7600.75,978
1784200500,7600.75,7601.75,7595.5,7597,1918
1784200800,7597,7603.25,7596.75,7603.25,1179
1784201100,7603,7603.5,7598.5,7600,1167
1784201400,7600,7600.25,7594.75,7597,1545
1784201700,7597,7599.25,7595,7597.5,1145
1784202000,7597.25,7598.75,7596,7596.75,733
1784202300,7596.5,7598.25,7580.5,7584.25,5571
1784202600,7584,7594.75,7584,7594,6450
1784202900,7594,7597.5,7593.25,7597.25,2066
1784203200,7597,7599,7594.75,7595.25,1882
1784203500,7595,7596,7590.5,7592,2366
1784203800,7592,7592,7588.5,7591.25,1815
1784204100,7591.25,7594.5,7589.75,7594.25,1584
1784204400,7594.25,7594.5,7584.75,7585,5115
1784204700,7585,7588,7584,7586.75,1907
1784205000,7587.25,7591.25,7584,7588.25,2863
1784205300,7588.5,7588.75,7580.5,7583.25,3624
1784205600,7583.25,7585.25,7581.25,7583,2513
1784205900,7582.75,7588.75,7581.75,7585.75,2993
1784206200,7585.75,7589.5,7585,7588.25,2273
1784206500,7588.25,7588.75,7586,7586.5,1337
1784206800,7586.75,7592.75,7585.75,7592,3839
1784207100,7591.75,7595,7591.5,7594,2607
1784207400,7594,7596.25,7592.25,7595.75,2296
1784207700,7595.75,7597.75,7594.5,7595.75,2763
1784208000,7595.5,7597.75,7594.25,7597.25,1972
1784208300,7597,7598,7594.75,7596.75,3687
1784208600,7596.75,7604,7589.75,7590.75,21479
1784208900,7591,7594.25,7585.25,7586,18922
1784209200,7586,7592,7579.75,7581.75,22692
1784209500,7582,7586.25,7575.25,7579,19242
1784209800,7579,7591.5,7578.5,7584,21849
1784210100,7583.75,7590,7580,7588,15291
1784210400,7587.75,7597.25,7585.25,7596.5,17789
1784210700,7596.25,7604.75,7594.75,7603,18341
1784211000,7603,7605.5,7601,7602.5,12268
1784211300,7602.5,7608.75,7601,7608,13400
1784211600,7608,7608.75,7599.75,7605.5,13527
1784211900,7605.75,7613,7602,7612.5,14534
1784212200,7612.5,7613.5,7608.75,7610.75,10516
1784212500,7610.75,7614,7607.25,7608.25,8907
1784212800,7608.25,7613.5,7606.5,7612.75,8058
1784213100,7613,7614.75,7610.5,7611,8747
1784213400,7610.75,7612,7604.5,7606,10862
1784213700,7606,7611.25,7602.75,7611,13289
1784214000,7611,7613.25,7605.25,7605.75,10508
1784214300,7605.75,7607.5,7600.25,7604.5,11906
1784214600,7604.5,7606.75,7599.75,7602.5,9533
1784214900,7602.5,7605.5,7598.5,7605,9668
1784215200,7605.25,7605.5,7599,7605.25,7144
1784215500,7605.25,7613.75,7604.75,7607.25,14332
1784215800,7607.25,7611.5,7601.75,7611.25,8891
1784216100,7611,7613,7607.25,7612.25,6490
1784216400,7612.25,7613.25,7604,7605.5,8245
1784216700,7605.75,7605.75,7599,7604.25,9970
1784217000,7604,7610,7603.75,7606.75,7195
1784217300,7606.75,7607,7602,7605,5081
1784217600,7605,7605.5,7596.25,7596.75,9040
1784217900,7596.75,7599.5,7592.5,7597.75,13530
1784218200,7597.75,7598,7588.5,7589,11747
1784218500,7589,7594.25,7587.5,7591,8999
1784218800,7591,7591,7584,7585,14052
1784219100,7585,7590.25,7583,7588.25,8639
1784219400,7588.5,7594.25,7588,7590.75,8642
1784219700,7590.75,7592.75,7587.5,7588,8115
1784220000,7588,7591.25,7586.75,7588.75,5143
1784220300,7588.75,7591.5,7585.75,7589.5,5524
1784220600,7589.5,7595.75,7588,7595.25,6967
1784220900,7595,7599.25,7595,7598,7218
1784221200,7598.25,7598.5,7591.5,7595.25,7643
1784221500,7595.25,7597.5,7591.25,7596.25,3967
1784221800,7596,7597.25,7590.25,7591,4196
1784222100,7591.25,7594.5,7590,7593.25,4432
1784222400,7593,7594.5,7589.25,7589.5,4156
1784222700,7589.5,7597.5,7589.25,7596.25,5937
1784223000,7596.25,7597.25,7589,7589.75,5700
1784223300,7590,7591.25,7584,7585.25,8952
1784223600,7585.25,7585.25,7579.5,7583,10856
1784223900,7583.25,7588,7579.5,7586,7368
1784224200,7586,7587.75,7582.75,7584.5,4665
1784224500,7584.75,7585.25,7579.75,7582.25,5214
1784224800,7582.5,7584,7578,7578,6117
1784225100,7578.25,7578.75,7573.75,7576.75,10702
1784225400,7576.75,7583.75,7576.25,7576.5,10790
1784225700,7576.5,7583,7573.75,7581.25,9043
1784226000,7581.25,7586.5,7581,7583,8717
1784226300,7582.75,7584.5,7577.75,7578.5,6700
1784226600,7578.5,7578.5,7574.75,7576.5,5886
1784226900,7576.25,7576.25,7572.75,7573.25,5632
1784227200,7573,7576.5,7568.25,7574.75,12317
1784227500,7574.25,7578.25,7572.5,7576.75,5410
1784227800,7576.75,7579,7571.5,7571.5,5743
1784228100,7571.75,7574,7570.5,7571.5,5026
1784228400,7571.25,7576.25,7570,7574.25,6933
1784228700,7574.25,7576,7566.75,7567,9046
1784229000,7567,7567.75,7565,7566.75,7129
1784229300,7566.5,7568.25,7563,7567,8367
1784229600,7567,7569.5,7564.25,7565,6423
1784229900,7564.75,7566,7558,7560.5,9575
1784230200,7560.5,7561.25,7553.5,7556.5,10532
1784230500,7556.25,7561.25,7553.25,7559.75,8995
1784230800,7559.5,7561.25,7554.25,7554.5,6633
1784231100,7554.5,7555.75,7548.25,7551.75,11447
1784231400,7551.75,7569.5,7551.75,7568.5,20550
1784231700,7568.75,7579.5,7568.75,7577,22333
1784232000,7577,7577.75,7570.75,7572.75,8549
1784232300,7572.75,7573.25,7569.25,7570.25,3028
1784232600,7570.5,7571,7566.75,7567.25,2008
1784232900,7567.25,7570.75,7566.25,7570,1457
1784233200,7570,7573.5,7570,7571.75,1844
1784233500,7572,7572.25,7568.75,7569.25,678
1784233800,7569,7569.5,7566.75,7569.25,1091
1784234100,7569.5,7570.5,7569.25,7569.5,703
1784234400,7569.5,7570.5,7568.5,7569,582
1784234700,7568.75,7570,7568,7568,765
1784235000,7568,7570,7567,7569.25,904
1784235300,7569.25,7569.75,7567.75,7569,562
1784239200,7571,7574.75,7570.25,7573.75,1870
1784239500,7573.75,7574,7571.5,7571.75,778
1784239800,7572,7572.25,7569.5,7570.25,1010
1784240100,7570.25,7570.5,7567.25,7567.25,1070
1784240400,7567.25,7570,7566.25,7569,1086
1784240700,7568.75,7569.5,7567,7567.25,759
1784241000,7567.25,7568.25,7565.25,7566,1363
1784241300,7566.25,7568.25,7565.75,7567.5,501
1784241600,7567.75,7567.75,7565,7567.25,894
1784241900,7567.25,7567.5,7565.25,7565.75,920
1784242200,7565.25,7566.25,7563.75,7564.5,1341
1784242500,7564.5,7566.5,7563.75,7566,914
1784242800,7566.25,7567,7563.25,7565.25,1196
1784243100,7565.5,7565.5,7561.5,7562.5,1211
1784243400,7562.5,7565.75,7561.25,7565,1150
1784243700,7565,7565,7562.25,7562.75,577
1784244000,7562.5,7563,7559.75,7560,1056
1784244300,7560.25,7562.25,7558.5,7561,949
1784244600,7561,7561.5,7558.25,7559.75,1097
1784244900,7560,7562.25,7556.75,7562,1585
1784245200,7561.75,7564.25,7561.75,7562,984
1784245500,7562.5,7562.5,7559,7560.75,1009
1784245800,7560.25,7563.25,7560,7562.25,774
1784246100,7562.5,7562.5,7558.5,7560.5,848
1784246400,7560.5,7563.75,7558.5,7558.75,1709
1784246700,7558.75,7559,7554,7555.5,2446
1784247000,7555.75,7555.75,7552,7553.25,2068
1784247300,7553.25,7557.25,7552.5,7554,2210
1784247600,7553.75,7555.25,7552,7552.25,1190
1784247900,7552.5,7553.25,7549.25,7550,2157
1784248200,7550.25,7551,7547.5,7549.5,2267
1784248500,7549.5,7550.5,7547.5,7548.25,1269
1784248800,7548.25,7549.25,7546,7548.25,1801
1784249100,7548.25,7550.5,7547.75,7550.5,1529
1784249400,7550,7554,7549.5,7553.75,2050
1784249700,7554,7555.5,7552,7552,1759
1784250000,7552.25,7556.25,7551.25,7552.75,2147
1784250300,7552.75,7552.75,7546.5,7549.5,2778
1784250600,7549.5,7550.25,7545,7545.75,1945
1784250900,7546,7548.5,7545.5,7546.5,1209
1784251200,7546.5,7547.5,7544.5,7545.5,1214
1784251500,7545.5,7548.25,7543.5,7548.25,1797
1784251800,7548.25,7548.75,7540.25,7540.75,3311
1784252100,7540.5,7544,7540,7542.25,1904
1784252400,7542.25,7543.25,7537.75,7539,2620
1784252700,7538.75,7540.5,7535.5,7536.75,3157
1784253000,7537,7538.25,7535.75,7536.25,1251
1784253300,7536,7538.75,7535.25,7538.25,1310
1784253600,7538.25,7539.5,7537,7538.5,1356
1784253900,7538.5,7539,7534,7534.25,1437
1784254200,7534.25,7536.5,7533.75,7535.25,1413
1784254500,7535,7535.25,7532.75,7533.5,1408
1784254800,7533.75,7534,7531.25,7532,2020
1784255100,7531.75,7532.5,7530,7531.25,1909
1784255400,7531.5,7532.25,7528.5,7529.25,1778
1784255700,7529.25,7530.75,7528.5,7530,1263
1784256000,7530,7532.5,7529.25,7532.5,1562
1784256300,7532.5,7533.25,7529,7529.75,1285
1784256600,7529.75,7530.25,7527.25,7527.25,1439
1784256900,7527.25,7530.5,7525.5,7530,2653
1784257200,7530.25,7532,7528.5,7531.25,1747
1784257500,7531.25,7535,7531.25,7534.25,2061
1784257800,7534,7535.5,7533,7534.25,1168
1784258100,7534.25,7537.25,7534.25,7537,1700
1784258400,7537.25,7540.5,7536.75,7538.75,2422
1784258700,7538.75,7541.25,7538.5,7539.5,1389
1784259000,7539.25,7540,7533,7533.75,2273
1784259300,7533.75,7537,7533.75,7533.75,1118
1784259600,7534,7534,7528.5,7530.25,2175
1784259900,7530.5,7530.75,7527.25,7527.25,1256
1784260200,7527.5,7527.75,7525.25,7526,1761
1784260500,7526,7526.5,7524.25,7524.25,1490
1784260800,7524.25,7524.75,7519,7519.5,3417
1784261100,7519.5,7522,7518.5,7519.75,1925
1784261400,7519.75,7520.75,7517.5,7518.5,1888
1784261700,7518.75,7519.25,7516.75,7517.75,1331
1784262000,7517.5,7519.5,7515,7516.25,1965
1784262300,7516.25,7516.75,7512.5,7514.25,2249
1784262600,7514.25,7516,7509.5,7511.5,2455
1784262900,7511.5,7513,7509,7511.75,1833
1784263200,7511.75,7515.25,7510,7514,1894
1784263500,7514.25,7517.75,7513.75,7517,1456
1784263800,7517,7519,7516.25,7519,1590
1784264100,7519,7519.25,7514,7514,1617
1784264400,7514,7515.75,7511.75,7515.5,1910
1784264700,7515.25,7515.5,7511.5,7513,1355
1784265000,7513.25,7514.5,7511,7512,1033
1784265300,7512.25,7514.75,7509.75,7513.75,1332
1784265600,7513.75,7513.75,7511.5,7512,712
1784265900,7511.75,7512.75,7510.75,7511.5,587
1784266200,7511.75,7514.25,7508,7509.25,1593
1784266500,7509.5,7510.5,7505,7506.5,2439
1784266800,7506.75,7508.25,7503.25,7508.25,2249
1784267100,7508,7511,7505.25,7510,1708
1784267400,7510,7511,7508,7511,1450
1784267700,7511,7511.75,7507.75,7511.25,1946
1784268000,7511.25,7515.25,7510.75,7513.5,2247
1784268300,7513.5,7515.25,7509,7510,1754
1784268600,7510,7515.75,7509,7513.75,1706
1784268900,7513.75,7518,7513,7517.25,1669
1784269200,7517.25,7521,7517.25,7520.75,2046
1784269500,7521,7523.25,7520.75,7521.75,1397
1784269800,7522,7523.5,7521,7522.5,1146
1784270100,7522.75,7523,7517.25,7517.5,1465
1784270400,7517.5,7518.25,7514.25,7515.75,1086
1784270700,7515.5,7515.75,7510.75,7511.75,1789
1784271000,7511.5,7512.25,7508.75,7511,1473
1784271300,7511.25,7513,7510.5,7512,1000
1784271600,7512.25,7516.25,7510.25,7516.25,2567
1784271900,7516,7516.25,7511.25,7511.75,1637
1784272200,7512,7514.75,7510,7514.5,1281
1784272500,7514.75,7517,7514,7516.25,1390
1784272800,7516,7516.25,7510.75,7511.75,1377
1784273100,7511.75,7517.25,7510.25,7516.75,1427
1784273400,7517,7519,7514.75,7515,1667
1784273700,7514.75,7516,7512.75,7516,1048
1784274000,7516,7517.25,7513,7515.5,1010
1784274300,7515.25,7515.25,7511,7513.75,1175
1784274600,7514,7515.5,7512.75,7513.25,769
1784274900,7513.25,7516.25,7510.5,7511.75,1006
1784275200,7511.75,7515.5,7511,7514.5,1779
1784275500,7514.75,7517,7509.75,7512.5,1708
1784275800,7512.25,7512.25,7506.25,7507.5,2225
1784276100,7507.5,7508.25,7495.5,7497.25,6088
1784276400,7497.5,7501.25,7495,7498.25,3378
1784276700,7498,7503.5,7495.25,7500.25,2519
1784277000,7500.5,7502.25,7494.75,7495.5,1597
1784277300,7495.5,7496.75,7491.5,7493,2214
1784277600,7493,7495.5,7491.25,7495.25,1927
1784277900,7494.75,7498.5,7494.5,7496,2065
1784278200,7496,7500.25,7493.75,7499.25,1824
1784278500,7499.25,7504.25,7498.75,7499.5,1998
1784278800,7499.5,7501,7496.75,7500.75,1349
1784279100,7501,7501,7498,7500,933
1784279400,7500,7506,7499,7505.5,1459
1784279700,7505.5,7505.75,7502,7503.75,1336
1784280000,7504,7507.75,7503,7507.75,1766
1784280300,7507.75,7510.5,7507.75,7510.25,1117
1784280600,7510.5,7510.5,7505,7505.25,1206
1784280900,7505.25,7508,7504,7507,1285
1784281200,7507,7507.25,7502.75,7503.75,1046
1784281500,7503.5,7507.5,7503.5,7504.75,882
1784281800,7504.75,7510,7504.75,7509,1489
1784282100,7509,7510.75,7507.5,7510,1334
1784282400,7510.25,7511.75,7507,7509.5,1960
1784282700,7509.25,7513.25,7509.25,7512.75,1690
1784283000,7512.5,7517.25,7511.25,7516.5,2342
1784283300,7516.5,7518,7513.75,7515,1534
1784283600,7514.5,7516,7511,7513.5,1733
1784283900,7513.25,7516.25,7512,7515.75,1524
1784284200,7515.5,7519.25,7515.5,7519,1248
1784284500,7518.75,7520.75,7517.75,7520.5,1310
1784284800,7520.25,7522,7518.25,7519,1597
1784285100,7519,7520.25,7517.75,7518.25,940
1784285400,7518.25,7518.5,7516.25,7517.75,973
1784285700,7517.5,7520.25,7516.5,7517.75,1817
1784286000,7518.25,7521.75,7516.75,7517,1858
1784286300,7517,7519,7514,7514,1476
1784286600,7514,7515.75,7512,7512.75,1164
1784286900,7513,7514,7511.25,7512,1027
1784287200,7512,7513.75,7509.5,7512.25,1953
1784287500,7512.25,7517,7511.75,7517,1828
1784287800,7517.25,7517.75,7514,7515.5,1003
1784288100,7515.75,7518.75,7515.75,7516.75,923
1784288400,7516.75,7518,7513,7514,1190
1784288700,7514,7517.25,7512.5,7516,1121
1784289000,7516,7520.5,7513.25,7519.75,1869
1784289300,7519.75,7520.5,7517.5,7519,1284
1784289600,7518.75,7519.5,7512.75,7513.5,1666
1784289900,7513.25,7513.75,7510.25,7511,1736
1784290200,7511,7512.5,7509.5,7510.5,1427
1784290500,7510.5,7511.25,7508.5,7508.5,1805
1784290800,7508.5,7512.25,7507.5,7510.75,1951
1784291100,7510.75,7511.5,7508,7509.25,1520
1784291400,7509.25,7510.5,7507,7508.5,1774
1784291700,7508,7509.75,7506.25,7508.75,1734
1784292000,7509,7510.25,7505,7508,2113
1784292300,7507.75,7510,7503.75,7503.75,1687
1784292600,7503.75,7506.5,7502.5,7506.25,1970
1784292900,7506,7508.5,7503.5,7504.25,2389
1784293200,7504.25,7504.75,7498.25,7499,4550
1784293500,7499.25,7500.25,7493.75,7494.5,5152
1784293800,7494.5,7495.75,7492.75,7493.25,2786
1784294100,7493.5,7496.5,7490.25,7491.5,5963
1784294400,7491.75,7492.75,7486.75,7487.25,4804
1784294700,7487.25,7493.75,7483,7485,15527
1784295000,7485,7491.25,7475,7475.25,29282
1784295300,7475.25,7482,7473,7480.75,20754
1784295600,7480.75,7492.25,7473.5,7475.75,25177
1784295900,7475.75,7497,7474.75,7496,25552
1784296200,7495.75,7508,7495.5,7504.25,19077
1784296500,7504.25,7514,7501.25,7514,16892
1784296800,7514,7523.75,7512.25,7518.5,24591
1784297100,7518.75,7530.5,7518.5,7529,21461
1784297400,7529,7534.25,7524.75,7528.75,19797
1784297700,7528.5,7539,7527.5,7531.5,21169
1784298000,7531.5,7536.75,7528,7534.5,14979
1784298300,7534.25,7538,7527.5,7529.25,13657
1784298600,7529.5,7532.25,7521.75,7526,18625
1784298900,7526,7533.75,7523,7533,15328
1784299200,7532.75,7533.75,7523,7524.5,11939
1784299500,7524.5,7531.75,7518.5,7522.25,16759
1784299800,7522.5,7524.25,7517.25,7519.75,10896
1784300100,7519.75,7527.75,7514.25,7516,13822
1784300400,7516.25,7518,7506.75,7508,14204
1784300700,7507.75,7516,7506.75,7514.25,12782
1784301000,7514.25,7517.75,7506.5,7509,11406
1784301300,7509,7514.25,7505.25,7511.25,11110
1784301600,7511,7514.75,7504.75,7508.75,11922
1784301900,7508.75,7521.5,7508.25,7520.25,13961
1784302200,7520,7525,7514,7515.75,18798
1784302500,7515.75,7523.25,7510,7522.25,13207
1784302800,7522,7524.5,7515.25,7520.5,9181
1784303100,7520.75,7521.75,7514.25,7521.25,8146
1784303400,7521,7526.5,7517.25,7526.25,6822
1784303700,7526.5,7536.5,7525.25,7534,11476
1784304000,7534.5,7537,7517.25,7521,21096
1784304300,7520.75,7525,7513.75,7525,10907
1784304600,7525,7529,7522.25,7528.25,8454
1784304900,7528.5,7531,7525.25,7529,7938
1784305200,7528.75,7530.5,7517.5,7517.75,8858
1784305500,7517.75,7529.75,7516.5,7524.75,10023
1784305800,7525,7527.25,7520.75,7521,9200
1784306100,7521,7526.25,7520.75,7524.5,7189
1784306400,7524.5,7530.25,7521.25,7529.5,9456
1784306700,7530,7536,7528,7534.25,8421
1784307000,7534.5,7539,7531.5,7534.5,10270
1784307300,7534.5,7535.25,7527,7529.25,6364
1784307600,7529.25,7537.75,7527.75,7532.25,9117
1784307900,7532.25,7535.75,7530.25,7535.5,4114
1784308200,7535.25,7537,7529.5,7529.75,5543
1784308500,7529.75,7535.75,7528.25,7528.75,6329
1784308800,7528.75,7530,7525.25,7528.75,5852
1784309100,7528.5,7536,7528.25,7534.25,5906
1784309400,7534.5,7535.5,7530.75,7531.5,4469
1784309700,7531.5,7532.5,7524.25,7525.5,6353
1784310000,7525.5,7526,7520.25,7521.25,6111
1784310300,7521.25,7524.25,7519.25,7521,5603
1784310600,7521,7521.5,7513,7514,7909
1784310900,7514.25,7515.25,7508.75,7511,7073
1784311200,7511,7516.5,7509,7511.5,9395
1784311500,7511.5,7511.5,7506.5,7508.25,7987
1784311800,7508.25,7510.25,7506,7506.25,4793
1784312100,7506.25,7507.5,7500.75,7503.5,10452
1784312400,7503.5,7506.75,7500.5,7502.25,6939
1784312700,7502.25,7502.75,7497.75,7502.25,8210
1784313000,7502,7508.75,7499,7501.75,11624
1784313300,7501.75,7504.75,7500.25,7502.5,4411
1784313600,7502.75,7503.5,7495.75,7497.25,8312
1784313900,7497.25,7507.25,7495,7504,9700
1784314200,7504,7511,7501.75,7510.75,7434
1784314500,7511,7512,7506.5,7508.5,6036
1784314800,7508.75,7510,7502.25,7503.75,8047
1784315100,7504,7505.25,7499,7499.25,5777
1784315400,7499.25,7500,7492.25,7492.5,7881
1784315700,7492.25,7495.25,7490.75,7494.5,9927
1784316000,7494.25,7494.25,7488.5,7488.5,6020
1784316300,7488.5,7498,7486.25,7496.75,10953
1784316600,7497,7501.25,7492.5,7495.25,13006
1784316900,7495.25,7500.5,7492.5,7493.5,6496
1784317200,7493.5,7501.5,7491.25,7500,7858
1784317500,7500,7505.75,7498.5,7505.25,11291
1784317800,7505,7508.25,7499.75,7504.75,13078
1784318100,7504.5,7509.25,7494.25,7496.5,18543
1784318400,7496.75,7497.5,7487,7490,12042
1784318700,7489.75,7491,7487,7489.25,3201
1784319000,7489.25,7490,7484.5,7488.5,3223
1784319300,7488.75,7490.25,7487.25,7489.25,1699
1784319600,7489.25,7492.75,7489.25,7492.25,2170
1784319900,7492.5,7494,7492.25,7493,1565
1784320200,7492.75,7495.75,7492.5,7494.75,2023
1784320500,7494.75,7495.75,7493,7494.75,718
1784320800,7494.5,7496.5,7494.25,7496,807
1784321100,7496.25,7496.75,7494,7494.5,711
1784321400,7494.25,7497.5,7493.5,7497,1199
1784321700,7496.75,7498,7494.75,7495,1180
1784498400,7484.5,7497.25,7484,7487.75,5570
1784498700,7487.5,7488.75,7482,7487.25,4175
1784499000,7487,7487.75,7482.25,7483.5,2102
1784499300,7483.75,7492.75,7483.75,7492.5,3177
1784499600,7492.5,7496.5,7490.75,7490.75,3234
1784499900,7491,7491.25,7487,7487.5,2225
1784500200,7487,7497,7485.75,7496.75,2752
1784500500,7496.5,7497.5,7494,7495.5,1669
1784500800,7495.5,7502.5,7495.5,7500.75,2449
1784501100,7500.5,7502.25,7496.5,7499,2234
1784501400,7499,7499.5,7494.5,7496,1801
1784501700,7496,7497.5,7494.75,7495.75,1113
1784502000,7496,7496.5,7492,7494.25,2020
1784502300,7494.25,7497.5,7493.25,7497,1788
1784502600,7497.25,7498.5,7495.25,7495.5,1497
1784502900,7495.75,7496.25,7493.5,7495.25,1163
1784503200,7495.25,7497,7492.5,7496.75,1141
1784503500,7496.75,7498.5,7491.75,7493.25,2007
1784503800,7493.5,7496.75,7490.75,7496.75,1676
1784504100,7496.75,7498.5,7494.25,7497,1605
1784504400,7497,7502,7496,7502,1890
1784504700,7502,7502,7494.75,7495.75,2329
1784505000,7495.75,7502.75,7495.5,7500.5,1913
1784505300,7500.25,7505.25,7499.25,7504.25,1841
1784505600,7504.25,7505,7496.5,7504.75,3314
1784505900,7504.25,7514.75,7504,7512.5,4960
1784506200,7512.5,7517.5,7511.75,7514.75,2937
1784506500,7514.75,7517.25,7513.75,7516.25,1875
1784506800,7515.75,7516.75,7511.5,7512.75,1865
1784507100,7512.5,7513,7510.25,7511.75,1657
1784507400,7511.5,7512,7503.75,7504,3069
1784507700,7503.75,7509.75,7503.5,7506.25,2084
1784508000,7506,7510.25,7504.25,7504.5,1796
1784508300,7504.5,7506.25,7502.25,7505,1941
1784508600,7505,7506.75,7503,7503.5,1165
1784508900,7503.5,7506.5,7502,7503.75,1222
1784509200,7503.5,7508.25,7503.25,7505.5,1929
1784509500,7505.25,7510.75,7504.25,7510,1807
1784509800,7510,7511.75,7502.75,7503.5,1923
1784510100,7503.75,7505.75,7501.25,7502.25,1662
1784510400,7502.25,7507.5,7500,7505,2186
1784510700,7505,7507.25,7498.5,7499,1850
1784511000,7499,7500.5,7498,7499.25,1614
1784511300,7499.25,7501,7497.25,7499.75,1661
1784511600,7499.5,7500.75,7492.75,7495.25,2533
1784511900,7495.25,7498.5,7493.75,7497.5,1642
1784512200,7497.25,7497.75,7490,7490.5,1920
1784512500,7490.5,7496,7490,7494.75,1649
1784512800,7494.75,7505.25,7494.5,7504.5,3205
1784513100,7504.5,7506.5,7502.75,7503.75,1856
1784513400,7503.75,7503.75,7499,7499.5,1160
1784513700,7499.75,7500,7494.5,7495,1497
1784514000,7495.25,7496.5,7494,7495,953
1784514300,7495.25,7498,7493.5,7496.5,942
1784514600,7496.25,7504.5,7496,7502,1887
1784514900,7502.25,7505.5,7500.75,7502.25,870
1784515200,7502.5,7509.25,7501.75,7506.75,2146
1784515500,7506.75,7510.5,7506.25,7510.25,1755
1784515800,7510.25,7511,7507,7507.25,1075
1784516100,7507.25,7508.25,7505.25,7505.5,762
1784516400,7505.5,7508,7505,7505.25,729
1784516700,7505,7505.5,7501,7502,1213
1784517000,7502.5,7504,7501.5,7503.5,712
1784517300,7503.5,7507.75,7502.5,7505.75,962
1784517600,7505.5,7507,7503.25,7506.25,742
1784517900,7506.5,7506.75,7503.5,7504.25,530
1784518200,7504,7507.5,7503,7504.75,705
1784518500,7504.5,7506.75,7502,7506,878
1784518800,7505.75,7508.25,7504,7507.5,652
1784519100,7507.5,7508.25,7506,7507.5,483
1784519400,7507.5,7510.25,7507,7509.5,960
1784519700,7509.75,7510,7504,7505.75,1051
1784520000,7505.75,7507.75,7505,7506,723
1784520300,7506,7506.25,7502.5,7504,663
1784520600,7504,7504.75,7501.25,7502,741
1784520900,7501.75,7502,7499,7501.25,927
1784521200,7501.25,7503.5,7500,7502.75,754
1784521500,7502.75,7508.25,7502.75,7507.75,1057
1784521800,7507.75,7512.25,7506.25,7508.5,1295
1784522100,7508.75,7512,7507.5,7510.5,721
1784522400,7510.5,7513.5,7509.75,7512.25,1188
1784522700,7512.25,7514.25,7511.25,7514,639
1784523000,7514.25,7515,7511.5,7511.5,877
1784523300,7511.75,7512.5,7508.75,7509.25,658
1784523600,7509.25,7510.25,7506.5,7507.25,935
1784523900,7507.25,7507.25,7502.75,7503.5,1219
1784524200,7503.75,7504.25,7497.75,7503.5,2155
1784524500,7503.25,7503.25,7500,7502.5,706
1784524800,7502.5,7503.25,7499,7501.25,613
1784525100,7500.5,7502,7499.25,7500.25,560
1784525400,7500.25,7500.5,7497.5,7498.75,753
1784525700,7498.75,7500.5,7498,7498.25,465
1784526000,7498.5,7500,7497.25,7497.5,814
1784526300,7497.5,7499.75,7496,7498,830
1784526600,7497.75,7498.25,7494.5,7495,659
1784526900,7495,7498.75,7494,7496.25,837
1784527200,7496.25,7498.75,7495.5,7498,678
1784527500,7498,7499.75,7495,7497.5,780
1784527800,7497.25,7497.25,7494.5,7495.25,658
1784528100,7495.25,7497.75,7493.75,7496,891
1784528400,7496.25,7498.25,7493,7493,896
1784528700,7493,7496,7493,7495,593
1784529000,7494.75,7496,7492.25,7493,631
1784529300,7493,7494,7490.75,7492.5,667
1784529600,7492.25,7498.5,7492.25,7496.5,2283
1784529900,7496.5,7497,7493.5,7494.75,742
1784530200,7494.75,7497.5,7494.75,7496.5,516
1784530500,7496.5,7497.25,7494.25,7497.25,558
1784530800,7497.25,7502.75,7497.25,7500.5,2038
1784531100,7500.5,7501.5,7498.75,7500.25,917
1784531400,7500.75,7501,7498.75,7499.75,736
1784531700,7499.5,7500,7496.5,7498.75,1025
1784532000,7499,7506.25,7498.25,7504.5,2226
1784532300,7504.25,7510,7504,7509.5,1661
1784532600,7509.5,7517.5,7509.5,7515.75,2759
1784532900,7515.5,7518,7514.5,7516.5,1723
1784533200,7516.5,7519.5,7514.5,7517.25,1675
1784533500,7517.25,7518.75,7513,7513.5,1254
1784533800,7513.25,7514.5,7511.75,7513,917
1784534100,7513,7517.75,7513,7516,1278
1784534400,7516,7521,7515.75,7518.5,2114
1784534700,7518.5,7519.5,7514,7515.5,1121
1784535000,7515.75,7520.25,7514.75,7520,798
1784535300,7520,7522,7518.75,7519,1278
1784535600,7519,7519.5,7517,7518.5,984
1784535900,7518.25,7519.5,7517.25,7518,830
1784536200,7517.75,7518.25,7512.75,7514.75,1276
1784536500,7515,7516,7512.75,7515.25,902
1784536800,7515,7516.5,7512,7512.75,701
1784537100,7513,7515.75,7512,7515.75,695
1784537400,7515.5,7515.75,7512.5,7513,534
1784537700,7513,7515.25,7512.5,7514.25,627
1784538000,7514.25,7515.75,7512.75,7512.75,678
1784538300,7512.75,7514.25,7510.5,7512.5,1270
1784538600,7512.5,7514.5,7511.75,7513.25,592
1784538900,7513,7517,7513,7513,900
1784539200,7512.75,7518.5,7512.75,7517.25,800
1784539500,7517,7517.75,7516.5,7517,501
1784539800,7517,7519.25,7515.5,7517.5,987
1784540100,7517.25,7519,7517.25,7518.5,519
1784540400,7518.5,7521.25,7518,7520.5,739
1784540700,7520.5,7524,7520.25,7523.75,1588
1784541000,7523.5,7529,7523,7523.5,2417
1784541300,7523.5,7523.5,7520.5,7521.5,1192
1784541600,7521.5,7523,7519.75,7520.5,970
1784541900,7520.5,7521.25,7518.5,7519.25,758
1784542200,7519.25,7521.25,7517.75,7518.25,867
1784542500,7518.5,7518.75,7516,7517.5,1023
1784542800,7517.75,7521,7517.25,7519.75,674
1784543100,7520,7520.75,7518,7520,695
1784543400,7519.75,7523,7518.75,7520.5,1076
1784543700,7520.25,7520.25,7517.25,7518.75,579
1784544000,7518.5,7520.25,7517.25,7519.5,614
1784544300,7519.25,7522.5,7518.5,7521.25,1038
1784544600,7521.25,7524.25,7520.5,7524,722
1784544900,7524,7524.25,7521.25,7522,477
1784545200,7522,7526.25,7520.75,7525.75,1821
1784545500,7525.75,7527.75,7525.25,7527,1235
1784545800,7527,7529.75,7526.25,7527.5,1132
1784546100,7527.25,7528.5,7525,7525.25,1206
1784546400,7525.5,7526.25,7523.75,7523.75,777
1784546700,7523.75,7524.25,7522.75,7523.5,661
1784547000,7523.5,7545.5,7523.25,7540.75,15004
1784547300,7540.75,7544,7538,7538.75,2668
1784547600,7538.5,7543.5,7535.75,7539,4526
1784547900,7539.25,7541,7533.75,7534.75,3707
1784548200,7534.75,7537.75,7532,7537.25,2788
1784548500,7537,7537.5,7534.5,7535.75,847
1784548800,7535.5,7536.25,7521,7524.75,9906
1784549100,7524.75,7530.25,7523.5,7527.5,3607
1784549400,7527.5,7528.75,7523.75,7526.25,2088
1784549700,7526,7528.25,7523.25,7526,1338
1784550000,7526.25,7526.75,7523.75,7524.75,1083
1784550300,7524.75,7530.5,7523.25,7530.25,2014
1784550600,7530.25,7532.25,7526.5,7529,2528
1784550900,7529.25,7531,7528.5,7528.75,1060
1784551200,7529,7529.75,7524.25,7525,1645
1784551500,7525,7530.75,7524.75,7529.25,1812
1784551800,7529,7529.75,7524.25,7524.5,1746
1784552100,7524.5,7527.5,7522.75,7527.25,2397
1784552400,7527,7530.25,7526,7529.75,3126
1784552700,7529.5,7530.25,7528,7528.75,1810
1784553000,7529,7531.5,7527,7527.5,1941
1784553300,7527.25,7529,7526,7528.25,1600
1784553600,7528.5,7531.5,7528.25,7530.5,1144
1784553900,7530.25,7536.25,7529.75,7534.25,5426
1784554200,7534.5,7545,7532.75,7544.75,19598
1784554500,7544.75,7551.5,7541.5,7546,22404
1784554800,7546.25,7550.5,7545,7550.25,10583
1784555100,7550,7552.25,7539.25,7539.75,17237
1784555400,7539.75,7542.5,7526.25,7528.5,23725
1784555700,7528.75,7529,7519,7520.25,19195
1784556000,7520.75,7527.5,7517.5,7522.25,19079
1784556300,7522.5,7525,7516,7517.5,15146
1784556600,7517.5,7517.75,7511.25,7514,16032
1784556900,7514,7518.75,7510,7512.25,14601
1784557200,7512.25,7516.25,7506,7513.5,15835
1784557500,7513.25,7521.25,7512.5,7520.75,13172
1784557800,7520.75,7523,7514,7516.25,13763
1784558100,7516.25,7519.5,7513,7517.5,10162
1784558400,7517.75,7522,7511.25,7512.75,11950
1784558700,7512.75,7521.75,7508.75,7510.25,17872
1784559000,7510,7513.5,7505.25,7507,12773
1784559300,7507.25,7509,7501,7504.75,15978
1784559600,7505,7512.5,7501.75,7509.75,13857
1784559900,7509.5,7519,7502,7518.25,17938
1784560200,7517.75,7518.75,7510.25,7511.75,11048
1784560500,7511.75,7519.5,7509.5,7516.75,9155
1784560800,7516.5,7523.75,7514.5,7521,10058
1784561100,7521,7523.75,7516,7522.5,9662
1784561400,7522.75,7524.25,7521.5,7522.75,7328
1784561700,7522.75,7523.25,7517.75,7518.5,6569
1784562000,7518.5,7523.75,7516.75,7523.75,7100
1784562300,7523.75,7523.75,7514.5,7516.5,8821
1784562600,7516.5,7527.5,7515,7526.25,9878
1784562900,7526.25,7528.25,7523.25,7523.5,7365
1784563200,7523.75,7526.5,7519.5,7525.5,7983
1784563500,7525.5,7532.25,7525.25,7531.75,8585
1784563800,7531.75,7534,7530.25,7531.75,7989
1784564100,7532,7532.5,7527.75,7531,5722
1784564400,7530.75,7532.75,7529.75,7531.5,4098
1784564700,7531.5,7532,7525.5,7528.5,6655
1784565000,7528.75,7531.5,7521.5,7522,7942
1784565300,7521.75,7527.5,7521.5,7527.25,5415
1784565600,7527.25,7529,7508,7517.75,22584
1784565900,7518,7526,7516,7525.25,7797
1784566200,7525.25,7525.75,7513,7513.75,10154
1784566500,7513.5,7515.75,7511,7513.75,7396
1784566800,7513.75,7516,7509.25,7509.5,8135
1784567100,7509.5,7510.25,7505,7509.75,7650
1784567400,7509.5,7510.25,7502.25,7502.5,6895
1784567700,7502.75,7506.5,7499,7504.75,10465
1784568000,7504.75,7508.5,7503,7504.5,6290
1784568300,7504.75,7507.25,7502.5,7504.75,4923
1784568600,7504.75,7508,7503,7507,4552
1784568900,7506.75,7509.25,7503.25,7504,4990
1784569200,7503.75,7504.25,7499.5,7501,5961
1784569500,7501,7507.25,7500.75,7506.25,5675
1784569800,7506,7512.5,7505.5,7510,6546
1784570100,7510,7510.75,7505.5,7509.25,5300
1784570400,7509.25,7515.25,7509.25,7512.25,8529
1784570700,7512,7513,7508.5,7512.25,4617
1784571000,7512.5,7516,7510.5,7514,5037
1784571300,7514,7517.75,7512.5,7516.25,4962
1784571600,7516.25,7516.75,7506,7506.5,10055
1784571900,7506.25,7512,7504.75,7508.5,8664
1784572200,7508.5,7508.5,7498,7500,10179
1784572500,7500.25,7506.75,7498.25,7499.25,8972
1784572800,7499.5,7499.75,7488.5,7489,15604
1784573100,7489,7494,7487.75,7490.5,11292
1784573400,7490.25,7495.75,7489,7494,7104
1784573700,7494,7494.75,7488.25,7490.5,5590
1784574000,7490.75,7495.25,7487.25,7489,7469
1784574300,7489.25,7491.75,7486,7490.25,6738
1784574600,7490.25,7494.5,7480,7480.25,11005
1784574900,7480.25,7485.25,7478,7482.5,12574
1784575200,7482.25,7487.75,7481.25,7486.5,7772
1784575500,7486.5,7492.5,7481.75,7490.75,15315
1784575800,7490.75,7495.5,7486.75,7493,15173
1784576100,7493,7495,7488.5,7493.25,8149
1784576400,7493.25,7497.5,7491.5,7493.75,9069
1784576700,7493.75,7496.25,7490.75,7494.5,9088
1784577000,7494.5,7494.5,7482.75,7485.75,13881
1784577300,7485.75,7487,7480.5,7485.75,23376
1784577600,7485.75,7493.25,7485.5,7486.75,10335
1784577900,7486.75,7488,7481.5,7482.25,2931
1784578200,7482.25,7483.25,7481,7481.5,1674
1784578500,7481.75,7482,7478.5,7479.5,1966
1784578800,7479.5,7480.5,7479,7480,757
1784579100,7480,7481,7476.75,7479.25,1742
1784579400,7479.25,7481.75,7478.75,7481.75,1096
1784579700,7481.5,7483.5,7481,7483,1050
1784580000,7482.75,7483,7480.75,7481.75,940
1784580300,7482,7483.75,7481,7483,944
1784580600,7483.25,7483.5,7480.75,7483.25,931
1784580900,7483.5,7484,7482.5,7483.5,875
1784584800,7483.75,7486.25,7476.75,7476.75,2098
1784585100,7477,7477.5,7473.25,7476.25,2103
1784585400,7476.5,7477.5,7475.25,7476,831
1784585700,7476,7478,7474.25,7476,836
1784586000,7475.75,7477.5,7475,7476.75,475
1784586300,7476.75,7477.25,7474.75,7475.75,622
1784586600,7475.75,7477.25,7473.25,7473.5,931
1784586900,7473.75,7476,7473.25,7475,596
1784587200,7475,7476,7474,7475.75,549
1784587500,7476.25,7477.25,7473.75,7475,712
1784587800,7475,7475.75,7473.75,7475,413
1784588100,7475.25,7475.75,7474.75,7475.25,257
1784588400,7475.5,7478,7474.5,7478,914
1784588700,7477.75,7483,7477.75,7482.5,1688
1784589000,7482.75,7483.25,7481.5,7482.75,874
1784589300,7483,7487.5,7482.5,7487.25,1480
1784589600,7487,7489.75,7486.5,7489,1560
1784589900,7489,7490,7487.5,7489.75,889
1784590200,7489.5,7491,7488.75,7489.75,1075
1784590500,7490,7490,7488,7488.25,717
1784590800,7488.25,7489.5,7487.75,7489,516
1784591100,7488.75,7491,7486.5,7486.75,1636
1784591400,7487,7487,7480.5,7484,2472
1784591700,7483.75,7487.75,7482.5,7485.25,1581
1784592000,7485,7485,7477,7479.5,3921
1784592300,7479.25,7480.75,7474.25,7477,2307
1784592600,7476.75,7482.25,7474.75,7477.75,2349
1784592900,7477.75,7485.5,7473.75,7484.75,3302
1784593200,7485,7485.75,7481,7483.75,1756
1784593500,7483.75,7488.5,7482,7486.25,2036
1784593800,7486.25,7493,7485.75,7492,2678
1784594100,7492,7493,7489.25,7492,1487
1784594400,7492,7494.25,7490.5,7492.25,1620
1784594700,7492.5,7495.75,7490.75,7495,1859
1784595000,7495.25,7495.75,7493.25,7493.75,1368
1784595300,7493.5,7494.25,7492,7492.25,1271
1784595600,7492.25,7493.75,7489.25,7493.25,1781
1784595900,7493.5,7498.25,7493.5,7497,2332
1784596200,7497,7498.75,7496,7498,1391
1784596500,7498,7499.5,7494.5,7497.75,2689
1784596800,7497.75,7499,7495.5,7496.75,1083
1784597100,7496.75,7497.25,7495,7495.5,646
1784597400,7496,7498.25,7494,7497.75,1098
1784597700,7497.5,7498,7494.25,7494.25,777
1784598000,7494.25,7495,7490.5,7491.75,1843
1784598300,7491.75,7496,7491,7495,979
1784598600,7495,7496,7492.75,7495.25,706
1784598900,7494.75,7494.75,7491.75,7492.75,662
1784599200,7493,7496.75,7492.25,7496,876
1784599500,7495.75,7499.75,7493.75,7494,1831
1784599800,7494.25,7494.5,7492,7493,811
1784600100,7493,7493.75,7488.5,7489.25,1390
1784600400,7489,7496.5,7488.75,7496,1348
1784600700,7496,7497.25,7493.75,7493.75,898
1784601000,7494,7498.75,7494,7497.5,852
1784601300,7498,7501.5,7497.75,7501,2008
1784601600,7501,7501.5,7499.75,7500.5,678
1784601900,7500.5,7500.5,7498.5,7498.75,542
1784602200,7498.75,7499.75,7498.25,7499.5,516
1784602500,7499.5,7502,7499.5,7501.75,741
1784602800,7501.75,7503.75,7501.75,7503.75,1261
1784603100,7503.75,7504.25,7502.75,7502.75,647
1784603400,7503,7504.5,7503,7503.75,488
1784603700,7503.5,7506.75,7503.25,7506.5,1041
1784604000,7506.25,7507.5,7505.75,7507.25,826
1784604300,7507.25,7508,7506.75,7508,634
1784604600,7507.75,7508.75,7507.25,7508.5,1095
1784604900,7508.75,7511,7508.25,7510.25,1478
1784605200,7510.25,7511,7509.25,7509.5,763
1784605500,7509.5,7512.5,7509.25,7511.75,1173
1784605800,7512,7512.5,7511,7512,648
1784606100,7512.25,7513,7511,7513,918
1784606400,7513,7514.75,7512.5,7513.25,1360
1784606700,7513.5,7516.75,7512.75,7514.5,1700
1784607000,7514.25,7515.25,7514,7514.25,503
1784607300,7514,7514.75,7513,7513,707
1784607600,7513,7514.75,7513,7514,533
1784607900,7514,7514.75,7513,7513.75,480
1784608200,7514,7514.5,7513.25,7514.25,223
1784608500,7514.5,7516.25,7514.25,7515.5,524
1784608800,7515.25,7515.75,7514,7514.5,447
1784609100,7514.25,7515.75,7513.75,7515.75,316
1784609400,7515.5,7515.5,7513.25,7513.75,455
1784609700,7514,7514.75,7513.25,7514.25,436
1784610000,7514.5,7514.75,7513.75,7514,228
1784610300,7514.25,7514.25,7513,7513.5,371
1784610600,7513.25,7513.75,7511.25,7511.5,759
1784610900,7512,7512,7510,7510.5,681
1784611200,7510.25,7514.5,7510.25,7514,735
1784611500,7513.75,7517.25,7513.5,7516.75,1037
1784611800,7516.75,7517.25,7514.5,7516.5,601
1784612100,7516.25,7517.5,7516,7516.75,559
1784612400,7516.5,7522,7516.5,7521.5,1735
1784612700,7521.25,7521.75,7518.75,7521,665
1784613000,7520.75,7523.25,7520.75,7521.5,1096
1784613300,7521.5,7522,7520.5,7520.75,314
1784613600,7520.75,7522.25,7520.5,7521.75,733
1784613900,7522,7522.75,7519.75,7520.25,687
1784614200,7520,7522.5,7519.5,7521.5,748
1784614500,7521.25,7522,7519.25,7519.75,644
1784614800,7519.75,7520.75,7518,7519.75,788
1784615100,7520,7522.75,7519.5,7520,687
1784615400,7520.25,7523.5,7520.25,7522.75,839
1784615700,7522.75,7528,7522.75,7524,2172
1784616000,7523.75,7526.25,7523.5,7525.5,433
1784616300,7525.25,7525.5,7522.25,7524,582
1784616600,7524.25,7524.75,7523.25,7524.25,405
1784616900,7524.25,7524.75,7522.5,7524,409
1784617200,7524,7528,7522.5,7525.5,2006
1784617500,7525.5,7526.75,7524.25,7524.5,947
1784617800,7524.75,7525.75,7520.75,7523.25,944
1784618100,7522.75,7522.75,7520.25,7522.5,922
1784618400,7522.25,7522.25,7518.25,7518.5,1030
1784618700,7519,7520.25,7515.75,7517,1362
1784619000,7516.75,7519.5,7513.75,7519.25,1509
1784619300,7519.25,7520.5,7518.5,7519,673
1784619600,7519.25,7519.5,7517.25,7517.5,412
1784619900,7517.5,7518.25,7515,7515.5,796
1784620200,7515.25,7516.5,7514.5,7516,959
1784620500,7515.75,7518.25,7515.25,7517.75,859
1784620800,7517.75,7519.25,7515.75,7519.25,1542
1784621100,7519.25,7520.5,7518,7519.5,1008
1784621400,7519.5,7523.25,7517.75,7523,1167
1784621700,7522.75,7523.75,7521,7522.25,794
1784622000,7522,7523.75,7521.25,7523.25,620
1784622300,7523.5,7524.5,7522,7523.5,803
1784622600,7523.5,7524.5,7522.25,7523.25,866
1784622900,7523.25,7524.75,7522.5,7523.25,535
1784623200,7523,7525.75,7522.25,7524.5,726
1784623500,7524.5,7524.5,7521,7523,798
1784623800,7522.75,7523.75,7522,7523,467
1784624100,7523,7524,7521.75,7523.5,461
1784624400,7523.25,7525.75,7522.75,7525.5,830
1784624700,7525.5,7526.5,7524.75,7525.25,576
1784625000,7525.5,7526.25,7524.75,7525.25,343
1784625300,7525.5,7527.5,7525.5,7526.5,992
1784625600,7526.5,7528,7525.25,7525.75,634
1784625900,7525.75,7526.75,7522.75,7523.25,729
1784626200,7523,7525.25,7521.5,7524.5,771
1784626500,7524.25,7524.5,7521.5,7522.75,587
1784626800,7522.75,7523.75,7521.25,7523,581
1784627100,7522.75,7527.25,7522.25,7526.75,716
1784627400,7526.75,7526.75,7524.25,7525.5,618
1784627700,7525.5,7525.5,7522,7522.5,661
1784628000,7522.5,7527,7522,7522.75,2078
1784628300,7523,7523.25,7521,7521.5,754
1784628600,7521.25,7528,7520.75,7523.25,3901
1784628900,7523.25,7524.75,7522.5,7524,678
1784629200,7524.25,7526.25,7523.75,7525.25,601
1784629500,7525.25,7525.25,7522.75,7524,1029
1784629800,7523.75,7526.25,7523.75,7525.5,744
1784630100,7525.25,7529.75,7523.75,7523.75,2782
1784630400,7523.75,7524.5,7521.25,7523.25,1672
1784630700,7522.75,7526.75,7519.5,7524.75,2982
1784631000,7524.5,7525,7521,7521,1108
1784631300,7521.25,7524,7520.75,7521.75,1597
1784631600,7522.25,7523.75,7517.5,7517.75,1509
1784631900,7518,7518.5,7516.25,7516.75,1473
1784632200,7516.75,7519.75,7515.75,7519.25,1187
1784632500,7519,7519.5,7515,7515.5,2012
1784632800,7515.75,7517.25,7512.5,7517.25,2413
1784633100,7517.25,7517.25,7513,7514.5,2366
1784633400,7514.5,7518,7514.5,7516.25,1197
1784633700,7516,7520.75,7516,7518.25,1718
1784634000,7518.5,7519,7516.25,7517,1303
1784634300,7516.75,7518.25,7516.75,7518,603
1784634600,7517.75,7518.75,7514.25,7514.5,1420
1784634900,7514.25,7515.5,7513.5,7515,1283
1784635200,7515,7517.75,7513.25,7516,2220
1784635500,7515.75,7519.75,7515,7518,1972
1784635800,7518,7521.75,7517,7518,2358
1784636100,7518,7518,7510.5,7512.75,4350
1784636400,7513,7514.25,7511.5,7513.75,1511
1784636700,7513.75,7514,7510.5,7511,1530
1784637000,7510.75,7513,7510.75,7512.25,1211
1784637300,7512,7512.25,7509,7511.5,1742
1784637600,7511.5,7511.5,7505.25,7509.75,4746
1784637900,7509.75,7516,7509.5,7514.75,3948
1784638200,7515,7517.5,7514.25,7516.75,2289
1784638500,7516.75,7517,7514.5,7515.5,1679
1784638800,7515.5,7516.75,7512.75,7513.25,2996
1784639100,7513.25,7514.75,7511.75,7512.75,1866
1784639400,7512.75,7515,7512.5,7514,1721
1784639700,7514,7517.75,7513.5,7517,3079
1784640000,7517,7518.25,7516.25,7518.25,1845
1784640300,7518.25,7526.25,7518.25,7526,7098
1784640600,7526,7530.25,7514,7519,27049
1784640900,7518.75,7525.5,7515.25,7515.25,19079
1784641200,7515.5,7516,7505.5,7507.75,23920
1784641500,7507.75,7513,7504.5,7512.25,19038
1784641800,7512.5,7516.5,7505,7513.25,21818
1784642100,7513.5,7517,7508.75,7516.5,14629
1784642400,7516.75,7521.75,7512.5,7517.25,22382
1784642700,7517,7520.75,7513,7515,13838
1784643000,7514.75,7522,7511.25,7520.5,14238
1784643300,7520.5,7525,7510.5,7523.5,19876
1784643600,7523.5,7525.5,7517.5,7523,13840
1784643900,7522.75,7533.25,7522.5,7531.75,20460
1784644200,7532,7535.75,7529,7531,17299
1784644500,7531,7533.75,7524.25,7526.25,14724
1784644800,7526.25,7529.75,7521,7529.5,16042
1784645100,7529.5,7536.5,7528,7532.75,21027
1784645400,7532.75,7533.25,7528.25,7530.25,9278
1784645700,7530.25,7532,7526,7531.25,10332
1784646000,7531.25,7532.5,7521.5,7523.75,16518
1784646300,7523.5,7534,7521.5,7533.25,14492
1784646600,7533.25,7538.75,7532.75,7535.5,12310
1784646900,7535.5,7539,7534.75,7537.5,6595
1784647200,7537.5,7543.25,7536.75,7540,14432
1784647500,7540,7544,7539.75,7543.75,7550
1784647800,7543.5,7544,7537.5,7541.25,9246
1784648100,7541.25,7542.75,7538,7539.5,7103
1784648400,7539.25,7542.25,7538.5,7539.5,4791
1784648700,7539.25,7542.75,7538.75,7541.5,3659
1784649000,7541.75,7543.25,7540.25,7540.5,4360
1784649300,7540.75,7542.5,7538,7538.75,4761
1784649600,7538.5,7545.75,7538.25,7545.75,6921
1784649900,7545.75,7546.75,7544,7544.75,5730
1784650200,7544.75,7546,7543.75,7545.5,3049
1784650500,7545.75,7548.5,7545.25,7548,6111
1784650800,7547.75,7550.75,7547.25,7549,7682
1784651100,7548.75,7550.5,7547.75,7549.75,4008
1784651400,7549.75,7551,7548,7550,4287
1784651700,7550,7550.75,7548,7550,3339
1784652000,7550.25,7550.75,7548.5,7549.5,2648
1784652300,7549.75,7550,7547.25,7548.25,3648
1784652600,7548,7553.5,7547.75,7552.75,7279
1784652900,7553,7554.25,7550,7550.25,6053
1784653200,7550.5,7551.75,7549.25,7549.5,3826
1784653500,7549.75,7552,7549.25,7550.5,3063
1784653800,7550.5,7550.75,7548.5,7549.5,5466
1784654100,7549.25,7549.75,7546.25,7546.25,5533
1784654400,7546.25,7548,7545.5,7547.5,4797
1784654700,7547.25,7548.25,7545.5,7546.75,3381
1784655000,7547,7549,7545.25,7546.75,5181
1784655300,7546.75,7550.5,7546.5,7550.25,4978
1784655600,7550.25,7550.5,7548,7550,3261
1784655900,7549.75,7552,7548.5,7551.5,3191
1784656200,7551.5,7552.5,7549.5,7549.75,4453
1784656500,7550,7550.25,7548,7549,3718
1784656800,7549.25,7550.75,7545.5,7546,8667
1784657100,7546,7548.75,7545.75,7547.5,4718
1784657400,7547.5,7548.5,7544.5,7544.75,5252
1784657700,7544.75,7546,7543.75,7545,4827
1784658000,7545.25,7547,7544,7546,3924
1784658300,7545.75,7546.25,7543.5,7545,3214
1784658600,7545.25,7545.75,7542.25,7542.75,4953
1784658900,7542.5,7545.75,7542.5,7544.5,3372
1784659200,7544.5,7549,7543.25,7548.5,6513
1784659500,7548.5,7549.5,7546.75,7547.75,3992
1784659800,7547.75,7548,7545.25,7545.5,3140
1784660100,7545.5,7547.75,7545.25,7547,3657
1784660400,7547,7547.75,7544.75,7545.75,4388
1784660700,7545.75,7547.5,7544.5,7544.5,3411
1784661000,7544.5,7547,7544.25,7546,3616
1784661300,7546,7548,7545.25,7546.5,3801
1784661600,7546.5,7547.5,7545,7546.25,2398
1784661900,7546,7547.75,7545,7545.5,2732
1784662200,7545.5,7547.25,7544.5,7544.5,3858
1784662500,7544.75,7548.75,7544,7547,5263
1784662800,7547,7548.75,7545.25,7548,5441
1784663100,7548,7549,7544.75,7548.75,6277
1784663400,7548.5,7549.5,7545.5,7546.5,12003
1784663700,7546.25,7548.75,7543.5,7545.75,16308
1784664000,7545.75,7547,7541.25,7541.75,7785
1784664300,7541.75,7544.5,7541.25,7543.75,2548
1784664600,7544,7544.75,7542.25,7544.25,1501
1784664900,7544.25,7544.25,7541.25,7541.25,1189
1784665200,7541.5,7542.25,7540.75,7542,1104
1784665500,7542,7542.5,7541,7541.5,671
1784665800,7541.25,7543,7541.25,7542.75,820
1784666100,7542.5,7543.75,7542,7543,732
1784666400,7542.75,7543.25,7542,7542.5,626
1784666700,7542.25,7542.75,7541.25,7541.25,1123
1784667000,7541.5,7542.25,7541,7541.25,1015
1784667300,7541,7543.25,7540.75,7542.75,1109
1784671200,7545,7545.25,7541.75,7542.75,1474
1784671500,7543,7544,7541,7543,866
1784671800,7542.75,7544.5,7542.25,7544.5,622
1784672100,7544.5,7545.25,7544,7545,579
1784672400,7545,7545.5,7541,7541,746
1784672700,7541.25,7542.75,7540.75,7541.5,1024
1784673000,7541.5,7542.25,7540,7542,659
1784673300,7542,7542.75,7541,7541.75,403
1784673600,7541.5,7542.5,7540.75,7540.75,349
1784673900,7540.75,7541,7538.25,7538.5,1096
1784674200,7538.75,7539.5,7538.5,7539.25,356
1784674500,7539.25,7540.75,7538.25,7540.5,805
1784674800,7540.5,7541.25,7539.5,7540.5,551
1784675100,7540.5,7541,7539.75,7540.75,353
1784675400,7540.75,7542.25,7540,7541.75,806
1784675700,7541.5,7544,7540,7543.25,1028
1784676000,7543.25,7543.5,7540.75,7541.25,572
1784676300,7541,7543.25,7541,7542.75,383
1784676600,7542.75,7544,7542.25,7543,511
1784676900,7542.75,7543,7541,7541.25,559
1784677200,7541.5,7542,7539.25,7540.25,645
1784677500,7540.25,7543.5,7539.75,7543.25,896
1784677800,7542.75,7544,7540.25,7541.25,896
1784678100,7541.5,7543.75,7541.25,7543.5,522
1784678400,7543,7546.75,7542,7546.75,2512
1784678700,7546.5,7547,7543.5,7544.75,1756
1784679000,7544.5,7546.25,7542,7544.75,1655
1784679300,7545,7545.25,7542.25,7544.75,1186
1784679600,7544.75,7545.75,7541.75,7542.75,1243
1784679900,7543,7544.25,7540.5,7542,1310
1784680200,7542,7542.75,7539,7540.75,1659
1784680500,7540.75,7542,7539,7541.5,1048
1784680800,7541.25,7542.75,7540.25,7540.75,971
1784681100,7540.75,7541,7536.5,7540.5,1856
1784681400,7540.25,7541.5,7538.5,7539.25,736
1784681700,7539.25,7542.5,7538.5,7541.75,903
1784682000,7542,7543,7536,7537.5,2006
1784682300,7537.5,7538,7536,7536.5,673
1784682600,7536.75,7538.75,7536.25,7538.25,825
1784682900,7538.25,7539.25,7537.75,7538.25,545
1784683200,7538.25,7538.75,7534.75,7535.25,1016
1784683500,7535.25,7538,7534.75,7536.5,880
1784683800,7536.25,7536.5,7534.25,7536.25,929
1784684100,7536.5,7537.75,7535.75,7537.75,607
1784684400,7537.75,7538.5,7536,7538.25,780
1784684700,7538.25,7542.25,7537.75,7542.25,1718
1784685000,7542.25,7544.5,7541.25,7544,1419
1784685300,7543.75,7544,7540.5,7540.75,1061
1784685600,7541,7542,7536.75,7538.5,1777
1784685900,7538.25,7539.5,7536,7537.5,952
1784686200,7537,7540.25,7537,7540,642
1784686500,7539.75,7540.5,7538.75,7539.5,822
1784686800,7539.5,7540.5,7539,7540,358
1784687100,7540,7542.75,7538.25,7541.25,903
1784687400,7541.25,7542,7539,7539.75,740
1784687700,7539.25,7540,7538,7538,398
1784688000,7538.25,7541.75,7538.25,7541.5,602
1784688300,7541.5,7543.25,7540.5,7542.5,829
1784688600,7542.5,7542.75,7541,7541.75,421
1784688900,7542,7542,7539.75,7541.25,553
1784689200,7541.25,7542.25,7540,7542,561
1784689500,7541.75,7542.5,7538.75,7538.75,600
1784689800,7538.75,7539.25,7537.75,7538.75,621
1784690100,7538.5,7540.25,7538.25,7539.75,468
1784690400,7539.75,7543.75,7539.5,7543.25,805
1784690700,7543.25,7544.5,7543.25,7544,739
1784691000,7544,7545,7539,7540,1253
1784691300,7540,7540.5,7538.5,7539.75,536
1784691600,7539.75,7540.75,7538.75,7539.25,334
1784691900,7539,7540.5,7539,7539.75,439
1784692200,7539.5,7539.5,7535,7535.5,1234
1784692500,7535.5,7536.25,7534.25,7535.5,1090
1784692800,7535.25,7536.75,7534,7536.75,681
1784693100,7536.75,7538.5,7536,7538,541
1784693400,7538,7538.5,7536.75,7537.5,408
1784693700,7537.75,7539.25,7537.75,7538.5,327
1784694000,7538,7539.25,7538,7539,280
1784694300,7538.75,7539.25,7538,7538.75,319
1784694600,7538.75,7538.75,7535.75,7536.25,684
1784694900,7536.25,7536.75,7535.75,7536.75,228
1784695200,7536.75,7538.25,7536,7537.75,357
1784695500,7537.75,7538,7535.75,7536.75,262
1784695800,7537,7537.25,7536,7536,210
1784696100,7536,7538.5,7535.25,7538.5,506
1784696400,7538.5,7538.75,7536,7536.25,368
1784696700,7536.25,7536.75,7534.75,7535,633
1784697000,7535.25,7536,7534.5,7535.5,507
1784697300,7535.5,7536.5,7534.5,7535.25,506
1784697600,7535.25,7535.5,7533.75,7534.25,766
1784697900,7534.5,7536.25,7534,7534.75,375
1784698200,7534.5,7536.5,7533.5,7536,574
1784698500,7536.25,7536.25,7532.75,7534.75,599
1784698800,7534.5,7535,7532.5,7533,472
1784699100,7533.25,7534.5,7532,7534,808
1784699400,7534,7537,7533.75,7534.5,796
1784699700,7534.25,7536.5,7534.25,7536.5,327
1784700000,7536.25,7536.5,7535,7535.5,528
1784700300,7535.5,7536,7532.75,7533,838
1784700600,7533.25,7535,7533.25,7534.25,427
1784700900,7534,7534,7528.75,7529.75,1814
1784701200,7530,7530,7523.25,7525.5,2344
1784701500,7525.75,7526,7524,7524.5,994
1784701800,7524.5,7526.75,7524.25,7526.75,1162
1784702100,7527,7529.5,7526.75,7528,853
1784702400,7528,7528.25,7525.5,7525.5,557
1784702700,7525.25,7525.25,7521,7521.75,1639
1784703000,7522,7526.25,7521.25,7525,960
1784703300,7525,7525.25,7522.75,7522.75,826
1784703600,7522.75,7523.5,7518.75,7520,2235
1784703900,7520,7521.25,7516,7518.5,1922
1784704200,7518.75,7523.25,7518.75,7523.25,1476
1784704500,7523.25,7526.25,7522.75,7525.25,1097
1784704800,7524.75,7526,7521.5,7522.5,885
1784705100,7522.25,7526.75,7521.5,7525.25,1087
1784705400,7525,7526.5,7519,7519,1660
1784705700,7519,7520,7515.25,7515.25,1447
1784706000,7515.25,7517,7512,7517,2552
1784706300,7517,7519,7513.25,7514,1881
1784706600,7514,7517,7512.75,7515.75,978
1784706900,7515.75,7517,7515.25,7516,485
1784707200,7516.5,7521.5,7514.75,7521,1795
1784707500,7521,7522.75,7518.25,7521,1318
1784707800,7521.25,7521.25,7515.5,7516.5,1098
1784708100,7516.25,7520,7516.25,7518.25,785
1784708400,7518.5,7522.5,7518.25,7522,996
1784708700,7522,7523.75,7521.25,7523.5,1203
1784709000,7523.25,7526.5,7523,7525.25,1517
1784709300,7525.75,7526,7522,7522.25,670
1784709600,7522.5,7523.5,7521,7522,885
1784709900,7522.25,7525.5,7522,7523.25,978
1784710200,7523.25,7526,7522.5,7525.25,744
1784710500,7525,7526.25,7523.25,7525.25,649
1784710800,7525.5,7529.5,7524.5,7528.75,1972
1784711100,7528.75,7531.75,7527.25,7528.75,1739
1784711400,7529,7529.75,7527.5,7528.25,799
1784711700,7528.25,7529.25,7527.25,7528.75,677
1784712000,7528.75,7531,7528.25,7530.25,988
1784712300,7530.5,7530.75,7527,7527,659
1784712600,7527,7527.5,7522.25,7522.5,1513
1784712900,7522.25,7525,7522.25,7524.25,860
1784713200,7524.25,7526,7522.5,7524.75,635
1784713500,7525,7526,7524,7525,513
1784713800,7524.5,7524.5,7520.25,7522,1049
1784714100,7522,7526.5,7521.5,7526.25,976
1784714400,7526.5,7530.75,7526.25,7529,1330
1784714700,7529.25,7529.5,7526.75,7527,448
1784715000,7527,7528.5,7525.25,7525.5,737
1784715300,7525.25,7527.75,7524.25,7526.5,833
1784715600,7526.5,7533.25,7526.25,7532.25,2669
1784715900,7532.25,7532.25,7530.25,7531.5,844
1784716200,7531.75,7532.75,7530,7530.25,823
1784716500,7530.5,7531,7527.75,7528.5,761
1784716800,7528.5,7529,7526.25,7526.25,848
1784717100,7526,7531.75,7525.75,7531.5,1094
1784717400,7531.75,7532,7530,7530.5,480
1784717700,7530.5,7531.25,7529.75,7530,373
1784718000,7530,7530.25,7526.5,7526.5,1243
1784718300,7526.75,7528.75,7526.5,7528.75,782
1784718600,7529,7529.75,7525,7525.25,896
1784718900,7525.25,7525.5,7523.5,7524,1054
1784719200,7524,7527.25,7523.75,7525.75,743
1784719500,7525.5,7525.5,7522.5,7522.75,1008
1784719800,7523.25,7525,7522.5,7524.75,845
1784720100,7524.75,7526.5,7523,7523.5,910
1784720400,7523.5,7523.5,7511.5,7516,8225
1784720700,7516,7523.25,7515.5,7521.75,2981
1784721000,7521.75,7522,7517.75,7518.25,1846
1784721300,7518.5,7519,7515.25,7517.25,1732
1784721600,7517.5,7520,7513.75,7515.5,2483
1784721900,7515.75,7519,7515,7516.5,1860
1784722200,7516.5,7519.5,7515.75,7518.75,1120
1784722500,7518.75,7519.25,7515,7516,1396
1784722800,7516,7516.5,7512.25,7512.5,1966
1784723100,7512.5,7516.75,7512,7516.25,1581
1784723400,7516.75,7523,7516.25,7521.25,3463
1784723700,7521.5,7523.25,7520,7522.5,1732
1784724000,7522.25,7523.25,7521.5,7521.5,986
1784724300,7521.75,7522,7515.5,7516.75,2647
1784724600,7516.5,7520,7516,7519.75,1297
1784724900,7519.75,7520.25,7503.25,7514.75,11915
1784725200,7514.75,7519.5,7514.75,7519.25,3036
1784725500,7519.25,7521,7516.25,7520.75,2749
1784725800,7520.5,7520.75,7517.5,7519.25,1943
1784726100,7519,7524.5,7518.75,7524,3778
1784726400,7524,7526,7522.5,7526,2383
1784726700,7526.25,7528.75,7523.25,7527.75,4552
1784727000,7528,7537.75,7525,7534.75,22657
1784727300,7534.75,7536.75,7531.75,7535.75,12805
1784727600,7535.75,7538.75,7532.5,7537.25,11728
1784727900,7537.25,7542.25,7537.25,7539.25,13917
1784728200,7539.5,7543.75,7535.5,7543,15154
1784728500,7543.25,7550,7542,7550,16975
1784728800,7549.75,7552,7547,7551.75,14239
1784729100,7552,7556.25,7547.5,7548,17903
1784729400,7547.75,7550.25,7543,7544.75,13669
1784729700,7544.75,7545.5,7539.75,7543.5,13560
1784730000,7543.25,7546.5,7535.75,7538.25,21203
1784730300,7538.25,7540,7532.75,7534.75,15018
1784730600,7534.5,7540,7533.5,7534.5,14146
1784730900,7534.25,7536.5,7532,7535.25,10278
1784731200,7535.25,7536.5,7529.25,7529.75,13147
1784731500,7529.75,7537.25,7528.75,7536,14566
1784731800,7536.25,7539,7533,7536.25,9172
1784732100,7536.25,7542.5,7533.75,7542,9900
1784732400,7542,7546.75,7541.25,7545.25,10296
1784732700,7545.5,7549.75,7544,7548.25,9307
1784733000,7548.25,7552.75,7548.25,7551,10908
1784733300,7551,7552.5,7547.5,7551,8587
1784733600,7551.25,7556.5,7550.5,7556,11778
1784733900,7556,7559.5,7555,7557,11547
1784734200,7557,7558,7552,7552,9100
1784734500,7552.5,7554,7550,7551.75,7288
1784734800,7551.5,7554.75,7550.75,7552.75,6492
1784735100,7552.5,7556.25,7552.5,7556.25,6411
1784735400,7556.25,7558.5,7554.5,7555.25,5692
1784735700,7555.25,7560.75,7554,7560,5542
1784736000,7560.25,7560.75,7557.25,7559.5,6194
1784736300,7559.25,7561.75,7557.75,7560.25,4641
1784736600,7560.25,7560.75,7558.75,7559.5,3479
1784736900,7559.75,7563,7559.25,7562.5,5172
1784737200,7562.5,7562.5,7560.5,7561.25,3907
1784737500,7561.25,7562.25,7559.5,7561.5,3557
1784737800,7561.5,7562.75,7560.25,7561.75,3163
1784738100,7561.75,7562.25,7560.5,7561.25,2695
1784738400,7561.5,7561.75,7559.25,7560.25,3438
1784738700,7560.5,7561.75,7558,7558.5,4962
1784739000,7558.75,7559.5,7557.5,7558,3426
1784739300,7558,7562.5,7557.75,7561.25,4725
1784739600,7561.25,7562.5,7556.75,7557.75,4289
1784739900,7557.75,7560,7557.25,7558.5,3535
1784740200,7558.75,7558.75,7554.75,7555.75,4169
1784740500,7555.5,7557,7554.25,7555.25,4965
1784740800,7555,7555.5,7552,7554.25,5759
1784741100,7554.25,7555.25,7552.5,7553,4197
1784741400,7552.75,7555.5,7551,7551,4255
1784741700,7551,7556.25,7550.75,7556,5295
1784742000,7555.75,7556,7553,7553.75,3171
1784742300,7553.75,7554.75,7552.5,7552.75,2286
1784742600,7552.75,7554,7549.25,7549.25,5135
1784742900,7549.25,7549.5,7546,7547.75,8122
1784743200,7547.5,7549.75,7544.5,7546.25,7943
1784743500,7546.25,7549.5,7545,7545.25,5239
1784743800,7545.5,7546.25,7542.25,7543,6808
1784744100,7542.5,7546.25,7542.5,7544.75,4955
1784744400,7544.75,7548,7543.75,7544.75,4690
1784744700,7545,7548,7544.5,7547.25,3585
1784745000,7547.25,7547.25,7542.75,7544.75,6907
1784745300,7544.25,7547,7544,7546.5,3510
1784745600,7546.5,7547.5,7544.75,7545.5,3839
1784745900,7545.5,7548.75,7544.5,7544.75,4565
1784746200,7544.75,7548.25,7543.5,7547.75,4186
1784746500,7547.75,7548.5,7546.25,7546.75,3656
1784746800,7546.75,7547.25,7544,7545.25,4327
1784747100,7545.25,7546,7544,7544.75,3236
1784747400,7544.5,7545.25,7541,7541.75,6057
1784747700,7541.75,7544.75,7540.75,7543.75,4722
1784748000,7543.75,7543.75,7540.75,7541.5,3432
1784748300,7541.25,7544,7539.25,7542.5,6707
1784748600,7542.5,7542.75,7539.25,7539.5,4925
1784748900,7539.75,7540.75,7536,7537,6922
1784749200,7536.75,7542,7536.75,7540.75,6509
1784749500,7540.75,7544,7540.25,7543,6509
1784749800,7543,7546,7540,7541,12889
1784750100,7541.25,7545.75,7535.5,7536.75,15890
1784750400,7537,7552.5,7535,7536.5,13719
1784750700,7536.5,7542,7531.75,7536,4816
1784751000,7536.5,7553,7535,7553,4526
1784751300,7552.75,7553.75,7548.25,7552.25,3474
1784751600,7552.75,7553,7547.5,7551.25,1898
1784751900,7551.5,7552,7546.25,7548.5,1394
1784752200,7548.25,7549.5,7546.5,7547.75,1249
1784752500,7547.5,7548.5,7543.25,7546.5,1813
1784752800,7546.5,7547,7544.5,7544.5,1070
1784753100,7544.75,7546.25,7543.75,7544.5,1049
1784753400,7544.5,7548.75,7544.5,7547,1058
1784753700,7547,7547.5,7541,7541,2008
1784757600,7535,7536,7523,7524.75,4142
1784757900,7524.5,7525.75,7522.75,7524.25,1911
1784758200,7524.5,7526.75,7523.75,7525.5,1208
1784758500,7525.5,7526.75,7522.25,7525,1497
1784758800,7524.75,7527.25,7524.25,7526,1264
1784759100,7526,7526.5,7521.25,7522.25,1322
1784759400,7522.25,7523.25,7521.25,7521.75,1177
1784759700,7521.75,7522.5,7517,7517.5,2173
1784760000,7517.25,7519,7515.75,7517.5,1854
1784760300,7517.5,7520.5,7516.25,7520.5,1281
1784760600,7520.5,7523.5,7520,7523,1577
1784760900,7523.25,7524.5,7522,7522.5,998
1784761200,7522.25,7522.75,7516.75,7518.75,1678
1784761500,7518.5,7519.75,7517.5,7518,1044
1784761800,7518,7521.5,7517.75,7521.25,1109
1784762100,7521,7521.25,7517.25,7518,1026
1784762400,7517.75,7519.25,7517.75,7519.25,444
1784762700,7519,7520,7518,7519.5,641
1784763000,7519.5,7521.75,7519.25,7521,711
1784763300,7521,7522.25,7520.75,7522,480
1784763600,7521.75,7523.5,7521.75,7523.25,880
1784763900,7523.25,7528.5,7522.5,7527,2683
1784764200,7527,7528.5,7526,7527,1459
1784764500,7527,7530.5,7526.25,7530.25,1561
1784764800,7530.5,7531.75,7527.75,7531,2540
1784765100,7531,7533.5,7530.75,7532,1610
1784765400,7531.75,7532.75,7529.25,7531.5,1682
1784765700,7531.75,7537.5,7530.25,7536.5,3259
1784766000,7536.75,7541.25,7536.75,7541.25,2697
1784766300,7541.25,7545,7540.25,7540.75,3146
1784766600,7540.5,7543.5,7540.25,7543,1957
1784766900,7543,7545,7542.25,7544,1294
1784767200,7544,7546.75,7543.75,7544.5,1807
1784767500,7544.5,7546,7543.75,7544.5,975
1784767800,7544.5,7549.5,7542.75,7548,2771
1784768100,7548,7549.25,7546.5,7546.75,977
1784768400,7546.5,7550,7544.5,7548.5,2856
1784768700,7548.25,7549.75,7546,7546.75,1705
1784769000,7547,7548.5,7546.75,7547.25,650
1784769300,7547.25,7548,7544.25,7544.25,1316
1784769600,7544.5,7546.5,7543.5,7544,1642
1784769900,7544.25,7545.75,7543.25,7543.75,1029
1784770200,7544,7545.5,7540.5,7545,2241
1784770500,7545.25,7546,7541,7541,1962
1784770800,7541.25,7542.5,7538.75,7539,2348
1784771100,7539,7540.75,7538.25,7539.75,1224
1784771400,7539.5,7542.5,7539,7541.5,1492
1784771700,7541.5,7542.25,7538.5,7538.75,1104
1784772000,7538.5,7541.25,7537.25,7541,1584
1784772300,7541,7541.75,7539.25,7539.25,984
1784772600,7539.25,7539.5,7535.75,7536.25,2241
1784772900,7536,7537,7533.25,7533.75,1435
1784773200,7534,7534,7530.75,7530.75,1748
1784773500,7530.5,7531.5,7529.5,7531,1565
1784773800,7530.75,7534.25,7530.5,7533.75,1747
1784774100,7534,7534,7527,7527.75,2031
1784774400,7528,7529.5,7526.75,7528,1270
1784774700,7528,7530,7527.75,7527.75,1016
1784775000,7527.5,7531.75,7527.25,7531,1378
1784775300,7531.5,7531.75,7530.25,7530.75,580
1784775600,7531,7531.5,7528.25,7529,1023
1784775900,7528.5,7529.5,7525,7525.75,1674
1784776200,7526,7526,7521.5,7523.75,2477
1784776500,7524,7524.5,7522.25,7524.5,881
1784776800,7524.5,7525.75,7523.25,7523.75,824
1784777100,7523.75,7525.25,7520.5,7525.25,1086
1784777400,7525.25,7528,7522.5,7524,1514
1784777700,7523.75,7526,7523.25,7526,586
1784778000,7526,7528,7525.25,7528,736
1784778300,7527.75,7528.75,7525.75,7528.5,903
1784778600,7528.25,7529.25,7527,7528.75,657
1784778900,7528.5,7528.75,7526.5,7527,580
1784779200,7527,7527.25,7524.25,7524.75,950
1784779500,7524.5,7525.75,7521.25,7523.75,1290
1784779800,7523.75,7529,7523.5,7528.75,1086
1784780100,7529,7529.75,7527.25,7527.25,894
1784780400,7527.5,7530.75,7527.5,7530.5,762
1784780700,7530.5,7533.75,7529.5,7532.25,1450
1784781000,7532.25,7533.25,7530.5,7533,870
1784781300,7533,7533.25,7531,7532.25,582
1784781600,7533,7533.25,7529.75,7530,625
1784781900,7530.25,7531.75,7528,7528.25,806
1784782200,7528,7528.25,7525.75,7527,833
1784782500,7526.75,7528,7525.75,7527.25,472
1784782800,7527.5,7528,7525.25,7526,595
1784783100,7526,7526.75,7525.5,7526,333
1784783400,7526.5,7527.25,7524,7527,738
1784783700,7527,7527,7524.75,7525.75,618
1784784000,7525.75,7528.5,7524.5,7527,930
1784784300,7527,7533.75,7527,7533.5,1336
1784784600,7533.75,7535.75,7533,7533.25,1114
1784784900,7533.25,7533.5,7529,7529.5,690
1784785200,7529.5,7531.5,7528,7529.75,674
1784785500,7530,7530,7525,7525.25,731
1784785800,7525.25,7526,7521.25,7521.25,1285
1784786100,7521.25,7525,7521.25,7522.75,1371
1784786400,7522.5,7526.5,7522.25,7524.5,999
1784786700,7524.5,7525.75,7522,7522.25,644
1784787000,7522.5,7525,7522,7524.25,875
1784787300,7524.25,7526,7523.25,7526,880
1784787600,7526,7526.5,7522.5,7523.75,845
1784787900,7523.75,7526.5,7523.75,7525.75,969
1784788200,7525.75,7526.5,7521.5,7522.5,944
1784788500,7522.75,7523.25,7521.25,7521.75,610
1784788800,7521.75,7522.25,7520,7520.25,844
1784789100,7520.25,7525.5,7520,7523,771
1784789400,7523,7523.5,7519.75,7521,718
1784789700,7521,7521.25,7519.25,7519.75,654
1784790000,7520,7520.5,7512.5,7515,4193
1784790300,7514.75,7515.75,7510,7510.25,2023
1784790600,7510.25,7510.5,7498.5,7505.25,6512
1784790900,7505.25,7509.25,7505,7508.75,2341
1784791200,7509,7511.5,7507.25,7507.25,1865
1784791500,7507.5,7513.5,7507.5,7509.5,2155
1784791800,7509.5,7510.25,7502,7503.25,1742
1784792100,7502.75,7505.75,7502.25,7503.25,1412
1784792400,7503.5,7503.75,7497.75,7498.25,2294
1784792700,7498.5,7498.75,7495.25,7497.5,1830
1784793000,7497.5,7501,7496,7500,2276
1784793300,7500.25,7504.5,7500,7504.5,1875
1784793600,7504.25,7505.25,7498.5,7503,2507
1784793900,7503.25,7511.75,7502.5,7511.75,2510
1784794200,7511.5,7512.75,7509,7511,1687
1784794500,7511.25,7515.25,7508.75,7513.5,1846
1784794800,7513.75,7514.75,7508.75,7510,1260
1784795100,7510,7514,7509.25,7513.25,1233
1784795400,7513,7514.5,7510.25,7512.75,1090
1784795700,7513,7514.5,7510.75,7511,1926
1784796000,7511,7511.75,7507.75,7508.25,1288
1784796300,7508.25,7511.25,7507.25,7510.25,661
1784796600,7510.5,7515,7509.5,7514.75,1032
1784796900,7514.75,7519.5,7514,7518.75,1689
1784797200,7518.75,7525.75,7516.75,7523.25,3647
1784797500,7523.25,7523.25,7518,7518.25,1750
1784797800,7518,7519.5,7515.25,7515.25,1227
1784798100,7515.25,7517,7514.5,7514.75,1296
1784798400,7514.75,7516,7513,7514.5,865
1784798700,7514.75,7515,7512.75,7513.75,717
1784799000,7513.75,7514,7510,7511.25,1239
1784799300,7511,7512.25,7510.5,7512.25,779
1784799600,7512.25,7514,7511.25,7513.25,823
1784799900,7513.5,7515.25,7513.5,7513.5,731
1784800200,7513.25,7514.5,7510.25,7512.25,879
1784800500,7512.5,7513.5,7509.25,7511.25,1006
1784800800,7511.5,7513.5,7510,7513,1310
1784801100,7512.75,7514.5,7510.25,7510.75,1105
1784801400,7510.75,7511,7508.5,7509.25,785
1784801700,7509.25,7511.75,7508.75,7510.25,717
1784802000,7510,7513.5,7509.75,7512.75,1094
1784802300,7512.75,7514.25,7512,7512.5,791
1784802600,7512.5,7519.75,7511.25,7518,3305
1784802900,7518,7522.5,7517.25,7521.25,2372
1784803200,7521.5,7524,7519.5,7520.5,1635
1784803500,7520.75,7522.25,7520,7521.75,729
1784803800,7522,7522.25,7519.5,7520.25,826
1784804100,7520.5,7522,7519.5,7520.5,1068
1784804400,7520.5,7521.75,7513.75,7514.25,2295
1784804700,7514.5,7514.75,7510.75,7511.25,1596
1784805000,7511.25,7514,7510,7514,1191
1784805300,7513.75,7516,7511.75,7512.25,1500
1784805600,7512.25,7512.5,7505.5,7506.25,2660
1784805900,7506.25,7508.25,7503,7504.75,2277
1784806200,7504.5,7505.75,7499.5,7501.5,2691
1784806500,7501.5,7501.5,7490.5,7493.25,6304
1784806800,7493.5,7496,7490,7493,4434
1784807100,7492.75,7495,7490.75,7494.5,3269
1784807400,7494.5,7503,7494.25,7498,5570
1784807700,7498,7501.25,7496.5,7499.75,2922
1784808000,7500,7501.5,7497,7498.5,2855
1784808300,7498.5,7499.5,7493.5,7494.5,2248
1784808600,7494.5,7496.75,7492.25,7492.25,1827
1784808900,7492.75,7497.75,7486.75,7488.5,7055
1784809200,7488.25,7489,7481.25,7483,5082
1784809500,7483,7484.25,7478.25,7481.75,3572
1784809800,7480.5,7482.75,7475.5,7478,3729
1784810100,7477.75,7478.5,7471.5,7473.75,5710
1784810400,7473.5,7473.75,7466.75,7470.5,7523
1784810700,7470.75,7471.75,7461.5,7468.25,6776
1784811000,7468,7471,7465.5,7467.25,4533
1784811300,7467,7469.25,7463.5,7466,3729
1784811600,7465.75,7467.75,7461.25,7462.75,5750
1784811900,7462.75,7464.25,7455.5,7458,10188
1784812200,7458,7459.5,7454,7458.25,8450
1784812500,7458.25,7458.75,7453.75,7456.5,6540
1784812800,7456.5,7457,7451.25,7451.5,5453
1784813100,7451.5,7454.75,7448,7453.5,9616
1784813400,7453.5,7474.5,7444.75,7473.75,39551
1784813700,7473.75,7479.25,7468.75,7474.75,25186
1784814000,7474.75,7486.5,7474.25,7478.75,23200
1784814300,7478.75,7480.75,7462,7464.25,28913
1784814600,7464,7470,7457.5,7469.5,24914
1784814900,7469.75,7473,7453,7455.75,25549
1784815200,7455.75,7466.5,7455.75,7463.75,21143
1784815500,7463.5,7469.75,7448.75,7453.75,26301
1784815800,7453.5,7466,7452.25,7457,27160
1784816100,7457,7464,7454.25,7455,20296
1784816400,7455.25,7465,7451.75,7454,15917
1784816700,7454,7459.75,7449.75,7457.75,14743
1784817000,7457.5,7460.25,7446.5,7449.75,16348
1784817300,7450,7465.5,7445.75,7464.25,22213
1784817600,7464,7466.75,7446.5,7448.75,19800
1784817900,7448.5,7455,7446.75,7448.5,14367
1784818200,7448.5,7451,7440,7442,18841
1784818500,7441.75,7446,7440.75,7443.5,11796
1784818800,7443.5,7445.25,7435,7436.75,15546
1784819100,7436.75,7437.5,7429.25,7431.5,16839
1784819400,7431.25,7434.25,7424.5,7426.5,17188
1784819700,7426.25,7433,7425.75,7432,14543
1784820000,7432.25,7437,7420,7427,27381
1784820300,7426.75,7427.5,7418,7419,15002
1784820600,7419.25,7424.25,7411.75,7424.25,19320
1784820900,7424,7434.75,7423.5,7433.5,19681
1784821200,7433.5,7437,7426.5,7426.75,13586
1784821500,7426.5,7430,7423.75,7429.25,9894
1784821800,7429,7433.5,7426,7433.25,8824
1784822100,7433.5,7439.25,7431,7438.25,9693
1784822400,7438.5,7443.5,7435.25,7440.5,12337
1784822700,7440.25,7444.75,7435.25,7444.5,10364
1784823000,7444.5,7448.5,7444,7446,9109
1784823300,7446,7448.5,7441.75,7445.75,6886
1784823600,7445.75,7457,7445.75,7455,12368
1784823900,7454.75,7456.5,7451.75,7455,7589
1784824200,7454.75,7455.25,7450.75,7451.5,6445
1784824500,7451.75,7457.5,7449.75,7457,8779
1784824800,7457.25,7457.5,7449.75,7449.75,7709
1784825100,7449.75,7449.75,7440.25,7440.25,12489
1784825400,7440.25,7444,7437.75,7440,9984
1784825700,7440,7447.5,7440,7446.75,9742
1784826000,7446.75,7450,7442.25,7442.25,7880
1784826300,7442.5,7445.25,7438,7445,8904
1784826600,7445,7448.75,7444.25,7446,6749
1784826900,7445.75,7449.5,7441.75,7445.5,8153
1784827200,7445.5,7450.25,7444,7450,7363
1784827500,7450,7452.25,7447.5,7447.75,6281
1784827800,7447.5,7448.25,7440.5,7441,7413
1784828100,7441,7441.5,7434.75,7436.5,8945
1784828400,7436.25,7439.25,7432.75,7437.5,7904
1784828700,7437.5,7443.25,7435.25,7442.25,7525
1784829000,7442,7443,7437.25,7437.25,5310
1784829300,7437.25,7437.25,7431.5,7432.25,6739
1784829600,7432,7433.5,7429,7430,6790
1784829900,7430,7432,7428.25,7429,4801
1784830200,7429.25,7434.25,7429,7430,6162
1784830500,7430.25,7434,7428.5,7430.5,5157
1784830800,7430.5,7435,7429.5,7434.75,5528
1784831100,7434.75,7435.5,7431,7434.75,4825
1784831400,7434.75,7437.25,7433.5,7436.5,5082
1784831700,7436.5,7437.75,7428.75,7430,6282
1784832000,7430.25,7430.75,7426.75,7429,5228
1784832300,7429,7435.5,7428.75,7434,6167
1784832600,7434,7434.5,7427.5,7428,3903
1784832900,7427.75,7431.5,7427,7431.5,4101
1784833200,7431.25,7435,7428.5,7428.75,5161
1784833500,7429,7431,7427.75,7428.25,3566
1784833800,7428.25,7429.75,7425.75,7427.25,4181
1784834100,7427.25,7432.75,7426.75,7431,5201
1784834400,7430.75,7437.75,7430.5,7437.75,7050
1784834700,7437.75,7440.75,7434.25,7436.25,8505
1784835000,7436.5,7438.75,7428.25,7433,9751
1784835300,7432.75,7433.75,7429.75,7430.5,4605
1784835600,7430.5,7431.5,7424,7424,6953
1784835900,7424.25,7425.75,7418.5,7420.75,10469
1784836200,7421,7430.75,7421,7429,18400
1784836500,7429.25,7447.75,7429.25,7444,20003
1784836800,7443.75,7456.25,7443.25,7452.75,10949
1784837100,7452.75,7453.5,7449.75,7450.75,2592
1784837400,7451.25,7455,7450.5,7452.75,2075
1784837700,7453,7457,7452.5,7455.25,1902
1784838000,7455.25,7457.5,7453.5,7457.5,1492
1784838300,7457.25,7458.25,7454.5,7455.25,1446
1784838600,7455,7458.25,7454,7456.5,1425
1784838900,7456.75,7458,7455.5,7456.5,771
1784839200,7456.75,7457,7452.5,7453,1655
1784839500,7453.5,7454,7452.25,7452.75,844
1784839800,7452.75,7454.75,7452.5,7453.75,595
1784840100,7454.25,7458.25,7453.5,7455.5,1757
1784844000,7453,7454.25,7445.75,7446.25,2544
1784844300,7446,7448,7445.75,7447.25,745
1784844600,7447,7447,7443,7445,1117
1784844900,7444.75,7445.5,7443.25,7444,691
1784845200,7444,7450,7443.5,7449,949
1784845500,7448.75,7449,7446.25,7446.75,1134
1784845800,7447,7450,7447,7448,913
1784846100,7448,7449,7446.25,7447.25,661
1784846400,7447.25,7449,7446.25,7448.75,740
1784846700,7448.75,7451.25,7448.5,7449.75,664
1784847000,7449.5,7451,7449,7451,565
1784847300,7451,7454,7451,7453.5,896
1784847600,7453.25,7453.75,7449,7449.25,1618
1784847900,7449.5,7450.75,7448.25,7449.25,1044
1784848200,7449.5,7449.75,7447.75,7449.25,454
1784848500,7449.25,7452,7448,7449,1032
1784848800,7448.75,7450.5,7448.25,7449.5,590
1784849100,7449.25,7451.25,7449,7450,620
1784849400,7449.75,7450.75,7448,7449.75,721
1784849700,7449.75,7450.25,7447,7447.25,625
1784850000,7447.25,7450.25,7444.5,7449,1989
1784850300,7449,7452.5,7447.5,7448.5,1780
1784850600,7448.75,7449.5,7445,7446,992
1784850900,7446,7450.75,7445.75,7449,938
1784851200,7449.25,7455.5,7447.5,7447.5,3523
1784851500,7447.75,7450.5,7444.75,7446.25,2463
1784851800,7446.25,7448.25,7443.5,7447.25,1694
1784852100,7447.5,7451,7444.75,7447.5,1835
1784852400,7447.5,7455.5,7446,7452.75,2520
1784852700,7452.75,7453.75,7449.75,7450.75,1052
1784853000,7451,7451.25,7447.25,7448.25,1359
1784853300,7447.75,7453,7446.5,7451.25,1133
1784853600,7451.25,7456.25,7451,7454.5,1815
1784853900,7454.5,7457,7453.5,7454.75,1696
1784854200,7454.25,7455.5,7450,7450,1448
1784854500,7450.25,7454.75,7448.5,7454.25,2114
1784854800,7454.5,7456.5,7452.75,7455.75,1871
1784855100,7455.75,7457.5,7453.25,7455.25,1672
1784855400,7455.25,7456.25,7452.5,7453.25,1032
1784855700,7452.75,7455.5,7451.75,7454,933
1784856000,7453.75,7454.5,7451,7452.75,751
1784856300,7452.75,7457.5,7452.75,7453.5,1084
1784856600,7453.25,7457.75,7452.25,7457,1310
1784856900,7457.5,7458,7454.5,7454.5,1168
1784857200,7454.75,7459.25,7453.5,7457,1335
1784857500,7456.5,7457.25,7453.75,7453.75,757
1784857800,7453.75,7454.5,7451.5,7454,1272
1784858100,7454,7455.25,7450.25,7451.25,1083
1784858400,7451,7451.75,7449.5,7449.5,1009
1784858700,7449.5,7451.25,7448.25,7451.25,1011
1784859000,7451.25,7453.5,7451,7451.5,1097
1784859300,7451.75,7452.5,7449.5,7450,680
1784859600,7450,7451.25,7447.75,7451,763
1784859900,7451,7452.75,7449.5,7449.75,1034
1784860200,7450,7450,7445.5,7446,1401
1784860500,7445.75,7446.25,7442.75,7443.25,1454
1784860800,7443.25,7444,7442.5,7442.5,847
1784861100,7442.5,7443,7440,7441,1511
1784861400,7440.75,7442.5,7440,7440.25,971
1784861700,7440.25,7442.5,7439.25,7439.25,1090
1784862000,7439.5,7442.25,7439,7441.75,1047
1784862300,7441.5,7443,7439.25,7439.75,1056
1784862600,7439.75,7442.75,7439.25,7441.5,1138
1784862900,7441.75,7443.75,7440.75,7440.75,1028
1784863200,7441,7442.75,7440,7440.5,547
1784863500,7440.5,7444,7440.25,7442.25,639
1784863800,7442.25,7443.25,7438,7440,1553
1784864100,7440,7442,7438.75,7440.5,939
1784864400,7440.75,7441.25,7438.25,7439,486
1784864700,7438.75,7441.25,7437.5,7439.75,1170
1784865000,7439.75,7440,7438,7438.25,606
1784865300,7438.25,7438.5,7436.75,7437.5,639
1784865600,7437.5,7438,7435.25,7436.5,1052
1784865900,7436.25,7441,7436.25,7440.5,1323
1784866200,7440.5,7440.75,7436.5,7437,604
1784866500,7437,7440.25,7436.75,7439.5,714
1784866800,7439.5,7442.75,7437,7442.25,842
1784867100,7442.25,7444.75,7441.25,7444.5,1116
1784867400,7444.25,7444.75,7441.5,7442.5,867
1784867700,7442.75,7443.5,7440.25,7440.25,841
1784868000,7440.5,7441,7437.5,7439.75,1039
1784868300,7439.75,7441,7438.25,7439.25,505
1784868600,7439.25,7442.75,7439,7441.5,678
1784868900,7441.25,7443.5,7441.25,7443.25,666
1784869200,7443.25,7444.75,7441,7443.5,1008
1784869500,7443.75,7448.25,7443.75,7446,1423
1784869800,7446,7447,7444.25,7445.75,423
1784870100,7445.75,7447,7444,7446,822
1784870400,7446,7448,7445.25,7447.5,620
1784870700,7447,7449,7446.25,7446.75,847
1784871000,7447,7448.25,7445,7446.75,879
1784871300,7447,7447.75,7444.5,7446.75,653
1784871600,7446.75,7448.25,7444.75,7447.75,672
1784871900,7447.5,7450.25,7447.25,7447.75,823
1784872200,7448,7448.5,7443.5,7443.5,787
1784872500,7443.75,7444.25,7441.75,7442,869
1784872800,7442.25,7442.75,7438.75,7439.25,1183
1784873100,7439,7439.75,7437.5,7438.5,854
1784873400,7438.75,7440.25,7436.5,7437.5,1019
1784873700,7438,7443.75,7437,7443.5,1470
1784874000,7443.25,7446,7443.25,7444.75,1396
1784874300,7445,7447.5,7440.25,7441.5,1472
1784874600,7441.5,7442.5,7439.75,7442.5,865
1784874900,7442.75,7445,7441.25,7441.75,945
1784875200,7442,7442.5,7437.25,7437.5,884
1784875500,7437.75,7438.25,7433.5,7434.75,1566
1784875800,7434.5,7439.25,7434.25,7439,1028
1784876100,7438.5,7443.5,7437.5,7442.5,1365
1784876400,7442.75,7449.25,7442,7447,2386
1784876700,7447.25,7452.5,7446,7452.25,1672
1784877000,7452.25,7456.25,7452.25,7455.75,2000
1784877300,7456,7459.75,7454,7459.25,2381
1784877600,7459.5,7460.75,7457.25,7458.25,1437
1784877900,7458,7462.75,7457.75,7461.5,1261
1784878200,7462,7463.5,7458.75,7460,1410
1784878500,7460,7461.5,7457.75,7458.25,748
1784878800,7458.25,7458.75,7454.5,7456.75,1377
1784879100,7456.5,7458,7455.5,7457.5,877
1784879400,7457.75,7458.5,7455.5,7457.5,856
1784879700,7457.5,7458.75,7456,7456.5,648
1784880000,7456.75,7456.75,7452.5,7453.25,1908
1784880300,7453,7454,7449.75,7451.75,2681
1784880600,7452.25,7453,7449.25,7451.5,1015
1784880900,7451.25,7455.25,7450.75,7453.5,1281
1784881200,7453.5,7455,7452.25,7452.75,1233
1784881500,7452.75,7460.5,7451.75,7458.5,2091
1784881800,7458.75,7461.25,7457.25,7459.75,1591
1784882100,7460,7462,7458.5,7459.75,755
1784882400,7459.75,7460.5,7456.5,7459.25,1511
1784882700,7459.25,7459.75,7456,7458,706
1784883000,7457.75,7458.75,7456,7457.75,669
1784883300,7457.75,7459.25,7456.25,7457.25,942
1784883600,7457.5,7459.5,7456.25,7457.5,953
1784883900,7457.25,7465.25,7456.5,7464.75,1395
1784884200,7464.75,7465.25,7458.75,7459.5,1097
1784884500,7459.75,7461.25,7457.75,7460.25,1176
1784884800,7460.25,7463.75,7459.75,7463,1204
1784885100,7462.75,7465,7462.5,7463.75,878
1784885400,7463.75,7465.75,7462,7465.5,1029
1784885700,7465.5,7466.25,7464.25,7465.75,863
1784886000,7465.75,7467.5,7465,7466.25,910
1784886300,7466.25,7467.5,7464.25,7464.5,584
1784886600,7464.5,7465.75,7463.75,7464,586
1784886900,7464,7466.5,7464,7465.75,788
1784887200,7465.75,7467,7463,7463.25,1345
1784887500,7463.25,7464.5,7460.25,7461.25,887
1784887800,7461.5,7461.75,7459.75,7461.5,579
1784888100,7461.25,7462.25,7460.25,7461.5,468
1784888400,7461.75,7462.25,7460.5,7461.5,498
1784888700,7461.5,7462.75,7459,7461.5,881
1784889000,7461.5,7464.25,7461,7461.5,813
1784889300,7461.5,7461.75,7458.75,7459.5,1093
1784889600,7459.75,7461,7459.25,7460.5,481
1784889900,7460.75,7461.75,7459.75,7461,502
1784890200,7460.75,7461.25,7458,7458.75,880
1784890500,7458.75,7461,7458,7458.5,1093
1784890800,7458.5,7462.75,7458,7461,1758
1784891100,7461,7463,7459.5,7460,1102
1784891400,7460.25,7461.25,7459.25,7460.75,470
1784891700,7461,7462.75,7460.25,7461.25,749
1784892000,7461,7462.25,7459,7461,581
1784892300,7461,7461.25,7458.5,7459.75,528
1784892600,7459.5,7460.75,7456.75,7457,1164
1784892900,7457,7460.75,7456,7457.5,1481
1784893200,7457.25,7457.5,7455,7455.25,1064
1784893500,7455.25,7457,7454,7456.25,1578
1784893800,7456.5,7458.5,7456,7456.25,1441
1784894100,7456.25,7469,7453.25,7465,6791
1784894400,7464.75,7466,7458,7461,3722
1784894700,7460.75,7464.25,7457.5,7463.5,2402
1784895000,7463.5,7467.75,7462.5,7466.5,2141
1784895300,7466.5,7467.5,7464.25,7465.25,1957
1784895600,7465,7467.5,7463,7466.25,1786
1784895900,7466.5,7467,7460.5,7466,3238
1784896200,7465.75,7466.5,7459.25,7459.75,1897
1784896500,7459.75,7462.5,7458.75,7460,1612
1784896800,7459.75,7460.25,7455,7455.75,1931
1784897100,7455.75,7456.5,7453.25,7455,1904
1784897400,7455,7455.5,7452.5,7453,1828
1784897700,7453,7453.5,7449,7450.25,3984
1784898000,7450.25,7451.75,7448.5,7450.25,4394
1784898300,7450.25,7450.75,7446.5,7449.25,3547
1784898600,7449,7451.25,7448.25,7450,3822
1784898900,7450,7453.25,7449.25,7452.25,4073
1784899200,7452.25,7453,7448.25,7451.5,3943
1784899500,7451.25,7453.5,7443.5,7443.75,9785
1784899800,7444,7453.25,7442.25,7451.25,34137
1784900100,7451.25,7455.25,7447,7449.75,26075
1784900400,7449.75,7450.25,7444.75,7446.25,14966
1784900700,7446.25,7457.5,7443.5,7456.75,18674
1784901000,7456.75,7457,7435,7436.75,24742
1784901300,7436.5,7440.5,7431.25,7433,19075
1784901600,7433.5,7445.5,7431.5,7436.25,22166
1784901900,7436,7453.75,7434,7451.25,18086
1784902200,7451.25,7457.75,7446.5,7454,19580
1784902500,7454,7455.75,7438.25,7443.75,21529
1784902800,7443.75,7459.25,7439.75,7454,18739
1784903100,7454.25,7456,7448,7450.25,14621
1784903400,7450.25,7451,7441.75,7441.75,13075
1784903700,7442,7447,7437.5,7439,11267
1784904000,7439,7442.5,7436.5,7437.5,13794
1784904300,7437.5,7444.25,7432.75,7444,17183
1784904600,7444.25,7452,7444,7448.75,13411
1784904900,7448.75,7466,7448.75,7465,18627
1784905200,7465,7468.75,7461.25,7461.25,14520
1784905500,7461.5,7465.5,7455.5,7455.75,12023
1784905800,7455.75,7481.25,7454.75,7478,40001
1784906100,7478,7489.5,7472.5,7474.25,29415
1784906400,7474.25,7486,7473.25,7483,14592
1784906700,7483.25,7490.75,7482.5,7485.5,11829
1784907000,7485.5,7488.5,7479.5,7479.75,12169
1784907300,7480,7491,7479.25,7490.5,12034
1784907600,7490.25,7492,7479.5,7481.75,12803
1784907900,7482,7486,7479.25,7480.5,7369
1784908200,7480.75,7487,7480.5,7485,8078
1784908500,7484.75,7490.25,7484.25,7489.75,6396
1784908800,7489.75,7491.75,7485.75,7491.25,6031
1784909100,7491.25,7495,7488.75,7492.25,9261
1784909400,7492.5,7496.5,7488,7489,10091
1784909700,7489,7492.5,7487.5,7490.75,5986
1784910000,7491,7494.5,7490.25,7493,5126
1784910300,7493,7495.25,7491,7491.25,4634
1784910600,7491.25,7491.75,7482.75,7484.25,15927
1784910900,7484.25,7486.75,7481.25,7482,6307
1784911200,7482,7482,7475.5,7475.5,9899
1784911500,7475.5,7477.5,7468.25,7470.75,11256
1784911800,7471,7471.5,7466.25,7469.5,9880
1784912100,7469.25,7476.75,7467.25,7473.5,9200
1784912400,7473.75,7475,7469,7470.75,7433
1784912700,7470.5,7472.25,7462.5,7462.75,16835
1784913000,7462.75,7469.75,7461.25,7468.5,8394
1784913300,7468.25,7473.75,7465.5,7473.25,6879
1784913600,7473.5,7474,7468,7472,6022
1784913900,7472.25,7477.5,7469,7476.5,7252
1784914200,7476.5,7480.75,7474.25,7480.5,6726
1784914500,7480.5,7480.75,7473.5,7474.25,6105
1784914800,7474.25,7474.5,7469.75,7469.75,5199
1784915100,7470,7473,7468.25,7472.5,4772
1784915400,7472.5,7474.75,7468.5,7471.75,3866
1784915700,7472,7473.25,7468.75,7468.75,3103
1784916000,7469,7472,7467,7468,4316
1784916300,7468,7472,7466.75,7469,3995
1784916600,7469.5,7470,7463.75,7465.25,4871
1784916900,7465,7465.75,7460.25,7461.25,5090
1784917200,7461,7461,7456.25,7457,7949
1784917500,7457,7457.75,7448.75,7449.5,9496
1784917800,7449.25,7450.75,7439.25,7440.5,11235
1784918100,7440.75,7445.25,7437,7441.25,15561
1784918400,7441.5,7441.5,7435.25,7437.75,8405
1784918700,7437.5,7446,7436.75,7441.75,8453
1784919000,7442,7444.25,7439.25,7440.75,4993
1784919300,7441,7446.25,7440.25,7443.25,5018
1784919600,7443.25,7448.5,7441.25,7442,7231
1784919900,7442,7445.75,7435,7435.5,7866
1784920200,7435.25,7441.75,7434,7435.5,7658
1784920500,7435.5,7437.5,7433.75,7437.25,6064
1784920800,7437.25,7439.75,7432,7433.5,7004
1784921100,7433.5,7437.75,7432.25,7435.75,5469
1784921400,7435.75,7443.25,7435.75,7440.25,8764
1784921700,7440.25,7445.75,7439,7440.25,10803
1784922000,7440.5,7442.75,7437,7442.25,6242
1784922300,7442,7443.75,7436.75,7443,6181
1784922600,7442.75,7445.25,7435.5,7444.25,11073
1784922900,7444,7450.5,7440,7448,16221
1784923200,7448,7449.25,7442.75,7444.25,7752
1784923500,7444,7444.75,7441.75,7443.75,2333
1784923800,7443.5,7446.5,7441.5,7444.75,2589
1784924100,7444.75,7448.5,7444.75,7447,1610
1784924400,7446.75,7450,7446.5,7446.75,1143
1784924700,7447,7448.25,7443.5,7443.75,1195
1784925000,7443.75,7444.5,7439.25,7440.75,2069
1784925300,7440.75,7443.5,7440.75,7441.75,956
1784925600,7441.75,7444.5,7440.75,7444.5,867
1784925900,7444.5,7445.75,7442.75,7443,1066
1784926200,7443,7445.5,7442,7445,1134
1784926500,7445,7447.25,7443,7444,1393
1785103200,7489,7509.75,7486.5,7496,9478
1785103500,7495.75,7499.5,7490.25,7492.75,3456
1785103800,7492.75,7494.5,7490,7494,2094
1785104100,7494.25,7497.25,7491.5,7495.75,2545
1785104400,7495.75,7496.75,7494.25,7495.25,1083
1785104700,7494.75,7495.5,7493,7494.75,1317
1785105000,7494.75,7496.5,7494,7496.25,1190
1785105300,7496.25,7498.5,7496,7496.5,1340
1785105600,7496.75,7497.5,7495,7495.5,1250
1785105900,7495.25,7495.5,7492.5,7493,1067
1785106200,7493.25,7495,7492.5,7493,650
1785106500,7493.25,7494.25,7490.75,7492,973
1785106800,7492,7494.75,7491.25,7494.75,1463
1785107100,7494.75,7498.5,7494,7498.25,1523
1785107400,7498.5,7499,7497.5,7498.5,763
1785107700,7498.75,7500,7498,7498.5,1251
1785108000,7498.25,7499.25,7497.25,7497.25,519
1785108300,7497.5,7499.75,7497.5,7498.75,542
1785108600,7498.5,7503,7498.5,7502.5,1480
1785108900,7502.5,7502.75,7501,7501.25,627
1785109200,7501.5,7505.5,7501,7504.5,1305
1785109500,7504.25,7509,7501.75,7508.5,2488
1785109800,7508.5,7511.25,7507.5,7508.25,2418
1785110100,7508.25,7512.25,7506.25,7510.75,2241
1785110400,7511,7512.25,7501.5,7501.75,4305
1785110700,7501.5,7506,7500.5,7504.5,2842
1785111000,7504.5,7510,7503,7509.25,2966
1785111300,7509,7509.25,7497,7498.5,4133
1785111600,7498.5,7500,7496.25,7499.25,2078
1785111900,7499,7502,7498,7500,2341
1785112200,7500,7502.25,7498.75,7500.75,1649
1785112500,7500.75,7501.25,7496,7496.5,1494
1785112800,7496.5,7496.75,7494.5,7494.75,1383
1785113100,7494.75,7497.25,7494.75,7495.75,1206
1785113400,7495.5,7499.5,7494,7495.75,1914
1785113700,7495.75,7495.75,7492.5,7492.75,1544
1785114000,7492.5,7496.75,7491.75,7492.25,1870
1785114300,7492,7496.5,7491.5,7494.5,1575
1785114600,7494.25,7494.5,7490,7491.25,1395
1785114900,7490.75,7492.75,7489,7489.25,1974
1785115200,7489.5,7491,7487,7490.25,1703
1785115500,7490.25,7490.5,7488,7490,1182
1785115800,7489.75,7496.5,7489.5,7494.25,2347
1785116100,7494.25,7498.25,7491.5,7497.5,2037
1785116400,7497.25,7499.5,7494.25,7495.75,1958
1785116700,7495.75,7498,7494,7497,1075
1785117000,7497.25,7497.25,7493.25,7495.75,1175
1785117300,7496,7498.25,7495.25,7498,824
1785117600,7498.25,7500,7496.75,7497.25,1736
1785117900,7497,7499.25,7495.75,7499,1040
1785118200,7499,7499.25,7496.5,7498.5,633
1785118500,7498.5,7501,7498,7500,1270
1785118800,7500.25,7501,7497.5,7499.75,1170
1785119100,7499.5,7502,7499.25,7500.25,952
1785119400,7500,7500.25,7496.75,7498,1063
1785119700,7498,7502,7497.25,7501.75,934
1785120000,7502,7502.5,7500.5,7501.5,600
1785120300,7501,7502.5,7498.5,7499,764
1785120600,7499.25,7500,7498,7499.25,666
1785120900,7498.75,7500.25,7498.5,7499.25,383
1785121200,7499.5,7502.75,7498.75,7499.5,1190
1785121500,7499.75,7501.75,7499.25,7499.75,423
1785121800,7500,7503,7499.25,7502.75,647
1785122100,7503,7503.5,7502,7503,651
1785122400,7503.25,7503.25,7501.25,7501.25,474
1785122700,7501.5,7502.75,7500.25,7500.75,442
1785123000,7501,7501,7498.25,7499.75,903
1785123300,7499.75,7500.25,7498.75,7499,275
1785123600,7499,7502.25,7498.75,7500.25,587
1785123900,7500.5,7501.25,7498.5,7498.75,510
1785124200,7499.25,7500.25,7498.5,7499.75,410
1785124500,7499.75,7501,7497.75,7499.5,658
1785124800,7499.75,7502,7499.75,7500.75,470
1785125100,7500.5,7501.5,7498.75,7500,328
1785125400,7500,7502,7499.5,7502,278
1785125700,7502,7503.5,7500.5,7502.75,767
1785126000,7502.75,7503.75,7501.75,7502,552
1785126300,7502,7503,7499.5,7501.5,646
1785126600,7501.5,7504,7500,7503.25,592
1785126900,7503.5,7504.5,7502.75,7503.75,497
1785127200,7503.75,7505.75,7503.5,7505.25,866
1785127500,7505.5,7505.75,7504.25,7504.5,394
1785127800,7504.25,7507,7504.25,7506.75,818
1785128100,7506.25,7507,7504.5,7504.5,358
1785128400,7504.75,7506.25,7504,7505.5,478
1785128700,7505.5,7507.75,7505.25,7507.5,632
1785129000,7507.5,7509.75,7507.5,7509,1036
1785129300,7508.75,7510.25,7508,7509,887
1785129600,7509.25,7510.25,7509.25,7509.75,401
1785129900,7509.75,7510.5,7508.75,7510.25,631
1785130200,7510.5,7511.75,7509.25,7510.75,932
1785130500,7511,7514.5,7510.5,7513.75,1849
1785130800,7514,7514.25,7511.25,7512.5,922
1785131100,7512.5,7513.5,7512.25,7513.25,483
1785131400,7513.75,7515,7512.75,7514.75,663
1785131700,7514.75,7515.5,7514,7514.5,1251
1785132000,7514.25,7518.5,7514.25,7516.75,2291
1785132300,7516.75,7519.5,7516.5,7519.25,1023
1785132600,7519.5,7520.25,7516.75,7517.5,1390
1785132900,7517.25,7518,7516.5,7517.75,610
1785133200,7518,7518,7514,7515,1284
1785133500,7514.75,7515.5,7513.25,7514.75,1093
1785133800,7514.75,7516.75,7514.5,7516,868
1785134100,7516,7516.75,7515,7515.25,609
1785134400,7515,7515.5,7512.75,7513.75,818
1785134700,7513.75,7514,7512.25,7513.5,448
1785135000,7513.25,7513.75,7510.75,7511,1135
1785135300,7511,7513.5,7510.5,7511.75,615
1785135600,7511.75,7516.5,7510.75,7516,1571
1785135900,7516,7516.5,7512.5,7514,1086
1785136200,7514,7517,7513,7517,929
1785136500,7517,7517.5,7515,7516.25,1017
1785136800,7516.5,7516.75,7515,7515,570
1785137100,7515.25,7515.5,7512.75,7512.75,822
1785137400,7512.75,7513,7510,7512,1259
1785137700,7512.25,7513,7508.5,7510,1094
1785138000,7509.5,7512,7509.25,7511.5,820
1785138300,7511.75,7512.5,7509.5,7512,1089
1785138600,7512.25,7512.25,7509,7510,1046
1785138900,7509.75,7511,7505.5,7505.75,1705
1785139200,7505.75,7510,7505.5,7508,1695
1785139500,7507.75,7511.5,7507.75,7510.5,1435
1785139800,7510.75,7512.25,7508.25,7512.25,1123
1785140100,7512,7513.5,7509.5,7512.5,994
1785140400,7512.5,7513.5,7511.75,7512.25,767
1785140700,7512.25,7515.5,7512.25,7515,974
1785141000,7515,7516.25,7514,7514.25,867
1785141300,7514,7516,7512.75,7515.75,690
1785141600,7515.75,7519.5,7515.5,7519,1480
1785141900,7519.25,7519.5,7517.25,7517.25,690
1785142200,7517.5,7520,7517.25,7520,691
1785142500,7519.5,7520.75,7518,7519.25,1733
1785142800,7519.25,7519.25,7516.5,7517.5,658
1785143100,7517.5,7518.25,7516.75,7517,592
1785143400,7516.75,7518.25,7516.25,7517,442
1785143700,7516.75,7517.5,7516.5,7516.75,326
1785144000,7517,7519.25,7516.75,7518.75,481
1785144300,7518.75,7520.25,7517.5,7517.75,1049
1785144600,7517.75,7519.25,7517,7519,758
1785144900,7518.75,7521,7518.25,7520.25,1117
1785145200,7520.5,7522.5,7519.75,7522,908
1785145500,7521.75,7524.5,7521.5,7523.5,1111
1785145800,7523.75,7523.75,7522.75,7523,508
1785146100,7523,7523.5,7521.75,7522.25,571
1785146400,7522.25,7523.5,7521.75,7522.25,518
1785146700,7522.5,7522.75,7521.25,7521.5,580
1785147000,7521.5,7521.5,7518.25,7520.75,1105
1785147300,7520.75,7522,7520,7521,520
1785147600,7521,7521.75,7519.75,7520,492
1785147900,7520,7522,7519.75,7520.75,412
1785148200,7521.25,7521.75,7520.5,7520.5,349
1785148500,7520.5,7521.5,7519.25,7521.25,565
1785148800,7521,7522.75,7520.25,7522.5,406
1785149100,7522.25,7523,7521.75,7522.75,428
1785149400,7522.75,7523,7522,7522.5,411
1785149700,7522.75,7524.5,7521.5,7522,736
1785150000,7521.75,7522,7518.5,7519.25,1139
1785150300,7519.25,7520,7518.25,7518.75,649
1785150600,7518.75,7519.75,7516.75,7517.5,971
1785150900,7517.5,7519.25,7516.25,7516.25,900
1785151200,7516.25,7517.5,7515.5,7515.75,997
1785151500,7516,7517,7508.25,7508.75,2872
1785151800,7509.25,7514.75,7508,7512.5,3224
1785152100,7512.5,7515.25,7512.25,7514.25,1083
1785152400,7514.5,7514.5,7509.25,7512.25,2481
1785152700,7512.25,7513,7511.25,7512.5,781
1785153000,7512.5,7513.25,7511.25,7511.5,807
1785153300,7511.25,7512.75,7511.25,7511.75,1028
1785153600,7511.75,7515.25,7511.75,7514.25,1573
1785153900,7514.5,7514.75,7512.5,7512.75,1103
1785154200,7512.75,7513,7504.5,7505.5,4322
1785154500,7505.25,7507.75,7505.25,7506.5,1514
1785154800,7506.25,7508.5,7505,7507,1346
1785155100,7507.25,7509.25,7506.5,7508.5,1076
1785155400,7508,7509.75,7506.25,7509.5,1492
1785155700,7509.75,7511.75,7509.25,7510.75,1551
1785156000,7510.75,7511.75,7509.25,7511.5,1120
1785156300,7511.5,7514.25,7511,7513.5,1654
1785156600,7513.75,7514.25,7510.75,7513.75,2933
1785156900,7513.5,7514.5,7511.5,7513.25,1509
1785157200,7513.5,7514.5,7510.25,7512.25,3157
1785157500,7512.25,7512.75,7509.75,7512.75,2366
1785157800,7512.5,7515.25,7511.75,7512.25,2238
1785158100,7512.5,7514,7508.5,7509,2933
1785158400,7509.25,7510.25,7508.5,7508.75,1708
1785158700,7509,7512,7507,7507.5,5320
1785159000,7507.75,7511,7498,7505.25,24877
1785159300,7505.25,7514.25,7504,7508.25,21581
1785159600,7508.5,7509.5,7492.75,7493.25,23521
1785159900,7493.5,7500,7490.25,7496.25,23898
1785160200,7496.5,7500,7491.75,7492.5,15751
1785160500,7492.5,7493,7473.75,7473.75,28795
1785160800,7474,7479.25,7469.75,7474.5,29859
1785161100,7474.5,7478.5,7470,7475.5,17553
1785161400,7475.5,7475.75,7462.5,7467.5,25631
1785161700,7467.75,7473.75,7463.25,7467.25,19673
1785162000,7467.25,7467.25,7454,7456,23699
1785162300,7456,7456.75,7439.5,7440.75,25746
1785162600,7440.75,7443.5,7435,7437.25,26591
1785162900,7437.25,7441.25,7428.75,7438.75,29432
1785163200,7438.75,7440.75,7422.75,7426,29844
1785163500,7426,7439.75,7426,7438,25355
1785163800,7438,7446.5,7437,7444,21517
1785164100,7443.75,7457.25,7441.75,7455.5,18742
1785164400,7455.75,7458.25,7451.25,7456,16874
1785164700,7455.75,7462,7450.5,7451,16033
1785165000,7451,7458,7449.25,7452.25,15201
1785165300,7452.25,7453.75,7437.5,7446.75,19847
1785165600,7446.5,7451.75,7438.25,7440,16545
1785165900,7440,7444,7436.75,7440.75,14101
1785166200,7441,7441.5,7431,7432.25,15087
1785166500,7432.25,7433.5,7421.25,7427.5,18027
1785166800,7427.5,7433.25,7424,7432.75,14107
1785167100,7432.5,7433.75,7424.75,7426.75,11028
1785167400,7427.25,7431.75,7425,7428.5,9286
1785167700,7428.5,7434.5,7427.75,7432.75,9682
1785168000,7433,7439.75,7432,7439.75,10542
1785168300,7439.5,7441.75,7435.25,7441,9448
1785168600,7441.25,7445,7431.75,7432.75,11201
1785168900,7432.75,7433.25,7426.75,7431.25,9507
1785169200,7431.25,7436.5,7428.75,7436,9181
1785169500,7435.75,7455.25,7435.25,7445.5,34454
1785169800,7445.5,7451.5,7442,7447.25,10226
1785170100,7447,7451.75,7442.25,7448,8136
1785170400,7448,7449.25,7438.5,7441.25,8144
1785170700,7441.5,7446.25,7438.75,7438.75,7212
1785171000,7439,7439,7427.5,7429.25,10729
1785171300,7429.25,7429.5,7424,7428.25,9746
1785171600,7428.25,7429,7418.75,7420,11666
1785171900,7420,7423.75,7418.5,7421.5,6970
1785172200,7421.5,7425.75,7419.75,7424.25,6209
1785172500,7424.25,7425.5,7416.25,7420.25,8235
1785172800,7420,7425.5,7418.75,7421.75,6439
1785173100,7422,7424.5,7419.5,7420,4552
1785173400,7420,7430,7419.5,7429.5,7148
1785173700,7429.5,7430.75,7423.25,7424.75,6695
1785174000,7424.5,7426.75,7422.5,7426,4666
1785174300,7426.25,7429.25,7423.5,7425.25,4489
1785174600,7425.25,7433.5,7424.5,7433,6239
1785174900,7433,7436.5,7430.5,7436.25,7131
1785175200,7436.25,7437.5,7433,7434,6698
1785175500,7434,7437.75,7432.5,7434.5,4801
1785175800,7434.75,7437.5,7434.25,7435.5,4573
1785176100,7435.5,7436.25,7428,7430,8987
1785176400,7430,7435,7428.75,7433.5,5433
1785176700,7433.75,7436,7432,7434.5,4339
1785177000,7434.5,7434.5,7426.5,7427,5489
1785177300,7426.75,7428.75,7424.75,7426,4584
1785177600,7425.75,7434,7424,7432.75,16252
1785177900,7432.5,7435.5,7431.25,7431.5,4807
1785178200,7431.5,7444.5,7431.5,7443.5,10748
1785178500,7443.5,7450.75,7443.25,7448.5,12406
1785178800,7448.75,7449.75,7443.25,7443.5,6719
1785179100,7443.5,7452,7442.5,7451,7812
1785179400,7451,7454,7447.25,7448.75,6357
1785179700,7448.75,7453,7448.75,7453,3387
1785180000,7453,7455.75,7451.25,7454.5,5303
1785180300,7454.5,7455.25,7451.25,7454.75,3363
1785180600,7454.5,7456.75,7452.5,7453.75,4933
1785180900,7453.5,7455,7447.5,7448,6335
1785181200,7448.25,7450.25,7446.5,7448,3770
1785181500,7448,7449.25,7444.5,7449,6047
1785181800,7449,7451.5,7444,7446.5,7959
1785182100,7446.5,7450,7443.5,7449.25,14118
1785182400,7449,7454.25,7448,7449,7296
1785182700,7449,7449.75,7445.25,7449,2387
1785183000,7449,7449.5,7444.75,7448.25,2147
1785183300,7448.5,7449.25,7447.5,7448.75,763
1785183600,7448.5,7448.75,7446,7447.25,777
1785183900,7447.5,7449,7447.5,7448.75,550
1785184200,7448.75,7453.25,7448,7453,1531
1785184500,7453,7456.5,7452.5,7454,1505
1785184800,7454,7454.25,7452.25,7452.75,749
1785185100,7452.75,7453.75,7451.25,7451.5,841
1785185400,7451.5,7453,7449.75,7451.5,1064
1785185700,7451.75,7453.5,7450.75,7453.25,653
1785189600,7453.25,7456.5,7450.5,7450.5,1447
1785189900,7450.5,7452,7448.5,7449.5,1036
1785190200,7449.5,7449.75,7446.75,7447,862
1785190500,7447.25,7448.75,7446.25,7447.5,744
1785190800,7447.75,7448.5,7446.25,7446.75,601
1785191100,7446.75,7447,7444,7444.75,1227
1785191400,7444.75,7448.25,7444.75,7447.25,791
1785191700,7447.5,7448.5,7446,7447,657
1785192000,7447.25,7447.25,7444.75,7445.5,716
1785192300,7445.25,7446.25,7444.5,7445.5,679
1785192600,7445.5,7447.25,7445,7445.25,410
1785192900,7445.25,7445.5,7444,7444.5,465
1785193200,7444.75,7444.75,7440,7441.25,1735
1785193500,7441.25,7447.25,7441,7444.5,1926
1785193800,7444.25,7445.25,7443.25,7443.5,697
1785194100,7443.5,7446.25,7441.75,7445.5,1073
1785194400,7445.5,7447.75,7444.25,7446.25,868
1785194700,7446,7449.5,7445.75,7448.75,758
1785195000,7448.5,7448.75,7447,7447.5,605
1785195300,7447.5,7448.25,7445.25,7446,563
1785195600,7446.25,7446.5,7444.75,7445.25,417
1785195900,7445.5,7446.5,7441.75,7443,1391
1785196200,7443,7450,7441.75,7449,1701
1785196500,7449,7450.25,7446.75,7447.75,866
1785196800,7448.25,7452,7445.75,7450.25,2903
1785197100,7450.25,7450.5,7441.25,7444.25,2441
1785197400,7444.25,7445,7438.25,7441.5,2476
1785197700,7441.5,7444.25,7439.5,7441,1558
1785198000,7441.5,7442.5,7436.25,7438.5,2081
1785198300,7438.5,7440.75,7436.25,7440.5,1527
1785198600,7440.5,7443,7434.25,7442,3051
1785198900,7442,7445,7441,7442.75,1710
1785199200,7442.75,7445.25,7441.75,7443.25,892
1785199500,7443.25,7443.25,7437.75,7438.75,1664
1785199800,7439,7439.5,7437.5,7438,724
1785200100,7438,7439.5,7435.5,7437.5,1164
1785200400,7437.5,7438.75,7434,7434.25,2587
1785200700,7434,7434.75,7428.25,7430,2529
1785201000,7429.75,7430.5,7425,7427.75,2390
1785201300,7427.75,7430,7426.25,7429.5,1535
1785201600,7429.75,7432.75,7428.25,7431,1974
1785201900,7431.25,7441,7429.75,7438,3085
1785202200,7438,7442.75,7437,7442.25,1773
1785202500,7442.5,7443.5,7438.5,7439.25,1499
1785202800,7439.5,7441.75,7436.5,7441,1139
1785203100,7441,7443.75,7439.5,7442,1119
1785203400,7441.75,7442,7433.5,7434.25,2024
1785203700,7434.25,7435.25,7432.25,7434.5,1158
1785204000,7434.5,7435.25,7431,7431.5,1247
1785204300,7431.5,7433,7430.5,7431.5,1104
1785204600,7431.25,7432.25,7429,7430.5,777
1785204900,7430.5,7433.5,7428,7433.25,1283
1785205200,7433.25,7435.75,7432.5,7434.25,1276
1785205500,7434.5,7434.5,7429.25,7430,987
1785205800,7430,7431,7427,7429,1221
1785206100,7429,7431.25,7427.5,7430,821
1785206400,7430,7430.25,7426.75,7428,788
1785206700,7428.25,7429.5,7426.75,7428.75,1036
1785207000,7428.75,7433.25,7427,7430.75,1327
1785207300,7430.75,7431.25,7428.75,7430.5,490
1785207600,7430.75,7431,7426.25,7427.75,1008
1785207900,7427.5,7428.25,7425.25,7426,822
1785208200,7425.75,7429.25,7424,7428.75,1748
1785208500,7428.5,7435.75,7427.5,7435.5,1571
1785208800,7435.5,7438,7435.25,7436.75,1444
1785209100,7436.25,7437.75,7429,7429.5,1501
1785209400,7429.5,7435.75,7425.75,7435.25,2496
1785209700,7435.25,7439,7433.25,7438.25,1398
1785210000,7438.5,7441.75,7437.25,7440.5,1803
1785210300,7440.5,7442,7438,7441.25,1148
1785210600,7441.5,7442,7438,7440,913
1785210900,7440,7441,7437.5,7440,636
1785211200,7440.25,7440.25,7437.75,7438,837
1785211500,7438.25,7438.25,7434.5,7434.5,1283
1785211800,7434.5,7435,7430,7431,1034
1785212100,7431,7434.75,7429.75,7434.75,1281
1785212400,7434.75,7435.5,7429.75,7430.5,858
1785212700,7430.5,7431.75,7429.75,7430,465
1785213000,7430.5,7431,7429,7430.25,722
1785213300,7430.25,7431.5,7428.75,7430.5,469
1785213600,7430.5,7432,7429.25,7430.75,532
1785213900,7430.5,7434.75,7430.25,7431.25,1290
1785214200,7431.25,7431.5,7428.25,7429.25,691
1785214500,7429,7430.25,7426.25,7427.25,794
1785214800,7427.5,7431.5,7426,7430.75,1255
1785215100,7430.25,7430.5,7427.25,7430.25,693
1785215400,7430.25,7430.25,7426.5,7427.25,531
1785215700,7427,7429,7426.75,7426.75,401
1785216000,7426.75,7427.75,7425,7426.75,779
1785216300,7426,7426.25,7423.75,7424.75,1082
1785216600,7425,7425.25,7419.75,7420.25,2352
1785216900,7420.5,7424.25,7419,7422.75,1618
1785217200,7422.5,7422.5,7419.75,7422.25,745
1785217500,7422,7423.75,7421.5,7422.75,790
1785217800,7422.75,7425.5,7421.75,7423.5,853
1785218100,7423.5,7424.25,7419.5,7420.75,646
1785218400,7421,7424.5,7419.75,7420,1308
1785218700,7420,7423.5,7419.25,7421.5,1137
1785219000,7421.75,7424,7420,7423,952
1785219300,7423,7426.75,7422.75,7425,1135
1785219600,7424.5,7426.5,7420.25,7423.5,2609
1785219900,7423.5,7426,7422.25,7425.5,1415
1785220200,7425.25,7426.25,7423.75,7425.5,957
1785220500,7425.5,7428.75,7424.75,7427.25,1198
1785220800,7427.25,7429.25,7427,7427,858
1785221100,7427.25,7427.25,7424.5,7425.5,870
1785221400,7425.5,7427.5,7425,7427.5,392
1785221700,7427.5,7431,7426.75,7429.75,1207
1785222000,7430,7433.75,7429.5,7430.75,2188
1785222300,7430.75,7436.5,7429,7435,1559
1785222600,7435.25,7437,7433.75,7435.75,1258
1785222900,7435.75,7438.75,7435.5,7436.25,1042
1785223200,7436.5,7437.75,7435,7435,673
1785223500,7435.25,7437,7434,7435.25,1160
1785223800,7435,7436.25,7434,7435.5,761
1785224100,7436,7437,7433,7436.5,806
1785224400,7436.5,7437.5,7434,7434.75,757
1785224700,7434.25,7434.75,7429.25,7431.25,1262
1785225000,7431.25,7436.75,7430.5,7435.5,1290
1785225300,7435.75,7436.5,7432.25,7433.25,653
1785225600,7433.5,7436.5,7429.25,7434.25,2054
1785225900,7434.5,7436.25,7429,7429.75,1449
1785226200,7429.5,7429.75,7425.5,7426.25,1674
1785226500,7426.25,7438,7425.5,7436.75,2838
1785226800,7436.25,7444.5,7436.25,7443.25,3273
1785227100,7443,7443.25,7439.5,7442.75,1452
1785227400,7442.75,7443.25,7438.5,7443,1555
1785227700,7442.75,7445,7440.25,7443,1412
1785228000,7443,7446.75,7442.75,7444.5,1689
1785228300,7444.5,7448.5,7443.5,7445.75,1535
1785228600,7445.75,7449.25,7442.5,7442.5,1147
1785228900,7442.5,7442.75,7440.25,7441.75,1147
1785229200,7441.75,7443.5,7440.25,7442,1040
1785229500,7441.5,7444.25,7441.25,7443,589
1785229800,7443,7445.25,7441,7441.5,1021
1785230100,7441.75,7444.25,7441.5,7443.75,653
1785230400,7444,7444.75,7443.25,7444,608
1785230700,7444,7445.75,7443,7445.5,593
1785231000,7445.5,7445.5,7442.5,7443.25,653
1785231300,7443.5,7443.5,7441.25,7442.5,823
1785231600,7442.75,7444.75,7441.25,7442.25,457
1785231900,7442.25,7443.5,7441.5,7443.5,607
1785232200,7443.5,7444.75,7441.5,7442,414
1785232500,7442,7442.5,7438,7439.75,909
1785232800,7439.5,7441.25,7438.25,7440.75,814
1785233100,7440.75,7440.75,7437.75,7439.5,618
1785233400,7439.5,7441.25,7437.75,7439,534
1785233700,7439.25,7442.25,7438.5,7442,729
1785234000,7442,7442.25,7437.25,7439,847
1785234300,7439.25,7442.5,7436.75,7442.5,833
1785234600,7442.5,7444.25,7438.5,7439.75,2466
1785234900,7439.5,7440.5,7435.5,7436.25,3454
1785235200,7436.25,7437,7433.75,7436.75,2122
1785235500,7437,7441.25,7436.25,7438.75,1549
1785235800,7438.75,7441.75,7437.75,7441.75,1102
1785236100,7441.5,7442.25,7439.75,7442,1765
1785236400,7442.25,7446.5,7438.25,7439,3742
1785236700,7438.75,7441.5,7436.75,7437.5,2157
1785237000,7437.5,7437.75,7432.5,7433.5,2143
1785237300,7433.5,7449,7433.25,7446.75,6699
1785237600,7446.75,7448,7442.5,7442.75,2343
1785237900,7442.5,7442.75,7437.75,7438.25,2213
1785238200,7438,7440.25,7435.5,7438,1947
1785238500,7438,7450,7437.25,7437.75,4207
1785238800,7437.5,7438.75,7433,7437.5,3442
1785239100,7437.5,7446.5,7437,7443.25,2523
1785239400,7443.25,7446,7441.5,7444.25,1891
1785239700,7444.25,7452.5,7444.25,7451,3472
1785240000,7451,7454,7449,7452.5,2651
1785240300,7452.75,7455,7451.5,7453,2268
1785240600,7452.75,7453.25,7448.5,7450.5,1493
1785240900,7450.75,7451.25,7448.5,7451,1481
1785241200,7451,7454,7449.5,7453.25,1895
1785241500,7453.25,7458,7452.25,7457.25,3386
1785241800,7457.25,7460,7451.5,7454.25,4865
1785242100,7454,7458,7453.25,7454,2675
1785242400,7453.75,7460.5,7452.25,7459.25,3432
1785242700,7459.5,7464,7458.75,7460.5,3738
1785243000,7460.5,7461,7455.25,7459,2720
1785243300,7459,7460,7456,7456.5,2218
1785243600,7456.75,7457,7452.75,7454,3736
1785243900,7454,7459.25,7453.5,7458.25,2263
1785244200,7458.25,7458.5,7455.25,7456,2011
1785244500,7456.25,7462.5,7455.75,7459.5,3039
1785244800,7459.5,7461.25,7457,7459.25,2162
1785245100,7459,7459,7449,7449.75,7972
1785245400,7449.75,7452.5,7437.75,7439.5,31396
1785245700,7439.25,7448.5,7435.25,7435.5,24267
1785246000,7435.75,7441.25,7423.25,7428.25,26412
1785246300,7428,7433.5,7417,7433,31869
1785246600,7433,7439.25,7424.75,7428,34047
1785246900,7427.75,7430.25,7418.75,7421.75,17955
1785247200,7421.75,7434.5,7421,7429.75,17965
1785247500,7429.75,7439.5,7425.75,7427.75,23871
1785247800,7427.75,7435.5,7420,7423.25,22203
1785248100,7423.75,7429,7421.5,7423.5,19882
1785248400,7423.25,7436.5,7421,7430.25,25472
1785248700,7430.5,7435,7428.25,7434.75,16593
1785249000,7434.75,7437.75,7429.25,7430,17720
1785249300,7429.75,7445.25,7428.75,7432.75,24622
1785249600,7432.5,7443.5,7431.25,7440,17141
1785249900,7439.75,7451.75,7436,7450.5,19450
1785250200,7450.25,7455.5,7448.75,7451.75,16485
1785250500,7452,7455.75,7443,7444.25,14207
1785250800,7444,7449.5,7438.75,7439,14774
1785251100,7438.75,7446,7437.5,7445.5,14606
1785251400,7445.5,7455,7441.75,7451.5,26327
1785251700,7451.5,7463.5,7449.25,7463.5,23061
1785252000,7463.25,7471.5,7463,7471.25,18204
1785252300,7471.25,7476.75,7468,7469.25,17977
1785252600,7469.25,7472.5,7467.25,7469.75,10682
1785252900,7470,7476.25,7469.75,7473.75,9092
1785253200,7473.75,7478.5,7471.5,7478.25,7521
1785253500,7478.25,7482.25,7477,7480.75,10090
1785253800,7480.75,7482,7475,7478,12147
1785254100,7478.25,7481.5,7475.5,7479.5,7083
1785254400,7479.75,7481,7476.75,7477.75,6182
1785254700,7477.75,7479.5,7473.25,7473.25,8127
1785255000,7473.25,7476,7472.25,7473.75,7315
1785255300,7474,7477,7470.75,7476.75,7573
1785255600,7476.5,7478.75,7470.5,7472.5,8744
1785255900,7472.5,7473.75,7469.5,7469.75,4538
1785256200,7469.75,7471.75,7466.75,7468.75,9754
1785256500,7468.75,7475.5,7468.5,7475.5,6244
1785256800,7475.5,7479.25,7474.5,7477,7776
1785257100,7477.25,7478.5,7471.5,7475.5,7479
1785257400,7475.25,7484.5,7475.25,7483.75,9283
1785257700,7484,7485.75,7482.5,7484,5771
1785258000,7484,7485.75,7478.5,7479.25,6491
1785258300,7479.5,7481.25,7472,7472.75,9945
1785258600,7472.75,7476,7469.5,7471,10018
1785258900,7471,7472.75,7468.25,7470.75,6367
1785259200,7470.75,7479.5,7469.5,7470.75,14467
1785259500,7471,7474.75,7468.75,7470.75,6367
1785259800,7470.75,7476.25,7468.5,7474.75,6922
1785260100,7474.75,7477,7471,7471.5,4450
1785260400,7471.5,7473.5,7464,7465.75,8325
1785260700,7465.5,7471.75,7463.75,7470.5,8211
1785261000,7470.25,7470.5,7464.25,7465.25,5409
1785261300,7465.25,7469.75,7462.5,7469.5,6662
1785261600,7469.75,7473,7467.75,7470,7513
1785261900,7470,7470.75,7465.25,7466.5,4145
1785262200,7466.5,7467.25,7462,7462.25,6048
1785262500,7462.25,7466.25,7462,7465.25,5708
1785262800,7465.25,7467.5,7462.75,7463.25,4652
1785263100,7463.25,7464.75,7462,7463.75,4007
1785263400,7464,7468.5,7462.75,7467.25,6056
1785263700,7467.25,7469.25,7465,7466,4435
1785264000,7466,7466.5,7463.5,7465.75,4254
1785264300,7465.5,7472.25,7464.75,7470.5,6295
1785264600,7470.25,7473,7469.25,7470.25,4315
1785264900,7470.25,7474,7468.5,7472.25,4739
1785265200,7472.25,7477.5,7472.25,7477,6375
1785265500,7476.75,7477.75,7471.75,7472,6846
1785265800,7472,7474.5,7471.25,7472.75,4148
1785266100,7472.5,7475.25,7470.75,7474.25,5939
1785266400,7474.25,7476.5,7473.25,7476.25,3618
1785266700,7476.25,7476.5,7471.5,7475.25,4933
1785267000,7475.25,7475.25,7472.5,7473.25,4920
1785267300,7473.25,7473.75,7467.25,7468,6657
1785267600,7468.25,7471.25,7467.75,7471,4584
1785267900,7471.25,7471.5,7467,7469.25,4621
1785268200,7469.25,7474.75,7466.5,7474.25,10339
1785268500,7474.25,7474.25,7462.5,7466.25,18450
1785268800,7466,7467.5,7462,7464,6024
1785269100,7464,7469.5,7458.5,7463.25,5830
1785269400,7463,7468.75,7462.75,7466.75,2284
1785269700,7467,7468.25,7464,7468,1305
1785270000,7468.25,7468.5,7466,7467.75,638
1785270300,7468,7474,7467.75,7472.25,1992
1785270600,7472.25,7473.25,7471,7471.75,1232
1785270900,7471.75,7473,7465.75,7466.75,2228
1785271200,7467,7467.75,7466,7467.5,759
1785271500,7467.5,7469.25,7466.5,7468.5,988
1785271800,7468.25,7468.25,7466,7468.25,1279
1785272100,7468,7469.25,7467.5,7467.75,653
1785276000,7465.25,7471.5,7464,7471.25,1492
1785276300,7471.5,7473.5,7471.5,7473,1036
1785276600,7472.75,7474.25,7465.25,7467,1735
1785276900,7467,7468.25,7461.75,7463.5,1555
1785277200,7463,7464.25,7459.25,7460,1316
1785277500,7460,7462.75,7457.5,7461.75,2092
1785277800,7461.5,7463,7454.75,7455.5,2165
1785278100,7455.75,7459.25,7450.75,7451.5,2382
1785278400,7451.75,7455.25,7451.25,7453.25,1469
1785278700,7453.25,7454,7450.75,7453,2218
1785279000,7452.75,7457,7450.25,7454,2581
1785279300,7454.25,7456.75,7451.75,7451.75,2418
1785279600,7452,7456.25,7449.25,7456,2815
1785279900,7456,7459.25,7452.25,7453,3286
1785280200,7453,7465.75,7451.75,7463.5,3831
1785280500,7463.5,7464.75,7459.75,7461.25,2459
1785280800,7461,7469.25,7459.5,7468.5,2607
1785281100,7468.75,7470.75,7467.25,7468.75,2006
1785281400,7468.5,7470.75,7467.5,7469.25,1134
1785281700,7469.25,7470,7467.75,7468,977
1785282000,7468,7484,7467.5,7483,3742
1785282300,7482.5,7489.25,7479.75,7488.5,5666
1785282600,7488.5,7495,7487.75,7491.75,4819
1785282900,7491.5,7495,7488.75,7494.75,2605
1785283200,7494.75,7498.75,7490.25,7495.5,5202
1785283500,7495.5,7499.25,7494.25,7494.25,2558
1785283800,7494.25,7496.75,7493.25,7494.25,2021
1785284100,7494.25,7496.25,7491,7494.75,2275
1785284400,7495,7501,7492.25,7493.75,3819
1785284700,7493.75,7494,7490.75,7493,1861
1785285000,7492.75,7494.25,7487.75,7489,2555
1785285300,7489,7495.25,7488.75,7493.25,2439
1785285600,7493.5,7494.25,7489.75,7492.75,1425
1785285900,7492.75,7494.5,7489.75,7490,1414
1785286200,7490,7492.75,7488.75,7492.25,1259
1785286500,7492.25,7492.25,7485.25,7486.5,1821
1785286800,7486.75,7489,7485,7486,1833
1785287100,7486.25,7486.5,7479,7479.75,3310
1785287400,7479.5,7479.5,7471.5,7472.5,4651
1785287700,7472.5,7474.5,7468.75,7472.5,3780
1785288000,7472.75,7481,7472.75,7480,3260
1785288300,7480.25,7481.25,7478,7478.25,1719
1785288600,7478,7479,7473.25,7476.25,2800
1785288900,7476.25,7476.75,7472.75,7473.75,1293
1785289200,7473.75,7473.75,7467,7467.5,3017
1785289500,7467.25,7468.75,7463.5,7464.25,2810
1785289800,7464.5,7465.25,7458.5,7459.75,3557
1785290100,7459.75,7460.25,7455,7455.25,2837
1785290400,7455.25,7459,7453,7457.25,4033
1785290700,7457,7462.75,7456.25,7461.75,2918
1785291000,7461.5,7465.25,7461.25,7463,2290
1785291300,7462.75,7463.5,7458,7459.5,1940
1785291600,7459.75,7466,7458.5,7462.5,2378
1785291900,7462.25,7466.5,7461.5,7466.5,1367
1785292200,7466.25,7468.5,7463.75,7465.75,2164
1785292500,7465.5,7467.5,7463.25,7467.5,1529
1785292800,7467.5,7469,7465.5,7466.5,1283
1785293100,7466.25,7466.75,7463.25,7463.75,980
1785293400,7463.5,7465.75,7462,7463.25,1247
1785293700,7463.75,7464.25,7461,7463.25,1181
1785294000,7463.25,7463.5,7457.5,7458.5,1802
1785294300,7458.5,7467.5,7458,7467,1913
1785294600,7466.75,7468,7460,7460.75,1618
1785294900,7461,7461.75,7458.75,7459.5,1074
1785295200,7459.25,7462.25,7457.5,7458.25,981
1785295500,7458.25,7458.5,7455.5,7455.5,1389
1785295800,7455.5,7456.5,7451.25,7456.25,2894
1785296100,7456.25,7457.75,7453.5,7453.5,1551
1785296400,7453.75,7455,7451.75,7455,1443
1785296700,7454.75,7456.75,7452.75,7452.75,1038
1785297000,7452.75,7453,7446.5,7447.5,3176
1785297300,7447.75,7448.25,7445,7447.5,1577
1785297600,7447.75,7448.5,7443.5,7445.75,1817
1785297900,7445.75,7448.25,7444,7447.75,1275
1785298200,7448,7448,7443.75,7445,1352
1785298500,7445,7445.75,7442.25,7445.75,1974
1785298800,7445.75,7447.25,7443,7446.75,1623
1785299100,7446.75,7448.25,7443.5,7445,1406
1785299400,7444.75,7446.5,7442,7443.5,1092
1785299700,7443.25,7447,7442.5,7444.25,1324
1785300000,7444.75,7444.75,7439.75,7440,1715
1785300300,7440.25,7443.5,7438.25,7441.75,1803
1785300600,7441.75,7448.5,7441.75,7447.75,2089
1785300900,7447.5,7450.75,7447,7450.75,1723
1785301200,7450.75,7454.5,7448.5,7452.5,1986
1785301500,7452.5,7458.75,7450,7457,2736
1785301800,7457.25,7461,7456.25,7461,1820
1785302100,7460.75,7461,7455.25,7456.5,1536
1785302400,7456.25,7459.5,7454.75,7459.5,950
1785302700,7459.25,7461.5,7458.25,7459.75,1165
1785303000,7460,7460.75,7456.75,7460.75,1138
1785303300,7460.5,7462.5,7460.25,7462,1282
1785303600,7461.75,7462.75,7458.75,7461,1178
1785303900,7461,7462,7458.75,7460.25,821
1785304200,7460,7461.25,7458.25,7461,1013
1785304500,7461,7461.25,7456.25,7457.5,971
1785304800,7457.5,7458.5,7452.5,7452.75,1629
1785305100,7452.75,7453.75,7451.25,7452.5,1246
1785305400,7452.75,7455.75,7452,7455,984
1785305700,7455,7458.75,7454.75,7457,1281
1785306000,7456.75,7458.25,7454,7457,1196
1785306300,7456.75,7461.25,7456.75,7461,1486
1785306600,7460.75,7468.75,7460.75,7467.75,3322
1785306900,7468,7472.75,7467.25,7471.5,2297
1785307200,7471.5,7474.5,7471.25,7473.5,1337
1785307500,7473.5,7477,7471.75,7476.5,1613
1785307800,7476.5,7479,7476.25,7478.25,1370
1785308100,7478.25,7479.75,7478,7478.5,878
1785308400,7478.75,7481.25,7474.75,7477,2785
1785308700,7477.25,7480.75,7476.5,7480.5,1407
1785309000,7480.75,7483.5,7478.75,7479.25,1843
1785309300,7479.75,7482.75,7478.25,7479.25,1221
1785309600,7479.25,7480.75,7477,7477.5,1095
1785309900,7477.25,7482.25,7476.75,7482,1143
1785310200,7482.5,7484.25,7479.75,7480.75,1335
1785310500,7481,7485,7480.25,7482.5,1136
1785310800,7482.5,7484.75,7482,7482.5,665
1785311100,7482.75,7482.75,7479.75,7480.5,1328
1785311400,7480,7481.25,7478.25,7478.75,943
1785311700,7478.5,7483.25,7478.25,7481.5,876
1785312000,7481.25,7482,7479,7479.75,1929
1785312300,7479.5,7481.75,7477.25,7478.75,1311
1785312600,7478.75,7481,7474.5,7474.75,1590
1785312900,7474.75,7477.5,7474,7475,1367
1785313200,7475,7476,7470.75,7471.5,1517
1785313500,7471.5,7471.75,7469,7471.25,1772
1785313800,7471.25,7480.75,7470,7479.25,2168
1785314100,7479,7480.5,7477.5,7478.25,1336
1785314400,7478.5,7483.25,7477.25,7482.25,1225
1785314700,7482.5,7485,7481.5,7484.5,1751
1785315000,7484.5,7486,7480,7481.25,1351
1785315300,7481.25,7482.25,7479.25,7480.75,688
1785315600,7480.75,7483.75,7479.5,7482,981
1785315900,7482,7483.5,7479.25,7481.5,1338
1785316200,7481.25,7482.75,7479.75,7482.5,1039
1785316500,7482.5,7482.75,7479.5,7480.75,978
1785316800,7480.5,7482.5,7479,7480.5,1104
1785317100,7480.5,7482.5,7478.75,7480,877
1785317400,7480,7480.75,7477.5,7479.25,919
1785317700,7479,7483,7478.5,7480,951
1785318000,7480.25,7484.25,7480,7482.75,990
1785318300,7483,7487,7483,7486.5,1269
1785318600,7486.75,7492,7486.5,7487.75,2122
1785318900,7487.75,7487.75,7482.75,7485.75,2119
1785319200,7485.75,7487.5,7484,7486.25,1020
1785319500,7486.25,7488.5,7481.5,7484.5,2385
1785319800,7484.5,7486.5,7482.25,7483.5,1072
1785320100,7483.75,7486,7482.5,7484,889
1785320400,7484,7484.5,7482.75,7483,819
1785320700,7482.75,7484.75,7480.75,7484.5,926
1785321000,7484.5,7486,7481,7481.25,917
1785321300,7481.25,7481.5,7477.25,7478.25,1503
1785321600,7478.5,7481.75,7477.75,7480.5,1021
1785321900,7480.5,7481.25,7478.75,7480.25,958
1785322200,7480.25,7481.5,7476,7477.25,1153
1785322500,7476.75,7478.75,7476,7477.5,961
1785322800,7477.5,7481.5,7477,7479.5,2038
1785323100,7479.75,7483.5,7476,7483,1492
1785323400,7482.75,7484,7480.5,7481.5,1045
1785323700,7481.25,7484.25,7480,7482.5,1231
1785324000,7482.75,7484.75,7481.75,7481.75,928
1785324300,7481.75,7484.5,7481.5,7481.75,980
1785324600,7481.75,7483,7478.5,7479.5,1226
1785324900,7478.75,7479.5,7476.75,7477.5,1119
1785325200,7477.5,7479.75,7477,7477.75,789
1785325500,7478,7482.75,7477,7480.75,2782
1785325800,7480.5,7481.25,7477,7477,1187
1785326100,7477.25,7481,7476.75,7481,1098
1785326400,7480.75,7481,7477,7478,1088
1785326700,7478,7481.5,7473.75,7474.75,2227
1785327000,7474.75,7477,7470.5,7472,2884
1785327300,7471.75,7472.75,7456.5,7461,13159
1785327600,7461,7463.25,7456.75,7458.25,4862
1785327900,7458.25,7464.25,7457.75,7459,2803
1785328200,7458.75,7462.5,7455.25,7462.25,3156
1785328500,7462.5,7463,7459.75,7462.5,2024
1785328800,7462.5,7466.5,7461,7466.25,2149
1785329100,7466,7467,7464,7466.25,1509
1785329400,7466.25,7467,7462.75,7464.5,1620
1785329700,7464.5,7466,7462.25,7463.25,1638
1785330000,7463.25,7464.25,7456,7456.75,3766
1785330300,7456.75,7458.5,7455.5,7458,3159
1785330600,7458,7459,7453.75,7454.5,3466
1785330900,7454.5,7457,7451.75,7454,3766
1785331200,7453.5,7461.25,7452,7461,5800
1785331500,7460.5,7464.75,7456,7456.5,8388
1785331800,7456.5,7461,7444.25,7457.25,33273
1785332100,7457,7459.75,7448.25,7455.75,20140
1785332400,7456,7457.75,7450,7453.25,16377
1785332700,7453.5,7459.25,7445.25,7448.5,20509
1785333000,7448.5,7448.75,7430.25,7434.25,28296
1785333300,7434,7434,7422,7430,27322
1785333600,7430,7437,7429.25,7434,24918
1785333900,7434,7439.5,7423.25,7424,21973
1785334200,7423.75,7426.75,7406,7410,31142
1785334500,7410.25,7418.75,7409.25,7414.75,24682
1785334800,7414.75,7420.5,7408.75,7410.75,19693
1785335100,7410.75,7411,7398.25,7404.75,26367
1785335400,7404.75,7414.5,7403.75,7409,17834
1785335700,7408.75,7410.5,7402.25,7403.75,14825
1785336000,7403.75,7404,7393.25,7398,21379
1785336300,7397.75,7403.75,7394.5,7400.25,15336
1785336600,7400.25,7409.25,7398,7406.25,19641
1785336900,7406,7407.25,7398.25,7403.75,11352
1785337200,7404,7411.5,7399.75,7409.25,14922
1785337500,7409,7412,7402.25,7411.75,12451
1785337800,7411.75,7412.5,7400.75,7402.25,11452
1785338100,7402.25,7410.75,7401,7401.5,9990
1785338400,7401.5,7406.5,7399.5,7406,10149
1785338700,7405.75,7407.75,7399,7400,9682
1785339000,7400.25,7406,7398.5,7401.5,10487
1785339300,7401.75,7405.5,7395.5,7395.75,9202
1785339600,7395.75,7400,7393,7395.75,9010
1785339900,7395.5,7400.5,7393.5,7400,8878
1785340200,7400,7401.25,7390.25,7390.25,10552
1785340500,7390.5,7394.5,7385.75,7393,13205
1785340800,7393.25,7396,7382.75,7383.75,11835
1785341100,7383.75,7384.5,7377.25,7382.25,14191
1785341400,7382.5,7383.25,7375.5,7375.5,7100
1785341700,7375.75,7379,7373,7377.5,9690
1785342000,7377.75,7391.75,7376.25,7389,13876
1785342300,7389,7394.75,7388.25,7394,8434
1785342600,7394,7398.75,7389.5,7389.75,11646
1785342900,7389.5,7392.25,7385.25,7391.5,9526
1785343200,7391.25,7392.75,7384.25,7388,7524
1785343500,7387.75,7395.25,7385.75,7395,7825
1785343800,7394.75,7400.75,7392.5,7398.25,10815
1785344100,7398.25,7404.5,7396.5,7404,10297
1785344400,7404.25,7415.75,7402.75,7414.25,14349
1785344700,7414.5,7414.75,7408.75,7409.5,10369
1785345000,7409.75,7422,7408.75,7421.75,11337
1785345300,7421.75,7424.5,7418.5,7423.25,8766
1785345600,7423,7428.5,7418.75,7419.25,12007
1785345900,7419.25,7420.5,7413,7413,9193
1785346200,7413,7419.5,7408.5,7414.25,11616
1785346500,7414,7415.5,7409,7412,6699
1785346800,7412,7415,7409.25,7413.5,6144
1785347100,7413.5,7416.25,7409.25,7415.75,5453
1785347400,7415.5,7420,7415.25,7417.75,4860
1785347700,7417.5,7420.25,7411.5,7420.25,4588
1785348000,7420.25,7451.25,7398,7437.25,31381
1785348300,7437,7446.5,7431.75,7436.25,17357
1785348600,7436.25,7439.5,7424.75,7429.5,13482
1785348900,7429.75,7438.25,7423.5,7425.5,11454
1785349200,7425.5,7426.75,7418.25,7422,12170
1785349500,7421.75,7428.75,7419.25,7428.5,10439
1785349800,7428.5,7436.25,7414.75,7424.25,21222
1785350100,7424,7448,7418,7444,18558
1785350400,7444.25,7465.5,7443.5,7463.5,22850
1785350700,7463,7477,7460.5,7475,20546
1785351000,7475,7482.5,7468.25,7481.75,15252
1785351300,7482,7482.5,7471,7475.5,12803
1785351600,7475.25,7482,7456.5,7460.75,19213
1785351900,7460.75,7461.5,7439,7439,20492
1785352200,7439,7447.5,7434.25,7443.5,20170
1785352500,7443.5,7452.25,7427.75,7430.25,18991
1785352800,7430.25,7431,7407.25,7407.75,24924
1785353100,7407.5,7411.25,7396.25,7405.5,21061
1785353400,7405.5,7411,7380.25,7389.75,23906
1785353700,7389.5,7394.25,7368.75,7369.5,23954
1785354000,7369.5,7376.25,7362.25,7366.75,24066
1785354300,7366.5,7375,7358,7372.75,22399
1785354600,7373,7373,7356.25,7363.5,21222
1785354900,7363.5,7363.5,7346,7350.25,30051
1785355200,7350,7356,7331,7339.5,13079
1785355500,7339.5,7347.5,7329.25,7330.5,6924
1785355800,7330.5,7344.5,7326.5,7336.75,8825
1785356100,7336.75,7343.5,7331.25,7334.25,3836
1785356400,7334,7338.75,7330.75,7332.5,1981
1785356700,7332.5,7335.5,7323.25,7331,3531
1785357000,7331.5,7339.5,7324.25,7338.75,3471
1785357300,7338.25,7346,7336.5,7345.5,2541
1785357600,7345.75,7346.25,7337.75,7341,2097
1785357900,7340.75,7343.5,7336.25,7336.25,1354
1785358200,7336.25,7342.25,7334.75,7342.25,1402
1785358500,7342.75,7343.75,7335,7335.25,2031
1785362400,7335.5,7354,7330.75,7353.25,5546
1785362700,7352.75,7367,7352.5,7366.75,4594
1785363000,7366.5,7374.25,7365.75,7369,5574
1785363300,7369.25,7376,7367.75,7375.25,3173
1785363600,7375.25,7375.75,7369.75,7370.5,2898
1785363900,7370.5,7372.75,7366.5,7371,3295
1785364200,7371.25,7372,7367.5,7368.25,1537
1785364500,7368.5,7373.5,7367.5,7370.75,1579
1785364800,7370.5,7372.75,7368.5,7372.75,1147
1785365100,7372.5,7376.25,7370,7370.5,2060
1785365400,7370.5,7373.25,7368,7368.75,1588
1785365700,7368.5,7370.5,7367.25,7370,1137
1785366000,7370,7376,7369.75,7375,1897
1785366300,7374.75,7380,7372.75,7377,2420
1785366600,7376.75,7377.25,7369.5,7373.5,2864
1785366900,7373.75,7378.25,7372.5,7378.25,1979
1785367200,7378,7379.5,7376.5,7377.75,1402
1785367500,7377.5,7379.5,7377,7378,1147
1785367800,7378,7382,7378,7379.75,2001
1785368100,7379.75,7382.5,7378.75,7380.25,1316
1785368400,7380,7380,7375,7377.75,2104
1785368700,7377.5,7382.25,7376,7377,2746
1785369000,7377.25,7381,7374.5,7381,2285
1785369300,7381,7381.75,7378,7378.25,1406
1785369600,7378.5,7381.25,7372.25,7376.5,4244
1785369900,7376.5,7386.25,7376,7385,4732
1785370200,7384.75,7388,7382.75,7384.5,2514
1785370500,7384.5,7385.75,7377.5,7377.75,3465
1785370800,7377.75,7379.5,7374.5,7376.25,2613
1785371100,7376,7379.5,7375.25,7378.75,1713
1785371400,7378.75,7381.5,7373.25,7374,2347
1785371700,7373.5,7374,7369.75,7371.75,2840
1785372000,7372,7374,7367.75,7370.75,2174
1785372300,7370.5,7377,7369.25,7373.75,2904
1785372600,7373.75,7377.75,7371.75,7376,2057
1785372900,7376.25,7377.25,7372.75,7376,1181
1785373200,7376,7380.25,7374.25,7380.25,2160
1785373500,7380.5,7389.5,7379,7380.25,4994
1785373800,7380.25,7383,7377.25,7378,2253
1785374100,7378,7382.5,7377,7380.75,1434
1785374400,7381.25,7383.25,7379.5,7382.75,1285
1785374700,7382.75,7387.25,7382.5,7386.25,1853
1785375000,7385.75,7390.25,7385.75,7388.75,2038
1785375300,7388.75,7391.75,7388.25,7390.75,2025
1785375600,7390.5,7392.25,7390,7390.75,1292
1785375900,7391,7392.5,7389.25,7391.25,1561
1785376200,7391.5,7392.25,7387.75,7390,1332
1785376500,7390,7391.75,7388.25,7388.75,1254
1785376800,7388.5,7393,7388.5,7388.5,1635
1785377100,7388.75,7390.75,7387.25,7389.25,1131
1785377400,7389,7390.75,7386.25,7387,1184
1785377700,7387,7388,7385,7386.5,1347
1785378000,7386.5,7389.75,7385.75,7388.75,960
1785378300,7388.5,7390.25,7384.75,7386,1082
1785378600,7386,7386,7383,7383.25,1367
1785378900,7383.5,7383.75,7381.25,7382.75,1057
1785379200,7382.75,7387.75,7382,7387,1134
1785379500,7387.25,7388.75,7384,7384.75,1196
1785379800,7385,7387,7383,7384,1069
1785380100,7383.75,7385.25,7377.75,7378,1938
1785380400,7378.5,7383.75,7377.75,7382.75,1446
1785380700,7382.75,7383.75,7376.25,7377,1202
1785381000,7377,7377.75,7372.25,7373.75,2019
1785381300,7374,7375.25,7370.75,7372.5,1159
1785381600,7372,7373.5,7370.5,7372.75,1138
1785381900,7372.75,7374.5,7371.75,7373.25,1139
1785382200,7373.5,7377.25,7369.5,7376.75,1863
1785382500,7377.25,7378.5,7370.5,7370.75,1536
1785382800,7371,7375.75,7370,7375.25,1077
1785383100,7375.25,7378.5,7372.5,7377,1173
1785383400,7377,7377.75,7374.5,7377,826
1785383700,7376.75,7378.25,7373.75,7375.25,1060
1785384000,7375,7376.5,7373,7375.25,1150
1785384300,7375.5,7376,7371,7371,780
1785384600,7371,7372.5,7370.25,7370.5,713
1785384900,7370.5,7371.5,7369,7370.5,905
1785385200,7370.5,7374.25,7369.75,7373,1058
1785385500,7373,7379.25,7373,7378.5,1588
1785385800,7378.5,7378.75,7376.5,7377.75,731
1785386100,7377.75,7379,7372,7373,1080
1785386400,7373.25,7374.25,7369,7369.5,1428
1785386700,7369.5,7375.25,7369.5,7371.5,1020
1785387000,7372,7372.25,7368,7369.25,987
1785387300,7369.25,7369.75,7366,7367.75,1314
1785387600,7367.75,7368.5,7364,7366,1414
1785387900,7366,7367,7362.25,7363,1284
1785388200,7363.5,7366,7362.25,7365.75,1004
1785388500,7365.75,7369.75,7365,7369.75,2085
1785388800,7369.75,7370.75,7366,7368.75,1075
1785389100,7368.75,7370.75,7365.75,7368.25,884
1785389400,7368.25,7372.5,7366.75,7369.75,1284
1785389700,7370,7370.5,7366.25,7368.5,861
1785390000,7369.25,7373,7368.25,7372.5,985
1785390300,7372.5,7377.5,7368.25,7369.5,1838
1785390600,7369.5,7370.25,7366.75,7367.75,1161
1785390900,7367.25,7369,7365,7368.75,809
1785391200,7368.5,7369.25,7365.75,7367.5,1255
1785391500,7367.75,7369,7364.75,7365.5,989
1785391800,7365.5,7366.5,7363,7364,1441
1785392100,7364,7364,7360.75,7362,1545
1785392400,7362,7365,7359.25,7364,1566
1785392700,7364.25,7367.5,7363.25,7364.25,1366
1785393000,7364.25,7364.75,7360.25,7362.75,1419
1785393300,7362.75,7363.5,7360.5,7362.25,1336
1785393600,7362,7362.75,7358.5,7359,1337
1785393900,7358.75,7362.75,7358.25,7361.5,1528
1785394200,7361.5,7363,7360.25,7362.75,754
1785394500,7362.75,7364.75,7360.5,7364,1065
1785394800,7364,7382.25,7361.75,7377,6346
1785395100,7377,7381.25,7370.5,7374.25,3121
1785395400,7374.25,7378,7371.25,7375.5,2531
1785395700,7375.5,7376.25,7366.75,7367,2850
1785396000,7367.25,7368.25,7362.5,7368.25,2804
1785396300,7368.25,7369.25,7363.25,7365.25,2187
1785396600,7365.25,7365.75,7359.25,7359.5,2448
1785396900,7359.75,7363.5,7354,7363,3414
1785397200,7363.25,7368.25,7362,7365.75,2214
1785397500,7365.75,7367.75,7364,7365,1410
1785397800,7365,7366.5,7361,7361.75,1571
1785398100,7361.75,7362.75,7358.75,7359.5,951
1785398400,7359.75,7360.25,7351.75,7358,3079
1785398700,7358.25,7370,7354.5,7370,3177
1785399000,7370,7371.5,7367.5,7368.25,2186
1785399300,7368.25,7370,7366.25,7366.5,1578
1785399600,7367,7375,7366,7373.75,1701
1785399900,7374,7378.75,7372.25,7376.5,2084
1785400200,7376.75,7379,7375.5,7376.25,1254
1785400500,7376.5,7378.25,7372.75,7373.75,1272
1785400800,7373.5,7375.75,7373,7374,1120
1785401100,7374,7376.5,7371.75,7372.5,916
1785401400,7372.75,7373.75,7370.75,7371,741
1785401700,7371.25,7373,7368.5,7372.75,861
1785402000,7372.75,7377.25,7371,7376,1177
1785402300,7376,7378.25,7374.5,7377.25,1020
1785402600,7377,7383.75,7375.5,7380,2251
1785402900,7380.25,7382,7378,7379.75,1958
1785403200,7379.75,7384.75,7379.5,7383.75,1639
1785403500,7383.75,7385,7382,7383.25,954
1785403800,7383,7386,7380.5,7385.75,1051
1785404100,7385.5,7388,7383,7383.25,1129
1785404400,7383.25,7384,7381.25,7382.75,872
1785404700,7382.75,7384.5,7382,7383.25,537
1785405000,7383.75,7384.25,7381.25,7382.5,776
1785405300,7383,7383,7374.25,7374.25,1777
1785405600,7374.5,7377,7371.25,7374.25,1846
1785405900,7374,7381.5,7374,7380.5,1391
1785406200,7380.5,7382.5,7376.25,7377.25,1259
1785406500,7377.5,7384.25,7377,7383.75,1351
1785406800,7384,7386.75,7383.5,7385.75,1509
1785407100,7385.5,7388.5,7385.25,7386,1374
1785407400,7386,7388.25,7384,7385,1110
1785407700,7385,7388.25,7384.75,7387.25,1067
1785408000,7387.25,7391.75,7386.75,7389.5,2161
1785408300,7389.5,7392,7389,7390,1510
1785408600,7390,7392.25,7385.5,7385.75,2025
1785408900,7385.5,7387.5,7383.5,7385.25,1261
1785409200,7385.25,7390.75,7384.75,7389,1605
1785409500,7389,7392.5,7388.75,7391.5,1313
1785409800,7391.5,7393,7389.25,7390.5,1265
1785410100,7390.5,7395,7389.75,7393,1870
1785410400,7393,7396.25,7391.5,7395.75,1395
1785410700,7396,7397.75,7395.5,7397.5,1506
1785411000,7397.75,7398.75,7394.25,7395,2182
1785411300,7395,7399.25,7394.75,7396.5,1677
1785411600,7396.25,7399,7394,7395.25,2006
1785411900,7395,7398.75,7395,7398.25,1319
1785412200,7398.25,7401.75,7397,7401.25,2138
1785412500,7401,7402,7398.75,7399.75,1904
1785412800,7399.5,7403.25,7395.75,7402.75,3029
1785413100,7402.75,7403.75,7401.5,7403,1918
1785413400,7403.25,7405,7401,7404.25,2350
1785413700,7404.25,7404.75,7402,7402.5,1834
1785414000,7402.25,7403.25,7398.25,7402,3201
1785414300,7402.25,7403.5,7395.75,7399,2715
1785414600,7400,7408.5,7393,7397,5436
1785414900,7397.25,7401,7394,7396.5,4117
1785415200,7396.75,7398,7393,7395,3620
1785415500,7395.25,7396.75,7392.75,7396.25,2400
1785415800,7396.5,7399.25,7394.75,7398.25,2609
1785416100,7398.25,7400.75,7396.25,7398.5,2840
1785416400,7398.5,7405,7397.75,7403.75,6057
1785416700,7403.75,7410,7402.75,7402.75,7257
1785417000,7402.5,7406.25,7400,7402.5,5593
1785417300,7402.75,7408,7401.25,7408,3940
1785417600,7407.75,7407.75,7404.5,7406.75,2997
1785417900,7407,7415,7405.25,7414.5,7568
1785418200,7414.25,7416.25,7403.75,7408.25,21614
1785418500,7408.5,7414.5,7403,7407,23895
1785418800,7407,7421.5,7399.75,7417.25,32167
1785419100,7417.25,7427.75,7417,7427.5,23722
1785419400,7427.5,7437.25,7424,7432.25,29201
1785419700,7432.25,7440,7429.25,7439.75,18347
1785420000,7439.5,7443.75,7434.25,7439,22622
1785420300,7439,7442.75,7428.5,7431,19560
1785420600,7431,7435.25,7427.5,7433,17118
1785420900,7433,7438.5,7426,7431.25,19289
1785421200,7431.25,7439.25,7429.25,7432.75,16310
1785421500,7432.75,7446.5,7430.5,7439.75,17297
1785421800,7439.75,7442,7433.25,7436.5,15795
1785422100,7436.25,7442.75,7433,7440,12763
1785422400,7440,7444.5,7430,7431.75,13191
1785422700,7431.75,7434.5,7421.25,7425.5,20008
1785423000,7425.25,7426.75,7413.5,7415,18442
1785423300,7415,7418.75,7408.75,7415.25,19767
1785423600,7415.25,7419,7405.25,7415.25,22620
1785423900,7415.25,7421.25,7406.5,7420.5,18282
1785424200,7420.25,7420.75,7400.75,7401.75,18831
1785424500,7401.75,7410,7398.75,7407.5,18578
1785424800,7407.75,7414.5,7404.75,7407.25,16633
1785425100,7407,7411.5,7399,7400.75,15469
1785425400,7400.75,7414,7399.5,7413.75,15073
1785425700,7414,7417.75,7407.25,7412.25,15857
1785426000,7412.25,7422.75,7410.5,7419.25,13453
1785426300,7419.75,7425.75,7419.5,7423.75,11655
1785426600,7424,7425.5,7416.25,7425.25,13068
1785426900,7425.25,7429.75,7423.5,7424.5,11537
1785427200,7424.5,7436.75,7421.75,7436,14573
1785427500,7436,7437.5,7431.75,7435,8101
1785427800,7434.75,7443.25,7434.5,7441.75,11180
1785428100,7441.75,7445.5,7441.5,7442.75,6626
1785428400,7442.75,7444.75,7439.25,7440,7191
1785428700,7440,7443.5,7438.75,7441,5807
1785429000,7441,7442.5,7436.75,7441.25,8459
1785429300,7441.25,7444.5,7438,7438.75,6754
1785429600,7438.75,7439.25,7431,7434.25,12118
1785429900,7434,7441.25,7433.75,7439.25,7752
1785430200,7439.5,7445.75,7436.5,7443.75,8683
1785430500,7443.75,7445.5,7441.5,7443.5,4773
1785430800,7443.75,7455.5,7443.75,7453.75,13806
1785431100,7453.75,7455.5,7450,7452,6642
1785431400,7452,7454,7449.5,7450.75,6214
1785431700,7451,7456.5,7450.5,7455.75,5360
1785432000,7455.75,7456,7451.5,7453.75,4560
1785432300,7453.5,7454,7450.5,7451.75,4017
1785432600,7451.75,7454.25,7447.75,7449.25,5762
1785432900,7449,7453.25,7445.75,7447.25,8229
1785433200,7447.5,7455.5,7447.25,7453.25,7463
1785433500,7453.25,7455.5,7452.5,7452.5,4259
1785433800,7452.5,7457.75,7452,7452.25,6103
1785434100,7452.25,7453.75,7450.25,7451.5,3895
1785434400,7451.75,7456.75,7450.75,7451,4696
1785434700,7451,7455.75,7450.75,7454.75,4020
1785435000,7454.5,7456.75,7453.25,7455.75,3067
1785435300,7456,7457,7454.25,7455.25,3138
1785435600,7455.25,7458.5,7454.25,7456.75,3804
1785435900,7457,7457.75,7455,7457.5,2989
1785436200,7457.5,7459.25,7455.5,7457,3970
1785436500,7456.75,7457.25,7454,7454.5,3616
1785436800,7454.5,7457.5,7454.5,7457,3452
1785437100,7457,7459.75,7456.5,7459,4383
1785437400,7458.75,7460.75,7457.75,7458.75,4566
1785437700,7458.75,7462.5,7457.75,7461.75,5150
1785438000,7461.5,7467.5,7461.25,7466.25,8719
1785438300,7466.25,7472.25,7465.5,7471.75,8458
1785438600,7471.75,7476.75,7471.75,7474.25,11433
1785438900,7474.5,7478.5,7471.75,7476.5,8242
1785439200,7476.5,7477,7473.25,7474,5989
1785439500,7474.25,7475.75,7471,7471.5,5285
1785439800,7471.5,7473.75,7470.25,7471.5,7256
1785440100,7471.75,7472.75,7468,7471,7302
1785440400,7471,7472.75,7469,7471.75,6056
1785440700,7471.75,7472.5,7467,7469.75,8082
1785441000,7470.25,7471,7465.5,7468.25,15245
1785441300,7468.25,7476.25,7464.25,7472.75,31789
1785441600,7473,7492,7468.25,7491.75,12826
1785441900,7492,7492,7482.75,7484,3732
1785442200,7483.5,7489,7480.25,7487.25,3904
1785442500,7487,7491,7485.5,7490.25,2777
1785442800,7490.25,7492.25,7488,7490.5,1640
1785443100,7490.75,7491.25,7488.5,7490.25,1121
1785443400,7490.5,7498,7479.25,7484.5,5284
1785443700,7484.75,7484.75,7479,7481.75,1930
1785444000,7481.5,7481.75,7476.5,7480.75,2264
1785444300,7480.75,7482,7476,7477,1601
1785444600,7477,7478.25,7472.5,7475.25,1786
1785444900,7475.5,7476.75,7472,7474.5,1446
1785448800,7478.5,7479.5,7467.75,7478.5,3365
1785449100,7478.5,7479.25,7475.5,7479.25,1299
1785449400,7479.25,7480.25,7474.5,7476.5,1279
1785449700,7476.25,7481,7476,7477.5,1314
1785450000,7477.75,7478.5,7472.75,7473.25,1531
1785450300,7473.5,7476.25,7473.5,7475,1092
1785450600,7475,7477,7472.5,7476.5,1252
1785450900,7477,7480.5,7476.25,7480.25,1499
1785451200,7480,7482.75,7479,7482.5,1094
1785451500,7482.25,7483.75,7481.75,7483,932
1785451800,7482.75,7485,7481.75,7484,1134
1785452100,7484,7485.5,7483.5,7484.5,983
1785452400,7484.5,7489.25,7484.5,7488.75,1706
1785452700,7488.75,7489.5,7485,7485,981
1785453000,7485,7485.75,7482.25,7483,1234
1785453300,7482.75,7483.25,7480.75,7482,941
1785453600,7481.75,7482,7480.25,7481,912
1785453900,7481,7484,7480.75,7482.75,1175
1785454200,7482.75,7485.5,7482,7484.25,1146
1785454500,7484.25,7486.25,7483.25,7485.75,658
1785454800,7485.75,7488,7485.5,7487.5,1137
1785455100,7487.75,7490.25,7486.25,7489.75,1466
1785455400,7489.5,7490.75,7485,7490.25,1733
1785455700,7490.25,7491.75,7487.75,7487.75,1167
1785456000,7487.75,7490.5,7484.5,7489,2722
1785456300,7489.5,7493.75,7488.75,7491.75,1878
1785456600,7491.75,7496.5,7490.5,7495.75,2020
1785456900,7495.5,7497.75,7492.75,7497,2554
1785457200,7497.25,7498,7492.75,7494.5,1952
1785457500,7494.5,7495.25,7493,7494,749
1785457800,7494,7497.5,7493.75,7496.25,1078
1785458100,7496.25,7496.5,7494,7495,936
1785458400,7495,7496.75,7493.5,7496.5,891
1785458700,7496.75,7497,7491.5,7492.25,1239
1785459000,7492.25,7494,7491.25,7491.25,823
1785459300,7491.5,7495.75,7491.25,7495.25,902
1785459600,7495.25,7499.75,7495.25,7499.25,2739
1785459900,7499.5,7501.75,7498.5,7501.5,2257
1785460200,7501.75,7502.25,7499,7500,1381
1785460500,7500,7504.5,7499.75,7502.25,1736
1785460800,7502,7503.75,7500.75,7502.25,972
1785461100,7502.25,7503.75,7500.75,7502.25,1049
1785461400,7502.25,7502.75,7499.5,7501.25,1738
1785461700,7501,7501,7497,7498,1693
1785462000,7498,7498.25,7496.25,7496.75,840
1785462300,7497.25,7497.25,7494.25,7494.75,1364
1785462600,7494.5,7497,7494.5,7496,1231
1785462900,7496,7498,7495.25,7498,806
1785463200,7497.75,7500.75,7494.75,7495.25,2029
1785463500,7495,7498.25,7494.5,7497.75,1107
1785463800,7497.5,7497.75,7494.5,7495,923
1785464100,7494.75,7495,7491.5,7492,2081
1785464400,7492.25,7494.25,7491.75,7492.5,821
1785464700,7492.25,7493.25,7491.5,7492.5,673
1785465000,7492.25,7493.75,7491.25,7492.5,692
1785465300,7492.25,7492.5,7488.5,7491,1379
1785465600,7491,7492.5,7490.25,7492.25,857
1785465900,7492.5,7493.75,7489.25,7490,1237
1785466200,7489.75,7491.75,7489.25,7490.5,692
1785466500,7490.25,7493,7490,7493,713
1785466800,7493,7493.5,7490.25,7492.5,787
1785467100,7492.5,7493.25,7491.5,7492.5,410
1785467400,7492.5,7493.75,7488.5,7491,1328
1785467700,7491,7495.75,7491,7495.5,1185
1785468000,7495.75,7497.75,7494.75,7495.25,1438
1785468300,7495.5,7497.25,7494.75,7496.75,531
1785468600,7496.75,7498.75,7496,7496.75,1009
1785468900,7497,7498,7496.25,7497.25,497
1785469200,7497.75,7497.75,7495.75,7497.25,316
1785469500,7497.25,7497.75,7493,7493.75,1053
1785469800,7493.25,7498,7493.25,7497,732
1785470100,7497.25,7498,7496,7497,429
1785470400,7497,7497,7492.25,7495.25,1043
1785470700,7495.75,7498.5,7495.25,7498.25,636
1785471000,7498.25,7498.25,7496.75,7497.75,528
1785471300,7498,7501,7496.75,7500.75,1006
1785471600,7500.75,7501.75,7500,7501.75,789
1785471900,7501.5,7503.25,7500.75,7502.75,957
1785472200,7503,7505.75,7502.25,7505,1485
1785472500,7505,7507.25,7503.75,7507.25,1369
1785472800,7507,7507.75,7506,7507.25,726
1785473100,7507.5,7509.75,7507.25,7507.75,1370
1785473400,7507.75,7508.75,7506.25,7508.25,715
1785473700,7508.25,7509.5,7508,7508.75,733
1785474000,7508.75,7509.5,7508.25,7508.75,517
1785474300,7508.5,7509.25,7507.5,7508.75,411
1785474600,7508.75,7509.75,7507,7508.25,586
1785474900,7508.25,7508.75,7507.25,7508.25,441
1785475200,7508,7509.5,7508,7508.25,465
1785475500,7508,7511,7507.5,7509,790
1785475800,7509.25,7510,7506,7506.5,892
1785476100,7506.25,7507.75,7505.5,7507.5,701
1785476400,7507.5,7510.75,7506.5,7506.75,1102
1785476700,7506.75,7509.25,7506,7508.5,782
1785477000,7508.5,7509.75,7507.25,7509.25,517
1785477300,7509,7509.5,7506.5,7508.5,694
1785477600,7508.25,7510,7507.25,7507.75,656
1785477900,7508,7509.75,7508,7509.25,293
1785478200,7509.5,7511,7508.75,7510.75,490
1785478500,7510.5,7511.5,7509.75,7510,487
1785478800,7510,7510,7507,7507.5,634
1785479100,7507.75,7508.25,7506.5,7508,603
1785479400,7507.75,7508.25,7499.5,7499.75,2296
1785479700,7500,7500,7495.75,7498.5,1939
1785480000,7498.25,7498.5,7493.25,7496.5,1201
1785480300,7496.5,7496.5,7492,7495,1388
1785480600,7495.25,7497.25,7492,7497.25,1081
1785480900,7497,7498.75,7495.75,7496.5,689
1785481200,7496.25,7498,7493,7497.5,1899
1785481500,7497.5,7501.75,7497.25,7501.5,1319
1785481800,7501.75,7507.5,7501.25,7505.75,1675
1785482100,7505.75,7506.75,7501,7506.5,1326
1785482400,7506.5,7506.5,7501.25,7503.5,972
1785482700,7503.75,7509.25,7503.75,7505,1417
1785483000,7505.25,7505.75,7503,7503.25,831
1785483300,7503.25,7506.25,7502.5,7505,825
1785483600,7505,7507.5,7504.5,7507,541
1785483900,7507,7508.25,7504,7505,899
1785484200,7505,7506.75,7502.75,7506,747
1785484500,7506,7508,7505.25,7506.75,574
1785484800,7506.5,7509,7502.75,7504.5,1330
1785485100,7504.5,7509.25,7504,7505.5,1344
1785485400,7505.5,7510.5,7504.5,7510.5,1013
1785485700,7510.5,7512.75,7510,7512.5,1120
1785486000,7512.5,7512.75,7508,7509.5,1049
1785486300,7509.75,7513,7509,7511.25,889
1785486600,7511,7512.25,7509.25,7510.5,692
1785486900,7510.25,7510.75,7507.75,7508,623
1785487200,7508,7510.25,7507,7508.25,928
1785487500,7508.5,7512.25,7508,7511,713
1785487800,7511,7512.5,7510,7510.5,613
1785488100,7510,7514,7510,7513,911
1785488400,7513.25,7514.75,7512,7513.25,1314
1785488700,7513.25,7515.5,7511.25,7515.25,1039
1785489000,7515.25,7517.75,7514.75,7516.25,1225
1785489300,7516,7517,7514.25,7514.25,586
1785489600,7514.25,7515.5,7513,7514,796
1785489900,7514,7514.75,7511.5,7511.75,589
1785490200,7511.75,7512.5,7508,7508.5,1096
1785490500,7508.5,7509,7504,7505.5,1770
1785490800,7505.25,7507.5,7504.75,7506.25,848
1785491100,7506.25,7508,7505.5,7507,676
1785491400,7507,7508.25,7505,7505.75,598
1785491700,7505.5,7507.75,7504,7504,988
1785492000,7504.25,7505.75,7502.25,7504.25,1258
1785492300,7504.5,7506,7503.25,7504.5,758
1785492600,7504.75,7508.75,7504,7507,863
1785492900,7507.25,7510.5,7506.5,7510.25,927
1785493200,7510.25,7512,7508.5,7508.5,781
1785493500,7508.75,7510.5,7508.5,7509.5,607
1785493800,7509.5,7510.75,7506,7506.75,1433
1785494100,7506.25,7507,7504.25,7507,926
1785494400,7507,7508.75,7506.5,7508.25,720
1785494700,7508.25,7509.5,7504.75,7505.25,955
1785495000,7505.25,7508.25,7505,7507.5,816
1785495300,7507.75,7508.75,7505.5,7506.75,562
1785495600,7506.75,7511.5,7506,7510.75,1388
1785495900,7510.75,7511.5,7509.25,7509.5,701
1785496200,7509.5,7509.75,7506.25,7507,842
1785496500,7507,7507,7500,7503,2684
1785496800,7503,7503.75,7501.5,7503.25,802
1785497100,7503,7504.25,7499.25,7500.25,1375
1785497400,7500,7500,7495.75,7497,1961
1785497700,7497,7500,7495.25,7496,1135
1785498000,7496,7497.75,7494.25,7496.5,1360
1785498300,7496.25,7499,7495.75,7497.5,1653
1785498600,7497.75,7500.75,7497.5,7499.5,1300
1785498900,7499.5,7500.5,7498.25,7499.5,521
1785499200,7499.5,7499.75,7493,7494,1807
1785499500,7494.25,7494.5,7491.5,7492.5,1735
1785499800,7492.25,7492.75,7490,7490.5,2027
1785500100,7490.25,7491.25,7488,7488.75,2612
1785500400,7488.75,7491.5,7485.75,7491,2871
1785500700,7491,7493.25,7488,7490.5,1846
1785501000,7489.75,7492,7483,7485.5,3063
1785501300,7485.5,7486.5,7483,7483.25,2208
1785501600,7483,7485.5,7479.5,7483,2654
1785501900,7483.25,7484.5,7481,7482,1803
1785502200,7482,7487,7480.25,7486.5,2366
1785502500,7486.5,7486.75,7481.25,7483,2176
1785502800,7483,7487.5,7481.25,7485.75,4019
1785503100,7485.5,7488.5,7484.25,7488,2674
1785503400,7488,7491.25,7488,7490.25,4315
1785503700,7490,7492.75,7490,7492.5,3429
1785504000,7492.5,7495.25,7491,7495,3925
1785504300,7495,7499.5,7493,7498.75,7680
1785504600,7498.75,7515.25,7497.75,7511.75,27801
1785504900,7511.75,7514.75,7493,7493.5,23109
1785505200,7493.25,7494,7480.25,7482.75,23868
1785505500,7483,7487.75,7470.5,7474.25,29112
1785505800,7474.25,7478.25,7466.5,7471.5,29641
1785506100,7471.5,7480,7468.25,7470.75,20088
1785506400,7470.5,7476,7454,7454.5,22038
1785506700,7454.25,7459,7435.25,7442.75,36929
1785507000,7442.5,7445.25,7430.5,7435.75,32252
1785507300,7435.5,7446,7427.5,7436.75,35981
1785507600,7436.5,7452,7434.5,7446.25,26075
1785507900,7446,7456.75,7443.5,7455.75,20172
1785508200,7455.75,7462.25,7452.25,7456,19098
1785508500,7456,7465.25,7455.75,7463.75,14217
1785508800,7463.75,7468.25,7457,7467.5,19951
1785509100,7467.5,7476.5,7465.75,7475.75,21089
1785509400,7476,7481.25,7471.75,7473.25,15573
1785509700,7473.75,7478.75,7466.5,7476.75,20064
1785510000,7476.75,7478.75,7469,7476.5,13892
1785510300,7476.75,7479.75,7465.5,7469.75,13745
1785510600,7470,7476.75,7462.75,7473.25,16330
1785510900,7473,7483.25,7466.5,7471.25,20495
1785511200,7471,7473.25,7461.5,7462.25,11676
1785511500,7462,7464,7452.5,7454.75,17916
1785511800,7454.5,7459.25,7449.25,7459.25,19629
1785512100,7459,7475.25,7458.5,7472.5,20043
1785512400,7472.25,7475.25,7461.25,7470,15702
1785512700,7470,7471.75,7462.5,7466,12841
1785513000,7466,7481.25,7464.75,7479.5,13243
1785513300,7479.5,7485,7477,7482.5,11274
1785513600,7482.5,7487.25,7480.5,7483.75,10441
1785513900,7483.75,7485.25,7475.75,7481.5,10877
1785514200,7481.75,7488,7481.25,7486.75,9296
1785514500,7486.75,7487.5,7479,7484.5,8459
1785514800,7484.25,7496,7483.5,7494.5,11063
1785515100,7494.75,7495.75,7489.5,7495.75,8158
1785515400,7496,7500,7494,7499.25,10180
1785515700,7499.25,7501,7495,7496.75,8241
1785516000,7496.75,7499.25,7492.5,7493.5,7679
1785516300,7493.5,7497.75,7491.5,7497.25,7572
1785516600,7497.25,7501.75,7495.75,7497.5,6358
1785516900,7497.5,7500.5,7497,7497.5,4201
1785517200,7497.75,7505,7496.5,7502,8071
1785517500,7502.25,7504.5,7497,7499.5,5992
1785517800,7499.75,7504.75,7497.75,7503.75,4194
1785518100,7503.75,7507,7502.5,7506.25,5554
1785518400,7506.25,7513,7503.5,7512,7920
1785518700,7512,7516,7511,7514.75,10861
1785519000,7514.75,7516.25,7512.25,7515.5,6587
1785519300,7515.25,7516.75,7509,7509.25,7978
1785519600,7509.25,7512,7507.5,7510,7210
1785519900,7510,7513,7503.75,7504.25,8172
1785520200,7504.25,7510.25,7503.25,7507.25,6521
1785520500,7507.25,7509.25,7505.5,7505.75,4164
1785520800,7506,7512,7504.25,7508,6649
1785521100,7508,7512,7506,7510.5,4642
1785521400,7510.5,7512.25,7506.5,7508.5,5647
1785521700,7508.5,7514.25,7508,7512.5,5324
1785522000,7512.5,7516.25,7512,7515,5371
1785522300,7515,7515.5,7510.75,7512,4997
1785522600,7512,7514.5,7512,7512.5,3138
1785522900,7512.25,7512.75,7509,7509.5,5218
1785523200,7509.75,7513.25,7508.25,7512.25,4995
1785523500,7512.25,7515,7510.5,7515,3644
1785523800,7514.75,7516.75,7513.25,7513.75,4361
1785524100,7513.75,7515.25,7510.5,7512.75,4535
1785524400,7512.75,7517.25,7510,7510.75,6912
1785524700,7510.75,7514,7509.25,7513.25,5181
1785525000,7513,7517,7512.5,7514.5,4149
1785525300,7514.5,7527,7514.25,7526.75,13485
1785525600,7526.75,7531,7525.5,7526.25,11598
1785525900,7526.25,7528.5,7524.75,7526.5,5666
1785526200,7526.5,7526.75,7520,7523.5,10321
1785526500,7523.25,7528.25,7523,7527.25,8145
1785526800,7527,7533.25,7524.5,7532.75,10139
1785527100,7533,7537.25,7532.5,7537,12956
1785527400,7537,7541,7530,7537.5,20560
1785527700,7537.75,7539,7514.5,7520,31600
1785528000,7520.25,7527.5,7516.75,7519.75,15275
1785528300,7519.5,7524,7517,7522.25,3338
1785528600,7522.5,7524.5,7521.25,7521.75,2443
1785528900,7521.75,7522,7518,7519.5,1803
1785529200,7519.5,7520.25,7518.25,7518.75,613
1785529500,7518.75,7519.75,7517.25,7519,972
1785529800,7518.5,7520.5,7516.75,7520.5,1252
1785530100,7520.5,7520.5,7518.5,7520,772
1785530400,7520,7521,7518,7518.25,1059
1785530700,7518.5,7519.75,7518,7519,1056
1785531000,7519.25,7519.5,7505.75,7511.25,5227
1785531300,7511.25,7511.25,7498.25,7502.5,4120
1785708000,7549.75,7558.25,7545.5,7551.75,8366
1785708300,7552.25,7554,7549.5,7553.5,2947
1785708600,7553.5,7557.75,7552.5,7555.25,2330
1785708900,7555.25,7556.5,7549.75,7551,2241
1785709200,7551.25,7555.75,7551,7552,1684
1785709500,7552.5,7553.5,7549.5,7551.25,1419
1785709800,7551.5,7552,7549.75,7550.75,813
1785710100,7551,7552.75,7550.5,7552.25,862
1785710400,7552,7552.75,7549.25,7549.25,874
1785710700,7549,7550.25,7548.75,7549,629
1785711000,7549.25,7549.5,7547.75,7548.25,802
1785711300,7548.25,7549,7544.25,7545.75,1556
1785711600,7545.5,7550,7545.5,7548,1611
1785711900,7548.25,7549,7544.75,7545,1133
1785712200,7544.75,7546.25,7543.5,7545,1184
1785712500,7545,7546.5,7545,7546.25,507
1785712800,7546.5,7549.5,7545.75,7549.5,1493
1785713100,7549.25,7550,7548,7549,735
1785713400,7549,7551.5,7549,7550.75,1393
1785713700,7550.5,7550.5,7548.75,7549,552
1785714000,7548.75,7550.75,7548,7550.25,897
1785714300,7550.25,7553,7546.75,7551.75,2142
1785714600,7551.5,7555.25,7548.75,7550,2597
1785714900,7549.75,7552.25,7548,7551.5,1550
1785715200,7551.5,7551.5,7546,7547.75,2504
1785715500,7548,7551.5,7547.25,7551.25,1485
1785715800,7551.5,7554.25,7549.5,7553.75,1761
1785716100,7553.75,7556.75,7551.25,7551.5,1966
1785716400,7551.5,7552.25,7548.75,7548.75,1155
1785716700,7548.75,7549.5,7545.25,7547.25,2081
1785717000,7546.75,7551.5,7546.25,7551,2311
1785717300,7551.25,7553.75,7550.25,7552.25,1586
1785717600,7552.25,7553.5,7548.25,7549.75,1553
1785717900,7549.5,7552.25,7548.5,7552,1150
1785718200,7551.75,7554.5,7548.75,7553.25,1962
1785718500,7553.5,7554.5,7553,7554,734
1785718800,7554.25,7555.5,7552,7554.5,1693
1785719100,7554.5,7556.25,7553.25,7554.5,1670
1785719400,7554.25,7555.5,7551,7552,1132
1785719700,7551.75,7552.25,7549.75,7550,1132
1785720000,7550,7553.5,7549.75,7553.25,764
1785720300,7553.25,7555.75,7553,7555,1100
1785720600,7555,7556,7554,7554.25,815
1785720900,7554.25,7555,7552.75,7555,823
1785721200,7555,7557.25,7554.5,7556.75,1359
1785721500,7557,7558.5,7556,7556.25,1304
1785721800,7556.5,7558.5,7556.25,7557.25,774
1785722100,7557.25,7558.75,7556.75,7558,664
1785722400,7558.25,7559.25,7556.5,7558.25,1293
1785722700,7558.25,7559,7557,7557.25,775
1785723000,7557.25,7559.75,7557.25,7559.25,712
1785723300,7559,7561.25,7558.5,7561,1161
1785723600,7560.75,7561.75,7559.5,7559.75,1380
1785723900,7559.5,7560,7557,7557,1178
1785724200,7557.25,7559.75,7556.75,7559.25,910
1785724500,7559.75,7560.5,7559,7559.5,636
1785724800,7559.25,7560.5,7558.5,7558.5,629
1785725100,7558.75,7559.75,7558.5,7559.25,366
1785725400,7559,7560.75,7559,7560.25,460
1785725700,7560.25,7561,7559.75,7560.25,319
1785726000,7560.5,7562,7560.5,7561,726
1785726300,7561,7562,7561,7561.75,378
1785726600,7561.5,7562,7561.25,7561.5,316
1785726900,7561.5,7562,7560.5,7561.75,391
1785727200,7562,7562.5,7558.75,7559,1061
1785727500,7559.25,7561,7558.75,7559,541
1785727800,7559,7560.75,7558.25,7560.25,736
1785728100,7560.25,7562.25,7559.75,7561.75,576
1785728400,7562,7562.5,7561.5,7562.25,447
1785728700,7562.5,7563,7561.25,7562.25,554
1785729000,7562,7564.75,7562,7563.5,1614
1785729300,7563.5,7563.5,7561.5,7561.75,577
1785729600,7561.75,7562.25,7561.25,7561.5,458
1785729900,7561.25,7563.25,7560.75,7562.5,647
1785730200,7562.75,7563,7562,7562.5,290
1785730500,7562.5,7563.75,7562.5,7563,391
1785730800,7563,7564.75,7563,7564.25,469
1785731100,7564.5,7565,7563.5,7564.5,582
1785731400,7564.75,7565.75,7564.25,7564.5,575
1785731700,7564.5,7565.25,7564.5,7564.75,212
1785732000,7564.5,7565.25,7563.75,7565.25,388
1785732300,7565.25,7567,7564.75,7566,1000
1785732600,7565.75,7566,7564,7564.25,499
1785732900,7564.25,7564.25,7563,7563.25,486
1785733200,7563.5,7565.25,7563,7563.75,616
1785733500,7563.75,7563.75,7562,7563,585
1785733800,7563.25,7565.25,7563,7563.5,573
1785734100,7563.5,7563.5,7561.75,7562,680
1785734400,7562.25,7563,7562,7563,325
1785734700,7563.25,7564.75,7562.75,7563.25,407
1785735000,7563.25,7564,7562.75,7562.75,289
1785735300,7562.75,7563.5,7562.25,7563.25,345
1785735600,7563.25,7564,7562.75,7563,288
1785735900,7563,7563.75,7562.75,7563,284
1785736200,7563,7563,7560.5,7560.75,741
1785736500,7561,7563.25,7560.75,7563,435
1785736800,7563.25,7565.25,7562,7564.75,1107
1785737100,7564.75,7565.5,7563.25,7564.25,918
1785737400,7564.25,7566.25,7563.75,7563.75,648
1785737700,7563.75,7564,7562.75,7563.25,553
1785738000,7563,7563.75,7561.5,7561.5,757
1785738300,7561.25,7561.75,7558.75,7559.75,1200
1785738600,7559.75,7562,7559.5,7560.75,935
1785738900,7560.75,7560.75,7558.5,7559.25,625
1785739200,7559.25,7559.25,7558,7558,580
1785739500,7558,7559,7557,7557.25,684
1785739800,7557.5,7557.75,7556.5,7557.25,678
1785740100,7557.25,7557.75,7555.75,7556.75,1051
1785740400,7557,7559,7553,7557.25,2314
1785740700,7557.5,7561.25,7557.25,7558,1467
1785741000,7558,7561,7557.75,7559.75,712
1785741300,7560,7562,7552.75,7554.5,3182
1785741600,7554.75,7558,7554,7556.5,1018
1785741900,7556.25,7557.75,7555.25,7557,567
1785742200,7556.75,7558.75,7556,7558,648
1785742500,7558,7559.75,7555,7556,898
1785742800,7556,7556,7553.25,7554,804
1785743100,7554.25,7557.75,7553.75,7556.25,604
1785743400,7556.75,7558,7555.25,7557.5,505
1785743700,7557.5,7560.25,7557.25,7559.75,853
1785744000,7559.75,7559.75,7551.5,7552,1957
1785744300,7552.25,7554,7550.5,7552.75,1296
1785744600,7552.75,7555.5,7552.5,7555.25,852
1785744900,7555,7555.25,7550,7550.75,1127
1785745200,7551,7551.5,7549.25,7550,1224
1785745500,7550,7551,7547.25,7550.25,1281
1785745800,7550.5,7551,7547.75,7548.75,1088
1785746100,7548.75,7555.75,7548.5,7555.5,1671
1785746400,7555.5,7557,7553.75,7554.5,1077
1785746700,7554.5,7556,7552.5,7554.75,1060
1785747000,7554.75,7555.75,7554.25,7555,843
1785747300,7555.25,7559.5,7555,7559.5,1288
1785747600,7559.25,7560.25,7556,7556,1161
1785747900,7556.25,7558.75,7556,7557,708
1785748200,7557,7557.5,7554,7556,911
1785748500,7556,7558.5,7555,7557.75,626
1785748800,7557.75,7558.75,7556.25,7556.25,522
1785749100,7556.25,7557.25,7555.25,7556.25,647
1785749400,7556.25,7558.25,7555.5,7556.75,520
1785749700,7557,7559.75,7555.75,7556.75,1102
1785750000,7556.75,7558.25,7556,7556.25,551
1785750300,7556.5,7558.5,7556.25,7556.5,541
1785750600,7556.75,7557,7553.5,7555.75,870
1785750900,7556,7558.25,7555.5,7557.5,697
1785751200,7557.25,7558.5,7555.5,7558,619
1785751500,7558,7559.25,7557.75,7558.5,504
1785751800,7558.5,7560,7558,7558.75,722
1785752100,7558.25,7560.5,7558,7559.25,842
1785752400,7559.75,7560.25,7557.25,7559,1041
1785752700,7558.75,7560.75,7558.25,7560.5,635
1785753000,7560,7561,7558.5,7560.75,607
1785753300,7560.75,7562,7559.5,7561.75,867
1785753600,7561.5,7562.5,7560.75,7562.25,589
1785753900,7562.5,7562.75,7561.25,7561.5,449
1785754200,7561.5,7562.5,7560.75,7561.75,534
1785754500,7561.5,7563.25,7561.5,7562.75,440
1785754800,7562.75,7563.25,7559.25,7560.25,1646
1785755100,7560.25,7560.75,7557.25,7558.75,1272
1785755400,7558.75,7560.5,7558.5,7560,653
1785755700,7560,7563.25,7559.25,7563,971
1785756000,7563,7564,7561.5,7561.5,1151
1785756300,7561.25,7562.75,7560.5,7561.5,806
1785756600,7561.5,7567.75,7561.25,7565.75,2629
1785756900,7566,7567,7561.25,7561.5,1385
1785757200,7561.5,7564,7560.25,7563.75,1329
1785757500,7564,7564.5,7561.5,7563.25,1590
1785757800,7563.25,7563.25,7557,7557,2145
1785758100,7557.25,7557.5,7555.75,7557.25,1620
1785758400,7557.25,7557.75,7554.5,7555.5,2283
1785758700,7555.5,7556.25,7553.25,7555.25,1415
1785759000,7555.25,7556.75,7553.25,7556.5,1666
1785759300,7556.5,7558.25,7554.25,7556.5,1913
1785759600,7556.5,7558.75,7553.75,7554.75,2127
1785759900,7554.5,7559,7553.75,7558,1565
1785760200,7558.25,7561.25,7558.25,7561,1935
1785760500,7561,7562.25,7559.25,7562,2320
1785760800,7562,7565.75,7561,7565.5,2232
1785761100,7565.75,7566.25,7563.75,7563.75,2184
1785761400,7563.75,7565.75,7562.25,7565,2023
1785761700,7565,7565.25,7563,7563.25,1449
1785762000,7563.5,7564.75,7562,7564.25,2637
1785762300,7564.25,7565.25,7562.25,7563,2179
1785762600,7563,7564.5,7561.75,7562.5,1931
1785762900,7562.5,7565.75,7562.5,7565.5,3283
1785763200,7565.5,7565.5,7562.75,7564,2052
1785763500,7563.75,7563.75,7544.75,7546,14962
1785763800,7546,7565.25,7542.75,7559.25,35814
1785764100,7559.25,7571,7559,7568.75,24706
1785764400,7568.75,7570,7561,7567.5,19377
1785764700,7567.5,7575,7565,7570.75,23608
1785765000,7570.75,7581.5,7567.75,7579.5,20837
1785765300,7579.5,7588.25,7578.25,7587.5,15180
1785765600,7588.25,7591.25,7582.5,7585.75,18829
1785765900,7586,7588.25,7583.5,7587.5,11743
1785766200,7587.5,7592.5,7587.25,7591,12416
1785766500,7591,7597.5,7590,7593.75,14525
1785766800,7593.75,7600,7593.5,7598,9665
1785767100,7598.25,7600,7595.5,7597.25,9134
1785767400,7597,7598.5,7595,7597.25,8421
1785767700,7597,7601.5,7596.25,7599.75,9629
1785768000,7600,7603.75,7599.5,7601,9637
1785768300,7601.25,7601.75,7598.75,7600.75,6639
1785768600,7600.75,7603.25,7600,7601,9421
1785768900,7601.25,7606,7601.25,7606,8795
1785769200,7605.75,7606.25,7603,7604.5,6789
1785769500,7604.5,7604.5,7599.75,7601.25,8836
1785769800,7601.25,7603.5,7600,7602.5,6272
1785770100,7602.5,7606,7602.25,7605.75,7440
1785770400,7605.75,7609,7605.75,7607.75,9547
1785770700,7607.75,7609,7602.25,7603.25,13663
1785771000,7603.25,7606.75,7602.75,7604.75,6782
1785771300,7604.75,7608,7603.75,7607.25,6702
1785771600,7607.5,7610.5,7607.25,7608.25,7948
1785771900,7608.5,7613,7608.5,7612.5,9201
1785772200,7612.5,7614,7611.75,7613.75,6319
1785772500,7613.5,7613.75,7610,7611.25,7912
1785772800,7611.5,7613.5,7611,7611.5,4402
1785773100,7611.5,7612.5,7610,7612,4388
1785773400,7612,7612,7609.25,7611.5,4288
1785773700,7611.25,7614.5,7611,7614.25,5427
1785774000,7614.25,7614.5,7612.25,7614.25,3652
1785774300,7614.25,7617.75,7613.5,7617,8546
1785774600,7617.25,7618,7614.75,7616,5306
1785774900,7615.75,7616.25,7613.75,7614.25,4590
1785775200,7614.5,7616.75,7613.75,7616.25,3653
1785775500,7616.25,7616.75,7614.5,7614.5,2736
1785775800,7614.75,7615.5,7612,7612.25,6120
1785776100,7612.25,7615.25,7611.5,7613.75,4198
1785776400,7613.75,7614.75,7611.75,7613.75,3747
1785776700,7613.75,7614.5,7611.25,7613.75,4180
1785777000,7613.75,7617.75,7613.75,7616.75,5778
1785777300,7616.5,7619.5,7616.25,7619.25,5393
1785777600,7619.5,7622,7618.25,7621.25,7575
1785777900,7621.25,7623.25,7620,7622.5,5678
1785778200,7622.25,7625.75,7621.75,7625.25,5492
1785778500,7625.5,7626.25,7623,7624,5783
1785778800,7624.25,7625.25,7623.25,7625,2477
1785779100,7625,7627.25,7625,7626.5,5465
1785779400,7626.5,7628.25,7626,7628.25,3963
1785779700,7628,7629.75,7627.25,7628.25,6153
1785780000,7628.25,7633.25,7628,7633,9486
1785780300,7633.25,7635.25,7632.5,7635,7476
1785780600,7634.75,7635.25,7630,7631.75,7253
1785780900,7631.75,7634.75,7630.5,7631.25,4647
1785781200,7631.25,7633.25,7629.5,7631,4856
1785781500,7631,7632,7626.25,7627.25,7749
1785781800,7627.25,7629.75,7625,7626.5,7246
1785782100,7626.75,7629.75,7626.25,7628.25,4980
1785782400,7628.25,7632.75,7627.25,7632.5,6154
1785782700,7632.5,7633.5,7629,7632.5,6653
1785783000,7632.5,7634.25,7630.5,7632.75,5264
1785783300,7632.5,7634,7630.75,7631.25,3369
1785783600,7631,7638.5,7631,7637,9104
1785783900,7637,7637.25,7632,7633.75,6105
1785784200,7633.75,7636,7632.5,7633.5,3672
1785784500,7633.75,7636.25,7633.75,7635.25,3951
1785784800,7635.5,7636.5,7633.75,7636,3648
1785785100,7636,7637.5,7634.25,7635.5,4379
1785785400,7635.5,7637,7633.5,7635.5,5127
1785785700,7635.5,7636.5,7631.25,7631.75,6353
1785786000,7631.75,7633.5,7630.5,7632.5,6577
1785786300,7632.5,7634.5,7631,7633.25,5723
1785786600,7633.25,7635.5,7627.75,7629.25,13974
1785786900,7629,7632,7626.25,7628.5,21740
1785787200,7628.5,7629.25,7625.25,7628.75,7968
1785787500,7628.5,7632.5,7628.5,7631.75,2721
1785787800,7631.75,7633,7630.5,7632.25,1684
1785788100,7632.25,7634.25,7632,7634,1532
1785788400,7634,7638.25,7633.5,7633.5,2401
1785788700,7633.5,7634.25,7632.75,7633,820
1785789000,7633,7634.25,7632.75,7633.5,845
1785789300,7633.5,7635.25,7633.5,7634.5,1070
1785789600,7634.5,7636.75,7634.5,7635.5,1417
1785789900,7635.5,7635.75,7632.5,7632.75,1736
1785790200,7632.75,7633.25,7630.75,7631.5,1443
1785790500,7631.5,7632.25,7630.5,7631.25,1033
1785794400,7630.75,7633.75,7628.75,7631.75,1706
1785794700,7632,7635,7631.5,7634.5,1418
1785795000,7634.5,7635.5,7631.5,7632.5,1246
1785795300,7632.25,7635.25,7632.25,7634.25,640
1785795600,7634.25,7634.75,7633,7634.25,387
1785795900,7634,7634.5,7633,7633.75,530
1785796200,7633.75,7635.75,7633.25,7635,640
1785796500,7634.75,7635.75,7633.5,7635,485
1785796800,7635,7636.75,7635,7635.75,659
1785797100,7635.75,7636,7634,7635.5,536
1785797400,7635.5,7636,7635,7635.75,331
1785797700,7635.75,7636.25,7635.25,7635.25,240
1785798000,7635.5,7635.75,7634.5,7635,485
1785798300,7635.25,7635.5,7633.5,7633.75,607
1785798600,7633.75,7634.5,7633.75,7634.25,249
1785798900,7634.5,7636.5,7634.25,7635.5,534
1785799200,7635.5,7636.25,7634.75,7634.75,346
1785799500,7634.5,7635.25,7634,7634.75,464
1785799800,7634.75,7636.25,7633.75,7636,725
1785800100,7635.75,7636,7632.5,7633,813
1785800400,7633,7633.75,7632.75,7633,490
1785800700,7632.75,7635.75,7632.5,7635,869
1785801000,7635.25,7636,7633,7633.25,620
1785801300,7633.5,7635.75,7633,7635.75,428
1785801600,7635.5,7636.5,7632,7634.75,1359
1785801900,7634.5,7637.5,7634,7636.25,1074
1785802200,7636,7636.5,7633,7634,754
1785802500,7633.75,7634,7631,7632.25,1506
1785802800,7632.25,7634.25,7631.5,7633.25,614
1785803100,7633,7634,7630.75,7631.5,911
1785803400,7631,7632,7630.25,7630.75,836
1785803700,7630.5,7634.75,7629.5,7634.25,2103
1785804000,7634.5,7635.25,7632.75,7634.5,1439
1785804300,7634.75,7635.25,7632.5,7634.5,779
1785804600,7634.25,7636,7633,7634,782
1785804900,7634.25,7634.5,7631.75,7633,966
1785805200,7632.75,7633.25,7629.25,7631.25,2237
1785805500,7631,7633.75,7629.5,7633.5,1192
1785805800,7633.5,7635.25,7633,7634,1021
1785806100,7634,7635.5,7632,7634.5,843
1785806400,7634.5,7636,7634.5,7635.5,836
1785806700,7635.5,7636.5,7633.75,7636,853
1785807000,7636.25,7638.5,7636,7637.75,1950
1785807300,7637.75,7638.5,7635.75,7636.25,980
1785807600,7636.5,7640.25,7636,7640,1915
1785807900,7639.75,7642.5,7639.75,7642,1865
1785808200,7642,7647.5,7641.5,7646.5,3781
1785808500,7646.5,7647.25,7645.5,7646.25,1528
1785808800,7646.5,7647.5,7644.25,7644.5,1806
1785809100,7644.75,7645,7641.25,7642.25,2124
1785809400,7642,7642.25,7639.75,7640.75,1395
1785809700,7640.75,7642.25,7640.75,7642.25,867
1785810000,7642,7642.5,7639,7641.75,1466
1785810300,7641.75,7641.75,7639.75,7639.75,761
1785810600,7640,7643,7640,7641.75,944
1785810900,7642,7644,7641.75,7642.75,828
1785811200,7642.75,7644,7642,7643.75,657
1785811500,7643.75,7644,7641.75,7642.25,587
1785811800,7642.5,7644.5,7641.75,7644.25,510
1785812100,7644,7644.25,7642,7642.5,387
1785812400,7642.25,7644,7641.5,7642,584
1785812700,7642.25,7642.5,7640,7641,789
1785813000,7641,7641.25,7638,7639.5,1137
1785813300,7639.5,7641.5,7639,7640.75,813
1785813600,7640.5,7643,7639.75,7643,914
1785813900,7643,7644.25,7642.5,7643.25,585
1785814200,7643.5,7645.5,7643.5,7645,987
1785814500,7645,7645.5,7644,7644.5,551
1785814800,7644.5,7644.5,7641.75,7642.75,738
1785815100,7642.5,7644.25,7641.5,7643.75,686
1785815400,7644,7645,7643.5,7644,413
1785815700,7644,7645.25,7643.25,7644.5,631
1785816000,7644.75,7645.25,7643.5,7643.75,418
1785816300,7643.5,7644.75,7642.5,7643.5,539
1785816600,7643.75,7643.75,7641.75,7643,393
1785816900,7643,7645.5,7642.75,7645.25,365
1785817200,7645.25,7645.5,7644.5,7645.5,321
1785817500,7645.5,7646,7644.75,7645.5,367
1785817800,7645.5,7646,7645,7645.25,212
1785818100,7645,7645.75,7644.5,7645.25,283
1785818400,7645,7645.5,7645,7645,167
1785818700,7645,7646,7644.5,7645.75,267
1785819000,7645.75,7646.5,7645.25,7645.75,359
1785819300,7646,7646.25,7644.25,7645.5,373
1785819600,7645.25,7645.75,7643.5,7644.5,526
1785819900,7644.5,7645,7643.75,7644.75,189
1785820200,7644.75,7645,7642.5,7643.25,605
1785820500,7643,7644.25,7643,7644.25,383
1785820800,7644.5,7645.5,7644.25,7645.5,388
1785821100,7645.5,7646.25,7644,7645.5,599
1785821400,7645.25,7646.5,7645.25,7646,503
1785821700,7646.25,7649,7646.25,7646.5,1699
1785822000,7646.25,7648,7645.75,7647.25,609
1785822300,7647,7647.25,7646,7646.75,462
1785822600,7646.5,7647.75,7646.25,7646.75,306
1785822900,7646.5,7647.75,7646.25,7647.5,346
1785823200,7647.5,7648.25,7646.5,7648,654
1785823500,7647.75,7649,7647.5,7648.75,537
1785823800,7648.75,7650,7648.25,7649.75,1044
1785824100,7650,7650,7647.25,7647.75,559
1785824400,7648,7649,7647.25,7648,573
1785824700,7647.75,7649,7647,7647.25,631
1785825000,7647,7648.25,7646.5,7646.5,668
1785825300,7646.5,7646.75,7644,7644.75,940
1785825600,7644.75,7645.25,7642.75,7644,709
1785825900,7644,7644.75,7643.5,7644.25,558
1785826200,7644.25,7644.75,7643.75,7644.25,422
1785826500,7644,7644.75,7643,7644.75,504
1785826800,7644.5,7647.5,7643.75,7646.25,1598
1785827100,7646.25,7646.5,7641.75,7642.25,1183
1785827400,7642.25,7643.25,7641.25,7642.75,1047
1785827700,7643,7645,7642.5,7643,894
1785828000,7643.25,7644,7642.5,7644,464
1785828300,7644.25,7646.25,7644,7644.75,1003
1785828600,7645.25,7648.5,7644.75,7646.25,1397
1785828900,7646,7646.5,7642.75,7644.25,994
1785829200,7644.25,7644.75,7641.75,7642.5,732
1785829500,7642.5,7647,7641.75,7646.75,990
1785829800,7646.5,7646.75,7643,7643.25,979
1785830100,7643,7643.75,7642.25,7643.5,851
1785830400,7643.5,7644.75,7642.5,7644,1079
1785830700,7644,7645.25,7642.75,7643.25,1078
1785831000,7643.25,7644,7642,7644,718
1785831300,7643.5,7645.5,7643.25,7644.5,652
1785831600,7644.75,7646,7642.75,7643.5,1036
1785831900,7643.5,7643.75,7642,7643.5,503
1785832200,7643,7643,7638,7639,2131
1785832500,7639.5,7639.75,7637.75,7639,1114
1785832800,7639,7639.5,7637,7638.25,902
1785833100,7638.25,7638.5,7635,7636,1508
1785833400,7636,7636.75,7635.25,7636,594
1785833700,7636,7638.5,7636,7637.25,943
1785834000,7637,7637.25,7634.25,7635.5,1013
1785834300,7635.25,7635.5,7632.75,7633.25,1219
1785834600,7633.5,7634.5,7631.75,7633.75,1083
1785834900,7634,7634.25,7631.75,7633.25,775
1785835200,7633.5,7634,7632.5,7633,576
1785835500,7633,7634.5,7632.25,7634.5,543
1785835800,7634.25,7636,7634,7635.75,846
1785836100,7636,7637.25,7635.5,7637.25,705
1785836400,7637.25,7638.25,7637,7637.75,587
1785836700,7637.75,7639,7635.25,7638.25,2333
1785837000,7637.75,7638.25,7634.5,7635,744
1785837300,7634.75,7637.5,7634.5,7637.5,525
1785837600,7637.75,7638,7636.25,7636.75,593
1785837900,7637,7638.5,7636.25,7638,526
1785838200,7638,7639.75,7637.75,7638.5,943
1785838500,7638.5,7638.75,7636,7637.25,851
1785838800,7637,7638.25,7636,7637.5,458
1785839100,7637.75,7638.25,7636.25,7636.5,456
1785839400,7636.5,7642.25,7635.75,7640.75,3147
1785839700,7640.75,7640.75,7638.5,7639.25,1064
1785840000,7639,7645,7638,7643.75,2822
1785840300,7643.25,7647.75,7642.75,7644.75,4117
1785840600,7644.75,7645.5,7641.5,7644,1845
1785840900,7643.75,7644.5,7641.75,7643,1196
1785841200,7643.25,7645.25,7642,7644,1424
1785841500,7644,7644,7641.5,7642.5,752
1785841800,7642.25,7644.5,7641.75,7643.5,898
1785842100,7643.25,7644.75,7643,7644.25,582
1785842400,7644.25,7647.25,7644.25,7645,1207
1785842700,7645.25,7648.75,7645,7648.25,1409
1785843000,7648.5,7648.75,7647,7647.5,960
1785843300,7647.75,7648,7646.5,7647.25,833
1785843600,7647,7657.25,7645.25,7654.75,6649
1785843900,7654.75,7655,7651.75,7654,3228
1785844200,7653.75,7658,7653,7655.75,3167
1785844500,7655.75,7656.25,7652,7654.5,2149
1785844800,7654.5,7655.25,7652.75,7654.25,1740
1785845100,7654.25,7655.5,7651.25,7654.75,1643
1785845400,7654.75,7655,7651.75,7651.75,949
1785845700,7651.75,7654.75,7651.5,7654.25,1709
1785846000,7654.5,7655.5,7654,7655,1436
1785846300,7655,7655.5,7654,7654.5,981
1785846600,7654.75,7655.25,7652.5,7655,1253
1785846900,7654.75,7656,7654.25,7654.5,927
1785847200,7654.5,7655.75,7654.25,7655.25,589
1785847500,7655.25,7655.5,7651,7651.75,1663
1785847800,7651.75,7653.5,7651.5,7652.25,998
1785848100,7652.25,7652.75,7651,7651.5,999
1785848400,7651,7653.25,7649.25,7652.5,2920
1785848700,7652.5,7654.75,7652.5,7653.75,1601
1785849000,7653.75,7654.5,7653.25,7654,1510
1785849300,7654,7656.5,7653.25,7653.5,2471
1785849600,7653.25,7664.75,7653.25,7657.5,13141
1785849900,7657.5,7662,7656.5,7657.75,6671
1785850200,7657.5,7670.25,7656,7669.75,25226
1785850500,7669.75,7673.25,7666.25,7670.25,20662
1785850800,7670.5,7673.5,7667.5,7670,15048
1785851100,7670,7677,7669.75,7676.75,18562
1785851400,7677,7686.75,7675.25,7686,20504
1785851700,7685.75,7686.25,7678.25,7685.25,14820
1785852000,7685.25,7693.25,7682.5,7690.75,18454
1785852300,7690.75,7697.75,7689.75,7695.5,14948
1785852600,7695.5,7700.5,7694.75,7700.5,11326
1785852900,7700.5,7706.25,7699.5,7704.75,16786
1785853200,7704.75,7705,7693.5,7695.5,21801
1785853500,7695.25,7700.75,7695,7696.75,14415
1785853800,7696.75,7702.5,7692.75,7701.5,15474
1785854100,7701.5,7709.75,7699.75,7704,19052
1785854400,7704,7711.25,7703,7710.25,10744
1785854700,7710.25,7712,7707.75,7711,9437
1785855000,7711.25,7712.75,7708.5,7711,8057
1785855300,7711.25,7716.5,7710.25,7715.5,9229
1785855600,7715.25,7721.25,7713.75,7721,12693
1785855900,7720.75,7721.25,7715.75,7720.75,10566
1785856200,7720.5,7724,7719.25,7721.25,8474
1785856500,7721.5,7726,7721,7725.75,8144
1785856800,7725.75,7730,7724.25,7730,9424
1785857100,7730,7731.25,7725,7726,10112
1785857400,7725.75,7728.25,7724,7725,7358
1785857700,7724.75,7733.5,7724.5,7730.25,17269
1785858000,7730.25,7735.75,7729.5,7735.25,8166
1785858300,7735.25,7739.5,7735,7738.75,8750
1785858600,7738.75,7741.25,7733.75,7734.5,12288
1785858900,7734.5,7738.5,7734,7736.5,6066
1785859200,7736.5,7741,7736,7739.75,6660
1785859500,7739.5,7741.75,7735.25,7736,8288
1785859800,7736,7737.25,7733.25,7734.5,6611
1785860100,7734.5,7740,7734.5,7739.25,6144
1785860400,7739.25,7745.25,7738.75,7744.5,8998
1785860700,7744.5,7745.75,7742.25,7744.5,5087
1785861000,7744.5,7748.75,7742.25,7747.25,6499
1785861300,7747.5,7749.25,7744.5,7747.25,5605
1785861600,7747.25,7752.75,7746,7752.25,7198
1785861900,7752.25,7754.75,7752,7754.5,7244
1785862200,7754.25,7755.75,7753.25,7754.25,5026
1785862500,7754.25,7755.25,7753,7755,4295
1785862800,7755.25,7763.25,7754.25,7762.75,10957
1785863100,7762.75,7765.75,7760,7763,10085
1785863400,7763,7765,7761.75,7764.75,5941
1785863700,7765,7769,7765,7766.25,8614
1785864000,7766.25,7766.75,7762,7764.75,7336
1785864300,7764.75,7767.25,7764,7765.25,5732
1785864600,7765.25,7766.5,7762,7766.25,6520
1785864900,7766,7771.75,7765.75,7771,7892
1785865200,7771.25,7776.5,7771,7775.75,7658
1785865500,7776,7783.75,7776,7779.75,10926
1785865800,7779.75,7779.75,7768.75,7771,13416
1785866100,7771,7774,7768,7768,6565
1785866400,7768,7772.5,7763.25,7765.5,15686
1785866700,7765.75,7772.25,7764.75,7770.75,7942
1785867000,7770.5,7774.75,7769.25,7774,7298
1785867300,7774.25,7776.25,7772,7773.25,6939
1785867600,7773.5,7777,7772.5,7773.75,9457
1785867900,7773.5,7776.25,7772.25,7775.75,4452
1785868200,7776,7777,7773.25,7774,4874
1785868500,7773.5,7775.5,7769.75,7771,6938
1785868800,7770.75,7771,7766,7769.25,8542
1785869100,7769.5,7775.25,7769.25,7772.75,7621
1785869400,7772.5,7775,7771.25,7771.75,5104
1785869700,7772,7773.5,7771.25,7773,4485
1785870000,7773,7782,7772.5,7779.75,12203
1785870300,7780,7782.25,7777.5,7782.25,7417
1785870600,7782.25,7782.5,7779.25,7780.75,4665
1785870900,7780.75,7783,7779.5,7782,4677
1785871200,7782,7783.25,7779,7780,5377
1785871500,7780,7781,7773,7775.25,9700
1785871800,7775,7778.25,7773,7777.75,7762
1785872100,7777.75,7780.75,7774.75,7779.25,6964
1785872400,7779.25,7785.25,7779,7784.25,8573
1785872700,7784.25,7786,7779.25,7780.75,8314
1785873000,7780.75,7782.75,7769,7769.25,17778
1785873300,7769.25,7775.5,7761.25,7764.25,29408
1785873600,7764.25,7775,7763.25,7774.25,13266
1785873900,7774.5,7781,7774,7774.5,6393
1785874200,7774.75,7775.5,7771.25,7773.75,2289
1785874500,7773.5,7773.5,7761.5,7764,5765
1785874800,7764.5,7771,7763.5,7767.25,2810
1785875100,7767.5,7771.25,7765.25,7766.75,1686
1785875400,7766.75,7769.5,7766,7766.75,1757
1785875700,7766.75,7769,7765.5,7766.75,1448
1785876000,7766.75,7773.25,7766.25,7771,2159
1785876300,7771,7775.25,7770.25,7773.75,1861
1785876600,7774,7774,7770.25,7772.5,1149
1785876900,7772.25,7775.5,7772,7774.5,1557
1785880800,7772.75,7775,7771,7773.5,1273
1785881100,7773.5,7778.25,7773.5,7776,1618
1785881400,7776,7778.5,7775.75,7778.5,790
1785881700,7778,7779.75,7777.5,7779.75,1049
1785882000,7779.5,7781.5,7777.75,7777.75,1288
1785882300,7777.75,7781,7777.25,7780.25,766
1785882600,7780.25,7782.5,7779.25,7781.5,930
1785882900,7781.5,7783.25,7780,7780.5,931
1785883200,7781,7781,7777.75,7778,1111
1785883500,7778.25,7779.75,7777.5,7778,969
1785883800,7778,7779.25,7777.5,7778.25,547
1785884100,7778.25,7781,7778.25,7780.5,534
1785884400,7780.75,7783,7778.5,7782,986
1785884700,7782.25,7783,7781.75,7782,562
1785885000,7782.25,7782.75,7781.25,7782,560
1785885300,7782,7782.75,7781.75,7782.5,372
1785885600,7782.25,7782.5,7780.5,7780.5,389
1785885900,7780.5,7780.5,7779,7779.25,553
1785886200,7779.5,7779.75,7776.25,7776.75,1021
1785886500,7776.75,7777.5,7776,7776.75,559
1785886800,7776.75,7780.25,7776.75,7779.25,1485
1785887100,7779.25,7781.25,7777.25,7778.5,1322
1785887400,7778.75,7780.5,7777.25,7778.25,818
1785887700,7778.25,7780.5,7777.25,7777.25,726
1785888000,7777.75,7780,7776,7778.5,1616
1785888300,7778.5,7780.25,7777.5,7777.75,1049
1785888600,7777.75,7780.5,7777.5,7780,660
1785888900,7780.25,7780.5,7778.75,7779.75,586
1785889200,7780.25,7785,7778.75,7782,1562
1785889500,7782.25,7783.75,7781.5,7783.25,823
1785889800,7783.25,7785.5,7783.25,7784,1354
1785890100,7784.25,7784.5,7780.75,7781.75,1105
1785890400,7781.75,7782.75,7780.5,7780.5,617
1785890700,7780.25,7781.5,7778.75,7780.75,986
1785891000,7781,7784.5,7779.5,7783.5,1147
1785891300,7783.5,7784.5,7782.5,7784.25,685
1785891600,7784.5,7784.5,7779.25,7780.5,1486
1785891900,7780.5,7783,7780.25,7782.75,612
1785892200,7782.75,7784.25,7781.75,7782.5,775
1785892500,7782.25,7782.5,7778.5,7779,1198
1785892800,7779.25,7780.5,7778,7778.75,939
1785893100,7778.75,7779.25,7777.75,7779,736
1785893400,7779,7780.75,7778.5,7779.25,889
1785893700,7779.5,7783.5,7779.5,7783.25,952
1785894000,7783.25,7783.75,7781.25,7782.25,836
1785894300,7782.25,7784.75,7782.25,7784.5,1008
1785894600,7784.5,7784.75,7783.5,7784,665
1785894900,7784.25,7786,7783.5,7784.25,1020
1785895200,7784.25,7788.75,7783.75,7783.75,2873
1785895500,7784,7786,7783,7785.5,808
1785895800,7785.25,7786.25,7784.5,7785.5,462
1785896100,7785.75,7787.25,7784.75,7787,529
1785896400,7787,7787.25,7785,7785.5,677
1785896700,7785,7786,7784.25,7785.25,554
1785897000,7785,7785.75,7783.5,7785.5,613
1785897300,7785.75,7786,7784.25,7784.5,478
1785897600,7784.5,7786.5,7784.5,7786.25,528
1785897900,7786.5,7788.5,7786.25,7787.25,1278
1785898200,7787.5,7788.75,7787,7788,750
1785898500,7788.25,7788.25,7786.75,7786.75,387
1785898800,7786.75,7789.75,7786.25,7789.25,1023
1785899100,7789.5,7790.75,7789,7790,1172
1785899400,7790,7792,7789.75,7790.75,1111
1785899700,7791,7792.25,7790.75,7791.25,928
1785900000,7791.25,7792,7788.75,7788.75,957
1785900300,7789,7789.25,7787.25,7787.5,773
1785900600,7787.25,7789,7786.25,7788.5,959
1785900900,7788.5,7791,7788.25,7790.75,646
1785901200,7790.75,7791.5,7790,7791,562
1785901500,7791,7792,7789.25,7790.5,629
1785901800,7790.5,7792,7790.25,7791.25,410
1785902100,7791.25,7792.25,7791,7792,287
1785902400,7792,7793.5,7791.75,7792,780
1785902700,7792,7792.75,7791.5,7792.25,536
1785903000,7792.5,7792.75,7790.5,7791,969
1785903300,7791,7791.25,7789.5,7789.75,624
1785903600,7790,7790,7788,7788.5,606
1785903900,7788.5,7789.75,7788.25,7789.5,699
1785904200,7789.25,7791.25,7788.75,7790.5,698
1785904500,7790.75,7791.5,7790.25,7791.25,540
1785904800,7791,7792,7791,7791.5,367
1785905100,7791.25,7791.75,7790.75,7790.75,309
1785905400,7790.75,7791.25,7789.25,7790.75,470
1785905700,7791,7792.5,7790.75,7791.25,466
1785906000,7791.25,7792.25,7790.5,7791.5,445
1785906300,7791.5,7794,7791.5,7793.5,793
1785906600,7793.25,7795.25,7793.25,7794.5,648
1785906900,7794.5,7795.5,7794.25,7795.25,473
1785907200,7795.25,7795.75,7794.75,7795.25,272
1785907500,7795.25,7796,7794,7794.25,401
1785907800,7794.25,7795,7793.25,7794.25,793
1785908100,7794.25,7795,7793.75,7794.25,335
1785908400,7794.25,7796.25,7793.75,7796,372
1785908700,7796.25,7797.25,7795.75,7796.75,486
1785909000,7797,7799.5,7796.5,7799,1208
1785909300,7799,7799.75,7798.25,7798.75,759
1785909600,7798.5,7799,7797.25,7798,557
1785909900,7797.75,7799.25,7797,7799,336
1785910200,7798.75,7799.5,7798.5,7798.75,334
1785910500,7798.75,7798.75,7796.75,7797,390
1785910800,7797.25,7797.5,7793,7794,1111
1785911100,7794,7794.25,7791.5,7793,1059
1785911400,7793,7795.5,7792.5,7795.25,998
1785911700,7795,7796,7794.5,7795,476
1785912000,7795,7795.25,7793.75,7794.5,355
1785912300,7794.5,7796,7794,7795.75,431
1785912600,7795.5,7795.75,7793.75,7794.5,311
1785912900,7794.25,7798.25,7794.25,7798,513
1785913200,7798.25,7799.5,7795.5,7795.75,1926
1785913500,7795.75,7797.75,7794.5,7794.75,968
1785913800,7795,7795,7792.25,7793.75,810
1785914100,7794,7794.75,7792.75,7794,575
1785914400,7793.25,7794.5,7792.25,7792.75,940
1785914700,7793,7793.25,7790.5,7790.75,1493
1785915000,7791,7792.25,7789,7789.25,992
1785915300,7789.25,7791.25,7788,7791.25,1033
1785915600,7791.25,7792.25,7790.25,7791,650
1785915900,7791,7792.75,7790.5,7791.5,594
1785916200,7791.25,7792.5,7789.5,7791,440
1785916500,7790.5,7793,7790.5,7793,545
1785916800,7793,7796.5,7792,7796.25,1159
1785917100,7796,7796.75,7792,7793,1021
1785917400,7792.75,7793.25,7786.25,7787.75,1627
1785917700,7788,7789.25,7786.25,7787.25,1031
1785918000,7787.5,7787.5,7783,7783.5,1802
1785918300,7783.5,7785.5,7782.25,7785,1046
1785918600,7785.25,7785.5,7781.75,7783,843
1785918900,7783,7785.5,7781.75,7783,1161
1785919200,7782.75,7783.75,7780.5,7782.5,1315
1785919500,7782.75,7783.5,7780,7783.25,1044
1785919800,7783.5,7784.25,7781.75,7782.25,783
1785920100,7782,7785.25,7781.75,7784.25,906
1785920400,7784.25,7786,7782.5,7784.75,995
1785920700,7784.75,7787.25,7784.5,7786.75,610
1785921000,7786.75,7788,7785.5,7786,706
1785921300,7785.75,7786.25,7783.75,7785.5,816
1785921600,7785.5,7788,7785.5,7787.75,715
1785921900,7787.75,7788.75,7786.5,7788.75,768
1785922200,7789,7791.5,7788.5,7791.5,982
1785922500,7791.25,7792.25,7789,7789.5,868
1785922800,7789.75,7790.5,7788.5,7790.25,700
1785923100,7790,7791,7787.25,7787.5,848
1785923400,7787.5,7789.75,7787.5,7789.25,469
1785923700,7789.25,7789.5,7788.25,7788.25,400
1785924000,7788.5,7789.75,7787.75,7789,481
1785924300,7789.25,7790,7788.75,7789.5,464
1785924600,7789.5,7789.75,7787.5,7789.25,557
1785924900,7788.75,7791.25,7788.25,7791,796
1785925200,7791,7792.25,7789.75,7792,570
1785925500,7791.75,7793.5,7791.5,7793.25,734
1785925800,7793,7794.5,7791.75,7794.25,801
1785926100,7794.25,7795,7793,7793,561
1785926400,7792.75,7793.5,7792,7793.25,446
1785926700,7793.25,7796.75,7792.5,7794,2876
1785927000,7793.75,7798,7793.25,7797.5,966
1785927300,7797.75,7797.75,7796.25,7797.5,636
1785927600,7797.75,7798.25,7795,7796.5,1307
1785927900,7796,7799,7795.25,7798.75,1077
1785928200,7798.75,7799,7795.75,7797.5,820
1785928500,7797.5,7798.5,7797,7797.5,595
1785928800,7797.5,7798.5,7797,7798.5,439
1785929100,7798.5,7799.75,7794.5,7794.5,1298
1785929400,7794.5,7798,7793.25,7797.75,1558
1785929700,7797.75,7798,7795.75,7796.75,767
1785930000,7796.75,7797.25,7794.5,7794.5,651
1785930300,7794.25,7797.25,7792.75,7797.25,1579
1785930600,7797,7798.5,7795.5,7796.25,1188
1785930900,7796.25,7798.25,7796,7798.25,632
1785931200,7798,7802,7797.5,7799.5,2814
1785931500,7799.25,7800.5,7798.25,7798.5,1414
1785931800,7798.75,7802.25,7798.25,7800.5,1038
1785932100,7800.5,7803,7799,7802,1554
1785932400,7801.75,7804,7801,7802.75,1873
1785932700,7802.75,7806,7801.5,7803.25,3013
1785933000,7803.5,7804.25,7795.5,7801,3888
1785933300,7801.25,7804,7801.25,7801.5,2095
1785933600,7801.75,7802.75,7800.75,7802.5,898
1785933900,7802.5,7803.5,7800.75,7802.75,1449
1785934200,7802.5,7802.75,7799.5,7800,920
1785934500,7800,7801.25,7798.5,7799.75,1856
1785934800,7799.5,7804.25,7799.5,7803.75,2474
1785935100,7803.75,7808,7803.25,7807.5,3739
1785935400,7807.75,7808.5,7806,7806.5,2595
1785935700,7806.5,7807.25,7804.5,7805.75,3120
1785936000,7806,7806.5,7803,7803.75,2639
1785936300,7803.75,7809.75,7803.75,7809.5,6298
1785936600,7809.5,7819.5,7804,7814,31843
1785936900,7813.75,7820.25,7804.5,7817,30952
1785937200,7817.25,7820.25,7810.25,7817.25,17284
1785937500,7817.25,7818.75,7804.75,7805.5,16430
1785937800,7805.75,7810.75,7794.75,7810.75,26979
1785938100,7810.75,7819.25,7805.5,7819,15878
1785938400,7818.75,7818.75,7801,7809.75,21948
1785938700,7810,7817.5,7807.75,7812.5,15172
1785939000,7812.75,7817.5,7809.75,7813.75,10385
1785939300,7814,7816.75,7808.25,7808.5,9011
1785939600,7808.5,7810.25,7799.25,7809.75,19207
1785939900,7809.75,7814.25,7799.25,7799.75,16475
1785940200,7799.75,7802.5,7794,7798.25,23363
1785940500,7798,7800.5,7790.25,7791.25,16005
1785940800,7791.25,7796.25,7788,7792,18650
1785941100,7792,7799.75,7790.25,7798,13203
1785941400,7797.75,7800.5,7778.25,7783.25,26567
1785941700,7783,7789.25,7778.75,7786.25,14836
1785942000,7786.25,7791.5,7785,7787.75,16531
1785942300,7788,7790.5,7783.25,7788,11099
1785942600,7787.75,7791.25,7781.5,7782.25,11327
1785942900,7782.25,7783.5,7764.5,7775.75,29234
1785943200,7775.75,7778.5,7772.25,7773.25,12927
1785943500,7773.25,7774.25,7766.5,7769,15254
1785943800,7768.75,7777,7768.25,7770.5,10516
1785944100,7770.5,7774.5,7769.25,7773,7391
1785944400,7773,7774.25,7768.25,7771.75,7796
1785944700,7771.5,7771.75,7764.25,7765,10174
1785945000,7764.75,7767.5,7762.75,7763.75,10779
1785945300,7763.75,7764.25,7754.5,7757.75,17339
1785945600,7757.75,7761.75,7752.25,7760,14542
1785945900,7760.25,7760.25,7750.5,7754,12678
1785946200,7754,7756.5,7750.75,7756.25,9132
1785946500,7756,7763.75,7753.75,7757.75,12410
1785946800,7757.75,7769.25,7756.75,7762.25,17417
1785947100,7762.25,7772.5,7762,7772.25,12016
1785947400,7772.25,7773.75,7763.25,7768.25,10292
1785947700,7768.25,7769.75,7764.5,7766.5,5866
1785948000,7766.75,7771.5,7765,7767.25,6745
1785948300,7767.25,7769,7764,7765.5,5803
1785948600,7765.25,7772,7764.75,7771.25,7242
1785948900,7771,7773,7767.75,7769.75,6304
1785949200,7769.75,7773,7764.25,7765.5,7514
1785949500,7765.25,7767.25,7762,7764.75,7856
1785949800,7764.75,7769,7762,7766.75,6070
1785950100,7766.5,7769.75,7763.5,7765,5680
1785950400,7765.25,7766,7761.25,7766,4755
1785950700,7765.75,7769.5,7764,7764.75,4940
1785951000,7764.75,7769,7762.5,7767.5,4998
1785951300,7767.5,7769.5,7766.25,7768.25,3770
1785951600,7768,7771.75,7768,7768.75,5155
1785951900,7768.75,7771,7765,7770,4877
1785952200,7770.25,7771.5,7767.5,7767.75,3621
1785952500,7767.75,7769.75,7766,7767,3507
1785952800,7767,7773.75,7766.75,7772.75,4864
1785953100,7773,7774.75,7768.25,7771,7108
1785953400,7771,7772.75,7769,7769.5,3195
1785953700,7769.5,7772.75,7768.25,7772,3460
1785954000,7771.75,7772.25,7769,7770.25,3319
1785954300,7770,7773,7769.5,7771,3333
1785954600,7770.75,7771,7763.5,7765.25,9255
1785954900,7765.25,7768.75,7765,7766.5,4068
1785955200,7766.5,7768.5,7765.5,7767.75,3225
1785955500,7767.5,7771.5,7767,7770,4034
1785955800,7770,7771.5,7768,7769.25,3373
1785956100,7769.25,7769.5,7765,7765.25,4298
1785956400,7765.5,7768,7763.75,7767.75,4842
1785956700,7767.75,7770,7766.75,7768.25,3778
1785957000,7768.5,7769.5,7766.75,7769,3831
1785957300,7769,7771,7768,7769.75,4071
1785957600,7770,7771.5,7767.75,7770,4161
1785957900,7769.75,7771,7768.75,7769.25,3458
1785958200,7769,7770.25,7764.75,7766.5,5786
1785958500,7766.5,7766.5,7763.5,7764,4865
1785958800,7764,7767.5,7763.75,7766,3961
1785959100,7766,7768,7763,7766,6601
1785959400,7766,7768.5,7764.5,7766,8806
1785959700,7766,7767.5,7745.75,7748,27099
1785960000,7748,7754.5,7747,7753.25,10199
1785960300,7753,7755,7748.25,7754.25,4329
1785960600,7754.25,7760.5,7753.25,7759.75,3103
1785960900,7759.75,7760.5,7754.75,7755,2377
1785961200,7755,7758.25,7755,7757.75,1240
1785961500,7757.75,7758,7756,7757,746
1785961800,7757.25,7760.5,7756.5,7760.25,1136
1785962100,7760.25,7760.5,7758.5,7759,990
1785962400,7759,7761.25,7758.5,7761,991
1785962700,7761,7761.75,7758.25,7759.75,1318
1785963000,7759.5,7760.25,7758.5,7760,503
1785963300,7759.75,7760.75,7758,7758.5,1066
1785967200,7758,7761,7757,7758.75,1257
1785967500,7759.25,7760.25,7757,7758,906
1785967800,7758.25,7759,7756.75,7757.75,636
1785968100,7758.25,7762,7757.75,7761.25,949
1785968400,7761.5,7767.75,7761.25,7767,2491
1785968700,7767.25,7767.5,7766,7767,1209
1785969000,7767,7770.75,7765.75,7770.5,2026
1785969300,7770.75,7771,7769.25,7769.75,912
1785969600,7769.5,7769.75,7768.25,7768.75,621
1785969900,7769,7771,7767.5,7767.75,1448
1785970200,7768,7768.25,7764.75,7765.25,1528
1785970500,7765.5,7765.75,7764,7764.25,750
1785970800,7764.25,7765.25,7762.75,7764.25,1074
1785971100,7764,7765.25,7763.75,7764.75,533
1785971400,7764.5,7766.5,7764.25,7766.25,790
1785971700,7766,7766.25,7765,7765.5,488
1785972000,7765.25,7766.75,7765,7765.75,579
1785972300,7765.75,7768,7765.5,7765.75,717
1785972600,7765.75,7767,7763,7763,1102
1785972900,7763.5,7765.25,7761.5,7764,1746
1785973200,7763.75,7765.25,7762.75,7763,491
1785973500,7763,7763.25,7759.75,7761.5,1660
1785973800,7761.25,7762.5,7761,7761.75,666
1785974100,7761.75,7762.25,7760.25,7761.75,503
1785974400,7762,7763.25,7757.5,7761.75,2414
1785974700,7761.25,7763.25,7760,7761.5,1400
1785975000,7761.75,7761.75,7757.5,7760.25,1329
1785975300,7760,7761,7756,7761,1525
1785975600,7760.75,7762.5,7759.5,7762.5,914
1785975900,7762.25,7762.5,7757.25,7758,1010
1785976200,7758,7760,7757.75,7759.25,883
1785976500,7759.5,7760.25,7758.25,7759,772
1785976800,7759.5,7762,7759.25,7760.25,1082
1785977100,7760,7761.25,7758.75,7759.5,652
1785977400,7759.5,7759.5,7757.5,7757.75,592
1785977700,7757.75,7758.5,7756.75,7757,594
1785978000,7757,7757.75,7754.25,7754.75,2022
1785978300,7755,7755.75,7753.75,7755,1643
1785978600,7754.75,7756,7752.75,7755,1345
1785978900,7755.25,7755.25,7751.5,7752.25,1267
1785979200,7752,7752,7750,7751,1313
1785979500,7751,7751.25,7748,7750,1871
1785979800,7750,7754.5,7749.25,7752,1945
1785980100,7752,7753.75,7750.75,7753.25,937
1785980400,7753.5,7753.5,7750.25,7750.75,1118
1785980700,7750.5,7755.5,7750.5,7755.25,1511
1785981000,7755.25,7756.25,7753.75,7755.5,1066
1785981300,7755.5,7756.5,7754.25,7755,607
1785981600,7755,7758.5,7754.75,7758.25,1447
1785981900,7758,7761.5,7758,7761.5,1624
1785982200,7761.25,7763.75,7759.25,7760.75,2602
1785982500,7761,7761.75,7759.5,7761,672
1785982800,7761,7764,7760.75,7762.5,878
1785983100,7762.75,7762.75,7760,7760.5,707
1785983400,7760.25,7763.5,7758.5,7762.5,1222
1785983700,7762.5,7762.75,7761,7762.5,486
1785984000,7762.25,7767,7762.25,7767,1310
1785984300,7767.25,7768,7765.25,7767,1406
1785984600,7767,7767,7764.75,7765.5,549
1785984900,7765.5,7765.5,7763.75,7765,519
1785985200,7765,7767.25,7764.25,7767,576
1785985500,7767,7767.25,7764.75,7765.25,513
1785985800,7765.25,7766.25,7765,7765,298
1785986100,7765,7765.75,7762.75,7763.25,721
1785986400,7763,7764,7761.25,7761.75,1032
1785986700,7761.5,7761.75,7760,7760.25,756
1785987000,7760.75,7762,7759,7760.75,725
1785987300,7760.75,7762.75,7760.5,7762,611
1785987600,7762,7763,7760.75,7761.75,389
1785987900,7761.75,7763.25,7761,7762.5,384
1785988200,7762.75,7763.25,7759.5,7760.5,568
1785988500,7760.25,7763.75,7760,7763.25,520
1785988800,7763.75,7763.75,7759.5,7760.75,551
1785989100,7761,7763.75,7760.75,7762.5,351
1785989400,7762.25,7763.25,7761,7761,334
1785989700,7761,7763.25,7761,7762,290
1785990000,7762.25,7764.25,7761.75,7764,369
1785990300,7764.25,7765,7763.25,7763.75,644
1785990600,7763.75,7765.75,7761.75,7762.75,515
1785990900,7762.75,7763.5,7760,7760.5,476
1785991200,7760.5,7761.25,7759.75,7760.75,350
1785991500,7760.5,7761.75,7760,7760.75,281
1785991800,7760.5,7763,7760.5,7762.75,385
1785992100,7763,7763.25,7761.75,7763.25,230
1785992400,7763,7764.75,7761.25,7763.75,651
1785992700,7763.5,7765.5,7763,7764.5,328
1785993000,7764.5,7764.5,7762.5,7763.5,382
1785993300,7763.75,7764.5,7761.5,7763.25,445
1785993600,7763.25,7765.5,7763.25,7763.5,524
1785993900,7763.75,7764.5,7763.25,7763.75,132
1785994200,7763.75,7764,7761.25,7762.25,263
1785994500,7762.25,7763.5,7761.25,7762,287
1785994800,7762,7764.25,7761.25,7764,337
1785995100,7764.25,7764.5,7760.5,7761.25,532
1785995400,7761,7764,7760.75,7763.25,265
1785995700,7763.5,7765.5,7762.5,7765,300
1785996000,7765.25,7765.25,7761,7762.25,458
1785996300,7762.5,7762.5,7760,7760.5,382
1785996600,7760.5,7760.75,7755.25,7756.25,1089
1785996900,7756.25,7757.25,7753.75,7755.5,1002
1785997200,7755.25,7759.25,7754.25,7758.75,774
1785997500,7759,7761.5,7758.75,7761.25,956
1785997800,7761,7761.5,7756.75,7758.75,652
1785998100,7759,7759.75,7757,7757.25,513
1785998400,7757.25,7757.5,7755.25,7757.5,465
1785998700,7757.5,7758.25,7755.25,7756.75,510
1785999000,7757,7758,7756.5,7758,298
1785999300,7758,7760.5,7757.75,7759.75,600
1785999600,7759.75,7760.5,7758,7758.75,940
1785999900,7758.75,7762.75,7758.25,7762,825
1786000200,7762.25,7764.5,7761.75,7763.5,608
1786000500,7763.25,7764.25,7762.25,7763.5,600
1786000800,7763.75,7764,7761.5,7761.5,529
1786001100,7761.25,7762.5,7759.75,7760,515
1786001400,7760.25,7760.25,7758,7759.5,528
1786001700,7759.25,7759.5,7754.75,7756,718
1786002000,7755.75,7756.5,7755.25,7756,424
1786002300,7756.25,7759,7755,7758,974
1786002600,7758.25,7758.5,7756.5,7757.5,551
1786002900,7757.5,7759.25,7757.25,7758.25,337
1786003200,7758.25,7759,7750,7752.5,2229
1786003500,7752.5,7757.25,7752,7754,1124
1786003800,7753.75,7754.25,7751.5,7753.25,1147
1786004100,7753.25,7755.5,7751.75,7754.5,678
1786004400,7754.75,7755.75,7752.75,7755.25,566
1786004700,7755.25,7760.75,7755.25,7760.5,1289
1786005000,7760.5,7763.75,7760,7763.25,1059
1786005300,7763,7763.75,7760.5,7761.5,824
1786005600,7761.5,7762.5,7761.25,7761.5,364
1786005900,7761.25,7762.25,7760,7762.25,668
1786006200,7762.25,7765.5,7762,7765,1019
1786006500,7765.25,7765.25,7763.5,7765,550
1786006800,7765,7765,7758.75,7759.75,988
1786007100,7759.5,7760.25,7756.25,7757.25,923
1786007400,7757.25,7757.25,7755,7756.25,746
1786007700,7756.5,7760.5,7756.25,7759.75,1221
1786008000,7759.75,7761.25,7759.25,7760.25,432
1786008300,7760,7761.5,7759.25,7760.25,391
1786008600,7760.25,7760.75,7758.25,7759.75,350
1786008900,7760,7760.75,7759.25,7760.5,309
1786009200,7760.25,7762.25,7759.75,7761,466
1786009500,7760.75,7764.75,7760.75,7764.5,634
1786009800,7764.5,7765.25,7763,7765,420
1786010100,7765,7767.5,7764.75,7767,976
1786010400,7767,7767.25,7764.5,7764.5,789
1786010700,7764.75,7765,7763.25,7764.25,808
1786011000,7764.5,7764.5,7763,7763.5,437
1786011300,7763.25,7765,7762,7764.5,527
1786011600,7764.5,7765.25,7763.25,7764.75,477
1786011900,7764.75,7766.25,7764.75,7765.25,314
1786012200,7765.5,7765.5,7762.5,7763.25,528
1786012500,7763.25,7763.75,7761.25,7761.5,562
1786012800,7761.75,7761.75,7759,7760,906
1786013100,7759.75,7761.75,7758.75,7761.5,917
1786013400,7761.25,7762,7759.75,7760,533
1786013700,7760.25,7762,7759.5,7761.75,408
1786014000,7761.5,7762,7753,7755,3071
1786014300,7754.75,7756.5,7750.5,7756.25,2591
1786014600,7756.25,7757,7754.5,7755.75,1057
1786014900,7756,7760.25,7755.75,7760,1751
1786015200,7760.25,7760.5,7758.5,7759.75,795
1786015500,7760,7762.75,7759.5,7762,1231
1786015800,7762.25,7765.75,7762.25,7764,1777
1786016100,7764,7765.5,7763.25,7763.5,1064
1786016400,7763.5,7765,7761.5,7762,1067
1786016700,7762,7764.25,7756.5,7758,2815
1786017000,7757.5,7758,7754.5,7756,1668
1786017300,7756,7760.5,7755.75,7759.75,1641
1786017600,7759.75,7760.5,7754.75,7757,1647
1786017900,7756.75,7758.5,7754.75,7755.5,1446
1786018200,7755.5,7756,7753.25,7754,1234
1786018500,7754.25,7755.25,7751.75,7752.5,1260
1786018800,7752.5,7759.5,7752.5,7758.5,2286
1786019100,7758,7760.5,7756.5,7756.5,1372
1786019400,7756.75,7759.5,7754.75,7758.5,1228
1786019700,7758.25,7761.75,7758.25,7760.75,1493
1786020000,7760.5,7761.25,7757.75,7758.25,1352
1786020300,7758.25,7760,7756.75,7757.5,1053
1786020600,7757.75,7758.5,7754.5,7755.5,1615
1786020900,7755.5,7756,7752.25,7754.25,1660
1786021200,7754.25,7755,7751.5,7752.25,2523
1786021500,7752,7752.25,7747.5,7749.75,3791
1786021800,7749.5,7750.75,7748.75,7749.25,2030
1786022100,7749.25,7752.75,7748,7752,3811
1786022400,7752,7754.25,7750.5,7751.5,3006
1786022700,7751.75,7753,7748.75,7751.75,5085
1786023000,7751.75,7757.25,7740.25,7749,29457
1786023300,7749,7759,7745.75,7746.75,27592
1786023600,7747,7759.75,7745,7755.5,21363
1786023900,7755.25,7765.5,7755,7763,17475
1786024200,7763,7765.75,7758,7759.25,12824
1786024500,7759.5,7763,7755.5,7759.25,14810
1786024800,7759.25,7763.75,7756,7761.75,16055
1786025100,7761.75,7765.25,7759,7764.75,10444
1786025400,7764.5,7767.75,7764,7765.75,12547
1786025700,7765.75,7768.25,7761.25,7767.5,13252
1786026000,7767.5,7768.5,7761.75,7762.25,10054
1786026300,7762.5,7763,7750.75,7754.5,24611
1786026600,7754.75,7759,7751.5,7758.25,16215
1786026900,7758,7759.75,7747.5,7747.5,17674
1786027200,7747.5,7757.25,7746.5,7751.5,15683
1786027500,7751.5,7752.75,7746.25,7746.75,11878
1786027800,7746.5,7755,7745.5,7755,12490
1786028100,7755,7760.75,7753,7760,14809
1786028400,7760,7762.5,7750.75,7752.5,15249
1786028700,7752.75,7758.25,7752.5,7755.75,9180
1786029000,7755.75,7757.5,7749,7749.5,9177
1786029300,7749.5,7751.25,7739.25,7739.5,17428
1786029600,7739.25,7742.5,7735.75,7739,19138
1786029900,7739,7743,7736.25,7742.5,12050
1786030200,7742.25,7744.25,7734.75,7734.75,14248
1786030500,7734.75,7739,7732.75,7736.5,12134
1786030800,7736.75,7738.75,7732.75,7733,7429
1786031100,7732.75,7745.75,7732.75,7741.75,16651
1786031400,7741.75,7747.75,7730.25,7730.75,23528
1786031700,7731,7735.5,7729,7731,17167
1786032000,7731.25,7733,7727,7730,13314
1786032300,7730.25,7734.75,7728.75,7733,9131
1786032600,7732.75,7735,7727.75,7729.5,8255
1786032900,7729.5,7732.75,7724.25,7731.75,12831
1786033200,7732,7733.25,7728.25,7732.25,9049
1786033500,7732.25,7734.75,7729.5,7732,7490
1786033800,7732.25,7738,7730.75,7732.75,11758
1786034100,7733,7738.5,7731.5,7738.5,7216
1786034400,7738.5,7738.75,7730.25,7730.25,8701
1786034700,7730.25,7734,7728.75,7733.75,7047
1786035000,7733.75,7736.25,7732,7733.25,6380
1786035300,7733.5,7740.5,7733,7739.25,5780
1786035600,7739.5,7741.75,7736.5,7737.25,8792
1786035900,7737.5,7741,7732.25,7733,8182
1786036200,7733,7735.5,7730.5,7731,6209
1786036500,7731,7734.5,7729.75,7733,5945
1786036800,7733.25,7733.75,7728.5,7729.25,4973
1786037100,7729.25,7732.25,7727.5,7727.75,5042
1786037400,7728,7731.75,7726.75,7730.5,4997
1786037700,7730.5,7732.5,7729.25,7729.75,3460
1786038000,7730,7731.25,7727.75,7731,4145
1786038300,7731,7733.5,7729.25,7729.25,4693
1786038600,7729.5,7734.75,7729.25,7734,4436
1786038900,7734,7736.25,7732.25,7736,4094
1786039200,7736.25,7738.75,7734.5,7738.5,6337
1786039500,7738.5,7739.5,7736,7738.5,5653
1786039800,7738.5,7742.5,7736.75,7741.25,6783
1786040100,7741.5,7747.25,7735.75,7743,17009
1786040400,7743.25,7746,7743,7745,4955
1786040700,7745.25,7745.75,7741.5,7744,5630
1786041000,7743.75,7744.5,7740,7740.75,5101
1786041300,7740.5,7742.75,7737.25,7738,5480
1786041600,7738.25,7739,7734.5,7737.5,6256
1786041900,7737.25,7741.5,7736.75,7738.75,6082
1786042200,7738.75,7740.25,7737.25,7738.75,3666
1786042500,7738.5,7740.75,7738,7739.5,4231
1786042800,7739.75,7745.75,7739.5,7745.5,8010
1786043100,7745.5,7747.25,7742.5,7747,4779
1786043400,7747.25,7747.75,7742.75,7743.5,5147
1786043700,7743.25,7743.5,7740.5,7741.5,4948
1786044000,7741.75,7744.75,7737.75,7738,6178
1786044300,7738,7739.75,7735.25,7736.5,9312
1786044600,7736.5,7740,7734,7739.5,8741
1786044900,7739.5,7739.75,7735,7735,5065
1786045200,7735.25,7735.75,7730.5,7733,8954
1786045500,7733,7735,7729.25,7734.25,8365
1786045800,7734,7738.25,7727,7736.75,18417
1786046100,7736.5,7739,7731.5,7735.5,23611
1786046400,7735.25,7741.25,7735.25,7739.25,8725
1786046700,7739.5,7741,7738.5,7740,2365
1786047000,7740,7740.75,7737.5,7737.75,1723
1786047300,7738,7739.5,7734.5,7736.5,2477
1786047600,7736.75,7738,7731,7731.75,3145
1786047900,7731.75,7733.25,7728.75,7730.25,2324
1786048200,7730.25,7732.5,7728.75,7731.25,1609
1786048500,7731.5,7732,7728,7731,1070
1786048800,7730.75,7731.25,7730,7730.25,703
1786049100,7730.25,7731.25,7729.5,7730.25,837
1786049400,7730.25,7731.5,7730,7731,608
1786049700,7731,7732.5,7730.5,7731.75,942
1786053600,7734.75,7735,7729.75,7732.5,1259
1786053900,7732.5,7737.5,7732.5,7736.75,909
1786054200,7736.75,7740,7736.25,7739.25,881
1786054500,7739.25,7741,7738.5,7739,875
1786054800,7739,7740,7736,7737.75,884
1786055100,7737.75,7739.5,7736,7736.5,765
1786055400,7736.25,7736.75,7733,7735.25,1054
1786055700,7735,7735.25,7734.5,7735,311
1786056000,7734.75,7736.75,7734.5,7735.75,657
1786056300,7736,7736.5,7735.5,7736,350
1786056600,7735.75,7737.75,7735.75,7737,535
1786056900,7737,7738.5,7736.75,7738,371
1786057200,7737.5,7738.5,7737.25,7737.75,352
1786057500,7737.75,7737.75,7736.25,7737,353
1786057800,7737,7737.25,7736.5,7736.75,128
1786058100,7736.5,7740.5,7736.5,7738.25,768
1786058400,7738.25,7739.75,7738,7739.5,355
1786058700,7739.5,7740.25,7737.5,7738.25,510
1786059000,7738,7739.75,7737.5,7739.75,635
1786059300,7739.75,7739.75,7738,7738.75,355
1786059600,7739,7740,7737,7739.5,744
1786059900,7739.75,7741,7738.25,7740.5,886
1786060200,7740.75,7741,7739,7739.25,702
1786060500,7739.5,7740.25,7738.75,7740,321
1786060800,7740,7742,7737.75,7741.5,1550
1786061100,7741.5,7742.5,7737.75,7738,1162
1786061400,7738,7739.25,7736.25,7738.25,1593
1786061700,7738.25,7738.5,7731.5,7732.5,1869
1786062000,7732.5,7732.75,7729,7730,1663
1786062300,7730.25,7732.25,7729.5,7730.5,768
1786062600,7730.25,7739.25,7729.75,7739.25,2028
1786062900,7739.25,7739.25,7731.5,7734.5,1431
1786063200,7734.25,7735.75,7730.5,7735,1183
1786063500,7734.5,7736.25,7730.25,7731.5,951
1786063800,7731,7737.25,7731,7735.25,1138
1786064100,7735.25,7737,7732.75,7736,968
1786064400,7735.75,7738,7734.75,7736.25,1165
1786064700,7736.25,7737,7734.25,7735,945
1786065000,7735,7735.75,7730.75,7731.75,1105
1786065300,7731.75,7732,7729.25,7729.75,941
1786065600,7729.75,7730,7727.25,7729.75,1498
1786065900,7729.75,7734.5,7729,7733.75,1531
1786066200,7733.5,7739.25,7733.25,7736,2086
1786066500,7736.25,7736.25,7730.25,7730.25,1792
1786066800,7730.25,7732.75,7729.5,7732.5,989
1786067100,7732.75,7734.75,7729.75,7733,1063
1786067400,7733,7733.25,7730.5,7731.75,594
1786067700,7732,7733.25,7731.25,7732.75,548
1786068000,7732.75,7735,7732.25,7734.25,639
1786068300,7734.25,7734.75,7730.5,7731,771
1786068600,7731,7733.75,7729,7732.75,1147
1786068900,7732.75,7733.75,7732.5,7733,380
1786069200,7733.25,7734.5,7731.25,7734.25,516
1786069500,7734.25,7734.25,7732,7732.5,287
1786069800,7732.5,7732.75,7730,7730.25,494
1786070100,7730.5,7731.5,7726.75,7727.75,1054
1786070400,7727.75,7730.25,7727.5,7729.75,724
1786070700,7729.5,7733.25,7729.25,7733.25,682
1786071000,7733,7733,7732,7732.5,357
1786071300,7732.5,7733.5,7732,7732,244
1786071600,7732,7734.25,7731.75,7733.25,715
1786071900,7733.25,7733.75,7732.5,7733.25,389
1786072200,7733.25,7733.75,7731.75,7732,235
1786072500,7732.25,7732.75,7729.25,7729.5,617
1786072800,7729.25,7730.25,7728.5,7730.25,602
1786073100,7730.5,7731.75,7729.25,7730.75,333
1786073400,7730.25,7732.5,7729.75,7730.25,433
1786073700,7730.25,7732,7730,7730.5,231
1786074000,7730.75,7731.25,7729.25,7730.25,187
1786074300,7730,7731,7728.5,7730.5,335
1786074600,7730.5,7731,7728.5,7729.25,224
1786074900,7729,7729.75,7728.75,7729.25,193
1786075200,7729.5,7729.75,7728.5,7729,343
1786075500,7729,7730,7728.75,7729.25,289
1786075800,7729.5,7730.75,7727.5,7728.25,566
1786076100,7728,7729,7725.25,7728.75,1266
1786076400,7728.75,7732.5,7728.75,7731.25,798
1786076700,7731.5,7731.5,7729,7730.5,502
1786077000,7730.75,7733.5,7729.5,7731.75,846
1786077300,7732,7732.5,7730,7730.25,277
1786077600,7730.5,7730.75,7729.25,7729.5,250
1786077900,7729.5,7731,7729.25,7730,253
1786078200,7730,7731,7728.75,7731,248
1786078500,7731,7732.25,7731,7731.5,350
1786078800,7731.5,7734,7731.25,7733.5,649
1786079100,7733.5,7736.75,7732.75,7734.75,1186
1786079400,7735,7735.25,7733.75,7733.75,386
1786079700,7733.75,7735.25,7733.5,7734.75,205
1786080000,7734.75,7735.25,7734,7734.75,193
1786080300,7734.25,7735.75,7734,7734.5,205
1786080600,7734.75,7734.75,7733.25,7733.5,278
1786080900,7733.25,7734,7732.75,7733,294
1786081200,7732.5,7733.75,7731.5,7733,256
1786081500,7732.75,7733.25,7732,7732.75,108
1786081800,7733.25,7733.75,7732.75,7733.5,161
1786082100,7733.5,7733.5,7731.75,7731.75,164
1786082400,7732,7734.5,7731.5,7733.75,241
1786082700,7733.75,7736.5,7733.75,7735.75,546
1786083000,7735.5,7738.25,7735.5,7737.5,728
1786083300,7737.5,7738.25,7737,7737.5,562
1786083600,7737.5,7738.5,7736.25,7738.5,398
1786083900,7738.75,7739.75,7737.25,7739.75,601
1786084200,7739.75,7739.75,7737.25,7738,545
1786084500,7737.75,7738.25,7736.5,7736.5,371
1786084800,7736.5,7736.75,7734,7734.75,713
1786085100,7734.5,7735.25,7734.25,7734.75,299
1786085400,7734.75,7736,7734.5,7735.5,243
1786085700,7735.5,7738.5,7735.25,7738,467
1786086000,7737.75,7739,7735.75,7736,1182
1786086300,7736,7741,7735.75,7740.25,753
1786086600,7740.5,7742.25,7739.75,7742.25,676
1786086900,7742.25,7742.5,7740.25,7741,422
1786087200,7740.75,7740.75,7739.5,7740.5,382
1786087500,7740.5,7742,7740.25,7741.5,313
1786087800,7741.5,7741.75,7739.25,7740.25,366
1786088100,7740,7741.25,7739.75,7740,281
1786088400,7740.25,7742.75,7740.25,7740.75,816
1786088700,7741,7741.25,7738.75,7740.5,428
1786089000,7740.5,7741,7738.25,7740.75,488
1786089300,7740.75,7741.5,7740,7740.5,409
1786089600,7740.5,7744.25,7740.25,7743,1371
1786089900,7743.25,7745.75,7742.75,7745.5,1095
1786090200,7745.5,7746.75,7745,7746,716
1786090500,7746,7746.5,7742.75,7742.75,811
1786090800,7742.75,7744.5,7742,7743.5,719
1786091100,7743.5,7744.75,7743.5,7744.25,433
1786091400,7744,7747.25,7743.5,7746,678
1786091700,7745.75,7746,7742,7743.25,740
1786092000,7743.25,7745,7743.25,7743.75,431
1786092300,7743.75,7744.75,7743.25,7743.75,509
1786092600,7743.5,7744.5,7743,7744.25,254
1786092900,7744.25,7746.25,7744,7745.5,700
1786093200,7745.5,7747,7744.75,7745.5,563
1786093500,7745.5,7746,7744.5,7745.25,388
1786093800,7745.25,7748,7745.25,7747,729
1786094100,7747,7747.5,7745,7745.5,333
1786094400,7745.5,7748.75,7745,7748,697
1786094700,7748,7748.75,7746.5,7746.75,408
1786095000,7747,7748.75,7746,7747.25,515
1786095300,7747.25,7748.25,7746.75,7747.25,284
1786095600,7747.5,7747.5,7746.25,7747,256
1786095900,7747,7748,7746.25,7747.25,302
1786096200,7747.25,7748.25,7746.5,7747.25,335
1786096500,7747.25,7747.25,7744.75,7745.75,950
1786096800,7746,7747,7745.5,7746.5,488
1786097100,7746.5,7747.5,7745.75,7745.75,306
1786097400,7745.75,7746.75,7745.25,7745.25,346
1786097700,7745.25,7745.5,7744.25,7745.25,554
1786098000,7745.25,7745.5,7744,7744.5,452
1786098300,7744.75,7747,7744.5,7747,447
1786098600,7747,7747.75,7746.25,7747.5,444
1786098900,7747.5,7748.25,7746.75,7748.25,358
1786099200,7748.25,7749.25,7747.5,7748.75,466
1786099500,7748.75,7749.5,7746,7746.75,793
1786099800,7746.5,7747.75,7745,7745.25,530
1786100100,7745.25,7746.5,7744.75,7746.5,377
1786100400,7746.25,7750.75,7746.25,7749.5,1738
1786100700,7749.5,7751.5,7748.75,7751.25,766
1786101000,7751,7751.75,7749.75,7750,883
1786101300,7749.75,7752.75,7749.75,7752.75,732
1786101600,7752.25,7753,7751.5,7752.5,685
1786101900,7752.5,7754.75,7752.5,7753.5,1199
1786102200,7753.25,7755.25,7753,7754.75,829
1786102500,7755,7756.75,7754.5,7755.75,1150
1786102800,7755.5,7756.25,7754.75,7756,635
1786103100,7755.75,7756,7754,7754.5,745
1786103400,7754.5,7755.25,7752.5,7752.5,887
1786103700,7753,7753,7748.25,7748.75,1648
1786104000,7748.75,7755.75,7747.25,7753.5,2732
1786104300,7753.5,7754.25,7751,7752.25,1107
1786104600,7752.5,7754,7751.75,7753,743
1786104900,7753,7755.75,7752.75,7754.5,1146
1786105200,7754.75,7755.75,7752,7755.25,1392
1786105500,7755,7759,7747.5,7757.75,4009
1786105800,7758,7774.5,7754.5,7766.25,11989
1786106100,7766,7776.25,7763.25,7775.5,6546
1786106400,7775.75,7776.25,7771.5,7772.5,4694
1786106700,7772.25,7776.5,7772.25,7775.75,3409
1786107000,7775.5,7779,7774.75,7777.75,4134
1786107300,7777.75,7777.75,7774,7774.75,3413
1786107600,7775,7776,7766.75,7766.75,6520
1786107900,7767,7769.75,7763.25,7765.5,4943
1786108200,7765.5,7766.25,7760,7761.25,5395
1786108500,7761.5,7762.5,7757.5,7760.5,5636
1786108800,7760.75,7761.5,7760,7760.75,2006
1786109100,7760.75,7762.25,7753.5,7757,8112
1786109400,7757.25,7763.5,7753.5,7762,21959
1786109700,7762.25,7762.75,7753.75,7758.25,17363
1786110000,7758.5,7768.5,7755.75,7767.25,18302
1786110300,7767.25,7770.75,7758.5,7764.75,20495
1786110600,7764.75,7769.75,7763,7767.25,12137
1786110900,7767,7769,7751.5,7757.75,25768
1786111200,7758,7763.5,7751.25,7751.5,22498
1786111500,7751.75,7758.5,7751,7752.5,15771
1786111800,7752.25,7755.5,7743.25,7746,23697
1786112100,7745.75,7766,7744,7765.75,24256
1786112400,7765.75,7770.25,7762.5,7767.75,16795
1786112700,7768,7780.5,7767.75,7779.5,20270
1786113000,7779.25,7781.25,7771.25,7773.5,16998
1786113300,7773.75,7775.75,7764.5,7766.5,20035
1786113600,7766.5,7772.25,7764.5,7767.25,13782
1786113900,7767,7774.75,7767,7771.75,13243
1786114200,7771.5,7773,7766.25,7769.75,9378
1786114500,7769.75,7777.75,7769.25,7776.5,9748
1786114800,7776.5,7777,7771.5,7775.25,7668
1786115100,7775.25,7778,7774.5,7777,6493
1786115400,7777.25,7781.75,7774,7778.75,12581
1786115700,7778.5,7779.25,7775.25,7776,6261
1786116000,7776.25,7784,7775.75,7783,9989
1786116300,7783,7786.75,7782.25,7784.25,9114
1786116600,7784.25,7786.75,7781.5,7781.75,9425
1786116900,7782,7783.25,7779.5,7781.5,8268
1786117200,7781.75,7784,7776.5,7779.25,9987
1786117500,7779.25,7783.75,7778,7783.25,6354
1786117800,7783,7784,7778,7780.75,6908
1786118100,7780.75,7781,7775,7778,7045
1786118400,7778,7779.25,7774.75,7779,6389
1786118700,7779.25,7781.25,7777.5,7779,6538
1786119000,7779.25,7781,7777.25,7777.5,4047
1786119300,7777.5,7779.75,7776,7777.25,4669
1786119600,7777.25,7781.25,7769.75,7770,16344
1786119900,7770,7770.75,7760.5,7764.5,18529
1786120200,7764.75,7767.25,7757.75,7766.75,13794
1786120500,7766.75,7771.25,7764.25,7770.5,10064
1786120800,7770.5,7773.75,7769.75,7773.5,8034
1786121100,7773.5,7775,7771.5,7774,6042
1786121400,7774,7776.25,7768.25,7769.25,8045
1786121700,7769.5,7771.5,7766.75,7767.25,5271
1786122000,7767,7770.5,7765,7767.75,6817
1786122300,7767.75,7770.5,7767.75,7770,4308
1786122600,7770,7771.25,7767.25,7768,4461
1786122900,7767.75,7771.25,7767.25,7770.5,3791
1786123200,7770.5,7771.75,7766.25,7766.25,4070
1786123500,7766.25,7769.75,7765,7768.5,5244
1786123800,7768.5,7769.75,7764.5,7766.75,6259
1786124100,7766.75,7771.5,7766.25,7771,3629
1786124400,7771.25,7771.5,7768.5,7769,3415
1786124700,7769,7771.75,7768,7770.25,3372
1786125000,7770.25,7772.25,7767,7770.25,4782
1786125300,7770.25,7771.5,7768.75,7768.75,2753
1786125600,7768.75,7770.25,7768.25,7768.5,3187
1786125900,7768.75,7769.25,7765.5,7767.75,4241
1786126200,7767.75,7768.5,7761.75,7763,6054
1786126500,7763,7765.5,7762,7764.5,6073
1786126800,7764.75,7765.25,7762.75,7764,3954
1786127100,7763.75,7765,7761.75,7762.25,4690
1786127400,7762,7764,7760.5,7761,5693
1786127700,7761.25,7762.5,7759.25,7760.5,4327
1786128000,7760.5,7761.25,7756,7757.25,4778
1786128300,7757.25,7760.25,7756.25,7759.75,5249
1786128600,7759.75,7762.5,7759.5,7760.5,3848
1786128900,7760.75,7765.25,7759.25,7764.5,7496
1786129200,7764.25,7772.25,7763.75,7768,13818
1786129500,7768,7774.5,7768,7774.25,6967
1786129800,7774.25,7778.25,7774,7776.5,8789
1786130100,7776.75,7782.25,7775.5,7776,11904
1786130400,7776,7780,7776,7776.5,6308
1786130700,7776.5,7778.75,7776,7778.5,4952
1786131000,7778.5,7778.5,7774,7775.25,7025
1786131300,7775.25,7779,7773.75,7777,6694
1786131600,7777,7777.5,7772.75,7773.25,6488
1786131900,7773.25,7777.5,7773,7776,7177
1786132200,7776.25,7778.5,7774,7776,10272
1786132500,7775.75,7785.5,7775.5,7778.5,30334
1786132800,7778.5,7781,7775.5,7776,9654
1786133100,7775.75,7777.25,7774,7774.5,2027
1786133400,7774.5,7776.5,7774.25,7775.25,1064
1786133700,7775.5,7777,7774.25,7775.5,889
1786134000,7775.75,7775.75,7773.5,7774.75,916
1786134300,7774.5,7775,7773,7773.25,1036
1786134600,7773.25,7776.25,7773,7776,1006
1786134900,7776,7777.25,7775.75,7776.5,674
1786135200,7776.75,7776.75,7775.5,7776,734
1786135500,7776,7776.25,7775,7775.25,1064
1786135800,7775.75,7776.75,7775.25,7776.5,706
1786136100,7776.25,7779,7776,7777.25,1106
1786312800,7777,7779.75,7770.5,7772.25,3285
1786313100,7772.5,7773,7769.25,7772,1754
1786313400,7772,7774,7767,7768.5,2393
1786313700,7768.5,7768.75,7763.5,7765.25,2606
1786314000,7765.25,7768.25,7765,7768,1378
1786314300,7767.75,7770.25,7767.5,7769.5,1584
1786314600,7769.25,7770.75,7766.25,7766.75,1371
1786314900,7766.75,7768.5,7766.5,7768.25,811
1786315200,7768.25,7769.75,7768.25,7768.5,690
1786315500,7768.75,7769.25,7767.75,7768.25,590
1786315800,7768.5,7769.75,7768.5,7769.25,361
1786316100,7769.5,7769.5,7768.5,7768.75,297
1786316400,7769,7770.25,7767.25,7770,737
1786316700,7770,7772.25,7769.75,7771.5,1195
1786317000,7771.5,7772.5,7771.5,7772,466
1786317300,7771.5,7772.5,7771.5,7772,426
1786317600,7772,7773.25,7771.5,7772.25,633
1786317900,7772.25,7772.75,7771,7771.75,542
1786318200,7771.75,7772,7767.75,7768.75,2008
1786318500,7768.75,7770.5,7768,7770,712
1786318800,7770.25,7771.5,7769.5,7771.25,857
1786319100,7771.25,7772.5,7770.75,7772,934
1786319400,7772,7772,7769.75,7770,650
1786319700,7770.25,7770.25,7766.75,7767,1434
1786320000,7766.75,7769.25,7765.25,7768.75,2479
1786320300,7768.5,7776.5,7768,7775,3190
1786320600,7775.25,7778,7774.75,7776.25,1601
1786320900,7776.25,7776.75,7773.75,7774,1288
1786321200,7774,7775.75,7771.5,7772,1176
1786321500,7772,7773,7770.5,7771,1536
1786321800,7771,7773,7770.5,7772.25,747
1786322100,7772.5,7773.25,7769,7770.5,1582
1786322400,7770,7771.75,7768.75,7769.75,784
1786322700,7770,7772.25,7769.75,7772.25,765
1786323000,7772.25,7773,7770.5,7771.25,746
1786323300,7771,7771.75,7769,7770.75,785
1786323600,7770.75,7774.25,7769.75,7773.25,1603
1786323900,7773,7775.5,7772.75,7774.75,1131
1786324200,7774.5,7777,7774,7777,818
1786324500,7777,7778.75,7776.5,7778,1259
1786324800,7778.5,7780.25,7777.25,7779.75,1419
1786325100,7779.75,7780.75,7778.75,7779.25,868
1786325400,7779,7779,7776,7777.5,1533
1786325700,7777.5,7780.25,7777,7780,1058
1786326000,7780,7780.25,7777.75,7780,499
1786326300,7779.75,7780.75,7779.25,7780.75,811
1786326600,7781,7781.5,7780.25,7780.5,715
1786326900,7780.5,7780.75,7780,7780.5,475
1786327200,7780.5,7781.5,7779.5,7781.25,567
1786327500,7781.5,7781.75,7780.25,7780.25,538
1786327800,7780.25,7781.25,7779.5,7779.5,406
1786328100,7779.5,7780,7777.5,7778.25,1007
1786328400,7778.25,7779.25,7778,7778.5,350
1786328700,7778.75,7780,7778.5,7779.75,403
1786329000,7779.75,7780.5,7779,7779,479
1786329300,7779.25,7782,7778.5,7781.75,611
1786329600,7782,7782.75,7781.5,7782.5,763
1786329900,7782.75,7783,7781.75,7781.75,563
1786330200,7782,7783,7781.75,7782.75,282
1786330500,7782.75,7782.75,7781.75,7782.25,362
1786330800,7782,7783,7781.5,7781.75,406
1786331100,7781.75,7781.75,7781,7781,325
1786331400,7781.25,7781.75,7780.75,7781.25,281
1786331700,7781.25,7783.25,7780.75,7783,494
1786332000,7783,7783.5,7782.25,7783,413
1786332300,7782.75,7783.25,7781.75,7783,406
1786332600,7782.75,7784.25,7782.25,7784.25,537
1786332900,7784.5,7785.5,7783.75,7785,940
1786333200,7784.75,7786,7784.25,7786,603
1786333500,7785.75,7786.25,7784.75,7785.25,559
1786333800,7785.25,7785.75,7784,7784,461
1786334100,7784.25,7784.25,7782.75,7783.5,593
1786334400,7783.75,7784.75,7783,7784,497
1786334700,7784,7785.75,7782,7785.75,674
1786335000,7785.75,7786.25,7784.75,7786,530
1786335300,7786,7787.25,7785.75,7786.5,806
1786335600,7786.5,7787.25,7786.25,7787,228
1786335900,7786.75,7788.25,7786.25,7787.5,793
1786336200,7787.25,7787.25,7785.75,7786.25,375
1786336500,7786,7786.75,7785.75,7785.75,245
1786336800,7785.75,7786.25,7783.25,7786.25,940
1786337100,7786.25,7787.75,7786,7786.75,425
1786337400,7787,7788.75,7787,7787.25,679
1786337700,7787,7787.25,7785.75,7787.25,529
1786338000,7787.25,7789.5,7787,7788.75,708
1786338300,7789,7790.75,7788.75,7789.75,828
1786338600,7789.75,7790.5,7789.5,7790.25,422
1786338900,7790.5,7790.75,7789.5,7789.75,418
1786339200,7790,7790.25,7789,7790.25,309
1786339500,7790.25,7790.25,7788.75,7789.25,294
1786339800,7789,7789.25,7788.25,7789.25,479
1786340100,7789.25,7790.25,7789,7789.75,395
1786340400,7789.5,7789.75,7789,7789.25,248
1786340700,7789,7790,7788.5,7789.25,270
1786341000,7789,7790.75,7788.75,7790.5,374
1786341300,7790.75,7791.25,7790.25,7790.75,411
1786341600,7790.75,7791.75,7790,7790.75,659
1786341900,7791,7791.75,7790.5,7791.5,324
1786342200,7791.5,7792.75,7791.5,7791.5,660
1786342500,7791.5,7792.25,7791,7791.75,751
1786342800,7791.75,7791.75,7787,7787,1561
1786343100,7787,7787.5,7784.75,7785.25,1302
1786343400,7785.25,7787,7784,7786.25,1361
1786343700,7786.5,7786.5,7784.75,7784.75,433
1786344000,7784.75,7785.75,7784.5,7785.75,328
1786344300,7785.75,7786.75,7785.5,7786.25,455
1786344600,7786.25,7787.5,7786,7786.75,310
1786344900,7786.5,7788,7786,7787.25,457
1786345200,7787,7789,7786,7787,1049
1786345500,7787.25,7787.75,7785.25,7786.25,483
1786345800,7786,7786.25,7783.75,7785.5,814
1786346100,7785.5,7787.5,7785.25,7787.5,474
1786346400,7787.5,7792,7787.5,7791.75,1283
1786346700,7791.75,7792.5,7789.75,7792.25,790
1786347000,7792.25,7792.75,7791,7791.75,580
1786347300,7792,7794,7791.75,7793.5,818
1786347600,7793.75,7794.25,7792.75,7793.75,595
1786347900,7794,7796.5,7789.75,7790,2604
1786348200,7790,7792,7789.5,7791,494
1786348500,7791.25,7793,7791.25,7792.25,325
1786348800,7792.25,7793.75,7790.75,7793,705
1786349100,7793.25,7794,7791.25,7791.75,642
1786349400,7791.75,7791.75,7789.5,7791.25,555
1786349700,7791.25,7792.75,7791,7792.25,424
1786350000,7792.25,7792.25,7789,7791.25,541
1786350300,7791,7792,7790.25,7790.75,247
1786350600,7791,7791.75,7790,7791.5,274
1786350900,7791.25,7793.25,7791.25,7792.75,488
1786351200,7792.75,7793,7790.75,7791.25,329
1786351500,7791.25,7791.25,7790.25,7790.5,216
1786351800,7790.25,7790.75,7789.25,7790.25,374
1786352100,7790.5,7792,7790.25,7791.75,315
1786352400,7791.75,7792.25,7791,7792,268
1786352700,7792,7792.25,7791,7791,283
1786353000,7791,7792.5,7790.5,7791.75,326
1786353300,7791.75,7792.75,7790.25,7790.5,331
1786353600,7790.75,7793,7790.5,7793,236
1786353900,7793,7793.5,7792,7792.25,349
1786354200,7792,7793.25,7791.75,7792.75,462
1786354500,7792.5,7792.5,7789.5,7790,567
1786354800,7790.25,7790.5,7788.5,7790,589
1786355100,7789.5,7790,7788.75,7789.5,286
1786355400,7789.25,7790,7788.75,7789.5,221
1786355700,7789.5,7790,7789,7789.25,160
1786356000,7789.25,7791,7788.25,7790.75,709
1786356300,7790.75,7791,7789,7789,357
1786356600,7789.25,7789.25,7786.5,7787,736
1786356900,7786.75,7788.75,7786.5,7788.5,354
1786357200,7788.5,7791,7788.5,7790.75,764
1786357500,7790.75,7790.75,7789.75,7790.25,221
1786357800,7790.25,7790.5,7788.5,7789,529
1786358100,7789.25,7789.25,7785.75,7786.25,1071
1786358400,7786,7786.25,7784.5,7786,789
1786358700,7786,7786.75,7785.5,7786,382
1786359000,7786.25,7788,7786,7786,477
1786359300,7786.25,7786.25,7783.75,7785.25,1223
1786359600,7785.5,7786.5,7780.5,7781,2444
1786359900,7780.75,7782.25,7780,7780.75,948
1786360200,7780.75,7781.75,7778.5,7780.5,1180
1786360500,7780.5,7781.75,7780,7780.75,773
1786360800,7780.5,7783.5,7780.25,7782.5,1101
1786361100,7782.25,7786,7782,7785.75,1118
1786361400,7785.75,7787.5,7785.5,7786.75,1476
1786361700,7786.75,7787,7784.25,7784.75,816
1786362000,7784.75,7786.5,7784,7784,882
1786362300,7783.75,7785.25,7780.75,7781.25,1900
1786362600,7781.25,7783.25,7780.75,7782.5,798
1786362900,7782.5,7783.25,7781.5,7782.25,647
1786363200,7782.25,7784.5,7781,7783.75,1298
1786363500,7783.75,7785.5,7782,7785.25,1211
1786363800,7785.25,7785.75,7781,7781.5,1146
1786364100,7781.25,7781.5,7779,7779.75,1589
1786364400,7779.75,7780.25,7776.5,7777.5,1849
1786364700,7777.25,7779,7777,7778.75,1001
1786365000,7779,7779.25,7774.25,7774.25,2338
1786365300,7774.25,7776.25,7772.75,7773.5,2358
1786365600,7773.5,7774.75,7772.75,7774.5,1326
1786365900,7774.5,7775.75,7773.75,7774,962
1786366200,7774.25,7774.25,7771.5,7772,1765
1786366500,7772.25,7774,7771.75,7773.5,1192
1786366800,7773.75,7776.25,7772.75,7775.75,2836
1786367100,7775.75,7776.5,7775,7776.25,1330
1786367400,7776.25,7777.25,7775.25,7776.5,1509
1786367700,7776.25,7777.75,7773.75,7775.5,3020
1786368000,7775.75,7776,7771.5,7773.75,3261
1786368300,7773.5,7774.5,7769.25,7773,4953
1786368600,7773,7783.25,7772,7772.75,23982
1786368900,7773,7777.75,7771.25,7774.75,15713
1786369200,7774.75,7777.5,7771.5,7773,12737
1786369500,7773,7779.25,7772.5,7777.75,10100
1786369800,7777.75,7780.75,7771,7777.75,17867
1786370100,7777.75,7782,7776.5,7781,10287
1786370400,7780.75,7785,7780.25,7783.25,15478
1786370700,7783.5,7787,7782,7787,10233
1786371000,7787,7789.5,7785.25,7789,10882
1786371300,7789,7790.25,7786.25,7789.5,9077
1786371600,7789.5,7790.5,7784.75,7786.25,11028
1786371900,7786.25,7791.25,7784,7790,11881
1786372200,7790,7793.5,7789.25,7790,12359
1786372500,7790,7792.75,7788.25,7790,8122
1786372800,7789.75,7793,7789.5,7792.5,5608
1786373100,7792.5,7797,7792.25,7795.5,11335
1786373400,7795.75,7796.25,7784.5,7785.25,18260
1786373700,7785,7787.75,7781.25,7781.5,14374
1786374000,7781.5,7786,7779.25,7783.75,16794
1786374300,7783.75,7787,7782,7782,8882
1786374600,7782,7785.75,7780.75,7784.5,8536
1786374900,7784.75,7788.75,7784,7786,10117
1786375200,7785.75,7787.75,7784.5,7785.75,5350
1786375500,7785.75,7786,7780.5,7784.25,8003
1786375800,7784,7785.25,7780,7780.75,7527
1786376100,7780.5,7782.5,7778,7779.25,8231
1786376400,7779,7784.75,7778,7784.5,7679
1786376700,7784.5,7785.25,7781.5,7782.25,6246
1786377000,7782,7790,7781.25,7788.75,9114
1786377300,7788.75,7790.75,7787,7789.75,7114
1786377600,7789.75,7791.25,7787,7788.25,6459
1786377900,7788.5,7788.75,7785.25,7786.5,5685
1786378200,7786.5,7788.25,7784.25,7784.25,5439
1786378500,7784.25,7784.5,7781,7783.25,6774
1786378800,7783.25,7785.25,7781,7784,4760
1786379100,7784,7785.75,7780,7780.25,6135
1786379400,7780.5,7781.5,7763.75,7773.75,18536
1786379700,7773.75,7777.25,7771.5,7772,8052
1786380000,7772.25,7773,7766,7768,9758
1786380300,7768,7772.75,7765.5,7772.75,10364
1786380600,7772.75,7773,7769.25,7772,5966
1786380900,7772,7776.25,7771.5,7776.25,7620
1786381200,7776.25,7777,7771.5,7773.25,6658
1786381500,7773.25,7777.5,7772.25,7777.5,5206
1786381800,7777.5,7779,7775.75,7777.75,5289
1786382100,7777.5,7779.5,7776.5,7777.75,4191
1786382400,7778,7778.75,7776.5,7778,2838
1786382700,7778.25,7778.5,7775,7777.75,4282
1786383000,7777.75,7779.5,7777.25,7777.75,3131
1786383300,7777.75,7778,7774,7774.75,4369
1786383600,7774.75,7776.25,7772.5,7772.75,4311
1786383900,7773,7774.25,7772,7773.25,4177
1786384200,7773.5,7774,7771.25,7772.75,3806
1786384500,7772.75,7774.75,7771.75,7774,3875
1786384800,7773.75,7775.5,7773,7773.75,4288
1786385100,7774,7776.75,7773,7776,3824
1786385400,7776,7777.25,7773,7773.25,4762
1786385700,7773.25,7774,7771.75,7772.25,3617
1786386000,7772.25,7774,7771.5,7772,2905
1786386300,7772,7773.25,7771.5,7771.75,2016
1786386600,7771.75,7773.25,7769.75,7772,5615
1786386900,7772,7773.5,7769.5,7772,3976
1786387200,7772.25,7775.75,7771.75,7775.25,4966
1786387500,7775.25,7776,7774,7775.25,4097
1786387800,7775.25,7778,7775.25,7777.75,4374
1786388100,7777.75,7779.75,7776.5,7778.5,4852
1786388400,7778.75,7779.75,7777.25,7778.5,4887
1786388700,7778.5,7780.75,7777.75,7780.5,4403
1786389000,7780.75,7780.75,7778.75,7779.75,3428
1786389300,7779.75,7781.25,7778.75,7779.75,3039
1786389600,7779.75,7780.5,7778.5,7780.5,2968
1786389900,7780.5,7780.75,7775.5,7776,5832
1786390200,7776,7776.5,7773.75,7775.5,6422
1786390500,7775.25,7779.5,7774.25,7778.5,5392
1786390800,7778.5,7778.75,7776,7777.5,3669
1786391100,7777.5,7778.75,7775.5,7778.25,4854
1786391400,7778.25,7778.25,7770.5,7771.25,12845
1786391700,7771.25,7779,7770.25,7778,19720
1786392000,7778,7778.25,7774.75,7775.75,5634
1786392300,7775.75,7776.5,7775,7776,955
1786392600,7775.75,7776,7775,7775.25,819
1786392900,7775.25,7776.75,7773,7773.5,1500
1786393200,7773.25,7775,7773.25,7774.75,1059
1786393500,7774.75,7776.75,7774.5,7776.25,773
1786393800,7776.25,7776.5,7774.75,7775.5,820
1786394100,7775.5,7776,7775.25,7775.25,347
1786394400,7775.5,7776.75,7775,7776.25,518
1786394700,7776.5,7777.25,7776,7777,897
1786395000,7777.25,7778.5,7776.75,7778,687
1786395300,7778,7778.25,7777,7777,832
1786399200,7778.5,7781.25,7777.5,7779,1025
1786399500,7779,7779.5,7777.5,7777.5,711
1786399800,7777.75,7778.5,7776.75,7777.75,430
1786400100,7777.5,7778,7775.5,7775.5,606
1786400400,7775.75,7776.75,7773.25,7774,902
1786400700,7774,7775.25,7773.75,7774.5,479
1786401000,7774.5,7774.75,7771.75,7772.25,948
1786401300,7772,7772.75,7771.25,7772.5,610
1786401600,7772.25,7772.75,7771.75,7772.25,425
1786401900,7772.25,7772.5,7772,7772.25,246
1786402200,7772,7773,7772,7772.5,330
1786402500,7772.5,7773.75,7772.5,7773.25,389
1786402800,7773.5,7774,7772,7772.25,933
1786403100,7772.25,7773.25,7772.25,7772.75,394
1786403400,7773,7773,7772.25,7772.5,311
1786403700,7772.75,7772.75,7771.25,7771.5,422
1786404000,7771.5,7771.75,7769.25,7770.25,1391
1786404300,7770.5,7770.75,7769.25,7770,502
1786404600,7770,7770.25,7768.75,7770,558
1786404900,7770,7770.75,7769.75,7770.5,434
1786405200,7770.5,7772,7770.5,7771.75,652
1786405500,7771.5,7773,7770.5,7772,772
1786405800,7772,7772.25,7769,7769.25,752
1786406100,7769.5,7771,7766.75,7770.75,1927
1786406400,7770.75,7770.75,7767.75,7769.5,1612
1786406700,7769.5,7773.25,7768.75,7771.25,1183
1786407000,7771.25,7777,7771,7776.5,2115
1786407300,7776.25,7776.5,7773.75,7774.75,1156
1786407600,7775,7776.5,7773.5,7776,739
1786407900,7776,7778.25,7775.75,7778,967
1786408200,7778,7778.25,7777,7777.75,561
1786408500,7777.75,7779,7776.75,7777.25,871
1786408800,7777.25,7780.25,7777,7779.5,1279
1786409100,7779.75,7781.25,7779,7779.25,1230
1786409400,7779.25,7780.75,7779,7780,587
1786409700,7779.75,7780.25,7779.5,7779.75,292
1786410000,7779.75,7780.5,7778,7779.25,1793
1786410300,7779,7781,7778.5,7781,732
1786410600,7780.75,7785.25,7780.75,7784.75,3023
1786410900,7785,7785.25,7782.5,7783,914
1786411200,7783.25,7786.5,7783,7786,1260
1786411500,7786,7786,7783.5,7785,739
1786411800,7784.75,7785.75,7783.75,7784.75,499
1786412100,7784.5,7784.75,7783.5,7784,685
1786412400,7783.75,7784.75,7783.25,7784.25,342
1786412700,7784.25,7786.5,7783.25,7786.25,910
1786413000,7786.25,7786.25,7785,7785.75,431
1786413300,7785.5,7785.75,7783.25,7783.25,703
1786413600,7783.25,7784,7782.5,7784,584
1786413900,7784,7784.25,7782.5,7783,483
1786414200,7783,7784.25,7782.75,7783.75,367
1786414500,7783.75,7784.75,7783,7783.75,414
1786414800,7783.75,7784,7783,7783.75,222
1786415100,7783.75,7785,7783.25,7784.75,546
1786415400,7784.75,7786.25,7784.5,7786,616
1786415700,7786,7786,7784.75,7785,372
1786416000,7785,7786.5,7785,7786.5,361
1786416300,7786.5,7786.5,7785.25,7785.75,417
1786416600,7785.75,7785.75,7784.25,7785,512
1786416900,7785.25,7785.25,7784,7784.5,252
1786417200,7784.5,7786.5,7784.25,7786.25,519
1786417500,7786.25,7786.5,7785.25,7786.25,278
1786417800,7786.25,7786.5,7785.5,7785.75,190
1786418100,7785.75,7786.5,7785.5,7786,140
1786418400,7786.25,7788.5,7785.75,7788.25,934
1786418700,7788.5,7789.25,7787.5,7788.75,668
1786419000,7788.5,7789,7786.75,7787,557
1786419300,7787.25,7788.5,7787,7788.25,235
1786419600,7788.25,7789,7787.25,7787.5,219
1786419900,7787.25,7787.5,7786.5,7787.25,412
1786420200,7787.25,7788,7787,7788,229
1786420500,7788,7788.25,7786,7786.75,459
1786420800,7786.75,7787.5,7786.5,7786.75,366
1786421100,7787,7787.25,7786.5,7787.25,187
1786421400,7787,7788.25,7787,7787.75,331
1786421700,7788,7788,7787.25,7787.5,183
1786422000,7787.25,7787.25,7786.75,7787,375
1786422300,7787,7788.5,7786.75,7788,332
1786422600,7788.25,7789.5,7787.5,7787.75,652
1786422900,7787.5,7788.25,7786.75,7788.25,411
1786423200,7788,7788.25,7787,7787.5,190
1786423500,7787.5,7788.25,7787.25,7787.75,253
1786423800,7787.5,7787.75,7786.75,7787,247
1786424100,7787,7787.5,7787,7787,102
1786424400,7787,7787.5,7786.5,7787,223
1786424700,7786.75,7788,7786,7787.5,348
1786425000,7787.75,7789,7787.25,7788.75,241
1786425300,7788.75,7789,7786.25,7786.5,323
1786425600,7786.25,7786.25,7785,7785,602
1786425900,7785.25,7785.75,7784.75,7785,330
1786426200,7784.75,7785.25,7783,7785.25,701
1786426500,7785.25,7786.5,7784.75,7785.25,479
1786426800,7785.5,7786,7785,7785.25,240
1786427100,7785.25,7785.75,7781.75,7782,849
1786427400,7781.75,7782.75,7780.75,7781,924
1786427700,7781.25,7781.75,7780.5,7781,418
1786428000,7780.75,7783.5,7780,7783.25,633
1786428300,7783,7783.75,7782.5,7783.25,236
1786428600,7783,7784.5,7783,7783.5,334
1786428900,7783.5,7784,7778.5,7779,811
1786429200,7779,7779.25,7777.25,7777.5,1007
1786429500,7777.5,7777.75,7774.75,7775.25,1069
1786429800,7775.25,7777,7770.5,7772.75,2147
1786430100,7772.75,7777.5,7772,7777.5,1317
1786430400,7777.5,7778.75,7776.75,7776.75,965
1786430700,7777.25,7777.75,7775,7775.5,530
1786431000,7775.5,7776,7773,7773,827
1786431300,7773.25,7775,7772.75,7774.75,483
1786431600,7775,7777.25,7773.5,7775.25,938
1786431900,7775.25,7775.5,7771.75,7773.5,1004
1786432200,7773.5,7775.25,7772.75,7774,592
1786432500,7774,7775.25,7772,7772.75,665
1786432800,7773,7773,7770.5,7771.75,768
1786433100,7771.75,7774.5,7771.75,7773,538
1786433400,7773.25,7776.25,7773,7776.25,767
1786433700,7776,7777.5,7775.5,7775.75,682
1786434000,7775.75,7776.75,7774.25,7776,491
1786434300,7775.75,7776.5,7774.25,7774.75,402
1786434600,7775,7776.5,7773.75,7773.75,339
1786434900,7773.5,7776.75,7773.5,7776,410
1786435200,7776.25,7780.5,7775.75,7777.25,1787
1786435500,7777.25,7777.5,7773.5,7773.5,806
1786435800,7773.75,7774.75,7771,7771.25,1047
1786436100,7771.25,7772.75,7770.75,7771.25,728
1786436400,7771.25,7773.5,7770,7772.75,1229
1786436700,7772.75,7774.5,7772.75,7772.75,591
1786437000,7772.75,7774.25,7771.25,7772.25,463
1786437300,7772.25,7773,7771,7772.5,314
1786437600,7772.75,7776.25,7772.75,7776,629
1786437900,7776,7777.25,7775.25,7776.5,630
1786438200,7776.25,7777,7775.5,7776.5,369
1786438500,7776.5,7776.5,7774.25,7775,454
1786438800,7775,7775.5,7772.75,7774,651
1786439100,7774,7776.25,7771.25,7771.5,748
1786439400,7771.5,7774.25,7771.5,7774.25,519
1786439700,7774.25,7777.75,7773.75,7777,769
1786440000,7777,7778.25,7775.75,7776.5,620
1786440300,7776.25,7777,7775,7776.75,395
1786440600,7776.5,7779,7776.5,7777.75,872
1786440900,7777.75,7779,7777.5,7778.5,520
1786441200,7778.75,7780.5,7778.25,7778.25,642
1786441500,7778.25,7779.75,7778,7778.75,282
1786441800,7779,7779,7777.5,7778,200
1786442100,7778,7778.75,7777.25,7778,336
1786442400,7778,7778.5,7776.5,7776.75,545
1786442700,7776.5,7777.25,7775.75,7777.25,509
1786443000,7777.25,7777.25,7775.75,7776,357
1786443300,7776,7778,7775.25,7778,490
1786443600,7778,7782.75,7778,7782,2466
1786443900,7782,7787.75,7781.5,7785.75,2912
1786444200,7785.75,7786,7782.5,7783.5,1304
1786444500,7783.75,7784.25,7782.75,7783,368
1786444800,7782.75,7785,7782.25,7785,460
1786445100,7784.75,7786,7784,7786,495
1786445400,7786.25,7786.25,7785,7785,487
1786445700,7785,7785.25,7784.25,7785,374
1786446000,7785,7796,7784.75,7794.25,8894
1786446300,7794.25,7795.25,7791.25,7792.5,2002
1786446600,7792.75,7794.75,7792.25,7793.5,988
1786446900,7793.5,7794.25,7787.75,7788,1396
1786447200,7788.25,7789.25,7787,7787.25,825
1786447500,7787.5,7789,7787,7788.5,784
1786447800,7788.25,7789,7786.25,7787,882
1786448100,7787,7787.75,7786,7786.75,667
1786448400,7786.5,7788.5,7786.25,7788,1019
1786448700,7788.25,7789,7787,7788.25,849
1786449000,7788.25,7790.75,7787.75,7790.25,635
1786449300,7790.25,7790.25,7788,7789.25,609
1786449600,7789.25,7790.25,7788,7789.25,712
1786449900,7789.25,7791.75,7789,7791.5,875
1786450200,7791.5,7792.75,7791,7792.75,1325
1786450500,7792.75,7795,7792,7793.25,2357
1786450800,7793.25,7794,7785.25,7786,6609
1786451100,7786,7789,7786,7788.25,1592
1786451400,7788,7788.75,7786.5,7788,1097
1786451700,7788,7791.25,7787.75,7790.75,1123
1786452000,7790.75,7790.75,7789,7789.75,693
1786452300,7789.75,7790,7788,7788.5,820
1786452600,7788.25,7788.75,7786.75,7787.75,889
1786452900,7788,7789,7787.5,7787.5,484
1786453200,7787.75,7790.25,7787.25,7788.5,1518
1786453500,7788.5,7791.75,7788.25,7791,1395
1786453800,7790.75,7791,7786.75,7787.75,1541
1786454100,7787.75,7792,7786.25,7791.25,3379
1786454400,7791.25,7792,7790.5,7791.25,1072
1786454700,7791.5,7793.75,7789.75,7791.5,3838
1786455000,7791.5,7792.5,7778.5,7780.75,21814
1786455300,7781,7781.75,7774.75,7777.25,19106
1786455600,7777.5,7783.5,7777,7778.75,15792
1786455900,7779,7781,7771.75,7774.25,22712
1786456200,7774.25,7777.5,7771.75,7775,11956
1786456500,7774.75,7782.5,7773.75,7782.25,13817
1786456800,7782.5,7787,7780.75,7785,16563
1786457100,7784.75,7786,7781,7784,11499
1786457400,7784,7785.75,7781.75,7783.75,8068
1786457700,7783.75,7785.5,7779.5,7782.25,12855
1786458000,7782.25,7785,7779.75,7780,9253
1786458300,7780,7785.5,7778.75,7784.75,11534
1786458600,7784.75,7785.5,7780.5,7782.75,7701
1786458900,7782.75,7783.75,7777.25,7779.25,10450
1786459200,7779.5,7782.25,7778.75,7779.5,9775
1786459500,7779.5,7785.5,7779.25,7785,10693
1786459800,7784.75,7786.25,7780.25,7784.75,13607
1786460100,7784.75,7786.25,7781,7782,7220
1786460400,7782,7784,7779.25,7781,7934
1786460700,7780.75,7781,7772.75,7773.5,14424
1786461000,7773.5,7775.25,7771,7772.5,12254
1786461300,7772,7772.25,7767.5,7770,13244
1786461600,7770,7774,7769.25,7771,12446
1786461900,7770.75,7772.5,7769.5,7769.5,7075
1786462200,7769.75,7771.25,7763.25,7764.75,20533
1786462500,7765,7766.75,7762.5,7764,13137
1786462800,7764.25,7767.75,7763.25,7767.25,10566
1786463100,7767.25,7767.25,7764.25,7765.25,6814
1786463400,7765.25,7768,7763,7763.75,8283
1786463700,7763.75,7766.75,7763.25,7765.5,5547
1786464000,7765.5,7768.5,7765.5,7765.5,8507
1786464300,7765.5,7769.5,7765,7768.5,8023
1786464600,7768.75,7768.75,7764.75,7765.25,6483
1786464900,7765.25,7770,7765,7766,6919
1786465200,7766.25,7767.5,7761.5,7762.5,9883
1786465500,7762.25,7764.25,7759,7763.25,13314
1786465800,7763.5,7764.5,7760,7760.75,6593
1786466100,7760.75,7765.25,7760.5,7764,6026
1786466400,7763.75,7764,7761,7761.25,5285
1786466700,7761.25,7761.5,7758,7759.75,7796
1786467000,7759.75,7761,7758.25,7759,4303
1786467300,7759,7759.25,7755.5,7756.75,7830
1786467600,7756.75,7758,7753,7753,6647
1786467900,7753,7756.25,7752.75,7754.25,4586
1786468200,7754,7754,7748.25,7748.5,9589
1786468500,7748.75,7753.75,7747.75,7752.75,8434
1786468800,7752.75,7755.5,7751.25,7754.25,8494
1786469100,7754,7755.5,7751.75,7753.75,4876
1786469400,7753.5,7754.75,7752.25,7754.75,3539
1786469700,7754.75,7756.75,7753,7754.25,6448
1786470000,7754.25,7758.5,7753.75,7758,6847
1786470300,7758,7759,7756.5,7757,5108
1786470600,7757.25,7758.5,7756.75,7758.25,2757
1786470900,7758.25,7758.25,7756.25,7757.5,3680
1786471200,7757.5,7757.75,7754.25,7756.25,5832
1786471500,7756.25,7757,7752,7752.5,6633
1786471800,7752.5,7754.75,7752,7754,3850
1786472100,7754,7755,7752,7753,3507
1786472400,7752.75,7753,7748,7750.5,8842
1786472700,7750.5,7751,7739.25,7740.5,15633
1786473000,7740.5,7746.25,7740.5,7745.25,10145
1786473300,7745.5,7747.75,7744.5,7745.5,5743
1786473600,7745.25,7745.25,7742,7743.5,5337
1786473900,7743.25,7749,7743.25,7748.5,6616
1786474200,7748.5,7750.25,7747,7749.25,5132
1786474500,7749.25,7749.5,7746,7746.25,4944
1786474800,7746,7747.5,7744,7746.25,6114
1786475100,7746.25,7747,7743.75,7746.25,4232
1786475400,7746,7749,7745.5,7747.75,4521
1786475700,7748,7750.5,7747.25,7749.75,4538
1786476000,7749.75,7752,7749,7751.75,5497
1786476300,7751.5,7752.5,7749.75,7751.75,4573
1786476600,7751.75,7754,7751.25,7753.75,6267
1786476900,7753.5,7756.75,7752.5,7756.25,5967
1786477200,7756.5,7756.5,7752.5,7752.5,4962
1786477500,7752.75,7753,7748.5,7749.25,9127
1786477800,7749.5,7750.25,7743.5,7749.75,17593
1786478100,7749.25,7750.75,7743.5,7750,23535
1786478400,7749.75,7752.25,7746.75,7748,7963
1786478700,7748,7752,7748,7752,2285
1786479000,7752,7753,7750.25,7752.25,1832
1786479300,7752.25,7753.5,7751.5,7752.75,1259
1786479600,7753,7755.75,7752.5,7755.75,1250
1786479900,7755.75,7757,7754.75,7756.5,1238
1786480200,7756.75,7757.75,7756.5,7757,1030
1786480500,7757.25,7757.5,7756.25,7756.75,625
1786480800,7756.75,7757,7755.75,7756.75,753
1786481100,7756.75,7756.75,7754.25,7754.25,1112
1786481400,7754.5,7754.5,7753,7753.75,1039
1786481700,7753.75,7754.25,7752.5,7753.25,930
1786485600,7755.75,7756.75,7751,7753,1214
1786485900,7752.75,7754.25,7751.5,7753.25,576
1786486200,7753,7755.75,7751.75,7755.25,539
1786486500,7755.75,7756,7754.75,7754.75,458
1786486800,7755,7755.75,7755,7755,251
1786487100,7755.25,7755.25,7754.25,7754.75,294
1786487400,7754.25,7755.25,7752.5,7754,612
1786487700,7754,7755,7753.25,7753.5,222
1786488000,7753.5,7754,7751.75,7752,667
1786488300,7752,7753,7750.5,7752.25,829
1786488600,7752.25,7753,7752,7752.75,242
1786488900,7753,7753.75,7752.5,7753,404
1786489200,7753,7754,7752.25,7752.75,369
1786489500,7752.75,7753.25,7751.75,7753,296
1786489800,7752.75,7753.25,7752,7752.5,166
1786490100,7752.25,7753,7752.25,7753,213
1786490400,7753,7753.25,7752.5,7753,234
1786490700,7753,7754.25,7752.75,7754,297
1786491000,7754,7754,7751.75,7752.5,447
1786491300,7752.5,7753,7751.75,7752,206
1786491600,7752.25,7753.25,7752.25,7752.75,132
1786491900,7753,7753.25,7752,7752.5,318
1786492200,7752.25,7755.75,7752.25,7755.5,812
1786492500,7755,7756,7754.75,7755.5,490
1786492800,7755.25,7755.25,7750,7751.25,2254
1786493100,7751.5,7752,7749,7750,1219
1786493400,7750,7752.25,7749,7752,656
1786493700,7752.25,7754.25,7750.5,7754,1152
1786494000,7754,7754.75,7752.5,7754.25,685
1786494300,7754,7754,7751.75,7752.75,593
1786494600,7752.5,7753.25,7751.25,7752.75,479
1786494900,7752.5,7754,7752,7752,442
1786495200,7752,7753,7751.5,7752.5,348
1786495500,7752.5,7753.25,7751.5,7752,276
1786495800,7752.25,7752.25,7750.75,7751.25,289
1786496100,7751.25,7752.75,7751.25,7752.5,309
1786496400,7752.5,7753.5,7751.5,7753.5,693
1786496700,7753.5,7754,7751.25,7753.25,594
1786497000,7753.25,7753.5,7752,7752.5,262
1786497300,7752.5,7752.5,7749.75,7750.75,862
1786497600,7750.75,7751.25,7748.5,7749.75,742
1786497900,7749.75,7751.5,7749,7751,568
1786498200,7750.75,7750.75,7749.5,7749.5,331
1786498500,7749.5,7750.5,7749.25,7750,341
1786498800,7750,7752.5,7750,7752.5,776
1786499100,7752.25,7752.75,7751,7752,561
1786499400,7752,7752.75,7749.75,7750.75,540
1786499700,7750.5,7750.5,7748.5,7749.5,479
1786500000,7749.75,7751.75,7749.5,7750.75,468
1786500300,7750.75,7751.5,7749.75,7751,272
1786500600,7751,7751.5,7750.25,7751.5,194
1786500900,7751.5,7752,7751,7752,372
1786501200,7752.25,7752.5,7751,7751,277
1786501500,7751.25,7753,7751,7753,386
1786501800,7752.75,7754,7752.75,7753.25,595
1786502100,7753.25,7754,7753.25,7753.25,239
1786502400,7753.5,7754.25,7753.5,7754,344
1786502700,7754,7754.5,7753.75,7754.25,252
1786503000,7754.25,7755.25,7754.25,7755,402
1786503300,7755,7755.5,7754.75,7755.5,394
1786503600,7755.5,7756.5,7755.25,7755.75,696
1786503900,7755.5,7756.25,7755.25,7755.5,244
1786504200,7755.5,7756.25,7755.25,7756.25,370
1786504500,7756.25,7756.25,7754.5,7755.25,310
1786504800,7755.25,7756,7755,7755.25,243
1786505100,7755,7756.5,7755,7756,278
1786505400,7756,7756.25,7754.5,7754.75,407
1786505700,7754.75,7755.5,7753.75,7754.25,407
1786506000,7754.25,7754.75,7753.75,7754,214
1786506300,7754.25,7755.5,7754,7755.5,190
1786506600,7755.25,7755.25,7754,7754.5,189
1786506900,7754.5,7755.5,7754.5,7755.25,163
1786507200,7755.5,7756,7755.25,7756,221
1786507500,7756.25,7756.25,7754.25,7755,226
1786507800,7755,7755.75,7754.5,7755.5,131
1786508100,7755.25,7755.75,7754.75,7755,151
1786508400,7754.75,7756,7754.75,7756,167
1786508700,7756,7756.5,7755.75,7756,278
1786509000,7756,7756.25,7754.5,7755,216
1786509300,7755,7756,7755,7755.75,119
1786509600,7755.75,7755.75,7754.75,7755.25,149
1786509900,7755,7757.5,7754.5,7757.5,459
1786510200,7757.5,7758,7757.25,7757.5,269
1786510500,7757.5,7757.75,7756.75,7757.5,302
1786510800,7757.5,7757.75,7756.5,7756.75,271
1786511100,7756.75,7757,7755.25,7756,272
1786511400,7756.25,7756.25,7755,7755,121
1786511700,7754.75,7755.25,7754.5,7754.75,220
1786512000,7755,7755,7752.75,7754,553
1786512300,7754.5,7755.5,7754.25,7755.5,306
1786512600,7755.75,7757.5,7755.25,7756.75,418
1786512900,7756.25,7757,7756,7756.5,196
1786513200,7756.25,7756.5,7755.5,7755.5,259
1786513500,7755.5,7756.5,7755.5,7756,170
1786513800,7756,7757.25,7755.75,7757,256
1786514100,7757.25,7757.75,7756.5,7756.75,239
1786514400,7756.75,7757.75,7756.75,7757.5,287
1786514700,7757.5,7757.75,7757,7757,255
1786515000,7757,7757,7754.25,7755,542
1786515300,7755.25,7756.25,7754,7755.75,310
1786515600,7755.75,7755.75,7754,7754.75,209
1786515900,7754.75,7756.25,7754.5,7756,209
1786516200,7756,7757.25,7755.75,7757,515
1786516500,7756.75,7758.75,7756.75,7758,452
1786516800,7758.25,7758.25,7755.75,7756.75,351
1786517100,7756.75,7758.25,7756.75,7758,312
1786517400,7758,7759.25,7758,7758.5,330
1786517700,7758.75,7759.75,7758.5,7759.75,360
1786518000,7759.5,7760.75,7759,7760.25,1231
1786518300,7760.25,7761.25,7760,7760.5,549
1786518600,7760.5,7761.5,7760,7760,343
1786518900,7760,7761,7760,7760,220
1786519200,7760,7760.25,7758,7758,655
1786519500,7758,7759,7757.5,7758.5,502
1786519800,7758.5,7758.75,7758,7758.5,172
1786520100,7758.75,7760.5,7758.5,7759.75,416
1786520400,7759.75,7760.5,7758.5,7760.5,287
1786520700,7760.25,7760.5,7758.5,7758.5,704
1786521000,7758.75,7759.25,7758.5,7758.75,276
1786521300,7758.75,7759.25,7757.25,7759.25,461
1786521600,7759.5,7762.75,7759,7761.5,1322
1786521900,7761.5,7762.25,7760.75,7761,535
1786522200,7761.25,7761.75,7760.5,7761.5,502
1786522500,7761.5,7762.5,7761,7762,313
1786522800,7762,7762.75,7761.75,7762.5,276
1786523100,7762.25,7762.5,7761.25,7761.75,308
1786523400,7761.75,7761.75,7758.25,7758.5,732
1786523700,7758.5,7760,7758.25,7759.75,212
1786524000,7759.75,7760.75,7759.5,7760.25,296
1786524300,7760.5,7762,7760,7762,378
1786524600,7762.25,7763.5,7762.25,7763.5,595
1786524900,7763.25,7763.5,7762.5,7762.5,446
1786525200,7762.75,7764.25,7762,7764,590
1786525500,7763.75,7764.75,7762.75,7764.5,415
1786525800,7764.5,7765.25,7764.25,7765,456
1786526100,7765,7765.25,7764.5,7765,354
1786526400,7765,7772,7764.25,7772,3193
1786526700,7771.75,7773.5,7767.75,7768.25,2171
1786527000,7768.5,7770.75,7768.25,7769,895
1786527300,7769,7770.25,7768.75,7769.75,870
1786527600,7769.75,7770.25,7768.75,7769.25,437
1786527900,7769.25,7769.25,7767.5,7768.5,744
1786528200,7768.75,7771.25,7765,7765,1435
1786528500,7765,7767,7764.75,7766.5,555
1786528800,7766.25,7768,7766.25,7767.75,499
1786529100,7767.5,7768.25,7767,7768.25,449
1786529400,7768,7769.75,7768,7769.25,573
1786529700,7769.25,7769.75,7768.75,7769.25,353
1786530000,7769.5,7770,7769,7769.5,430
1786530300,7769.75,7769.75,7768.25,7768.25,389
1786530600,7768.25,7769.75,7767.75,7769.5,463
1786530900,7769.75,7770,7768.75,7769.25,346
1786531200,7769.25,7770,7769,7769.5,261
1786531500,7769.25,7769.75,7759,7765,4039
1786531800,7765,7766.75,7763.25,7765.75,2041
1786532100,7765.75,7766.5,7765.25,7766.5,521
1786532400,7766.25,7768,7765.75,7767,1087
1786532700,7767,7769.25,7766.5,7769,585
1786533000,7769.25,7769.5,7766.5,7766.5,794
1786533300,7766.5,7766.5,7764.5,7765,483
1786533600,7765,7766.25,7765,7765,340
1786533900,7765,7767,7765,7766,532
1786534200,7765.75,7768.25,7765.5,7767.5,531
1786534500,7767.25,7768.5,7765.25,7768,648
1786534800,7768,7769.25,7767.75,7768.75,629
1786535100,7768.5,7769,7767.5,7768.25,514
1786535400,7768,7769.25,7767.75,7769,459
1786535700,7769.25,7771.5,7769.25,7770.75,1027
1786536000,7770.5,7772,7769.25,7770.75,1468
1786536300,7770.75,7770.75,7768,7768.75,822
1786536600,7769,7770.5,7768.5,7769.75,750
1786536900,7769.75,7771.5,7768.75,7770.25,1336
1786537200,7770.5,7772.25,7769.5,7771.5,1236
1786537500,7771.5,7781.75,7771,7780.75,4839
1786537800,7781,7786,7760.25,7779,10877
1786538100,7779.25,7782.75,7774.5,7782.75,3421
1786538400,7782.75,7787,7781.5,7783,4273
1786538700,7783,7783.75,7779.5,7781.25,3181
1786539000,7781.25,7784.25,7779.75,7782.75,1595
1786539300,7783,7785,7782,7785,1527
1786539600,7784.75,7786.5,7782.75,7786,2359
1786539900,7785.75,7787.25,7784.25,7784.75,2664
1786540200,7784.75,7786.5,7784.25,7786,1868
1786540500,7785.75,7790.25,7785.25,7790,3547
1786540800,7790,7792,7788.25,7789,3501
1786541100,7788.75,7792.75,7787.25,7791.75,6269
1786541400,7791.75,7794,7771.75,7775,31202
1786541700,7775,7780,7772.5,7773.25,19105
1786542000,7773.5,7776,7769,7772.75,21578
1786542300,7772.75,7782.5,7768.25,7780,26206
1786542600,7780,7780.25,7770.25,7770.75,18200
1786542900,7770.75,7772.75,7765.5,7770.5,18447
1786543200,7770.5,7773,7763.75,7764,20196
1786543500,7764,7770,7763.5,7768.5,12997
1786543800,7768.5,7772,7766,7768.5,15238
1786544100,7768.5,7775,7766.75,7769.5,14699
1786544400,7769.5,7775,7766.25,7774,14252
1786544700,7774,7777.75,7770.25,7772.25,14128
1786545000,7772.25,7774.75,7756.25,7765,30192
1786545300,7765.25,7772.5,7763.75,7772.5,14764
1786545600,7772.5,7775.5,7771.25,7775.25,11127
1786545900,7775.25,7776.75,7768.5,7771.5,12331
1786546200,7771.25,7771.75,7764.5,7764.75,12577
1786546500,7765,7768,7762.75,7766.75,11761
1786546800,7766.75,7767.5,7762,7763.25,10912
1786547100,7763,7766.75,7761.75,7765.75,9091
1786547400,7765.75,7768.75,7762.5,7766.5,8717
1786547700,7766,7768,7763.75,7765.75,6418
1786548000,7765.75,7766.75,7761.75,7763.75,6316
1786548300,7763.75,7768.5,7763,7768.25,6595
1786548600,7768.25,7769.5,7761.25,7763.5,9252
1786548900,7763.5,7766.5,7761,7761.5,6687
1786549200,7761.25,7764.25,7760.25,7762.75,6417
1786549500,7762.5,7766.5,7762,7766.5,5306
1786549800,7766.5,7766.5,7763,7764.25,3819
1786550100,7764,7765.5,7763.25,7764.75,5109
1786550400,7764.75,7769,7764.25,7766.75,6574
1786550700,7766.75,7768.25,7764.5,7768.25,4704
1786551000,7768.25,7770.75,7766.5,7769.75,7303
1786551300,7769.75,7770.75,7768,7768.5,6134
1786551600,7768.75,7770.75,7767.75,7770.5,4497
1786551900,7770.25,7771.25,7768.5,7769,3943
1786552200,7769,7769.75,7766.25,7766.25,5972
1786552500,7766.25,7772.25,7766,7772,5239
1786552800,7772,7773.5,7771,7771.75,5809
1786553100,7771.75,7773.25,7770,7772.75,4370
1786553400,7772.75,7776.25,7772.75,7775,6867
1786553700,7775,7775,7772.5,7773.5,4494
1786554000,7773.5,7775.25,7772.75,7775,3911
1786554300,7775,7777.5,7774.25,7774.25,3964
1786554600,7774.5,7775,7772,7774.75,4594
1786554900,7774.75,7774.75,7770.5,7772.25,5887
1786555200,7772,7773.5,7770.75,7772.25,3598
1786555500,7772.25,7774.75,7771.75,7772.5,3669
1786555800,7772.5,7774.5,7771.25,7773.5,3840
1786556100,7773.5,7774,7771.75,7773.25,2184
1786556400,7773,7774.25,7771,7773.25,4793
1786556700,7773,7774,7772,7772.25,2407
1786557000,7772.25,7774.25,7771.5,7771.75,3993
1786557300,7771.75,7773.5,7770.75,7772.5,3643
1786557600,7772.5,7774.25,7772.25,7773.5,3471
1786557900,7773.25,7774.25,7772.75,7773.25,2443
1786558200,7773.5,7776.75,7773.5,7775.75,4828
1786558500,7775.5,7776,7774.5,7776,3256
1786558800,7776,7777,7774,7776.75,3424
1786559100,7776.75,7777.75,7775.25,7775.25,3584
1786559400,7775.25,7779.25,7775.25,7778.25,5537
1786559700,7778,7779.75,7777.75,7778.75,3422
1786560000,7778.75,7781,7778.75,7779.5,4463
1786560300,7779.5,7780.25,7778.25,7780.25,3219
1786560600,7780,7781,7779,7779.25,2539
1786560900,7779,7779,7774.5,7775,7586
1786561200,7775,7778,7774.75,7777.25,3966
1786561500,7777.25,7778.75,7777,7777,3076
1786561800,7777,7777.75,7774.75,7775.75,3935
1786562100,7775.75,7777,7775.25,7776,2496
1786562400,7776.25,7776.25,7772.75,7773.25,5909
1786562700,7773.25,7774.75,7772.75,7774.75,3132
1786563000,7774.5,7775,7772.5,7773.5,3890
1786563300,7773.25,7774.75,7773.25,7773.75,2603
1786563600,7773.5,7774,7770.25,7773.5,7530
1786563900,7773.25,7774.75,7771.5,7773.5,5672
1786564200,7773.75,7774,7766.25,7767,13051
1786564500,7767,7771.5,7764.5,7769.75,16730
1786564800,7769.75,7775.5,7768.5,7774.5,6325
1786565100,7774.25,7778,7772.25,7773.75,4920
1786565400,7773.75,7774.25,7770.75,7772.25,1609
1786565700,7772,7773.5,7769.75,7769.75,1315
1786566000,7770,7770.75,7768.75,7769.5,1020
1786566300,7769.25,7769.5,7767,7768,1047
1786566600,7768,7768.75,7767.25,7768.5,703
1786566900,7768.25,7769,7767.5,7768,627
1786567200,7768,7768.5,7767.75,7768.5,454
1786567500,7768,7768.5,7767.25,7767.25,833
1786567800,7767.5,7769,7767.25,7767.75,546
1786568100,7767.75,7768,7766.25,7766.5,640
1786572000,7769.5,7771.25,7768.5,7769,1224
1786572300,7769.25,7771,7768.75,7770.25,623
1786572600,7770.5,7770.5,7768.25,7769,479
1786572900,7769,7769.75,7768.25,7768.5,424
1786573200,7768.5,7769.5,7768,7769.25,510
1786573500,7769.5,7769.75,7767.75,7769,344
1786573800,7768.5,7768.75,7767.25,7767.25,578
1786574100,7767,7768,7766.75,7767.75,373
1786574400,7767.5,7768.5,7767.5,7768.25,399
1786574700,7768,7769.25,7767.75,7768.25,423
1786575000,7768.25,7769,7768,7769,112
1786575300,7769,7769,7768.25,7768.75,236
1786575600,7768.75,7770.25,7768.25,7769.75,514
1786575900,7770,7770.75,7769.75,7770.5,390
1786576200,7770.5,7771.5,7770.25,7771.25,688
1786576500,7771,7771.5,7770.5,7771.25,277
1786576800,7771.25,7771.5,7770.75,7771,289
1786577100,7771,7771.25,7770.25,7770.75,418
1786577400,7770.75,7771,7769.25,7770,446
1786577700,7770.25,7771.5,7769.75,7771.5,308
1786578000,7771.25,7771.5,7770.25,7771,326
1786578300,7771,7771,7767.25,7768,1095
1786578600,7768,7769.5,7767.75,7769,402
1786578900,7769,7769.25,7767.75,7768.5,468
1786579200,7768.25,7772.5,7767.25,7771,1733
1786579500,7771,7773.5,7770.5,7772,1129
1786579800,7772,7772.75,7770.25,7770.25,855
1786580100,7770.25,7771.75,7769.25,7771.25,822
1786580400,7771.5,7772.75,7770.5,7772.25,490
1786580700,7772.25,7772.5,7768.75,7769,967
1786581000,7769,7770.5,7767.5,7769.25,1061
1786581300,7769,7769.75,7767.5,7768.5,410
1786581600,7768.5,7769.75,7767.75,7769.5,395
1786581900,7769.5,7770.25,7768.5,7770,417
1786582200,7770.25,7770.5,7768.5,7768.75,361
1786582500,7768.75,7770.75,7768.25,7770.5,436
1786582800,7770.25,7770.75,7767.25,7768.5,856
1786583100,7768.25,7769,7768,7768.75,420
1786583400,7768.5,7769.25,7766,7766,1003
1786583700,7766.25,7767,7765.25,7766.25,658
1786584000,7766.25,7766.5,7765.25,7766.25,437
1786584300,7766.25,7766.25,7764.25,7765.5,949
1786584600,7765.5,7767.75,7765.25,7767.5,824
1786584900,7767.25,7768.25,7767,7767.5,477
1786585200,7767.5,7767.75,7766.25,7767.25,437
1786585500,7767.25,7767.75,7766.5,7767,418
1786585800,7766.75,7770.25,7766.75,7770,1059
1786586100,7770.25,7771,7769.75,7770.25,637
1786586400,7770.5,7771.75,7770,7770.75,816
1786586700,7771,7772,7770.75,7771.5,499
1786587000,7771.5,7772,7771.25,7771.75,246
1786587300,7771.75,7772.5,7771.5,7772.25,574
1786587600,7772.25,7773,7771.25,7772,493
1786587900,7772,7772.5,7770.25,7770.75,466
1786588200,7770.75,7770.75,7768,7768.25,989
1786588500,7768,7770.5,7768,7770.25,595
1786588800,7770.25,7774,7770.25,7773.25,1219
1786589100,7773.25,7773.5,7772.75,7773,530
1786589400,7773,7773.5,7772.25,7772.75,401
1786589700,7773,7773.25,7772.75,7772.75,192
1786590000,7772.75,7772.75,7772,7772.25,338
1786590300,7772.25,7773,7772,7772.25,196
1786590600,7772.25,7773.5,7772,7773.25,208
1786590900,7773.25,7773.75,7773,7773.5,270
1786591200,7773.5,7773.75,7772.75,7773.25,181
1786591500,7773.25,7774,7773.25,7773.5,268
1786591800,7773.75,7774,7772.5,7773,231
1786592100,7773,7774.5,7772.75,7774,297
1786592400,7773.75,7774.75,7773.25,7774.5,264
1786592700,7774.5,7775.25,7774.25,7774.75,456
1786593000,7774.75,7775.5,7774.75,7775.25,345
1786593300,7775,7775.25,7774.75,7775,203
1786593600,7775,7775.75,7774.5,7775,459
1786593900,7775,7776.25,7775,7776.25,301
1786594200,7776.25,7776.75,7773.5,7773.5,689
1786594500,7773.5,7774,7773.25,7773.5,343
1786594800,7773.5,7773.75,7772,7773.75,677
1786595100,7773.75,7775.5,7773.5,7775,380
1786595400,7774.75,7775.75,7774.5,7775.5,126
1786595700,7775.5,7776.5,7775,7775,262
1786596000,7775,7775.5,7774.5,7775,200
1786596300,7775,7777.25,7774.25,7776.75,502
1786596600,7777,7777.5,7776.75,7776.75,259
1786596900,7776.75,7777,7775.5,7775.75,282
1786597200,7775.5,7778,7775.25,7777.25,677
1786597500,7777.25,7778,7777,7777.75,311
1786597800,7778,7779.75,7778,7779.75,553
1786598100,7779.75,7780,7778.5,7778.75,435
1786598400,7779,7779.75,7778.5,7778.5,290
1786598700,7778.75,7780,7778.75,7779.75,387
1786599000,7779.75,7780.5,7778.25,7779.5,808
1786599300,7779.75,7779.75,7778.25,7779,233
1786599600,7779.25,7779.5,7778.25,7778.5,199
1786599900,7778.5,7778.75,7778,7778.5,137
1786600200,7778.5,7778.75,7777.5,7777.75,176
1786600500,7777.5,7778.25,7776.25,7776.25,443
1786600800,7776.5,7777,7775.75,7777,646
1786601100,7776.75,7778,7776.5,7778,346
1786601400,7778,7778.75,7777.5,7778.5,268
1786601700,7778.25,7779,7777.75,7779,277
1786602000,7778.5,7779.5,7778.5,7779.5,298
1786602300,7779.5,7779.75,7777.75,7778.25,261
1786602600,7778.5,7779,7777,7777.75,335
1786602900,7777.5,7778.25,7776.25,7776.75,309
1786603200,7776.25,7776.5,7774.25,7774.75,874
1786603500,7774.75,7775,7773.75,7774.25,290
1786603800,7774.25,7776.5,7774.25,7776,513
1786604100,7775.75,7778,7775.75,7778,552
1786604400,7778,7779,7774,7774.5,1130
1786604700,7774.5,7775.5,7774,7775,476
1786605000,7775,7775.25,7774.25,7774.75,309
1786605300,7775,7775.5,7774,7775,281
1786605600,7775.25,7777.25,7774.75,7777,429
1786605900,7777,7777.75,7776.25,7777.5,441
1786606200,7777.25,7778.25,7776.75,7777.5,339
1786606500,7777.25,7778.25,7776.75,7778,261
1786606800,7778.25,7779.5,7777.75,7779.25,512
1786607100,7779.5,7779.75,7778.25,7779.5,422
1786607400,7779.75,7780.25,7778.5,7779,413
1786607700,7778.5,7779.5,7777.5,7777.75,306
1786608000,7778,7778.5,7775,7775.75,1463
1786608300,7775.75,7780.25,7775.75,7779.25,913
1786608600,7779.25,7779.75,7777.5,7779.5,356
1786608900,7779.75,7780,7777,7778.75,561
1786609200,7778.75,7781.25,7778,7781,861
1786609500,7781,7782.25,7781,7781.5,606
1786609800,7781.5,7782,7780.5,7781.5,487
1786610100,7781.5,7781.75,7780,7781.25,391
1786610400,7781,7782.25,7780.5,7781.75,295
1786610700,7781.75,7781.75,7780.75,7781,317
1786611000,7781,7783,7780.75,7780.75,628
1786611300,7781.25,7782,7781,7781.25,254
1786611600,7781.5,7782.25,7780,7780.5,406
1786611900,7780.75,7781.25,7779.5,7780,487
1786612200,7780,7781.5,7779.5,7779.5,378
1786612500,7779.25,7781,7777.75,7781,656
1786612800,7780.75,7781.75,7780.25,7781.75,332
1786613100,7781.75,7782,7780,7780.5,358
1786613400,7780.25,7782.75,7780.25,7782.5,465
1786613700,7782.75,7782.75,7781.5,7782,263
1786614000,7782.25,7783.75,7782,7783.25,601
1786614300,7783.25,7784,7782.5,7783.5,347
1786614600,7783.25,7784.25,7783.25,7784,358
1786614900,7784.25,7784.75,7784,7784.25,312
1786615200,7784.25,7784.5,7783,7783,468
1786615500,7783.25,7784.25,7783,7783.25,298
1786615800,7783.5,7784,7783.25,7783.5,172
1786616100,7783.5,7784.75,7783.25,7784,366
1786616400,7784,7784.5,7783.75,7783.75,308
1786616700,7783.5,7784.75,7782.75,7783.5,446
1786617000,7783.75,7784.5,7783.5,7783.75,217
1786617300,7783.5,7784.5,7783.5,7784,200
1786617600,7784,7784.75,7784,7784.25,251
1786617900,7784.75,7786,7784,7785.25,618
1786618200,7785.5,7785.5,7784.5,7785.5,341
1786618500,7785.25,7785.25,7784,7784.75,320
1786618800,7785,7786,7784.25,7784.25,486
1786619100,7784.5,7785.25,7784,7784.75,282
1786619400,7784.5,7785.25,7784,7784.75,232
1786619700,7784.75,7785,7783,7783,481
1786620000,7783,7784,7783,7783.75,350
1786620300,7784,7784,7782.5,7783.75,405
1786620600,7784,7786,7783.5,7786,556
1786620900,7786,7787.5,7785.25,7787.25,745
1786621200,7787.25,7788.5,7786.25,7788.5,911
1786621500,7788.5,7789,7786.5,7786.5,652
1786621800,7786.5,7787,7784.75,7786.75,542
1786622100,7786.5,7786.75,7783.75,7783.75,538
1786622400,7784,7784.5,7781.5,7781.75,1631
1786622700,7781.75,7784,7781.75,7783,1044
1786623000,7782.75,7783.75,7781,7782.25,1256
1786623300,7782.25,7782.5,7778.5,7779,1332
1786623600,7779,7780.25,7779,7779.5,764
1786623900,7779.75,7783.5,7779,7783.25,2008
1786624200,7783.75,7790.25,7778,7782,6018
1786624500,7782,7785,7781.5,7784.75,1764
1786624800,7784.75,7786.75,7782.25,7784.25,2750
1786625100,7784,7786.5,7783.5,7784.75,1450
1786625400,7785,7787.5,7784.75,7787,1331
1786625700,7787.25,7788.5,7786.75,7788.25,1301
1786626000,7788.5,7790.25,7788,7789.75,2927
1786626300,7789.75,7791.5,7789.75,7790.75,3436
1786626600,7790.75,7791.75,7789.75,7790.75,1602
1786626900,7791,7792.75,7790,7792,2789
1786627200,7792,7793.5,7791,7791.25,1897
1786627500,7791,7793.5,7790.5,7793.25,3126
1786627800,7793.25,7799.5,7785.25,7798.5,25878
1786628100,7798.25,7809.25,7798,7809,21232
1786628400,7809,7809,7800,7801.5,17089
1786628700,7801.5,7814.25,7800.5,7813,22089
1786629000,7813,7816.25,7811,7816,13356
1786629300,7816,7821.5,7813.75,7820.75,17930
1786629600,7820.75,7827.5,7819.75,7827,20543
1786629900,7827,7828.75,7823.75,7826,13098
1786630200,7826,7830.25,7825.75,7829.5,10002
1786630500,7829.75,7831.25,7824.5,7830,13912
1786630800,7829.75,7836.75,7828.25,7834.75,14753
1786631100,7834.75,7837,7833.5,7836.25,8947
1786631400,7836.25,7838.25,7834.25,7836.75,10289
1786631700,7836.75,7838.5,7832.5,7835.25,9500
1786632000,7835,7835.75,7830.25,7830.25,9445
1786632300,7830.25,7830.5,7819.5,7821.25,19239
1786632600,7821,7823.75,7820,7823,12831
1786632900,7823,7824.25,7817.75,7822.25,14713
1786633200,7822,7826.75,7817.25,7818.25,17399
1786633500,7818,7820.5,7813.75,7816.75,16604
1786633800,7816.75,7818,7814.5,7815.5,9959
1786634100,7815.5,7816.75,7811.5,7816,11455
1786634400,7816,7817,7812.5,7813.5,9919
1786634700,7813.5,7813.5,7803.25,7805.75,23087
1786635000,7806,7807.5,7801.25,7801.5,13993
1786635300,7801.75,7805.5,7800,7803.75,12932
1786635600,7803.75,7808,7801,7803.75,13029
1786635900,7803.5,7805.5,7800.75,7803.25,8925
1786636200,7803,7803.25,7799,7800.75,9472
1786636500,7800.75,7803.5,7797.75,7799,9962
1786636800,7799,7804.5,7798.5,7803.25,9214
1786637100,7803,7807,7803,7803.75,7723
1786637400,7803.75,7805.25,7800.75,7801.25,7060
1786637700,7801,7803,7799.75,7802.5,5683
1786638000,7802.5,7805,7801.5,7804.75,5419
1786638300,7804.5,7809.5,7804.5,7809.25,8229
1786638600,7809.25,7811.5,7808,7810.75,8078
1786638900,7810.5,7811.25,7806,7807.25,7479
1786639200,7807,7809.25,7806,7808.5,4734
1786639500,7808.5,7811,7808.25,7810,3929
1786639800,7810,7812.25,7810,7811,5415
1786640100,7811,7811.75,7809.75,7811.25,3526
1786640400,7811.25,7814.75,7811.25,7814.25,5783
1786640700,7814.25,7818.25,7813.5,7816.75,7640
1786641000,7816.75,7817.5,7815,7816.25,3939
1786641300,7816.25,7818.5,7815.75,7818.5,4272
1786641600,7818.5,7819.25,7816,7817,4772
1786641900,7817.25,7817.5,7815,7815.25,4283
1786642200,7815.25,7816.75,7812.5,7813.5,6047
1786642500,7813.5,7813.75,7810.75,7812.25,6407
1786642800,7812.25,7813.5,7810.25,7810.25,4777
1786643100,7810.25,7813.5,7810.25,7812.5,4346
1786643400,7812.75,7813.75,7811.5,7811.75,4062
1786643700,7811.75,7813.75,7810.75,7811.75,3247
1786644000,7812,7813.75,7811.75,7813.75,3606
1786644300,7813.75,7815,7812.25,7812.75,4570
1786644600,7812.5,7816,7811,7815.25,4807
1786644900,7815.25,7816.25,7813.25,7813.75,3841
1786645200,7813.75,7814.5,7811,7811.5,4738
1786645500,7811.75,7814.75,7811.5,7814.25,4117
1786645800,7814.5,7817,7814.5,7816.75,4575
1786646100,7817,7818.5,7816.25,7818.5,4627
1786646400,7818.5,7821.75,7818,7820.5,7178
1786646700,7820.5,7822,7820.25,7822,3446
1786647000,7821.75,7823.75,7820.5,7823,6243
1786647300,7823,7823.75,7821,7822,3847
1786647600,7822,7824,7821.75,7823.5,4456
1786647900,7823.25,7828.75,7822.5,7828.25,11197
1786648200,7828,7828.25,7822.75,7824,8078
1786648500,7824,7826.25,7822.25,7826.25,6647
1786648800,7826.25,7828.25,7826,7827.75,4440
1786649100,7827.75,7828.25,7824.75,7825.25,4795
1786649400,7825,7827.25,7824.25,7825,6817
1786649700,7825,7825.5,7822,7824.25,5648
1786650000,7824.5,7825.25,7821.5,7821.75,4566
1786650300,7821.75,7823,7821,7822.25,6616
1786650600,7822,7822,7818,7820.25,14077
1786650900,7820.25,7824.75,7818.5,7823.25,17440
1786651200,7823.25,7825.5,7818.5,7824.25,11334
1786651500,7824.25,7825,7822,7822.5,1525
1786651800,7822.75,7823.25,7821.5,7822.5,1088
1786652100,7822.25,7823,7820,7821,1696
1786652400,7821.25,7821.25,7820,7820.75,651
1786652700,7820.5,7821.75,7819.75,7820.25,1188
1786653000,7820.25,7823,7820,7822,1272
1786653300,7822,7823.5,7821.5,7823.5,690
1786653600,7823.5,7823.75,7823,7823.75,929
1786653900,7823.5,7824.5,7823.5,7823.75,786
1786654200,7824,7825.25,7823.75,7825,1315
1786654500,7825,7825.5,7824.75,7825.25,1019
1786658400,7823.75,7827.25,7823.5,7826.25,1215
1786658700,7826,7827.5,7824.75,7825.5,634
1786659000,7825.5,7825.75,7824,7824.25,524
1786659300,7824,7826,7823.25,7826,776
1786659600,7825.75,7826,7822.75,7824.5,869
1786659900,7824.25,7824.75,7824.25,7824.25,242
1786660200,7824.25,7824.75,7824,7824.25,231
1786660500,7824.5,7825,7824,7824,146
1786660800,7824.25,7825,7824,7824.75,214
1786661100,7824.5,7824.75,7823.5,7824,298
1786661400,7824,7824.5,7823.75,7824,147
1786661700,7824,7824.25,7823.75,7824,182
1786662000,7823.75,7824.25,7823.5,7824.25,272
1786662300,7824.25,7826.25,7824,7826,407
1786662600,7826.25,7827.5,7826,7827.5,421
1786662900,7827.5,7827.5,7826,7826.75,505
1786663200,7827,7827.25,7825,7825.5,483
1786663500,7825.25,7826.5,7825.25,7825.5,246
1786663800,7825.75,7826.75,7825,7826.5,294
1786664100,7826.5,7826.75,7825.25,7825.5,260
1786664400,7825.5,7826.5,7825,7826,378
1786664700,7826,7827,7825.25,7826,344
1786665000,7825.5,7826.5,7825.5,7825.75,221
1786665300,7825.5,7826.25,7825,7825.75,286
1786665600,7825.75,7828.75,7825.75,7827.75,1398
1786665900,7828,7828.25,7825.5,7826.75,912
1786666200,7826.75,7827.25,7825,7825.5,539
1786666500,7825.5,7826.25,7824,7824.75,724
1786666800,7825,7825.25,7824.5,7824.5,246
1786667100,7824.5,7825,7824,7824.25,297
1786667400,7824,7824.5,7823.75,7824.25,387
1786667700,7824.5,7825,7824,7824.75,305
1786668000,7824.5,7825,7823.5,7823.5,488
1786668300,7823.5,7824,7822.75,7823.25,569
1786668600,7823.5,7824.25,7823,7824.25,584
1786668900,7824,7824.75,7823.75,7824,454
1786669200,7824,7824.25,7820.5,7821,1503
1786669500,7821,7823,7821,7822.25,777
1786669800,7822.5,7822.5,7820.25,7820.5,719
1786670100,7820.75,7821.75,7820.25,7821.25,696
1786670400,7821,7822.75,7820.25,7821.75,753
1786670700,7821.75,7822.5,7820.75,7822.25,480
1786671000,7822.5,7823,7821.75,7823,346
1786671300,7822.75,7824.25,7822.25,7824,670
1786671600,7824,7824.25,7823,7824,508
1786671900,7824,7824.75,7823.5,7824.75,321
1786672200,7824.75,7824.75,7822.75,7823,455
1786672500,7823.25,7823.5,7823,7823.5,292
1786672800,7823.5,7825.25,7823.5,7825,587
1786673100,7825.25,7825.5,7824.25,7825,381
1786673400,7824.75,7826.25,7824.75,7826.25,682
1786673700,7826,7826.5,7824.75,7825.25,489
1786674000,7825,7826.5,7825,7825.75,270
1786674300,7826,7826.25,7825.25,7826,278
1786674600,7826,7827,7826,7826.75,448
1786674900,7826.75,7826.75,7826.25,7826.25,366
1786675200,7826,7826.75,7825.75,7826.5,326
1786675500,7826.5,7827,7825.5,7826,413
1786675800,7825.5,7826,7825,7825.25,371
1786676100,7825.25,7825.25,7824,7825,533
1786676400,7825,7825.5,7824.5,7825,312
1786676700,7825,7825.75,7825,7825.5,211
1786677000,7825.5,7826.25,7825.5,7825.75,242
1786677300,7826,7826.75,7825.75,7826.5,247
1786677600,7826.75,7827.5,7826.5,7827.5,303
1786677900,7827.5,7827.75,7827,7827.5,297
1786678200,7827.5,7827.75,7826.5,7826.75,290
1786678500,7826.75,7826.75,7825.25,7825.5,425
1786678800,7825.75,7826,7825.25,7825.5,224
1786679100,7825.25,7825.75,7824.75,7824.75,228
1786679400,7824.75,7825.5,7824.75,7824.75,177
1786679700,7824.75,7825,7824.25,7824.25,243
1786680000,7824.25,7824.75,7824,7824.25,354
1786680300,7824.25,7825.5,7824.25,7824.75,278
1786680600,7825,7825.5,7824.75,7825.25,98
1786680900,7825.25,7825.5,7824.5,7824.75,270
1786681200,7824.75,7825.25,7824.25,7824.5,184
1786681500,7824.5,7825.5,7824.25,7824.5,245
1786681800,7824.75,7825,7823,7823.25,438
1786682100,7823.5,7824.25,7822.5,7824.25,552
1786682400,7824,7825,7823.5,7824,223
1786682700,7824,7824,7822.75,7823.5,244
1786683000,7823.25,7823.5,7822.75,7823.25,116
1786683300,7823,7823.5,7823,7823,114
1786683600,7823.25,7823.75,7822.25,7822.5,406
1786683900,7822.5,7822.75,7821.5,7822,310
1786684200,7822,7823.25,7821.5,7823,382
1786684500,7823,7823.25,7822.25,7822.5,256
1786684800,7822.5,7823.25,7822.25,7823.25,196
1786685100,7823.25,7823.75,7822.75,7823.75,341
1786685400,7823.5,7823.75,7822.75,7823.75,205
1786685700,7823.75,7824.5,7823.75,7824,332
1786686000,7823.75,7824.5,7823,7824.25,230
1786686300,7824.5,7825.25,7824,7825,371
1786686600,7825,7826,7824.75,7825.5,289
1786686900,7825.5,7826,7824.25,7824.5,357
1786687200,7824.5,7824.75,7822,7822.25,670
1786687500,7822.75,7823.25,7821.5,7822,262
1786687800,7822,7822.25,7821.25,7821.5,286
1786688100,7821.75,7822,7821.25,7821.75,170
1786688400,7822,7822.25,7821.25,7821.75,284
1786688700,7821.75,7822.25,7821.25,7822,277
1786689000,7822,7822.5,7821.5,7821.5,264
1786689300,7821.5,7821.5,7820.5,7821,317
1786689600,7821,7821.5,7820.5,7821.25,209
1786689900,7821.25,7822.25,7821.25,7821.75,371
1786690200,7821.5,7822.25,7821.25,7821.5,327
1786690500,7821.75,7822.25,7821.25,7821.75,200
1786690800,7821.75,7823,7821.5,7822.75,542
1786691100,7822.75,7822.75,7821.75,7822.5,205
1786691400,7822.75,7823,7820,7820.25,782
1786691700,7820.25,7821.5,7820.25,7821.25,273
1786692000,7821.25,7822,7820.75,7822,222
1786692300,7821.75,7822.25,7821,7821.5,247
1786692600,7821.5,7822.75,7821,7822.25,250
1786692900,7822.5,7822.5,7821.5,7822.25,158
1786693200,7822.25,7824,7821.75,7824,401
1786693500,7824,7824.25,7822.75,7824.25,439
1786693800,7824.5,7824.75,7823.75,7824.25,235
1786694100,7824.25,7824.5,7823.25,7823.5,642
1786694400,7823.5,7825,7822.25,7823.75,1020
1786694700,7824,7826,7823.75,7824.75,1013
1786695000,7825,7825.25,7823.25,7823.5,481
1786695300,7823.75,7825.5,7823.5,7823.75,441
1786695600,7823.75,7824.25,7822.75,7824,309
1786695900,7824,7826,7824,7826,454
1786696200,7826,7827,7825.5,7826.25,688
1786696500,7826.5,7828.25,7826.25,7827.75,885
1786696800,7827.75,7828.25,7826.75,7827,349
1786697100,7826.5,7828.5,7826.5,7828.25,456
1786697400,7828,7828.5,7827.25,7827.25,306
1786697700,7827,7827.5,7826.25,7826.25,257
1786698000,7826.25,7826.5,7824.5,7824.75,657
1786698300,7825,7826,7824.5,7825.5,267
1786698600,7825.75,7826,7825.25,7826,255
1786698900,7825.75,7826.25,7825.25,7826,358
1786699200,7826.25,7827.75,7826,7827.75,309
1786699500,7827.5,7827.75,7826,7826,283
1786699800,7826,7826.25,7824.5,7825,463
1786700100,7825,7825,7824,7824.5,525
1786700400,7824.5,7825,7824.25,7824.75,247
1786700700,7825,7826.75,7824.75,7826,414
1786701000,7826.25,7826.75,7825.75,7826.5,254
1786701300,7826.75,7827.75,7826.25,7827.5,255
1786701600,7827.5,7828.5,7827,7828.5,407
1786701900,7828.5,7829.5,7828,7828.5,639
1786702200,7828.25,7829.5,7828,7828,469
1786702500,7828.25,7828.25,7827.25,7827.5,341
1786702800,7827.5,7828,7826.75,7827.75,307
1786703100,7827.75,7828,7826.25,7827,245
1786703400,7827,7828.25,7826.5,7827.75,417
1786703700,7828,7828,7827,7827.5,601
1786704000,7827.5,7828,7825.5,7826.75,685
1786704300,7827.25,7827.5,7826.25,7826.75,193
1786704600,7826.75,7828.5,7826.75,7828,645
1786704900,7827.75,7828.75,7826.5,7828.75,655
1786705200,7828.75,7829.5,7827.25,7827.5,835
1786705500,7827.5,7828.5,7827.5,7828,498
1786705800,7828,7828.5,7826.75,7827,415
1786706100,7827.25,7827.5,7826.25,7826.75,553
1786706400,7826.75,7827.5,7826.25,7827.5,400
1786706700,7827.5,7827.75,7826.25,7826.75,325
1786707000,7826.75,7828.25,7826.75,7828.25,526
1786707300,7828.5,7829.75,7828,7828,1094
1786707600,7828,7828.75,7827.5,7828.75,482
1786707900,7828.75,7830,7828.25,7830,784
1786708200,7829.75,7830.75,7828.5,7828.5,837
1786708500,7828.5,7829.5,7828,7829.5,419
1786708800,7829.5,7830,7828.75,7829,709
1786709100,7828.75,7829.5,7828.25,7829.25,662
1786709400,7829.25,7829.5,7821,7826.5,4654
1786709700,7826.5,7826.75,7824.75,7825.5,1283
1786710000,7825.75,7827.25,7825,7825,899
1786710300,7825.25,7828.5,7824.75,7828,1270
1786710600,7828.25,7832,7828,7830.75,3064
1786710900,7830.5,7830.75,7828.5,7828.5,1276
1786711200,7828.5,7829,7827.75,7829,752
1786711500,7829,7830.5,7828.5,7830,1135
1786711800,7830,7831,7829.5,7830.75,658
1786712100,7831,7831.25,7830.25,7830.25,615
1786712400,7830.25,7830.5,7828,7828,1216
1786712700,7828.25,7830,7828.25,7828.5,972
1786713000,7828.5,7828.75,7825.75,7826.25,1239
1786713300,7826,7829.5,7825.75,7827,2560
1786713600,7827,7829.25,7827,7828.5,900
1786713900,7828.5,7829.75,7826.5,7827.5,2728
1786714200,7827.75,7828,7821.5,7824.25,18437
1786714500,7824.25,7825.25,7819.25,7822.5,14023
1786714800,7822.75,7827.5,7820.5,7826.25,15477
1786715100,7826.5,7828.5,7821.25,7822,16557
1786715400,7821.75,7828.5,7820.25,7827,17227
1786715700,7827.25,7827.25,7823.25,7826,7525
1786716000,7825.75,7829.75,7823.25,7828,7514
1786716300,7828.25,7830.75,7827.25,7828,11188
1786716600,7828,7829.5,7824.25,7825.25,10977
1786716900,7825.25,7826,7820,7820.75,14452
1786717200,7820.75,7821.75,7816.25,7818,17009
1786717500,7817.75,7818.75,7813.75,7816.75,12493
1786717800,7816.75,7817.5,7810.5,7811,15139
1786718100,7811,7817,7810.75,7816.5,12370
1786718400,7816.5,7816.5,7812.25,7813.75,8245
1786718700,7813.75,7816.75,7812.5,7814.75,7595
1786719000,7815,7816.75,7812,7812.5,6576
1786719300,7812.25,7813.75,7809.5,7809.5,8086
1786719600,7809.75,7813.75,7809.25,7812,9440
1786719900,7812,7813.25,7808,7809,7801
1786720200,7809.25,7810.5,7806.5,7806.75,7401
1786720500,7806.75,7809.5,7806.5,7808.25,6784
1786720800,7808.25,7808.75,7802.25,7802.5,11222
1786721100,7802.5,7805.25,7801,7805.25,10995
1786721400,7805.25,7806.5,7802.25,7804.25,8196
1786721700,7804.25,7807,7802.5,7803.5,8231
1786722000,7803.25,7803.75,7800.5,7802.75,7621
1786722300,7802.75,7805.75,7800.5,7801,8300
1786722600,7800.75,7804.25,7800,7803.5,6825
1786722900,7803.5,7805.75,7802.25,7804.5,6302
1786723200,7804.5,7808,7804.5,7806.5,8838
1786723500,7806.5,7807.25,7802.75,7804.5,5736
1786723800,7804.25,7807.5,7803.75,7807.25,4477
1786724100,7807.5,7809.5,7807.25,7808,6154
1786724400,7808,7809.25,7806.5,7808.5,3816
1786724700,7808.75,7810.25,7808,7808.75,4082
1786725000,7809,7809.5,7805,7805.75,7114
1786725300,7805.75,7808.5,7805.25,7807,4267
1786725600,7806.75,7807,7803.25,7803.25,5356
1786725900,7803.25,7804.25,7802,7803.5,4673
1786726200,7803.25,7803.25,7800.25,7801.5,5522
1786726500,7801.5,7802.25,7798.5,7799.25,5978
1786726800,7799.25,7801,7798.25,7800,5585
1786727100,7800,7802,7799.75,7801.25,4027
1786727400,7801.25,7803.5,7800,7802.5,6838
1786727700,7802.75,7803.25,7800,7802,3555
1786728000,7802,7803.75,7799.75,7800.5,3355
1786728300,7800.75,7801,7798.75,7799.75,4447
1786728600,7799.75,7802,7799.5,7800.5,5016
1786728900,7800.5,7800.5,7796.5,7797.75,8187
1786729200,7797.5,7799,7796.75,7798,4200
1786729500,7798.25,7799.5,7797.5,7798.25,5398
1786729800,7798.25,7800.5,7796.75,7800,4730
1786730100,7800,7801.75,7798.75,7800.5,4042
1786730400,7800.75,7803.5,7799.5,7802.5,6451
1786730700,7802.5,7804.25,7801.75,7804,4224
1786731000,7804,7805.75,7803,7804,4757
1786731300,7804.25,7806,7803.5,7804.5,3981
1786731600,7804.75,7805.75,7803.25,7804.25,3263
1786731900,7804.25,7805.25,7801.5,7801.75,5687
1786732200,7802,7803.75,7800.75,7801.5,5485
1786732500,7801.5,7802.75,7800.75,7802.25,3415
1786732800,7802.25,7805.25,7802,7804.75,3998
1786733100,7804.5,7805.25,7802.75,7805,3128
1786733400,7805,7807.5,7805,7806,7269
1786733700,7806.25,7806.25,7803.75,7804.25,3856
1786734000,7804.5,7804.75,7801.5,7802.25,6212
1786734300,7802.25,7804.5,7802,7804,3589
1786734600,7804,7804.5,7803,7803,3424
1786734900,7803,7803.75,7800.5,7802.5,6908
1786735200,7802.5,7804,7801.25,7804,4312
1786735500,7804,7806,7803.75,7804,5077
1786735800,7804.25,7805.75,7803.5,7805,4383
1786736100,7805,7805.75,7802.5,7804.25,4150
1786736400,7804,7805.75,7803.75,7804.25,3944
1786736700,7804.25,7804.75,7802.25,7804.25,6156
1786737000,7804.25,7806.5,7803,7804.25,13571
1786737300,7804.25,7806.5,7801.5,7805.5,14607
1786737600,7805.25,7806,7802,7802.75,6221
1786737900,7802.5,7802.75,7800,7800.75,2950
1786738200,7800.75,7802.5,7800.25,7801,1619
1786738500,7801,7801.75,7800,7800.25,1358
1786738800,7800.25,7800.75,7800,7800.25,476
1786739100,7800.25,7800.75,7800,7800.75,419
1786739400,7800.75,7803,7800,7803,1617
1786739700,7803,7803.25,7802.25,7802.5,728
1786740000,7802.75,7803,7802.25,7802.5,615
1786740300,7802.75,7802.75,7801.5,7802.5,967
1786740600,7802.5,7803,7801.75,7801.75,700
1786740900,7802,7802.75,7801.5,7802,992
1786917600,7809,7809.75,7804.25,7808,2705
1786917900,7808.5,7810,7808,7809.75,1361
1786918200,7809.5,7811,7809.25,7810.75,1199
1786918500,7810.75,7811,7809.75,7810.5,630
1786918800,7810.5,7811.25,7809.5,7810,778
1786919100,7810.25,7810.25,7809.5,7810,438
1786919400,7810,7810.25,7808.5,7809.5,741
1786919700,7809.5,7809.5,7808.5,7809.25,324
1786920000,7809.25,7809.75,7809.25,7809.5,265
1786920300,7809.25,7810.75,7809,7810.5,550
1786920600,7810.5,7811,7810.25,7810.75,371
1786920900,7810.75,7810.75,7809.5,7810.25,341
1786921200,7810.5,7810.75,7809.25,7810,453
1786921500,7809.75,7810.25,7809.75,7809.75,122
1786921800,7810,7810.25,7809,7809.25,265
1786922100,7809.25,7809.25,7808.75,7809,217
1786922400,7809,7810.25,7809,7810.25,368
1786922700,7810,7810.25,7809.5,7809.5,161
1786923000,7809.75,7809.75,7808.75,7808.75,318
1786923300,7808.75,7810.5,7808.75,7810.25,280
1786923600,7810.25,7811.25,7810.25,7811.25,421
1786923900,7811,7812.75,7811,7812.5,1103
1786924200,7812.5,7813.5,7812,7812.25,835
1786924500,7812.25,7812.75,7812,7812.25,328
1786924800,7812.25,7814,7811.75,7812.75,1407
1786925100,7812.75,7813.25,7811.5,7811.75,705
1786925400,7811.5,7812.75,7811.5,7812.5,411
1786925700,7812.5,7812.5,7808.75,7808.75,1598
1786926000,7809,7809.5,7808,7809.25,980
1786926300,7809,7810.25,7808.75,7809.5,759
1786926600,7809.25,7809.5,7808,7808.25,653
1786926900,7808.25,7809.25,7808,7808.25,390
1786927200,7808.5,7810,7808.25,7809,429
1786927500,7809.25,7810,7808.75,7809.75,347
1786927800,7809.75,7810,7809.25,7810,251
1786928100,7809.75,7811,7809.5,7811,519
1786928400,7810.75,7812.5,7810.5,7812.25,988
1786928700,7812.25,7812.5,7811.5,7811.5,576
1786929000,7811.5,7812,7810.5,7810.5,420
1786929300,7810.75,7812.5,7810.25,7812.25,618
1786929600,7812,7813.5,7812,7812.5,736
1786929900,7812.5,7813.5,7812.5,7813,323
1786930200,7813.25,7813.25,7809.5,7810.25,864
1786930500,7810.25,7811.5,7809.75,7811.25,651
1786930800,7811.25,7811.5,7808.5,7809.5,799
1786931100,7809.25,7809.5,7808.5,7808.75,363
1786931400,7808.75,7808.75,7807,7807.5,1041
1786931700,7807.5,7808,7807.25,7807.75,366
1786932000,7807.5,7808,7806.5,7806.75,552
1786932300,7806.75,7807.5,7806.25,7807.5,426
1786932600,7807.5,7807.75,7806.5,7807.75,334
1786932900,7807.75,7808.5,7807.25,7808.25,409
1786933200,7808.25,7810.25,7807.75,7809.5,843
1786933500,7809.5,7809.75,7809.25,7809.25,237
1786933800,7809.25,7809.75,7808.5,7808.5,501
1786934100,7808.75,7809.25,7808.25,7809,295
1786934400,7808.75,7809.75,7808.75,7809.25,262
1786934700,7809,7810,7809,7809.75,264
1786935000,7809.75,7810,7808.75,7809.25,301
1786935300,7809.25,7809.25,7808.5,7808.5,182
1786935600,7808.75,7809.25,7808.5,7808.75,274
1786935900,7809,7809.75,7808.5,7809.5,225
1786936200,7809.5,7809.5,7808,7808.5,504
1786936500,7808.5,7810,7808.25,7809.5,470
1786936800,7809.75,7810,7809.5,7810,157
1786937100,7809.75,7810.25,7809.75,7810.25,189
1786937400,7810.25,7810.25,7809,7809.75,307
1786937700,7810.25,7810.75,7810,7810.5,351
1786938000,7810.5,7811.25,7810.5,7811.25,344
1786938300,7811,7812,7811,7812,421
1786938600,7811.75,7812.25,7811.25,7812,316
1786938900,7812,7812.75,7811.75,7812.75,316
1786939200,7812.75,7813.25,7812.5,7812.75,587
1786939500,7813,7813.5,7812.5,7812.75,441
1786939800,7812.75,7813.5,7812.75,7813,362
1786940100,7813,7813.25,7812.25,7813,245
1786940400,7813,7813.25,7812.5,7813,264
1786940700,7813,7813.25,7812.25,7812.25,162
1786941000,7812.25,7812.25,7811.5,7812,531
1786941300,7812,7812.5,7811.75,7812.25,168
1786941600,7812.25,7813.25,7812.25,7813.25,252
1786941900,7813,7813.5,7812.5,7812.5,297
1786942200,7812.75,7812.75,7812,7812.25,255
1786942500,7812.25,7812.5,7812,7812.25,185
1786942800,7812.5,7813.75,7812,7813.25,269
1786943100,7813,7814,7812.75,7814,415
1786943400,7813.75,7814,7813.25,7813.75,185
1786943700,7813.75,7814,7813.25,7813.5,196
1786944000,7813.25,7813.25,7812.75,7812.75,124
1786944300,7812.5,7813.5,7812,7813.5,284
1786944600,7813.75,7816.5,7813.75,7815.5,1657
1786944900,7815.5,7815.5,7814.5,7815.25,315
1786945200,7815.5,7816.5,7815.25,7816,416
1786945500,7816.25,7817.5,7815.75,7817.25,411
1786945800,7817.25,7817.5,7816.5,7816.75,332
1786946100,7816.5,7817.5,7816.5,7817.5,259
1786946400,7817.5,7819,7816.75,7818.75,1119
1786946700,7819,7819.25,7818.25,7818.5,591
1786947000,7818.5,7819,7818.25,7818.25,375
1786947300,7818.25,7818.5,7816.5,7816.75,769
1786947600,7817,7817.75,7816.5,7817.75,281
1786947900,7817.5,7819,7817.5,7818.5,379
1786948200,7818.5,7819.25,7818,7818.75,699
1786948500,7819,7820,7818.75,7819.75,1034
1786948800,7819.75,7820,7818.5,7818.5,413
1786949100,7818.75,7820,7818.25,7820,394
1786949400,7819.75,7820,7819.25,7819.25,180
1786949700,7819.25,7820.25,7819,7819.75,498
1786950000,7820,7821.25,7819,7819.75,1617
1786950300,7819.75,7820,7819.25,7819.5,547
1786950600,7819.5,7819.5,7815.5,7816,1100
1786950900,7815.75,7816,7814,7814.75,864
1786951200,7815,7815.5,7814.25,7814.25,344
1786951500,7814.25,7817.25,7813.25,7817,1023
1786951800,7817,7817.25,7815.75,7817,542
1786952100,7817,7819,7817,7818.5,755
1786952400,7818.5,7819.5,7818.5,7819.25,315
1786952700,7819,7820,7818.75,7819.5,353
1786953000,7819.75,7820.25,7818,7818.25,679
1786953300,7818.25,7819.25,7818.25,7819.25,329
1786953600,7819,7819.5,7816.75,7816.75,793
1786953900,7817,7817.5,7815.75,7817,625
1786954200,7817,7817,7815.25,7816,376
1786954500,7816,7816.75,7814.75,7815,462
1786954800,7815,7816.5,7814.75,7816,298
1786955100,7816,7817,7815.5,7816.25,258
1786955400,7816.25,7817,7816,7816.25,346
1786955700,7816.25,7817,7816,7816.5,291
1786956000,7816.5,7816.5,7814,7814.25,452
1786956300,7814.25,7815.25,7814.25,7814.5,334
1786956600,7814.5,7815,7813.75,7815,444
1786956900,7815,7816.5,7814.75,7816.25,413
1786957200,7816.25,7816.75,7815.5,7816.75,389
1786957500,7816.5,7817.5,7815.75,7817.5,363
1786957800,7817.75,7818,7816.75,7817.5,460
1786958100,7817.75,7817.75,7816.25,7816.75,354
1786958400,7817,7817.25,7816.25,7816.75,543
1786958700,7816.75,7816.75,7814.75,7815.5,721
1786959000,7815.5,7815.75,7814,7814.5,483
1786959300,7814.25,7815.75,7814.25,7814.5,396
1786959600,7814.5,7815.75,7814.5,7815.75,242
1786959900,7815.75,7817,7815.25,7816,482
1786960200,7816,7816.5,7814.75,7815.25,462
1786960500,7815.25,7816,7814.25,7814.75,229
1786960800,7815,7815.5,7814.75,7815.25,301
1786961100,7815.25,7815.75,7814.5,7815,232
1786961400,7814.75,7816.5,7814.75,7816.5,304
1786961700,7816.75,7818,7815.75,7816.5,750
1786962000,7816.5,7816.75,7814.5,7814.5,503
1786962300,7814.5,7824.75,7812.75,7824,5343
1786962600,7824,7824.75,7815.5,7816,3302
1786962900,7816,7817,7815,7816.5,757
1786963200,7816.75,7817.5,7816.25,7817.25,396
1786963500,7817,7817.5,7816.25,7816.25,310
1786963800,7816.25,7817.25,7816.25,7816.75,500
1786964100,7816.75,7817,7815.75,7816.5,387
1786964400,7816.5,7817,7815,7816.75,849
1786964700,7816.5,7818.5,7816.25,7817.5,681
1786965000,7817.75,7817.75,7815.5,7816,791
1786965300,7816,7816,7813.25,7813.25,845
1786965600,7813.5,7816,7813.5,7816,491
1786965900,7816,7816.25,7814.5,7815.5,350
1786966200,7815.5,7817,7814.75,7816,526
1786966500,7816.25,7816.5,7815.25,7816,437
1786966800,7815.75,7816,7814.75,7815.75,820
1786967100,7815.75,7816,7814.75,7815,605
1786967400,7815,7815,7813,7814,910
1786967700,7814,7814.25,7813.25,7813.25,427
1786968000,7813.5,7813.75,7809.5,7809.75,2110
1786968300,7809.75,7813.25,7809.5,7813.25,1353
1786968600,7813,7814.5,7812.75,7813.75,913
1786968900,7813.75,7814.25,7812.75,7813.5,595
1786969200,7813.5,7815,7813,7813.25,1184
1786969500,7813.25,7814.5,7805.75,7808.25,7836
1786969800,7808,7810,7805.75,7807.5,2118
1786970100,7808,7808,7803.5,7803.5,2787
1786970400,7803.5,7806.25,7803,7804,2230
1786970700,7804,7804.5,7801.25,7802.5,2049
1786971000,7802.5,7804.25,7802,7803,1652
1786971300,7803,7804.75,7802,7803.5,1249
1786971600,7803.75,7805,7803.25,7804,1851
1786971900,7804,7806.5,7804,7806.25,2037
1786972200,7806.25,7806.5,7805,7806,1142
1786972500,7806,7807.5,7805.25,7806.25,2157
1786972800,7806.25,7806.5,7805,7805.5,1622
1786973100,7805.5,7808,7802.75,7803,6189
1786973400,7803,7809.5,7796.25,7796.5,28012
1786973700,7796.75,7800.25,7794.75,7795.75,19124
1786974000,7796,7800,7794.75,7797.25,14801
1786974300,7797.25,7802,7792.75,7801.25,21445
1786974600,7801.25,7801.75,7797,7799.75,12703
1786974900,7799.75,7800,7793,7794.25,14459
1786975200,7794.5,7797,7789.25,7795.75,24702
1786975500,7795.5,7796.5,7792.25,7795.75,12529
1786975800,7795.75,7799,7795.25,7798,13180
1786976100,7797.75,7798,7793.75,7795,9723
1786976400,7795,7795.25,7791.5,7794,11617
1786976700,7793.75,7796,7790.75,7796,11047
1786977000,7796,7797.25,7794.75,7797,9799
1786977300,7797,7797,7790.5,7791.75,12271
1786977600,7792,7794.75,7791.5,7792.5,7540
1786977900,7792.5,7795.25,7792.5,7794.25,6457
1786978200,7794.25,7796.25,7790.25,7790.75,9817
1786978500,7791,7794,7790,7794,7149
1786978800,7794,7797.5,7792.5,7796.25,9828
1786979100,7796.25,7797.25,7794.25,7795,7899
1786979400,7795,7797,7794.5,7794.5,4781
1786979700,7794.75,7799,7794.25,7798.5,7239
1786980000,7798.5,7800,7797.25,7798.25,8421
1786980300,7798.25,7799.25,7796.75,7798.5,4768
1786980600,7798.75,7799.5,7793.25,7793.5,9716
1786980900,7793.5,7794.5,7791,7791.25,8678
1786981200,7791.5,7792.25,7788.25,7792,13595
1786981500,7792,7793.5,7791.25,7792,6826
1786981800,7792,7795.25,7791.25,7794.25,5690
1786982100,7794.25,7795.5,7793.75,7794,4021
1786982400,7794,7795,7792.5,7793.25,5068
1786982700,7793.25,7794.5,7791.75,7792.5,5835
1786983000,7792.5,7796,7792.5,7795.25,4579
1786983300,7795.25,7797.25,7795,7796.25,4638
1786983600,7796.25,7797.5,7795,7795.25,4295
1786983900,7795.5,7795.75,7793.25,7794.25,4691
1786984200,7794.25,7795.5,7792,7792.5,5342
1786984500,7792.25,7794.25,7792.25,7794.25,3966
1786984800,7794.25,7794.25,7790.5,7790.75,5052
1786985100,7791,7792,7789.75,7791.5,5212
1786985400,7791.25,7791.75,7787.25,7790,6608
1786985700,7789.75,7790.25,7787.25,7788,5944
1786986000,7787.75,7789,7786.5,7788,5660
1786986300,7788,7788.25,7786,7786.75,7150
1786986600,7786.75,7787.75,7784,7784,7621
1786986900,7784.25,7785.75,7782,7783.75,11260
1786987200,7783.75,7784.5,7777.75,7778.75,16354
1786987500,7778.5,7779.25,7775.75,7776.75,14176
1786987800,7776.75,7779.5,7775.25,7775.5,10751
1786988100,7775.5,7776.5,7772.25,7772.5,11624
1786988400,7772.25,7779.5,7772,7778.75,10732
1786988700,7778.5,7779.75,7775.75,7776.25,8093
1786989000,7776,7777.75,7774.75,7776.25,6273
1786989300,7776.25,7776.5,7774,7775.25,5251
1786989600,7775,7776.75,7773.5,7775.5,8844
1786989900,7775.5,7777.25,7773.75,7775,7566
1786990200,7774.75,7778.5,7774.5,7777.75,6393
1786990500,7778,7779,7776,7776.5,6109
1786990800,7776.5,7778.5,7774.75,7778,5573
1786991100,7778,7779,7775,7776.75,5851
1786991400,7776.75,7777.25,7773,7773.5,6497
1786991700,7773.5,7775.75,7773.5,7775.25,3594
1786992000,7775.25,7777.75,7774.75,7776.75,4400
1786992300,7776.75,7778.5,7776.25,7777.75,3504
1786992600,7777.75,7779,7776,7776.5,4412
1786992900,7776.5,7777,7775.5,7776,3048
1786993200,7776,7776.75,7773.75,7774,5378
1786993500,7773.75,7775,7773,7773.75,3887
1786993800,7773.5,7774.75,7772,7772.75,5149
1786994100,7772.75,7775.75,7772.25,7774.5,6086
1786994400,7774.75,7775.5,7773.5,7773.5,3713
1786994700,7773.5,7775,7772,7772,4492
1786995000,7772,7772.5,7767.75,7770.5,13551
1786995300,7770.5,7772.25,7769.5,7771.25,6564
1786995600,7771,7771.75,7769,7770.75,5353
1786995900,7770.75,7774.25,7770.5,7774,8718
1786996200,7774.25,7774.75,7767,7768.75,16057
1786996500,7768.75,7771.25,7766.25,7768.5,21566
1786996800,7768.75,7769.5,7766.25,7766.75,6527
1786997100,7766.75,7768,7765.25,7767.5,2520
1786997400,7767.25,7768,7767,7767,749
1786997700,7767,7767.5,7764.75,7767.25,1659
1786998000,7767.25,7767.5,7766.5,7766.5,438
1786998300,7766.5,7766.75,7765.25,7765.75,776
1786998600,7765.75,7766,7765,7765.5,952
1786998900,7765.75,7765.75,7764,7764.5,956
1786999200,7764.75,7766,7764.25,7764.25,1071
1786999500,7764.5,7765,7763.5,7764,1372
1786999800,7764,7766.25,7763.5,7766.25,1099
1787000100,7766.25,7766.5,7764.5,7765.5,1236
1787004000,7766.5,7768.5,7766,7767.75,1693
1787004300,7767.25,7768,7765.75,7767.75,975
1787004600,7768,7768,7765.5,7765.75,822
1787004900,7766,7766.5,7762.25,7764.75,1679
1787005200,7765,7765.5,7763.5,7765,642
1787005500,7765.25,7766,7764.5,7765.5,560
1787005800,7765,7765.5,7764.25,7764.5,481
1787006100,7764.75,7765,7764,7764.5,199
1787006400,7764.5,7765.25,7764.25,7764.75,305
1787006700,7764.75,7765.5,7764.5,7765.25,254
1787007000,7765,7766,7764.5,7766,533
1787007300,7766,7766,7765.25,7765.25,357
1787007600,7765.5,7765.5,7763,7764.25,479
1787007900,7764.25,7765.75,7764.25,7765.5,348
1787008200,7765.5,7766,7765,7765.25,314
1787008500,7765,7765.5,7763.5,7765,321
1787008800,7765,7765,7764,7764.25,216
1787009100,7764.25,7765.5,7764,7765.5,346
1787009400,7765.25,7767.75,7765,7767.25,1353
1787009700,7767.5,7768,7767,7767.75,531
1787010000,7767.75,7768,7767,7767.5,342
1787010300,7767.5,7767.75,7764.5,7765.5,1306
1787010600,7765.5,7768,7765.25,7767.75,634
1787010900,7767.75,7768.5,7767.25,7768.25,586
1787011200,7768,7769.75,7766.75,7769.25,1665
1787011500,7769.5,7769.5,7768.25,7768.75,517
1787011800,7769,7769.75,7768,7769.75,484
1787012100,7769.5,7770.5,7768,7770.25,647
1787012400,7770,7770.75,7768.75,7769.25,706
1787012700,7769,7769.5,7766.75,7767.5,831
1787013000,7767.5,7768.25,7766.75,7768.25,591
1787013300,7768,7768.5,7767.5,7767.75,423
1787013600,7767.5,7767.75,7766.25,7767.5,470
1787013900,7767.75,7767.75,7767,7767.75,358
1787014200,7767.75,7769.5,7766.25,7766.5,830
1787014500,7766.5,7767.25,7766.25,7767,431
1787014800,7767,7767.75,7766,7766.25,379
1787015100,7766,7767,7765.25,7765.75,536
1787015400,7765.75,7767.5,7765.75,7767.5,367
1787015700,7767.5,7767.5,7765.75,7766.25,464
1787016000,7766.25,7768.25,7765.75,7768.25,360
1787016300,7768.25,7768.25,7765.5,7766,457
1787016600,7765.75,7766,7765,7765.25,750
1787016900,7765.25,7767,7765,7765.25,371
1787017200,7765,7765.25,7761.25,7762.25,2216
1787017500,7762.5,7763,7759.5,7760.5,1986
1787017800,7760.75,7760.75,7755,7757.75,3637
1787018100,7758,7761.5,7757.75,7761.5,1607
1787018400,7761.5,7762,7759.75,7760.75,894
1787018700,7760.25,7760.5,7758.5,7759.25,875
1787019000,7759.5,7759.5,7754.5,7755,1295
1787019300,7754.75,7755.5,7748,7752,4843
1787019600,7752,7753,7749.5,7750,1210
1787019900,7750.25,7750.5,7748.25,7749.25,1432
1787020200,7749.25,7750.25,7748.5,7749.25,1501
1787020500,7749.25,7753.25,7749.25,7752,1118
1787020800,7752,7753,7747,7747.25,1713
1787021100,7747.25,7749.25,7743.25,7749.25,4075
1787021400,7749,7749.75,7747.5,7747.75,948
1787021700,7748,7749.75,7746,7749.25,1496
1787022000,7749.25,7749.75,7748.75,7749,774
1787022300,7749,7749.5,7748.25,7748.5,504
1787022600,7748.5,7748.5,7746.75,7747.25,808
1787022900,7747.5,7747.5,7745.5,7746.25,821
1787023200,7746.25,7746.75,7742.25,7743.25,1502
1787023500,7743.25,7745.5,7742.75,7744.25,625
1787023800,7744.5,7744.5,7741,7741.5,2747
1787024100,7741.5,7745.5,7741,7745.25,1258
1787024400,7745,7746.25,7744.5,7745.25,726
1787024700,7745,7746.75,7744,7744,690
1787025000,7744,7746.25,7743.5,7745.25,584
1787025300,7745.5,7745.5,7743,7743.5,559
1787025600,7743.75,7743.75,7741.25,7741.25,996
1787025900,7741.25,7744.5,7741.25,7743.5,778
1787026200,7743.75,7743.75,7742,7742.75,547
1787026500,7742.75,7743.5,7742.25,7743,394
1787026800,7742.75,7743,7740.25,7741,615
1787027100,7741,7744.25,7739.5,7743.75,1395
1787027400,7743.75,7745,7742.75,7743.25,729
1787027700,7743.5,7744.75,7741,7741.25,641
1787028000,7741.5,7742.5,7741.25,7741.75,256
1787028300,7741.5,7742.75,7741.25,7742.75,508
1787028600,7742.75,7744.25,7742.5,7743.75,358
1787028900,7744,7744.5,7743.25,7743.5,287
1787029200,7743.25,7743.75,7737.5,7739,2495
1787029500,7738.75,7741.5,7738.25,7740,772
1787029800,7739.75,7739.75,7737,7738.5,963
1787030100,7738.5,7740.25,7738.25,7740,517
1787030400,7740.25,7740.5,7738.75,7739.25,280
1787030700,7739.5,7740,7738,7738.25,430
1787031000,7738.25,7738.5,7736.5,7737.5,680
1787031300,7737.5,7738.25,7735.75,7736.5,1118
1787031600,7736.5,7737.25,7735.75,7736.75,433
1787031900,7736.25,7737.75,7736,7737.5,332
1787032200,7737.5,7738.5,7736.5,7736.75,1096
1787032500,7736.5,7738.5,7734,7735,1166
1787032800,7735,7735.25,7727.25,7729.5,3472
1787033100,7729.5,7730.75,7727,7730.75,1260
1787033400,7730.75,7736.25,7730.75,7735.25,2010
1787033700,7735.25,7736.25,7732.75,7735.75,1032
1787034000,7735.75,7738.25,7734.75,7735.25,1107
1787034300,7735,7737.25,7733.5,7736.25,744
1787034600,7736,7736.75,7734.5,7735.75,596
1787034900,7735.75,7737.5,7734.5,7737,700
1787035200,7737,7738,7736.5,7737,465
1787035500,7737,7738.5,7736.75,7738,882
1787035800,7737.75,7739,7737,7737.75,587
1787036100,7738,7742.25,7737.75,7741.75,1103
1787036400,7741.75,7742,7738,7738.5,1173
1787036700,7738.5,7741.75,7738.5,7739.25,692
1787037000,7739.25,7739.75,7736.75,7736.75,644
1787037300,7737,7738.5,7736,7737.5,538
1787037600,7737.75,7738.75,7737,7737.75,453
1787037900,7737.75,7738.5,7735.25,7735.5,439
1787038200,7735.5,7736.5,7731.5,7732,1064
1787038500,7732.25,7736,7731.25,7735,1059
1787038800,7735.25,7735.75,7730.75,7730.75,879
1787039100,7730.5,7731.75,7729.75,7731.25,723
1787039400,7731.25,7732.25,7728.25,7729.75,984
1787039700,7729.75,7730.5,7726,7726.25,1221
1787040000,7726.5,7727.5,7716.25,7721.75,4793
1787040300,7722,7723.5,7719.5,7722.5,2035
1787040600,7722.25,7727,7720.25,7725.5,2435
1787040900,7725.75,7728.5,7725.25,7726.25,1262
1787041200,7726.5,7726.75,7722.75,7724,1109
1787041500,7724,7727.25,7723.5,7726.25,961
1787041800,7726.25,7728.75,7725.5,7728.75,797
1787042100,7728.75,7731.75,7728.75,7731.25,1216
1787042400,7731,7732,7729.5,7731,660
1787042700,7730.75,7730.75,7726.25,7726.5,771
1787043000,7726.25,7729.75,7725.75,7728.5,861
1787043300,7729,7730.25,7727.75,7729.75,557
1787043600,7729.75,7731.5,7727.25,7730.25,929
1787043900,7730.25,7730.25,7727,7727,1052
1787044200,7727,7729.5,7727,7727.5,715
1787044500,7727.5,7728.25,7724.5,7725.25,852
1787044800,7724.75,7726.5,7724,7724,679
1787045100,7723.75,7727.75,7723.75,7726.25,724
1787045400,7726.25,7728.75,7725.25,7727.75,1159
1787045700,7727.5,7729,7726.5,7726.75,731
1787046000,7726.75,7727.25,7722.5,7725.5,1201
1787046300,7725.25,7726.75,7722.75,7724.5,1018
1787046600,7724.5,7728.5,7723.25,7728.5,1048
1787046900,7728.25,7730.75,7727.75,7729.5,993
1787047200,7729.75,7731.5,7728.75,7730.5,1283
1787047500,7730.5,7732.25,7729.75,7731.5,564
1787047800,7731.5,7732.25,7729.25,7730,563
1787048100,7730,7732,7728.75,7729,622
1787048400,7729,7729.75,7728.25,7728.75,425
1787048700,7728.75,7731,7728.25,7731,450
1787049000,7730.5,7732.75,7730.5,7731.75,744
1787049300,7732,7734,7731.75,7732.25,869
1787049600,7732,7732.25,7729.5,7730,775
1787049900,7730,7734,7729.5,7734,786
1787050200,7734,7734.25,7733,7734,365
1787050500,7733.75,7734,7731.5,7731.75,528
1787050800,7731.75,7735.5,7730.75,7734.5,1339
1787051100,7734.5,7735.5,7734,7734.25,855
1787051400,7734.25,7736,7734.25,7735.75,792
1787051700,7735.5,7736.5,7735,7736,582
1787052000,7736,7736.75,7734.5,7735,794
1787052300,7735,7736.25,7734.75,7735.25,513
1787052600,7735,7735.75,7732.75,7734,1168
1787052900,7734.25,7735,7732.25,7732.5,762
1787053200,7732.5,7736.5,7732,7736.25,1035
1787053500,7736,7738.5,7736,7737.75,1414
1787053800,7738,7738,7733.75,7733.75,1192
1787054100,7734.25,7736.75,7734,7735,968
1787054400,7734.75,7738.75,7733.5,7738.5,1494
1787054700,7738.5,7738.75,7734.25,7734.75,1491
1787055000,7735,7735,7732.75,7733.75,1182
1787055300,7734,7735.25,7733,7735.25,767
1787055600,7735.5,7739,7734.25,7734.75,2110
1787055900,7734.75,7734.75,7732.25,7732.75,1383
1787056200,7732.75,7734.5,7730.25,7731.25,1731
1787056500,7731.25,7731.75,7728.5,7729.75,1716
1787056800,7729.5,7730.75,7729,7729.75,965
1787057100,7729.5,7732.5,7729,7732.5,1709
1787057400,7732.5,7734.5,7732,7734,1873
1787057700,7734,7735.75,7733,7735.75,1544
1787058000,7735.75,7736.25,7732.75,7732.75,2785
1787058300,7732.5,7733.5,7731.25,7731.75,2371
1787058600,7731.75,7732,7730,7730.75,2393
1787058900,7730.5,7732.25,7729.25,7729.5,2513
1787059200,7729.75,7730.25,7726.25,7726.5,3124
1787059500,7726.75,7729.75,7724.25,7726.25,7329
1787059800,7726.5,7734.75,7718.5,7726,37914
1787060100,7725.5,7732,7722.75,7731.25,23962
1787060400,7731.25,7735.25,7727.25,7727.5,14928
1787060700,7727.5,7731.25,7723.5,7724.75,15427
1787061000,7724.5,7728.25,7722,7726,12009
1787061300,7725.75,7728.75,7721.25,7724.75,12576
1787061600,7725,7732.75,7721.5,7729.25,16704
1787061900,7729.75,7732.5,7724,7725.25,14923
1787062200,7725.5,7726,7716.5,7721.25,21301
1787062500,7721.25,7728.75,7720.25,7725.75,17632
1787062800,7725.75,7730.25,7721,7728.25,17995
1787063100,7728,7731,7725.25,7726.5,11820
1787063400,7726.5,7732.5,7725.5,7727.5,14503
1787063700,7727.5,7732,7727.25,7731,8514
1787064000,7731.25,7732.5,7723.75,7724,11133
1787064300,7724,7726,7721.75,7724.5,10454
1787064600,7724.75,7728.25,7719,7719.5,18064
1787064900,7719.75,7721.75,7717.25,7719.5,13775
1787065200,7719.5,7723.25,7714.25,7722.25,22053
1787065500,7722.5,7724.25,7717.5,7718,11741
1787065800,7718,7719.5,7716.25,7717.5,10647
1787066100,7717.25,7719.25,7714.75,7714.75,9419
1787066400,7714.5,7717.25,7713.25,7715.25,12274
1787066700,7715.25,7720.5,7713.75,7718.5,10250
1787067000,7718.5,7721.75,7717,7718.75,13815
1787067300,7718.75,7719,7716,7718.25,5199
1787067600,7718,7722.5,7716.75,7720.5,7993
1787067900,7720.75,7725.5,7720.5,7724,10241
1787068200,7723.75,7726.5,7720.75,7724.75,7189
1787068500,7724.75,7725,7720.25,7723.25,5405
1787068800,7723.25,7726.25,7722.5,7725.5,6689
1787069100,7725.25,7727,7722,7723.5,8181
1787069400,7723.75,7727.25,7723.5,7725.5,5188
1787069700,7725.5,7726.5,7722,7722.75,4909
1787070000,7723,7728.75,7723,7726.5,7623
1787070300,7726.75,7727,7721.25,7722,6312
1787070600,7721.75,7724,7720.5,7722.5,5220
1787070900,7723,7725.5,7721.5,7724.25,4778
1787071200,7724.25,7725.75,7721.75,7723.5,3725
1787071500,7723.5,7728.25,7721.5,7727.75,6003
1787071800,7727.5,7728.5,7726,7728,4795
1787072100,7728,7728,7726,7726.25,3489
1787072400,7726,7726.75,7723.25,7725.5,6010
1787072700,7725.25,7727.5,7724.25,7727.25,3198
1787073000,7727.5,7728,7724.75,7726,2145
1787073300,7726,7726,7722.75,7723,3201
1787073600,7722.75,7725.5,7722.25,7722.75,3554
1787073900,7722.75,7723.25,7720.5,7722.75,5970
1787074200,7722.5,7723.75,7720.5,7721.75,3624
1787074500,7721.75,7724,7719.75,7722,5197
1787074800,7722,7723,7720.5,7720.75,2897
1787075100,7720.5,7722,7719.75,7720,3080
1787075400,7720,7721.75,7719.5,7720.5,3141
1787075700,7720.5,7720.75,7715.75,7716,7369
1787076000,7716,7717.25,7715,7716.5,6256
1787076300,7716.5,7717.5,7714.25,7715,4221
1787076600,7714.75,7721.25,7714.5,7720.5,6793
1787076900,7720.75,7724.75,7720.25,7724,7613
1787077200,7724,7725.75,7722,7722.75,6772
1787077500,7722.75,7724.25,7721,7723.5,3947
1787077800,7723.75,7724,7721.5,7723.5,2679
1787078100,7723.5,7724.5,7723,7723.25,2291
1787078400,7723.25,7723.75,7721,7721.25,4275
1787078700,7721.25,7722.25,7720.5,7720.75,3731
1787079000,7720.75,7721.25,7718,7718,4301
1787079300,7718,7719.5,7716.75,7717.25,6705
1787079600,7717,7718.75,7716,7717.5,5061
1787079900,7717.5,7719.5,7716.5,7718.5,3921
1787080200,7718.25,7719.25,7715.5,7716,4482
1787080500,7716.25,7718.75,7716,7718.75,3131
1787080800,7718.75,7721.75,7717.75,7721.75,4994
1787081100,7721.75,7722.25,7720.5,7720.5,4436
1787081400,7720.75,7722.75,7719,7719.5,5854
1787081700,7719.25,7721,7719,7720,3677
1787082000,7720,7720.25,7717.75,7719.25,4462
1787082300,7719.25,7720.25,7717.25,7719.75,5894
1787082600,7719.5,7720,7713.5,7715,12496
1787082900,7715,7717.5,7710.25,7715,28012
1787083200,7715.25,7716,7712.75,7715,5956
1787083500,7715.25,7716,7713.25,7713.75,1659
1787083800,7713.75,7715.25,7713.25,7714.25,1087
1787084100,7714.5,7715.25,7713.75,7714,682
1787084400,7714.25,7714.75,7712.25,7712.75,1130
1787084700,7712.75,7714.75,7712.25,7714.5,698
1787085000,7714.5,7715.5,7714,7715.5,1216
1787085300,7715.25,7716,7715.25,7715.75,590
1787085600,7716,7716,7714.25,7714.5,785
1787085900,7714.5,7715.25,7711,7711.5,3125
1787086200,7711.75,7713,7711.25,7712.75,697
1787086500,7712.75,7713.75,7712.25,7713.5,878
1787090400,7715,7716.25,7712,7714,1805
1787090700,7713.75,7715,7712,7714.25,750
1787091000,7714,7714,7713,7713.25,402
1787091300,7713.5,7715.75,7713,7715.75,700
1787091600,7715.5,7717.5,7715,7715.25,1212
1787091900,7715,7715.25,7711.25,7711.25,1677
1787092200,7711.5,7712.5,7711,7712.25,896
1787092500,7711.75,7712.25,7709.75,7710.25,947
1787092800,7710,7711.25,7709.25,7711,1094
1787093100,7711,7711.25,7709.25,7710,638
1787093400,7709.5,7710.5,7708,7708.25,1509
1787093700,7708.25,7708.5,7707.25,7707.75,1168
1787094000,7708,7709.5,7707,7709,1152
1787094300,7708.75,7712,7708,7710.75,1646
1787094600,7710.75,7711,7709.5,7710.75,409
1787094900,7710.75,7710.75,7708.75,7709.5,937
1787095200,7709.25,7714.5,7709.25,7712.5,1396
1787095500,7712.25,7712.75,7711.25,7711.5,605
1787095800,7711.5,7712.25,7710.75,7711.75,747
1787096100,7712,7712.25,7711,7711.5,445
1787096400,7711.75,7712,7711.25,7712,465
1787096700,7711.5,7712,7710.75,7711.5,650
1787097000,7711.25,7714.25,7711,7712.75,772
1787097300,7712.75,7713,7710.5,7710.75,489
1787097600,7710.75,7710.75,7703,7704.75,4539
1787097900,7705,7706.75,7702.25,7705.25,2405
1787098200,7705.25,7705.25,7702,7703.5,1466
1787098500,7703.5,7707.25,7702.25,7707,1801
1787098800,7706.75,7710.5,7705.75,7708.5,1844
1787099100,7708.5,7711,7707.75,7711,1302
1787099400,7711,7713.75,7711,7711.75,1771
1787099700,7711.75,7715.75,7711.75,7715,1655
1787100000,7715,7715.75,7714,7714.5,1047
1787100300,7714.5,7715.5,7713.5,7713.75,787
1787100600,7713.5,7713.75,7711.75,7711.75,952
1787100900,7712.25,7713,7710.5,7711,923
1787101200,7710.75,7713.5,7709.25,7713.25,1797
1787101500,7713.25,7715.25,7713.25,7715,1395
1787101800,7715,7715,7713.25,7713.75,915
1787102100,7714,7715.25,7711.5,7715,1418
1787102400,7715,7717,7714.5,7715,1855
1787102700,7715.25,7716.25,7713.75,7715.75,766
1787103000,7715.75,7716,7711.5,7711.75,1176
1787103300,7711.5,7714.5,7711.5,7714,762
1787103600,7714,7714.25,7710.25,7711.25,932
1787103900,7711,7711.5,7709.75,7711,790
1787104200,7711.25,7712.25,7710.5,7711.75,362
1787104500,7711.75,7713,7710.75,7711.25,618
1787104800,7711.5,7712,7709.75,7710,618
1787105100,7709.75,7710.25,7708,7708.75,1025
1787105400,7708.75,7708.75,7706,7706.75,1106
1787105700,7706.5,7709.75,7706.25,7706.75,1834
1787106000,7707,7711,7707,7710.25,1102
1787106300,7710.5,7711.5,7709,7709.25,555
1787106600,7709.5,7709.75,7706.25,7706.75,828
1787106900,7706.75,7708.25,7706.5,7707.75,493
1787107200,7707.75,7708.5,7707.25,7707.75,491
1787107500,7708,7710.75,7707.75,7710.25,706
1787107800,7710.25,7710.75,7707.75,7708,495
1787108100,7708,7709.75,7707.75,7709.25,410
1787108400,7709.5,7710.75,7709.25,7710.25,478
1787108700,7710.25,7710.5,7707.5,7707.5,571
1787109000,7707.75,7708.75,7707,7708.25,315
1787109300,7708.5,7710.25,7708.25,7709.25,483
1787109600,7709.25,7709.25,7707.5,7708.5,356
1787109900,7708.75,7709,7708,7708.5,189
1787110200,7708.5,7710.75,7708,7710,544
1787110500,7710,7712,7708.5,7709,854
1787110800,7709.25,7709.25,7708,7708,287
1787111100,7708,7708,7705.5,7707,1115
1787111400,7707.25,7709,7707,7707,568
1787111700,7706.75,7707.5,7706.25,7706.25,225
1787112000,7706.5,7706.75,7705.5,7706.5,532
1787112300,7706.5,7706.5,7705,7705.25,384
1787112600,7705.25,7706,7704.75,7705.75,546
1787112900,7705.5,7705.75,7704.75,7705.5,340
1787113200,7705.5,7709,7705.25,7707.5,1124
1787113500,7707.75,7708.75,7707,7707.5,422
1787113800,7707.5,7708.5,7703.75,7704.75,979
1787114100,7704.75,7706.25,7704,7704,339
1787114400,7704.25,7705.25,7703.5,7704.25,540
1787114700,7704.25,7704.75,7700.75,7701.25,1284
1787115000,7701.25,7701.5,7699.25,7700.5,1524
1787115300,7700.25,7704.25,7699.25,7704.25,1030
1787115600,7704.25,7708.25,7703.5,7707.75,1540
1787115900,7707.75,7708.25,7704,7705.5,1060
1787116200,7705.75,7706,7702,7703,710
1787116500,7702.75,7703.5,7699.5,7700,894
1787116800,7700,7702.5,7699.75,7701.75,812
1787117100,7701.75,7704.75,7701.25,7704.5,685
1787117400,7704.25,7704.75,7701.75,7702,578
1787117700,7702.25,7702.75,7699.25,7701,820
1787118000,7701,7701.5,7699,7700.25,809
1787118300,7700.25,7701.25,7699.25,7700.5,358
1787118600,7700.25,7700.5,7698.5,7698.75,403
1787118900,7698.75,7700,7698,7699.5,633
1787119200,7699.5,7701.25,7699.25,7699.5,764
1787119500,7699.75,7700.75,7698.25,7698.5,745
1787119800,7698.75,7700,7698.25,7699,319
1787120100,7699,7705.75,7699,7705.5,1535
1787120400,7705.25,7708,7705.25,7707.75,1210
1787120700,7707.75,7708.5,7704.75,7705.75,836
1787121000,7705.5,7707.75,7704.75,7706,738
1787121300,7706,7707.25,7706,7706.5,232
1787121600,7706.5,7707.25,7703.75,7707.25,630
1787121900,7707.5,7711,7707.5,7709.75,1369
1787122200,7710,7712,7709.25,7712,539
1787122500,7712,7715,7711.5,7714.25,1267
1787122800,7714.5,7714.75,7709.75,7710.5,1958
1787123100,7711,7713.75,7709.25,7712.75,730
1787123400,7713,7714.75,7712.75,7714.75,806
1787123700,7714.75,7714.75,7711.5,7712.5,540
1787124000,7712.5,7715.5,7712.25,7715,737
1787124300,7715.25,7716,7714.5,7715.75,545
1787124600,7715.75,7718.75,7715.75,7717.75,1561
1787124900,7717.5,7719.25,7716.25,7716.5,700
1787125200,7716.5,7716.5,7713.75,7715.25,735
1787125500,7715.25,7717.25,7715.25,7715.5,456
1787125800,7715.5,7716,7714.5,7715.5,295
1787126100,7715.5,7718.75,7715.25,7718.75,637
1787126400,7718.5,7720.25,7716.75,7719.75,1642
1787126700,7719.75,7721,7718.75,7719.5,1312
1787127000,7719.25,7720.75,7718.5,7718.75,679
1787127300,7719,7721.5,7717.75,7720.5,798
1787127600,7720.5,7722,7719.5,7721,881
1787127900,7721,7721.5,7720.25,7721.5,367
1787128200,7721.5,7721.5,7718.5,7718.75,589
1787128500,7719,7720.25,7719,7720,394
1787128800,7720,7721.25,7719.25,7720.5,308
1787129100,7720.25,7721,7720,7720.5,250
1787129400,7720.5,7720.75,7719,7719.5,383
1787129700,7719.5,7719.75,7717.5,7718,822
1787130000,7718,7720.5,7717.75,7720.5,751
1787130300,7720.25,7721,7716.5,7716.75,786
1787130600,7716.75,7717.75,7716.25,7716.25,550
1787130900,7716.25,7716.75,7714.5,7715.75,919
1787131200,7715.75,7716.75,7715,7715.75,416
1787131500,7715.75,7715.75,7714,7714.5,540
1787131800,7714.5,7716.25,7714,7715.25,479
1787132100,7715.5,7716.75,7714.5,7714.75,465
1787132400,7714.75,7716,7713.5,7714,530
1787132700,7713.75,7715.25,7713.5,7714.25,375
1787133000,7714.25,7714.25,7712.25,7713,674
1787133300,7713,7713.75,7711.5,7713.5,507
1787133600,7713.5,7714.25,7711.25,7711.5,600
1787133900,7711.5,7712,7710.25,7711.25,634
1787134200,7711.5,7713.75,7710.5,7713.5,508
1787134500,7713.5,7713.5,7711.25,7711.25,513
1787134800,7711.75,7712.25,7709.5,7711,747
1787135100,7711.25,7713.5,7710.5,7713,568
1787135400,7713.25,7714,7712,7713.25,594
1787135700,7713.25,7715.5,7712.75,7715,701
1787136000,7715.25,7716.25,7714.5,7716,464
1787136300,7716,7716.25,7714.25,7714.5,497
1787136600,7714.5,7714.5,7713,7714,529
1787136900,7714,7714.5,7713.25,7713.5,506
1787137200,7713.5,7718.25,7713.25,7717.75,1674
1787137500,7718,7719.5,7715.75,7715.75,1010
1787137800,7715.75,7718.5,7715.75,7717.25,674
1787138100,7717.75,7718.5,7717,7718,528
1787138400,7718,7719,7716.25,7718.5,862
1787138700,7718.5,7718.75,7716.25,7717.5,505
1787139000,7717.25,7718,7715.5,7716,798
1787139300,7716,7716.75,7715.5,7716.5,341
1787139600,7716,7716.75,7713.25,7715.75,1306
1787139900,7715.75,7717,7715,7716.25,550
1787140200,7716.25,7717.25,7715.5,7715.75,781
1787140500,7715.75,7718,7715.75,7717.75,562
1787140800,7717.75,7718.25,7714.75,7715.75,1198
1787141100,7715.75,7718.5,7715.25,7716.25,666
1787141400,7716.5,7718.75,7716.25,7717.75,1031
1787141700,7717.75,7719,7716.25,7719,799
1787142000,7718.75,7719.75,7718.5,7719.75,1300
1787142300,7720,7720.5,7716,7717,2727
1787142600,7717,7725.5,7714.75,7724.75,6674
1787142900,7724.75,7735.25,7720.25,7734,10037
1787143200,7734,7740.75,7733,7740.5,8011
1787143500,7740.75,7751.75,7740.75,7751.5,10923
1787143800,7751.75,7758.25,7751.5,7755,7739
1787144100,7755,7755.5,7746.5,7748,6440
1787144400,7748,7748.25,7740.5,7740.5,7218
1787144700,7740.75,7746.25,7740.25,7745,5432
1787145000,7745,7749.5,7745,7748.25,3511
1787145300,7748.5,7749,7746.25,7748.25,3174
1787145600,7748,7750.75,7747,7748.75,2432
1787145900,7748.75,7750.5,7743.25,7743.5,5704
1787146200,7743.5,7746.25,7738.25,7739.75,20761
1787146500,7740,7742.5,7734,7734.5,18579
1787146800,7735,7742.5,7732,7740.75,20258
1787147100,7740.5,7745.75,7723.25,7725,35261
1787147400,7725,7736.75,7720.75,7736.25,29440
1787147700,7736.25,7743.5,7733.25,7739.75,18840
1787148000,7739.75,7742.25,7735,7736,16065
1787148300,7736,7740,7734.25,7737.75,11835
1787148600,7737.75,7739.5,7727,7727.5,18730
1787148900,7727.75,7741.25,7726.75,7737.25,19172
1787149200,7737.25,7741.5,7733.25,7735.5,14766
1787149500,7735.25,7740.25,7731.75,7739.5,10888
1787149800,7739.5,7744.25,7737.75,7741.75,13008
1787150100,7741.5,7753,7741.25,7751.25,16425
1787150400,7751.5,7753.25,7747.75,7750.5,12327
1787150700,7750.5,7752.75,7746.5,7747,8708
1787151000,7747,7754.25,7746.75,7753.25,10422
1787151300,7753.25,7762.25,7752.5,7762,16305
1787151600,7761.75,7764.75,7760,7761.75,11895
1787151900,7761.75,7762.75,7754.5,7754.75,10059
1787152200,7754.75,7759.5,7754.5,7757.75,8109
1787152500,7757.75,7758.25,7753.5,7754.5,6508
1787152800,7754.5,7755.75,7751.25,7751.25,7369
1787153100,7751.25,7752.25,7748.25,7750.5,9477
1787153400,7750.5,7751.25,7746.75,7747.5,7243
1787153700,7747.5,7748.75,7743,7744.75,9703
1787154000,7744.75,7744.75,7740,7744.25,11493
1787154300,7744,7748.25,7743,7743,11146
1787154600,7743.25,7744.75,7740,7740.5,9255
1787154900,7740.75,7745.75,7740,7745.75,6132
1787155200,7745.75,7752.75,7743.25,7752.5,11646
1787155500,7752.5,7755.75,7751.5,7754.5,7795
1787155800,7754.75,7756.25,7754,7755,5371
1787156100,7755,7759.5,7753.75,7757.75,7069
1787156400,7757.75,7758,7752.75,7753.75,5856
1787156700,7753.5,7753.75,7745.75,7746,8476
1787157000,7746.25,7747,7743.25,7746.5,7973
1787157300,7746.75,7746.75,7742,7744.5,5881
1787157600,7744.25,7744.75,7741.75,7743.25,5018
1787157900,7743,7744,7740.5,7741,5448
1787158200,7741,7741,7736.5,7738,10018
1787158500,7737.75,7737.75,7734.25,7736,7025
1787158800,7736.25,7740.5,7734.75,7738.5,5544
1787159100,7738.5,7741.5,7733.75,7734.25,6713
1787159400,7734.5,7740,7734.5,7737.5,5079
1787159700,7737.5,7739,7733.75,7734,4990
1787160000,7734,7734.5,7729.5,7732.25,9473
1787160300,7732.25,7736,7731.25,7734.75,5750
1787160600,7735,7736,7731,7731.5,5266
1787160900,7731.25,7734.25,7730.75,7731.75,3994
1787161200,7731.75,7737,7731.75,7735,5507
1787161500,7735,7737.25,7734.5,7734.5,4076
1787161800,7734.75,7738.25,7734,7735.25,4242
1787162100,7735.5,7735.75,7733.25,7734.5,2856
1787162400,7734.5,7744.75,7733,7740.5,11366
1787162700,7740.75,7742,7728.75,7729.25,12702
1787163000,7729,7736.5,7729,7733.75,7591
1787163300,7734,7734.25,7730,7732.25,6174
1787163600,7732.5,7734.25,7731.25,7732,3911
1787163900,7732,7735.5,7731.75,7735,4314
1787164200,7735.25,7739.75,7734.75,7738.75,8010
1787164500,7738.5,7738.75,7736.25,7737.25,3723
1787164800,7737,7740.5,7736.25,7737.25,4392
1787165100,7737.5,7737.75,7735.25,7737.5,3393
1787165400,7737.75,7738,7734.25,7736.25,4120
1787165700,7736,7737,7734.25,7734.5,2653
1787166000,7734.75,7737.75,7733.75,7735.75,4486
1787166300,7735.75,7739.25,7734.5,7738.25,3534
1787166600,7738.5,7739,7736.25,7736.5,3064
1787166900,7736.5,7739.75,7735.75,7739.75,3714
1787167200,7739.5,7739.75,7736.25,7738.75,3454
1787167500,7738.75,7739.75,7735,7735.75,4338
1787167800,7736,7743.5,7735.5,7741.5,7375
1787168100,7741.75,7741.75,7731,7731,10495
1787168400,7731.25,7733.5,7729.25,7729.25,6137
1787168700,7729.25,7730.75,7724.75,7727.25,11129
1787169000,7727.25,7728.25,7722.25,7726.75,14348
1787169300,7727,7731.75,7721.75,7731.5,26396
1787169600,7731,7733,7729,7730,6539
1787169900,7730,7730.25,7726,7729.5,2250
1787170200,7729.5,7730.25,7728.5,7728.75,1008
1787170500,7728.75,7728.75,7726.25,7727.5,1228
1787170800,7727.5,7728.25,7727,7727.25,499
1787171100,7727.5,7729.5,7727.25,7729.25,785
1787171400,7729.25,7730,7727.75,7729.75,678
1787171700,7729.75,7730,7728.25,7728.25,459
1787172000,7728.25,7729.5,7727.5,7728.75,683
1787172300,7728.75,7730.5,7728.75,7730.25,719
1787172600,7730,7731.5,7730,7730.75,998
1787172900,7731,7731.25,7730,7730.5,764
1787176800,7732.75,7739,7731.25,7737.5,2391
1787177100,7737.75,7738.5,7734.75,7738.25,1476
1787177400,7737.75,7743.25,7735.5,7740.75,1974
1787177700,7740.75,7741,7739,7739.25,879
1787178000,7739.5,7740.5,7738,7740.5,757
1787178300,7740.5,7740.75,7738.25,7738.75,715
1787178600,7738.75,7739,7738,7738.5,489
1787178900,7738.5,7741.5,7738.25,7740.75,639
1787179200,7740.75,7741.75,7740.25,7740.75,523
1787179500,7740.75,7741.5,7740.25,7740.75,318
1787179800,7740.75,7742,7740.75,7741.25,297
1787180100,7741.5,7742.5,7739.25,7742.5,1235
1787180400,7742.25,7746,7740.25,7741.25,2918
1787180700,7741.25,7744.25,7740.5,7743.25,850
1787181000,7743.5,7744,7741.75,7742,556
1787181300,7742,7743.25,7742,7742.25,273
1787181600,7742.25,7742.5,7740.5,7741.5,652
1787181900,7741.5,7741.75,7741,7741.5,393
1787182200,7741.75,7742,7740,7741,792
1787182500,7741.25,7742.5,7740.25,7741.5,465
1787182800,7741.5,7743.75,7741.5,7743,459
1787183100,7742.75,7742.75,7741.75,7742,604
1787183400,7742,7743.75,7740.5,7741.75,887
1787183700,7741.5,7742,7739.5,7740,806
1787184000,7740,7740,7735.25,7737.5,2626
1787184300,7737.5,7738.75,7734,7735.25,1512
1787184600,7735.25,7739.5,7734.25,7739.5,1132
1787184900,7739.25,7742.25,7738.75,7741.25,1539
1787185200,7741.25,7743,7738.75,7740.5,1265
1787185500,7740.5,7740.75,7738.5,7739,683
1787185800,7738.75,7740,7737.25,7739.5,911
1787186100,7739.5,7742,7738,7741.75,720
1787186400,7741.75,7742,7740,7740.5,554
1787186700,7740.5,7742,7739.5,7740,563
1787187000,7740.5,7742.25,7740,7742.25,415
1787187300,7742.25,7742.75,7741.75,7742.5,462
1787187600,7742.25,7744,7741.5,7743,1302
1787187900,7743.5,7743.75,7741.25,7741.25,890
1787188200,7741.25,7741.5,7739,7740.5,1673
1787188500,7740.75,7743.25,7739.5,7743.25,1067
1787188800,7743,7743.25,7738.5,7739.5,834
1787189100,7739.5,7740.5,7738,7739.75,712
1787189400,7739.5,7741.25,7737.5,7739.5,892
1787189700,7739.5,7741,7738.5,7740.5,568
1787190000,7740.5,7742.25,7740.25,7742,634
1787190300,7742,7742.5,7740,7740.5,490
1787190600,7740.75,7742,7739,7740.75,712
1787190900,7740.5,7740.5,7737,7738.75,1050
1787191200,7738.75,7743.25,7738.25,7742.25,1210
1787191500,7742.25,7743,7741.5,7741.5,533
1787191800,7741.5,7742,7740,7741.75,382
1787192100,7741.25,7741.5,7738.75,7739.5,555
1787192400,7739.5,7739.5,7735.75,7737,1238
1787192700,7737.25,7737.75,7736.25,7737,419
1787193000,7736.75,7740.25,7735,7740.25,1141
1787193300,7740.5,7740.75,7737.5,7738.75,486
1787193600,7739,7740,7738.5,7739.25,311
1787193900,7739.25,7739.75,7736.5,7736.75,374
1787194200,7736.75,7737.25,7735.5,7736.25,479
1787194500,7736.5,7738,7736,7737.75,366
1787194800,7738,7739.25,7736.75,7739,540
1787195100,7739,7741.5,7738.25,7739,728
1787195400,7738.75,7739.25,7736.25,7738.75,580
1787195700,7738.5,7740.75,7738.25,7740.5,320
1787196000,7740.75,7742,7740.25,7740.75,533
1787196300,7740.75,7740.75,7739.5,7739.75,347
1787196600,7739.5,7739.75,7737,7737.5,834
1787196900,7737.25,7738.25,7736,7738,522
1787197200,7738.25,7740.25,7737.75,7739,327
1787197500,7739,7740,7738.25,7739.75,344
1787197800,7739.75,7740.75,7739,7739.25,305
1787198100,7739,7740.75,7738.75,7739.5,393
1787198400,7739.5,7740.75,7738.5,7740.5,237
1787198700,7740.5,7742.5,7740.5,7742.5,611
1787199000,7742.5,7742.75,7741.75,7742.5,238
1787199300,7742.5,7742.75,7742,7742.5,369
1787199600,7742.5,7742.5,7741,7741,287
1787199900,7741,7742,7740.75,7741,289
1787200200,7741,7741.25,7738.25,7738.5,903
1787200500,7738.25,7739.75,7737.75,7739.5,798
1787200800,7739.75,7741.25,7739.5,7740.5,543
1787201100,7740.5,7741.25,7740,7740.5,324
1787201400,7740.5,7741.75,7740,7740.25,431
1787201700,7740.25,7740.25,7738.75,7739.5,417
1787202000,7739.5,7739.5,7738,7738.75,617
1787202300,7738.5,7738.75,7737.25,7737.5,572
1787202600,7737.25,7737.25,7734.75,7735.5,968
1787202900,7735.5,7739.25,7735.25,7739.25,1104
1787203200,7738.75,7740.25,7736.75,7740,703
1787203500,7740,7740.75,7737.5,7737.5,532
1787203800,7737.5,7739.5,7736.5,7737,515
1787204100,7736.75,7737,7735.75,7737,379
1787204400,7737.25,7738.25,7736.25,7737,277
1787204700,7737,7737,7735.5,7736.25,302
1787205000,7736.5,7736.75,7734,7734.25,528
1787205300,7734.25,7735.75,7734,7735,248
1787205600,7735,7739.25,7734.75,7739,909
1787205900,7739,7742.25,7739,7742,1021
1787206200,7742,7743.5,7740.5,7741.25,868
1787206500,7741.25,7741.5,7738,7739.75,717
1787206800,7739.75,7740.75,7739,7740.5,322
1787207100,7740.5,7741.5,7739.25,7741,330
1787207400,7740.75,7744.25,7739.75,7744.25,717
1787207700,7744,7744.25,7741.5,7742,627
1787208000,7741.5,7744,7741.5,7743.5,470
1787208300,7743.25,7745.25,7743.25,7744.25,794
1787208600,7744.5,7745,7743,7744.25,640
1787208900,7744,7744.25,7742,7742.5,337
1787209200,7742.25,7742.25,7735.75,7737.75,2348
1787209500,7738,7740.5,7736.75,7740,1037
1787209800,7740,7740.75,7736,7736.5,578
1787210100,7736.25,7737.25,7735.25,7736,395
1787210400,7736.25,7737.25,7732.5,7733.5,1354
1787210700,7733.5,7734.75,7731,7733,856
1787211000,7733,7735.25,7729.75,7734,1817
1787211300,7734.5,7735.75,7733,7733.75,705
1787211600,7733.75,7734.75,7732,7732.5,466
1787211900,7732.25,7735.75,7732,7735,508
1787212200,7735,7735,7731,7732.25,780
1787212500,7732.5,7733.25,7730,7730,619
1787212800,7730.25,7733.75,7728,7728.25,1788
1787213100,7728.25,7731,7728,7729.25,982
1787213400,7729,7729,7724.5,7726.75,1747
1787213700,7727,7729.25,7725,7727.5,1233
1787214000,7727.5,7728.5,7723.25,7724.25,917
1787214300,7724.5,7725.25,7721.75,7723,2691
1787214600,7723,7723,7717,7717,2395
1787214900,7717,7723.75,7716.75,7723.5,1383
1787215200,7723.75,7724.75,7720.5,7720.75,962
1787215500,7720.75,7721.5,7715.25,7717.25,1633
1787215800,7717.5,7721.25,7717.25,7720.25,800
1787216100,7720.25,7720.25,7718,7718.75,941
1787216400,7718.5,7724,7717.5,7724,1582
1787216700,7724,7727.25,7721.75,7726.25,1367
1787217000,7726.25,7727,7722.5,7724.75,860
1787217300,7724.75,7726,7723,7724.5,602
1787217600,7724.5,7725.75,7723.75,7725.5,310
1787217900,7725.5,7726.75,7724.25,7724.25,346
1787218200,7724.25,7725,7722.25,7722.75,618
1787218500,7722.5,7724.25,7721.75,7724.25,437
1787218800,7724,7725.75,7722.25,7725.25,572
1787219100,7725.25,7726.75,7724.5,7725,418
1787219400,7724.5,7725.75,7722,7725,532
1787219700,7725,7725.25,7723.75,7723.75,434
1787220000,7723.75,7726,7721.75,7725.25,633
1787220300,7725,7727,7724.5,7726.75,517
1787220600,7727,7728.75,7726,7728.5,1013
1787220900,7728.25,7728.75,7726.25,7727,643
1787221200,7726.75,7727.75,7726.25,7727.75,606
1787221500,7727.75,7728,7724.75,7727.25,1122
1787221800,7727.25,7729.25,7726.25,7726.5,850
1787222100,7726.25,7728.25,7724,7725.5,2501
1787222400,7725.5,7726.75,7725,7725.5,487
1787222700,7725.75,7730,7725.25,7729.25,601
1787223000,7729.25,7730,7727.75,7728.25,648
1787223300,7728,7730.75,7727.5,7730.75,546
1787223600,7730.5,7733.5,7725.5,7725.5,3841
1787223900,7725.5,7725.5,7722.5,7724.25,1421
1787224200,7724.25,7724.5,7720.75,7724.5,1131
1787224500,7724.25,7726.25,7722.5,7722.75,1134
1787224800,7722.5,7722.75,7718.25,7719,2446
1787225100,7719.25,7720.25,7714.5,7715,2196
1787225400,7714.75,7718,7714.5,7716,1620
1787225700,7716,7718.75,7714,7718.25,1769
1787226000,7718.75,7719.5,7712.75,7714,2115
1787226300,7714,7714.75,7708.25,7709.25,4448
1787226600,7709,7710.25,7707,7707,2535
1787226900,7706.75,7707.75,7703,7704.25,3210
1787227200,7704.5,7704.75,7694.25,7696.25,8243
1787227500,7696,7697,7687.5,7689.75,7483
1787227800,7690,7690.5,7684.75,7687.25,5704
1787228100,7687.25,7690.5,7685.5,7686.5,5278
1787228400,7686.5,7692.75,7686.25,7690.5,4406
1787228700,7690.75,7691,7686.75,7686.75,2251
1787229000,7687.25,7688,7683.5,7685.75,3376
1787229300,7685.75,7686.5,7680.25,7686.25,4417
1787229600,7686.25,7689,7685,7688.5,2801
1787229900,7688.75,7693.25,7687.5,7693,3139
1787230200,7693,7697,7692,7697,3255
1787230500,7697,7697.5,7694.5,7696.75,2246
1787230800,7696.75,7702,7696.75,7700.75,4479
1787231100,7700.75,7701.5,7697,7697.25,4167
1787231400,7697.25,7698.25,7694.5,7695.25,3870
1787231700,7695.25,7697.25,7693.25,7695.25,5187
1787232000,7695.5,7696.5,7692.5,7696.5,2850
1787232300,7696.25,7698.75,7694.25,7698,5212
1787232600,7698,7710,7697,7709.25,24341
1787232900,7709.5,7716,7705,7711.75,25444
1787233200,7712,7716.25,7705,7712,17948
1787233500,7712.25,7713.75,7704.75,7710.25,15539
1787233800,7710.25,7711.5,7702.75,7708.25,14905
1787234100,7708.25,7711.75,7699.75,7703.75,17788
1787234400,7703.75,7708,7698.25,7698.5,17723
1787234700,7698.25,7705,7695,7705,19288
1787235000,7705,7705.75,7697.5,7698,13434
1787235300,7698,7699.75,7691.75,7692.5,17775
1787235600,7692.5,7707.75,7691.5,7705.75,23250
1787235900,7705.75,7706.75,7698,7700.5,15003
1787236200,7700.25,7706.75,7698.25,7699.25,12234
1787236500,7699.5,7710.25,7697.5,7707.75,13452
1787236800,7708,7711,7703.75,7710,10229
1787237100,7709.75,7713.25,7704.5,7705.5,12330
1787237400,7705.75,7711,7704,7705.25,9746
1787237700,7705.25,7710.75,7702.75,7710,10420
1787238000,7710,7719.75,7709.5,7717.25,27324
1787238300,7717.25,7717.25,7701.5,7703.75,19180
1787238600,7703.75,7708.5,7698.5,7706,16482
1787238900,7706,7709,7702,7705.75,8161
1787239200,7705.5,7706,7698,7701,11663
1787239500,7701,7706.25,7698,7705.75,9592
1787239800,7705.5,7707,7695.75,7698,12081
1787240100,7697.75,7699.5,7693.5,7693.5,9820
1787240400,7693.5,7696.75,7690.75,7691.5,8484
1787240700,7691.75,7695.5,7690.25,7693.5,9216
1787241000,7693.5,7698.5,7692.25,7696.75,8960
1787241300,7696.75,7698.25,7694.25,7696.5,6331
1787241600,7696.5,7699,7693,7693.75,8085
1787241900,7694,7698.25,7693.25,7698,5150
1787242200,7698.25,7699,7692.75,7693.25,5167
1787242500,7693.25,7695,7692.5,7694.25,3682
1787242800,7694.25,7699,7692.75,7697.25,6245
1787243100,7697.5,7698.75,7694.25,7695.5,4531
1787243400,7695.5,7699.5,7691.75,7699.25,7476
1787243700,7699.25,7702,7698.25,7701,7148
1787244000,7701.25,7705.5,7701,7704.75,7862
1787244300,7704.5,7704.75,7701.25,7701.75,5644
1787244600,7701.75,7704.25,7699.25,7700,5567
1787244900,7699.75,7703.25,7698.25,7702,5944
1787245200,7702.25,7702.25,7697.5,7698.5,4183
1787245500,7698.25,7698.5,7694,7695,5333
1787245800,7695,7696.25,7692.75,7693,3970
1787246100,7693,7693.5,7686.25,7686.75,11909
1787246400,7686.5,7690.5,7685.75,7688.25,8470
1787246700,7688,7689,7685.25,7685.75,5488
1787247000,7685.75,7687,7683,7684,6621
1787247300,7684.25,7685.75,7680.75,7682.75,8106
1787247600,7682.5,7683.25,7680.25,7682.75,6158
1787247900,7682.75,7686.5,7682,7685.25,6911
1787248200,7685.25,7688.25,7685,7685.5,6198
1787248500,7685.5,7686.5,7683.25,7683.75,5325
1787248800,7683.5,7683.75,7678.25,7679,9848
1787249100,7679,7679.75,7673.75,7675.25,11278
1787249400,7675.25,7676,7671.5,7674,9232
1787249700,7673.75,7675.25,7669.25,7675,9290
1787250000,7675,7677.75,7674,7674.5,7207
1787250300,7674.25,7675.5,7672.5,7673.75,5396
1787250600,7673.75,7674.25,7670.5,7671,4848
1787250900,7671,7674.5,7671,7672.25,4314
1787251200,7672.5,7674.5,7670.5,7674,4241
1787251500,7673.75,7676.75,7672.25,7675.25,5175
1787251800,7675.25,7676.25,7673.25,7674.25,3712
1787252100,7674.25,7676,7670.25,7670.5,4859
1787252400,7670.5,7672.75,7670,7672.25,6118
1787252700,7672.25,7675.5,7671,7674.5,5119
1787253000,7674.5,7675,7672,7673.75,3968
1787253300,7673.5,7676.5,7671.25,7671.75,5260
1787253600,7672,7676,7670.75,7675,5308
1787253900,7675,7676,7673,7673.25,3998
1787254200,7673.5,7673.75,7668.5,7670.5,8346
1787254500,7670.5,7675,7669.5,7673.25,6184
1787254800,7673.5,7674.25,7668,7669.5,6226
1787255100,7669.25,7672.75,7666.5,7672.25,9471
1787255400,7672.5,7672.75,7665.5,7667.5,14576
1787255700,7667.5,7668.25,7659,7665,39732
1787256000,7665.5,7667.75,7664.25,7666,9294
1787256300,7665.75,7665.75,7661,7664,3536
1787256600,7664,7666,7660.75,7661.5,3095
1787256900,7661.5,7662.25,7657.75,7660.25,3085
1787257200,7660.5,7663.75,7660.25,7663.75,2060
1787257500,7663.75,7664.5,7662.75,7662.75,1153
1787257800,7663,7665.25,7662,7664.25,1824
1787258100,7664.5,7667.25,7664.25,7666,1868
1787258400,7666,7666.75,7665.25,7666,1179
1787258700,7666,7666.75,7665.75,7666.5,779
1787259000,7666.75,7667.25,7665.5,7667,779
1787259300,7667,7668.5,7666.75,7668,860
1787263200,7668.5,7672,7663.75,7664.25,1901
1787263500,7664.25,7665.75,7663,7665.75,1152
1787263800,7665.75,7666.5,7664,7664.25,579
1787264100,7664.25,7666.5,7664,7665.5,594
1787264400,7665.25,7665.75,7664.5,7665,338
1787264700,7664.75,7666,7663.75,7665.5,464
1787265000,7665.75,7667,7664,7666.75,640
1787265300,7666.75,7667.75,7666,7666.25,594
1787265600,7666,7667.25,7665.25,7667,383
1787265900,7667.25,7668.25,7666.5,7668,454
1787266200,7668,7669.5,7667.75,7669.25,765
1787266500,7669,7669.75,7668.75,7669.25,383
1787266800,7669.25,7669.5,7668.25,7668.75,889
1787267100,7668.75,7669.5,7667.75,7668,527
1787267400,7668.25,7668.75,7668,7668.25,318
1787267700,7668,7669.25,7667.5,7668.25,454
1787268000,7668.25,7668.75,7668,7668,226
1787268300,7668.25,7668.25,7667.25,7667.75,249
1787268600,7667.75,7668.25,7667.25,7667.5,260
1787268900,7667.25,7667.25,7665.75,7666.5,778
1787269200,7666.5,7668.75,7666.5,7667.75,626
1787269500,7668,7668,7664.25,7667,1085
1787269800,7667,7668,7665.5,7667.25,628
1787270100,7667.25,7667.25,7665.5,7666.25,205
1787270400,7666,7671,7665.5,7668.5,2089
1787270700,7668.25,7672,7668,7670,1179
1787271000,7670,7673,7669.5,7673,1484
1787271300,7672.5,7672.5,7666.75,7667.5,1512
1787271600,7667.5,7670.5,7667,7667.25,976
1787271900,7667.75,7668.5,7665.5,7667,835
1787272200,7667,7668.5,7665.5,7668.25,775
1787272500,7668,7669.75,7667,7669.5,616
1787272800,7669.5,7669.75,7666.25,7668.5,718
1787273100,7668.25,7669.5,7668,7668.75,525
1787273400,7668.5,7669,7665,7665,855
1787273700,7665.25,7666,7664.25,7664.5,918
1787274000,7664.75,7666.5,7663.5,7665,922
1787274300,7665,7665.25,7661.25,7662.75,1468
1787274600,7662.5,7665.75,7662,7665.25,1020
1787274900,7665,7668,7663.5,7667.5,1108
1787275200,7667.5,7667.75,7663.25,7665.5,778
1787275500,7665.5,7667.75,7665.25,7665.75,626
1787275800,7665.5,7667.5,7664.75,7666,478
1787276100,7665.75,7665.75,7663.25,7663.75,633
1787276400,7663.5,7667.25,7663.5,7666.5,707
1787276700,7666.25,7669,7665.25,7668.75,754
1787277000,7668.75,7669.25,7665.25,7665.25,605
1787277300,7665.25,7667.25,7664.25,7667,555
1787277600,7667.25,7669,7666.75,7667.75,751
1787277900,7668,7669.25,7667.25,7669,519
1787278200,7669,7669.75,7667.75,7669.5,411
1787278500,7669.5,7670.25,7668.75,7669.25,555
1787278800,7669.25,7673,7669.25,7671,1328
1787279100,7671.25,7672,7670.25,7671.75,563
1787279400,7671.75,7672.5,7670.75,7671.5,478
1787279700,7671.25,7672.25,7670.75,7671.25,479
1787280000,7671.25,7672.25,7670,7670.5,768
1787280300,7670.25,7672.25,7669.75,7671.75,617
1787280600,7671.25,7672.75,7670.5,7671.5,438
1787280900,7671.5,7672.25,7670.75,7671,360
1787281200,7671,7671.5,7670.5,7670.75,375
1787281500,7670.75,7671,7668.5,7669.25,869
1787281800,7669.25,7669.5,7667.75,7667.75,481
1787282100,7667.75,7668.5,7666.75,7667,569
1787282400,7666.75,7669.25,7666.75,7668.75,417
1787282700,7669,7669,7667.75,7668.5,244
1787283000,7668.5,7670.75,7668.5,7670.5,629
1787283300,7670.5,7670.75,7668.5,7669.5,327
1787283600,7669.5,7669.5,7668,7668.25,348
1787283900,7668.25,7668.75,7667.25,7668,301
1787284200,7667.75,7668.25,7667.25,7667.25,225
1787284500,7667.5,7669.25,7666.5,7668,654
1787284800,7668,7669.75,7667.75,7669.25,347
1787285100,7669.75,7670,7669,7669.25,271
1787285400,7669.25,7669.75,7668,7669.75,385
1787285700,7669.5,7670,7668,7668.5,443
1787286000,7668.5,7668.5,7665.75,7666.5,658
1787286300,7666.25,7666.75,7665.75,7665.75,248
1787286600,7665.75,7666.75,7664.75,7665.5,440
1787286900,7665.5,7665.75,7664.25,7664.5,308
1787287200,7664.75,7666,7664.5,7665.5,293
1787287500,7665.5,7669,7665.25,7668.75,565
1787287800,7669,7669.75,7668.5,7669.25,578
1787288100,7669.25,7669.5,7667.75,7668.5,262
1787288400,7668.75,7670.5,7668.25,7670.25,468
1787288700,7670.5,7670.5,7668.25,7668.25,331
1787289000,7668.5,7670.25,7668,7669.75,289
1787289300,7669.75,7671.25,7669.25,7670.75,432
1787289600,7670.75,7670.75,7668.25,7668.25,323
1787289900,7668,7669,7667,7667.25,437
1787290200,7667,7670.25,7666.5,7669.75,513
1787290500,7669.75,7670.5,7669,7669.5,413
1787290800,7669.5,7669.75,7667.25,7668.5,237
1787291100,7668.5,7668.5,7665.75,7666.25,367
1787291400,7666.25,7667.25,7665.75,7666.5,369
1787291700,7666.75,7668.75,7666.5,7668.5,294
1787292000,7668.25,7668.75,7667.25,7667.75,499
1787292300,7667.75,7669.25,7667.25,7668,289
1787292600,7668,7670,7668,7669.75,446
1787292900,7669.75,7670.5,7669,7669.75,462
1787293200,7669.5,7670.25,7668.75,7669,235
1787293500,7669,7670.75,7668.5,7670.25,306
1787293800,7670,7673.75,7670,7673.75,771
1787294100,7673.75,7675.25,7672.25,7672.5,932
1787294400,7672,7672.5,7670,7670,408
1787294700,7670.25,7672.75,7669,7672.75,662
1787295000,7672.5,7672.75,7670.75,7672,331
1787295300,7672.25,7674,7672,7673.5,552
1787295600,7673.5,7675.5,7671.25,7675.5,1124
1787295900,7675.25,7677,7675,7675.75,989
1787296200,7676,7678.25,7675.25,7678,964
1787296500,7678,7678,7676,7677.5,703
1787296800,7677.25,7679.25,7676.5,7679.25,838
1787297100,7679,7679.25,7676.25,7676.5,542
1787297400,7676.5,7680.75,7676,7680.5,1474
1787297700,7680.75,7680.75,7679,7680.5,844
1787298000,7680.25,7682,7678.75,7679.5,1302
1787298300,7679.25,7682.25,7678.75,7681,1075
1787298600,7681,7681.75,7680,7680.5,438
1787298900,7680.5,7682,7679.25,7682,519
1787299200,7682,7683.5,7681.25,7683,1180
1787299500,7683,7683.25,7677.75,7679.75,1293
1787299800,7680,7680.75,7678.75,7679.5,623
1787300100,7679.75,7683,7678.5,7682.25,778
1787300400,7682,7682.5,7679.5,7681,735
1787300700,7681,7684.25,7681,7683.5,882
1787301000,7684,7685,7683.25,7683.75,824
1787301300,7683.75,7685.75,7683.75,7685.5,798
1787301600,7685.75,7686.75,7685,7686.25,1367
1787301900,7686.5,7686.5,7685.75,7685.75,412
1787302200,7685.75,7688.75,7685.5,7687.5,1590
1787302500,7687.25,7688.75,7687.25,7687.75,496
1787302800,7687.5,7687.75,7684.25,7685,887
1787303100,7685,7685.25,7682.25,7683,1155
1787303400,7683,7686.5,7682,7686.25,1277
1787303700,7686.25,7687,7685,7686,727
1787304000,7686,7686.5,7685.25,7685.5,342
1787304300,7685.75,7686.25,7684.75,7685,306
1787304600,7685,7686,7684.25,7685,451
1787304900,7685,7688,7685,7687.25,929
1787305200,7687.25,7688.5,7687,7687.5,672
1787305500,7687.5,7687.75,7686,7687.5,403
1787305800,7687.5,7688.25,7686,7687.75,463
1787306100,7688,7689,7687.5,7687.75,579
1787306400,7687.75,7692.25,7687.75,7690.75,1872
1787306700,7691,7691.75,7687.25,7688.5,1112
1787307000,7688.25,7688.25,7685.5,7686.75,979
1787307300,7686.75,7688.25,7686.25,7686.75,679
1787307600,7686.75,7687.25,7685.5,7687.25,387
1787307900,7687,7688.75,7687,7688.75,466
1787308200,7689,7689,7687.25,7687.25,467
1787308500,7687.5,7688.75,7687,7688,357
1787308800,7688,7688.5,7686.5,7686.75,312
1787309100,7686.75,7688,7686.75,7687.25,321
1787309400,7687.25,7689,7686.75,7688.25,555
1787309700,7688,7688.75,7687.25,7688.25,393
1787310000,7688.25,7688.5,7684.75,7686,1059
1787310300,7686,7689.75,7686,7688.5,1141
1787310600,7688.5,7689.25,7687,7687.5,540
1787310900,7687.75,7690,7687.5,7689,556
1787311200,7689,7697.25,7689,7696.75,4691
1787311500,7696.75,7698.25,7694,7696.75,2765
1787311800,7696.75,7698.5,7693.5,7695.75,2211
1787312100,7695.75,7699.75,7695.5,7696.5,1744
1787312400,7696.5,7698.75,7695.25,7698.5,1252
1787312700,7698.75,7699,7693.5,7695.5,1432
1787313000,7695.5,7695.75,7694.5,7695,588
1787313300,7695,7696.75,7694.75,7695,736
1787313600,7695,7696.25,7692.75,7694.75,1597
1787313900,7694.5,7696.75,7694.5,7696.5,1326
1787314200,7696.5,7696.5,7693.75,7694,902
1787314500,7694,7696.5,7693.25,7696,986
1787314800,7695.75,7698.25,7693.25,7697.75,1623
1787315100,7697.75,7701,7697.25,7701,2031
1787315400,7701,7703.25,7699.75,7700.75,3271
1787315700,7700.75,7701.25,7698,7700.25,2347
1787316000,7700,7704.75,7699.5,7704.25,2379
1787316300,7704,7704.5,7700.75,7703.75,1643
1787316600,7703.5,7703.75,7700,7700.75,1088
1787316900,7700.75,7701.25,7700,7700.75,740
1787317200,7701,7702.5,7699.5,7700.5,1927
1787317500,7700.25,7700.25,7695,7696.25,3257
1787317800,7696,7696.25,7690.75,7691.75,4457
1787318100,7692,7693,7689.25,7689.5,5518
1787318400,7689.5,7690.75,7688.5,7690.25,3345
1787318700,7690.25,7696.75,7685,7695.75,11695
1787319000,7695.75,7696.25,7683.5,7683.75,24226
1787319300,7683.75,7687.25,7681.25,7686.25,18693
1787319600,7686.25,7688.25,7682.75,7686.75,11675
1787319900,7686.5,7689.5,7682,7685.25,12242
1787320200,7685,7687.75,7676.5,7679.5,16425
1787320500,7679.5,7683.75,7678,7680.5,14568
1787320800,7680.75,7685,7680.25,7684.75,11685
1787321100,7684.75,7691,7684.5,7688,14807
1787321400,7687.75,7690.25,7681.25,7682.5,13734
1787321700,7682.25,7686,7681,7681.75,10306
1787322000,7681.5,7687.25,7679.75,7682.75,12013
1787322300,7682.75,7686.5,7681.25,7681.5,8281
1787322600,7681.75,7684.25,7679.75,7680,8592
1787322900,7680,7681.75,7677.5,7678.75,11898
1787323200,7678.75,7684,7677.25,7681.5,10635
1787323500,7681.5,7686.25,7680.5,7685.75,10683
1787323800,7685.75,7688.5,7684,7686.25,9889
1787324100,7685.75,7694,7684.75,7693.75,12695
1787324400,7693.75,7699.25,7692.75,7698,17880
1787324700,7698,7699.5,7693.25,7693.75,13071
1787325000,7694,7696,7692.25,7692.5,8602
1787325300,7692.5,7695,7690.75,7691.25,8470
1787325600,7691.5,7694,7689.75,7690.5,8336
1787325900,7690.25,7695.5,7689.5,7694.75,7134
1787326200,7694.75,7700.25,7693.25,7700.25,10883
1787326500,7700,7706,7699.5,7706,14082
1787326800,7705.75,7710,7704.75,7708.5,12435
1787327100,7708.5,7710,7704.75,7705.75,8712
1787327400,7705.75,7714,7705.5,7712.25,10781
1787327700,7712,7712.25,7706,7707.25,7624
1787328000,7707.25,7708.75,7701.5,7702.75,9052
1787328300,7702.75,7703,7698,7698.5,10035
1787328600,7698.75,7701.25,7697.5,7697.5,7423
1787328900,7697.5,7700.5,7694.25,7695.5,9945
1787329200,7695.5,7706,7693.75,7697,23509
1787329500,7697,7701,7696.5,7700.5,6164
1787329800,7700.25,7700.75,7695.5,7695.5,6513
1787330100,7695.25,7701,7695.25,7700.75,5036
1787330400,7700.75,7701,7697.75,7698.75,3962
1787330700,7698.75,7699,7696,7697,4188
1787331000,7696.75,7697,7693,7695.25,7051
1787331300,7695.25,7699.75,7694.5,7699.25,5212
1787331600,7699,7700,7697.25,7698,5073
1787331900,7697.75,7700.75,7696.75,7699,4935
1787332200,7699,7699,7696,7697,3007
1787332500,7697.5,7698.25,7696,7696.75,2808
1787332800,7696.75,7697,7692.25,7693.75,6155
1787333100,7693.75,7695.75,7692.25,7693.75,3582
1787333400,7693.75,7694.5,7690.5,7690.75,3943
1787333700,7690.5,7693.5,7690.25,7691,4611
1787334000,7691,7692.5,7690,7692,3265
1787334300,7692.25,7694.25,7691,7692.5,3946
1787334600,7692.25,7693,7690.25,7691,3508
1787334900,7691.25,7691.25,7689.5,7689.5,3837
1787335200,7689.75,7692.75,7688.5,7692,5464
1787335500,7692.25,7692.25,7688,7688.25,4151
1787335800,7688.5,7690.75,7688,7688.5,3828
1787336100,7688.5,7690.5,7688.25,7689.75,3004
1787336400,7690,7691.5,7689.5,7690,2979
1787336700,7690.25,7690.5,7687.75,7688,3228
1787337000,7688,7689,7685.75,7687,4583
1787337300,7687,7688.75,7687,7687.75,3097
1787337600,7687.5,7690.5,7687.25,7689.25,3650
1787337900,7689.25,7692.25,7688.5,7692,3861
1787338200,7691.75,7695.25,7691.75,7694,5833
1787338500,7694.25,7697.75,7693,7697.25,5057
1787338800,7697.25,7699,7695.25,7695.5,8938
1787339100,7695.25,7698.5,7695,7696.25,4470
1787339400,7696,7696.25,7693.75,7695.5,5003
1787339700,7695.5,7696.25,7693.5,7694.75,4386
1787340000,7694.75,7697.5,7693.75,7697,3569
1787340300,7697,7697.25,7694.5,7695.75,3930
1787340600,7695.75,7698.25,7695.25,7695.75,4986
1787340900,7696,7698.75,7694.75,7697.75,5104
1787341200,7697.5,7699.75,7695.75,7699.5,6635
1787341500,7699.5,7703,7698.5,7701.75,11413
1787341800,7701.25,7702.25,7693.75,7694.25,14851
1787342100,7694,7698.25,7689,7691.75,28526
1787342400,7691.75,7692.25,7689.5,7691.5,6046
1787342700,7691.5,7692,7690,7691.25,1104
1787343000,7691.25,7691.5,7688.75,7690.75,1937
1787343300,7691,7692,7689.25,7689.5,841
1787343600,7689.25,7690.75,7687.75,7689.25,1705
1787343900,7689.5,7689.5,7687.5,7687.5,760
1787344200,7687.5,7689.5,7687.25,7689.25,1404
1787344500,7689.25,7689.5,7688.75,7689.25,497
1787344800,7689.5,7690,7689,7689.5,657
1787345100,7689.5,7690,7687.5,7687.5,1357
1787345400,7687.5,7688.5,7687,7687.5,784
1787345700,7687.5,7688,7687,7687.5,990
1787522400,7693.75,7694.75,7681.5,7684,4575
1787522700,7684.5,7686.5,7682.5,7683.75,1642
1787523000,7684,7684.75,7683,7684,670
1787523300,7684,7684.25,7681.5,7683,808
1787523600,7683,7685.5,7682.75,7683.75,704
1787523900,7684,7684.5,7683.25,7683.75,830
1787524200,7683.75,7685,7683.25,7683.75,596
1787524500,7684,7686.75,7683.5,7686,889
1787524800,7686,7689.25,7685.25,7689.25,1349
1787525100,7689.25,7690.75,7689,7689.25,1021
1787525400,7689.75,7690,7689.25,7689.75,397
1787525700,7689.75,7690.25,7689.25,7689.5,377
1787526000,7689.25,7690.25,7689.25,7689.5,330
1787526300,7689.5,7690.5,7689,7689.75,338
1787526600,7690.25,7690.75,7689.5,7689.75,280
1787526900,7690,7692.5,7689.25,7691.5,896
1787527200,7691.5,7693,7691.25,7692.75,544
1787527500,7692.75,7695.25,7692.75,7695,1539
1787527800,7695,7697,7694.75,7696.5,1387
1787528100,7696.25,7697,7696,7696,549
1787528400,7696,7696.5,7694.5,7694.5,801
1787528700,7694.5,7700.75,7694.5,7700.5,2059
1787529000,7700.5,7701.75,7699.25,7700.25,1282
1787529300,7700,7702.5,7700,7702.25,743
1787529600,7702.25,7703.25,7698,7698.25,2559
1787529900,7698,7700.5,7697.5,7699.75,1395
1787530200,7700,7700.75,7697,7698.25,1134
1787530500,7698.25,7698.25,7689.25,7689.5,4136
1787530800,7689.75,7691.25,7687.75,7690.75,2263
1787531100,7690.5,7690.75,7685.25,7689.25,3012
1787531400,7689.25,7689.25,7686.75,7688.25,1222
1787531700,7688.25,7690.25,7687,7689,1126
1787532000,7688.75,7689.75,7687.75,7688,699
1787532300,7687.75,7692.25,7687.25,7691.75,1136
1787532600,7692,7692.5,7690.5,7691.75,999
1787532900,7692,7698,7691.5,7697.5,2937
1787533200,7697.75,7700.75,7696,7697.75,2366
1787533500,7698,7700.5,7697.25,7699.5,1120
1787533800,7699.5,7702.5,7699.25,7700.75,1484
1787534100,7701,7702.5,7700,7701.5,664
1787534400,7701.5,7701.5,7698,7698.75,1099
1787534700,7698.5,7700,7697,7697.25,902
1787535000,7697.25,7697.5,7694.5,7696.75,1442
1787535300,7697,7697.25,7694.25,7697,909
1787535600,7696.75,7698.75,7695.75,7696.75,988
1787535900,7696.75,7697.5,7694.75,7696.25,1041
1787536200,7696.5,7699.5,7695.25,7695.25,982
1787536500,7695.25,7695.5,7690.25,7690.5,2062
1787536800,7690.5,7692.25,7688.25,7691.25,2722
1787537100,7691,7691.5,7687,7690,1882
1787537400,7690,7695.5,7687.5,7695,1874
1787537700,7694.75,7696.5,7694.25,7695.25,1355
1787538000,7695.25,7696.25,7693.5,7694,739
1787538300,7694,7695.75,7693.25,7695,846
1787538600,7694.75,7695.75,7694,7695.25,407
1787538900,7695.25,7695.75,7694,7695.25,328
1787539200,7695.25,7696.5,7694.25,7696.25,477
1787539500,7696.5,7697.5,7694.25,7695.5,768
1787539800,7696,7696,7692.5,7694.5,889
1787540100,7694.25,7697.25,7693.5,7696.5,855
1787540400,7696.5,7696.5,7692.75,7693.25,592
1787540700,7693.25,7693.5,7690.5,7690.75,866
1787541000,7690.75,7691.25,7688,7689,1187
1787541300,7688.75,7690.25,7688.25,7688.5,742
1787541600,7688.75,7690.5,7688.25,7689.5,848
1787541900,7689.75,7689.75,7688.5,7689,352
1787542200,7688.75,7688.75,7686.5,7688,1022
1787542500,7688,7689,7686.75,7687,583
1787542800,7687.25,7688.75,7685,7685,1061
1787543100,7685,7686.75,7684,7686.5,827
1787543400,7686.75,7687,7682.5,7683.25,926
1787543700,7683,7683.5,7682.25,7683,553
1787544000,7682.75,7684.25,7682.5,7683.5,691
1787544300,7683.5,7683.75,7681.75,7682,466
1787544600,7682,7684.75,7682,7684.75,675
1787544900,7684.75,7685,7682.75,7683.5,575
1787545200,7683.75,7685,7681.25,7681.25,834
1787545500,7681.25,7684,7680.5,7683.25,1938
1787545800,7683.5,7684.5,7681,7682,976
1787546100,7682,7682.75,7680.75,7681.5,699
1787546400,7681.5,7683.75,7681,7683.75,466
1787546700,7683.75,7684,7681.25,7681.25,616
1787547000,7681,7682.25,7680.75,7681,343
1787547300,7680.75,7681,7679.5,7679.75,849
1787547600,7680,7681.25,7679.5,7680.5,597
1787547900,7680.75,7685,7680.75,7684,1127
1787548200,7683.75,7685.5,7682.75,7685.5,561
1787548500,7685.25,7685.25,7681.75,7681.75,695
1787548800,7682,7682.75,7681.5,7681.75,823
1787549100,7681.75,7682,7680.25,7680.5,525
1787549400,7680.5,7680.75,7675.25,7676.5,1927
1787549700,7676.5,7680,7675.75,7677.75,1389
1787550000,7677.75,7682,7677.75,7678.25,1135
1787550300,7678.25,7679.25,7675.75,7677.25,668
1787550600,7677,7678.25,7676.5,7677,635
1787550900,7677.25,7677.5,7674.75,7676.5,1037
1787551200,7676.5,7678.75,7673.25,7673.25,1563
1787551500,7673.5,7674.5,7671.75,7673.25,1664
1787551800,7673,7674.5,7672,7673.5,714
1787552100,7673.25,7676.25,7670.5,7671,1351
1787552400,7670.75,7674,7669,7673.75,1534
1787552700,7674,7674.5,7673,7673.25,394
1787553000,7673,7674,7671.5,7673.75,819
1787553300,7673.75,7675.5,7672.75,7675,717
1787553600,7675,7675,7671,7671.5,827
1787553900,7671.5,7673.25,7670.75,7672.75,628
1787554200,7673,7674.75,7672.5,7674.75,461
1787554500,7675,7675.75,7673,7673.5,325
1787554800,7675,7675,7674.25,7674.75,119
1787555100,7674.75,7674.75,7673.25,7674.5,89
1787555400,7677.75,7678.5,7676.75,7678,323
1787555700,7678,7679.25,7675.25,7677,612
1787556000,7676.75,7676.75,7674.75,7675.75,454
1787556300,7676.25,7678,7674.75,7675,455
1787556600,7675,7678.5,7673.5,7678,707
1787556900,7678.25,7679.5,7676.75,7676.75,504
1787557200,7676.75,7677,7672.25,7672.5,1083
1787557500,7672.5,7674.75,7672.25,7672.5,569
1787557800,7672.5,7673.5,7670.5,7672,719
1787558100,7672,7672.25,7670.5,7671,515
1787558400,7671,7672.75,7668.5,7670.5,1634
1787558700,7670.5,7681.5,7670.25,7673.25,3309
1787559000,7673.25,7676.25,7673.25,7675.75,532
1787559300,7675.5,7679.75,7674.25,7678.75,909
1787559600,7678.75,7679.25,7676,7676.75,461
1787559900,7677,7678.75,7674.75,7677.25,684
1787560200,7677.5,7679.25,7676.25,7678.25,437
1787560500,7678.5,7682.25,7678,7682,668
1787560800,7682.25,7683.25,7680.5,7682.5,668
1787561100,7682.5,7683,7681,7681.5,485
1787561400,7681.5,7684,7681.25,7683.25,452
1787561700,7682.5,7683.25,7680.75,7680.75,256
1787562000,7680.75,7684.5,7678.5,7684,1015
1787562300,7683.75,7684,7682.5,7683.25,392
1787562600,7683.25,7684,7682,7682,361
1787562900,7682.25,7682.5,7679.5,7679.75,500
1787563200,7679.5,7680.25,7678.5,7679.75,602
1787563500,7679.75,7679.75,7677.75,7678.75,377
1787563800,7678.5,7680,7678.25,7680,420
1787564100,7679.5,7682,7679.5,7681.25,514
1787564400,7681,7681.25,7679.5,7680.75,350
1787564700,7681,7682.75,7680,7682.25,439
1787565000,7682.25,7682.5,7679.5,7680.25,286
1787565300,7680,7681.25,7679.75,7680.25,251
1787565600,7680.25,7681.75,7680,7681.5,380
1787565900,7681.75,7682,7680,7680,501
1787566200,7680,7680.25,7676.5,7676.75,755
1787566500,7677,7677.5,7676.5,7676.5,294
1787566800,7676.75,7680,7675.5,7679.5,673
1787567100,7679.5,7679.5,7675.75,7675.75,405
1787567400,7676,7680.25,7675.5,7679.5,793
1787567700,7679.5,7679.5,7677,7677,318
1787568000,7676.75,7677,7673.5,7674.5,801
1787568300,7674.5,7675,7672,7672.75,665
1787568600,7672.75,7672.75,7669.75,7670.75,1149
1787568900,7670.75,7671.5,7669.75,7670.25,690
1787569200,7670.5,7671.75,7666.25,7666.75,2261
1787569500,7666.75,7667.75,7664.25,7667.5,1416
1787569800,7667.25,7668.25,7665.5,7667.5,940
1787570100,7668,7669.25,7667.5,7668.75,785
1787570400,7669.25,7669.75,7667.75,7669.75,785
1787570700,7669.5,7672,7669.5,7670.25,831
1787571000,7670.25,7677.75,7670.25,7677.5,2747
1787571300,7677,7686.5,7676.75,7682.25,4941
1787571600,7682.25,7685.25,7680.25,7681.5,1416
1787571900,7681.25,7681.5,7676.25,7677.75,2280
1787572200,7677.75,7680,7677.5,7680,962
1787572500,7679.75,7680.75,7678,7680,1005
1787572800,7679.75,7680,7676.5,7677,1205
1787573100,7677,7679,7676,7677,860
1787573400,7677,7678.25,7675.5,7677.25,922
1787573700,7677,7678.5,7675.75,7677,694
1787574000,7677.25,7681,7677,7680.5,1440
1787574300,7680.5,7681.25,7678.75,7681,745
1787574600,7680.75,7681.25,7668.75,7675.75,7509
1787574900,7675.5,7679.75,7675,7676.5,1569
1787575200,7676.75,7682.5,7674.5,7676.25,3085
1787575500,7676.25,7678.75,7675.5,7678.5,970
1787575800,7678.25,7679.75,7677.25,7678,596
1787576100,7678,7679.5,7677.5,7678,672
1787576400,7677.75,7680,7677.75,7679.5,1164
1787576700,7679.25,7679.75,7676.75,7678.25,1135
1787577000,7678,7679.75,7676.75,7677,1104
1787577300,7677,7680,7676.25,7676.5,1629
1787577600,7676.5,7679,7676.25,7677,880
1787577900,7677,7682,7676,7681.5,4258
1787578200,7681.75,7682.75,7666,7669,23637
1787578500,7669,7672.75,7664.5,7668.25,18571
1787578800,7668.25,7671.75,7655.75,7656,20723
1787579100,7656.25,7670.25,7655,7665.5,24827
1787579400,7665.75,7670,7662,7669,14593
1787579700,7669,7671.25,7666.75,7668.5,12234
1787580000,7668.75,7674,7662.25,7664.25,21390
1787580300,7664.25,7666.5,7660.5,7663.5,10615
1787580600,7663.25,7664.75,7659.5,7664,9761
1787580900,7664.25,7665,7660.5,7662.75,8397
1787581200,7663,7669.25,7662,7662.5,13875
1787581500,7662.5,7665.75,7660.75,7663.25,8483
1787581800,7663.25,7671.75,7661.75,7670.25,11289
1787582100,7670.5,7673.25,7669.5,7671,8049
1787582400,7671,7675.5,7669.25,7671.25,11664
1787582700,7671,7673.25,7669,7673,6766
1787583000,7673,7673.5,7668,7670.25,6806
1787583300,7670.25,7673.75,7669.5,7670.75,6186
1787583600,7670.75,7672.75,7664.25,7664.75,8983
1787583900,7664.5,7665,7661.75,7664,6850
1787584200,7664,7666,7660.75,7661.5,6391
1787584500,7661.25,7662.5,7660.25,7660.75,5107
1787584800,7660.75,7666,7657.5,7665.5,11953
1787585100,7665.5,7674.25,7664.5,7671.5,21849
1787585400,7671.5,7674.5,7668,7672.75,16316
1787585700,7672.5,7675.75,7671,7674.5,6970
1787586000,7674.25,7678.75,7674.25,7676.5,9283
1787586300,7676.5,7681.5,7676.5,7676.75,9098
1787586600,7677,7680.25,7676.75,7677,4856
1787586900,7677.25,7679.5,7675.75,7679.5,6451
1787587200,7679.5,7685.5,7678.25,7683.5,17200
1787587500,7683.75,7684,7678.75,7679,6354
1787587800,7679,7680.75,7678.25,7680.75,3981
1787588100,7680.75,7685.75,7680.25,7684.75,6694
1787588400,7684.75,7686.5,7682,7682.5,7254
1787588700,7682.75,7684.25,7682,7683.25,4105
1787589000,7683,7684.25,7679,7679.75,6527
1787589300,7680,7681.25,7677.25,7677.5,4289
1787589600,7677.5,7678.25,7676,7677,3686
1787589900,7677.25,7678.25,7675.5,7677.5,5271
1787590200,7677.75,7678.75,7675.25,7676.25,4035
1787590500,7676.25,7677.5,7675.25,7676,3128
1787590800,7676,7676.25,7672.75,7674.25,5820
1787591100,7674.25,7681,7673.5,7678.5,8982
1787591400,7678.75,7682,7677.25,7679.25,7802
1787591700,7679,7679.75,7674.25,7675.25,6893
1787592000,7675.5,7676,7669,7669.75,10077
1787592300,7669.75,7671.5,7667.25,7668,7462
1787592600,7668,7669.75,7666.75,7667,5348
1787592900,7667,7668.25,7665.5,7668,4906
1787593200,7668,7668.75,7664.75,7665.25,4836
1787593500,7665,7667,7664.25,7666.5,4511
1787593800,7666.25,7669,7665.25,7666,5403
1787594100,7666.25,7668,7665.25,7667,2717
1787594400,7667,7670.75,7666.75,7669.5,6472
1787594700,7669.5,7674.25,7669,7673,6277
1787595000,7673.25,7677,7672.25,7676.75,5733
1787595300,7676.75,7679,7675.25,7676.25,7452
1787595600,7676.25,7681.25,7676,7680.25,6973
1787595900,7680,7682.75,7679.5,7682,5062
1787596200,7682.25,7685.25,7680.75,7680.75,8179
1787596500,7681.25,7681.75,7675.25,7676.5,7623
1787596800,7676.5,7678.5,7675.75,7677.5,4268
1787597100,7677.5,7678.5,7675.25,7677.5,3884
1787597400,7677.5,7678.5,7675,7675.5,3837
1787597700,7675.75,7677,7674,7674.25,3889
1787598000,7674,7675,7672.5,7673.5,5643
1787598300,7673.75,7675.25,7672.5,7673,3022
1787598600,7673,7676.5,7672.75,7675.5,3493
1787598900,7675.5,7676.75,7673.25,7675.25,3221
1787599200,7675.25,7676.5,7673.75,7674.75,3635
1787599500,7674.5,7676,7673.5,7674.25,2589
1787599800,7674.25,7677,7672,7672,6002
1787600100,7672,7673,7670.75,7671,5700
1787600400,7671.25,7672.25,7670,7671.25,4596
1787600700,7671.5,7672.5,7669.25,7672,7291
1787601000,7672,7674.25,7668,7672.25,13872
1787601300,7672.25,7674,7668.25,7669.75,24387
1787601600,7669.25,7672.5,7668,7671.25,7720
1787601900,7671,7673.25,7670.25,7671,1921
1787602200,7671.25,7671.75,7670,7671,1128
1787602500,7671,7671.25,7669.25,7670,1267
1787602800,7670,7670,7666.5,7666.75,1570
1787603100,7666.75,7667.25,7666.5,7667,724
1787603400,7666.75,7669,7666.5,7669,903
1787603700,7669,7671,7668.75,7671,1000
1787604000,7671,7671.5,7670.5,7671,749
1787604300,7671,7671.75,7670,7670.25,1041
1787604600,7670.5,7671,7670,7670.75,498
1787604900,7671,7675,7670.75,7674.5,1426
1787608800,7675,7677.5,7673.5,7674,1801
1787609100,7674.25,7677,7674,7675,899
1787609400,7675.25,7675.25,7673.75,7674,376
1787609700,7674.25,7675,7674,7674,317
1787610000,7674,7675.25,7673.75,7674.75,196
1787610300,7674.5,7674.5,7673.75,7674.25,103
1787610600,7674.25,7674.75,7673.25,7674.25,296
1787610900,7674.5,7674.5,7674,7674.25,90
1787611200,7674.25,7674.5,7673.25,7673.5,335
1787611500,7673.5,7674.25,7673.25,7674,119
1787611800,7674,7674.5,7673.75,7674,115
1787612100,7674.25,7674.75,7673.5,7674.25,175
1787612400,7674.5,7674.75,7674,7674.25,191
1787612700,7674.5,7675.75,7674.25,7675.5,259
1787613000,7675.25,7675.25,7674.75,7675.25,169
1787613300,7675.25,7675.75,7673.75,7674.5,397
1787613600,7674.25,7675.25,7674,7674.5,277
1787613900,7674.5,7674.5,7672.5,7672.75,482
1787614200,7672.5,7672.75,7671.5,7672.25,611
1787614500,7672.5,7672.5,7670.5,7670.75,416
1787614800,7670.75,7672.5,7667.75,7669.25,2157
1787615100,7669.25,7669.5,7668.25,7669.25,654
1787615400,7669,7671,7668.75,7668.75,680
1787615700,7668.75,7670.75,7668.75,7670.75,275
1787616000,7670.5,7671.25,7667.25,7667.25,1290
1787616300,7667.25,7669.75,7667,7667.75,991
1787616600,7667.75,7667.75,7663.5,7664.25,1785
1787616900,7664.25,7664.5,7660.25,7660.75,2508
1787617200,7661,7666.75,7660.75,7664,1945
1787617500,7663.75,7668.5,7662.75,7668,1847
1787617800,7668.25,7670,7667.25,7669.5,1242
1787618100,7669.25,7670.75,7668.5,7668.75,700
1787618400,7669,7674.25,7668.5,7673.5,2151
1787618700,7673,7675.75,7671.5,7673.25,1534
1787619000,7673.25,7675.75,7673,7674.5,592
1787619300,7674.75,7675.5,7673.5,7673.75,511
1787619600,7673.75,7674.5,7672.25,7674.5,1319
1787619900,7674.25,7675.25,7672.75,7674.75,771
1787620200,7674.75,7675.5,7672.75,7674.25,642
1787620500,7674.25,7675.25,7672.75,7674.5,502
1787620800,7674.5,7674.75,7671,7671,917
1787621100,7671,7673.25,7670.5,7672.25,914
1787621400,7672.25,7675.5,7671.75,7672.75,1228
1787621700,7672.5,7676.75,7672.25,7676.25,980
1787622000,7676,7677,7673,7674.75,1059
1787622300,7674.75,7676.25,7674.25,7676.25,430
1787622600,7675.5,7675.75,7673.75,7675.75,415
1787622900,7675.5,7675.5,7673,7673.25,452
1787623200,7673.25,7675.25,7673.25,7674,701
1787623500,7674,7674.25,7669.25,7669.75,1686
1787623800,7669.75,7670.25,7668,7669.75,1039
1787624100,7669.75,7671.5,7668,7671.25,926
1787624400,7671.25,7671.75,7668.75,7671.75,592
1787624700,7671.75,7672.5,7668.25,7671.75,1173
1787625000,7672,7675,7670.75,7673.25,1492
1787625300,7673.5,7674.25,7671.25,7673,682
1787625600,7673,7675.5,7671.75,7672.25,668
1787625900,7672.5,7672.5,7669.75,7670.25,775
1787626200,7670,7670.25,7668.25,7669,990
1787626500,7669,7669.25,7666.5,7668,865
1787626800,7668.25,7671.5,7667.75,7670.75,980
1787627100,7670.5,7677,7670.25,7675,2457
1787627400,7675,7676.75,7674.25,7674.75,1083
1787627700,7674.75,7677.5,7674.75,7677,1097
1787628000,7677,7677.25,7675,7675,452
1787628300,7675.5,7677.75,7675.25,7677.5,431
1787628600,7677,7678.75,7676.75,7678,710
1787628900,7678,7678.25,7675.75,7676.5,606
1787629200,7676.5,7677.25,7676,7676.25,312
1787629500,7676.25,7676.25,7674,7674.25,623
1787629800,7674.5,7675.5,7673.5,7674.75,760
1787630100,7674.75,7675.25,7674,7675.25,210
1787630400,7675,7677.5,7674.5,7677.5,774
1787630700,7677.5,7678.25,7676.5,7678.25,506
1787631000,7678.25,7678.25,7676.75,7678.25,243
1787631300,7678.25,7678.5,7677,7677.25,322
1787631600,7677.25,7678.25,7677,7678.25,269
1787631900,7678.25,7678.75,7677,7677.75,285
1787632200,7677.75,7679.5,7677.25,7678.25,640
1787632500,7678.25,7678.5,7676.75,7677.75,334
1787632800,7678,7679.25,7677.5,7678.5,292
1787633100,7678.5,7679.25,7677.75,7678.75,218
1787633400,7678.25,7678.25,7675.25,7676.5,797
1787633700,7676.5,7677,7675.25,7677,308
1787634000,7677,7678.75,7676,7678,512
1787634300,7678,7678.75,7677.25,7677.75,249
1787634600,7678,7680,7677.5,7678,449
1787634900,7677.75,7680,7677.75,7679,360
1787635200,7679,7679.75,7678.5,7679.25,349
1787635500,7679,7679.5,7678.5,7679,182
1787635800,7679,7680,7678,7679.75,467
1787636100,7679.75,7680.75,7679.25,7679.75,495
1787636400,7680,7680.5,7677.5,7677.75,585
1787636700,7677.75,7679.25,7677,7678.5,331
1787637000,7678.5,7679.75,7677.75,7679,297
1787637300,7679.5,7681.25,7679.5,7680,499
1787637600,7680.25,7682.5,7680,7681.75,785
1787637900,7681.75,7683.25,7681.5,7682,541
1787638200,7682,7682.25,7681,7681.5,249
1787638500,7681.5,7682.75,7680.25,7682,637
1787638800,7682.25,7687.5,7681.25,7685.25,2302
1787639100,7685.5,7687,7684.75,7685.5,790
1787639400,7685,7687,7684,7686,777
1787639700,7686,7686.25,7683.5,7684.25,436
1787640000,7684.5,7688,7684.25,7687.75,608
1787640300,7688,7688,7685.5,7685.5,504
1787640600,7685.5,7687.5,7685.25,7687.5,306
1787640900,7687.5,7689.75,7687,7689.75,634
1787641200,7689.75,7692.5,7689.25,7692.25,1880
1787641500,7692.25,7692.5,7689.5,7689.75,669
1787641800,7689.5,7690,7687.5,7688,813
1787642100,7688,7689.75,7683.75,7684.5,1348
1787642400,7684.25,7687,7683.75,7685.25,619
1787642700,7685,7685.5,7682.25,7685,809
1787643000,7684.75,7685.75,7684,7684.75,350
1787643300,7685,7685.25,7683.75,7684.5,351
1787643600,7684.5,7686.75,7683.25,7685.75,544
1787643900,7686,7686.25,7683,7683.5,481
1787644200,7683.5,7683.75,7681.5,7681.75,694
1787644500,7681.75,7684,7681.5,7682.5,450
1787644800,7682.75,7685.5,7680.5,7681,1116
1787645100,7681.25,7683.75,7681,7683,516
1787645400,7682.75,7682.75,7681,7681.5,392
1787645700,7681.5,7686,7681.25,7684.25,778
1787646000,7684.5,7699.75,7683.75,7698.5,5819
1787646300,7698.5,7698.5,7691,7691.5,2095
1787646600,7691.5,7695.25,7689.75,7693.5,1329
1787646900,7693.75,7694.75,7689.25,7690,790
1787647200,7690.25,7692.75,7689.75,7692.75,418
1787647500,7692.75,7695.25,7692.5,7694.75,773
1787647800,7694.75,7697.25,7694.5,7694.5,703
1787648100,7694.5,7697.25,7693.25,7697,562
1787648400,7697,7697.5,7694.5,7697.25,698
1787648700,7697.5,7699.5,7696,7697.75,975
1787649000,7698,7701,7697.75,7699,1198
1787649300,7698.75,7700.5,7698.75,7699.75,488
1787649600,7700.25,7700.75,7699.25,7699.5,804
1787649900,7699.5,7699.5,7697.5,7699,796
1787650200,7699.25,7709.5,7698.75,7708,3632
1787650500,7708,7708.75,7703.5,7704.25,1998
1787650800,7704.5,7708.5,7704,7705.25,1142
1787651100,7705.25,7709,7704.25,7709,1033
1787651400,7709,7711,7708.5,7710.5,1350
1787651700,7710.75,7714,7708.75,7709.5,2186
1787652000,7709.25,7709.75,7705,7706.25,1136
1787652300,7706.5,7710,7706.25,7709.5,955
1787652600,7709.5,7710.25,7706.5,7707.75,889
1787652900,7708,7708,7705.25,7706,934
1787653200,7706,7706.25,7705,7705.25,813
1787653500,7705,7705.25,7703.25,7703.75,664
1787653800,7703.75,7704.25,7702.25,7703.25,760
1787654100,7703.25,7703.25,7701.75,7702.75,692
1787654400,7702.75,7703.5,7700,7700,809
1787654700,7700,7702.5,7700,7702.25,514
1787655000,7702.25,7703,7701.75,7702,684
1787655300,7702,7702.75,7700.75,7702,394
1787655600,7702,7702.5,7698.25,7699,1397
1787655900,7698.5,7698.75,7693,7697.25,2435
1787656200,7697,7699,7696.25,7698.5,882
1787656500,7698.5,7699.25,7696.5,7697.75,666
1787656800,7698,7700.25,7697.75,7699.5,892
1787657100,7699.75,7699.75,7696.5,7699,644
1787657400,7698.75,7701,7698.5,7699,802
1787657700,7698.75,7701.75,7698.75,7701.5,978
1787658000,7701.75,7702.75,7700.5,7701.5,1161
1787658300,7701.75,7705,7701.5,7704.75,1038
1787658600,7704.75,7706.5,7703,7703.75,1587
1787658900,7703.75,7705,7703,7705,790
1787659200,7704.75,7705.75,7701.25,7704.75,1390
1787659500,7704.5,7705.75,7703,7705,1011
1787659800,7705,7705.5,7701.5,7704.25,1130
1787660100,7704.25,7708.75,7704,7706.75,1898
1787660400,7707,7707,7703.25,7704.5,1031
1787660700,7704.75,7706,7704.5,7705.5,672
1787661000,7705.25,7705.5,7698.25,7699,2819
1787661300,7699.25,7699.25,7695.5,7695.75,2187
1787661600,7695.5,7698.25,7694.75,7697.5,1993
1787661900,7697.5,7698,7696.5,7697.5,1104
1787662200,7697.5,7700.75,7697.5,7698.75,2634
1787662500,7698.75,7699.25,7697.25,7697.75,1150
1787662800,7698,7699.75,7696.5,7697.5,2091
1787663100,7697.75,7698.5,7695.5,7697,2268
1787663400,7697.25,7700.5,7697,7698.25,3246
1787663700,7698,7700.75,7696.75,7699.25,2920
1787664000,7699,7699.5,7696.75,7697,1879
1787664300,7697,7700.25,7694.75,7695,4493
1787664600,7695,7701.25,7692.5,7700.5,19651
1787664900,7700.25,7700.5,7694.5,7695,14483
1787665200,7695.25,7699.75,7692,7694.75,16172
1787665500,7694.75,7700.5,7694.5,7697.75,15093
1787665800,7698,7698.75,7693,7693.25,12655
1787666100,7693.25,7694,7688,7690,15658
1787666400,7690,7691.25,7685.25,7688,16307
1787666700,7687.75,7689,7684.5,7686.5,11003
1787667000,7686.5,7688.5,7684,7685,11073
1787667300,7684.75,7689.5,7683.5,7687.5,11920
1787667600,7687.25,7688,7681.25,7684,14932
1787667900,7684.25,7685,7679.75,7680,10469
1787668200,7680,7682,7662.75,7676.25,36889
1787668500,7676.25,7683.75,7676.25,7683,9962
1787668800,7683,7683.5,7674.5,7676.5,12108
1787669100,7676.25,7678.25,7674.5,7675.25,8142
1787669400,7675,7681.25,7673.25,7679.5,8863
1787669700,7679.5,7681.75,7677.75,7680.25,7306
1787670000,7680.25,7681,7676,7677.5,9386
1787670300,7677.5,7681,7677.25,7679,5329
1787670600,7679,7681.25,7676.75,7678.75,5681
1787670900,7679,7682.5,7677.75,7682.25,6001
1787671200,7682.25,7685,7679.75,7680.75,9641
1787671500,7681,7681.5,7679.25,7681,1648