time,open,high,low,close,Volume
1778450400,4701.3,4709.6,4677.7,4694.9,3189
1778450700,4694.9,4697,4688.1,4696.3,873
1778451000,4696.6,4703.3,4694.5,4695.3,1104
1778451300,4695.4,4698.7,4690,4696,1104
1778451600,4695.5,4698.1,4693.4,4697.6,585
1778451900,4697.7,4704.7,4696.9,4702.9,1039
1778452200,4702.7,4702.8,4697.7,4701.3,937
1778452500,4701.6,4702.7,4695.5,4696.8,706
1778452800,4696.8,4700.4,4695.1,4700.1,485
1778453100,4699.7,4702.7,4698.5,4702.7,383
1778453400,4702.4,4702.5,4698.9,4700,435
1778453700,4700,4703.6,4699.5,4700.2,488
1778454000,4700.1,4705.6,4699.5,4704.9,627
1778454300,4705,4705.2,4701,4702.8,515
1778454600,4702.6,4703.2,4696.9,4698.7,785
1778454900,4698.8,4704,4697.5,4703.6,621
1778455200,4703.7,4705.2,4703.5,4705.1,528
1778455500,4705.2,4706,4702.7,4703.3,478
1778455800,4703.2,4706.2,4703.1,4705,417
1778456100,4705.1,4707.2,4704.1,4705.8,598
1778456400,4705.9,4707.2,4704.4,4705.9,330
1778456700,4705.8,4707.2,4702.7,4707.2,600
1778457000,4707.2,4707.3,4703.8,4703.9,550
1778457300,4704,4704.2,4698.2,4700.1,993
1778457600,4700,4700.3,4690.6,4695.9,2307
1778457900,4696.6,4698.9,4693.2,4694.5,1004
1778458200,4694.8,4695.2,4688.2,4691.2,1270
1778458500,4691.2,4691.8,4685.1,4686.2,1424
1778458800,4686.1,4694.5,4684.4,4692.8,1616
1778459100,4692.7,4695.4,4690.3,4692.3,851
1778459400,4692.4,4702.4,4692.4,4701.8,1661
1778459700,4701.8,4702.2,4693.8,4696,1114
1778460000,4696.3,4700.3,4696,4697.9,737
1778460300,4697.5,4701.6,4695.8,4698.9,1018
1778460600,4698.8,4700.7,4678.4,4690.5,3360
1778460900,4691.3,4692.8,4681.9,4691.6,1643
1778461200,4691.9,4701.3,4683,4699.7,2987
1778461500,4700,4708.6,4698.1,4699.4,2491
1778461800,4699.2,4703.8,4690.4,4700.6,2162
1778462100,4700.9,4706.2,4698,4704.4,1505
1778462400,4704.5,4714.4,4702,4711.9,2189
1778462700,4711.7,4714.4,4707.3,4707.4,1155
1778463000,4707.6,4710.4,4701.8,4706.7,1750
1778463300,4706.7,4707.5,4702.5,4704.1,799
1778463600,4703.8,4704.6,4699.3,4702.8,1133
1778463900,4703.4,4704.9,4701,4703.5,744
1778464200,4703.3,4703.3,4693.9,4695.2,1781
1778464500,4695.3,4696,4688.5,4694.1,1966
1778464800,4694.2,4701.8,4693.4,4697.6,1617
1778465100,4697.7,4698,4686.5,4692.6,1856
1778465400,4692.2,4698,4691,4694.3,1035
1778465700,4694.3,4695.1,4691.2,4691.6,605
1778466000,4691.6,4695.1,4691.1,4694.5,497
1778466300,4694.4,4697.4,4693.5,4697,701
1778466600,4697.2,4704.2,4697.2,4700.4,1482
1778466900,4700.4,4709,4699.1,4707.9,1505
1778467200,4707.7,4707.7,4696.4,4697.3,1259
1778467500,4697.2,4702.4,4692.7,4693.5,1471
1778467800,4693.6,4693.7,4687.1,4688.7,2028
1778468100,4688.7,4690.8,4684.7,4689.7,1797
1778468400,4689.5,4692.9,4682.9,4691.5,1651
1778468700,4691.5,4694.5,4689.7,4694.2,734
1778469000,4694,4697.6,4693.1,4695,900
1778469300,4695.3,4697.6,4691.8,4696.2,929
1778469600,4696.4,4696.8,4691.7,4696.3,739
1778469900,4696.7,4698.3,4694.9,4697.4,521
1778470200,4697.5,4698.4,4693.8,4694.3,781
1778470500,4694.7,4695.4,4689.7,4692.1,823
1778470800,4692.2,4695.8,4691.2,4695.3,526
1778471100,4695.3,4695.5,4688.9,4688.9,513
1778471400,4688.9,4690.1,4684.7,4685.2,934
1778471700,4685.3,4687.1,4684.6,4686.4,563
1778472000,4686.4,4687.8,4681.3,4685.4,1304
1778472300,4685.1,4686.8,4683.3,4685.1,492
1778472600,4684.9,4685.8,4682.3,4685.3,516
1778472900,4685.4,4686.5,4681.3,4681.8,738
1778473200,4681.5,4682.8,4678,4681.5,2072
1778473500,4681.3,4683.6,4679.2,4679.3,535
1778473800,4679.4,4681.3,4675.9,4680.7,1593
1778474100,4680.8,4682.2,4678.5,4679.1,772
1778474400,4679.1,4681.2,4679.1,4680.6,272
1778474700,4680.5,4683.1,4680.2,4682.8,404
1778475000,4682.7,4683.6,4680.5,4683,498
1778475300,4682.9,4683.4,4679.2,4679.6,391
1778475600,4679.4,4683.9,4679.3,4683.4,506
1778475900,4683.4,4683.7,4678.2,4680.1,712
1778476200,4680,4681.5,4678.7,4681.3,580
1778476500,4681.1,4682.8,4679.3,4681.3,418
1778476800,4681.2,4682.9,4680,4682.7,301
1778477100,4682.6,4682.7,4678.3,4678.3,380
1778477400,4678.7,4687,4678.6,4686.5,1483
1778477700,4686.4,4688.4,4680.5,4681.5,836
1778478000,4681.6,4682.1,4669.6,4671.2,3081
1778478300,4671.3,4672,4665.8,4668.6,2096
1778478600,4668.5,4669.3,4660,4661.9,3106
1778478900,4661.9,4662.5,4655.5,4659.5,2406
1778479200,4659.8,4667.5,4656.7,4667.1,1898
1778479500,4667,4672.3,4664.5,4670.2,1715
1778479800,4670.2,4674.6,4669.9,4672.7,1146
1778480100,4672.7,4678.3,4672.4,4678,1436
1778480400,4678.3,4678.7,4672.5,4675,1351
1778480700,4675,4676.7,4671.3,4675.4,1257
1778481000,4675.6,4680.5,4675.4,4678,1296
1778481300,4677.9,4682.4,4676.6,4680.7,948
1778481600,4680.9,4684,4677.1,4682.3,897
1778481900,4682.3,4685.2,4681.1,4681.9,872
1778482200,4681.9,4688.7,4679.4,4687.1,1167
1778482500,4687.2,4688.3,4684.2,4686.7,862
1778482800,4686.7,4688.5,4685.7,4687,798
1778483100,4687.1,4687.4,4682.2,4682.8,849
1778483400,4683.1,4685,4683.1,4684.4,509
1778483700,4684.3,4685.3,4680.4,4681.3,741
1778484000,4681.6,4686.1,4681.2,4684.8,614
1778484300,4684.8,4686.6,4683.2,4684.1,399
1778484600,4684.1,4686.4,4680.8,4683,507
1778484900,4682.8,4685.3,4681.3,4683.4,478
1778485200,4683.5,4686,4680.1,4680.8,710
1778485500,4680.8,4681.6,4675,4676.2,1002
1778485800,4676.1,4679.6,4672.9,4677.5,1173
1778486100,4677.5,4678.2,4674.3,4676.5,466
1778486400,4676.4,4677.9,4673,4677.2,817
1778486700,4677.4,4679.8,4673.1,4673.3,789
1778487000,4673.2,4682.3,4672.3,4680.4,1005
1778487300,4681,4684.2,4681,4684.1,608
1778487600,4684,4687.6,4681.2,4685.4,745
1778487900,4685.5,4686.1,4679.8,4679.8,668
1778488200,4679.6,4684,4678.3,4680.6,750
1778488500,4680.4,4682,4678.3,4678.5,512
1778488800,4679,4680,4677.6,4679,416
1778489100,4679.2,4680.2,4678,4679.7,332
1778489400,4679.6,4679.7,4675.3,4677.4,606
1778489700,4677.6,4677.6,4675.1,4675.7,343
1778490000,4676.2,4678.4,4673.6,4677.8,723
1778490300,4677.8,4678.5,4675.1,4676,281
1778490600,4676.3,4677,4674.5,4676,351
1778490900,4675.6,4676.1,4673,4673.5,577
1778491200,4673.3,4674.2,4667,4667.5,1226
1778491500,4667.5,4669.9,4665.3,4666.1,1108
1778491800,4665.9,4667.2,4658.8,4663.1,2616
1778492100,4663.2,4668.6,4663.2,4667.7,892
1778492400,4667.6,4672.2,4665.6,4671.3,927
1778492700,4671.5,4673.6,4669.6,4670.3,732
1778493000,4670.5,4671.8,4667.4,4670.2,599
1778493300,4670.1,4670.2,4664.4,4665,862
1778493600,4665,4669.7,4664.5,4666.1,666
1778493900,4666.2,4669.9,4665.2,4669.6,606
1778494200,4669.3,4671.3,4668.9,4671.1,437
1778494500,4670.9,4671.5,4668.8,4670.9,409
1778494800,4670.9,4674,4669.4,4674,610
1778495100,4674,4674.4,4671.3,4671.7,346
1778495400,4672,4675.3,4670.8,4674.2,505
1778495700,4674.2,4675.2,4668.7,4671.5,714
1778496000,4671.5,4672.2,4669.5,4672.2,448
1778496300,4671.9,4673.5,4669.7,4672.8,395
1778496600,4672.7,4676,4672.6,4673.6,581
1778496900,4673.3,4674.3,4671.9,4671.9,335
1778497200,4672.6,4680.9,4672.4,4679.9,1057
1778497500,4679.4,4679.7,4675.4,4677.7,583
1778497800,4677.7,4678.7,4675.1,4677.9,402
1778498100,4677.8,4679,4676.4,4678.1,395
1778498400,4678.3,4678.9,4676,4677.7,339
1778498700,4677.4,4680.6,4676,4680.3,504
1778499000,4680.3,4682,4678.7,4680.2,610
1778499300,4680.3,4684.5,4678.3,4683.8,879
1778499600,4683.8,4686.1,4682.5,4683,920
1778499900,4683.1,4683.6,4681.4,4682.5,515
1778500200,4682.5,4682.7,4678.7,4681.3,623
1778500500,4681.4,4683.3,4678.8,4683.1,557
1778500800,4683,4684.5,4679,4679.5,910
1778501100,4679.5,4680.1,4677.4,4677.6,915
1778501400,4677.3,4677.9,4675.7,4676.9,813
1778501700,4676.6,4682.7,4675.9,4681.1,1117
1778502000,4681.1,4704.5,4680.1,4701.5,5583
1778502300,4701.3,4701.5,4694.7,4699.6,2836
1778502600,4699.7,4705.6,4698.1,4702.8,2256
1778502900,4702.7,4707.5,4702.4,4704.9,1965
1778503200,4704.6,4706,4700.2,4701.1,1419
1778503500,4701,4704.9,4695.1,4698.3,2605
1778503800,4698.2,4703.2,4698.2,4701.8,1297
1778504100,4701.9,4710.3,4700.3,4708.8,2230
1778504400,4708.9,4719.1,4707.6,4719.1,3796
1778504700,4718.8,4726.3,4717.4,4725.7,3454
1778505000,4725.6,4731.2,4721.3,4730.3,3976
1778505300,4730.3,4740.4,4729.7,4736.9,3755
1778505600,4736.8,4745.4,4735.5,4740.7,4023
1778505900,4740.6,4743.6,4736.8,4738.2,2510
1778506200,4738,4746.6,4737.5,4744.5,3585
1778506500,4744.5,4750.2,4742.9,4744.8,3064
1778506800,4745.1,4755.5,4744.7,4753.6,2957
1778507100,4753.4,4758.4,4745.8,4747.4,3943
1778507400,4747.7,4752,4744.1,4749.5,2466
1778507700,4749.4,4754.6,4745.7,4745.8,2222
1778508000,4746,4748.5,4737.6,4740.4,3756
1778508300,4740.2,4741.2,4728.1,4734,4381
1778508600,4734,4742.2,4731.1,4740.6,2696
1778508900,4740.4,4742.2,4734.9,4740.6,2116
1778509200,4740.7,4743.5,4739.6,4743.2,1594
1778509500,4743.2,4743.6,4733.9,4734.6,2004
1778509800,4734.7,4737.6,4724.6,4731,4134
1778510100,4731.3,4738.6,4727.4,4736.6,2613
1778510400,4736.7,4743.5,4736.7,4742.4,1541
1778510700,4742.2,4744.5,4737,4739.5,1930
1778511000,4739.5,4740.3,4736.9,4737.7,985
1778511300,4737.8,4738.8,4733.2,4735.1,1281
1778511600,4735.1,4738.2,4732.5,4736,1215
1778511900,4735.5,4740.2,4734.8,4738.4,1086
1778512200,4738.6,4741.6,4737,4738,1394
1778512500,4738.4,4744.5,4736.8,4741.7,1401
1778512800,4741.3,4748.2,4740,4746.7,1632
1778513100,4746.7,4747.3,4741.6,4742.4,1181
1778513400,4742.6,4744.5,4741.6,4741.8,724
1778513700,4741.8,4742,4739.4,4740.1,942
1778514000,4740.2,4741.2,4735.7,4737.5,1619
1778514300,4737,4739.8,4734.3,4739.1,1418
1778514600,4739,4742.3,4737.7,4741.7,846
1778514900,4741.6,4742.5,4740.3,4741.9,459
1778515200,4742,4743.3,4740.3,4741.5,644
1778515500,4741.4,4742.6,4738.8,4738.8,599
1778515800,4739,4739.7,4736.5,4737.4,701
1778516100,4737.3,4737.8,4733.5,4736.7,936
1778516400,4736.6,4736.7,4733,4734.3,609
1778516700,4734,4735.6,4731.6,4733.7,702
1778517000,4733.5,4735.8,4731.2,4731.9,754
1778517300,4731.6,4731.9,4727,4730.4,1457
1778517600,4730,4731,4717.2,4720.8,3292
1778517900,4720.8,4725.6,4718.2,4724.5,1286
1778518200,4724.5,4726.4,4723.3,4724.7,730
1778518500,4724.7,4726.3,4722.6,4726,725
1778518800,4726.2,4728.9,4726,4727.9,828
1778519100,4727.7,4729.7,4727,4727.3,632
1778519400,4727.2,4728.4,4725.3,4727.9,641
1778519700,4727.8,4728.9,4726.8,4726.9,497
1778520000,4727.1,4730.7,4726.5,4729.1,731
1778520300,4729.5,4731.5,4727,4727.7,1176
1778520600,4727.7,4733.7,4727.4,4732.5,1044
1778520900,4732.5,4733,4731.1,4731.1,438
1778521200,4731.3,4733.8,4730.5,4733.1,440
1778521500,4733.2,4734,4731.4,4731.9,553
1778521800,4731.9,4733.1,4731,4731.3,390
1778522100,4731.5,4733,4731.1,4733,215
1778522400,4733,4734.4,4731.8,4733.6,557
1778522700,4733.5,4736.5,4733.3,4735,622
1778523000,4735.1,4735.8,4731.2,4732.5,665
1778523300,4732.7,4733.7,4731.1,4732.5,371
1778523600,4732.8,4733.8,4729.6,4732.9,873
1778523900,4732.9,4737.7,4732.7,4736.3,565
1778524200,4736.4,4737.1,4735.7,4736,345
1778524500,4736.1,4738.6,4735.7,4735.7,492
1778524800,4736,4736.9,4734.7,4736,423
1778525100,4735.8,4736.2,4734.2,4735.5,355
1778525400,4735.4,4736.9,4734.7,4735.5,284
1778525700,4735.5,4738.4,4733.8,4733.9,628
1778526000,4734.2,4736.4,4733.1,4733.3,582
1778526300,4733.1,4737.6,4733.1,4736.2,394
1778526600,4736.5,4737.2,4733.2,4734,535
1778526900,4734.1,4734.9,4733.2,4734.2,372
1778527200,4734.2,4734.8,4732.8,4732.9,422
1778527500,4732.9,4733.9,4732.3,4733.9,341
1778527800,4733.9,4735,4731.6,4734,544
1778528100,4734,4737.3,4733.9,4737.3,524
1778528400,4737,4738.1,4736.4,4736.5,371
1778528700,4736.6,4741.2,4736.3,4740.9,980
1778529000,4740.9,4744.1,4740,4743.7,825
1778529300,4743.9,4746.3,4742.7,4743.2,1284
1778529600,4743.7,4747.6,4743.7,4746.8,777
1778529900,4746.4,4747,4743.2,4744.6,419
1778530200,4744.5,4746.9,4739.5,4744.8,901
1778530500,4744.8,4745.1,4743.6,4744.5,178
1778530800,4744.5,4744.7,4743.1,4744.6,131
1778531100,4744.6,4745.3,4743.4,4745.2,201
1778531400,4745.4,4748.7,4744.8,4747.9,449
1778531700,4747.8,4748.4,4747.2,4748,208
1778532000,4747.8,4748.1,4747.2,4747.4,360
1778532300,4747.5,4747.6,4746.7,4746.9,274
1778532600,4746.7,4746.7,4742.6,4744.8,463
1778532900,4744.9,4746,4744.2,4745.7,297
1778536800,4746,4752.9,4745.9,4750.5,1224
1778537100,4750.6,4753.5,4749,4750.8,582
1778537400,4751.2,4751.3,4747.8,4748.7,434
1778537700,4748.8,4749.5,4747,4748.4,546
1778538000,4748.1,4749.9,4747,4749.3,336
1778538300,4749.2,4752,4748.8,4749.3,420
1778538600,4749.3,4752.1,4748.5,4751.3,436
1778538900,4751,4752.6,4750.2,4751.5,467
1778539200,4751.4,4755.2,4751.3,4754.6,841
1778539500,4754.3,4764.7,4754,4761.2,2818
1778539800,4761.5,4763.3,4759.8,4762.3,813
1778540100,4762.6,4762.8,4759.2,4760.7,540
1778540400,4760.5,4764,4760.1,4760.4,953
1778540700,4760.7,4764.4,4760.3,4762.4,506
1778541000,4762.5,4762.9,4755.1,4760.4,1224
1778541300,4760.4,4764.1,4760.1,4761.8,689
1778541600,4761.7,4763.6,4760.4,4761.7,544
1778541900,4761.6,4764.8,4760,4762.4,732
1778542200,4762.6,4768,4761,4765.2,1370
1778542500,4765.4,4769,4763,4764.6,1001
1778542800,4764.9,4766.8,4763.9,4765.5,550
1778543100,4765.3,4770.7,4765,4769.9,1499
1778543400,4769.9,4780.2,4769,4775.4,3181
1778543700,4775.7,4779.1,4775.2,4777.1,1053
1778544000,4776.9,4777.1,4768,4774.7,2412
1778544300,4774.4,4778.5,4769.6,4777.7,1340
1778544600,4777.6,4779.7,4775.1,4776.7,1463
1778544900,4776.5,4783.5,4776.2,4780.7,1994
1778545200,4780.6,4782.8,4762.5,4770,3122
1778545500,4769.8,4776.2,4769,4772.1,1379
1778545800,4772,4774,4768.2,4768.6,1132
1778546100,4768.5,4772.9,4767.7,4769.3,943
1778546400,4769.7,4770.8,4767.1,4767.9,710
1778546700,4767.9,4772.3,4767.6,4769.6,925
1778547000,4769.2,4770.4,4761.3,4762.9,1312
1778547300,4762.8,4765.8,4758,4759.1,1738
1778547600,4759.2,4765.6,4751.5,4753.6,3202
1778547900,4753.5,4762.9,4752.8,4762.3,2157
1778548200,4762.3,4763,4754,4755.9,1691
1778548500,4756.3,4761.6,4753,4758.4,1754
1778548800,4758.5,4760,4753,4754.1,1217
1778549100,4753.9,4755.6,4743.3,4744.8,3122
1778549400,4744.8,4748.7,4740.2,4741.8,1856
1778549700,4741.7,4742.8,4732.7,4734.3,2869
1778550000,4734.6,4739.2,4729.5,4738.8,2788
1778550300,4738.9,4741.1,4735.5,4739.6,1686
1778550600,4739.5,4740.2,4736.5,4737.8,825
1778550900,4737,4739.3,4733.2,4736.5,1174
1778551200,4736.4,4740.2,4735.9,4738.2,1269
1778551500,4738.4,4739.9,4734.7,4739.6,793
1778551800,4739.2,4743.5,4738.1,4740.9,1259
1778552100,4740.6,4740.8,4735,4735.5,798
1778552400,4735.5,4739.1,4734.4,4739.1,739
1778552700,4739.1,4739.7,4733.8,4736.7,946
1778553000,4736.5,4739,4731.4,4735.8,1195
1778553300,4736,4738.5,4734,4736.3,643
1778553600,4736,4741.3,4734,4741.2,773
1778553900,4741.2,4742.9,4736.2,4738,1069
1778554200,4737.6,4742.9,4737.6,4741.2,905
1778554500,4741.8,4742.7,4739.4,4739.4,869
1778554800,4739.4,4742.6,4737.1,4738.8,1023
1778555100,4739.1,4740.1,4736.3,4737,526
1778555400,4737.1,4741.3,4736,4740.8,788
1778555700,4740.2,4740.6,4734.5,4735.1,439
1778556000,4735,4736.5,4732.1,4732.9,1033
1778556300,4733.1,4734.7,4732.1,4733,738
1778556600,4733.1,4735.5,4733,4735,537
1778556900,4734.9,4736.9,4734.1,4735.5,484
1778557200,4735.5,4736.5,4732.9,4733.2,504
1778557500,4733.2,4733.7,4728.1,4729.9,1471
1778557800,4729.9,4731.9,4727.6,4728.6,698
1778558100,4728.8,4729.7,4727,4729.4,642
1778558400,4729.4,4731.9,4728.7,4731.7,502
1778558700,4731.6,4733,4730.3,4731.4,617
1778559000,4731.5,4731.8,4730,4730.9,235
1778559300,4731.1,4739.4,4731.1,4736,1594
1778559600,4735.6,4738.5,4733,4734.4,632
1778559900,4734.1,4734.7,4730.6,4731.3,555
1778560200,4731.6,4733.6,4730.2,4732.2,478
1778560500,4732.4,4735.7,4732.2,4734.4,458
1778560800,4734.6,4735.2,4732.9,4733.9,211
1778561100,4733.7,4734.3,4727.3,4728.9,863
1778561400,4728.9,4729.7,4721.6,4722.6,1875
1778561700,4722.7,4725.9,4720.2,4723.1,1352
1778562000,4723,4727.8,4719.6,4727.5,1414
1778562300,4727.4,4727.7,4718.3,4719.9,1360
1778562600,4720,4721.9,4717.4,4721.3,1109
1778562900,4721.2,4724.8,4721,4722.1,908
1778563200,4722.3,4725.8,4722.3,4723.1,566
1778563500,4723,4724.4,4721.6,4723.9,411
1778563800,4724.4,4731,4721.6,4723.5,1631
1778564100,4724,4725.7,4721.6,4725,635
1778564400,4724.9,4725.4,4722.6,4723.9,425
1778564700,4723.7,4724.9,4721.8,4722.5,462
1778565000,4722.7,4724.6,4719.6,4722.4,870
1778565300,4722.4,4728.9,4718.5,4722.9,1361
1778565600,4723,4723,4712.2,4715.3,2622
1778565900,4714.9,4717.9,4711,4713.2,1394
1778566200,4712.9,4714.7,4711.1,4713.6,961
1778566500,4713.6,4715.4,4708.4,4713.2,1323
1778566800,4712.9,4713.7,4705.3,4706.6,1543
1778567100,4706.4,4707.4,4703.3,4704.1,1404
1778567400,4704.1,4712,4703.4,4710.8,1405
1778567700,4710.8,4713,4707.1,4709,1074
1778568000,4708.7,4710.7,4705.3,4710.3,999
1778568300,4710.2,4712.2,4703.6,4704.5,977
1778568600,4705.2,4708.2,4703.1,4706.8,1209
1778568900,4707,4707.5,4701.8,4705.2,1168
1778569200,4705,4706.3,4696.3,4698.9,2241
1778569500,4698.9,4703.3,4693.2,4702.8,1681
1778569800,4702.5,4706.3,4700.2,4703.9,1071
1778570100,4703.6,4707.9,4701.7,4707.1,716
1778570400,4707.3,4707.6,4704.5,4705,631
1778570700,4704.9,4707,4704.1,4705.8,484
1778571000,4705.8,4707.8,4703.5,4707.7,502
1778571300,4707.7,4708.7,4704.6,4708,569
1778571600,4708.1,4710.2,4707,4708.2,808
1778571900,4708.2,4708.8,4705.7,4707.6,516
1778572200,4707.2,4711,4706,4709.8,847
1778572500,4709.5,4711.9,4706.8,4707.6,765
1778572800,4707.6,4714.7,4707.6,4712.7,1351
1778573100,4712.5,4713.7,4709.7,4711.3,588
1778573400,4711.1,4711.5,4707.1,4708,596
1778573700,4707.8,4708.7,4704.9,4707,721
1778574000,4707.5,4712.2,4707.2,4709.9,469
1778574300,4709.8,4712.1,4709.4,4710.8,282
1778574600,4710.7,4712.4,4708.8,4708.9,446
1778574900,4709.1,4709.5,4705.8,4708.1,492
1778575200,4708.5,4709,4706.2,4707.9,388
1778575500,4707.7,4714.4,4706.6,4711.7,706
1778575800,4711.5,4713.5,4710.5,4711.1,526
1778576100,4711.4,4712.3,4710,4711.1,229
1778576400,4710.7,4711.3,4707.4,4709.6,495
1778576700,4709.1,4709.2,4706.6,4707.2,388
1778577000,4707.3,4709.6,4705.7,4705.7,469
1778577300,4705.8,4708.7,4705.7,4706.4,354
1778577600,4706.4,4710.1,4705.5,4709.6,381
1778577900,4709.3,4710,4705.2,4707.3,558
1778578200,4707.4,4713.5,4707.2,4710.2,1131
1778578500,4710.3,4710.7,4706.2,4709.7,598
1778578800,4709.9,4710.6,4702.5,4703.8,1076
1778579100,4703.6,4709.4,4702.5,4709.2,782
1778579400,4709,4710,4704.5,4705.4,563
1778579700,4705.1,4708.4,4705,4707.7,339
1778580000,4708,4712.4,4706.9,4712,737
1778580300,4712,4716.6,4710.8,4716.2,1038
1778580600,4716.2,4717.2,4712.5,4713.2,786
1778580900,4713.3,4713.6,4707.4,4709.3,760
1778581200,4709.5,4711.6,4708,4709.6,675
1778581500,4709.6,4711.3,4707.6,4708.4,576
1778581800,4708.7,4708.8,4700.4,4703.7,1720
1778582100,4703.7,4704.1,4691.6,4694.8,2000
1778582400,4694.7,4700.7,4693.4,4698.7,1109
1778582700,4698.7,4700.2,4697.2,4699.1,639
1778583000,4698.8,4702,4698.2,4700.7,493
1778583300,4700.9,4702.3,4699.1,4702.2,519
1778583600,4702.5,4703.2,4696.5,4698.8,1187
1778583900,4698.4,4701,4694.8,4699.6,1151
1778584200,4699.8,4705.9,4697.2,4699.3,1342
1778584500,4699.5,4705.9,4699.3,4705.7,720
1778584800,4705.5,4705.5,4700.6,4701.5,413
1778585100,4701.8,4708,4700.6,4707.7,701
1778585400,4707.8,4710.3,4705.4,4706.4,867
1778585700,4706.3,4712.6,4706.2,4712.3,733
1778586000,4712,4713.9,4710.2,4712.3,744
1778586300,4712.2,4715,4710.3,4713.4,770
1778586600,4713.3,4715.9,4712.1,4715.1,815
1778586900,4715,4717.2,4714.2,4714.5,701
1778587200,4714.7,4716.2,4711.2,4712.4,795
1778587500,4712.7,4712.7,4706.5,4708.5,1063
1778587800,4708.6,4714.5,4707.8,4713.6,922
1778588100,4713.5,4716.3,4710.2,4712.9,1190
1778588400,4712.4,4716.3,4704.6,4705,1314
1778588700,4704.6,4706.6,4702.7,4705.7,1207
1778589000,4706,4708.7,4697.1,4700.5,3343
1778589300,4700.7,4710.7,4698.4,4709.6,2170
1778589600,4709.6,4716.8,4709.1,4710.6,2173
1778589900,4711,4719.1,4710.6,4715.1,2528
1778590200,4715.2,4719.7,4714.7,4717.8,1880
1778590500,4717.6,4718.2,4708.2,4713.7,2384
1778590800,4713.7,4717.2,4703,4704.3,2439
1778591100,4704.2,4705.4,4700.4,4703.3,1997
1778591400,4703.6,4703.8,4695,4697.1,2310
1778591700,4696.9,4697.2,4686.8,4693.4,4284
1778592000,4693.5,4703.5,4693,4698.7,2403
1778592300,4698.6,4702.7,4696.9,4698.5,1507
1778592600,4698.4,4701,4692.4,4696.2,2594
1778592900,4696.2,4706,4691,4706,2876
1778593200,4706,4709.5,4703.4,4706.4,2437
1778593500,4706.9,4709.2,4697.3,4700.3,2629
1778593800,4700,4701.7,4695.5,4699,1529
1778594100,4699,4699.1,4684.3,4686.6,4175
1778594400,4686.7,4700.4,4683.4,4698,4129
1778594700,4698.3,4700.8,4695,4699.1,1576
1778595000,4699.1,4703.2,4694.3,4700.5,1844
1778595300,4700.8,4702,4693.5,4696.1,1809
1778595600,4696.1,4699.1,4694.4,4695.6,1036
1778595900,4695,4696.8,4690,4690.6,1794
1778596200,4690.8,4693,4679,4692,4454
1778596500,4691.9,4695.6,4686.3,4694.4,2168
1778596800,4694.3,4694.7,4691.1,4693.4,1048
1778597100,4693,4693.3,4685,4685.8,1398
1778597400,4685.6,4686.3,4678.2,4684.4,2840
1778597700,4684.3,4685.9,4676.5,4680.1,2020
1778598000,4680.1,4683.8,4674.4,4677.1,3206
1778598300,4676.8,4682.1,4674.7,4680.5,2128
1778598600,4680,4680.3,4671.2,4671.7,2500
1778598900,4671.9,4673.4,4665.7,4669.4,3834
1778599200,4669,4669.8,4645.8,4650.2,8009
1778599500,4650.3,4664.1,4645.3,4663.5,4095
1778599800,4663.3,4671.6,4661.1,4670.2,2955
1778600100,4670.1,4675.6,4666.6,4674.1,1920
1778600400,4674.1,4675.1,4670.6,4672.9,1377
1778600700,4673.1,4676.8,4671.7,4673.2,1082
1778601000,4673.3,4676.1,4671.8,4675,980
1778601300,4674.9,4677.6,4672.5,4673.3,1141
1778601600,4673.3,4678.9,4671.2,4677.8,1634
1778601900,4678.1,4678.5,4675.3,4676,780
1778602200,4675.9,4680.4,4675.4,4678.8,1012
1778602500,4678.8,4682.3,4678,4678.9,1162
1778602800,4678.8,4680.1,4673.6,4674.7,1236
1778603100,4674.9,4676.7,4673.4,4675.6,749
1778603400,4675.6,4676,4672.1,4675.5,837
1778603700,4675.7,4677.8,4674.6,4677.5,553
1778604000,4677.5,4678.6,4675.2,4676.7,532
1778604300,4676.7,4677.4,4673.7,4677.2,861
1778604600,4676.9,4679.5,4675.5,4677.2,629
1778604900,4677.2,4681.5,4676.7,4678.3,872
1778605200,4678.4,4684.9,4678.3,4683.3,1224
1778605500,4683.4,4686.9,4683,4685.6,1223
1778605800,4685.6,4686.3,4682,4684.1,1246
1778606100,4684.1,4688.2,4684,4687.1,895
1778606400,4687.2,4688.4,4686.5,4687.5,795
1778606700,4687.5,4689.6,4685.7,4686.6,1396
1778607000,4686.3,4687.4,4683.9,4685.8,736
1778607300,4686,4686.3,4683.2,4686.1,532
1778607600,4686,4687.9,4684.3,4686.7,451
1778607900,4686.9,4687.1,4684.8,4685.3,333
1778608200,4685.7,4687.1,4684.8,4686.7,443
1778608500,4686.9,4687.9,4685,4685.9,304
1778608800,4685.7,4690.9,4685,4685.7,1145
1778609100,4685.7,4687.3,4683.3,4687.1,665
1778609400,4687.1,4688.8,4684.7,4688.5,440
1778609700,4688.3,4690,4687.1,4689.3,542
1778610000,4689.3,4691.9,4689.1,4689.5,607
1778610300,4689.9,4695,4689.9,4692.6,1175
1778610600,4692.4,4697.5,4691.8,4697.3,897
1778610900,4696.9,4700.3,4696.3,4698.1,1153
1778611200,4698,4704.8,4697.7,4702.3,1466
1778611500,4702.5,4703.3,4697.7,4698.8,1034
1778611800,4699,4705.4,4698.8,4704.2,784
1778612100,4704,4705,4702.5,4703.1,502
1778612400,4703.5,4706.7,4703.4,4704.4,717
1778612700,4704.3,4707.3,4703.5,4706.1,514
1778613000,4706,4710,4705.3,4707,916
1778613300,4707.2,4709.8,4706.2,4709.3,744
1778613600,4709.5,4711,4707.3,4710.2,792
1778613900,4710.2,4711.8,4709.8,4710.8,627
1778614200,4710.9,4717,4710.9,4716.5,1370
1778614500,4716.3,4718.1,4715.6,4715.6,933
1778614800,4715.9,4717.4,4714.3,4717,573
1778615100,4717,4718.6,4716.4,4717.4,521
1778615400,4717.4,4721.3,4716.9,4720,930
1778615700,4720,4723.3,4719.5,4722.8,951
1778616000,4722.9,4727.2,4720.3,4720.8,1459
1778616300,4720.8,4722.4,4719.3,4721.2,688
1778616600,4721.3,4722.2,4719.5,4721,482
1778616900,4720.7,4723.5,4720.6,4721.1,276
1778617200,4721.2,4721.7,4719.8,4721,257
1778617500,4721.1,4721.7,4719.9,4720.5,192
1778617800,4720.4,4722.4,4720.3,4721.2,263
1778618100,4721.2,4722.7,4720.1,4721.4,285
1778618400,4721.7,4722.8,4719.3,4722.2,317
1778618700,4722.4,4723.2,4720.5,4722.6,316
1778619000,4722.6,4723.3,4720.7,4721,215
1778619300,4720.8,4723.4,4720.6,4722.8,419
1778623200,4722.6,4729.4,4721.3,4727.4,1084
1778623500,4727.3,4727.9,4720.3,4721.7,798
1778623800,4721.8,4723.3,4720.2,4722.2,533
1778624100,4722.5,4725,4721.6,4724.8,620
1778624400,4725.1,4727.4,4723.3,4724.3,697
1778624700,4724,4725.7,4722.6,4725.1,391
1778625000,4725.1,4728.5,4724,4726.4,588
1778625300,4726.5,4727.6,4724.2,4725.8,477
1778625600,4726,4727,4723.2,4724.2,571
1778625900,4724.3,4726.3,4724.2,4724.8,259
1778626200,4725.2,4730.4,4724.7,4728.6,820
1778626500,4728.5,4729,4724.5,4724.7,484
1778626800,4724.7,4728.5,4723.5,4728,731
1778627100,4727.9,4731.9,4725.5,4727.8,807
1778627400,4728,4729.6,4724.8,4725.1,732
1778627700,4725.1,4727.9,4724.9,4724.9,394
1778628000,4725.1,4730.3,4725.1,4730.3,531
1778628300,4730.1,4731.5,4726.6,4727.8,846
1778628600,4728.2,4729.2,4726.3,4726.8,512
1778628900,4727.1,4729.5,4723.9,4728.1,879
1778629200,4728.2,4729.1,4725.3,4728.6,418
1778629500,4728.8,4731.3,4722.9,4723.5,1189
1778629800,4724.3,4727.7,4723.3,4725.3,635
1778630100,4725.3,4726.4,4723.5,4724.9,446
1778630400,4724.5,4733.4,4722.3,4732.8,1863
1778630700,4732.6,4735.4,4728.1,4728.9,1374
1778631000,4728.9,4732.4,4728,4728.1,617
1778631300,4728.3,4733.6,4727.9,4732.7,1284
1778631600,4732.6,4734.6,4731,4732.9,816
1778631900,4733,4733.3,4728.7,4730.3,643
1778632200,4730.1,4732,4726.9,4728.4,881
1778632500,4728.1,4730.8,4724.8,4730.3,1036
1778632800,4730.2,4733.2,4727.9,4728.3,868
1778633100,4728.2,4728.2,4724.3,4724.9,620
1778633400,4724.8,4728.2,4722.9,4724.8,916
1778633700,4724.9,4726.7,4720.8,4722.9,1187
1778634000,4723,4725.4,4715.7,4719.6,3011
1778634300,4719.6,4721.7,4715.4,4721.4,1437
1778634600,4721.1,4724.5,4717.3,4717.9,1369
1778634900,4717.9,4719,4712.8,4714.9,1658
1778635200,4714.3,4718.1,4713,4715.7,1191
1778635500,4715.9,4716.1,4710.9,4712.8,1266
1778635800,4712.5,4713.9,4710.9,4713.3,1147
1778636100,4713.3,4715,4709.8,4714.3,1245
1778636400,4714.4,4719,4712.6,4717.1,1239
1778636700,4717.4,4719.2,4714.8,4718.2,781
1778637000,4718.1,4718.5,4714,4714.4,634
1778637300,4714.4,4715,4707.4,4710.6,1344
1778637600,4710.3,4716,4709.8,4714.6,941
1778637900,4714.7,4715.2,4706.5,4707.8,1262
1778638200,4708,4711.9,4707.7,4709.7,654
1778638500,4709.5,4711.9,4707,4711.1,940
1778638800,4710.9,4712.6,4709.6,4711.6,540
1778639100,4711.6,4712.3,4706.2,4708.5,727
1778639400,4708.7,4708.7,4704.2,4704.5,1246
1778639700,4704.4,4707.4,4703.2,4703.3,830
1778640000,4703.3,4706.3,4702.2,4702.7,636
1778640300,4702.8,4704.7,4701,4704.6,1235
1778640600,4704.7,4705.2,4697.3,4697.6,1757
1778640900,4697.7,4701.8,4696,4700.5,1424
1778641200,4700.1,4702.2,4697.3,4700.9,938
1778641500,4701,4701.8,4697,4697.5,472
1778641800,4697.9,4703,4697,4700.6,763
1778642100,4700.5,4702.6,4699.3,4702.3,623
1778642400,4702.2,4704.4,4701.9,4703.2,685
1778642700,4703.4,4709,4703.2,4708.9,1071
1778643000,4708.8,4712.6,4708.3,4711.9,1284
1778643300,4711.9,4714.8,4711.1,4712.2,809
1778643600,4712.4,4713.6,4711.5,4712,407
1778643900,4712.2,4713.1,4710.2,4710.6,682
1778644200,4710.6,4710.8,4705,4705.6,1064
1778644500,4705.3,4705.9,4702.3,4704.1,956
1778644800,4704,4706.3,4703.4,4705.3,604
1778645100,4705.4,4707.3,4703.6,4704.4,594
1778645400,4704.7,4706.5,4703.6,4706.3,276
1778645700,4706.1,4710.6,4705.9,4710.1,626
1778646000,4710,4711.7,4708.9,4709.2,453
1778646300,4709.5,4709.6,4708.1,4709.6,258
1778646600,4709.5,4711.5,4708.1,4708.3,350
1778646900,4708.1,4710.4,4705.9,4708.9,734
1778647200,4709.1,4709.1,4705.3,4707,338
1778647500,4706.8,4709.8,4706.5,4709.8,303
1778647800,4709.7,4710.2,4707.3,4709.9,332
1778648100,4710,4710.1,4706.6,4708,459
1778648400,4707.7,4714.9,4706.7,4714.9,860
1778648700,4714.9,4715.4,4711.7,4712.3,604
1778649000,4712.7,4715.4,4712.1,4713.6,414
1778649300,4713.3,4713.6,4708.4,4709.3,550
1778649600,4709.4,4711.9,4706.3,4707.6,599
1778649900,4707.5,4708.2,4705.8,4706.2,565
1778650200,4705.8,4710.7,4701.3,4708.2,1832
1778650500,4708.5,4710,4706.5,4709.1,512
1778650800,4708.6,4710.2,4704,4704.4,576
1778651100,4704.4,4707.6,4704.4,4706,571
1778651400,4706.2,4708.7,4703.8,4707.1,413
1778651700,4707.4,4713.1,4707.2,4711.5,868
1778652000,4711.6,4717.7,4710.8,4717.1,1350
1778652300,4717,4720.5,4714.9,4718.1,1398
1778652600,4718,4719.5,4716.3,4718.2,813
1778652900,4718.3,4723.2,4718.3,4720.6,1190
1778653200,4720.3,4720.8,4715.1,4716.3,1166
1778653500,4716.5,4717.9,4714.3,4716.4,600
1778653800,4716.4,4719.1,4715.3,4717.9,491
1778654100,4717.7,4720.6,4717,4719.3,529
1778654400,4719.5,4721.8,4718.4,4719.1,755
1778654700,4719.3,4720.4,4715,4716.4,740
1778655000,4716.4,4716.5,4710.3,4710.3,1541
1778655300,4710.6,4711.9,4707,4710,1224
1778655600,4710,4713.6,4708,4709.3,1428
1778655900,4709.1,4710.8,4704.5,4706.5,1232
1778656200,4706.6,4711.7,4705.5,4709.8,905
1778656500,4710.1,4714.9,4709.7,4713.5,793
1778656800,4713.5,4716.2,4711.7,4712.9,480
1778657100,4712.8,4716.6,4712.8,4715.6,452
1778657400,4715.2,4715.7,4712.3,4714.1,303
1778657700,4714.1,4715.5,4710.6,4711.2,385
1778658000,4711.6,4713.1,4710.9,4711.3,268
1778658300,4711.4,4712.6,4708.9,4711.3,425
1778658600,4711.4,4712,4709,4710.3,561
1778658900,4710.2,4711.8,4709.5,4710.5,263
1778659200,4710.4,4712,4708.3,4709,512
1778659500,4708.8,4709.5,4706,4708.2,582
1778659800,4708.5,4709.5,4706.6,4708,473
1778660100,4707.9,4708.6,4705.5,4706.6,485
1778660400,4706.6,4708.3,4706.2,4706.8,270
1778660700,4706.2,4707.1,4702.2,4704.6,897
1778661000,4704.8,4705.8,4701.8,4705.5,573
1778661300,4705.6,4707.4,4704.8,4706,500
1778661600,4705.9,4706.6,4702.2,4703.4,394
1778661900,4703.4,4706.1,4702,4705,705
1778662200,4705,4708.2,4704.6,4708.1,358
1778662500,4708.2,4710.2,4706.5,4707.9,656
1778662800,4708.1,4709.1,4705.4,4707.8,543
1778663100,4707.5,4707.8,4705,4705.9,417
1778663400,4705.7,4706.7,4700.7,4701.6,656
1778663700,4701.7,4702.6,4696.5,4698.1,1213
1778664000,4698.1,4699.7,4692.4,4694.1,1546
1778664300,4693.9,4699.5,4693.7,4696.1,1092
1778664600,4696,4699.2,4693.3,4695.7,1420
1778664900,4696.2,4700.6,4695.9,4698.6,842
1778665200,4698.5,4702.2,4697.8,4701.8,603
1778665500,4701.7,4704.6,4700.5,4704.3,625
1778665800,4704.7,4706.4,4704.2,4705.9,837
1778666100,4706.1,4708.9,4705.8,4708.8,634
1778666400,4708.6,4709.5,4706.4,4706.8,483
1778666700,4706.8,4718.3,4706.5,4716.7,1526
1778667000,4716.6,4717.2,4709.2,4709.8,1391
1778667300,4710,4711,4707.5,4708,653
1778667600,4708.4,4713.5,4707.8,4710.9,773
1778667900,4711,4711.3,4706.1,4707,635
1778668200,4706.9,4707.6,4702.7,4703.8,1024
1778668500,4703.6,4705,4702.7,4703.6,353
1778668800,4703.6,4704.9,4701.2,4703.1,488
1778669100,4703,4704.1,4701.5,4702.9,488
1778669400,4702.7,4704.4,4701.6,4702.2,310
1778669700,4702.6,4704,4700.8,4701.7,419
1778670000,4701.8,4703.1,4699,4700.6,718
1778670300,4700.6,4702.8,4698.8,4701.8,616
1778670600,4701.7,4706.9,4701.7,4706.6,931
1778670900,4706.4,4708.3,4703.5,4705.5,771
1778671200,4705.7,4708.4,4704.9,4706.3,623
1778671500,4706.3,4707.5,4704.9,4706.3,331
1778671800,4706.2,4711.2,4705.8,4710,905
1778672100,4710.3,4713.8,4710.1,4712.9,913
1778672400,4712.9,4712.9,4708.8,4711.2,493
1778672700,4711.2,4713.9,4710,4710,574
1778673000,4710,4710.2,4707.8,4708.9,463
1778673300,4708.5,4708.7,4705.1,4705.3,611
1778673600,4705.1,4707.9,4702.2,4707.6,813
1778673900,4707.2,4709.5,4705.2,4706.8,628
1778674200,4706.6,4706.6,4700.9,4701.5,876
1778674500,4701.4,4701.5,4696.4,4698.9,1744
1778674800,4698.8,4700.6,4691.6,4695,2446
1778675100,4694.8,4696,4690.4,4692.3,1628
1778675400,4692.4,4694.8,4682.3,4689.5,3866
1778675700,4689.5,4693,4684,4685.9,2818
1778676000,4685.7,4690.9,4684.7,4689.9,1588
1778676300,4690.1,4691.3,4684.5,4687.5,1576
1778676600,4687.7,4692.7,4687,4688.8,1098
1778676900,4688.1,4692.7,4685.7,4690.7,1209
1778677200,4690.8,4697.9,4690.5,4695.2,2353
1778677500,4695.3,4697.1,4692.5,4693.5,1326
1778677800,4693.5,4698.5,4692.3,4697.2,1125
1778678100,4696.9,4699.3,4693.6,4699.3,1097
1778678400,4699.2,4701.9,4697.3,4701.1,1323
1778678700,4701.3,4701.8,4695.3,4695.7,1255
1778679000,4695.6,4698.1,4689.1,4690.8,3224
1778679300,4691.1,4691.2,4679.7,4681.2,3998
1778679600,4681.4,4690.8,4680.5,4685.8,3098
1778679900,4685.6,4686.5,4676.1,4679.8,3450
1778680200,4679.7,4690,4676.8,4690,2696
1778680500,4689.9,4690.5,4684.5,4686.6,1774
1778680800,4686.4,4687.6,4679.6,4683.9,2308
1778681100,4683.8,4688,4681,4684.7,1920
1778681400,4684.6,4690.5,4684,4688.3,1373
1778681700,4688.2,4689.5,4680,4680.7,1668
1778682000,4680.8,4689.3,4680.3,4689,1341
1778682300,4688.8,4692.6,4688.3,4691.3,2244
1778682600,4691.2,4697.7,4689.9,4697.1,2278
1778682900,4697.2,4698.4,4691.6,4693.6,2058
1778683200,4693.4,4695.9,4690.6,4691,1410
1778683500,4691,4692.4,4684.3,4688.9,2488
1778683800,4688.8,4689.7,4685.2,4688.2,1036
1778684100,4688.1,4690.5,4685.8,4686.7,1054
1778684400,4687,4693.4,4685.9,4691.3,1331
1778684700,4691.4,4695.8,4689,4695.4,1307
1778685000,4695.5,4698,4693.1,4694.2,1412
1778685300,4694.5,4695,4692.3,4694.2,812
1778685600,4694.1,4697.2,4691.9,4695.2,780
1778685900,4695.2,4699.3,4694.5,4698.4,1081
1778686200,4698.4,4703.5,4693.8,4702.5,1764
1778686500,4702.6,4706.9,4701.8,4706.5,1781
1778686800,4706.3,4708.2,4704.4,4706.8,1445
1778687100,4707.1,4707.5,4703.6,4705.9,1078
1778687400,4706,4706.2,4702.2,4703.2,1010
1778687700,4703.3,4705.7,4702.2,4703.2,710
1778688000,4703,4707.3,4702.8,4705.6,1067
1778688300,4705.5,4709.7,4704.1,4708.6,1002
1778688600,4708.8,4710.9,4707,4710,1015
1778688900,4709.8,4711.6,4706.1,4707.2,1136
1778689200,4707.3,4717.6,4706.4,4714,1751
1778689500,4714.3,4717.9,4711.5,4714.8,1858
1778689800,4714.9,4715.7,4710.2,4711.9,1581
1778690100,4712,4712.3,4709.5,4710.8,744
1778690400,4710.7,4711,4707.5,4708,896
1778690700,4708,4709.9,4706.2,4707.5,702
1778691000,4707.6,4707.6,4703,4704.2,1167
1778691300,4704.2,4706.2,4702.9,4703.4,1132
1778691600,4703.7,4707.3,4703.4,4704.6,966
1778691900,4704.5,4707.9,4704,4707.5,954
1778692200,4707.2,4709,4706.4,4707.9,579
1778692500,4707.4,4707.8,4704.7,4707.7,596
1778692800,4707.8,4709.2,4705.2,4705.3,760
1778693100,4705.3,4708.3,4704,4706.1,1152
1778693400,4706.4,4706.4,4698.2,4698.7,2041
1778693700,4698.6,4700.9,4698.1,4699.3,1131
1778694000,4699.5,4701.9,4699,4699.5,807
1778694300,4699.6,4702.5,4698.1,4699.2,945
1778694600,4699.1,4700.5,4696.1,4697,1047
1778694900,4696.7,4697.8,4692.6,4693.5,1288
1778695200,4693.6,4697.7,4692.4,4695.9,1226
1778695500,4695.7,4699.7,4695.6,4698.9,729
1778695800,4698.9,4700.6,4698.4,4700.6,670
1778696100,4700.5,4702.1,4698.1,4698.8,718
1778696400,4698.6,4699.2,4696.5,4698.3,558
1778696700,4698.3,4700.2,4698,4699.8,439
1778697000,4699.8,4700.9,4698.1,4699.1,512
1778697300,4699,4699,4695.1,4698,891
1778697600,4697.8,4699.6,4693.4,4694.1,952
1778697900,4694.1,4695.6,4685.4,4687.5,2102
1778698200,4687.5,4695.3,4687.5,4694.9,1187
1778698500,4694.9,4696,4692.1,4692.7,887
1778698800,4692.7,4693.9,4691.7,4691.9,483
1778699100,4692,4694.6,4690.9,4694.4,550
1778699400,4694.4,4697.1,4693.2,4697.1,533
1778699700,4697,4698.7,4694.8,4696,598
1778700000,4696,4698,4695.5,4695.8,432
1778700300,4695.6,4696.3,4694.5,4694.9,359
1778700600,4695.1,4696.5,4692.2,4693.2,596
1778700900,4693.1,4697,4692.6,4696.9,380
1778701200,4696.7,4696.7,4694.9,4696.3,211
1778701500,4696.2,4697.2,4695.1,4697.2,266
1778701800,4696.8,4696.8,4691.7,4693.4,813
1778702100,4693.7,4696.9,4693.6,4696.1,555
1778702400,4696,4696.8,4693.7,4694.7,547
1778702700,4694.7,4697.3,4694.7,4696.8,272
1778703000,4697.1,4699.1,4697.1,4699,263
1778703300,4698.8,4699.1,4697.9,4699,250
1778703600,4699,4701.4,4698.7,4700.9,329
1778703900,4700.7,4701.5,4699,4699.3,235
1778704200,4699.4,4701,4697.2,4697.8,354
1778704500,4697.8,4699.3,4697.3,4699.3,171
1778704800,4699.4,4699.7,4697.6,4698.6,158
1778705100,4698.4,4699.1,4696.5,4696.7,352
1778705400,4696.7,4697.4,4695.6,4696.1,302
1778705700,4695.8,4697.6,4695.7,4696.8,193
1778709600,4696.8,4701,4695.4,4699.9,587
1778709900,4699.9,4700.8,4695.7,4696.3,441
1778710200,4696.6,4698,4695.5,4697.5,311
1778710500,4697.7,4702.8,4697.4,4701,683
1778710800,4701.2,4703.3,4700.7,4702.4,392
1778711100,4702.2,4704.1,4702.1,4703.5,433
1778711400,4703.5,4705.5,4701.6,4703.5,550
1778711700,4703.5,4706.1,4703.2,4704.9,381
1778712000,4705.1,4707,4704.4,4705.5,375
1778712300,4705.5,4706.3,4703.1,4704.2,589
1778712600,4704.2,4707.4,4704.1,4706.5,423
1778712900,4706.8,4707.4,4705.7,4706.7,279
1778713200,4706.6,4707.9,4705.7,4705.8,456
1778713500,4706,4708.3,4705.8,4707.6,401
1778713800,4707.5,4709,4707.5,4708.3,315
1778714100,4707.9,4708.4,4707,4707.5,172
1778714400,4707.6,4708,4706,4706.3,217
1778714700,4706.3,4706.3,4703.2,4703.8,825
1778715000,4703.8,4704.3,4700.7,4702.1,782
1778715300,4702.1,4703.9,4701.6,4702.9,378
1778715600,4702.7,4704.6,4701.4,4701.6,717
1778715900,4701.3,4703.4,4699.8,4700,817
1778716200,4700.8,4702.6,4699.9,4702.5,230
1778716500,4702.5,4703.8,4701.3,4703.2,374
1778716800,4703.2,4706.3,4696.2,4698.6,2063
1778717100,4698.4,4704.3,4697.6,4702.9,1226
1778717400,4702.9,4705.6,4700.8,4704.4,545
1778717700,4704.4,4712.5,4704.3,4708.1,1993
1778718000,4707.9,4709.6,4706.4,4708.7,614
1778718300,4708.8,4709.3,4706.3,4707.8,461
1778718600,4707.8,4710.2,4703.6,4704.2,935
1778718900,4704.4,4704.4,4701.1,4702.4,852
1778719200,4702.7,4707.9,4699.7,4706.9,1127
1778719500,4706.9,4711.7,4706.8,4710.5,1042
1778719800,4710.5,4711,4706.3,4707.9,681
1778720100,4707.9,4713.9,4707.6,4712.2,972
1778720400,4712,4714.2,4701.1,4705.6,2930
1778720700,4705.4,4705.8,4692.8,4695.2,3303
1778721000,4695.4,4699.4,4690.7,4695.5,2639
1778721300,4695.8,4701.4,4693.8,4695.1,2117
1778721600,4695.4,4699.6,4695,4698.9,1103
1778721900,4699.3,4702.2,4697.8,4699.3,888
1778722200,4699.3,4701.5,4696,4699.4,1110
1778722500,4699.5,4701.2,4693.4,4695.4,1295
1778722800,4695.7,4696.7,4690,4695.4,1617
1778723100,4695.5,4701.8,4693.5,4701.4,1153
1778723400,4701.6,4701.6,4690.2,4692.4,1450
1778723700,4692.2,4696,4690.6,4695.3,1166
1778724000,4695.5,4700.6,4693.7,4700.4,972
1778724300,4700.6,4700.6,4695.4,4697.5,667
1778724600,4697.5,4697.6,4693.1,4694.6,668
1778724900,4694.7,4697.8,4693.5,4696.4,489
1778725200,4696.6,4698.1,4695.9,4697.7,330
1778725500,4697.6,4701,4696.3,4700.3,1072
1778725800,4700.4,4704.8,4697.6,4704.6,1277
1778726100,4704.5,4706.6,4701.2,4701.6,1068
1778726400,4701.8,4703,4695.9,4698.3,1140
1778726700,4698.1,4699.9,4686.9,4688.7,2121
1778727000,4688.9,4694.1,4685.9,4693.4,1409
1778727300,4693.5,4694.6,4690.9,4692.7,652
1778727600,4692.8,4696.6,4691.5,4693.1,790
1778727900,4693.8,4694.1,4687.9,4690.7,1032
1778728200,4690.8,4692,4687.7,4689.2,995
1778728500,4689,4692.7,4688.5,4689,634
1778728800,4688.6,4694.4,4687.5,4694.2,1016
1778729100,4694.1,4699.5,4694.1,4697.1,1385
1778729400,4697.4,4697.8,4688.9,4690.9,1256
1778729700,4691,4692.6,4685.1,4686.6,1063
1778730000,4686.5,4687.2,4681.6,4682.3,1404
1778730300,4682.4,4683.8,4680,4682.7,1109
1778730600,4682.6,4683.3,4680.2,4681.1,571
1778730900,4681.2,4682.8,4679.7,4681,665
1778731200,4680.8,4680.8,4673,4678.4,2444
1778731500,4678.5,4686.1,4678,4684.9,1314
1778731800,4684.6,4688.3,4683,4688,1133
1778732100,4688,4689.7,4687.4,4689.3,629
1778732400,4689.2,4698.3,4689.2,4697.5,1759
1778732700,4697.4,4713.7,4697.2,4708.6,4385
1778733000,4708.4,4717.2,4707.5,4715.3,2039
1778733300,4715.4,4719.5,4713.1,4714.3,2038
1778733600,4714.3,4714.6,4709.6,4711.5,1025
1778733900,4711.7,4713.8,4709.8,4711.8,793
1778734200,4711.9,4712.7,4710.2,4712.3,482
1778734500,4712.7,4713.4,4708.9,4709.2,711
1778734800,4709.2,4709.9,4706.5,4707.6,989
1778735100,4707.4,4711.3,4707.2,4708,847
1778735400,4708.6,4710.8,4706.6,4706.6,531
1778735700,4706.8,4707.2,4704.2,4704.5,879
1778736000,4704.7,4705.8,4703.7,4704.4,645
1778736300,4704.5,4704.5,4700.1,4700.6,1036
1778736600,4700.4,4708.4,4700,4705.5,2000
1778736900,4705.5,4707.6,4703.5,4706.8,661
1778737200,4707.1,4707.9,4703.6,4704.1,592
1778737500,4704.5,4710.4,4704.2,4707.3,925
1778737800,4707.2,4708.6,4705,4705.5,452
1778738100,4705.3,4705.4,4695.8,4696.7,1498
1778738400,4696.6,4700.4,4694.1,4699.8,1574
1778738700,4700,4701.5,4694,4697.7,1242
1778739000,4697.8,4698.8,4692.7,4694.7,844
1778739300,4694.5,4696.3,4693.2,4695.3,619
1778739600,4695.1,4697.8,4695,4697.2,510
1778739900,4697.1,4700,4696.5,4697.9,635
1778740200,4698.1,4701.6,4697.2,4700.9,548
1778740500,4700.9,4702.2,4698.1,4701.1,590
1778740800,4701,4706.5,4698.3,4705.7,981
1778741100,4705.8,4709.4,4701.5,4702.2,1401
1778741400,4702.2,4708.3,4702.2,4706.5,637
1778741700,4706.6,4708.3,4705.3,4707.1,508
1778742000,4706.9,4709.3,4703.5,4705.8,894
1778742300,4705.9,4707.3,4702.7,4705.7,713
1778742600,4705.8,4707.2,4700.7,4701.8,654
1778742900,4702.1,4706.2,4701.5,4704.1,795
1778743200,4704.3,4707,4701.6,4706.2,486
1778743500,4706.4,4713.4,4705.7,4711.9,1256
1778743800,4712.5,4717.4,4709.3,4716.9,1537
1778744100,4717,4725.8,4716.8,4719.2,2818
1778744400,4719.4,4721.9,4716.1,4716.3,1176
1778744700,4716.3,4716.8,4710.3,4711.3,945
1778745000,4711.4,4711.4,4702,4706.5,2123
1778745300,4706.9,4708.5,4697.5,4700.1,1721
1778745600,4699.7,4707.7,4698.7,4704.3,1611
1778745900,4704.5,4706.9,4703,4704.2,558
1778746200,4704.2,4707.6,4702.3,4706.1,650
1778746500,4706.2,4708.7,4705.8,4706.3,634
1778746800,4706.6,4708.5,4704.4,4707.6,615
1778747100,4707.9,4711.7,4707.5,4710,781
1778747400,4710.1,4712.9,4708.4,4709.2,650
1778747700,4709.2,4713.7,4708.6,4708.8,894
1778748000,4708.7,4709.7,4702.4,4703.4,910
1778748300,4703.5,4704.4,4700.8,4702,747
1778748600,4702,4703.2,4700.1,4701.5,453
1778748900,4701.5,4703.8,4699.5,4700,562
1778749200,4700.2,4700.9,4696.6,4699.3,894
1778749500,4699.3,4703.4,4697.4,4702.8,661
1778749800,4703.1,4704.9,4699.8,4701.1,691
1778750100,4701.1,4703.6,4700.8,4702.3,276
1778750400,4702.5,4703.3,4699.6,4700,228
1778750700,4700,4701.2,4697.1,4697.4,716
1778751000,4697.1,4701.3,4695.3,4701.2,916
1778751300,4700.8,4700.9,4694.6,4698.8,830
1778751600,4698.9,4703.8,4698.4,4702,527
1778751900,4702.4,4707.3,4702.4,4706.8,757
1778752200,4706.6,4709.1,4704.7,4705.6,742
1778752500,4705.3,4708.2,4704.9,4706,381
1778752800,4706.2,4706.8,4705,4706,260
1778753100,4706.2,4707.2,4704.5,4705,343
1778753400,4704.8,4711.8,4702.3,4703.7,1249
1778753700,4704,4705,4701.5,4703.3,496
1778754000,4702.8,4704.1,4700,4700.9,327
1778754300,4700.9,4704.8,4700.6,4704,377
1778754600,4704.1,4704.6,4701.7,4703.3,237
1778754900,4703.3,4704.1,4701,4702.6,286
1778755200,4702.7,4702.7,4698.5,4700,551
1778755500,4700.1,4701.4,4698.3,4699.4,321
1778755800,4699.5,4704.3,4697.6,4702.8,731
1778756100,4703.1,4704.1,4701.9,4703.8,454
1778756400,4703.6,4705.4,4701.2,4701.2,473
1778756700,4701.4,4705.6,4699,4703.9,518
1778757000,4703.8,4704.3,4702.5,4704,268
1778757300,4703.8,4704.1,4701.1,4701.7,281
1778757600,4701.5,4703.3,4699.6,4700,331
1778757900,4699.9,4700.6,4695.7,4698.2,763
1778758200,4698.5,4701.5,4697,4700.1,387
1778758500,4700,4702.4,4699.2,4702.1,207
1778758800,4701.9,4703.8,4701.4,4701.7,386
1778759100,4701.7,4707,4701.4,4704.8,766
1778759400,4704.8,4711.3,4704.3,4711.1,1020
1778759700,4710.7,4711.5,4700.5,4700.5,1408
1778760000,4700.3,4704.5,4698.7,4702.7,1222
1778760300,4702.6,4705.4,4700.1,4703.8,568
1778760600,4703.9,4710.4,4703.1,4710.3,1094
1778760900,4710.5,4710.5,4705.3,4708.2,840
1778761200,4708.1,4715,4707.9,4712.4,1870
1778761500,4712.1,4712.9,4708.3,4708.7,808
1778761800,4709,4715.2,4707.4,4712.3,1660
1778762100,4712.6,4716.9,4710.1,4713.4,2366
1778762400,4713.5,4714.2,4704.4,4704.8,1327
1778762700,4704.4,4710,4702.5,4709.7,1475
1778763000,4709.8,4712.1,4708.3,4710.3,889
1778763300,4710.4,4713.4,4709.7,4711.9,839
1778763600,4712,4714.9,4702.4,4703.9,2441
1778763900,4703.8,4709.9,4703.2,4708,1202
1778764200,4707.7,4711.7,4707.7,4711,979
1778764500,4710.8,4711,4697.8,4700,1984
1778764800,4699.7,4701.8,4696.3,4701.4,1951
1778765100,4701.4,4703.7,4694,4694.5,1860
1778765400,4694.6,4695.9,4687.7,4690.5,4389
1778765700,4690.6,4693.6,4686.4,4688.6,2435
1778766000,4689,4689.4,4671.3,4682.7,7267
1778766300,4682.3,4696.4,4681.5,4695.2,4725
1778766600,4695.2,4697,4686.3,4691.2,3123
1778766900,4691.4,4692.5,4684.5,4685.4,2248
1778767200,4685.1,4695.3,4683.3,4691.8,3855
1778767500,4692,4692.9,4686.4,4691.6,2095
1778767800,4691.7,4696.5,4691.2,4693.9,1451
1778768100,4694,4701.5,4693,4700.9,2043
1778768400,4700.7,4707.2,4699.3,4700.9,2564
1778768700,4701,4701.5,4694.4,4697.9,1768
1778769000,4698,4698.5,4693.2,4694.4,1165
1778769300,4694.6,4697.2,4692.1,4696.1,1096
1778769600,4695.7,4698.8,4692.4,4693.3,1155
1778769900,4693.1,4695.3,4690.9,4693.5,1215
1778770200,4693.5,4696.8,4688.9,4691.4,1450
1778770500,4691.5,4694.7,4685.4,4685.5,1383
1778770800,4685.8,4688.9,4682.8,4684.5,1933
1778771100,4684.1,4689.9,4684.1,4689.6,1064
1778771400,4689.9,4692.7,4688.1,4690.8,939
1778771700,4690.6,4695,4690.3,4693.6,833
1778772000,4693.7,4693.8,4690.2,4691.9,674
1778772300,4692.1,4695.6,4691.4,4691.9,899
1778772600,4692.2,4695,4690.7,4695,725
1778772900,4694.9,4695.3,4691.2,4692.8,637
1778773200,4692.8,4693.6,4686.9,4688.6,1211
1778773500,4688.5,4689.8,4686.8,4689.5,725
1778773800,4689.7,4691.4,4687.2,4690.6,632
1778774100,4690.8,4692.9,4689.7,4691.9,545
1778774400,4692.1,4693.4,4684.3,4685.2,1207
1778774700,4684.8,4685.7,4680.6,4683.5,1690
1778775000,4683.5,4685.6,4680.2,4684.9,1029
1778775300,4684.6,4687.6,4684.6,4686.1,573
1778775600,4686.2,4686.9,4683.2,4683.7,551
1778775900,4683.9,4684,4681.4,4683.2,647
1778776200,4683.5,4684.6,4679.7,4680.5,993
1778776500,4680.2,4681.1,4676.2,4679,1546
1778776800,4679,4682.2,4678.5,4681.5,627
1778777100,4681.4,4682.9,4678.6,4682.2,878
1778777400,4682.3,4684.8,4681.1,4683.4,552
1778777700,4683.3,4685.2,4681.3,4684.6,586
1778778000,4684.5,4689.1,4684.5,4687.2,1089
1778778300,4687.4,4688.9,4686.1,4686.3,631
1778778600,4686.3,4687.6,4684.5,4684.7,477
1778778900,4684.6,4687.3,4684.4,4686.3,487
1778779200,4686.2,4689.9,4685.8,4687,621
1778779500,4686.9,4688.6,4683,4683.5,1229
1778779800,4683.7,4685.4,4682.3,4685.4,751
1778780100,4685.4,4686.3,4684.6,4684.8,262
1778780400,4685.2,4687.8,4685.2,4687.7,326
1778780700,4687.8,4688.1,4685.9,4687.2,367
1778781000,4687.3,4687.6,4684,4684.5,388
1778781300,4684.2,4685.5,4683.8,4684.4,300
1778781600,4684.5,4684.5,4674.6,4676.1,1885
1778781900,4675.9,4680.2,4674.5,4678.2,1066
1778782200,4678,4680.9,4677.2,4680.6,603
1778782500,4680.5,4682.1,4679.7,4681.5,442
1778782800,4681.8,4682.5,4679.9,4680.9,550
1778783100,4680.8,4681.6,4678.7,4679.5,432
1778783400,4679.5,4680.8,4678.3,4678.7,610
1778783700,4678.9,4679.6,4676.1,4676.1,661
1778784000,4676,4677.9,4674.2,4674.2,1034
1778784300,4674.5,4675.8,4672.3,4675.3,1142
1778784600,4675.4,4676.2,4673.9,4674,336
1778784900,4673.9,4677.9,4673.7,4677.3,492
1778785200,4677.5,4677.5,4673.6,4674.5,617
1778785500,4674.5,4675,4672.3,4674.6,818
1778785800,4674.8,4674.9,4672,4672.9,556
1778786100,4672.9,4673.7,4670,4672.9,1054
1778786400,4672.9,4674.8,4672.2,4673.3,697
1778786700,4673.2,4674.6,4667.9,4668.7,1291
1778787000,4668.9,4671,4666.5,4670.1,1215
1778787300,4670.2,4670.3,4664.3,4665,1335
1778787600,4664.7,4666.2,4661,4662,1738
1778787900,4662.1,4663,4658,4662.7,1963
1778788200,4662.3,4664.3,4661,4663.4,883
1778788500,4663.7,4663.7,4658.4,4659.6,1301
1778788800,4659.7,4662.8,4654.2,4654.9,1525
1778789100,4655,4657.2,4654.3,4656.8,855
1778789400,4657.1,4657.7,4654.4,4654.9,608
1778789700,4654.8,4656.2,4653.2,4654.6,342
1778790000,4654.2,4656,4653.4,4653.9,295
1778790300,4653.9,4653.9,4651.9,4653.2,572
1778790600,4653.2,4653.7,4651.7,4652.6,419
1778790900,4652.9,4653.6,4649.3,4651.2,949
1778791200,4651.2,4658.3,4650.6,4655.6,865
1778791500,4655.8,4657.5,4655.1,4655.3,498
1778791800,4655.4,4656.3,4654.3,4656.1,305
1778792100,4656,4657.5,4655.3,4655.3,438
1778796000,4655.4,4660.8,4650.1,4657,1381
1778796300,4657.1,4662.3,4655.5,4660.3,1231
1778796600,4660.3,4662.4,4658.3,4659.5,818
1778796900,4659.6,4663.6,4659.3,4663.3,823
1778797200,4663.3,4663.5,4661.5,4661.9,501
1778797500,4661.8,4663.5,4661.2,4662.7,431
1778797800,4662.9,4666.6,4662.7,4664.7,952
1778798100,4664.9,4665.8,4663,4664.8,530
1778798400,4664.8,4666.7,4664.2,4666.2,454
1778798700,4666.2,4666.4,4665,4665.4,360
1778799000,4665.2,4667.1,4663.9,4667,519
1778799300,4666.7,4667.1,4666.1,4666.7,225
1778799600,4666.6,4667.8,4665.1,4667.7,598
1778799900,4667.6,4667.7,4665,4665.3,306
1778800200,4665.1,4667.3,4662.9,4663.3,854
1778800500,4663.5,4664.6,4660,4662.9,1092
1778800800,4662.9,4663.6,4659.6,4662.2,627
1778801100,4662.2,4669,4662,4668.3,1217
1778801400,4668.1,4669.8,4654.3,4655.2,2606
1778801700,4655.2,4657.8,4650.6,4657.2,1448
1778802000,4657.3,4661.8,4656.3,4661.8,764
1778802300,4661.8,4661.9,4656.4,4659,966
1778802600,4658.7,4659.5,4655.2,4656.3,809
1778802900,4656.3,4656.6,4652.2,4656.3,1361
1778803200,4656.5,4658.6,4646.5,4653.6,3221
1778803500,4653.9,4656.7,4650.7,4654.9,1220
1778803800,4655.2,4655.6,4648.8,4654.8,1271
1778804100,4654.9,4662.7,4653.3,4659,3265
1778804400,4658.6,4659.4,4649,4649.3,1446
1778804700,4649.2,4649.6,4632.2,4634.6,5756
1778805000,4634.8,4635.2,4626.5,4629.3,4372
1778805300,4629,4630.4,4623.6,4627.2,2662
1778805600,4627.1,4627.6,4618.3,4624.1,3380
1778805900,4624.1,4632.9,4624.1,4632.7,2624
1778806200,4632.7,4632.9,4621.8,4624.7,2467
1778806500,4624.9,4635.8,4621.9,4635.1,2827
1778806800,4635.2,4636.7,4624,4627.8,4311
1778807100,4627.6,4629.7,4613.8,4614.7,4282
1778807400,4614.5,4620.3,4612.4,4619.3,2943
1778807700,4619.4,4625.6,4613.4,4624.3,2998
1778808000,4624.1,4630.7,4620.7,4625.2,2416
1778808300,4624.7,4626.1,4612.1,4613.2,2483
1778808600,4613.1,4620.8,4611.7,4620.3,2294
1778808900,4620.3,4625.4,4618,4621.6,1949
1778809200,4621.8,4627.2,4621.4,4627.2,1276
1778809500,4627.1,4628.7,4618.2,4620.3,1920
1778809800,4620.3,4622,4610,4614.2,2971
1778810100,4614.2,4620.6,4614,4617.9,2220
1778810400,4617.6,4619.2,4613.5,4618.5,1828
1778810700,4618.2,4622.7,4616.6,4622.3,1287
1778811000,4622.6,4623.2,4617,4617.4,1066
1778811300,4617.1,4620.5,4613,4618.2,1570
1778811600,4617.8,4620.8,4616.3,4618.1,727
1778811900,4618.2,4619.2,4615.4,4616.6,640
1778812200,4616.1,4618.9,4613.5,4616.4,979
1778812500,4616.1,4620.5,4616,4616.9,1185
1778812800,4616.8,4622,4614.7,4621.9,948
1778813100,4622,4622.9,4615.4,4618.5,1122
1778813400,4618.3,4625.5,4616.1,4624.9,1572
1778813700,4625,4627.3,4621.3,4622,1210
1778814000,4621.9,4625,4617.9,4623.5,1551
1778814300,4623.5,4626.2,4620.7,4621.3,984
1778814600,4621.7,4624.2,4620.2,4621.6,687
1778814900,4621.4,4622.5,4618.2,4618.8,825
1778815200,4618.6,4619.2,4613.5,4617.9,1423
1778815500,4617.8,4618.6,4615.8,4616.9,476
1778815800,4616.8,4618,4611.1,4613,1088
1778816100,4613,4619.9,4612.5,4618.4,976
1778816400,4618.5,4621.6,4617.6,4617.6,717
1778816700,4617.6,4619.8,4616.6,4619.8,408
1778817000,4619.7,4621.5,4616.7,4617,712
1778817300,4616.9,4621,4614.4,4619.4,672
1778817600,4619.6,4620.6,4617,4618.4,493
1778817900,4618.3,4625.6,4618,4625.3,1098
1778818200,4625.6,4625.6,4622.3,4624.1,659
1778818500,4624.1,4624.8,4618,4618.2,950
1778818800,4618.2,4618.2,4611.4,4614.8,1478
1778819100,4615,4616.8,4613.5,4614.9,724
1778819400,4614.7,4619,4614.6,4618.3,565
1778819700,4618.6,4619,4614.7,4615.5,557
1778820000,4615.3,4617.5,4608.3,4609.8,1145
1778820300,4610.2,4614,4609,4613.8,820
1778820600,4613.6,4616.8,4612.1,4612.2,737
1778820900,4612.3,4612.8,4608.8,4609.8,832
1778821200,4610.3,4610.6,4603.1,4604.2,2290
1778821500,4604.3,4605.6,4596.4,4597.1,3153
1778821800,4597,4597.7,4592.3,4596,2268
1778822100,4596.1,4599.4,4585.5,4587.2,2648
1778822400,4587.2,4593.4,4584.7,4589,2728
1778822700,4588.8,4594.4,4587.5,4593,1613
1778823000,4592.8,4594,4571.4,4573.7,5124
1778823300,4573.7,4576.5,4567.6,4573.2,4032
1778823600,4573.4,4579.8,4570,4572.5,2660
1778823900,4572,4574.6,4565.7,4567.4,3047
1778824200,4567.8,4577.2,4567.8,4573,1642
1778824500,4572.9,4574.9,4560.6,4562.8,2436
1778824800,4562.5,4569,4560,4567.5,2967
1778825100,4567.5,4574,4565.5,4570.4,2166
1778825400,4570.2,4576.9,4567.6,4575,2216
1778825700,4574.7,4582.1,4573.9,4579.4,2726
1778826000,4578.8,4582.4,4576.7,4578.7,1923
1778826300,4579,4581.9,4576.3,4579.1,1294
1778826600,4579.1,4584.9,4578.1,4579.2,1567
1778826900,4579.4,4580.3,4574.6,4576.3,1535
1778827200,4576.6,4577.4,4571.2,4572,1113
1778827500,4572,4578.6,4568.5,4577.2,1728
1778827800,4576.9,4578.4,4572.7,4573.2,1111
1778828100,4573.3,4575.2,4570.1,4574.1,1189
1778828400,4574.2,4576.7,4569.8,4574.3,1492
1778828700,4574.1,4581.5,4573.6,4581.1,1877
1778829000,4581,4591,4580.3,4590.8,2689
1778829300,4590.9,4592.4,4587,4591,1751
1778829600,4591.2,4593.5,4587,4587.3,1432
1778829900,4587.3,4588.6,4584.1,4586.7,1495
1778830200,4586.6,4587.6,4582.1,4584.1,1041
1778830500,4584.1,4587.5,4579.3,4582.4,1200
1778830800,4582,4583.9,4580.3,4582.6,905
1778831100,4582.6,4584,4578.5,4580.1,861
1778831400,4579.8,4579.8,4573.4,4575.7,1422
1778831700,4575.5,4578.1,4573.4,4575.8,963
1778832000,4575.6,4576.9,4561.6,4565.2,2641
1778832300,4565.3,4572.5,4564.2,4570.8,1851
1778832600,4570.8,4571.2,4567.8,4569.7,879
1778832900,4569.4,4569.8,4556.8,4561,3253
1778833200,4560.7,4565.3,4558,4564.2,1654
1778833500,4563.8,4565.5,4560.1,4562.6,1015
1778833800,4562.3,4562.3,4553.2,4559.8,2612
1778834100,4559.6,4563.6,4557.5,4562.7,1548
1778834400,4563.2,4567.5,4562.2,4567.3,1425
1778834700,4567.1,4568.4,4562.8,4567,743
1778835000,4567,4567.2,4561.1,4562.5,720
1778835300,4562.3,4562.7,4556.6,4559,1020
1778835600,4559,4563,4554.4,4562.6,1709
1778835900,4562.3,4568.2,4557.4,4559.1,1442
1778836200,4559.4,4559.9,4549.5,4551.5,1863
1778836500,4551.5,4553.4,4543.3,4550.5,2470
1778836800,4550.6,4556.8,4548.4,4555.8,1528
1778837100,4555.7,4558.8,4554.1,4557.5,1218
1778837400,4557.4,4559.8,4555.9,4557.3,1056
1778837700,4557.7,4557.7,4548.3,4550.8,1432
1778838000,4550.5,4553.2,4546.5,4548,1169
1778838300,4547.5,4548.1,4541.5,4541.9,1879
1778838600,4541.7,4546.9,4535.7,4546.2,2567
1778838900,4546.4,4550.9,4542,4549.7,1222
1778839200,4550.1,4553.8,4547.9,4550.4,1356
1778839500,4550.1,4563.7,4549.9,4562.5,1744
1778839800,4562.5,4566.8,4559.8,4564.9,1406
1778840100,4565.1,4567.5,4560.8,4561.4,1186
1778840400,4561.5,4566.2,4559.5,4560.2,1453
1778840700,4560.4,4561,4555.6,4555.8,1102
1778841000,4555.6,4561,4554.9,4558.8,1064
1778841300,4558.9,4558.9,4554.8,4556.3,663
1778841600,4556.2,4559.6,4553.6,4559.2,1008
1778841900,4559.2,4567.8,4558.2,4563.6,2364
1778842200,4563.3,4576.8,4561.4,4573.3,3123
1778842500,4573.2,4574.3,4567.9,4570.9,1482
1778842800,4570.7,4574.8,4566.1,4566.1,1377
1778843100,4566.1,4570.7,4565.2,4568.7,1204
1778843400,4568.2,4573.3,4567.9,4570.7,1110
1778843700,4570.9,4573.5,4567.8,4568.7,730
1778844000,4568.7,4569.9,4567.2,4569.2,554
1778844300,4569,4569,4563.4,4566.8,839
1778844600,4567,4567,4562.8,4564.2,676
1778844900,4563.8,4564.7,4558,4558.5,1122
1778845200,4558.5,4559.2,4555.3,4555.9,956
1778845500,4555.9,4563.2,4555.6,4561.1,1268
1778845800,4561,4563.4,4557.9,4558.5,659
1778846100,4558.5,4558.5,4554.2,4556.2,919
1778846400,4556.2,4556.4,4550,4554.4,1566
1778846700,4554.7,4557.5,4553,4557.4,918
1778847000,4557.5,4559.4,4549.3,4549.9,1494
1778847300,4550,4555.6,4549.1,4552.6,1507
1778847600,4552.7,4562.9,4551.9,4559.7,2332
1778847900,4559.7,4562,4557,4558.6,793
1778848200,4558.7,4559.1,4552.1,4554,1431
1778848500,4553.4,4557.8,4551.6,4552.3,1523
1778848800,4552,4554.1,4546.8,4549.6,2040
1778849100,4549.5,4555.9,4547.3,4553.5,1381
1778849400,4553.3,4559.8,4551.2,4558.7,1538
1778849700,4558.4,4558.8,4549.8,4549.9,1192
1778850000,4549.8,4553.3,4541.6,4548.2,3903
1778850300,4548.5,4553.8,4539.7,4542.2,2589
1778850600,4542,4551.2,4542,4550.8,1451
1778850900,4550.4,4557.3,4544.2,4555.2,1930
1778851200,4555.1,4558.6,4553.7,4558.5,1207
1778851500,4558.6,4561.8,4550.6,4553.3,2226
1778851800,4552.9,4555.6,4545.6,4546.6,2808
1778852100,4546.7,4547,4530.3,4532.7,5926
1778852400,4532.6,4535.5,4523.9,4523.9,4938
1778852700,4523.9,4533.1,4514,4532.7,6793
1778853000,4532.6,4540.8,4529.3,4538.7,3948
1778853300,4538.3,4545.8,4534.4,4537.1,3148
1778853600,4537.2,4538.9,4529.1,4537.3,3680
1778853900,4537,4544.3,4536.8,4538.1,2598
1778854200,4537.8,4554.6,4537.8,4547.6,3703
1778854500,4547.4,4563.7,4544.8,4563.3,4157
1778854800,4563.2,4567.3,4560.2,4562.4,3490
1778855100,4562.3,4563.3,4556.4,4559.8,2552
1778855400,4559.8,4564,4557,4562,2295
1778855700,4561.4,4565,4558.4,4560.2,1758
1778856000,4560,4561.8,4554.2,4561.4,1748
1778856300,4561.3,4561.5,4554.5,4555.8,1397
1778856600,4555.9,4561.5,4550.1,4561.1,2184
1778856900,4560.9,4570.9,4559.2,4567.1,3048
1778857200,4567.2,4568.1,4555.9,4557.3,2474
1778857500,4557.2,4563,4555.7,4562.6,1443
1778857800,4562.5,4564.3,4554.5,4556.2,1647
1778858100,4556.4,4557.8,4550.1,4551.5,2023
1778858400,4551.8,4556.2,4547.8,4549.6,2118
1778858700,4549.7,4552.9,4546.9,4550.9,1775
1778859000,4551.1,4554.6,4547.3,4547.9,1521
1778859300,4547.4,4550.5,4545.6,4546.3,1126
1778859600,4546.2,4548.9,4543.7,4545.4,1451
1778859900,4545.3,4546.9,4542.7,4544,1136
1778860200,4544,4547.5,4540.3,4542,1681
1778860500,4541.8,4544,4537.5,4543.9,1964
1778860800,4543.8,4546.5,4537.5,4539.8,1642
1778861100,4539.6,4540.5,4533.3,4535.3,1807
1778861400,4535.3,4537.7,4533.2,4536.6,1308
1778861700,4536.6,4538.9,4535.4,4537.7,832
1778862000,4537.8,4544.8,4537.3,4544.8,1670
1778862300,4544.7,4546.7,4541.3,4544.9,1234
1778862600,4545.1,4548.6,4544.1,4548,1295
1778862900,4548.4,4549.9,4546.8,4549.7,806
1778863200,4549.8,4552,4547.5,4551.3,955
1778863500,4551.4,4552.2,4548.8,4549.5,768
1778863800,4549.3,4551.3,4545.8,4546.4,794
1778864100,4546.8,4549.2,4545.6,4548.4,740
1778864400,4548.4,4556.4,4547.2,4554.4,1479
1778864700,4554.2,4559.6,4553.8,4559,1424
1778865000,4559.2,4562.7,4558.7,4561.2,1513
1778865300,4561.5,4561.9,4558.4,4560.3,671
1778865600,4560,4568,4559.3,4566.1,1479
1778865900,4566,4568.7,4560.5,4561.8,2140
1778866200,4561.8,4567.5,4561.8,4566.5,1128
1778866500,4566.7,4567.8,4564.3,4567.2,665
1778866800,4567,4568,4564.8,4565.2,464
1778867100,4565.3,4566.9,4563.7,4564.9,524
1778867400,4564.8,4564.9,4562.4,4562.6,644
1778867700,4562.8,4564.9,4561.5,4563.8,459
1778868000,4564,4565.8,4562.3,4563.3,481
1778868300,4563.3,4564.2,4560.2,4563,873
1778868600,4562.8,4566.6,4562.3,4566,519
1778868900,4565.9,4567.6,4556.9,4558.5,1316
1778869200,4558.7,4564,4558.5,4562.8,636
1778869500,4562.7,4563.6,4560.3,4562.2,486
1778869800,4562.4,4563.1,4556.1,4559.2,799
1778870100,4559.4,4562.1,4558.8,4562,292
1778870400,4562.1,4562.6,4559.7,4561.7,281
1778870700,4561.5,4564.4,4560.7,4563.1,425
1778871000,4563.4,4566.9,4563.4,4565.2,382
1778871300,4565,4565.6,4562.3,4563.3,399
1778871600,4563.7,4564.3,4558.3,4558.4,931
1778871900,4558.5,4559.9,4555.4,4555.8,696
1778872200,4555.7,4556.2,4553.3,4554.5,899
1778872500,4554.6,4556.6,4553,4556.5,515
1778872800,4556.2,4557.1,4554,4554.1,396
1778873100,4554.2,4555.2,4552.5,4554.2,537
1778873400,4554.5,4558,4554,4554.5,618
1778873700,4554.7,4559.4,4553.9,4558.8,504
1778874000,4558.8,4559.3,4556.5,4557.5,426
1778874300,4557.6,4558.5,4555.5,4556.1,423
1778874600,4555.9,4556.1,4552.4,4553.4,749
1778874900,4553.3,4553.3,4548.9,4550,1232
1778875200,4550.1,4550.7,4542.9,4544.1,863
1778875500,4544.4,4544.5,4540.1,4540.7,841
1778875800,4540.8,4544.7,4540.8,4542.5,479
1778876100,4542.3,4542.4,4539.3,4540.9,459
1778876400,4540.6,4542,4537,4541.5,534
1778876700,4541.7,4543.5,4540.5,4543,307
1778877000,4543.3,4548,4543.3,4545.1,597
1778877300,4544.9,4545.9,4543,4544.4,396
1778877600,4544.4,4545.4,4542.5,4544,245
1778877900,4544.4,4545.3,4541.7,4542.1,434
1778878200,4542,4542.5,4540.4,4542.4,249
1778878500,4542.3,4545,4541.7,4543.4,511
1779055200,4548.7,4550,4523,4548.6,1820
1779055500,4549.4,4559,4548.2,4557.4,1478
1779055800,4558.1,4558.9,4551.4,4552.5,1090
1779056100,4552.2,4553.9,4547.8,4548.4,846
1779056400,4548.7,4550.2,4541.2,4548.9,1350
1779056700,4548.8,4549.2,4542.2,4544.7,814
1779057000,4544.6,4555,4544.3,4548.1,1317
1779057300,4548.7,4556.7,4548.4,4555.1,772
1779057600,4554.8,4557.8,4551.7,4553.9,867
1779057900,4553.5,4558.4,4552.8,4555.8,765
1779058200,4555.7,4556.1,4550.5,4550.9,717
1779058500,4551.1,4553.7,4547.3,4549.6,790
1779058800,4549.8,4551.6,4547.4,4549.1,512
1779059100,4549,4549,4542.9,4545.6,932
1779059400,4544.9,4549.6,4543.3,4545.1,736
1779059700,4545.1,4547.2,4542,4543.1,694
1779060000,4543.4,4548.1,4543.4,4545.1,569
1779060300,4545.2,4547.1,4540.8,4541.2,814
1779060600,4541.2,4543.5,4538,4542.3,1069
1779060900,4542.9,4545.3,4540.2,4542.5,679
1779061200,4543.1,4544.7,4535.7,4542.7,1196
1779061500,4542.5,4543.8,4535,4541.4,1204
1779061800,4541.2,4548,4540.7,4544.6,843
1779062100,4544.6,4545.9,4538.9,4540.7,802
1779062400,4540.7,4546.5,4533.6,4534.4,2140
1779062700,4534.7,4537.4,4526.3,4527.4,2023
1779063000,4527.7,4533.6,4527,4529.7,1247
1779063300,4529.9,4532.8,4525.8,4526.4,1389
1779063600,4526.1,4537.1,4519.7,4520.8,2260
1779063900,4520.8,4524.3,4517.5,4519.1,1777
1779064200,4518.8,4522.4,4490.8,4495.6,6241
1779064500,4496.2,4507.1,4493.1,4494,4459
1779064800,4494.2,4497.6,4482.7,4485,4519
1779065100,4484.8,4499.8,4483.7,4497.6,3340
1779065400,4497.4,4499.3,4489.7,4495.1,2221
1779065700,4495.2,4519.6,4494.7,4517.6,3983
1779066000,4517.7,4519.4,4491.8,4501.1,5154
1779066300,4500.2,4508.1,4495.3,4504.7,2920
1779066600,4504.2,4508.6,4496.3,4499,2642
1779066900,4498.6,4504.1,4495.5,4501.4,1801
1779067200,4501.7,4511.3,4496.3,4509.3,2295
1779067500,4509.6,4513.2,4501.1,4507.5,2213
1779067800,4506.9,4514.4,4504.5,4512.9,2218
1779068100,4512.9,4516.7,4502.7,4511.2,2327
1779068400,4511.3,4515.8,4509,4515.3,1410
1779068700,4515.5,4531.6,4513.9,4530.6,3338
1779069000,4530.4,4538.8,4528.8,4532.8,3313
1779069300,4533.1,4533.3,4527.5,4528.3,1436
1779069600,4527.9,4539.8,4524.6,4535.3,2431
1779069900,4534.7,4536.5,4528.5,4531.5,1345
1779070200,4532,4542.1,4530.8,4539.8,1507
1779070500,4539.5,4540.9,4534.5,4537.9,1103
1779070800,4538.6,4544,4535.8,4540.5,1463
1779071100,4540.8,4543.3,4535.9,4536.1,1024
1779071400,4536.1,4541.6,4532.3,4535.1,1681
1779071700,4535.1,4541.5,4533.3,4541.2,875
1779072000,4541.3,4544.5,4537.8,4539.1,900
1779072300,4538.9,4546.1,4533.5,4533.7,1572
1779072600,4533.7,4538.8,4533.2,4536.5,1039
1779072900,4536.8,4538.3,4533.9,4536.6,673
1779073200,4536.8,4538.8,4532.9,4534.3,738
1779073500,4534.8,4538,4530.5,4536,1136
1779073800,4536,4538.7,4529.5,4532.6,988
1779074100,4532.7,4536.3,4531.2,4533.9,644
1779074400,4533.9,4540,4532.2,4536.7,761
1779074700,4536.4,4541.6,4532.4,4539.1,883
1779075000,4539.1,4541,4529.3,4529.8,1688
1779075300,4529.6,4540.4,4528.1,4538.1,1492
1779075600,4537.9,4551.7,4536.8,4548.8,2030
1779075900,4548.7,4550.7,4542.7,4544.9,1940
1779076200,4545.3,4551.3,4542.7,4544.8,1581
1779076500,4544.6,4548,4544.1,4545,605
1779076800,4544.7,4552.4,4544.7,4549.8,1177
1779077100,4549.5,4554,4546.7,4549.4,1053
1779077400,4549.3,4551.9,4547.3,4548.1,623
1779077700,4548.2,4551.2,4547.8,4549.3,700
1779078000,4549.5,4549.7,4540.1,4541,1312
1779078300,4540.9,4542.5,4533.4,4536.2,1824
1779078600,4536.2,4544.8,4535.5,4543.5,900
1779078900,4543.5,4546.3,4541.8,4546.3,635
1779079200,4546.5,4547.9,4543.4,4545.5,1001
1779079500,4545.2,4545.4,4542.1,4544.2,539
1779079800,4544.2,4549.4,4541.1,4547.2,1123
1779080100,4547.7,4548,4539,4544.7,1101
1779080400,4544.6,4546.7,4536.5,4539.5,1460
1779080700,4539.8,4543.7,4537.5,4541.5,670
1779081000,4541.8,4542.8,4539.2,4541.8,444
1779081300,4541.4,4553,4538.5,4549.9,1703
1779081600,4549.6,4553.5,4545.3,4550.1,1297
1779081900,4550.2,4554.7,4548.9,4552.8,1037
1779082200,4552.6,4556.3,4543.5,4546.5,1840
1779082500,4546.7,4550.9,4544.5,4548.2,840
1779082800,4548.4,4548.6,4542.1,4543.4,981
1779083100,4543.1,4546.8,4540.4,4542.5,784
1779083400,4542.6,4543.4,4538.4,4540.1,932
1779083700,4539.9,4542.7,4533.2,4534.6,1485
1779084000,4534.4,4543.1,4532.7,4538.9,1924
1779084300,4538.6,4544.4,4536.7,4541.3,1135
1779084600,4541.6,4541.6,4535.8,4541,673
1779084900,4540.8,4545,4538,4540,837
1779085200,4539.8,4547.7,4537.7,4547.2,976
1779085500,4546.9,4551.7,4540.9,4540.9,1509
1779085800,4541,4550.8,4537.9,4543.7,1555
1779086100,4543.3,4545.7,4541.2,4541.4,671
1779086400,4541.7,4544.4,4538.5,4544.1,831
1779086700,4543.9,4549.8,4541.8,4547.2,1185
1779087000,4547.3,4549.5,4546.2,4549.5,488
1779087300,4549.6,4551.7,4548.3,4550.9,976
1779087600,4551.1,4553.3,4547.3,4547.7,1093
1779087900,4547.3,4551.8,4547.1,4550.1,609
1779088200,4549.8,4549.8,4545.6,4547,606
1779088500,4546.9,4549.3,4545.1,4545.7,650
1779088800,4545.3,4545.4,4541.8,4542.8,686
1779089100,4542.7,4555.2,4542.7,4554.3,1443
1779089400,4554.4,4564.4,4554.4,4558.6,2358
1779089700,4558.6,4558.8,4554.9,4556.3,876
1779090000,4556.2,4558.3,4551.1,4552.7,1004
1779090300,4552.5,4555.2,4547.2,4547.6,752
1779090600,4547.8,4549.7,4543.5,4548.1,1607
1779090900,4548,4552.5,4546.3,4550.1,750
1779091200,4550.1,4552.7,4548.1,4550.1,814
1779091500,4550.3,4552,4547.1,4547.4,389
1779091800,4547.7,4550.7,4546.1,4550.4,524
1779092100,4549.9,4550.1,4546.4,4548.9,422
1779092400,4549.7,4553.7,4549.1,4553.4,417
1779092700,4553.3,4555.4,4550.6,4551.2,690
1779093000,4551.7,4557,4549.5,4555.6,621
1779093300,4555.5,4555.7,4551.7,4555.4,435
1779093600,4554.9,4555.2,4551.8,4551.9,390
1779093900,4552,4558.1,4552,4556.1,494
1779094200,4555.9,4561,4554.8,4560.4,708
1779094500,4559.9,4560.8,4553.8,4553.9,665
1779094800,4553.7,4556,4545,4546.6,1266
1779095100,4546.3,4551,4545.5,4550.8,591
1779095400,4550.8,4551.5,4548.7,4550.3,286
1779095700,4549.9,4552.2,4549.1,4550,267
1779096000,4550.1,4552.8,4549.7,4550.3,381
1779096300,4550.3,4552.3,4548.2,4549,489
1779096600,4548.8,4550,4543.8,4547.4,1711
1779096900,4547.2,4550.2,4547.1,4549.9,409
1779097200,4549.7,4549.7,4544.4,4546.7,530
1779097500,4546.8,4546.8,4544,4545,244
1779097800,4545.2,4547.7,4543.7,4547.1,326
1779098100,4546.7,4548.4,4546.2,4546.6,206
1779098400,4546.4,4549,4543.8,4544,620
1779098700,4544,4545.6,4540.8,4541.7,758
1779099000,4541.8,4544.6,4539.3,4542.8,808
1779099300,4542.8,4546.2,4542.4,4545.5,451
1779099600,4545.8,4546.1,4541.5,4542.8,468
1779099900,4542.9,4544.2,4541.8,4543.2,229
1779100200,4543.3,4544.4,4536,4536.2,951
1779100500,4536,4543,4535.4,4541.6,799
1779100800,4541.6,4547.5,4541,4547,739
1779101100,4547.3,4551.5,4545.8,4546.8,1109
1779101400,4546.8,4547.2,4539.9,4543.1,589
1779101700,4543.1,4543.9,4540.1,4543.8,341
1779102000,4543.7,4545.4,4541.2,4541.6,521
1779102300,4541.3,4543.3,4535.1,4535.9,583
1779102600,4535.9,4543.1,4533.5,4543.1,1097
1779102900,4543,4543.7,4539.8,4543.1,537
1779103200,4542.6,4543.8,4535.6,4539.3,775
1779103500,4539.5,4541.6,4537.9,4539.5,380
1779103800,4539.2,4549.4,4539.1,4545.7,1394
1779104100,4546.1,4559.9,4545.6,4559.9,2370
1779104400,4559.6,4571.9,4555.9,4566.5,4076
1779104700,4566.8,4568.9,4559.1,4559.4,1533
1779105000,4559.4,4559.9,4555.1,4555.8,1381
1779105300,4555.3,4559.1,4553.2,4554.5,912
1779105600,4554.6,4556.4,4550.7,4554.5,1211
1779105900,4554.7,4560.6,4554.7,4559.6,1105
1779106200,4559.6,4559.9,4554.8,4557.2,639
1779106500,4557,4558.8,4550.5,4551,1220
1779106800,4551.3,4557.5,4548.7,4555.7,1240
1779107100,4555.1,4558.7,4553.3,4554.3,977
1779107400,4554.3,4566.6,4553.8,4566,1632
1779107700,4566.1,4567.2,4562.1,4565.6,1732
1779108000,4565.2,4574.3,4562.3,4573.8,2347
1779108300,4573.8,4579.2,4572.1,4576.3,2528
1779108600,4577.2,4578.2,4566.6,4567.2,1784
1779108900,4567.3,4576.4,4566.7,4574.6,1605
1779109200,4575.4,4581.3,4568.3,4569.5,3491
1779109500,4569.1,4572.6,4566.3,4567.8,1454
1779109800,4567.8,4573.4,4565.4,4571.3,1448
1779110100,4571.3,4572.6,4567.5,4569.6,779
1779110400,4569.6,4577,4569.2,4576.5,942
1779110700,4576.3,4580.2,4574.8,4575.6,1523
1779111000,4575.8,4584.3,4570.6,4582.6,2606
1779111300,4582.4,4582.4,4574.7,4577.7,1577
1779111600,4577.7,4580,4568.7,4570.2,2388
1779111900,4570.3,4580.7,4566.9,4578.3,1953
1779112200,4578.7,4588.7,4576.8,4587.8,2328
1779112500,4587.7,4588.8,4579.2,4580.4,1832
1779112800,4580.1,4580.1,4568.4,4569.9,2347
1779113100,4569.7,4571.9,4563.2,4571.3,2549
1779113400,4571.1,4574.5,4566.1,4568.9,1534
1779113700,4568.9,4573.4,4566.5,4570.3,944
1779114000,4570.5,4571.6,4558.5,4563.6,2472
1779114300,4563.7,4567.8,4562,4565.7,1224
1779114600,4565.4,4567.4,4549.4,4553.7,3216
1779114900,4553.8,4555.2,4546.9,4550.8,2057
1779115200,4551,4553.8,4543.1,4551.9,2619
1779115500,4551.8,4552.5,4541.9,4547.7,1873
1779115800,4547.4,4553,4545.5,4546.3,1553
1779116100,4546.1,4551.8,4545.7,4550.8,785
1779116400,4550.9,4552.4,4536,4542,3701
1779116700,4541.8,4548.8,4537.8,4541.1,1810
1779117000,4541.4,4547,4540.3,4544.9,1081
1779117300,4544.5,4547,4538.6,4540.6,1010
1779117600,4541,4544.7,4540,4543.1,813
1779117900,4543.2,4544.4,4538.1,4538.9,696
1779118200,4538.9,4545.8,4537.5,4545.3,1067
1779118500,4545.3,4546.8,4542.3,4546,971
1779118800,4546.3,4549.2,4542.6,4542.8,982
1779119100,4543,4548,4542.1,4545.2,619
1779119400,4545.5,4549,4543.2,4548.3,591
1779119700,4548.6,4551.4,4546.5,4547.8,871
1779120000,4548.1,4548.8,4544.4,4545.8,678
1779120300,4546,4548.9,4545.2,4547.7,378
1779120600,4547.2,4553.3,4547,4552.8,859
1779120900,4553,4554.7,4551,4551.9,889
1779121200,4551.4,4555.1,4548.6,4550,1039
1779121500,4550.6,4551.1,4537.6,4541.4,1875
1779121800,4541.2,4546.2,4538,4544.1,1233
1779122100,4543.7,4549,4543.5,4548.3,675
1779122400,4548.3,4549.4,4545.7,4547.5,420
1779122700,4547.3,4553.1,4547,4552.3,761
1779123000,4552.5,4558.7,4552.5,4557.2,1257
1779123300,4557.2,4558.7,4553.6,4554.2,745
1779123600,4554.1,4561.7,4551.7,4561.1,1387
1779123900,4561,4562.8,4558.9,4560.6,925
1779124200,4561,4561.3,4557.1,4557.6,630
1779124500,4557.3,4559.9,4556.3,4558.8,672
1779124800,4558.9,4559.8,4556.5,4557.9,412
1779125100,4557.8,4559,4556.1,4558.1,633
1779125400,4558,4558.6,4553,4553.2,729
1779125700,4553,4554.6,4551,4553.6,575
1779126000,4553.5,4555.4,4551.9,4552.5,352
1779126300,4552.4,4554.2,4550.9,4551.4,371
1779126600,4551.1,4553.5,4550.6,4552,305
1779126900,4551.9,4552,4549.7,4551.5,377
1779127200,4551.4,4551.4,4547.7,4550.1,709
1779127500,4550,4552.1,4548,4549.4,463
1779127800,4549.5,4550.7,4548.1,4549.2,304
1779128100,4549.5,4549.5,4545.1,4547.3,645
1779128400,4546.3,4546.8,4544.3,4545.2,440
1779128700,4545.5,4546.9,4540.7,4545.9,1068
1779129000,4546,4548.2,4544.6,4546.7,625
1779129300,4546.8,4547.4,4543,4543.7,413
1779129600,4543.5,4545.7,4542.4,4545.7,414
1779129900,4545.6,4547.5,4544.7,4546.1,365
1779130200,4545.4,4546.2,4543.4,4544.4,325
1779130500,4544.1,4545.8,4538,4539.6,844
1779130800,4540,4569.5,4539.2,4557.9,4819
1779131100,4558.2,4564.6,4555.4,4561.3,1679
1779131400,4561.7,4562.6,4557.8,4558.9,746
1779131700,4559,4560.3,4555.3,4556,727
1779132000,4556.3,4560.3,4553.7,4554.4,732
1779132300,4554.6,4556.1,4550.7,4556.1,712
1779132600,4556.1,4561.9,4554.6,4560.5,794
1779132900,4560.9,4564,4560.1,4564,631
1779133200,4564,4565.8,4561.8,4562.5,643
1779133500,4562.7,4567.4,4562.2,4565.5,582
1779133800,4565.7,4567.1,4564.3,4567,568
1779134100,4566.9,4566.9,4561.8,4562.9,596
1779134400,4563.3,4566.5,4562.4,4564.9,455
1779134700,4564.6,4564.9,4563,4563.3,159
1779135000,4563.4,4567.7,4563,4566.8,182
1779135300,4567.4,4571.2,4567.4,4569,464
1779135600,4569.1,4571.5,4567.5,4571.2,275
1779135900,4571.2,4571.3,4567,4567.8,323
1779136200,4568,4569.4,4566.1,4567.6,298
1779136500,4567.7,4568.7,4566.8,4567.4,145
1779136800,4567.4,4569.5,4567.1,4568.9,133
1779137100,4569,4569.9,4568.4,4568.6,293
1779137400,4568.5,4570.1,4567.5,4567.5,119
1779137700,4567.9,4571.3,4566.6,4571.3,238
1779141600,4572,4575.9,4571.3,4574.7,908
1779141900,4574.8,4577.5,4573.5,4575.9,716
1779142200,4576.1,4577.7,4574.1,4577.6,359
1779142500,4577.4,4578.8,4576.4,4577.9,613
1779142800,4578,4578.8,4575.2,4576,376
1779143100,4575.9,4577.2,4574.9,4577.1,367
1779143400,4577,4578,4575.6,4577.3,375
1779143700,4577.2,4580,4576.6,4580,375
1779144000,4580,4582.5,4579.1,4581,746
1779144300,4580.7,4581.1,4578.8,4579.8,379
1779144600,4580,4580.1,4577.3,4578.1,342
1779144900,4577.9,4578.1,4576.7,4578.1,238
1779145200,4578.1,4585.7,4578,4585.1,1621
1779145500,4585.2,4586,4583.4,4583.8,581
1779145800,4583.8,4590.8,4583.4,4589.7,1231
1779146100,4589.5,4591.1,4587,4590,899
1779146400,4589.9,4593.1,4587.4,4590.1,1174
1779146700,4590.3,4591,4588.5,4589.7,508
1779147000,4589.7,4591.2,4585.8,4589.9,952
1779147300,4590.1,4591.9,4587.3,4588.8,851
1779147600,4588.9,4590.4,4587.8,4589.3,428
1779147900,4589.3,4590.4,4586.6,4587,553
1779148200,4586.9,4587,4584.7,4586.1,640
1779148500,4586,4586.4,4582.3,4585.4,923
1779148800,4585.5,4593,4581.4,4582.8,2551
1779149100,4583,4588.9,4579.7,4587.5,1723
1779149400,4587.6,4588.3,4582.2,4582.6,883
1779149700,4582.3,4584.6,4578,4583.6,1489
1779150000,4583.5,4589.3,4577.2,4578.5,1572
1779150300,4578.4,4578.8,4571.6,4577.2,1928
1779150600,4577.3,4579.8,4575.7,4578,1179
1779150900,4578.1,4578.9,4571.5,4572.1,1398
1779151200,4572.2,4577.4,4571.3,4574,1024
1779151500,4574,4575.7,4572.8,4574.9,744
1779151800,4574.8,4575,4568.9,4569.2,1237
1779152100,4569.7,4570.4,4564.4,4566.2,1548
1779152400,4565.9,4570.8,4560.6,4567.9,2791
1779152700,4567.8,4572.7,4563.7,4567.8,1930
1779153000,4567.8,4571.6,4566,4568.9,1230
1779153300,4569.2,4571.9,4561,4562.7,1520
1779153600,4562.6,4563,4557.3,4559.1,1789
1779153900,4559.1,4563.2,4559.1,4562.4,883
1779154200,4562.1,4565.3,4558.2,4564.8,1270
1779154500,4564.9,4571.9,4564.4,4571.5,1323
1779154800,4571.4,4575.8,4569.5,4574.4,1280
1779155100,4573.9,4575.2,4568.4,4569.4,1078
1779155400,4569.8,4571.9,4564.5,4570.8,1345
1779155700,4570.8,4571,4565.9,4566.9,755
1779156000,4566.7,4566.7,4561.4,4564.3,1484
1779156300,4564.5,4564.7,4557.9,4558.5,1175
1779156600,4558.4,4561,4554.7,4557.6,1412
1779156900,4557.3,4560.6,4554.5,4560.4,898
1779157200,4560.4,4563.1,4559,4561.3,864
1779157500,4561.4,4565.2,4560.4,4562.7,1103
1779157800,4562.5,4562.8,4557.5,4558,1061
1779158100,4558.4,4560.5,4554.8,4556.4,1000
1779158400,4556.6,4562.6,4553.3,4559.3,1105
1779158700,4559.5,4561.1,4553.3,4555.4,791
1779159000,4555.3,4557.6,4551.2,4553.7,1211
1779159300,4553.6,4553.8,4548.5,4550.3,980
1779159600,4550,4553.6,4546.4,4550.1,1757
1779159900,4550.3,4555.8,4550.2,4552,971
1779160200,4551.8,4555.2,4550.1,4554.7,673
1779160500,4554.8,4556.4,4551.5,4554.3,681
1779160800,4554.4,4554.9,4549.7,4551.3,563
1779161100,4551.1,4553.7,4550.5,4552.4,404
1779161400,4552.1,4553.7,4550,4553.1,811
1779161700,4552.7,4558.2,4552.6,4557.7,701
1779162000,4557.6,4557.7,4550.6,4551.2,698
1779162300,4550.8,4551.9,4547.6,4550.4,889
1779162600,4550.6,4552.8,4549.5,4552,375
1779162900,4551.6,4552.2,4545.7,4548,1378
1779163200,4547.9,4548.6,4544.4,4547.2,721
1779163500,4547.1,4548.8,4544.2,4545.3,553
1779163800,4545.4,4547.6,4541.9,4543.6,826
1779164100,4543.6,4545.8,4541.6,4543.3,802
1779164400,4543.8,4546.4,4543.5,4546,421
1779164700,4545.9,4546,4541.1,4543.5,739
1779165000,4543.3,4543.9,4540.9,4541.8,436
1779165300,4541.9,4545.2,4541.9,4543.3,347
1779165600,4543.8,4545.4,4542.3,4542.6,335
1779165900,4542.9,4545.7,4542.8,4543.7,572
1779166200,4543.7,4546.2,4543,4545.7,467
1779166500,4545.4,4547,4544.5,4545.6,246
1779166800,4545.6,4548.2,4544.9,4547.4,493
1779167100,4547.5,4548.6,4543,4548.2,658
1779167400,4548.1,4549.8,4546.4,4548.1,616
1779167700,4547.7,4548.5,4544.2,4544.9,428
1779168000,4545.4,4545.7,4533,4538.3,2302
1779168300,4538.3,4543.9,4536.1,4541.6,1327
1779168600,4541.8,4543.4,4536.1,4539.8,1466
1779168900,4539.8,4544.5,4537.5,4543,896
1779169200,4542.7,4547.3,4540.9,4541.1,976
1779169500,4541.5,4544.8,4536,4536.7,1957
1779169800,4536.5,4544.7,4536.2,4543.4,894
1779170100,4542.9,4546.8,4541.9,4544.4,1066
1779170400,4544.4,4544.6,4536.5,4542.1,1180
1779170700,4542,4543.7,4539.1,4540.7,716
1779171000,4540.7,4549.1,4540.2,4545.1,1344
1779171300,4545,4553.3,4543.9,4553,1468
1779171600,4553.1,4554.3,4548.5,4552.4,1478
1779171900,4552.3,4557.1,4550.7,4550.8,1315
1779172200,4550.4,4554.5,4547.8,4553.5,1484
1779172500,4553.4,4555.8,4549.5,4555.5,946
1779172800,4555.6,4556.1,4552,4555.4,485
1779173100,4555.5,4556.1,4546.3,4546.5,997
1779173400,4546.4,4550.7,4546.3,4550.2,482
1779173700,4550.2,4553,4550.2,4551.4,476
1779174000,4551.3,4551.8,4547.5,4550.9,858
1779174300,4550.8,4558.9,4549.8,4556,1165
1779174600,4555.9,4557,4550.2,4551,753
1779174900,4551.8,4553.4,4549.6,4551.8,501
1779175200,4551.9,4553.1,4547.9,4550.1,679
1779175500,4550.1,4551.6,4546.3,4551.6,709
1779175800,4551.6,4553,4546.8,4547.2,565
1779176100,4547,4550.7,4545.5,4546.8,772
1779176400,4546.7,4548.4,4544.6,4545.3,911
1779176700,4545.5,4557.8,4545.4,4554.2,1410
1779177000,4554.3,4557,4551.3,4555.7,806
1779177300,4555.7,4562.5,4555.7,4560.7,1397
1779177600,4560.9,4562.8,4555.7,4556.2,1091
1779177900,4556.3,4556.3,4547.2,4547.8,1321
1779178200,4547.5,4551.3,4545.8,4549.8,971
1779178500,4550,4551.5,4547.9,4548,875
1779178800,4547.7,4548.6,4542.2,4543.8,785
1779179100,4543.7,4544.4,4539.4,4541.7,1304
1779179400,4541.6,4547.5,4540.3,4547.5,882
1779179700,4547.2,4548.2,4545.5,4546.4,521
1779180000,4546.7,4547,4545.5,4546.7,194
1779180300,4546.5,4551.9,4546.3,4549.2,944
1779180600,4549.2,4550.5,4541.7,4546.2,920
1779180900,4546,4547.8,4545,4546.4,365
1779181200,4545.8,4545.9,4543.1,4544.9,365
1779181500,4544.5,4544.7,4540.2,4543.9,614
1779181800,4543.8,4544.5,4540.2,4542.8,421
1779182100,4542.7,4543.2,4539.1,4543.2,669
1779182400,4543.1,4550,4543,4549.5,735
1779182700,4549.5,4549.9,4543.4,4543.9,1107
1779183000,4543.8,4546.1,4539.6,4542.5,1179
1779183300,4542.4,4545.3,4540.3,4542.4,569
1779183600,4542.6,4543.4,4541.3,4542.8,354
1779183900,4542.5,4544.7,4541.3,4544,445
1779184200,4544,4546.9,4542,4546.5,552
1779184500,4546.7,4548.1,4543.9,4545.2,559
1779184800,4544.8,4545,4539.5,4539.9,805
1779185100,4539.7,4545.2,4538.8,4543.3,603
1779185400,4543.8,4545.7,4542,4544.4,251
1779185700,4544.7,4545,4541.4,4542.8,264
1779186000,4543.1,4545,4542.4,4544.3,272
1779186300,4544,4544.4,4542.8,4543.1,136
1779186600,4543.6,4545.9,4542.2,4544.8,332
1779186900,4544.5,4546.6,4537.3,4544.2,1367
1779187200,4544.5,4544.9,4528.4,4532.5,2594
1779187500,4532.4,4538.5,4530.7,4536.1,1701
1779187800,4536.2,4539.3,4535.4,4538.4,874
1779188100,4538.3,4548.1,4538.3,4547.9,1408
1779188400,4547.8,4551.7,4546.4,4546.8,1346
1779188700,4547.2,4547.2,4543.8,4544.7,762
1779189000,4544.8,4545.8,4539.1,4540.2,1354
1779189300,4540.3,4546,4539.1,4544.6,754
1779189600,4544.2,4545.9,4542.2,4544.8,435
1779189900,4545.3,4545.9,4540.4,4543,430
1779190200,4542.8,4544.3,4541.1,4542.8,359
1779190500,4542.6,4542.9,4540.3,4541.4,319
1779190800,4541.5,4547.1,4540.8,4545.3,739
1779191100,4545.3,4545.7,4540.7,4543.3,655
1779191400,4543.2,4543.5,4537.5,4538,696
1779191700,4538.1,4538.3,4533,4534,1202
1779192000,4534,4539.3,4530.6,4538.8,1755
1779192300,4538.9,4546.1,4536.7,4545.5,1445
1779192600,4545.5,4550.3,4544.8,4546.1,1696
1779192900,4545.8,4547.2,4540.1,4543.4,1450
1779193200,4543.3,4548,4543,4547.5,1109
1779193500,4547.5,4547.9,4543.9,4546.6,713
1779193800,4546.6,4550.5,4545.3,4547.2,1159
1779194100,4547.3,4550.9,4544.8,4545.9,1119
1779194400,4546,4550.1,4540.2,4540.7,1428
1779194700,4540.7,4543.6,4538.9,4543.2,1107
1779195000,4543.2,4545.2,4540.7,4544.7,823
1779195300,4544.6,4545.3,4540.1,4540.9,764
1779195600,4540.4,4541,4525.2,4527,3775
1779195900,4526.8,4529,4516.5,4525.8,4888
1779196200,4525.5,4529.5,4522.3,4527.1,2704
1779196500,4527.3,4529.2,4519.2,4520,2191
1779196800,4520.2,4523,4505.6,4507.4,4936
1779197100,4506.8,4507.4,4493,4494.6,5916
1779197400,4494.8,4498.4,4467.2,4483.9,12189
1779197700,4484.4,4489.6,4473.6,4485.8,5389
1779198000,4485.3,4485.9,4472.5,4478.3,4302
1779198300,4478.6,4484.8,4476.1,4483.4,3417
1779198600,4483.2,4507.9,4481.9,4507.3,6046
1779198900,4507.2,4514,4500.8,4506.8,5369
1779199200,4506.7,4515.6,4498.5,4514.5,4127
1779199500,4514.9,4517.1,4497.5,4506.7,3972
1779199800,4506.7,4506.7,4494.5,4495.4,2529
1779200100,4495.4,4503.7,4494.5,4497.7,2274
1779200400,4497.9,4498.7,4487.3,4489.1,3803
1779200700,4489.4,4497.1,4486.9,4492.6,2481
1779201000,4492.5,4501.2,4491.4,4492.9,2619
1779201300,4493,4502,4492.2,4493.3,2456
1779201600,4493,4501,4490.6,4497.6,2142
1779201900,4497.7,4499.5,4490.8,4493.3,1616
1779202200,4493.5,4497.7,4489.7,4490.2,1290
1779202500,4490.2,4500.2,4490.1,4497.5,1459
1779202800,4497.6,4503.8,4497.3,4500,1745
1779203100,4499.9,4503.5,4492.9,4501.6,1650
1779203400,4501.8,4503.4,4498.6,4502.4,1270
1779203700,4502.7,4508.9,4501.5,4503.9,1717
1779204000,4504.1,4505.7,4497.1,4498.6,1412
1779204300,4498.1,4503.7,4497.8,4502.3,824
1779204600,4502.3,4511,4501.5,4506.8,1992
1779204900,4506.7,4508.8,4502.3,4506.4,1038
1779205200,4506.2,4508.7,4503.8,4505.8,841
1779205500,4506.2,4507.6,4503.7,4507.6,595
1779205800,4507.6,4509.3,4505.1,4506.7,604
1779206100,4506.9,4512.7,4506.8,4511.6,1185
1779206400,4511.9,4513.7,4508.6,4509,879
1779206700,4509,4509.2,4500.6,4501.6,1214
1779207000,4501.8,4504.7,4499.3,4504.4,1156
1779207300,4504.4,4506.4,4501.8,4504.1,836
1779207600,4504,4510,4504,4509.2,649
1779207900,4509.3,4515.5,4509.2,4512.2,1528
1779208200,4512.1,4516.1,4510.1,4510.8,1015
1779208500,4511,4513.2,4509.1,4512.3,751
1779208800,4512.2,4513,4508.7,4509.2,588
1779209100,4509.5,4510,4508.1,4509.3,589
1779209400,4509.5,4511.7,4508,4508.9,827
1779209700,4509.2,4512.9,4508.4,4511,480
1779210000,4511.1,4513.6,4509.3,4510.2,844
1779210300,4510.4,4512.8,4508.7,4511.5,499
1779210600,4511.5,4514.6,4509.8,4514.1,507
1779210900,4513.9,4514.7,4511.2,4511.5,647
1779211200,4511.3,4511.6,4506.4,4506.7,874
1779211500,4507,4512,4507,4510.5,1141
1779211800,4510.4,4511.9,4507.3,4507.4,681
1779212100,4507.2,4510.8,4507,4510.8,637
1779212400,4510.6,4510.6,4506.3,4508.3,631
1779212700,4508.2,4508.6,4503.7,4504.2,784
1779213000,4504.4,4505.6,4502.5,4503.1,653
1779213300,4503.1,4505,4502.8,4504.5,419
1779213600,4504.5,4505.4,4503.3,4504.5,453
1779213900,4504.7,4507.4,4503,4506.5,523
1779214200,4506.5,4507,4504.3,4504.5,421
1779214500,4504.2,4505.6,4502.7,4502.8,500
1779214800,4502.8,4503.2,4498.7,4502,1217
1779215100,4502.3,4503.7,4499,4499.4,679
1779215400,4499.3,4502.1,4496.5,4501.1,982
1779215700,4501.2,4503.5,4499.3,4503.2,441
1779216000,4502.9,4504.1,4501.4,4502.3,354
1779216300,4502.3,4503.1,4501.1,4502.4,234
1779216600,4502.8,4502.8,4496.7,4496.7,467
1779216900,4496.6,4497.9,4493.2,4497,979
1779217200,4496.5,4499.7,4496.3,4496.9,529
1779217500,4497.2,4499.5,4497.2,4498.7,300
1779217800,4498.6,4500.7,4498.2,4500,442
1779218100,4500.2,4500.2,4494.8,4495.9,501
1779218400,4495.8,4496.2,4489.5,4489.8,1061
1779218700,4489.7,4492.2,4488.6,4490.2,869
1779219000,4490.6,4493.2,4489.5,4489.7,711
1779219300,4489.7,4492.3,4489.7,4490.9,366
1779219600,4491.1,4492,4489.1,4491.8,446
1779219900,4491.5,4492.1,4489,4489.8,534
1779220200,4489.9,4490.4,4486.9,4487.1,1153
1779220500,4487.4,4488,4484.8,4487.1,1316
1779220800,4487,4487.8,4484.1,4486.4,722
1779221100,4486,4489.6,4484.9,4488.7,514
1779221400,4489,4490.9,4487.6,4489.1,406
1779221700,4489,4489.2,4486.6,4488.8,245
1779222000,4489,4491.7,4488.5,4490.8,239
1779222300,4490.9,4491.1,4488.9,4489.4,173
1779222600,4489.8,4489.8,4486.4,4487.5,195
1779222900,4487.4,4488.1,4486.4,4486.5,190
1779223200,4486.3,4487.7,4485.2,4486.8,260
1779223500,4486.7,4487.5,4486,4486.5,331
1779223800,4486.3,4487.8,4485.6,4486.1,336
1779224100,4486,4487.5,4484.8,4484.8,343
1779228000,4484.7,4489.2,4483.1,4487.7,856
1779228300,4487.4,4489.1,4485.3,4487.4,266
1779228600,4487.7,4487.7,4485.4,4485.8,193
1779228900,4485.5,4485.6,4480.8,4483.1,672
1779229200,4483.1,4484.1,4482,4483.5,276
1779229500,4483.4,4484.2,4481.3,4482.1,322
1779229800,4482.3,4487.1,4479.6,4486.4,725
1779230100,4486.5,4488.7,4483,4483.7,713
1779230400,4483.8,4487.1,4482.5,4484.5,461
1779230700,4484.5,4486.6,4482.7,4485,281
1779231000,4485.1,4485.6,4482,4484.4,478
1779231300,4484.2,4487.5,4483.7,4487,326
1779231600,4486.7,4487.1,4482.9,4486.3,473
1779231900,4486.3,4487.5,4484,4486.6,230
1779232200,4486.6,4489.8,4486.1,4489.2,454
1779232500,4488.9,4492,4485.8,4491.4,721
1779232800,4491.5,4491.7,4487.6,4489.8,720
1779233100,4489.7,4490.7,4488.2,4488.9,269
1779233400,4489.5,4496.8,4488.5,4496.1,917
1779233700,4496,4497.7,4492.2,4496.2,656
1779234000,4496.1,4499.4,4494.2,4495.2,834
1779234300,4495.1,4497.9,4492.8,4496.5,1018
1779234600,4496.5,4497.5,4492.7,4493.7,423
1779234900,4493.7,4495.9,4491,4492.1,664
1779235200,4492.2,4493.5,4485.3,4489.2,1592
1779235500,4489.2,4489.9,4482.5,4487.3,1239
1779235800,4487,4493.4,4484.7,4491.5,1409
1779236100,4491.4,4493.8,4485.5,4486.6,1482
1779236400,4486.6,4494.6,4483.9,4494.6,1541
1779236700,4495,4505.1,4492.7,4505,2316
1779237000,4504.7,4510.4,4502.9,4506,2067
1779237300,4506.3,4508.6,4502.4,4504.5,1052
1779237600,4504.8,4509.6,4503.9,4508.1,1007
1779237900,4508.2,4513,4505.9,4507.6,1145
1779238200,4507.6,4508.3,4503.4,4506.6,835
1779238500,4506.1,4506.4,4500.6,4504.1,871
1779238800,4503.9,4509.6,4492.5,4496.6,3012
1779239100,4496.6,4498.2,4490.6,4497.8,1842
1779239400,4497.7,4503.4,4493.7,4495.3,1603
1779239700,4495.3,4499.2,4494.3,4498.4,673
1779240000,4498.6,4499.6,4485.8,4487.3,1421
1779240300,4487.3,4488.5,4475.5,4476.4,2623
1779240600,4476.5,4479.9,4470.4,4476.2,3136
1779240900,4476.3,4476.3,4457.9,4470.4,4746
1779241200,4470.6,4471.8,4464.3,4469.5,1812
1779241500,4469.8,4476.7,4465.4,4474.9,1830
1779241800,4474.9,4491.3,4474.8,4484.1,3984
1779242100,4484.2,4485.6,4481,4483.9,1035
1779242400,4484.1,4487.8,4482.6,4487.6,1359
1779242700,4487.7,4489.5,4481,4482.6,1242
1779243000,4482,4484.4,4478.3,4483.8,936
1779243300,4483.8,4485.3,4478.7,4479.4,1194
1779243600,4479.6,4489.3,4478.8,4486.9,1152
1779243900,4486.9,4487,4481.5,4483.7,865
1779244200,4483.6,4485.9,4468,4472.8,2717
1779244500,4472.8,4473.5,4467.6,4471.8,1330
1779244800,4471.9,4474.1,4462.6,4462.9,1806
1779245100,4462.6,4467.1,4461.4,4466.4,1739
1779245400,4466.5,4468.2,4463.6,4465.5,1075
1779245700,4465.6,4468.1,4460.5,4467.3,1297
1779246000,4467.3,4469.4,4462,4465.2,1544
1779246300,4465.1,4465.7,4454.9,4458.8,2742
1779246600,4458.5,4463.2,4458,4460,1255
1779246900,4459.8,4466,4459.3,4464.5,831
1779247200,4464.5,4465.2,4462.1,4464.3,536
1779247500,4464.3,4466.7,4461.6,4463.1,794
1779247800,4462.4,4464.2,4459.4,4461,1163
1779248100,4460.9,4468.2,4460.8,4466.4,813
1779248400,4466.6,4468.2,4462.1,4462.4,1010
1779248700,4462.7,4463.4,4459.8,4461.5,511
1779249000,4461.8,4463.6,4460.8,4462.6,375
1779249300,4462.8,4467.2,4461.9,4465.8,710
1779249600,4465.7,4472.3,4465.3,4470.8,1399
1779249900,4470.8,4471.5,4468.6,4469.6,412
1779250200,4469.7,4471.7,4467.2,4471.2,499
1779250500,4471.3,4472.6,4467.5,4467.7,548
1779250800,4467.7,4469.1,4465,4468.6,831
1779251100,4468.8,4469.2,4463.8,4466.9,821
1779251400,4467.2,4467.9,4463.8,4464.8,490
1779251700,4464.1,4467.8,4462.5,4466.1,522
1779252000,4466,4467.6,4462,4464.7,537
1779252300,4464.8,4464.8,4458.5,4461.9,1106
1779252600,4461.7,4465.2,4461.2,4463.2,594
1779252900,4463.2,4464.8,4461.8,4463.9,387
1779253200,4463.6,4473.9,4463.5,4473,1512
1779253500,4472.8,4475.6,4469.7,4470.7,1055
1779253800,4470.5,4472,4469.1,4471.5,396
1779254100,4471.4,4474.2,4469.3,4473.1,832
1779254400,4474,4477.6,4473.1,4473.2,1143
1779254700,4473.1,4474,4469.5,4470.7,833
1779255000,4470.7,4481.8,4470.2,4479.6,1867
1779255300,4479.7,4481.5,4477.4,4479,802
1779255600,4479.2,4480.5,4473.8,4474.5,762
1779255900,4474.5,4474.6,4465.4,4467.6,1304
1779256200,4467.6,4475,4466.5,4473.6,1010
1779256500,4473.8,4477.5,4473.4,4475.2,815
1779256800,4475,4479.9,4472.6,4475,1044
1779257100,4475,4476.6,4471.2,4472,771
1779257400,4471.6,4474.1,4469.5,4474.1,707
1779257700,4474.7,4480.9,4474,4479.5,1241
1779258000,4479.3,4480.1,4471,4471.1,1329
1779258300,4471.1,4476.9,4470.1,4474.3,967
1779258600,4474.4,4474.9,4468.7,4468.8,1060
1779258900,4469,4470.7,4463.7,4469.1,1434
1779259200,4469.2,4469.6,4465.9,4469.4,914
1779259500,4469.6,4477.4,4467.6,4476.3,1132
1779259800,4476.4,4481.5,4474.9,4477.6,1860
1779260100,4477.6,4478.1,4473.9,4476.8,663
1779260400,4476.5,4482.6,4474.2,4479.9,1554
1779260700,4479.6,4486.4,4477.4,4485.7,1125
1779261000,4485.7,4488,4482.8,4483.7,1172
1779261300,4483.7,4483.8,4480.1,4481.1,697
1779261600,4481.1,4486.6,4478.1,4482.7,969
1779261900,4482.9,4486.2,4482.2,4485.5,604
1779262200,4485.4,4488.5,4480,4480.7,1096
1779262500,4481,4483.6,4478.3,4482.8,667
1779262800,4482.7,4486.4,4480.9,4483.9,958
1779263100,4483.8,4484.4,4478.6,4480.4,729
1779263400,4480.5,4481.7,4477.6,4481.5,647
1779263700,4481.7,4482.4,4479.1,4480.9,392
1779264000,4481.1,4484,4479.1,4483.7,567
1779264300,4483.5,4485.9,4479.2,4481.4,877
1779264600,4481.3,4486.9,4480,4484.9,956
1779264900,4484.6,4486.6,4482,4484.4,804
1779265200,4484.5,4488.9,4480.8,4486.7,1141
1779265500,4486.6,4489.2,4484.9,4489.1,513
1779265800,4489.1,4492.1,4485.6,4485.7,939
1779266100,4485.5,4487.3,4481.1,4486.5,810
1779266400,4486.4,4486.4,4479.2,4482,771
1779266700,4481.8,4486.1,4481.5,4484.1,1087
1779267000,4484.5,4492,4483.7,4491.5,909
1779267300,4491.5,4492.9,4485.8,4486.5,842
1779267600,4486.3,4488.7,4485.8,4487,487
1779267900,4487,4488.7,4483.8,4484.3,578
1779268200,4484.6,4484.9,4482,4482.7,648
1779268500,4482.4,4484.9,4481.5,4484.7,566
1779268800,4484.8,4486.1,4481.1,4482,513
1779269100,4481.8,4482.1,4475.2,4476.8,1334
1779269400,4476.7,4485.6,4475,4484.7,1828
1779269700,4485,4486.1,4482.4,4485.9,597
1779270000,4486.1,4487.4,4485.6,4485.6,532
1779270300,4485.8,4487.1,4484.3,4485.7,368
1779270600,4485.7,4493.4,4485.3,4491.8,1229
1779270900,4492.1,4493.9,4486.8,4487.5,746
1779271200,4487.6,4490.3,4486.9,4488.7,600
1779271500,4488.7,4494.9,4488.7,4492.4,564
1779271800,4492.4,4493.6,4489.3,4490.5,450
1779272100,4490.6,4493.7,4489.9,4490.8,448
1779272400,4490.8,4495.5,4490.7,4494.1,678
1779272700,4494,4494.9,4490.8,4491.5,483
1779273000,4491.6,4495.1,4491.2,4495.1,428
1779273300,4495.2,4500,4494.8,4498.4,950
1779273600,4498.6,4499.7,4496.7,4497.2,647
1779273900,4497.2,4498.7,4494.9,4495.4,653
1779274200,4495.5,4497.9,4492.8,4497.4,780
1779274500,4497.1,4497.5,4495,4497.3,323
1779274800,4497.4,4499.6,4495.3,4497.1,621
1779275100,4497.1,4498.7,4496.7,4497.5,412
1779275400,4497.5,4499,4495.3,4495.4,430
1779275700,4495.4,4499.2,4494.1,4494.5,454
1779276000,4494.4,4499.2,4493.5,4498.4,588
1779276300,4498.5,4503.7,4497.9,4502.6,1064
1779276600,4502.5,4502.8,4499.2,4501.4,687
1779276900,4501.1,4502.2,4498.7,4500.5,439
1779277200,4500.2,4501.1,4495.7,4497.5,987
1779277500,4497.6,4499.6,4494.1,4495.6,681
1779277800,4495.5,4500.6,4493.3,4500.6,1130
1779278100,4500.7,4501.8,4498.3,4501.6,809
1779278400,4501.2,4503.6,4498.1,4498.8,1051
1779278700,4498.9,4502.5,4498.2,4500,702
1779279000,4500.2,4500.3,4498.5,4498.7,532
1779279300,4498.4,4499.5,4496.2,4496.7,647
1779279600,4496.7,4499.3,4495.2,4498.7,809
1779279900,4498.7,4502.3,4498.5,4502,1036
1779280200,4502.2,4507.2,4501.7,4506.2,1838
1779280500,4506.3,4507.5,4503.7,4506.5,977
1779280800,4506.3,4507.3,4503.9,4505.6,667
1779281100,4505.6,4508.3,4504.3,4505.6,950
1779281400,4505.7,4505.8,4501.2,4501.2,1065
1779281700,4501.2,4501.8,4496.6,4498.8,1335
1779282000,4498.9,4504.3,4496.5,4500.1,2743
1779282300,4500.6,4504.6,4499.1,4501.5,1272
1779282600,4501.5,4509.3,4500.2,4507.9,1520
1779282900,4507.8,4508.3,4501.3,4502,1050
1779283200,4502.1,4503,4496.3,4496.7,1326
1779283500,4496.5,4497.5,4491.7,4492,1923
1779283800,4492.1,4495.9,4490.5,4494.3,2254
1779284100,4494.2,4495.8,4487.4,4488,2841
1779284400,4488.3,4493.4,4485.6,4492.6,2510
1779284700,4492.7,4495,4488.6,4489.6,2097
1779285000,4489.6,4492.2,4487.2,4488.3,1288
1779285300,4488.3,4488.9,4484.6,4485.7,1889
1779285600,4485.8,4487.9,4483.2,4484,1870
1779285900,4483.9,4484.3,4477.4,4478.9,2710
1779286200,4478.6,4483.3,4469.3,4479,5583
1779286500,4479.7,4506.8,4478.9,4501.6,8627
1779286800,4501.4,4514.1,4498.5,4505.5,6774
1779287100,4505.4,4509.8,4501.3,4509.6,2585
1779287400,4509.7,4531.9,4509.6,4527.7,7117
1779287700,4527.6,4530.2,4518.2,4526.8,3684
1779288000,4526.7,4526.9,4520.2,4523.8,1948
1779288300,4524,4527.2,4519.4,4525,1873
1779288600,4525.1,4533.3,4524,4532.8,2459
1779288900,4532.5,4540.8,4532,4534.4,3375
1779289200,4534.3,4539.2,4532.6,4533.5,1955
1779289500,4534,4535.3,4527,4529.6,2267
1779289800,4529.7,4530.4,4526.5,4528,1439
1779290100,4528,4557.5,4527.9,4546.7,8232
1779290400,4546.6,4549,4539.3,4539.8,2649
1779290700,4539.3,4541,4531.9,4532.8,2255
1779291000,4532.8,4538.5,4531.1,4538.2,1692
1779291300,4538.4,4542.5,4538,4541,1537
1779291600,4541,4542.8,4537.8,4540.2,1146
1779291900,4540.3,4541.2,4538.4,4540.6,752
1779292200,4540.6,4541.2,4535.4,4536.6,847
1779292500,4536.6,4537.3,4530.3,4532.1,1817
1779292800,4532.3,4535.6,4531.5,4535.4,919
1779293100,4535.4,4538.5,4534.5,4536.4,839
1779293400,4536.5,4538.1,4534.6,4536.8,572
1779293700,4536.6,4536.8,4532.7,4533.8,520
1779294000,4533.9,4534.6,4527.5,4529.1,1465
1779294300,4529,4530.9,4527,4529.2,994
1779294600,4529.4,4532.6,4527.4,4528.8,1107
1779294900,4528.9,4531.8,4528.5,4530.7,525
1779295200,4530.7,4537.2,4530.4,4537,1177
1779295500,4536.9,4538.3,4533.2,4535.3,997
1779295800,4535.5,4536.5,4534,4535.8,470
1779296100,4535.7,4538.8,4534,4537.6,762
1779296400,4537.9,4538.2,4534.7,4535.3,641
1779296700,4535.5,4539.2,4534.2,4538.9,595
1779297000,4539,4542.2,4536.6,4537.7,1596
1779297300,4537.8,4539.3,4536.4,4538.7,604
1779297600,4538.5,4540.5,4536.5,4537.2,577
1779297900,4537.4,4540,4534.2,4535.7,1350
1779298200,4535.8,4538.5,4533.1,4534,939
1779298500,4534,4539.8,4533.4,4539.3,1103
1779298800,4539,4539.3,4536,4536.3,416
1779299100,4536.6,4538.5,4535.4,4536.8,381
1779299400,4536.9,4537.7,4535.1,4535.4,199
1779299700,4535.5,4535.9,4533.5,4534.8,395
1779300000,4534.8,4536.5,4532,4535.7,781
1779300300,4535.8,4537.2,4533.8,4536.2,338
1779300600,4536.4,4537.7,4535.5,4536.3,288
1779300900,4536.4,4540.2,4536.4,4539.5,519
1779301200,4539.5,4540,4536,4537.2,411
1779301500,4536.9,4538.6,4535.1,4538.4,431
1779301800,4538.7,4543.5,4538.6,4543.3,834
1779302100,4543.4,4547.1,4543.2,4546.6,1044
1779302400,4546.5,4546.8,4540.4,4541.2,848
1779302700,4540.7,4544.3,4540.2,4543.2,463
1779303000,4543.3,4546.7,4542.5,4545.5,417
1779303300,4545.4,4548.5,4545.1,4545.7,808
1779303600,4545.9,4548.2,4545.4,4545.8,410
1779303900,4545.7,4547.4,4544.7,4546.5,284
1779304200,4546.2,4548.5,4546.1,4546.9,365
1779304500,4547.1,4549.2,4546.7,4548.9,458
1779304800,4548.9,4549.3,4546.2,4547.4,418
1779305100,4547.3,4548.9,4546.8,4548.2,302
1779305400,4548.2,4550.5,4548.1,4548.7,558
1779305700,4548.8,4553.7,4547.8,4551.4,1019
1779306000,4551.2,4552.5,4548,4549.5,698
1779306300,4549.7,4550.7,4548.4,4549.1,449
1779306600,4548.4,4551.3,4548.1,4550.6,559
1779306900,4550.5,4551.3,4547.7,4548.2,923
1779307200,4548.3,4550.6,4548.2,4549.4,493
1779307500,4549.3,4549.8,4548,4549.1,268
1779307800,4549.2,4553.2,4548.2,4549.4,420
1779308100,4549.7,4551.2,4547.8,4550.1,292
1779308400,4549.8,4549.8,4545.7,4548.1,615
1779308700,4547.9,4549.5,4547.9,4548.4,233
1779309000,4549,4549.2,4546.4,4546.9,260
1779309300,4547.2,4547.7,4545.9,4546.3,168
1779309600,4546.3,4547,4545.1,4545.9,276
1779309900,4546,4547.3,4544.8,4545.1,357
1779310200,4545.6,4546.6,4544.4,4545.5,347
1779310500,4545.4,4547.2,4545.1,4546.1,259
1779314400,4546.4,4549.2,4543.7,4545.5,721
1779314700,4545.4,4547.6,4539.7,4540.6,703
1779315000,4540.7,4543.4,4539.5,4541.2,732
1779315300,4541,4541.4,4537.9,4538.6,747
1779315600,4538.8,4539.5,4535.7,4538,613
1779315900,4537.5,4540.3,4537.1,4540.1,322
1779316200,4539.9,4544,4539.7,4542.1,676
1779316500,4542.5,4545,4541.5,4543.9,349
1779316800,4543.6,4544.1,4541.2,4543.1,339
1779317100,4543.1,4545.8,4541.6,4542.4,585
1779317400,4542.2,4543.1,4538,4541.6,906
1779317700,4541.9,4542.8,4538.9,4541.3,589
1779318000,4540.7,4543,4540.7,4542.9,250
1779318300,4543.1,4544.3,4539.4,4539.5,600
1779318600,4539.4,4541.5,4538.8,4540.8,311
1779318900,4540.8,4541.6,4539.8,4540,249
1779319200,4540,4540.1,4537.3,4538.2,439
1779319500,4538.3,4539.7,4535.5,4539.6,709
1779319800,4539.8,4542.5,4538.9,4541,500
1779320100,4541.3,4546.8,4540.9,4546.5,706
1779320400,4546.4,4546.4,4543.7,4544,432
1779320700,4543.9,4548.7,4543,4546.4,794
1779321000,4546.5,4546.8,4543.5,4546,505
1779321300,4546.4,4548,4545,4548,377
1779321600,4548.1,4550.3,4540.7,4543.7,1634
1779321900,4543.6,4546.7,4541.5,4545.8,784
1779322200,4545.9,4547.2,4544,4546,594
1779322500,4546.2,4554.9,4541.1,4547.6,2467
1779322800,4547.1,4547.9,4540.5,4542.8,1102
1779323100,4542.7,4546.9,4538.8,4545.3,1430
1779323400,4545.4,4547.1,4541.1,4546.3,845
1779323700,4546.2,4546.9,4543.7,4543.8,441
1779324000,4544.1,4545.7,4543.1,4545.4,317
1779324300,4545.1,4546.8,4543.7,4546.1,465
1779324600,4545.9,4550.6,4545.3,4548.8,829
1779324900,4549.3,4550.1,4546.7,4547,535
1779325200,4547,4551.5,4541.4,4545.4,2430
1779325500,4545.2,4552.9,4542.5,4551.6,1247
1779325800,4551.5,4562.2,4551.1,4561.4,3605
1779326100,4561.7,4563.6,4559.9,4561.4,2015
1779326400,4561.2,4569.8,4558.9,4567,2033
1779326700,4567.2,4569.8,4562.4,4568.9,1322
1779327000,4568.9,4571.5,4563.8,4564.4,1790
1779327300,4564.5,4568.9,4563.5,4567.5,973
1779327600,4567.5,4572.5,4567.2,4569.8,844
1779327900,4569.6,4570,4567.1,4567.2,617
1779328200,4567.4,4567.7,4560.7,4561.9,1213
1779328500,4561.7,4563.9,4561.4,4563,788
1779328800,4562.8,4567,4558.3,4559.2,1616
1779329100,4558.8,4561.7,4557.1,4557.9,826
1779329400,4557.7,4557.9,4552.6,4553.7,1374
1779329700,4553.7,4555.3,4549.1,4551.1,1466
1779330000,4551.2,4551.6,4547.4,4549.8,935
1779330300,4550,4550.5,4541.5,4542.1,1528
1779330600,4541.7,4544.2,4535.6,4538.7,2470
1779330900,4538.6,4543.6,4538.6,4541.7,1226
1779331200,4541.6,4542,4535.9,4537.9,1170
1779331500,4538,4538.9,4533,4536,1504
1779331800,4535.7,4538.5,4534.9,4535.7,672
1779332100,4535.7,4537.8,4534,4535.2,740
1779332400,4534.7,4537.1,4532.4,4536.6,1214
1779332700,4536.7,4539.5,4536.3,4538.9,980
1779333000,4538.8,4540.6,4538,4539.6,794
1779333300,4539.6,4539.8,4534.4,4537.6,805
1779333600,4537,4542,4537,4539.4,721
1779333900,4539.3,4540,4535.8,4537.6,521
1779334200,4537.1,4539,4534.8,4535.5,391
1779334500,4535.9,4536.3,4533.1,4534,709
1779334800,4534.1,4537.9,4533.4,4535.7,696
1779335100,4535.8,4536.1,4533.2,4533.4,417
1779335400,4533.4,4533.8,4528.1,4529.5,1720
1779335700,4529.6,4531.1,4528.5,4529.9,974
1779336000,4529.4,4534.5,4528.6,4533.3,748
1779336300,4533.3,4535.4,4532,4534.2,457
1779336600,4534,4538,4533.9,4537.5,621
1779336900,4537.5,4537.9,4535.6,4535.7,349
1779337200,4535.9,4538.5,4535.6,4538.2,421
1779337500,4538.2,4541.3,4537.7,4541,788
1779337800,4541,4541.8,4537.6,4538.2,606
1779338100,4538.1,4538.7,4534.9,4538.5,482
1779338400,4538.4,4539.5,4537.4,4538.4,267
1779338700,4538.5,4538.5,4536.6,4537.9,304
1779339000,4537.8,4540,4536.8,4537,325
1779339300,4537.3,4540.5,4537.3,4539.6,289
1779339600,4539.8,4541.7,4537.9,4539.5,436
1779339900,4539.5,4539.8,4532,4533,793
1779340200,4533,4534.5,4531,4532.2,635
1779340500,4532.2,4532.4,4526.9,4528.5,1071
1779340800,4528.3,4528.8,4525.8,4525.8,797
1779341100,4525.9,4529.1,4522.5,4524,1750
1779341400,4524.2,4528.2,4519.1,4526.7,1627
1779341700,4526.6,4528.3,4522.2,4526.8,847
1779342000,4527,4527.9,4525.1,4526.9,404
1779342300,4526.7,4527.8,4519.1,4524,1052
1779342600,4524.4,4531,4523.7,4530.7,936
1779342900,4530.7,4530.7,4526.9,4528.9,656
1779343200,4528.3,4536.5,4527.7,4534.3,1445
1779343500,4534.7,4536.3,4532,4532,613
1779343800,4532.2,4533.6,4528.4,4532.4,903
1779344100,4532.7,4533.6,4529.4,4531.3,608
1779344400,4531.2,4541.2,4530.5,4535.4,2315
1779344700,4535.2,4536.6,4531.1,4534.2,500
1779345000,4534.1,4536.2,4529.1,4531,815
1779345300,4531.1,4532.5,4528.6,4529,667
1779345600,4529.1,4529.1,4523.8,4525.9,1078
1779345900,4525.2,4527.5,4522.8,4524.9,685
1779346200,4524.4,4525.3,4521.5,4523.8,761
1779346500,4523.9,4524.5,4520,4522.8,863
1779346800,4522.8,4525.8,4520.4,4522,1008
1779347100,4522,4524,4518.6,4523.2,726
1779347400,4522.9,4523.8,4520.4,4522,413
1779347700,4521.7,4522.9,4518.5,4522.6,831
1779348000,4522.6,4525,4518.1,4519.6,770
1779348300,4519.3,4520.3,4513.3,4514.5,1410
1779348600,4514.4,4518.8,4513.3,4518,1026
1779348900,4518,4518.2,4515.6,4516.4,470
1779349200,4516.5,4518.2,4515.2,4517.6,322
1779349500,4517.6,4519.3,4515.2,4519.3,520
1779349800,4519,4524.4,4516.5,4521.9,1394
1779350100,4521.7,4523.9,4520.5,4520.7,484
1779350400,4521,4525,4519.2,4524.7,729
1779350700,4524.6,4530.5,4523.2,4529.7,1291
1779351000,4529.8,4537.2,4529.1,4535.4,1453
1779351300,4535.7,4538.2,4531.2,4531.8,1549
1779351600,4531.7,4534.3,4530.8,4534,666
1779351900,4533.9,4538.1,4530.4,4537.1,1135
1779352200,4536.7,4537.1,4529.5,4531,968
1779352500,4531,4532.6,4527.7,4529.5,844
1779352800,4529.7,4533.9,4529.3,4530.5,448
1779353100,4530.7,4534.3,4529.1,4531.8,640
1779353400,4531.8,4534.1,4531.4,4533.5,374
1779353700,4533.8,4536.1,4533.6,4533.9,462
1779354000,4533.8,4535.4,4533,4533.8,380
1779354300,4533.7,4537.5,4532.9,4534.9,692
1779354600,4535.5,4541.7,4534.4,4539,1039
1779354900,4539,4542.8,4537.7,4541.6,780
1779355200,4541.5,4543.9,4538.4,4538.6,1095
1779355500,4538.5,4540.8,4536.6,4538.4,825
1779355800,4538.1,4544.3,4534.5,4536.5,1467
1779356100,4536.5,4538,4533.8,4533.9,533
1779356400,4534,4535.9,4530.6,4531.2,655
1779356700,4531.1,4533.1,4528.8,4532.6,599
1779357000,4532.8,4534.3,4532.5,4533.8,308
1779357300,4534,4534.2,4530.7,4531.7,350
1779357600,4531.7,4534.7,4531.4,4534.7,474
1779357900,4534.3,4537.3,4531.8,4536.1,681
1779358200,4536.1,4536.6,4531.3,4533.6,558
1779358500,4533.8,4535.8,4531.7,4535.5,566
1779358800,4535.4,4535.6,4533.1,4535.4,318
1779359100,4535.4,4535.7,4510.8,4519.2,4205
1779359400,4519.4,4519.6,4509,4515.7,2433
1779359700,4515.8,4519.1,4508.5,4510,1501
1779360000,4509.9,4519.2,4505.8,4518.1,1852
1779360300,4517.9,4519,4514.5,4517.7,898
1779360600,4517.9,4518.3,4511.4,4517.1,855
1779360900,4516.7,4517.3,4511.8,4512.5,729
1779361200,4512.7,4521.2,4511.5,4517.2,1375
1779361500,4517.3,4519.4,4515.8,4517.8,508
1779361800,4518,4519.3,4516.2,4517.2,473
1779362100,4517.3,4521,4516.6,4520.3,512
1779362400,4520.1,4522.4,4516.1,4517,1392
1779362700,4516.9,4516.9,4513.5,4515.2,632
1779363000,4515.2,4517,4511.1,4511.6,618
1779363300,4511.6,4513.3,4509,4511.4,812
1779363600,4511.4,4515.2,4511.2,4513.3,570
1779363900,4513.1,4516.5,4512.6,4514.1,473
1779364200,4514.4,4518.7,4513.8,4515.3,641
1779364500,4515.3,4515.4,4511.8,4515.2,709
1779364800,4515.3,4517.9,4515.1,4516.8,737
1779365100,4516.6,4519.5,4514.6,4519,719
1779365400,4518.9,4520.3,4514.6,4515.6,736
1779365700,4515.7,4515.7,4510.3,4513.5,961
1779366000,4513.5,4513.8,4506.7,4507.5,1842
1779366300,4507.7,4509,4503.1,4507.4,1641
1779366600,4507.7,4519,4505.9,4515.5,2657
1779366900,4515.9,4517.9,4509.2,4512.8,2082
1779367200,4513.1,4516.4,4511,4515.8,1135
1779367500,4515.8,4519.5,4510.6,4511.1,1340
1779367800,4511,4512,4507.8,4508.9,1246
1779368100,4509.1,4510.6,4501.4,4505.1,2047
1779368400,4504.9,4513.5,4499.8,4513.2,3024
1779368700,4513.2,4513.8,4502.7,4505.7,1827
1779369000,4505.6,4506.1,4501.5,4503.1,1534
1779369300,4503.1,4506.5,4496.9,4500.1,2592
1779369600,4499.9,4504.1,4497.4,4499.1,1429
1779369900,4499.4,4502.3,4496,4502,1546
1779370200,4502.2,4502.3,4490.6,4494.9,3453
1779370500,4494.7,4497,4488.5,4492.7,3275
1779370800,4492.8,4503.6,4492.4,4499.1,2543
1779371100,4498.4,4504.7,4495.6,4500.8,2495
1779371400,4500.7,4522.2,4500.2,4519,5205
1779371700,4518.9,4522,4512.7,4514.6,2939
1779372000,4514.3,4516.9,4506.6,4508.7,3865
1779372300,4508.8,4512,4504,4506.7,2169
1779372600,4506.5,4511.6,4504.9,4509.7,2185
1779372900,4509.7,4510.9,4499.4,4503.1,2548
1779373200,4503.2,4505.5,4498.7,4503.4,1705
1779373500,4503.6,4509.9,4502.5,4508.8,1388
1779373800,4509,4512.7,4505.7,4508.4,1779
1779374100,4508.4,4512.7,4508,4510.2,1535
1779374400,4510.1,4510.6,4503.6,4506,1825
1779374700,4505.9,4513.2,4502.9,4505.6,2094
1779375000,4505.8,4514,4503.2,4510.5,1976
1779375300,4510.8,4512.4,4506.8,4510.3,1025
1779375600,4510.3,4511.8,4504.4,4506,1131
1779375900,4505.4,4506.6,4496,4503.1,2483
1779376200,4502.8,4517.1,4500.6,4511.4,3107
1779376500,4511.5,4513.2,4508.5,4509.5,983
1779376800,4509.6,4511.5,4504.1,4505.8,1302
1779377100,4505.7,4506.5,4503.2,4504.7,757
1779377400,4504.6,4510.1,4503.5,4508.9,1057
1779377700,4508.6,4511.4,4507.8,4510.5,797
1779378000,4510.6,4510.9,4507.8,4508.1,667
1779378300,4508,4512,4508,4512,625
1779378600,4512,4514,4510.7,4512.3,679
1779378900,4512.2,4513.8,4510.5,4513.1,546
1779379200,4513.2,4520.4,4513.2,4516.8,1775
1779379500,4517.3,4522.5,4516.5,4521.1,1673
1779379800,4521.5,4521.6,4515.7,4518.6,1380
1779380100,4518.5,4520.3,4515.8,4520.1,744
1779380400,4519.8,4520.3,4516.7,4518.4,636
1779380700,4518.8,4519.2,4517.2,4517.7,400
1779381000,4517.8,4520.3,4517.3,4519.4,528
1779381300,4519.3,4520.8,4517.3,4517.9,422
1779381600,4518.1,4519.6,4516.7,4519.3,454
1779381900,4519.6,4521.8,4518.4,4518.6,623
1779382200,4518.2,4520.1,4516.8,4518.5,509
1779382500,4518.5,4520.7,4518,4520.5,395
1779382800,4520.8,4525.2,4517,4517.3,1269
1779383100,4517.2,4519.5,4515,4519,960
1779383400,4519.1,4533.1,4519,4527.7,4817
1779383700,4527.6,4542.4,4527.2,4537,4430
1779384000,4537,4548.3,4534.8,4538.2,3803
1779384300,4538.5,4543.8,4537,4543.4,2070
1779384600,4543.2,4550.9,4540.4,4544.3,2255
1779384900,4544.4,4546.9,4543,4544.2,771
1779385200,4544.1,4550.2,4544,4549.9,1387
1779385500,4550,4555.4,4546.4,4555.1,1635
1779385800,4555.1,4559.6,4553.2,4558.6,1676
1779386100,4558.6,4561.2,4552.9,4553.1,1670
1779386400,4553.2,4558,4545.6,4546,2142
1779386700,4545.5,4551.5,4544.5,4550.4,1302
1779387000,4550.6,4551.4,4546,4547.5,1056
1779387300,4547.7,4551.4,4545.9,4551,838
1779387600,4551,4552.3,4547.9,4551.9,756
1779387900,4552.1,4552.1,4548.6,4550,512
1779388200,4549.9,4551.1,4546.7,4547.9,557
1779388500,4547.8,4548,4544.1,4545,490
1779388800,4544.9,4548.6,4544.3,4546.9,586
1779389100,4546.6,4547.6,4535.9,4539.7,2150
1779389400,4540,4543.2,4529,4529.4,2553
1779389700,4528.8,4533.6,4528.4,4533.5,1634
1779390000,4533.6,4538.8,4532.7,4537.1,1224
1779390300,4537.2,4538.7,4531.1,4537.7,1049
1779390600,4537.8,4539.6,4535.7,4539.1,586
1779390900,4539.3,4542.8,4539,4542.6,731
1779391200,4542.8,4543.7,4540.4,4540.8,674
1779391500,4540.7,4541.9,4538.7,4540.3,543
1779391800,4539.9,4542.2,4539.9,4540.6,314
1779392100,4540.5,4543.6,4540.4,4543,337
1779392400,4543.6,4544.5,4540.1,4540.4,469
1779392700,4540.5,4543.4,4539.9,4542.6,418
1779393000,4542.6,4544.2,4535.4,4537.4,988
1779393300,4537.2,4546.2,4536.5,4544,1494
1779393600,4544.1,4545.2,4542.1,4542.8,491
1779393900,4542.8,4545.9,4542.1,4542.4,339
1779394200,4542.3,4544.3,4542.2,4543.4,177
1779394500,4543.3,4543.3,4542.2,4542.8,76
1779394800,4542.9,4543.6,4541.5,4542.2,120
1779395100,4542,4542.6,4540.8,4542.4,149
1779395400,4542.5,4543.3,4541.4,4542,142
1779395700,4542.1,4543,4541.2,4542.6,148
1779396000,4542.5,4542.8,4541.3,4541.9,138
1779396300,4541.6,4542.7,4541.2,4541.4,261
1779396600,4541.2,4543.1,4540.8,4543,183
1779396900,4543,4544.8,4542.6,4544.1,216
1779400800,4544.5,4548.1,4542.1,4545.6,527
1779401100,4545.6,4545.8,4540.5,4541.2,498
1779401400,4541.1,4544.1,4540.5,4542.7,233
1779401700,4542.5,4543.8,4542.2,4543.2,181
1779402000,4543.3,4543.4,4542.1,4542.4,127
1779402300,4542.4,4542.4,4540.6,4541.8,226
1779402600,4542,4542.5,4541.3,4541.6,137
1779402900,4541.8,4542.4,4540.5,4541.2,137
1779403200,4541,4545.7,4541,4543.6,442
1779403500,4543.4,4544.1,4542.6,4542.7,143
1779403800,4542.6,4543.3,4541.5,4541.9,218
1779404100,4541.8,4544.3,4541.5,4544.2,253
1779404400,4544.1,4546.6,4543.6,4544.1,428
1779404700,4544.3,4544.7,4543.2,4544.2,225
1779405000,4544,4545.2,4543.8,4544.7,224
1779405300,4544.9,4545.3,4541.8,4542.4,330
1779405600,4542.2,4542.7,4536.2,4539.8,732
1779405900,4539.8,4542.4,4539.5,4541.3,338
1779406200,4541.4,4541.4,4537.2,4538.4,434
1779406500,4538.5,4538.8,4535.4,4538.6,445
1779406800,4538.3,4538.7,4533.3,4533.3,745
1779407100,4533.6,4536.9,4533.5,4536.9,554
1779407400,4536.5,4537.3,4532.7,4533.4,754
1779407700,4533.6,4536.6,4533.5,4536.1,347
1779408000,4536.4,4537.9,4531.5,4532.8,1168
1779408300,4532.9,4535.1,4532.4,4534.5,580
1779408600,4534,4534.3,4532.1,4532.1,443
1779408900,4532,4535.2,4530.8,4533,690
1779409200,4532.9,4539.1,4532.7,4535,1162
1779409500,4534.9,4537.5,4533.9,4537.4,426
1779409800,4537.3,4539.8,4536.7,4537.7,745
1779410100,4537.7,4542.2,4537,4540.7,835
1779410400,4540.8,4541.6,4537.5,4538.5,828
1779410700,4538.9,4539.7,4534.5,4535.7,669
1779411000,4535.7,4536.8,4528.2,4530.1,1543
1779411300,4529.8,4531.7,4526.6,4527.8,1132
1779411600,4527.7,4537.6,4527.1,4531.2,2429
1779411900,4531.2,4532.1,4524.2,4526.2,2118
1779412200,4526.3,4530.9,4525.2,4530.7,691
1779412500,4530.6,4534.2,4529.5,4532.3,1018
1779412800,4532.7,4534.7,4528.3,4528.9,740
1779413100,4529.4,4533.2,4527.3,4529.9,594
1779413400,4530.1,4530.9,4525.3,4526.8,930
1779413700,4526.4,4527.9,4522.7,4524.2,1287
1779414000,4524.2,4528.6,4521.8,4526,995
1779414300,4525.9,4530.1,4525.8,4528.7,670
1779414600,4528.9,4533.3,4527.6,4528.4,1046
1779414900,4528.2,4528.9,4526,4526.7,631
1779415200,4527,4529.5,4525.3,4527.8,641
1779415500,4527.6,4527.9,4522.2,4527,985
1779415800,4526.8,4530.5,4525.6,4528.1,591
1779416100,4528.3,4529.7,4524.5,4524.6,654
1779416400,4524.5,4527,4523.1,4524.9,474
1779416700,4525.1,4526,4524.1,4525.3,227
1779417000,4525.3,4525.3,4519.6,4520.8,1270
1779417300,4520.7,4523.5,4520.7,4523,619
1779417600,4522.9,4525.9,4522.6,4523.7,646
1779417900,4523.7,4526.4,4522.9,4526,384
1779418200,4526,4528,4523,4523.1,753
1779418500,4523.1,4524.3,4520.4,4523.9,696
1779418800,4523.9,4525.9,4522.3,4525.6,574
1779419100,4525.7,4526,4521.6,4522.9,456
1779419400,4522.8,4525.3,4521.2,4521.9,422
1779419700,4521.9,4523.5,4520.7,4522.1,385
1779420000,4522.4,4523.5,4520.6,4521.1,332
1779420300,4521.2,4522.9,4519.9,4522.5,468
1779420600,4522.6,4527.1,4522.4,4525.1,1127
1779420900,4524.9,4526.9,4523.8,4525.4,395
1779421200,4525.6,4528.5,4524.3,4527.4,539
1779421500,4527.4,4530.7,4527.4,4529.7,576
1779421800,4529.8,4530.1,4527.2,4528.3,396
1779422100,4528.5,4530.5,4527.9,4530.4,275
1779422400,4530.5,4531.1,4529.2,4529.6,362
1779422700,4529.6,4531.4,4529.2,4529.4,482
1779423000,4529.5,4531.1,4528.6,4530.1,424
1779423300,4530.1,4531.1,4528.9,4529,245
1779423600,4528.9,4530.1,4528.3,4529.1,210
1779423900,4529.2,4533.9,4528.8,4533,654
1779424200,4533.1,4533.7,4530.6,4531,487
1779424500,4531.1,4531.3,4527.1,4527.5,694
1779424800,4527.4,4530.2,4526.5,4530.2,619
1779425100,4530.1,4530.4,4528.9,4529.2,322
1779425400,4529,4531.2,4529,4530,261
1779425700,4529.6,4530.4,4527.9,4528.2,266
1779426000,4528,4530.9,4524.6,4526.8,776
1779426300,4526.6,4528.8,4526.5,4527.7,459
1779426600,4527.9,4527.9,4526.1,4526.4,211
1779426900,4526.5,4527.4,4524.1,4526.9,443
1779427200,4526.9,4529.6,4526.4,4527.9,673
1779427500,4527.9,4529.7,4526.6,4526.9,577
1779427800,4526.5,4532.1,4525.9,4529.4,1017
1779428100,4529.6,4535,4529,4534.6,799
1779428400,4534.6,4535.4,4532.2,4534.8,813
1779428700,4534.9,4535.4,4532,4533.3,589
1779429000,4533.4,4535.1,4529.5,4529.6,709
1779429300,4529.8,4529.8,4508.3,4512.3,4923
1779429600,4512.1,4520.3,4510.9,4519.9,2104
1779429900,4519.7,4524,4519.4,4523.5,1320
1779430200,4523.4,4525.2,4521.9,4522.5,995
1779430500,4522.2,4524.2,4517.1,4519.6,1154
1779430800,4519.5,4526.5,4518,4523.7,1249
1779431100,4523.6,4527,4522.8,4526.1,667
1779431400,4526.3,4528.2,4523.9,4526.3,932
1779431700,4526.7,4527.8,4523.4,4523.8,459
1779432000,4523.8,4527.7,4522.3,4526.9,704
1779432300,4527.5,4529.8,4525.7,4528.1,971
1779432600,4527.9,4529.2,4524.5,4525.8,610
1779432900,4526,4528.4,4525.6,4527.5,465
1779433200,4527.6,4527.7,4523.5,4526.7,964
1779433500,4526.7,4527.1,4523.4,4526,714
1779433800,4526.2,4527.1,4521.8,4523.1,754
1779434100,4523,4526.3,4522.6,4525.5,534
1779434400,4525.5,4528.2,4525,4527.2,637
1779434700,4526.9,4528.1,4525.1,4526.6,469
1779435000,4526.4,4526.6,4521.5,4523.3,811
1779435300,4523,4524,4517.7,4517.7,902
1779435600,4517.7,4521.8,4516.5,4520.6,835
1779435900,4520.4,4520.9,4518,4519,469
1779436200,4519.2,4523.8,4518.4,4522.3,666
1779436500,4522.5,4524.1,4521.9,4522.7,337
1779436800,4522.6,4526.6,4522.3,4525.6,663
1779437100,4525.8,4528,4524.1,4527.5,623
1779437400,4527.7,4531,4524.3,4525.5,1152
1779437700,4525.5,4529.6,4524.6,4528.7,949
1779438000,4529,4532.2,4526.5,4528.8,877
1779438300,4528.9,4529.6,4525.2,4527.8,543
1779438600,4527.7,4528.1,4518.7,4520.5,1097
1779438900,4520.3,4525.1,4517.4,4522.9,1697
1779439200,4523,4523.7,4521.5,4523.1,433
1779439500,4523.4,4525,4523,4523,365
1779439800,4523.2,4526.1,4522.7,4524.8,431
1779440100,4524.7,4524.7,4522.2,4522.7,246
1779440400,4522.6,4525.5,4521.1,4524.8,515
1779440700,4524.5,4526.2,4520.7,4522.8,558
1779441000,4522.7,4523.9,4517.3,4517.8,536
1779441300,4517.8,4520.2,4515.7,4519.3,1003
1779441600,4518.9,4520.6,4518.6,4519.8,270
1779441900,4519.4,4521.8,4517.6,4518.3,408
1779442200,4518.2,4520.1,4515.2,4520,907
1779442500,4520,4525.1,4519.1,4525.1,608
1779442800,4525.2,4526.9,4523.5,4525.7,534
1779443100,4525.9,4529.5,4525.1,4529,546
1779443400,4529.2,4536.7,4529.2,4533.9,1333
1779443700,4534.1,4536.3,4532.8,4532.9,606
1779444000,4533.1,4533.7,4530.3,4530.6,521
1779444300,4530.5,4538.1,4530.5,4536.4,886
1779444600,4536.4,4537.7,4534.5,4534.6,578
1779444900,4534.7,4535.2,4532.1,4532.3,616
1779445200,4532.2,4532.3,4528.6,4530.8,638
1779445500,4530.7,4531.3,4525.4,4525.9,727
1779445800,4525.5,4526.5,4519.6,4519.9,1009
1779446100,4520,4521.8,4515.7,4519.4,1469
1779446400,4519.7,4519.7,4513.4,4513.7,1032
1779446700,4513.7,4516.3,4511.2,4514.4,915
1779447000,4514,4516.7,4513.6,4513.9,633
1779447300,4513.8,4516.4,4513.1,4515.6,375
1779447600,4515.6,4517.5,4514.8,4517.1,601
1779447900,4517,4518.3,4516.4,4517.1,428
1779448200,4517.1,4517.1,4514.5,4516.7,548
1779448500,4516.6,4516.6,4512.5,4513.6,545
1779448800,4513.7,4514.6,4512.9,4513,291
1779449100,4513.1,4516.4,4512.2,4512.7,535
1779449400,4512.7,4518.3,4512,4517.8,550
1779449700,4517.8,4521.3,4517.2,4519.3,853
1779450000,4519.3,4523.8,4517.7,4522.7,920
1779450300,4522.6,4525.9,4521.9,4523.4,1057
1779450600,4523.5,4524.8,4522.6,4523.8,389
1779450900,4523.8,4524.2,4520.4,4521.1,592
1779451200,4521.1,4523,4519,4522.3,1068
1779451500,4521.9,4523.9,4519.9,4520.6,676
1779451800,4520.4,4531.4,4520.2,4530.7,3064
1779452100,4530.3,4537.4,4526.7,4534.5,2839
1779452400,4534.4,4535.6,4525.1,4528.4,1983
1779452700,4528.6,4529.6,4521.8,4522.4,1304
1779453000,4522.4,4524.7,4518.3,4519.2,1654
1779453300,4518.9,4519.9,4515.7,4518.9,1466
1779453600,4519,4521,4517,4519.7,1129
1779453900,4519.5,4521,4518.2,4519.5,584
1779454200,4519.6,4522.6,4519.2,4520.9,949
1779454500,4521.1,4529.8,4520.1,4529.3,1367
1779454800,4529.3,4531.7,4521.6,4524.9,2178
1779455100,4525.2,4533.9,4523.2,4533.1,1726
1779455400,4533.3,4535.7,4528,4529.3,2824
1779455700,4529.3,4531,4526.3,4528.5,1216
1779456000,4528.7,4529.7,4524.3,4524.5,733
1779456300,4524.6,4525.3,4521.6,4522.7,866
1779456600,4522.6,4528.4,4520.2,4523.6,1957
1779456900,4523.3,4525.2,4518.9,4520.6,1327
1779457200,4520.8,4520.9,4510.9,4518.3,3035
1779457500,4518.1,4519.7,4510.3,4511.6,1918
1779457800,4511.5,4518.4,4510.4,4517.6,1616
1779458100,4517.4,4517.8,4512.1,4514.5,1005
1779458400,4514.2,4514.6,4503.3,4508.2,4300
1779458700,4508.1,4511.6,4504.8,4510.8,1847
1779459000,4510.5,4511.9,4490.6,4498.2,3497
1779459300,4498.1,4501.9,4492.8,4498.3,2996
1779459600,4498.7,4500,4490,4494.9,2415
1779459900,4494.8,4501,4492.1,4499.6,2024
1779460200,4499.6,4502.9,4497.6,4501.9,1818
1779460500,4501.3,4505,4498.5,4500.8,1739
1779460800,4501,4506.9,4500.7,4504.9,1358
1779461100,4505.1,4508.3,4504.8,4505.1,1226
1779461400,4504.9,4505.6,4502.4,4504.6,1098
1779461700,4504.7,4504.8,4501,4501.2,933
1779462000,4501.5,4506.7,4501,4506.5,1066
1779462300,4506.2,4512.3,4506,4511.9,2213
1779462600,4511.7,4512.8,4510.1,4511.9,1138
1779462900,4512,4517.2,4511.6,4516.3,1532
1779463200,4516.3,4516.5,4514,4514.9,994
1779463500,4514.9,4519.9,4514,4519.9,1466
1779463800,4520,4522.9,4519,4520,1677
1779464100,4519.8,4522.5,4518.8,4521.4,915
1779464400,4521.4,4522.1,4517.5,4519,972
1779464700,4518.9,4520.8,4515.3,4515.5,1353
1779465000,4515.8,4519.2,4515.6,4517.5,757
1779465300,4517.9,4523.9,4517.7,4521.1,1351
1779465600,4521.2,4521.7,4517.5,4519.8,1066
1779465900,4520.1,4520.8,4517.7,4518.8,519
1779466200,4518.9,4521.1,4518.5,4520.4,414
1779466500,4520.2,4520.4,4517.8,4518.1,598
1779466800,4518.2,4521.8,4517.9,4521.6,431
1779467100,4521.6,4525.9,4521.4,4525.4,1742
1779467400,4525.1,4528.8,4522.9,4523.6,1424
1779467700,4523.5,4524.2,4519.7,4521,842
1779468000,4520.9,4521.1,4512.1,4516.1,1659
1779468300,4516.2,4519.7,4514.4,4515.1,1279
1779468600,4515.2,4516.7,4513.6,4515.4,644
1779468900,4515.2,4516.6,4513.2,4516.4,558
1779469200,4516.5,4521,4516.3,4520.4,1057
1779469500,4520.4,4522.2,4519.5,4521.7,725
1779469800,4521.8,4522.8,4520.5,4520.8,717
1779470100,4520.8,4521.7,4515.6,4516.3,1035
1779470400,4516.4,4518.5,4514.5,4518.1,1013
1779470700,4517.9,4527.6,4517.1,4527,3077
1779471000,4526.8,4531,4521.4,4521.4,2087
1779471300,4521.5,4525.7,4520.6,4524.8,775
1779471600,4525.1,4525.9,4523.4,4523.4,454
1779471900,4523.7,4524.4,4522.2,4522.8,418
1779472200,4522.8,4523.4,4520.3,4521.3,634
1779472500,4521.3,4523.4,4520,4520.6,467
1779472800,4520.9,4521.1,4513.2,4517,1345
1779473100,4517,4519.1,4515.8,4517.2,568
1779473400,4517.3,4517.6,4514.5,4515.8,398
1779473700,4515.6,4518.3,4513.7,4516.7,430
1779474000,4516.9,4519.8,4516.7,4518.5,436
1779474300,4518.3,4519.5,4516.9,4517,332
1779474600,4517.1,4519,4515.7,4518.9,378
1779474900,4518.7,4523.3,4516.4,4520.2,1075
1779475200,4520.1,4520.5,4516.4,4516.9,397
1779475500,4517,4517.7,4514.5,4514.6,341
1779475800,4515,4518.1,4514.6,4517.5,329
1779476100,4517.3,4517.6,4515.1,4517.2,497
1779476400,4517,4518,4511.2,4512.8,1515
1779476700,4512.7,4513.1,4509.7,4510.5,673
1779477000,4510.4,4512.5,4508.6,4509.2,555
1779477300,4509.1,4510.9,4508.8,4510.7,401
1779477600,4510.9,4511,4508.9,4509.7,342
1779477900,4509.5,4510.5,4508.1,4508.7,322
1779478200,4509,4510.3,4505.9,4510,804
1779478500,4510,4511.6,4509,4511.3,736
1779478800,4510.9,4512.8,4510.5,4511.5,485
1779479100,4511.5,4511.7,4508.7,4509.3,444
1779479400,4509.1,4510,4507.9,4509.4,518
1779479700,4509.2,4510.9,4509,4509.9,443
1779480000,4510.1,4511.1,4506.2,4507.9,622
1779480300,4507.6,4508.9,4506.8,4508.7,215
1779480600,4508.7,4509.8,4507.8,4509.5,146
1779480900,4509.5,4511.1,4508.2,4510.2,163
1779481200,4510.5,4511.9,4510.2,4511.2,164
1779481500,4511,4511.9,4509.9,4511.9,161
1779481800,4511.7,4512.1,4507.4,4508.9,483
1779482100,4508.3,4508.7,4507,4507.9,163
1779482400,4508,4508,4505.7,4505.9,283
1779482700,4506,4509.7,4505.4,4508.6,350
1779483000,4508.3,4508.6,4506,4508.6,261
1779483300,4508.5,4511.4,4508.2,4511,386
1779660000,4530.2,4555.5,4525.5,4553,4274
1779660300,4552.7,4559.9,4551.5,4557.1,2332
1779660600,4557.2,4560.4,4554.2,4557.6,2035
1779660900,4557.6,4558.7,4551,4554.3,1848
1779661200,4554.6,4557.8,4554,4556.5,1022
1779661500,4556.6,4557.5,4553.2,4553.9,914
1779661800,4553.8,4563.2,4553.2,4560.8,1668
1779662100,4560.9,4561.6,4558.8,4560.1,911
1779662400,4560,4560.7,4558.6,4560.5,603
1779662700,4560.4,4567.8,4560.1,4567.2,1270
1779663000,4567.5,4567.5,4564.2,4564.2,824
1779663300,4564.3,4567.6,4563.8,4567.1,499
1779663600,4567,4571,4567,4570.6,1417
1779663900,4570.5,4576.5,4569.9,4574.7,1680
1779664200,4574.9,4578.8,4574.9,4576.7,927
1779664500,4577,4579.8,4575.4,4576.2,824
1779664800,4576.2,4580.4,4576,4578.9,853
1779665100,4578.9,4580.3,4575.9,4577.1,985
1779665400,4577.1,4581.1,4577.1,4580.2,1002
1779665700,4580.3,4581.4,4579.7,4581,587
1779666000,4580.8,4582.7,4579,4579.1,792
1779666300,4579.4,4580.3,4577.4,4579,664
1779666600,4578.6,4578.9,4575.9,4577.1,723
1779666900,4576.9,4577.1,4567.6,4569,1495
1779667200,4568.9,4573.5,4568.1,4570.9,1563
1779667500,4570.8,4576.4,4570,4575.3,990
1779667800,4575.5,4578,4572.3,4574.6,943
1779668100,4574.7,4575.4,4571.6,4573.3,608
1779668400,4573.4,4576.8,4571.6,4576.6,675
1779668700,4576.7,4577.7,4571.8,4574.4,706
1779669000,4574.3,4576.7,4573.5,4575.8,601
1779669300,4575.5,4577.6,4574.1,4577,522
1779669600,4576.7,4576.7,4572.2,4573.4,489
1779669900,4573.8,4581.6,4572.5,4578.5,1018
1779670200,4578.6,4579.5,4573.3,4575.4,775
1779670500,4575.3,4576.4,4566.9,4570.8,1712
1779670800,4570.7,4578.1,4568.1,4570.1,2441
1779671100,4569.8,4571.2,4561.5,4563.1,2029
1779671400,4563.3,4568.1,4562.9,4566.9,1331
1779671700,4566.6,4567.7,4563.4,4567.7,1065
1779672000,4567.4,4574.4,4566.4,4572.6,1281
1779672300,4572.6,4576.7,4569.5,4574.6,977
1779672600,4574.5,4576.1,4569.8,4570.1,718
1779672900,4570.1,4573.1,4569.9,4571.3,610
1779673200,4571.2,4572,4564,4564.5,812
1779673500,4564.1,4566,4561.2,4564.6,1297
1779673800,4564.5,4568.2,4562.3,4567.4,691
1779674100,4567.1,4567.6,4561.7,4563.5,626
1779674400,4563.5,4566.3,4562.2,4563.3,477
1779674700,4563.4,4569.3,4563,4568.5,601
1779675000,4568.6,4568.9,4561.9,4562.8,507
1779675300,4562.8,4563.3,4559.6,4562.6,738
1779675600,4562.6,4564.4,4560.5,4563.3,369
1779675900,4563.5,4563.9,4560.5,4563.7,319
1779676200,4564,4566.3,4561.9,4564.4,752
1779676500,4564.4,4566.3,4562.6,4565.9,479
1779676800,4566.3,4570.7,4565.3,4570.7,715
1779677100,4570.6,4571.1,4563.2,4564.4,888
1779677400,4564.5,4565.7,4562.6,4562.6,280
1779677700,4562.5,4563.6,4560,4562.1,697
1779678000,4562.1,4565.3,4561.7,4563.5,603
1779678300,4563.8,4564.4,4560.8,4563.8,415
1779678600,4563.6,4564.4,4562.1,4563.8,189
1779678900,4563.8,4564,4562.1,4562.6,244
1779679200,4562.5,4565.2,4561.9,4561.9,438
1779679500,4561.9,4562.7,4560.9,4561.1,250
1779679800,4561.3,4563.1,4560,4562.6,463
1779680100,4562.2,4565.1,4562.2,4563.4,504
1779680400,4563.3,4563.4,4558.4,4559,606
1779680700,4559,4559.8,4557.4,4559.1,624
1779681000,4559.2,4560.8,4557.1,4560.5,365
1779681300,4560.6,4562,4560,4560.2,348
1779681600,4560.5,4562.7,4560,4561.9,284
1779681900,4561.9,4562.7,4561.4,4562.2,169
1779682200,4562.2,4563.3,4560.5,4561.5,345
1779682500,4561.4,4562.8,4560.6,4561.7,264
1779682800,4561.9,4565.3,4561.9,4564.6,413
1779683100,4564.7,4566.7,4564.6,4565.8,259
1779683400,4566,4566.3,4561.1,4561.6,519
1779683700,4561.8,4563.3,4560.4,4562.9,381
1779684000,4562.8,4564,4561.4,4563.4,242
1779684300,4563.4,4565.5,4563,4565,126
1779684600,4564.8,4566.7,4564.1,4565.1,257
1779684900,4565.5,4566.7,4565,4566,314
1779685200,4565.7,4567.3,4564,4566.8,432
1779685500,4566.9,4567.2,4565.4,4566,260
1779685800,4565.9,4566.4,4564,4564.8,254
1779686100,4564.6,4564.9,4563.6,4564.3,156
1779686400,4564,4564,4557.1,4557.9,996
1779686700,4557.7,4558.4,4555.2,4555.3,684
1779687000,4555.5,4560.9,4553.8,4558.6,1262
1779687300,4558.9,4561.7,4558.7,4560.9,559
1779687600,4561,4561.9,4556.5,4558,587
1779687900,4558,4559.1,4555.8,4556,340
1779688200,4556,4556.4,4552.7,4555.1,657
1779688500,4555.1,4556.6,4554,4554.6,334
1779688800,4554.4,4557,4553.4,4554,619
1779689100,4554.1,4554.7,4551.3,4553,565
1779689400,4553.1,4555.6,4552.5,4554.9,463
1779689700,4555,4556.5,4553.6,4555.5,575
1779690000,4555.6,4557.8,4553,4557.6,425
1779690300,4557.4,4558.4,4555,4555.2,322
1779690600,4555.4,4557.1,4554.5,4556.3,448
1779690900,4556.2,4558.5,4555.7,4556.3,368
1779691200,4556.1,4558.2,4556,4557.4,303
1779691500,4557.4,4560.3,4557.2,4558.7,645
1779691800,4558.9,4560.3,4557.4,4559.5,489
1779692100,4559.6,4564.2,4559.6,4563.4,770
1779692400,4563.7,4565.8,4561.9,4564.8,643
1779692700,4564.6,4565.5,4562.2,4563.1,440
1779693000,4562.7,4565.3,4561.6,4561.6,431
1779693300,4561.7,4562.1,4553.6,4556.4,1624
1779693600,4556,4557.2,4553.2,4557.1,813
1779693900,4556.7,4558,4555.2,4555.7,468
1779694200,4555.4,4563.2,4555.2,4560.2,1076
1779694500,4560.2,4561.3,4558.4,4560.1,233
1779694800,4560,4562.4,4559.8,4561,236
1779695100,4561,4563.6,4559.6,4563.6,378
1779695400,4563.4,4566.7,4562.9,4565.2,619
1779695700,4565.3,4566.7,4564.7,4566.1,362
1779696000,4566.5,4566.6,4563.6,4564.3,495
1779696300,4564.2,4564.6,4561.3,4563.2,417
1779696600,4563.2,4563.6,4561.1,4562.4,192
1779696900,4562.4,4562.5,4561.1,4562.4,173
1779697200,4562.3,4562.6,4556.6,4556.8,563
1779697500,4556.8,4557.6,4555.2,4556.1,854
1779697800,4556.5,4559.3,4555.6,4558.4,387
1779698100,4558.5,4559.4,4556.5,4557.5,296
1779698400,4557.5,4558,4554.8,4556,285
1779698700,4556.2,4556.8,4555,4555.9,308
1779699000,4556.1,4558,4555.8,4557.4,320
1779699300,4557.6,4558.2,4557,4557.5,153
1779699600,4557.5,4560.3,4557.1,4558.9,315
1779699900,4558.8,4558.8,4556.5,4556.6,270
1779700200,4556.8,4558.8,4556.5,4556.8,186
1779700500,4557,4559.1,4557,4558.1,144
1779700800,4558,4558.1,4557,4558,221
1779701100,4558.1,4560.6,4558,4560.4,317
1779701400,4560.5,4566.9,4559.9,4566.7,798
1779701700,4566.6,4567.4,4564.4,4566.2,900
1779702000,4566.3,4567.7,4565.1,4567.3,476
1779702300,4567.3,4568.3,4565.6,4567.9,404
1779702600,4567.8,4570.5,4567.7,4568.9,564
1779702900,4568.7,4570.7,4568.4,4569.1,503
1779703200,4569.2,4571.7,4569.2,4570.5,424
1779703500,4570.6,4572.7,4570.5,4572.7,336
1779703800,4572.6,4574.3,4571.5,4573.4,782
1779704100,4573.6,4575.4,4573,4574.7,527
1779704400,4574.6,4574.6,4572.7,4574.2,340
1779704700,4574,4574.2,4571.5,4572.7,548
1779705000,4572.7,4574.9,4571.8,4574.3,382
1779705300,4574.4,4574.4,4572.5,4572.7,338
1779705600,4572.6,4572.8,4570.3,4572,713
1779705900,4572.2,4574.1,4572,4572.1,365
1779706200,4572.3,4572.5,4571.2,4571.9,221
1779706500,4571.9,4572.2,4570.4,4570.6,224
1779706800,4570.8,4570.8,4569.8,4570.4,255
1779707100,4570.6,4570.7,4569.4,4570.3,294
1779707400,4570.4,4574.4,4570.1,4574,384
1779707700,4574.1,4577.5,4573.7,4576.7,926
1779708000,4577,4577.1,4573.1,4573.9,595
1779708300,4573.7,4573.8,4571.2,4573.8,339
1779708600,4573.5,4576.6,4573.5,4575.1,586
1779708900,4575.2,4578.2,4574.8,4577.9,446
1779709200,4578.1,4578.2,4575.9,4576.5,318
1779709500,4576.5,4579.3,4573,4573,872
1779709800,4573.1,4574,4572.4,4572.5,247
1779710100,4572.8,4573.2,4571.1,4571.3,490
1779710400,4571.2,4571.5,4565.3,4566.5,1428
1779710700,4566.4,4566.4,4558.7,4562.1,2041
1779711000,4562.5,4563.2,4557.7,4558,1457
1779711300,4557.9,4558.6,4555.2,4555.5,1170
1779711600,4555.5,4559.1,4554.3,4557.6,1987
1779711900,4557.6,4562.4,4557.4,4561.9,1084
1779712200,4562.2,4565.7,4561.3,4565.7,976
1779712500,4565.7,4572.1,4564.8,4570.4,1564
1779712800,4570.5,4571,4568,4568.3,866
1779713100,4568.3,4570.2,4565.8,4568,1031
1779713400,4567.9,4569.1,4567.8,4568.7,280
1779713700,4568.8,4570.5,4568.5,4569.3,609
1779714000,4569.5,4569.5,4563.3,4566.2,1400
1779714300,4566.3,4573.2,4566,4570.2,1227
1779714600,4570.2,4570.3,4564.2,4565.9,721
1779714900,4565.7,4566,4562.2,4563.8,630
1779715200,4563.8,4566.3,4563.5,4564.9,538
1779715500,4565.1,4565.4,4562.5,4563.4,495
1779715800,4563.5,4566.2,4563.1,4565.9,483
1779716100,4566,4567.5,4564.7,4566.1,454
1779716400,4566.3,4567.3,4565.4,4566.7,396
1779716700,4566.8,4567,4561.7,4563.4,590
1779717000,4563.3,4565.3,4562.3,4565.1,452
1779717300,4565.3,4566.6,4564.7,4564.9,385
1779717600,4564.8,4569.1,4564,4568.8,787
1779717900,4568.9,4571.6,4568.8,4571.5,1208
1779718200,4571.3,4571.7,4568.6,4569.4,610
1779718500,4569.4,4570.7,4569,4570,329
1779718800,4570.1,4572,4569.3,4571.8,443
1779719100,4572.1,4572.4,4569,4569.6,352
1779719400,4569.7,4570,4566.7,4569.5,796
1779719700,4569.4,4570.2,4567.9,4568.9,333
1779720000,4569.1,4570.2,4568,4568.6,266
1779720300,4568.4,4570,4567.8,4569.9,455
1779720600,4569.9,4570.5,4567.2,4567.4,659
1779720900,4567.5,4568.9,4567,4568.4,421
1779721200,4568.3,4570.9,4568.2,4569.6,467
1779721500,4569.7,4569.7,4566.9,4568.3,306
1779721800,4568.1,4575.5,4567.7,4571.8,1934
1779722100,4572,4572.8,4569.7,4572,545
1779722400,4572.1,4575.2,4572.1,4574.8,763
1779722700,4574.6,4576.7,4573.3,4575.2,1139
1779723000,4575.3,4575.5,4571.9,4572.8,418
1779723300,4572.9,4573.1,4568.4,4570.6,742
1779723600,4570.2,4571.4,4569.6,4570.7,305
1779723900,4570.6,4572.3,4570.4,4572,265
1779724200,4572.1,4574.2,4571.9,4573.6,367
1779724500,4573.6,4574.7,4572.3,4572.7,288
1779724800,4572.8,4573.1,4570.3,4571,330
1779725100,4571,4571.9,4570.7,4571.1,202
1779725400,4571.2,4572.6,4571.1,4572.5,237
1779725700,4572.3,4572.7,4570.6,4570.6,193
1779726000,4570.7,4572.2,4570.6,4571.5,249
1779726300,4571.4,4572.1,4570.1,4570.1,118
1779726600,4570.1,4572.1,4569.9,4572.1,204
1779726900,4571.9,4573.2,4571.7,4572.9,158
1779727200,4572.9,4574.5,4572.3,4574.2,323
1779727500,4574,4575.2,4573.6,4575.1,264
1779727800,4575.1,4576.6,4572.7,4573.1,465
1779728100,4573.2,4576,4573,4575.6,263
1779728400,4575.6,4578.9,4575.6,4578.2,395
1779728700,4577.6,4578.5,4576.6,4578.2,199
1779729000,4578.2,4580.6,4576.1,4576.7,571
1779729300,4576.5,4577,4575.8,4576.2,177
1779729600,4576.2,4576.3,4573.4,4573.8,182
1779729900,4573.7,4574.2,4572.7,4573.8,300
1779730200,4573.9,4574,4572.3,4572.4,142
1779730500,4572.2,4572.4,4570.3,4570.4,236
1779730800,4570.3,4570.8,4569.1,4569.6,316
1779731100,4569.2,4569.2,4565.7,4567.8,408
1779731400,4567.9,4568.4,4566.1,4567,208
1779731700,4567.2,4568.3,4566.6,4567.9,136
1779732000,4567.9,4571.8,4566.8,4571.4,372
1779732300,4571.6,4574,4570.3,4572.6,262
1779732600,4572.7,4573.1,4570.5,4571.5,143
1779732900,4571.5,4572.7,4570.9,4571.1,153
1779733200,4571,4573.3,4569.8,4570.2,153
1779733500,4570,4573.5,4569.6,4573.5,202
1779746400,4568.9,4574.9,4568.9,4573,793
1779746700,4572.8,4574.7,4572.4,4574.3,339
1779747000,4574.2,4575.9,4573.4,4575.3,405
1779747300,4575.4,4577.3,4575.2,4575.6,388
1779747600,4575.7,4577.1,4574.4,4577.1,286
1779747900,4577.1,4577.3,4574.8,4574.8,335
1779748200,4574.8,4574.8,4572.8,4572.9,583
1779748500,4572.8,4575.3,4571.2,4574.7,636
1779748800,4574.7,4577.1,4573.8,4576.1,368
1779749100,4575.9,4577.2,4575.3,4575.8,248
1779749400,4575.9,4578.4,4575.9,4578.2,211
1779749700,4578.2,4578.5,4576.2,4576.8,324
1779750000,4576.7,4578.6,4575.7,4576.1,497
1779750300,4576.1,4579,4575.7,4578.3,331
1779750600,4578.2,4582,4577.4,4581.1,1195
1779750900,4581.4,4583.2,4579.2,4579.7,1145
1779751200,4579.6,4580.2,4574.9,4576.1,785
1779751500,4576.1,4576.1,4569.1,4570.4,1088
1779751800,4570.4,4570.9,4562.4,4562.8,1731
1779752100,4562.9,4564.7,4556.8,4563.7,2517
1779752400,4563.8,4564.3,4557,4558.6,1194
1779752700,4558.9,4563.6,4558.6,4561.5,1081
1779753000,4561.4,4564.8,4560.6,4564.2,713
1779753300,4564.4,4564.9,4561,4561.4,721
1779753600,4561.7,4562.1,4550.4,4552.1,2900
1779753900,4552.1,4554,4549.5,4551,1389
1779754200,4550.8,4554.4,4548.8,4553.5,1580
1779754500,4553.5,4554.7,4542.2,4547,2418
1779754800,4547.3,4548.2,4542.3,4546,1698
1779755100,4546,4551.4,4545.2,4550.3,1050
1779755400,4550.7,4554.1,4550.2,4553.1,906
1779755700,4552.8,4553.5,4547,4548.2,844
1779756000,4548.1,4550.8,4544.5,4548.9,978
1779756300,4549.1,4552.6,4545.8,4545.9,650
1779756600,4545.7,4547.2,4539.9,4543.5,1648
1779756900,4543.6,4551.4,4543.5,4550.6,1071
1779757200,4550.7,4552.1,4543,4543.5,2064
1779757500,4543.6,4548.1,4543.2,4546.6,918
1779757800,4546.7,4550.1,4546.7,4549.9,872
1779758100,4549.5,4549.9,4546.5,4547.9,423
1779758400,4547.8,4549.2,4542.7,4545,669
1779758700,4544.8,4547.3,4543.9,4544.7,516
1779759000,4544.8,4544.8,4537.6,4539.7,1677
1779759300,4539.7,4540,4528,4530.6,2336
1779759600,4530.8,4533.8,4528.9,4533,1833
1779759900,4533.2,4536.3,4532.1,4534.2,1025
1779760200,4534.3,4537.3,4532.3,4535.8,791
1779760500,4536,4538.5,4535.4,4538.1,677
1779760800,4537.9,4539,4536.3,4537.2,674
1779761100,4537,4539.9,4536.2,4539.4,469
1779761400,4539.6,4540.5,4538,4539.2,429
1779761700,4539.3,4540,4537.3,4539.4,509
1779762000,4539.4,4539.4,4537.5,4539.1,276
1779762300,4539,4540.1,4537.3,4537.9,449
1779762600,4537.9,4538.1,4534.8,4535.7,865
1779762900,4535.4,4539.5,4535.3,4538.4,511
1779763200,4538.4,4539.5,4534.3,4534.8,532
1779763500,4534.8,4535,4531.6,4533.4,726
1779763800,4533.3,4534.4,4530.7,4532.9,638
1779764100,4533.3,4535.4,4532.8,4532.8,379
1779764400,4532.8,4537.1,4532.8,4534.4,573
1779764700,4534.3,4537.4,4534.3,4536.3,340
1779765000,4536.6,4539,4535.6,4537.7,578
1779765300,4537.7,4539.7,4537.3,4539.1,416
1779765600,4539.1,4544.4,4539,4542.5,973
1779765900,4542.5,4543.8,4541.4,4542.7,370
1779766200,4542.9,4545,4542.3,4545,420
1779766500,4545,4546.1,4543.6,4543.7,501
1779766800,4543.8,4544.9,4541.5,4542.1,453
1779767100,4541.8,4543.2,4541,4542.4,294
1779767400,4542.5,4544.3,4542.1,4543.6,347
1779767700,4543.2,4543.5,4541.8,4542.9,245
1779768000,4542.7,4543.7,4541,4541,402
1779768300,4541.1,4541.4,4539.5,4539.8,436
1779768600,4539.7,4540.4,4536.5,4538.2,670
1779768900,4538.1,4540,4537,4538.6,472
1779769200,4538.7,4538.9,4535.6,4536,251
1779769500,4535.6,4536.2,4533,4533.1,549
1779769800,4533.2,4533.8,4530.3,4531.1,958
1779770100,4530.9,4531.6,4525,4528.3,1306
1779770400,4528.3,4530,4525.8,4526.9,561
1779770700,4526.7,4528.6,4525.1,4528.1,529
1779771000,4528.4,4529.7,4526.8,4527.9,420
1779771300,4528.2,4528.3,4523.7,4525.8,570
1779771600,4525.8,4529.9,4523.3,4529.2,838
1779771900,4529.2,4530.9,4526.5,4530.8,601
1779772200,4530.7,4531.9,4529.3,4529.8,723
1779772500,4529.4,4531.8,4529.3,4529.9,315
1779772800,4529.8,4531.9,4529.3,4530.4,312
1779773100,4530.4,4532.1,4529.2,4531.7,405
1779773400,4531.6,4534.5,4530.6,4533.9,938
1779773700,4533.9,4535.5,4532.7,4533,637
1779774000,4533.2,4533.3,4528.3,4530.1,1082
1779774300,4529.9,4530.2,4526.6,4528.1,730
1779774600,4528,4528.5,4523.9,4527.2,939
1779774900,4527.1,4529.4,4525.2,4527.8,617
1779775200,4527.7,4531.9,4527.4,4531.5,703
1779775500,4531.6,4533,4530.7,4531.5,511
1779775800,4531.6,4533.3,4529.5,4532,678
1779776100,4532.1,4532.6,4529.8,4531.4,496
1779776400,4531.4,4535.2,4530.4,4534.5,672
1779776700,4534.5,4536.8,4528.6,4530.8,1495
1779777000,4530.9,4532.4,4529.1,4531.2,594
1779777300,4531.2,4533.7,4531,4532.2,657
1779777600,4532.2,4534.6,4531.9,4534.5,603
1779777900,4534.3,4534.5,4529.5,4530.5,818
1779778200,4530.4,4532.5,4529.3,4532.5,797
1779778500,4532.1,4534.2,4531.2,4531.8,497
1779778800,4531.9,4534.3,4529.8,4532,1329
1779779100,4532,4534.9,4527.8,4528.1,1477
1779779400,4528,4530.9,4526.2,4528.9,914
1779779700,4528.9,4529,4522.4,4527.3,1442
1779780000,4527.3,4530.5,4525.5,4530.5,636
1779780300,4530.5,4531.8,4529.2,4530.1,674
1779780600,4530,4530.3,4523.2,4526.4,1325
1779780900,4526.3,4527,4521.7,4523.6,999
1779781200,4523.5,4527.8,4522.3,4526.9,622
1779781500,4527.3,4533.8,4525.4,4533.8,1166
1779781800,4533.8,4535.9,4531.7,4532.2,1181
1779782100,4532.4,4539.6,4532.3,4538.7,1442
1779782400,4538.8,4539.5,4535.5,4536.3,909
1779782700,4536.4,4536.5,4533.2,4533.4,719
1779783000,4533.5,4534,4527.2,4527.7,1395
1779783300,4527.9,4530.2,4527.7,4530.1,713
1779783600,4530,4530.5,4526.6,4527.6,626
1779783900,4527.8,4528.3,4520.8,4522.8,1453
1779784200,4522.6,4523.7,4520,4521.7,1085
1779784500,4521.5,4524.7,4520.7,4522.5,773
1779784800,4522.6,4526.7,4522.1,4525.9,754
1779785100,4525.6,4527.7,4521.7,4522.5,881
1779785400,4522.5,4525.8,4520.3,4524.4,548
1779785700,4524.9,4524.9,4522.4,4524.5,367
1779786000,4524.3,4525,4522.1,4525,446
1779786300,4525.1,4525.4,4522.4,4523.7,498
1779786600,4523.7,4523.9,4519.3,4520.7,758
1779786900,4520.7,4526.1,4518.2,4525.1,1417
1779787200,4525.2,4525.7,4520.8,4522.4,568
1779787500,4522.2,4526.7,4521.9,4525,631
1779787800,4525.2,4525.5,4517.5,4518.6,1434
1779788100,4518.4,4519.2,4516.2,4517,858
1779788400,4517,4517.6,4512.2,4513.9,1489
1779788700,4513.6,4519.3,4513.4,4519.1,1129
1779789000,4519.2,4519.7,4516.4,4519.4,620
1779789300,4519.3,4523.9,4517.9,4523.1,1194
1779789600,4523.2,4523.8,4519.9,4520.2,972
1779789900,4520,4525.9,4519.4,4525.9,678
1779790200,4525.6,4532.6,4525.4,4529.6,1609
1779790500,4529.8,4533.2,4527.7,4528.5,1051
1779790800,4528.7,4532.8,4528,4532,654
1779791100,4532.1,4535.9,4531.8,4533.7,889
1779791400,4534,4539.5,4533.9,4539.3,1034
1779791700,4539.3,4539.4,4534.1,4534.4,746
1779792000,4534.6,4535.3,4531.9,4533.6,644
1779792300,4533.7,4537.9,4533.4,4537.7,758
1779792600,4537.8,4540.8,4534.7,4535.2,1038
1779792900,4535.4,4535.9,4534.3,4534.9,299
1779793200,4535,4536.9,4533.5,4536.7,436
1779793500,4536.7,4537,4534.5,4535.6,262
1779793800,4535.5,4536.5,4532.2,4532.2,288
1779794100,4532.1,4533.3,4530.3,4530.3,558
1779794400,4530.4,4530.6,4525.4,4525.7,1073
1779794700,4525.7,4526.3,4523.1,4523.8,914
1779795000,4523.7,4523.9,4517.6,4519.4,2348
1779795300,4519.6,4519.7,4507.3,4511.1,3752
1779795600,4510.9,4513.4,4504.2,4509.8,2486
1779795900,4510,4515.8,4508.1,4512.5,1137
1779796200,4512.6,4515.6,4510.4,4511.6,1218
1779796500,4511.6,4511.8,4503.5,4507.3,1949
1779796800,4507.2,4510,4504,4508.1,1999
1779797100,4508.3,4512.3,4505.7,4510.5,2496
1779797400,4510.3,4512.3,4507.6,4510.5,1434
1779797700,4510.1,4516.2,4509.1,4512.3,1261
1779798000,4512.3,4513.1,4508,4509.5,1349
1779798300,4509.7,4511.5,4503.5,4506.3,1191
1779798600,4506.3,4510.6,4500.3,4510.2,2169
1779798900,4510.3,4510.4,4501.3,4502.1,1314
1779799200,4502.1,4511.9,4502.1,4511.9,1734
1779799500,4511.7,4521.3,4510.4,4519.8,2130
1779799800,4520,4523.7,4517.2,4522.7,2196
1779800100,4522.7,4524.2,4519.5,4520.6,1385
1779800400,4520.8,4526.9,4519.6,4523.7,1902
1779800700,4523.9,4524.1,4519.7,4522.8,1143
1779801000,4522.6,4522.8,4516.5,4518.8,1482
1779801300,4518.9,4522.3,4518.6,4520.7,1040
1779801600,4520.7,4527.8,4520.6,4526.8,1721
1779801900,4527.1,4528.4,4522.8,4523,1103
1779802200,4523,4528.8,4522.6,4523.2,1929
1779802500,4523.2,4529.7,4521.5,4525.3,1549
1779802800,4525.1,4532.2,4524.9,4527.9,1590
1779803100,4528.1,4530,4525.8,4526.7,1259
1779803400,4526.7,4527,4513,4516.2,3330
1779803700,4516.5,4518.4,4512.7,4514.5,1864
1779804000,4514.9,4518.8,4511.6,4518.3,2177
1779804300,4517.9,4521.3,4515.7,4516.2,1489
1779804600,4516.2,4516.4,4508.4,4511.5,2072
1779804900,4511.3,4515.9,4509.2,4514.8,1419
1779805200,4515,4518.8,4513.1,4516.3,1056
1779805500,4516.7,4518.5,4515.6,4518.3,715
1779805800,4518.2,4522.4,4517.2,4518,1734
1779806100,4518.4,4525.6,4518.4,4522.9,1495
1779806400,4523.1,4524.6,4520.1,4522,786
1779806700,4522,4522.7,4518.9,4519.8,908
1779807000,4520,4520,4515.8,4516.4,866
1779807300,4516.1,4516.7,4513,4515.8,1281
1779807600,4516,4516,4508.4,4511.7,1686
1779807900,4511.6,4514.6,4509.3,4510.9,1243
1779808200,4510.9,4512.9,4508.6,4510.3,807
1779808500,4509.8,4511.1,4505.3,4508.5,1589
1779808800,4508.6,4509,4505.2,4506,769
1779809100,4506.2,4508.8,4505.1,4506.2,1028
1779809400,4506.4,4509.1,4504,4505.7,1152
1779809700,4505.6,4508.2,4502.3,4508,1091
1779810000,4507.7,4509.5,4506.5,4508.7,1038
1779810300,4508.5,4509.9,4506.7,4507,584
1779810600,4507.1,4511.2,4506.1,4510.1,859
1779810900,4509.8,4510.3,4506.1,4506.7,755
1779811200,4506.6,4508.7,4505.5,4506.4,687
1779811500,4506.2,4506.6,4502.3,4503.3,798
1779811800,4503.2,4504,4498.8,4502,1585
1779812100,4502,4506.5,4499.6,4505.6,1404
1779812400,4505.5,4506.8,4502.7,4506.6,680
1779812700,4506.4,4509.8,4506.1,4508.4,740
1779813000,4508.5,4512.8,4507.8,4510,1292
1779813300,4510.1,4511.2,4508.5,4508.6,599
1779813600,4508.7,4509.2,4506.4,4506.9,617
1779813900,4506.8,4508.1,4503.3,4503.5,583
1779814200,4503.5,4506.7,4503.1,4505.3,562
1779814500,4505.3,4506.1,4504.7,4505.2,215
1779814800,4505.2,4507.9,4504.5,4505.9,429
1779815100,4505.8,4506.1,4503.4,4504.4,450
1779815400,4504.7,4505,4503.8,4503.8,215
1779815700,4504,4505.1,4503.5,4504.5,313
1779816000,4504.6,4506.9,4504.3,4506.9,551
1779816300,4507,4508.2,4500.5,4501.6,1946
1779816600,4501.4,4502.1,4497.1,4500.3,1441
1779816900,4500.4,4501.3,4496,4499.3,1560
1779817200,4499,4499.7,4495.3,4498.5,1360
1779817500,4498.6,4501.1,4498.3,4500.4,645
1779817800,4500.6,4501.2,4495,4496.3,1175
1779818100,4496.3,4496.9,4487.2,4490.3,3034
1779818400,4489.9,4492.7,4483.5,4486.7,2689
1779818700,4486.8,4488.2,4480.1,4487.8,1808
1779819000,4488,4490.3,4484.3,4486.5,1249
1779819300,4486.7,4490.3,4485.8,4490.1,723
1779819600,4490.2,4492.5,4489.7,4491.8,795
1779819900,4491.8,4495.6,4491.4,4494.7,816
1779820200,4494.6,4498,4493.5,4496.9,685
1779820500,4496.9,4496.9,4494.5,4495.9,425
1779820800,4495.8,4496,4494.5,4495.5,239
1779821100,4495.7,4498,4495.7,4497.2,398
1779821400,4497.2,4499.2,4496.8,4498.3,414
1779821700,4498.1,4499.1,4497.4,4498.9,298
1779822000,4498.8,4500.8,4496.7,4499.3,624
1779822300,4499.6,4500.1,4498,4500,251
1779822600,4499.9,4500.7,4498.5,4499,323
1779822900,4499.1,4504.3,4498.8,4502.1,864
1779823200,4501.9,4503.9,4501.7,4502.7,527
1779823500,4502.6,4503.2,4500.9,4502,445
1779823800,4502.1,4503.4,4500.1,4503.4,430
1779824100,4503.6,4504.3,4502.7,4503.1,299
1779824400,4503.6,4505.6,4503.4,4504.5,358
1779824700,4504.7,4508.3,4503.8,4507.2,586
1779825000,4507.6,4507.9,4505.5,4505.6,417
1779825300,4505.9,4509.7,4505.6,4508.8,981
1779825600,4508.9,4511.3,4507.1,4507.4,680
1779825900,4507.5,4509,4506.2,4506.8,324
1779826200,4507,4508.1,4506.2,4507.7,302
1779826500,4507.7,4509.8,4507.7,4508.7,209
1779826800,4508.6,4509.4,4507.2,4508.7,223
1779827100,4508.7,4509.1,4506.2,4506.9,205
1779827400,4506.7,4507.9,4506.4,4506.9,168
1779827700,4506.6,4508.4,4506,4508.4,245
1779828000,4508.6,4510,4507.9,4509.1,270
1779828300,4509,4510.5,4506.8,4506.8,377
1779828600,4506.7,4507,4504.4,4506.7,372
1779828900,4506.7,4508.5,4506.5,4507.8,379
1779832800,4504,4511.9,4503,4508,377
1779833100,4508.2,4509.1,4503.4,4504.2,184
1779833400,4504.9,4506.6,4503.8,4505.2,164
1779833700,4505.2,4508.1,4504.3,4507.8,269
1779834000,4507.9,4510.9,4505.2,4506.4,378
1779834300,4506.1,4507.1,4504.5,4505.6,147
1779834600,4505.6,4507.2,4500.8,4501,233
1779834900,4501.2,4502.7,4498.8,4502.4,255
1779835200,4502.2,4504.2,4501.1,4501.2,225
1779835500,4501.1,4503.5,4500,4503.5,187
1779835800,4502.8,4507.8,4502.5,4507.6,181
1779836100,4507.6,4512.7,4507,4511.1,411
1779836400,4511.3,4514,4509.8,4511.4,370
1779836700,4511.1,4513.4,4509.6,4510,155
1779837000,4510.1,4510.2,4507.8,4508.9,152
1779837300,4508.8,4510.2,4508.2,4509.2,119
1779837600,4508.1,4508.1,4504.6,4505.6,367
1779837900,4505.6,4512.4,4505.4,4512.4,467
1779838200,4511.7,4516.8,4510.9,4515,844
1779838500,4514.4,4515.6,4512.3,4514.9,670
1779838800,4514.8,4527.2,4514.8,4526.7,926
1779839100,4526.9,4527.9,4520.2,4521,583
1779839400,4521.1,4522.8,4520.2,4521.2,142
1779839700,4520.8,4520.8,4518.3,4519.7,167
1779840000,4518.5,4525.8,4516.8,4520.4,360
1779840300,4520.8,4524,4519.3,4521.4,204
1779840600,4521.9,4522.1,4519.7,4521.9,132
1779840900,4521.4,4522.1,4519.6,4520.6,121
1779841200,4520.7,4521.3,4515.6,4516.2,269
1779841500,4516,4518.6,4513.8,4517.5,249
1779841800,4518,4520.3,4517,4519.2,166
1779842100,4519.3,4520.2,4517,4517.7,213
1779842400,4516.9,4518.9,4515.9,4518.1,103
1779842700,4518.5,4522,4518.2,4518.5,186
1779843000,4518.6,4518.6,4515.1,4516.4,154
1779843300,4515.9,4518.8,4514,4514.8,116
1779843600,4514.4,4517.4,4513.5,4515.3,221
1779843900,4514.8,4516.9,4512,4516.1,206
1779844200,4516,4520.5,4515.4,4519.8,250
1779844500,4518.7,4519.8,4515.1,4515.4,112
1779844800,4515.6,4520.7,4515.1,4518.6,155
1779845100,4518.5,4518.5,4513.9,4515.6,98
1779845400,4515.3,4516.4,4512.9,4514.2,151
1779845700,4514.3,4515.9,4510.4,4511.3,205
1779846000,4511,4512.8,4508.8,4509.5,194
1779846300,4509.3,4509.7,4506,4509.1,244
1779846600,4508.7,4509.5,4506.3,4506.7,151
1779846900,4506.3,4509.1,4505.8,4507.5,142
1779847200,4507.3,4508.9,4503.2,4504.7,290
1779847500,4504.7,4504.7,4500.9,4502.8,222
1779847800,4503.4,4503.8,4501.4,4503.8,99
1779848100,4503.5,4504.7,4498.3,4498.9,396
1779848400,4499,4504,4498.9,4503.5,189
1779848700,4503.7,4505.3,4503.3,4505.3,252
1779849000,4504.4,4505.2,4503.2,4504.8,115
1779849300,4505,4505.5,4499.3,4499.8,252
1779849600,4499.5,4501.6,4497.9,4499.4,208
1779849900,4498.9,4501.2,4497.3,4501.2,149
1779850200,4501,4504.5,4501,4503.2,187
1779850500,4503.3,4506.7,4503.3,4505.2,173
1779850800,4505.3,4509.7,4504.5,4507.1,186
1779851100,4507.2,4508.6,4504.8,4508.6,157
1779851400,4508.5,4509.8,4507.4,4509.1,152
1779851700,4508.8,4511.2,4507.4,4510.3,155
1779852000,4510.2,4510.6,4507.4,4507.7,147
1779852300,4507.6,4507.7,4504.9,4506.5,156
1779852600,4506.3,4506.5,4504,4504,93
1779852900,4503.4,4503.7,4500.7,4501.9,145
1779853200,4502.3,4504.3,4501.8,4503.4,156
1779853500,4503.5,4504.7,4502.4,4503.1,105
1779853800,4503,4503.7,4500.5,4501,131
1779854100,4500.9,4500.9,4495.5,4496.4,401
1779854400,4495.5,4499.6,4494.6,4498.7,313
1779854700,4498.4,4501.4,4498.2,4500.4,212
1779855000,4500.1,4502.1,4500.1,4501.2,118
1779855300,4501.9,4502,4499,4499.8,121
1779855600,4499.3,4502.2,4499.3,4501.4,83
1779855900,4501,4501.2,4498.3,4498.3,150
1779856200,4497.8,4500.9,4496.8,4500.2,174
1779856500,4499.9,4501.7,4498.7,4501.6,78
1779856800,4501.6,4507.2,4501.2,4507,280
1779857100,4507.5,4516,4507,4516,376
1779857400,4515.3,4515.7,4510.3,4511.1,359
1779857700,4511,4511.1,4508.2,4509.2,192
1779858000,4508.2,4512.7,4507.4,4512.4,190
1779858300,4512.4,4512.4,4508.9,4509.8,107
1779858600,4509.4,4509.6,4507.7,4507.7,77
1779858900,4507.7,4507.7,4503.6,4504.8,259
1779859200,4504.2,4506.1,4503.2,4505.2,217
1779859500,4504.9,4507.4,4504.9,4506.9,90
1779859800,4507,4507.6,4492.3,4495.5,792
1779860100,4495.1,4500,4493.6,4498.4,257
1779860400,4497.7,4498.8,4490.4,4492,577
1779860700,4492.2,4496.5,4490.2,4496.3,339
1779861000,4496.7,4500.5,4494.6,4497.5,318
1779861300,4497.5,4498.6,4495.6,4496.6,142
1779861600,4496.2,4497.8,4492.2,4494,242
1779861900,4493.4,4497.7,4492.5,4496.5,221
1779862200,4496.5,4497.1,4492.5,4493.1,172
1779862500,4492.9,4494.6,4485.4,4488.4,640
1779862800,4488,4489.5,4482.8,4486,538
1779863100,4485.6,4488,4482.9,4485.6,319
1779863400,4485.1,4485.3,4478.3,4482.8,597
1779863700,4482.8,4484.8,4479.7,4482.7,203
1779864000,4483.2,4486.8,4481.7,4486.6,256
1779864300,4486.6,4489.3,4486,4487.4,201
1779864600,4487.8,4488.5,4485.9,4486.9,163
1779864900,4486.5,4486.6,4482.7,4484.4,267
1779865200,4484.8,4487.9,4484.2,4485.1,177
1779865500,4486,4487.9,4482.2,4483.8,175
1779865800,4483.9,4484,4479.4,4479.4,229
1779866100,4479.8,4484.3,4479.2,4483,271
1779866400,4482.7,4488.4,4481.6,4485.5,237
1779866700,4485.2,4486.5,4484.3,4485.4,154
1779867000,4485.4,4487.9,4484.2,4484.9,153
1779867300,4485.3,4485.3,4480,4482.2,182
1779867600,4482.1,4483.8,4481.2,4481.7,73
1779867900,4481.9,4483.1,4476.7,4478.4,220
1779868200,4477.9,4479.1,4474.2,4477.5,309
1779868500,4477.5,4480.8,4477.1,4480.6,147
1779868800,4480,4487.8,4479.6,4485,333
1779869100,4485.5,4486.2,4483.6,4485.3,126
1779869400,4483.7,4485.5,4482.3,4484.7,67
1779869700,4485,4489.4,4484.6,4488.6,142
1779870000,4488.8,4491.1,4486.6,4489.1,144
1779870300,4489,4489.7,4486.8,4487.9,80
1779870600,4487.8,4488.2,4484.7,4487.2,145
1779870900,4487.2,4491.2,4487.1,4490.9,139
1779871200,4490.9,4495.2,4490.9,4494.1,301
1779871500,4494.4,4495.4,4490.9,4494.5,250
1779871800,4494.8,4496.8,4494,4495.9,126
1779872100,4496,4496,4493,4495.9,150
1779872400,4495.7,4495.8,4489.4,4490.5,274
1779872700,4490.3,4490.8,4486.9,4487.7,161
1779873000,4488.1,4491.6,4487.9,4490.4,99
1779873300,4490.1,4493.6,4490.1,4492.6,157
1779873600,4493.4,4493.4,4488.9,4489.4,106
1779873900,4489.3,4490,4487.6,4487.9,125
1779874200,4488.6,4489.2,4485.1,4489,205
1779874500,4489.1,4490.8,4488.7,4490.7,84
1779874800,4489.8,4490.3,4486.8,4487.7,77
1779875100,4487,4488.4,4486.9,4488.1,62
1779875400,4488.5,4491.6,4488.5,4490.9,67
1779875700,4491.1,4492,4488.8,4489.1,86
1779876000,4489,4489.4,4483.6,4485.4,256
1779876300,4485.2,4487.6,4484.9,4485.7,80
1779876600,4485.7,4486.3,4482.8,4483.9,147
1779876900,4483.9,4484.9,4478.3,4478.3,259
1779877200,4478.7,4479.9,4476.5,4477.9,350
1779877500,4477.5,4478.8,4474.9,4475.6,263
1779877800,4475.2,4475.9,4470.9,4472.8,465
1779878100,4472.1,4473.8,4459.3,4461.3,663
1779878400,4460.8,4467.7,4460.3,4463.1,425
1779878700,4463.2,4464.8,4439.7,4445.2,1131
1779879000,4445.3,4447.7,4439.8,4442,691
1779879300,4442.6,4447.5,4439.8,4443.5,637
1779879600,4444.1,4450.8,4443,4449.6,441
1779879900,4449.8,4449.8,4443.9,4446.6,258
1779880200,4446.7,4449.1,4440.6,4448.1,399
1779880500,4448.8,4449.8,4445.1,4446.7,223
1779880800,4446.5,4446.5,4437.4,4442.9,407
1779881100,4443.6,4443.6,4436.5,4438.2,274
1779881400,4438.4,4439.2,4429.8,4433.9,964
1779881700,4434.5,4439.4,4431.6,4438.1,325
1779882000,4438.2,4441.3,4435.8,4440.3,227
1779882300,4441.1,4442,4436.1,4436.1,152
1779882600,4436.8,4436.9,4430.5,4431.2,313
1779882900,4430.8,4431.5,4422.1,4425.8,721
1779883200,4425.9,4434.5,4425.7,4431.6,379
1779883500,4431.7,4435,4429.2,4430.4,232
1779883800,4429.8,4430.6,4426.2,4427.8,166
1779884100,4427.7,4451.8,4424.8,4445.1,971
1779884400,4444.8,4463.8,4439.3,4451.7,1197
1779884700,4452.6,4458,4450.3,4452.2,434
1779885000,4454,4457.3,4443,4445,542
1779885300,4444.9,4451.1,4442.4,4450.2,359
1779885600,4450.1,4450.2,4443.6,4444.3,219
1779885900,4444.8,4446,4440.3,4443.1,302
1779886200,4442.8,4444.8,4438.8,4444.2,410
1779886500,4444.3,4444.3,4435.3,4436.6,402
1779886800,4436.1,4437,4426.7,4430.2,839
1779887100,4430.4,4430.4,4409.3,4412.1,1932
1779887400,4412,4418.2,4408.6,4414.6,660
1779887700,4414.2,4419.2,4407.5,4409.2,729
1779888000,4409.3,4415.3,4403.8,4414.5,620
1779888300,4414.6,4417.5,4398.4,4401.5,757
1779888600,4401.2,4422.2,4400.5,4420.8,1080
1779888900,4421.3,4423.8,4410.3,4416.4,1138
1779889200,4416,4421.7,4414,4416.8,2380
1779889500,4417.5,4426.7,4416.1,4419,985
1779889800,4419.6,4432.5,4417.8,4423.8,737
1779890100,4423.9,4426.4,4422.1,4424.7,492
1779890400,4425.9,4437.2,4424.2,4437,757
1779890700,4437,4447,4435.6,4442.9,1019
1779891000,4443.2,4454.3,4441.6,4446.5,815
1779891300,4446.9,4450.3,4445.2,4449.3,254
1779891600,4449.1,4454,4441.5,4443,776
1779891900,4442.9,4444.9,4438.7,4444.2,435
1779892200,4443.5,4448.2,4434,4439.4,540
1779892500,4440,4444.1,4438.3,4443.1,414
1779892800,4442.6,4443.7,4438.2,4441.6,196
1779893100,4441.6,4445,4436.6,4436.6,465
1779893400,4436.9,4438.4,4435.2,4438.4,319
1779893700,4438,4438,4431.9,4432.3,267
1779894000,4432.1,4436.8,4428.7,4434.6,429
1779894300,4434.9,4435.6,4427.1,4428.2,511
1779894600,4427.8,4430.9,4426.7,4430.7,358
1779894900,4430.6,4431.8,4428.2,4429.2,484
1779895200,4429.6,4433,4428.4,4431.9,389
1779895500,4431.8,4434.6,4431.1,4434.6,176
1779895800,4435,4440.3,4434.4,4436.8,643
1779896100,4436.9,4439.3,4435.9,4438.9,230
1779896400,4439.1,4439.8,4431.6,4432.4,298
1779896700,4432.7,4437.1,4429.6,4431.6,274
1779897000,4431.6,4433.8,4429.4,4432.2,269
1779897300,4432.6,4435.7,4431.2,4435.1,199
1779897600,4434.8,4440.8,4433.7,4436.4,422
1779897900,4435.7,4436.7,4432.5,4435.2,158
1779898200,4435.7,4439.6,4435.4,4438.7,186
1779898500,4439,4441.8,4438.5,4440.5,153
1779898800,4440.5,4442.8,4440.3,4442.8,165
1779899100,4443,4446.3,4443,4445.8,207
1779899400,4445.1,4448.3,4443.6,4446.8,224
1779899700,4447.6,4449.7,4447.4,4448.5,260
1779900000,4448.4,4452,4448.1,4449.1,324
1779900300,4449.2,4451.3,4447.9,4450.2,279
1779900600,4450.9,4451.4,4448.5,4448.9,200
1779900900,4448.8,4450,4447.8,4449.3,159
1779901200,4449.6,4449.6,4445.5,4447.7,270
1779901500,4447.9,4450,4440.6,4441.3,457
1779901800,4441.4,4444,4439.7,4442.2,298
1779902100,4442.8,4445.8,4441.8,4445.1,246
1779902400,4444.8,4446.3,4444.1,4444.6,211
1779902700,4444.6,4449.7,4443.5,4448.1,352
1779903000,4448.5,4452,4448.5,4450.4,366
1779903300,4450.6,4453.1,4449.9,4450.1,127
1779903600,4449.6,4450.4,4448.7,4449,260
1779903900,4449.1,4450.2,4448.5,4449.2,61
1779904200,4449.2,4452.3,4449.1,4451.5,130
1779904500,4451.3,4452.9,4448.6,4448.6,201
1779904800,4448.3,4450.6,4447.3,4448,156
1779905100,4447.9,4448.6,4446,4446.2,203
1779905400,4447.1,4448.4,4446.7,4448.2,52
1779905700,4448.2,4451.4,4448.2,4451.3,98
1779906000,4451.9,4457,4451.9,4453.6,386
1779906300,4453.9,4454.4,4452.6,4454,170
1779906600,4454.6,4454.9,4450.8,4451.1,194
1779906900,4451,4451.6,4450,4451.4,139
1779907200,4452.3,4452.4,4451.3,4451.5,64
1779907500,4451.5,4452.1,4450.9,4451.6,85
1779907800,4452,4452,4450.4,4450.9,78
1779908100,4451,4453.5,4450.6,4452.4,167
1779908400,4453,4453.4,4450.2,4450.7,132
1779908700,4450.7,4451.9,4450.1,4451.4,86
1779909000,4451.3,4451.3,4448.8,4450.4,145
1779909300,4450.1,4450.7,4447.9,4447.9,112
1779909600,4448.8,4452.7,4448.6,4451.8,119
1779909900,4451.6,4451.6,4448.9,4449.7,111
1779910200,4449.7,4452,4448.1,4451.2,116
1779910500,4451.2,4453.6,4450.7,4453.4,77
1779910800,4453.4,4453.4,4451.6,4452.4,44
1779911100,4452.2,4452.2,4450.5,4450.7,37
1779911400,4450.5,4451.5,4449.4,4449.4,81
1779911700,4449.4,4450,4447.7,4450,194
1779912000,4449.7,4452.4,4448.6,4451,86
1779912300,4450.4,4452.2,4450,4451.5,83
1779912600,4451.8,4453.9,4451.1,4453.9,65
1779912900,4454,4457.4,4454,4456.4,93
1779913200,4456.9,4456.9,4454.8,4455.2,51
1779913500,4454.8,4454.8,4453.1,4453.7,24
1779913800,4453.7,4454.4,4453.1,4453.3,30
1779914100,4452.7,4452.7,4451.1,4451.3,31
1779914400,4450.3,4452.8,4449.9,4452.4,81
1779914700,4452.4,4453.2,4451,4453.2,146
1779915000,4452.7,4453.8,4452.5,4453.8,12
1779915300,4453.6,4455.2,4453.5,4455.2,110
1779919200,4487.7,4502.4,4479.1,4486.9,1080
1779919500,4487.1,4492.7,4486,4489.3,512
1779919800,4489.4,4491,4487.4,4488.2,391
1779920100,4488.1,4491.2,4487,4490.2,258
1779920400,4490.1,4492.5,4488.1,4491.4,335
1779920700,4491.1,4492.4,4490.2,4490.3,297
1779921000,4490.1,4490.4,4485.2,4487.7,696
1779921300,4488,4492.3,4488,4491.8,426
1779921600,4492,4493,4488.5,4488.8,428
1779921900,4488.7,4489.2,4486.6,4486.8,222
1779922200,4487.3,4488.7,4485.9,4487.2,212
1779922500,4487.4,4488.4,4487,4488.1,202
1779922800,4487.7,4488.5,4485.6,4487.2,253
1779923100,4486.9,4487.2,4481.9,4483.4,566
1779923400,4483.2,4484.9,4482,4483.8,325
1779923700,4484.2,4485.7,4481.4,4484.3,467
1779924000,4484.5,4485.6,4479.7,4482.7,612
1779924300,4482.1,4482.8,4479.3,4481.1,484
1779924600,4481.1,4482.1,4479.7,4480.3,463
1779924900,4480.4,4484.4,4480.3,4483.7,379
1779925200,4483.8,4484.4,4481.3,4481.3,478
1779925500,4481.1,4481.1,4476.7,4478.8,1129
1779925800,4479.1,4479.5,4474.2,4477.3,1047
1779926100,4476.6,4480.8,4476.5,4477.5,514
1779926400,4477.8,4483.5,4475.6,4480.2,864
1779926700,4480.1,4481.1,4476.3,4480,547
1779927000,4480,4480.9,4475,4475.2,393
1779927300,4475.4,4484.9,4474.6,4483.3,818
1779927600,4483.3,4484.5,4474.9,4476.9,919
1779927900,4476.7,4478.9,4474.8,4477.2,579
1779928200,4477.2,4480.9,4473.9,4480.4,1103
1779928500,4480.3,4483.3,4479.6,4481.4,537
1779928800,4481,4483.8,4480.7,4482.8,537
1779929100,4482.7,4486,4482.4,4484.2,823
1779929400,4484.6,4485,4482.1,4482.2,305
1779929700,4482.1,4488.6,4481,4487.6,915
1779930000,4487.6,4489.7,4476.1,4476.3,1950
1779930300,4476.1,4478.6,4472.9,4475,1303
1779930600,4474.8,4476.8,4467.7,4468.7,1738
1779930900,4468.6,4470.9,4462,4464,2074
1779931200,4463.9,4465.6,4457.1,4461.9,1982
1779931500,4461.1,4462,4447.6,4449.9,3069
1779931800,4449.8,4456.3,4447.5,4455.8,1879
1779932100,4455.9,4457.4,4451.2,4453.1,1315
1779932400,4453.4,4453.7,4446.1,4448.1,1834
1779932700,4448,4450.9,4446.6,4448.5,1190
1779933000,4448,4450.5,4437.8,4439.5,2605
1779933300,4439.6,4441.7,4437.3,4440.6,1252
1779933600,4440.5,4443.3,4433.3,4434.7,2479
1779933900,4434.3,4439.5,4432.7,4437.9,1239
1779934200,4438.6,4439.1,4427,4433.4,2594
1779934500,4433.6,4436.7,4432.9,4434.7,1130
1779934800,4434.9,4437,4430.1,4436.2,1189
1779935100,4436.3,4438.9,4435.9,4436.7,946
1779935400,4436.7,4441,4434.4,4439.5,1642
1779935700,4439.6,4440,4436.3,4437.4,701
1779936000,4437.2,4438.9,4431.1,4432.4,1083
1779936300,4432.8,4432.8,4423.9,4426.3,2246
1779936600,4426.2,4428.7,4423.5,4425.5,1117
1779936900,4425.8,4429.2,4422.7,4424.6,1374
1779937200,4424.4,4426.8,4420.3,4425.6,1713
1779937500,4425.6,4428.2,4424.3,4426.6,1056
1779937800,4426.6,4427.6,4421.6,4424.1,1002
1779938100,4424.1,4424.7,4412.5,4414.3,2864
1779938400,4414.4,4417.9,4411.8,4416.7,1704
1779938700,4416.5,4418.3,4412.7,4417.5,1139
1779939000,4417.7,4417.8,4409.1,4409.9,1883
1779939300,4409.6,4409.9,4400.2,4403.9,3011
1779939600,4403.9,4407.8,4401.6,4406.5,1828
1779939900,4406.3,4409.1,4402.1,4404.7,1166
1779940200,4404.8,4406.3,4401.6,4405.2,964
1779940500,4405,4406.7,4398.1,4404.8,2011
1779940800,4404.4,4407.5,4399.1,4404.9,1296
1779941100,4404.8,4411.6,4403.5,4410.7,1482
1779941400,4410.9,4411.3,4404.8,4406,986
1779941700,4405.8,4407,4398.5,4399.1,1118
1779942000,4399,4402.8,4395.8,4401,1581
1779942300,4400.8,4401.6,4396.7,4398,826
1779942600,4398.2,4402.3,4398,4401.3,609
1779942900,4401,4403.4,4399.8,4401.8,685
1779943200,4402.1,4404.6,4400.4,4403.5,825
1779943500,4403.1,4404.6,4398.4,4399,773
1779943800,4399.1,4402,4397.3,4400.2,881
1779944100,4400.3,4403.9,4400.3,4402,668
1779944400,4402.3,4403.2,4396.1,4399.2,1300
1779944700,4399,4403.3,4397.1,4401,836
1779945000,4400.9,4406.4,4400.5,4404.3,852
1779945300,4404.1,4405.2,4400.6,4403.4,701
1779945600,4402.9,4406.5,4400.7,4405.9,607
1779945900,4405.9,4408.8,4405.4,4407.4,861
1779946200,4407.6,4416.7,4403.7,4415.7,2634
1779946500,4415.4,4420.1,4415.3,4419.9,1451
1779946800,4420.2,4422.5,4418,4418.2,1638
1779947100,4418.5,4423.9,4418.5,4421.2,1181
1779947400,4421.4,4425.2,4419.8,4422.2,916
1779947700,4422.3,4422.5,4416.8,4417.3,1073
1779948000,4417.3,4419.7,4414.8,4416.9,1369
1779948300,4416.8,4417.2,4408,4409.4,1617
1779948600,4409.4,4411,4403.6,4405.3,1609
1779948900,4405.6,4410,4403.8,4409,991
1779949200,4409.2,4414.4,4409,4412,1216
1779949500,4411.5,4414.4,4409.4,4410,689
1779949800,4409.9,4414.7,4408.5,4413,741
1779950100,4412.9,4415,4411.3,4411.5,551
1779950400,4411.5,4413.4,4406.5,4410,672
1779950700,4409.9,4414.3,4408.9,4413,760
1779951000,4412.8,4413.7,4410.6,4412.5,437
1779951300,4412.6,4414.4,4411.4,4413.4,325
1779951600,4413.5,4419.4,4413.5,4417,1298
1779951900,4416.8,4422.1,4416.5,4421.9,1012
1779952200,4421.7,4421.7,4416.5,4418.5,716
1779952500,4418.6,4425.1,4415.8,4424.1,1106
1779952800,4423.9,4426.1,4422.8,4424,1049
1779953100,4424.1,4425.9,4421.2,4422.1,966
1779953400,4422.4,4423.5,4418.7,4418.9,869
1779953700,4419.3,4422.3,4418.1,4418.8,752
1779954000,4418.7,4419.6,4415.1,4419.1,959
1779954300,4419.3,4420.7,4415.9,4417.6,729
1779954600,4417.7,4419.1,4412.4,4415.1,1173
1779954900,4415.3,4418.7,4413.2,4417.5,690
1779955200,4417.2,4422.9,4415.9,4417.1,1108
1779955500,4417.2,4423.3,4416,4422.9,669
1779955800,4423.4,4424.6,4421.1,4422.8,522
1779956100,4422.8,4424.3,4420.5,4421.5,488
1779956400,4421.2,4424,4420.8,4422.1,530
1779956700,4422.4,4423,4417,4419,592
1779957000,4419.1,4421.7,4415.6,4421.7,610
1779957300,4421.8,4424.8,4419.7,4421.7,557
1779957600,4421.5,4423.1,4419,4419.8,576
1779957900,4419.8,4420.9,4416.8,4420.7,517
1779958200,4420.8,4421.7,4418,4418.2,404
1779958500,4417.8,4418.6,4415.5,4416.6,388
1779958800,4416.4,4420.9,4415.9,4419.1,601
1779959100,4419.1,4421.5,4417.9,4419.5,544
1779959400,4419.6,4420.4,4416.5,4419.2,540
1779959700,4419.1,4422,4418.3,4420.1,482
1779960000,4419.9,4429.1,4419.7,4425.2,1339
1779960300,4425.2,4427.7,4423.5,4426.4,728
1779960600,4426.2,4427,4421.7,4422.9,1223
1779960900,4423.2,4426,4421.8,4422.7,610
1779961200,4422.8,4423.5,4420.2,4421.1,463
1779961500,4421.4,4423.8,4419.7,4423.3,438
1779961800,4423.1,4426.6,4422.5,4424.8,677
1779962100,4424.7,4426.4,4423.1,4423.9,390
1779962400,4424,4425.2,4421.9,4423.5,434
1779962700,4424.1,4432,4423.7,4431.9,1310
1779963000,4431.8,4434.5,4428.8,4429.7,1084
1779963300,4429.7,4431,4428.1,4429.5,359
1779963600,4429.5,4429.7,4423.9,4426,670
1779963900,4425.8,4432.7,4425.8,4431.4,861
1779964200,4431.3,4432.7,4428.4,4428.9,504
1779964500,4429.1,4430.1,4427.4,4428.4,387
1779964800,4428.6,4428.7,4417.8,4419,1285
1779965100,4419.1,4419.2,4410,4411,1729
1779965400,4410.8,4415.8,4405.3,4412.4,2680
1779965700,4412.6,4417.6,4412.4,4413.7,1078
1779966000,4413.1,4419.2,4411.8,4418.6,1264
1779966300,4418.7,4419.6,4415.7,4417,628
1779966600,4417.1,4418.9,4415.8,4417.3,431
1779966900,4417,4421,4417,4419.6,544
1779967200,4419.6,4420.4,4415.8,4417.7,800
1779967500,4417.7,4419.4,4414.4,4415,602
1779967800,4415.2,4417.2,4411,4416.6,948
1779968100,4416.7,4420.8,4415.9,4418.4,978
1779968400,4418.5,4420.6,4415.1,4416,787
1779968700,4416.1,4416.5,4412.8,4413.5,597
1779969000,4413.6,4414.6,4410.9,4413.8,1083
1779969300,4413.3,4418.8,4413.2,4418.1,730
1779969600,4418,4421.6,4417.9,4420.3,910
1779969900,4420.4,4423.6,4419.9,4421.8,908
1779970200,4421.7,4423,4418.5,4422.7,838
1779970500,4422.7,4423.1,4417.6,4418.6,794
1779970800,4418.9,4420,4409.6,4411,2211
1779971100,4411.5,4416.9,4411,4415.2,933
1779971400,4415,4425,4413.3,4422.4,2881
1779971700,4422.6,4432.7,4421.5,4428.9,3236
1779972000,4429.2,4433.5,4427.7,4432.8,1694
1779972300,4432.7,4440.9,4431.8,4440.2,2957
1779972600,4440,4451.7,4439.3,4450.7,4151
1779972900,4450.8,4464.4,4450.5,4462,5391
1779973200,4462.2,4466.6,4458.5,4462.4,5053
1779973500,4462.6,4469.2,4455.9,4456.1,3902
1779973800,4456.4,4462.1,4455,4456.8,2417
1779974100,4457,4462.3,4455.8,4461.8,1847
1779974400,4461.8,4464.8,4457.6,4459,1997
1779974700,4459,4463.3,4458,4458.8,1654
1779975000,4459,4461.1,4448.4,4449.1,4283
1779975300,4449,4456.7,4448,4455,2913
1779975600,4454.8,4456.1,4449.6,4452.6,2144
1779975900,4452.3,4460.7,4451.4,4455.8,2478
1779976200,4455.6,4464.5,4455.6,4460.7,2933
1779976500,4460.7,4462.3,4456.2,4460.6,1647
1779976800,4460.3,4463.5,4450.5,4454.3,4247
1779977100,4454.6,4473.3,4454.3,4469.2,4166
1779977400,4469.6,4498.6,4462.6,4495,9295
1779977700,4494.7,4504.8,4482.1,4495.3,7971
1779978000,4495.2,4498,4483.8,4492.3,4165
1779978300,4492.1,4496,4489.4,4491.8,2430
1779978600,4491.8,4498.9,4486.7,4487.1,3200
1779978900,4487.4,4491,4483.2,4490,2689
1779979200,4490.1,4502.2,4489,4499.6,3144
1779979500,4499.7,4511.3,4496.5,4498.5,7201
1779979800,4498.7,4506.8,4497.1,4501,2336
1779980100,4501.2,4501.5,4492.3,4500.3,2664
1779980400,4500.5,4507.7,4499.2,4505.7,1947
1779980700,4505.9,4511.7,4503,4504.1,2337
1779981000,4504.3,4505.1,4500.8,4502,1432
1779981300,4501.9,4504.7,4501,4502.8,860
1779981600,4503,4507.4,4499.6,4506.5,1560
1779981900,4506.8,4513,4505.5,4507,1993
1779982200,4506.9,4511.7,4506.9,4511.2,1466
1779982500,4511.2,4515.4,4508.5,4508.5,2323
1779982800,4508.8,4511.4,4507.3,4509.7,1302
1779983100,4509.8,4513,4509,4510,925
1779983400,4510.3,4512.8,4509.8,4510.7,727
1779983700,4510.3,4512.8,4508.8,4512.8,900
1779984000,4512.9,4514.1,4507.6,4510.8,1717
1779984300,4511.3,4516.6,4510.9,4511.8,1456
1779984600,4511.8,4516.1,4511.8,4514.8,873
1779984900,4515,4528.4,4514,4527.7,3940
1779985200,4527.6,4533.5,4525.1,4532.7,3444
1779985500,4532.8,4533.6,4529.4,4530.9,1749
1779985800,4531.4,4533.1,4528.1,4529.4,1659
1779986100,4529.2,4533.8,4528.1,4530.1,1352
1779986400,4530,4537.1,4529.6,4535.3,1723
1779986700,4534.9,4539.1,4534.9,4535.6,1617
1779987000,4535.9,4540.7,4535.1,4538.8,1582
1779987300,4538.9,4541.9,4538.6,4541.6,1082
1779987600,4541.9,4546.4,4540.1,4541,2244
1779987900,4540.9,4541,4536.4,4540.5,1560
1779988200,4540.6,4541.2,4534.1,4534.4,1224
1779988500,4534.6,4537.5,4534,4535.1,929
1779988800,4534.9,4536.3,4532.9,4535.6,1165
1779989100,4535.7,4536.8,4531.5,4532.4,1635
1779989400,4532.6,4537.7,4532.6,4535.6,911
1779989700,4535.4,4536.3,4534.2,4536.1,399
1779990000,4536.3,4537.7,4534.9,4535.5,397
1779990300,4535.6,4539.6,4535.1,4538.7,1047
1779990600,4538.8,4539.2,4537.2,4537.6,428
1779990900,4537.8,4540.3,4537.8,4539.4,618
1779991200,4539.2,4547.4,4539.1,4543.5,1966
1779991500,4543.3,4544.2,4539.7,4540.1,865
1779991800,4540,4540.1,4536.5,4537.9,794
1779992100,4537.8,4543.9,4535.7,4540.2,1386
1779992400,4540.1,4541.6,4538.2,4538.6,610
1779992700,4538.5,4538.7,4535.8,4537,752
1779993000,4537.1,4537.2,4532.1,4532.8,1209
1779993300,4532.7,4534.6,4531.5,4532.7,984
1779993600,4532.6,4533.8,4531.8,4532.5,619
1779993900,4532.7,4533.2,4529.2,4530.1,920
1779994200,4530,4534.6,4529.6,4533.8,709
1779994500,4533.8,4534.2,4531.5,4532.2,530
1779994800,4532.1,4534.6,4530.6,4532.7,696
1779995100,4532.8,4533.3,4529.4,4529.6,376
1779995400,4529.8,4532.7,4529.2,4530.5,442
1779995700,4530.3,4532.4,4530.3,4531.8,373
1779996000,4531.8,4534,4531.4,4533.3,295
1779996300,4533.3,4533.3,4530.8,4530.8,462
1779996600,4530.9,4533.3,4530.8,4532,516
1779996900,4532.2,4532.7,4530.4,4531.9,340
1779997200,4531.8,4532.2,4529.8,4530.2,325
1779997500,4530.4,4531.4,4528.7,4529.6,460
1779997800,4529.5,4530.9,4528.4,4529.6,646
1779998100,4529.6,4530.4,4527.9,4528.7,862
1779998400,4528.7,4529.1,4526.3,4526.9,791
1779998700,4526.7,4528.2,4525.7,4527,308
1779999000,4527,4529.6,4526.7,4527.8,310
1779999300,4527.8,4531.6,4527.1,4528.3,665
1779999600,4528.5,4529.7,4527.9,4528.5,183
1779999900,4528.6,4530.4,4527.7,4530.1,305
1780000200,4530,4531.7,4528.9,4531.1,355
1780000500,4531,4531,4527.3,4527.3,352
1780000800,4527.2,4528.1,4525.9,4526.6,750
1780001100,4526.5,4527.6,4525.9,4527.2,395
1780001400,4527,4527.3,4525.9,4526.9,273
1780001700,4527.1,4527.7,4526.5,4527.3,322
1780005600,4527.7,4530.9,4526.1,4528.1,479
1780005900,4528.2,4529.1,4522.1,4524.1,617
1780006200,4524.1,4526.2,4522.9,4524.3,471
1780006500,4524.1,4525.6,4523.8,4524,203
1780006800,4524,4525.5,4523.5,4524.2,232
1780007100,4524.2,4527.7,4523.5,4526.3,271
1780007400,4526.6,4527.3,4524.2,4524.5,207
1780007700,4524.7,4525.8,4523.5,4525.2,199
1780008000,4524.8,4527.1,4524.1,4526.3,176
1780008300,4526.3,4527.1,4525.3,4525.4,158
1780008600,4525.4,4525.6,4523,4524.5,278
1780008900,4524.4,4525.1,4521.2,4521.6,329
1780009200,4521.8,4526.4,4521.6,4526.1,532
1780009500,4526.3,4526.8,4524.8,4525.2,273
1780009800,4525,4525.8,4525,4525.3,74
1780010100,4525.6,4528.6,4525.6,4526.8,488
1780010400,4526.7,4526.8,4524.6,4525.5,266
1780010700,4525.3,4525.4,4522.3,4523.1,303
1780011000,4522.9,4525.5,4521.8,4524.7,484
1780011300,4524.9,4525.4,4522.7,4522.7,519
1780011600,4522.8,4522.9,4519.1,4520.3,721
1780011900,4520.4,4522,4519.5,4521.1,562
1780012200,4521.3,4525.1,4520.9,4523,517
1780012500,4522.9,4527,4522.4,4525.6,724
1780012800,4525.9,4529.9,4522.9,4525.6,1458
1780013100,4525.6,4527.1,4522.6,4525.3,653
1780013400,4525.5,4528.8,4523,4528.1,936
1780013700,4528,4530.8,4527.1,4530,864
1780014000,4530,4531.4,4526.2,4528.1,765
1780014300,4528,4531.2,4526.6,4530.3,681
1780014600,4530.4,4530.8,4525.2,4525.2,958
1780014900,4525.3,4526.9,4523.4,4524.4,653
1780015200,4524.5,4529.2,4524.4,4528.9,590
1780015500,4528.6,4528.8,4523.3,4525.5,611
1780015800,4525.5,4527,4523.9,4524.3,379
1780016100,4524.3,4526.5,4523.6,4526.4,391
1780016400,4526.5,4534.3,4521.7,4531.2,2904
1780016700,4531,4540,4529.2,4539.4,1646
1780017000,4539.3,4545.7,4538.5,4545.2,1902
1780017300,4545.3,4551.3,4544.7,4548.8,2602
1780017600,4549,4550.9,4543,4543,1401
1780017900,4543,4543.7,4535.5,4535.7,1677
1780018200,4535.5,4536.3,4532.7,4534.2,1317
1780018500,4534.2,4538.7,4533.2,4537,1182
1780018800,4537.3,4538.7,4535.6,4536.4,821
1780019100,4536.5,4536.9,4531.7,4532,930
1780019400,4532,4536.7,4531,4536.3,670
1780019700,4536.1,4538.2,4533.9,4536.8,648
1780020000,4536.7,4541.2,4536.3,4541.1,983
1780020300,4541,4541.5,4535,4536.1,714
1780020600,4535.9,4538.4,4534.3,4537.2,628
1780020900,4537,4539.3,4535.3,4535.9,693
1780021200,4536.3,4536.3,4533.1,4534.5,696
1780021500,4534.5,4535.1,4531.6,4533.4,358
1780021800,4533.4,4535.3,4528.2,4534.2,1528
1780022100,4534.1,4537.3,4533.3,4536.5,472
1780022400,4536.7,4538.3,4535,4535.4,605
1780022700,4535,4538.5,4535,4537,284
1780023000,4536.7,4536.7,4532,4533.3,665
1780023300,4533.2,4535.6,4531.3,4532.1,427
1780023600,4532.1,4532.3,4528.9,4531.7,802
1780023900,4531.7,4531.7,4526.8,4528.1,977
1780024200,4528.6,4529,4525,4526.7,1019
1780024500,4527,4528.2,4525.3,4526.8,593
1780024800,4526.8,4529.8,4526.8,4528.8,595
1780025100,4528.5,4529,4525.7,4527.1,509
1780025400,4527.5,4528.7,4527.1,4527.8,285
1780025700,4527.7,4528.5,4525.2,4526.7,525
1780026000,4526.9,4529.9,4526.9,4528.7,479
1780026300,4528.5,4530.6,4528.4,4530.6,435
1780026600,4530.4,4531.3,4526.7,4530.3,513
1780026900,4530.1,4532.2,4529.2,4531.4,539
1780027200,4531.4,4537.5,4531.2,4533.1,1021
1780027500,4533,4534.3,4531.9,4533.6,270
1780027800,4533.7,4534,4532,4532.8,151
1780028100,4532.8,4535.5,4532.2,4535,383
1780028400,4535,4542.7,4534.3,4541.2,994
1780028700,4541.3,4542.5,4539.5,4539.7,645
1780029000,4540,4541.3,4538.9,4539.7,469
1780029300,4539.8,4541.7,4538.5,4540.3,542
1780029600,4540.4,4541.5,4539.7,4541.4,364
1780029900,4541.5,4542.2,4539.1,4539.9,423
1780030200,4539.9,4540.9,4538.8,4540,483
1780030500,4540.2,4545.6,4539.5,4544.9,677
1780030800,4544.7,4546.4,4540,4540.5,711
1780031100,4540.4,4541.8,4540.1,4541,356
1780031400,4540.8,4543.3,4539.5,4543.1,373
1780031700,4542.5,4543.1,4541.4,4542.5,207
1780032000,4542.7,4543,4540.6,4540.7,193
1780032300,4541.1,4541.5,4540.4,4540.7,185
1780032600,4540.6,4543.6,4537.2,4539.3,1260
1780032900,4539,4539,4533.1,4534.2,892
1780033200,4534.2,4538.7,4533.1,4537.5,669
1780033500,4537.2,4539.4,4536,4536.4,656
1780033800,4536.5,4547,4534.7,4546.1,1269
1780034100,4546,4546.5,4541.5,4545.9,1075
1780034400,4546,4553.7,4545.1,4550.2,2372
1780034700,4550.2,4551.1,4544.8,4545.1,947
1780035000,4545,4547,4541.9,4546.6,843
1780035300,4546.2,4546.6,4540.2,4542,634
1780035600,4542.3,4550.8,4542,4549.5,877
1780035900,4549.3,4552.2,4547,4547.3,1015
1780036200,4547.4,4551.6,4547.3,4548.5,612
1780036500,4548.5,4549.7,4544.5,4545.5,658
1780036800,4546.1,4547.8,4541.8,4547.2,747
1780037100,4547.3,4550.3,4546.1,4548.3,538
1780037400,4548.6,4554,4547.5,4552.9,810
1780037700,4552.6,4554.9,4552.5,4554.5,759
1780038000,4554.3,4554.8,4549.6,4549.6,909
1780038300,4549.5,4551.5,4548.5,4549.9,685
1780038600,4550.1,4551.5,4546.6,4546.8,626
1780038900,4546.6,4547.7,4544.9,4546.1,694
1780039200,4546,4546.6,4542.3,4542.3,649
1780039500,4542.3,4544.8,4541.2,4544.8,801
1780039800,4544.4,4551.7,4543.4,4551.1,1298
1780040100,4551.3,4556,4550.8,4553.2,1721
1780040400,4553.1,4557.2,4551.7,4556.3,1082
1780040700,4556.1,4557.2,4554,4555.5,935
1780041000,4554.9,4556.2,4552.5,4553.8,754
1780041300,4553.7,4556.3,4553.5,4555.4,389
1780041600,4555.2,4555.6,4549.3,4549.8,1157
1780041900,4549.7,4551.5,4546.3,4546.8,919
1780042200,4546.7,4549.8,4544.9,4545.7,678
1780042500,4545.7,4547.1,4543.6,4544,711
1780042800,4543.8,4547.9,4543.2,4546.1,882
1780043100,4546.2,4548.7,4544.9,4548.1,568
1780043400,4547.7,4548.7,4545.5,4545.8,358
1780043700,4545.8,4547,4544.4,4545.4,599
1780044000,4545.5,4546.5,4544.6,4545.3,377
1780044300,4545.1,4546.9,4541.2,4541.5,741
1780044600,4541.7,4545.6,4540,4544.1,754
1780044900,4544,4545.4,4543.2,4544.8,272
1780045200,4545.2,4550.1,4543.3,4549.1,1052
1780045500,4549.1,4554.5,4547.7,4553.9,776
1780045800,4553.8,4561.4,4553.5,4559.8,1828
1780046100,4559.9,4560.4,4557.8,4558.6,1063
1780046400,4558.5,4559.1,4552.8,4553.3,889
1780046700,4553.5,4563.2,4553,4559.8,1098
1780047000,4559.5,4561.5,4555,4559.4,1635
1780047300,4559.2,4561.5,4557.2,4559.5,552
1780047600,4559.6,4563.7,4559,4563.2,738
1780047900,4563.4,4568.9,4562.8,4568.2,1761
1780048200,4568.5,4571.1,4562.3,4563.7,1287
1780048500,4563.5,4564.5,4560.5,4562.1,495
1780048800,4562.1,4562.4,4556.5,4557.1,782
1780049100,4556.9,4559.7,4556.7,4557.3,457
1780049400,4557.5,4559.9,4557,4559.6,376
1780049700,4559.5,4561.5,4556.5,4557.6,561
1780050000,4557.9,4558.9,4556.8,4558.6,248
1780050300,4558.5,4562.1,4558.5,4561.3,401
1780050600,4561.6,4570.4,4561.3,4570,1439
1780050900,4569.8,4574.7,4569.2,4572.6,1157
1780051200,4572.7,4573.2,4567.3,4569,758
1780051500,4569,4572.1,4567.3,4568.4,714
1780051800,4568.4,4570.2,4567.6,4567.8,381
1780052100,4567.6,4569.8,4566.2,4569.5,579
1780052400,4569.5,4571.9,4566.7,4567,721
1780052700,4566.9,4568,4563.2,4563.7,749
1780053000,4563.4,4564.5,4561.8,4563.5,736
1780053300,4563.4,4563.9,4560.3,4562.8,934
1780053600,4562.7,4565.6,4561.1,4562.1,930
1780053900,4562.4,4563.2,4557.8,4559.1,1004
1780054200,4559.1,4559.7,4556.8,4558.1,507
1780054500,4557.9,4559.8,4557.1,4559,532
1780054800,4559,4562.4,4558.9,4562,687
1780055100,4562.1,4565,4559.8,4560.1,667
1780055400,4560.1,4566.3,4558,4564.8,1745
1780055700,4564.9,4569.7,4564.3,4569.2,1008
1780056000,4569.2,4569.5,4558.8,4559.9,1561
1780056300,4559.5,4561.4,4557.9,4560.8,888
1780056600,4560.8,4563,4557.5,4559.4,947
1780056900,4559.1,4562.6,4558.3,4561.1,663
1780057200,4561,4561.1,4550.3,4554.1,2559
1780057500,4554.1,4555.2,4551.1,4553.1,952
1780057800,4553,4554.4,4544.8,4548,2999
1780058100,4547.9,4549.6,4546,4548.3,1184
1780058400,4547.9,4548.5,4543.6,4545.3,1092
1780058700,4545.2,4548.9,4543.2,4546.3,1380
1780059000,4546.1,4551.7,4544.9,4549.5,1557
1780059300,4549.2,4554.9,4547.2,4553.9,1338
1780059600,4553.7,4556.5,4547.4,4554.7,2752
1780059900,4554.8,4557.6,4550.8,4556.2,1747
1780060200,4556.2,4556.2,4551.3,4553.4,1129
1780060500,4553.6,4555.2,4552,4553.2,834
1780060800,4553.3,4559.8,4553,4557,1360
1780061100,4557.2,4559.2,4556.2,4558.7,859
1780061400,4559,4563,4555.4,4555.7,2629
1780061700,4555.4,4563.9,4552.9,4562.2,2727
1780062000,4562.2,4566.1,4560.8,4563.5,1764
1780062300,4563.8,4567.3,4559.7,4566.3,1493
1780062600,4566.6,4569.8,4562.3,4569,1877
1780062900,4568.7,4571.2,4565.7,4567.3,2029
1780063200,4567.5,4580.4,4565.4,4578.6,5553
1780063500,4578.9,4583.7,4577,4582,3546
1780063800,4581.9,4583.8,4574.7,4574.9,2757
1780064100,4575,4576.3,4568.9,4569,2772
1780064400,4569,4571.8,4561.8,4562.2,2617
1780064700,4562.2,4564.3,4556.9,4561,3292
1780065000,4560.7,4567.6,4556,4567.5,2633
1780065300,4567.4,4567.8,4561.8,4562.7,1654
1780065600,4563.3,4573.1,4563.3,4571.3,2004
1780065900,4571.5,4572.2,4567.7,4570.7,1296
1780066200,4571.1,4600.8,4570.9,4588.5,7890
1780066500,4588.5,4603.3,4587.2,4595.1,4226
1780066800,4595.7,4610.1,4595.5,4609.6,5210
1780067100,4609.5,4621.5,4604.4,4619.4,6603
1780067400,4619.6,4627.3,4617.2,4621.5,5130
1780067700,4621.9,4623.3,4617.6,4620.2,3430
1780068000,4620.2,4620.7,4612.8,4616.2,3018
1780068300,4616.4,4617.2,4609.2,4609.6,2068
1780068600,4609.5,4614.7,4609.2,4609.4,1792
1780068900,4609.2,4612.2,4602.5,4604.1,2837
1780069200,4604.4,4606.5,4592.1,4597.9,3976
1780069500,4597.7,4600.5,4587.4,4595.8,2983
1780069800,4596,4601.4,4594,4599.8,1734
1780070100,4599.7,4602.6,4599.1,4602.1,1003
1780070400,4602.1,4603.2,4598.2,4598.7,1556
1780070700,4598.9,4599.7,4594.5,4595.2,1325
1780071000,4595.2,4596,4590.6,4594.5,1335
1780071300,4594.2,4599.1,4593.4,4595.9,1065
1780071600,4595.9,4597.8,4594.4,4595.2,618
1780071900,4594.9,4594.9,4591,4593.8,797
1780072200,4593.9,4601.1,4592.5,4600,1889
1780072500,4599.9,4604.6,4598.8,4603.1,1488
1780072800,4602.8,4603.9,4599.6,4600.5,698
1780073100,4600.3,4600.4,4595.3,4595.6,1034
1780073400,4595.5,4596.7,4591.5,4596,1094
1780073700,4596,4598.3,4593.1,4597.5,564
1780074000,4597.9,4598.9,4594.7,4594.9,742
1780074300,4595,4599.3,4593.8,4598.6,584
1780074600,4598.5,4599.2,4594.5,4595,495
1780074900,4594.9,4597.8,4594.6,4596.3,467
1780075200,4596.5,4598,4590.8,4596.3,1388
1780075500,4596.5,4596.6,4592,4592.6,1018
1780075800,4592.7,4593.1,4588.5,4592.3,1153
1780076100,4592.1,4592.8,4589.2,4589.8,617
1780076400,4589.7,4590.8,4584,4585,1353
1780076700,4585.1,4588.7,4583.9,4587.1,889
1780077000,4587,4587.3,4583.2,4584.6,652
1780077300,4584.5,4585.2,4582.4,4584.5,760
1780077600,4584.2,4588.3,4583.2,4588.3,837
1780077900,4588.4,4589.7,4586.5,4588.8,712
1780078200,4589,4589.5,4587.1,4589.1,432
1780078500,4588.9,4590.1,4586.3,4589.6,645
1780078800,4589.7,4590.9,4588.4,4589.6,454
1780079100,4589.7,4591.5,4588.8,4590.5,529
1780079400,4590.5,4592.4,4590.5,4592,414
1780079700,4592,4592.7,4590.7,4590.9,254
1780080000,4591,4591.3,4588.5,4589.2,444
1780080300,4588.9,4588.9,4581.4,4584.2,1410
1780080600,4584,4586,4582.9,4585.8,437
1780080900,4585.3,4588.3,4584.1,4584.5,477
1780081200,4584.4,4586.4,4583.5,4585.7,575
1780081500,4586,4589.9,4585.9,4589.9,377
1780081800,4589.8,4591.7,4589,4589.7,627
1780082100,4589.5,4590.4,4587.8,4588.9,394
1780082400,4588.8,4589.3,4587,4587.8,248
1780082700,4588,4588.4,4585.8,4586.5,342
1780083000,4586.4,4587.7,4584.3,4584.6,480
1780083300,4584.9,4585.3,4582.9,4583.8,404
1780083600,4583.6,4585.2,4582.2,4582.8,434
1780083900,4582.7,4582.8,4579.5,4579.9,751
1780084200,4579.9,4580.8,4576.6,4577.7,1025
1780084500,4578,4580,4574.2,4577.2,1032
1780084800,4577,4578.8,4574,4575.8,696
1780085100,4575.9,4577.7,4574.7,4577.1,320
1780085400,4577.2,4581.1,4576.6,4580,457
1780085700,4580.2,4580.3,4576.8,4577.2,242
1780086000,4577.2,4577.2,4575.6,4576.5,263
1780086300,4576.4,4576.6,4573.4,4574.3,273
1780086600,4574,4574.9,4573.2,4574.6,315
1780086900,4574.5,4575,4573.4,4574.4,217
1780087200,4574.2,4575.8,4572.5,4575.2,473
1780087500,4575,4575.3,4573.2,4573.4,242
1780087800,4573.2,4574.6,4570.9,4571.3,443
1780088100,4571.2,4572.8,4566.2,4569.7,743
1780264800,4574.5,4584.6,4548.1,4551.7,2746
1780265100,4551,4557.9,4550,4556.5,1262
1780265400,4556,4565.9,4554.1,4565.2,1316
1780265700,4565,4567.4,4561.8,4567.2,897
1780266000,4567.2,4567.2,4561.7,4563.8,674
1780266300,4563.9,4564.9,4562.2,4563.6,361
1780266600,4563.6,4567.2,4563.3,4566.2,525
1780266900,4566,4567,4562.2,4562.2,520
1780267200,4562.5,4566.2,4560.7,4566.1,651
1780267500,4566.1,4571.3,4566,4568.9,950
1780267800,4568.8,4569.9,4565.3,4565.6,567
1780268100,4565.8,4568.7,4565.8,4565.8,332
1780268400,4566,4571,4565.8,4570.3,469
1780268700,4570.3,4572.6,4569.3,4572.4,499
1780269000,4572.1,4574.1,4570.6,4573.2,430
1780269300,4573.4,4574.4,4571.9,4572.8,578
1780269600,4572.9,4574.4,4570.5,4572.5,754
1780269900,4572.6,4576.3,4572.4,4575.7,788
1780270200,4575.6,4576.9,4569.9,4570.1,986
1780270500,4570.3,4572.5,4568.8,4571.5,755
1780270800,4571.5,4573.6,4571.2,4572.4,396
1780271100,4572.4,4573.5,4568.8,4571.8,755
1780271400,4571.9,4575.8,4571.1,4575.1,662
1780271700,4575.1,4575.8,4570.2,4570.3,627
1780272000,4570.4,4577.4,4568.1,4575.6,1082
1780272300,4575.6,4576,4571.5,4571.6,680
1780272600,4571.7,4574.6,4570,4571.7,574
1780272900,4571.5,4574.7,4568.5,4569.3,598
1780273200,4569.1,4572.5,4568.8,4571.4,675
1780273500,4571.2,4575.4,4570.3,4573.9,563
1780273800,4573.8,4575.7,4566.5,4568.8,1053
1780274100,4568.9,4569.6,4565.7,4567.5,875
1780274400,4567.4,4568,4565.8,4566.3,469
1780274700,4566.3,4572.6,4566.3,4572.2,877
1780275000,4572.2,4573.5,4568.6,4569.9,694
1780275300,4569.6,4572.7,4568,4571.3,827
1780275600,4571.3,4572.4,4562.3,4565.3,2065
1780275900,4564.9,4566.4,4558,4560,1597
1780276200,4559.6,4565.2,4556.5,4565,1461
1780276500,4564.9,4565.5,4560.7,4560.8,799
1780276800,4561.2,4567.7,4560.6,4563.2,1088
1780277100,4563.2,4564,4558.9,4559.6,934
1780277400,4559.7,4564,4557.8,4564,962
1780277700,4563.6,4564.3,4558.9,4560.7,533
1780278000,4560.8,4565.2,4559.4,4564.2,706
1780278300,4564.2,4564.6,4558.2,4559.6,671
1780278600,4559.8,4562.1,4558.6,4560.7,633
1780278900,4560.6,4560.8,4554.5,4556.2,1237
1780279200,4556.2,4558.7,4555.1,4556,670
1780279500,4556,4563,4555.7,4559.6,949
1780279800,4559.8,4564.9,4559.3,4562.8,797
1780280100,4563.1,4565.5,4562.4,4562.8,708
1780280400,4563.3,4563.8,4561.1,4562.5,505
1780280700,4562.4,4562.7,4560.3,4561.2,259
1780281000,4561.3,4561.4,4553.4,4558,1396
1780281300,4558,4561.8,4557.7,4559,578
1780281600,4559.1,4559.1,4552.6,4553.3,924
1780281900,4553.3,4555.7,4552.2,4554,785
1780282200,4554.1,4554.6,4552.3,4552.8,544
1780282500,4552.6,4554.2,4551.6,4552.1,589
1780282800,4551.8,4556.2,4551.8,4555.2,790
1780283100,4555.2,4555.4,4547.6,4548.1,1488
1780283400,4548,4551.2,4545.9,4549.3,1127
1780283700,4549.1,4550.6,4543.7,4550,1364
1780284000,4550,4551,4547.8,4549.3,597
1780284300,4549.1,4552,4548.6,4550.9,484
1780284600,4550.9,4554.8,4550.4,4552.2,756
1780284900,4551.9,4552.2,4544.8,4545.9,804
1780285200,4545.8,4546.3,4540.3,4541.1,1262
1780285500,4541.1,4543.9,4540.4,4543.3,791
1780285800,4543.3,4544.7,4542.1,4543.7,393
1780286100,4543.5,4546.8,4542.5,4546.8,483
1780286400,4546.8,4550.2,4546,4546.7,881
1780286700,4546.7,4547.7,4544.1,4544.7,681
1780287000,4544.5,4545.6,4542.9,4545.2,508
1780287300,4545.3,4549,4545.3,4547,550
1780287600,4547.2,4548,4546.4,4547.6,238
1780287900,4547.8,4548,4545.5,4546.1,336
1780288200,4546.3,4547,4544.4,4544.7,277
1780288500,4544.7,4546,4543.8,4545.3,314
1780288800,4545.3,4547.7,4544.8,4545.1,462
1780289100,4545.1,4545.1,4537.7,4540.9,1140
1780289400,4540.8,4544.7,4540.1,4544.4,715
1780289700,4544.3,4545.5,4542.6,4544.5,477
1780290000,4544.8,4546.7,4543.8,4546.5,457
1780290300,4546,4548.1,4545.9,4546.6,405
1780290600,4546.4,4549.7,4545.5,4548.3,561
1780290900,4548.6,4552.4,4547.7,4552,613
1780291200,4551.8,4553.2,4550,4552.6,596
1780291500,4552.4,4553.8,4550.4,4550.7,610
1780291800,4550.5,4552.3,4542.9,4543.9,1088
1780292100,4543.8,4552.3,4543.6,4550.3,881
1780292400,4550.3,4551.2,4545.3,4550,722
1780292700,4550,4555.4,4547.3,4554.1,718
1780293000,4554.1,4554.6,4551,4553.5,650
1780293300,4553.5,4553.5,4547.1,4548.1,603
1780293600,4548.2,4548.9,4544.1,4546.5,1112
1780293900,4546.8,4548.6,4545.3,4547,476
1780294200,4547.2,4547.4,4542.1,4544.1,798
1780294500,4544.1,4546.2,4539.9,4541.1,887
1780294800,4541,4541.3,4535.1,4536.3,1663
1780295100,4536.2,4544.7,4535.9,4544.7,1404
1780295400,4544.8,4545.1,4540.4,4540.7,707
1780295700,4540.9,4541.2,4531.9,4534.9,1720
1780296000,4534.8,4536.5,4533.5,4534.9,609
1780296300,4534.2,4534.8,4530.6,4534.8,1065
1780296600,4534.5,4534.7,4529.1,4533.7,994
1780296900,4534,4535.4,4530.7,4531.7,738
1780297200,4531.6,4538.7,4530.7,4537.7,1130
1780297500,4537.4,4540,4536.2,4536.2,1104
1780297800,4536.1,4539.5,4535.6,4537.3,639
1780298100,4537.2,4538.3,4534.6,4536.7,495
1780298400,4536.6,4537.3,4533.2,4534.9,480
1780298700,4534.9,4536.1,4532.9,4533.9,581
1780299000,4533.8,4537.8,4533.8,4534.7,645
1780299300,4534.2,4536.4,4532.5,4533.3,630
1780299600,4533.3,4533.8,4527.7,4528.1,1283
1780299900,4528,4530.4,4522.6,4524.6,1758
1780300200,4524.3,4526.6,4522.3,4525.6,847
1780300500,4525.5,4533.3,4525.3,4533.1,974
1780300800,4533,4534.6,4525.1,4525.7,1252
1780301100,4525.8,4529.5,4523.1,4523.8,951
1780301400,4523.6,4528.6,4523.3,4525.2,586
1780301700,4525.5,4526.1,4521.3,4524.6,875
1780302000,4524.5,4526.9,4519.7,4522.6,882
1780302300,4522.7,4526,4522.2,4525.6,386
1780302600,4525.7,4526.5,4522.2,4525.5,464
1780302900,4525.5,4526.2,4522.8,4524.5,440
1780303200,4524.5,4530.4,4522.5,4529.9,773
1780303500,4529.8,4532.2,4526,4530.9,957
1780303800,4530.8,4531.5,4526.6,4527,687
1780304100,4527.3,4529.3,4525.3,4527.8,495
1780304400,4527.7,4530.5,4527.4,4530.2,618
1780304700,4530.1,4530.3,4528,4529.1,295
1780305000,4529.2,4530,4527.8,4529.4,235
1780305300,4529.4,4535.4,4527.7,4535.3,897
1780305600,4535.5,4536,4528,4529.1,707
1780305900,4529,4529.3,4526.1,4526.2,709
1780306200,4526.2,4527.2,4518.1,4520.3,2511
1780306500,4520.4,4527.6,4520.1,4527.6,819
1780306800,4527.3,4528.8,4524.1,4527.9,551
1780307100,4527.8,4527.9,4523.3,4524.8,488
1780307400,4525.1,4528.2,4523.5,4527.4,522
1780307700,4527.5,4527.5,4524.1,4525.6,335
1780308000,4525.8,4528.7,4525.8,4527.9,368
1780308300,4527.8,4531.2,4526.1,4529.8,476
1780308600,4530.1,4532.1,4529.3,4531.3,336
1780308900,4531.2,4531.8,4529.1,4529.5,396
1780309200,4530.1,4530.4,4525.8,4530.3,627
1780309500,4530.4,4533.5,4530.2,4530.8,450
1780309800,4531,4535.5,4530.4,4534.6,519
1780310100,4534.8,4536.7,4532.8,4532.9,626
1780310400,4532.9,4537.3,4532.9,4535.7,711
1780310700,4535.7,4540.3,4535.1,4539.1,799
1780311000,4539,4540.7,4536.6,4536.9,811
1780311300,4537.1,4537.1,4532.3,4533.9,665
1780311600,4533.9,4536.6,4530,4530,799
1780311900,4530.2,4535.9,4529.5,4535.6,646
1780312200,4535.3,4535.4,4533.3,4534.9,389
1780312500,4535.1,4539.9,4534.2,4539.8,876
1780312800,4539.8,4543.1,4538.5,4538.6,976
1780313100,4538.6,4542.4,4537.8,4540.6,642
1780313400,4540.7,4542.2,4536.4,4537,781
1780313700,4536.9,4541.5,4536.3,4540.6,731
1780314000,4540.6,4541.1,4536.7,4537.3,426
1780314300,4537.4,4540,4536.9,4538.7,369
1780314600,4538.6,4538.6,4536.3,4537.7,382
1780314900,4537.4,4538.2,4535.4,4535.9,526
1780315200,4535.8,4537.3,4533.3,4536.2,939
1780315500,4536.1,4539.5,4536.1,4537.8,675
1780315800,4538,4540,4532.5,4533.3,923
1780316100,4533.3,4536.1,4531.3,4533.7,1233
1780316400,4533.4,4533.6,4527.5,4532,1620
1780316700,4532.2,4537.9,4531.4,4535.5,1080
1780317000,4535.6,4535.7,4527.3,4531,1529
1780317300,4530.8,4533.4,4528.9,4533.3,912
1780317600,4533.5,4538.5,4529,4537.7,1283
1780317900,4537.6,4540.9,4535.5,4536.9,1278
1780318200,4536.7,4538.6,4535.1,4535.7,1030
1780318500,4535.7,4536.3,4528.5,4531.7,1207
1780318800,4532.2,4533.9,4525.4,4531.5,2460
1780319100,4531.6,4532.6,4525.9,4531.3,1150
1780319400,4531,4531.1,4502,4513.7,9449
1780319700,4513.5,4519.4,4508.2,4511.8,3257
1780320000,4511.6,4512.8,4493.5,4495.8,5730
1780320300,4495.7,4499.1,4491.7,4494.5,3127
1780320600,4494.5,4500,4488.4,4495.6,4521
1780320900,4495.5,4508.5,4491.3,4502.8,4453
1780321200,4502.6,4504.2,4494.8,4496.9,1967
1780321500,4496.7,4499.5,4492.7,4494,1776
1780321800,4493.8,4495.3,4481.6,4484.3,4728
1780322100,4483.8,4485.1,4477.5,4479.6,3086
1780322400,4479.5,4484.3,4477,4484.1,4042
1780322700,4483.9,4491.3,4478.9,4490.1,2714
1780323000,4489.9,4491.9,4485.7,4491.3,2121
1780323300,4490.6,4494.9,4483,4487,3788
1780323600,4486.7,4491.9,4484.5,4485,1518
1780323900,4485.2,4486,4479.2,4486,2227
1780324200,4485.9,4490.5,4483.3,4488.2,1812
1780324500,4488.1,4490.1,4483.6,4484.9,1145
1780324800,4485.2,4491.3,4484.9,4489.6,1138
1780325100,4489.4,4490.8,4483.1,4484.7,1181
1780325400,4484.7,4486.5,4481.7,4485.8,1230
1780325700,4485.8,4489,4484.5,4488.4,731
1780326000,4488.6,4492.1,4487.3,4490,1168
1780326300,4489.9,4495.4,4485,4492.4,2023
1780326600,4492.3,4495.4,4490.4,4494,948
1780326900,4494.3,4497.2,4493,4495.2,1813
1780327200,4495.1,4498,4493.9,4497,950
1780327500,4497,4500.4,4495.6,4498.6,1137
1780327800,4498.4,4509,4498,4507.2,3975
1780328100,4507.3,4510.3,4503.9,4506.8,2253
1780328400,4506.6,4507.6,4501.3,4502.4,1222
1780328700,4502.6,4504.9,4498.7,4499.9,1308
1780329000,4499.9,4502.4,4499,4501.2,846
1780329300,4501.5,4505.8,4501.3,4504.4,1159
1780329600,4504.4,4508.9,4502.6,4503.1,1297
1780329900,4503.4,4504.5,4498.1,4499,1028
1780330200,4498.9,4499,4495.1,4497.4,1502
1780330500,4497.2,4497.7,4493,4497,1255
1780330800,4497.1,4499,4494.7,4498.2,989
1780331100,4498.5,4500.1,4496.8,4498.5,1053
1780331400,4498.2,4503.1,4498.2,4499.7,1476
1780331700,4499.3,4501.4,4497.6,4499.3,580
1780332000,4499.2,4500.2,4497.8,4498.2,352
1780332300,4498.1,4501.9,4497.4,4501.9,674
1780332600,4502,4511.5,4501.8,4510.3,1995
1780332900,4510.1,4512.7,4508.6,4510.3,1560
1780333200,4510.8,4511.8,4505.6,4506.6,1505
1780333500,4506.6,4507.7,4501.5,4503.8,1049
1780333800,4503.8,4506.4,4503.4,4505.2,597
1780334100,4505.4,4506,4503.5,4506,354
1780334400,4506,4506.9,4503.8,4505.2,482
1780334700,4505.2,4513.2,4502.4,4512.8,1712
1780335000,4513.1,4516,4510.3,4511.6,2189
1780335300,4511.6,4514.8,4510.7,4513,630
1780335600,4513.2,4521.6,4512.9,4521.6,2768
1780335900,4521.4,4525.5,4520.9,4521.1,1680
1780336200,4521.2,4521.9,4518.8,4521.1,952
1780336500,4521.4,4521.7,4517.1,4517.3,640
1780336800,4517.4,4518.4,4516.2,4516.8,458
1780337100,4516.9,4520.2,4516.5,4519.7,591
1780337400,4519.7,4520,4517.8,4518.4,316
1780337700,4518.4,4519.3,4516.6,4519.3,409
1780338000,4519.2,4520,4518.4,4519.1,283
1780338300,4519,4519.3,4516.2,4516.5,451
1780338600,4516.7,4517.2,4514.4,4515.9,632
1780338900,4515.9,4517.4,4515.6,4516.1,307
1780339200,4516.2,4518.2,4515.4,4517.9,323
1780339500,4517.7,4518.8,4517.6,4518.8,269
1780339800,4518.6,4518.6,4517.1,4517.2,216
1780340100,4517,4518.7,4516.3,4516.5,425
1780340400,4516.6,4518.5,4515,4517.8,421
1780340700,4517.7,4518.2,4514.3,4515.1,507
1780341000,4515.3,4517.2,4515,4515.4,239
1780341300,4515.4,4516.5,4514.4,4515.5,396
1780341600,4515.6,4516.6,4514.9,4515.6,243
1780341900,4515.7,4516.1,4514.2,4514.5,250
1780342200,4514.7,4515.6,4513.4,4513.6,439
1780342500,4513.8,4515.4,4512.7,4514.4,492
1780342800,4514.4,4515.5,4513.2,4513.2,307
1780343100,4513.4,4514.2,4512.7,4513.5,329
1780343400,4513.5,4514,4509.5,4510,804
1780343700,4510,4511.4,4509.1,4511.2,724
1780344000,4511.3,4513.9,4510.2,4513,415
1780344300,4513.2,4514.5,4512.8,4513.7,338
1780344600,4513.4,4513.9,4512.3,4513.5,236
1780344900,4513.4,4514.3,4513,4513.1,141
1780345200,4512.8,4513.2,4512.1,4512.4,156
1780345500,4512.5,4513.8,4512.4,4513.2,167
1780345800,4513.1,4514.8,4512.1,4514.8,243
1780346100,4514.5,4514.6,4513.1,4514.1,184
1780346400,4513.9,4514.6,4512.3,4512.5,206
1780346700,4512.4,4514.1,4511.2,4513.9,393
1780347000,4513.8,4514.2,4512.4,4513.2,195
1780347300,4513.1,4515.9,4512.3,4515.4,638
1780351200,4516,4517.8,4511.9,4513,761
1780351500,4513,4513.4,4511.5,4512,346
1780351800,4512,4514.5,4511.7,4514.2,386
1780352100,4514.2,4514.9,4513.6,4513.9,249
1780352400,4513.8,4514.5,4511.3,4512.5,489
1780352700,4512.5,4513.7,4510.8,4511.1,580
1780353000,4511.2,4513.2,4511,4511.2,318
1780353300,4511.1,4512.9,4509.4,4512.7,510
1780353600,4512.3,4513.5,4511,4511.5,331
1780353900,4511.4,4515.7,4511.2,4514,399
1780354200,4514.1,4514.7,4513.1,4513.6,302
1780354500,4513.7,4516.4,4513.7,4515.5,591
1780354800,4515.5,4518.1,4511.5,4516.4,830
1780355100,4516.2,4516.4,4514.8,4515.1,188
1780355400,4515.3,4516.4,4515.1,4516.2,218
1780355700,4516.3,4518.3,4516,4516.7,407
1780356000,4516.6,4517.7,4515.5,4517.7,216
1780356300,4517.6,4518.3,4517,4517.2,237
1780356600,4517.3,4517.5,4514.6,4514.6,362
1780356900,4514.7,4515.5,4510.6,4514.3,1029
1780357200,4514.6,4516.7,4512.9,4513.2,382
1780357500,4513.2,4513.3,4507.8,4510.8,977
1780357800,4510.6,4514.9,4510.6,4514.6,527
1780358100,4514.7,4516,4513.6,4514.4,334
1780358400,4514.4,4515.1,4511.1,4514.3,693
1780358700,4514.4,4515,4506.2,4508.3,1415
1780359000,4508.5,4511.3,4507.8,4510.8,900
1780359300,4510.7,4515.2,4510.7,4515,852
1780359600,4514.9,4519.5,4513.3,4519.2,1139
1780359900,4519.2,4523.4,4518.2,4523.4,1316
1780360200,4523.1,4526.9,4518.6,4518.8,1952
1780360500,4518.7,4521.1,4518,4519,777
1780360800,4518.5,4519.1,4514.3,4516.9,863
1780361100,4516.6,4517.5,4510.3,4511,793
1780361400,4511.1,4513.7,4510.8,4511.3,846
1780361700,4511.2,4513.8,4510.4,4511,672
1780362000,4510.7,4516.5,4501.9,4511.3,3065
1780362300,4511.2,4515.5,4508.7,4508.9,1349
1780362600,4509.1,4521.9,4508.2,4519.6,1964
1780362900,4519.6,4520.1,4511.5,4515.9,1689
1780363200,4515.6,4518.5,4509.9,4512.8,972
1780363500,4512.7,4522.4,4512.7,4516.2,1619
1780363800,4516.1,4519.4,4515.7,4516.9,736
1780364100,4517.1,4519.6,4510.8,4511.8,1007
1780364400,4511.5,4515.2,4509.2,4509.8,1353
1780364700,4509.7,4512.1,4501,4504.8,1838
1780365000,4504.8,4505.8,4492.2,4503,2948
1780365300,4503.2,4506.7,4500.9,4503.4,1323
1780365600,4503.6,4510.7,4501.7,4503.1,1902
1780365900,4503.4,4505.3,4501.8,4504.3,753
1780366200,4504.3,4510.5,4503.9,4510.3,733
1780366500,4510.3,4511.9,4508.3,4510.7,708
1780366800,4510.9,4514.4,4510.9,4513.5,879
1780367100,4513.5,4514.3,4511.1,4511.4,624
1780367400,4511.7,4515.5,4509.5,4511.1,983
1780367700,4510.8,4513.7,4508.7,4508.7,630
1780368000,4508.6,4509.2,4504.2,4506.6,900
1780368300,4506.7,4507.7,4503.4,4504.5,880
1780368600,4504.2,4509.9,4504.1,4508.6,589
1780368900,4509.1,4516.4,4508.9,4515.8,765
1780369200,4515.8,4522.8,4515.4,4517.9,1408
1780369500,4518,4519.4,4515.4,4516.6,514
1780369800,4516.4,4519,4515.9,4517.9,356
1780370100,4518,4521.2,4517.8,4519.7,492
1780370400,4519.6,4519.8,4515.5,4519.8,519
1780370700,4519.8,4528.1,4519.3,4525.1,1536
1780371000,4524.9,4529.5,4523.1,4523.9,1648
1780371300,4524.1,4529.2,4523.5,4524.7,898
1780371600,4524.7,4527.5,4524.3,4527.2,394
1780371900,4527.1,4529.9,4525.3,4528.4,499
1780372200,4528.2,4528.7,4526.9,4527.6,247
1780372500,4527.7,4529.8,4527.6,4529.6,256
1780372800,4529.5,4532.2,4527.9,4530.5,989
1780373100,4530.6,4533.4,4530.6,4532.5,616
1780373400,4532.5,4535.8,4532.4,4534.9,832
1780373700,4535.1,4540.8,4534.6,4538.1,1279
1780374000,4538.1,4538.6,4535.4,4536.1,634
1780374300,4536.3,4536.5,4534.8,4535.2,639
1780374600,4535,4538.6,4534.1,4538.5,958
1780374900,4538.4,4539.7,4537.8,4539.4,664
1780375200,4539.5,4542,4539.1,4540.9,645
1780375500,4540.7,4546.6,4540.2,4542.8,1189
1780375800,4543.1,4544.9,4542.2,4543.1,640
1780376100,4543.1,4548.6,4543.1,4547.7,841
1780376400,4547.6,4548.5,4546,4546,855
1780376700,4546.3,4547.9,4545.6,4546.3,675
1780377000,4546.1,4549.1,4545.3,4548.9,649
1780377300,4548.7,4550,4547.3,4548.8,750
1780377600,4549,4550.8,4547.9,4549,584
1780377900,4548.9,4552.2,4546.9,4549.8,975
1780378200,4550,4557.3,4549.7,4556.4,2266
1780378500,4556.6,4558.4,4553.2,4553.5,1275
1780378800,4553.8,4557,4552.7,4554.3,556
1780379100,4554.6,4556.3,4551.5,4553.3,687
1780379400,4553.2,4553.6,4548.2,4549.5,971
1780379700,4549.5,4549.7,4545.8,4546.9,1055
1780380000,4546.9,4550.7,4546.8,4550.4,787
1780380300,4550.6,4554.9,4550.3,4550.7,1017
1780380600,4550.8,4553.1,4548.7,4549,633
1780380900,4548.9,4554.3,4547.8,4550.4,931
1780381200,4550.5,4561,4550.5,4559.4,1708
1780381500,4559.5,4564.2,4556.2,4563.1,1830
1780381800,4563.5,4567.5,4563.2,4565.5,1423
1780382100,4565.5,4568.8,4563.8,4564.3,1023
1780382400,4564,4564.8,4561.8,4563.1,610
1780382700,4562.8,4566.2,4562.5,4563.8,503
1780383000,4563.8,4564.4,4562.1,4562.9,439
1780383300,4563.1,4567.1,4562.8,4566,558
1780383600,4565.7,4568.1,4563.4,4566.1,849
1780383900,4566.2,4568.1,4564.1,4568,571
1780384200,4568.1,4572,4567.8,4569.7,1255
1780384500,4569.8,4570.7,4567.4,4568.9,822
1780384800,4569.3,4569.3,4566.2,4566.8,509
1780385100,4566.9,4567.3,4563.1,4564,771
1780385400,4564.1,4565.1,4561.8,4563.7,705
1780385700,4563.7,4564.1,4561.8,4563.1,604
1780386000,4562.9,4565,4561.1,4561.9,489
1780386300,4562.1,4562.4,4559.8,4561.9,563
1780386600,4561.6,4562.3,4558,4560.9,797
1780386900,4560.9,4565.9,4560.9,4565.3,1273
1780387200,4565.3,4567.5,4563.3,4564.6,1098
1780387500,4564.3,4569.5,4563.6,4565.8,745
1780387800,4565.5,4567.6,4564.4,4564.9,461
1780388100,4565.1,4565.6,4561.6,4562.6,606
1780388400,4562.6,4565,4559.4,4564.3,1049
1780388700,4564.5,4564.6,4559.9,4561.2,460
1780389000,4561.1,4563.6,4560.4,4562.3,467
1780389300,4562.3,4562.4,4558.7,4560.2,512
1780389600,4560,4560.8,4558.4,4559,448
1780389900,4558.8,4560.8,4557.4,4559.8,470
1780390200,4559.5,4559.8,4557.8,4558,391
1780390500,4558.1,4558.6,4555.9,4556.8,559
1780390800,4556.9,4558.3,4555.4,4557.4,541
1780391100,4557.7,4561,4557.7,4558.9,1037
1780391400,4559,4564.3,4559,4563.8,1154
1780391700,4563.6,4565.6,4562.6,4564.5,911
1780392000,4564,4564.2,4558.5,4559.1,593
1780392300,4559,4560,4555,4556.5,947
1780392600,4556.8,4557.4,4551.8,4555.5,1906
1780392900,4555.3,4556.9,4553.4,4554.1,521
1780393200,4554.1,4556.3,4550.9,4555.6,762
1780393500,4555.5,4557.1,4554.8,4556,619
1780393800,4556.2,4560.8,4555.4,4559.9,799
1780394100,4560.1,4561,4556.9,4559.4,635
1780394400,4559.4,4560.5,4557.1,4557.7,434
1780394700,4558,4560,4557.9,4559.1,261
1780395000,4558.8,4561.7,4557.6,4558.6,528
1780395300,4558.3,4559.2,4557.5,4558.5,218
1780395600,4558,4558.3,4554.1,4554.8,507
1780395900,4555,4558.2,4554.5,4558.1,438
1780396200,4558.1,4558.1,4556.5,4557.4,201
1780396500,4557.4,4558.3,4555,4556.3,250
1780396800,4556.3,4558.5,4555.9,4558.5,372
1780397100,4558.5,4562.8,4558.5,4560.3,792
1780397400,4560.3,4562.2,4559,4562.2,415
1780397700,4562,4563.8,4560.9,4562.9,413
1780398000,4562.8,4564.5,4560.4,4560.7,674
1780398300,4561,4561,4558.7,4559.5,320
1780398600,4559.7,4561.1,4558.5,4558.5,333
1780398900,4558.6,4559.5,4555.9,4557.7,574
1780399200,4557.8,4558.6,4557.2,4558.6,265
1780399500,4558.4,4560,4556.9,4560,417
1780399800,4560.1,4560.7,4558.6,4559.8,489
1780400100,4559.8,4560,4555.8,4557,492
1780400400,4557.1,4558.2,4556.4,4556.7,194
1780400700,4556.7,4559.5,4555.4,4558.9,591
1780401000,4558.8,4559.4,4558.1,4558.4,235
1780401300,4558.4,4560.5,4554.7,4557.1,690
1780401600,4557.3,4558.6,4555.5,4557.6,561
1780401900,4557.5,4558.1,4554.5,4557.2,812
1780402200,4557,4557.6,4555.6,4556,430
1780402500,4555.8,4557.6,4553.5,4556.4,885
1780402800,4556.3,4562.3,4556,4560.9,1320
1780403100,4561,4564,4557.4,4559.1,1084
1780403400,4558.9,4560,4551.3,4557.5,1440
1780403700,4557.3,4563.5,4552.7,4554.5,2024
1780404000,4554.6,4556.9,4553,4554.6,715
1780404300,4554.7,4555.5,4549.2,4549.6,1536
1780404600,4549.8,4550.7,4543.4,4544.7,1955
1780404900,4544.4,4547,4542.9,4544.1,1416
1780405200,4544.4,4550.4,4542.4,4549.7,2175
1780405500,4549.8,4554.4,4541.8,4545.7,2723
1780405800,4546,4547.8,4541,4543.2,1589
1780406100,4543.4,4546.6,4541.9,4542.1,1063
1780406400,4542,4544.1,4539.2,4542.3,1493
1780406700,4542.4,4545.8,4539.3,4540,1170
1780407000,4540.2,4541.4,4536.1,4537.8,2741
1780407300,4537.4,4541.7,4535.5,4540.7,1728
1780407600,4540.4,4543.9,4536.9,4537.6,1939
1780407900,4537.5,4540.7,4535.8,4539,1242
1780408200,4539.2,4543.4,4533.5,4533.9,1701
1780408500,4533.8,4535.6,4532,4532.4,1941
1780408800,4532,4535.7,4525.7,4531.7,4505
1780409100,4532,4534.4,4529.6,4532.3,1807
1780409400,4532.4,4536.7,4532,4533.8,1713
1780409700,4533.7,4534.5,4521.8,4525.4,3731
1780410000,4526,4527.7,4519.4,4522.7,2886
1780410300,4522.3,4526.9,4521.5,4524.7,2210
1780410600,4525.1,4529.2,4524.2,4528.7,1720
1780410900,4528.4,4533.8,4528.4,4532,1738
1780411200,4532,4535.2,4530.4,4533.8,1401
1780411500,4533.5,4535.8,4532.3,4533,1401
1780411800,4533.3,4533.9,4529.8,4533.6,1263
1780412100,4533.8,4535.2,4530.6,4533.6,1157
1780412400,4533.4,4537.6,4532,4532.1,1924
1780412700,4532.6,4538.4,4531,4536.4,1582
1780413000,4536.4,4537.1,4532,4532.9,1060
1780413300,4533.1,4534.9,4532.5,4534,601
1780413600,4533.8,4535.9,4531.6,4533.4,668
1780413900,4533.5,4535.6,4530.6,4535,1140
1780414200,4535.1,4536.4,4532.5,4535.9,1018
1780414500,4535.9,4539,4534.1,4534.1,1271
1780414800,4534,4534.3,4528.7,4531.9,1557
1780415100,4532,4536.6,4531.1,4535.3,1028
1780415400,4535.1,4535.2,4531.9,4533.5,440
1780415700,4533.2,4533.3,4530.5,4531.7,487
1780416000,4531.7,4532.3,4529,4530.2,888
1780416300,4530.2,4532.5,4526.9,4531.3,1680
1780416600,4531.4,4531.6,4527.3,4527.5,530
1780416900,4527.6,4527.8,4523.6,4524.2,1364
1780417200,4524.4,4525.5,4521.7,4524,1053
1780417500,4524.2,4524.4,4519.3,4519.5,1776
1780417800,4519.7,4520.7,4518.3,4518.9,1059
1780418100,4519,4519.4,4515.5,4517.1,1236
1780418400,4517.2,4521.1,4515.9,4519.2,965
1780418700,4519.1,4521.5,4518.5,4520.4,778
1780419000,4520.4,4521.2,4518.7,4518.8,523
1780419300,4518.8,4521.4,4518.5,4521.2,523
1780419600,4521.2,4522.9,4519.1,4519.9,877
1780419900,4519.8,4521.6,4516.2,4516.6,1127
1780420200,4516.3,4519.5,4516.2,4519.2,603
1780420500,4519.1,4519.7,4516,4516.6,762
1780420800,4516.7,4518.3,4515.8,4517.5,427
1780421100,4517.8,4521.4,4516.9,4520.7,1031
1780421400,4520.7,4521.3,4518.2,4518.2,668
1780421700,4518.3,4518.4,4511.2,4512.6,1767
1780422000,4512.3,4514.9,4512.1,4514.1,472
1780422300,4513.8,4515.7,4513.6,4515.3,369
1780422600,4515.3,4516,4512.7,4513.4,433
1780422900,4513.1,4514.4,4512.1,4514,301
1780423200,4514.3,4518.2,4513.7,4515.9,719
1780423500,4516,4517.2,4514.7,4517.1,310
1780423800,4517.1,4517.7,4514.4,4514.6,659
1780424100,4514.4,4515.7,4513.5,4514.3,303
1780424400,4514.4,4517,4514,4517,366
1780424700,4516.9,4520.4,4516.7,4517.8,735
1780425000,4517.9,4519,4516,4517.7,535
1780425300,4517.4,4517.5,4513.8,4514.8,600
1780425600,4514.7,4514.9,4508,4509.8,1729
1780425900,4509.9,4515.9,4509.5,4515.8,726
1780426200,4516,4520,4515.3,4517,976
1780426500,4517,4518.2,4516.5,4517,360
1780426800,4517.1,4518.8,4517,4518.3,318
1780427100,4518.4,4518.7,4517.7,4518,232
1780427400,4518,4518.5,4516.8,4516.9,225
1780427700,4516.9,4517.4,4515.6,4516.4,273
1780428000,4516.5,4516.8,4515.3,4516.1,273
1780428300,4516.1,4519.6,4515.8,4519.6,407
1780428600,4519.3,4520.4,4515.7,4516.5,611
1780428900,4516.4,4516.5,4512.3,4514.5,609
1780429200,4514.3,4517.8,4513.7,4517.2,463
1780429500,4517.3,4517.8,4515.4,4516.8,285
1780429800,4516.7,4517.2,4515.8,4515.9,402
1780430100,4516.2,4518.5,4516.1,4518,490
1780430400,4517.9,4518.6,4516,4517.2,348
1780430700,4517.2,4518.4,4517,4517.9,157
1780431000,4517.7,4519.7,4517.7,4519.3,234
1780431300,4519.6,4520.8,4519.3,4520,327
1780431600,4520.1,4520.4,4518.7,4518.9,149
1780431900,4519.2,4519.6,4518.1,4519.5,134
1780432200,4519.7,4521,4518.8,4519.5,330
1780432500,4519.5,4520.2,4518.7,4519.2,191
1780432800,4519.1,4519.9,4518.6,4518.8,163
1780433100,4518.7,4519.6,4518,4518.5,297
1780433400,4518.4,4518.5,4517.3,4517.4,192
1780433700,4517.2,4519.6,4516.3,4519.1,311
1780437600,4520,4522.8,4518.4,4519.7,681
1780437900,4519.6,4522.6,4517.3,4521.3,665
1780438200,4521.2,4521.6,4518.8,4518.9,460
1780438500,4518.7,4520.3,4517.7,4518.4,436
1780438800,4518.3,4520.9,4517.4,4517.9,466
1780439100,4517.9,4519.3,4516.3,4519.1,438
1780439400,4519,4520.2,4517.3,4517.3,349
1780439700,4517.3,4518.1,4516.2,4517.6,295
1780440000,4517.5,4518.9,4516.8,4518,228
1780440300,4517.9,4521.4,4512.7,4518.1,1051
1780440600,4518,4519.4,4515.8,4516,580
1780440900,4516.1,4517.4,4513.4,4513.8,547
1780441200,4514.1,4517.7,4511.6,4514.1,706
1780441500,4513.8,4516,4509.6,4511.3,821
1780441800,4511.3,4512.4,4503.2,4506.4,2037
1780442100,4506.3,4506.3,4497.8,4499.1,1552
1780442400,4499.1,4501.3,4495.1,4496.5,1440
1780442700,4496.4,4499.8,4490.4,4496.2,1823
1780443000,4496.4,4498,4491,4495.2,1508
1780443300,4495.2,4496.8,4492,4494.5,1447
1780443600,4494.1,4504,4492.7,4503.5,1848
1780443900,4503.2,4503.7,4497.4,4500,894
1780444200,4499.9,4503.1,4499.5,4501.7,540
1780444500,4501.6,4503.4,4499.8,4502.8,504
1780444800,4503,4508,4502.4,4507.1,1200
1780445100,4507.4,4508.4,4503.8,4505.1,588
1780445400,4505.2,4505.5,4502.3,4504.4,508
1780445700,4504.1,4507.5,4502.5,4505.8,609
1780446000,4505.9,4510.8,4505.7,4507.4,798
1780446300,4507.1,4511.7,4506.7,4511.6,501
1780446600,4511.3,4513.6,4509.5,4513.5,808
1780446900,4513.4,4520.3,4512.8,4520.1,1449
1780447200,4520,4525,4519.4,4524.2,1770
1780447500,4524.1,4524.4,4517.1,4519.2,1081
1780447800,4519.3,4520.8,4516.8,4517.3,760
1780448100,4517.2,4517.3,4514.1,4514.4,985
1780448400,4514.3,4516.1,4500.9,4501.7,3202
1780448700,4501.7,4503.6,4495,4502.4,2713
1780449000,4502.5,4505.7,4496.6,4499.4,1825
1780449300,4499.7,4500.9,4496.6,4497.5,1047
1780449600,4497.6,4499.9,4493.9,4494.3,1322
1780449900,4494,4496.3,4491.1,4495.2,1443
1780450200,4495.4,4501.2,4495,4499.3,1383
1780450500,4499.2,4500.9,4494.1,4494.1,1080
1780450800,4494,4499.4,4492.7,4498.4,989
1780451100,4498.3,4503.8,4497.7,4503.8,1183
1780451400,4503.7,4505.3,4501.3,4502.3,850
1780451700,4502.1,4505,4500.4,4503.8,888
1780452000,4504.1,4504.4,4500.8,4501.8,428
1780452300,4501.7,4507.2,4501.5,4506.4,662
1780452600,4506.7,4509.4,4503.4,4508.7,1219
1780452900,4508.7,4509,4502,4504.1,907
1780453200,4504.1,4506.7,4503,4506.1,564
1780453500,4506.2,4509,4506,4506.8,527
1780453800,4507,4508,4502.4,4506.8,676
1780454100,4507,4510.3,4505.9,4509.2,540
1780454400,4509.1,4513.3,4507.1,4507.2,945
1780454700,4507.4,4507.7,4500.9,4502.9,1263
1780455000,4503.3,4508.3,4501.8,4507.6,663
1780455300,4507.5,4510.1,4504.9,4510,624
1780455600,4509.8,4515.2,4509.8,4514,927
1780455900,4514.1,4515.7,4512.3,4513.3,645
1780456200,4513.6,4514.4,4511.3,4513.4,536
1780456500,4513.5,4514.8,4511.2,4513.3,460
1780456800,4513.6,4515.4,4512.9,4513.4,350
1780457100,4513.6,4513.6,4511.1,4511.4,321
1780457400,4511.5,4513.5,4511.1,4512.2,256
1780457700,4512.2,4513.8,4511.1,4512.8,331
1780458000,4512.9,4513.1,4511.7,4512.4,154
1780458300,4512.3,4512.7,4510.2,4510.9,356
1780458600,4510.8,4514.3,4510.5,4511.6,395
1780458900,4511.9,4512.5,4511.1,4512.3,195
1780459200,4512.5,4514.6,4512.2,4514.1,311
1780459500,4514,4515,4512.6,4514,324
1780459800,4514,4514.7,4512.4,4514.7,414
1780460100,4514.9,4516.3,4509.3,4509.3,762
1780460400,4509.3,4510.1,4508.2,4508.7,378
1780460700,4508.7,4509,4505,4505,431
1780461000,4504.9,4505.5,4500.7,4502.7,814
1780461300,4502.9,4503.3,4498.8,4499.4,808
1780461600,4499.6,4501.7,4499.2,4501.2,318
1780461900,4501.4,4501.8,4498.1,4499.3,587
1780462200,4499.5,4499.5,4497.5,4498.1,286
1780462500,4498.2,4498.6,4495.8,4497.3,619
1780462800,4497.4,4499.5,4495.5,4498.6,709
1780463100,4498.8,4499.9,4495.2,4498.8,690
1780463400,4498.7,4501.4,4497.9,4501,563
1780463700,4501.2,4502.1,4499.7,4500.2,385
1780464000,4500,4500.9,4496.1,4496.3,616
1780464300,4496.2,4497.6,4494,4496.5,753
1780464600,4496.7,4496.9,4486.8,4493.2,2992
1780464900,4492.9,4496.9,4491.2,4494.7,1019
1780465200,4494.9,4495,4488.1,4489.9,815
1780465500,4489.7,4495.1,4489.1,4494.3,962
1780465800,4494.1,4496.5,4490.7,4491.7,822
1780466100,4491.6,4492.3,4484,4485.4,1215
1780466400,4485.3,4495.9,4485.2,4495.5,2125
1780466700,4495.5,4495.5,4490.4,4493.2,830
1780467000,4493.4,4495,4491.2,4494.6,626
1780467300,4494.5,4499.5,4494.1,4496.7,969
1780467600,4496.8,4498.6,4487.5,4488.8,1048
1780467900,4488.8,4491.7,4487.2,4490.7,1021
1780468200,4490.8,4493.5,4485.4,4488.2,1201
1780468500,4488.3,4492.4,4487.1,4491.3,738
1780468800,4491.3,4493.2,4485.9,4489.2,974
1780469100,4488.8,4489.1,4483.5,4487.5,987
1780469400,4487.2,4489,4485.9,4486.7,441
1780469700,4486.7,4491.5,4486.7,4491.5,583
1780470000,4491.4,4495.6,4488.3,4493.7,1117
1780470300,4493.6,4497.6,4492.2,4497,716
1780470600,4497.1,4500.4,4496.4,4497.6,1299
1780470900,4497.7,4498.3,4491.1,4492,917
1780471200,4492.1,4493.4,4490.2,4491.9,555
1780471500,4491.6,4493.1,4484.7,4484.7,1008
1780471800,4484.7,4490.5,4482.6,4490.1,1044
1780472100,4489.9,4491.9,4486.4,4486.7,618
1780472400,4486.9,4490.1,4483,4487,958
1780472700,4487.3,4488.5,4484.1,4487.5,600
1780473000,4487.1,4492.3,4486.9,4488.3,655
1780473300,4488,4488.1,4481.1,4481.9,932
1780473600,4481.9,4487.8,4479.1,4486,1463
1780473900,4486.2,4486.9,4481.2,4483.4,832
1780474200,4483.7,4486.1,4482.7,4483.6,352
1780474500,4484.4,4485.2,4480.3,4482.3,628
1780474800,4482.3,4483.8,4478.7,4479.6,765
1780475100,4479.6,4485.9,4478.7,4485.6,848
1780475400,4485.7,4487.1,4483.5,4485.1,640
1780475700,4485.2,4485.6,4482.8,4483.8,276
1780476000,4483.9,4487.2,4483.6,4484.8,370
1780476300,4484.8,4486.2,4482,4482.4,645
1780476600,4482.5,4483.3,4470.8,4473.2,2674
1780476900,4473.1,4474.5,4468.4,4472.6,1900
1780477200,4472.3,4480.6,4470.1,4479.4,1468
1780477500,4479.8,4487.9,4479.8,4485.3,1224
1780477800,4485,4485.4,4479.6,4479.7,759
1780478100,4479.6,4480.3,4475.5,4478.4,778
1780478400,4478.6,4480.5,4475,4476.1,718
1780478700,4476.3,4477.4,4467.6,4468.5,1432
1780479000,4468.4,4473.5,4468.3,4470.6,1419
1780479300,4470.4,4475.8,4467.3,4475.7,697
1780479600,4475.3,4477,4472.8,4475.5,486
1780479900,4475.1,4476.2,4471.2,4475.6,445
1780480200,4475.4,4477.1,4471.9,4471.9,372
1780480500,4471.8,4473.1,4469.1,4471.4,666
1780480800,4471.6,4476.3,4469.4,4476.3,821
1780481100,4476.5,4496.2,4475.5,4490.1,4031
1780481400,4490.3,4493.7,4487.4,4490.9,1775
1780481700,4491.3,4492,4488.7,4490.8,723
1780482000,4491,4492.6,4484.3,4485.6,866
1780482300,4485.6,4489.5,4482,4488.5,709
1780482600,4488.3,4491.8,4487.1,4488.4,643
1780482900,4488.7,4488.7,4486.4,4487.2,279
1780483200,4487.4,4487.7,4481.3,4483,614
1780483500,4482.6,4485.2,4482.1,4484.3,444
1780483800,4484.6,4488.2,4484.4,4487.5,533
1780484100,4487.9,4489.8,4486.9,4487.3,392
1780484400,4487.7,4493.2,4487.7,4492.8,747
1780484700,4493,4496.5,4490.7,4491.4,967
1780485000,4491.7,4492.6,4489.5,4490.6,652
1780485300,4490.7,4491.3,4487.4,4489.2,390
1780485600,4490,4494.4,4490,4491.3,501
1780485900,4491.3,4493,4490.2,4492.7,259
1780486200,4493,4495.6,4492,4494.3,447
1780486500,4494.4,4494.5,4490.9,4491.7,245
1780486800,4491.9,4493,4487.7,4488.7,409
1780487100,4489,4492.1,4486.6,4490.8,674
1780487400,4490.5,4493.4,4490,4491,374
1780487700,4491,4491.6,4489.8,4490.7,226
1780488000,4491,4492.9,4488.2,4492.4,622
1780488300,4492,4492.8,4485.3,4486.5,945
1780488600,4486.9,4489.9,4486.2,4487.3,612
1780488900,4487.1,4487.2,4484.2,4484.5,975
1780489200,4484.5,4490.8,4483.8,4486.3,1329
1780489500,4486.1,4486.4,4479.7,4480.7,1449
1780489800,4481.1,4485.2,4479,4479.7,1246
1780490100,4479.6,4482.1,4476.1,4477.7,1336
1780490400,4478.1,4488.7,4478.1,4487.1,1671
1780490700,4486.8,4490,4484.7,4489.7,1435
1780491000,4489.4,4495.9,4488.6,4489.2,1956
1780491300,4488.7,4491.2,4483.6,4488.7,1347
1780491600,4488.5,4494.2,4486.2,4492,1647
1780491900,4491.7,4494.1,4490,4491.3,823
1780492200,4491.4,4494.8,4490.3,4490.8,822
1780492500,4490.9,4491.9,4483.7,4485.7,1302
1780492800,4486,4486.7,4475.4,4478.5,2664
1780493100,4478.5,4479.2,4473.6,4477.1,1557
1780493400,4477.2,4481.8,4474,4476.7,2086
1780493700,4476.4,4480.6,4474.3,4476.8,1563
1780494000,4477.1,4478.5,4454.8,4455.3,4671
1780494300,4454.7,4466.5,4453.3,4465.4,3856
1780494600,4465.2,4475,4463.4,4472.5,2942
1780494900,4472.5,4478.1,4469.4,4474.3,2479
1780495200,4474.4,4480,4470.3,4474.3,2727
1780495500,4474.3,4480.4,4472.8,4478.2,1979
1780495800,4478.5,4484.9,4478.5,4482.4,2282
1780496100,4482.5,4486.5,4473,4475.9,2586
1780496400,4476.2,4479.6,4473.3,4477.5,1573
1780496700,4477.4,4480.4,4474.2,4480.2,1069
1780497000,4479.9,4481.3,4475.2,4476.8,1101
1780497300,4477.2,4481.7,4476.8,4479.6,780
1780497600,4479.9,4480.4,4475,4476.2,775
1780497900,4476,4483.5,4475.7,4482.2,1553
1780498200,4482.1,4488.4,4478.4,4487,1869
1780498500,4486.8,4487.2,4483.8,4485.4,818
1780498800,4485.6,4486.7,4480.8,4481,1061
1780499100,4481.1,4481.5,4476.2,4477.3,1110
1780499400,4477.4,4480.3,4472.1,4473.7,1203
1780499700,4473.8,4479.1,4473.1,4473.6,1656
1780500000,4473.6,4474.9,4467.4,4471.2,1937
1780500300,4470.9,4473.8,4467.7,4473.2,1460
1780500600,4473,4474,4468.8,4469.5,1178
1780500900,4469.2,4471,4464.6,4467.1,1398
1780501200,4467.3,4470.9,4466.3,4468.3,988
1780501500,4468.1,4470.3,4465.9,4469.8,733
1780501800,4469.7,4471.9,4468,4469.7,577
1780502100,4469.1,4471,4468.7,4469.9,383
1780502400,4470.1,4471.2,4467.7,4470.8,572
1780502700,4470.7,4472.5,4465,4467.2,992
1780503000,4467.3,4468.7,4465.3,4467.1,610
1780503300,4467.2,4469.2,4464.1,4466.3,819
1780503600,4466.5,4467.9,4461.6,4464,1086
1780503900,4464,4465.8,4461.4,4465.5,1029
1780504200,4465.5,4468.7,4465,4468.1,1030
1780504500,4468,4468.4,4464,4464.2,541
1780504800,4464,4467.2,4463.2,4467.2,512
1780505100,4466.9,4468.5,4465.5,4465.8,627
1780505400,4466,4467.4,4464.6,4466.1,600
1780505700,4465.8,4471.2,4465.3,4469.9,1026
1780506000,4470,4473.7,4469.6,4472.4,871
1780506300,4472.3,4476.7,4471.2,4475.3,1005
1780506600,4475.3,4475.4,4469.5,4469.8,726
1780506900,4469.9,4471.6,4469.1,4470.6,447
1780507200,4470.6,4470.7,4468,4470.2,450
1780507500,4470.4,4470.8,4465.7,4466.9,998
1780507800,4466.8,4468.7,4463.3,4467.9,1076
1780508100,4468,4468.3,4465.7,4468.3,464
1780508400,4467.9,4470.4,4467.1,4468.4,508
1780508700,4468.5,4468.7,4465.5,4466.2,453
1780509000,4466.1,4467.6,4464.7,4466,512
1780509300,4466,4467.3,4465.7,4467,215
1780509600,4467,4468.8,4465.9,4467.7,366
1780509900,4467.6,4467.8,4464.2,4465.3,414
1780510200,4465.3,4466.7,4463.1,4464.7,349
1780510500,4464.8,4466.1,4463.5,4466.1,284
1780510800,4466,4467.5,4461.7,4467,756
1780511100,4467.1,4468.9,4466.4,4468.3,361
1780511400,4468.2,4470.9,4467.1,4467.3,673
1780511700,4467,4467.5,4464.9,4466.6,357
1780512000,4466.7,4468.4,4465.2,4468.2,369
1780512300,4468.1,4470,4467.8,4467.9,223
1780512600,4468,4469,4468,4468.5,145
1780512900,4468.2,4471.1,4467.5,4470.2,315
1780513200,4470,4477.6,4469.2,4476.8,1098
1780513500,4476.9,4477.5,4474.8,4475.3,525
1780513800,4475.5,4477.5,4474.5,4477.5,533
1780514100,4477.3,4480,4476.4,4479.3,925
1780514400,4479.1,4480,4475.6,4475.7,522
1780514700,4475.9,4476.4,4474.1,4475.7,408
1780515000,4475.8,4477.6,4475,4476.2,335
1780515300,4476.2,4476.9,4475.5,4475.6,190
1780515600,4475.7,4476.9,4474.4,4474.9,259
1780515900,4475,4475.4,4472.8,4474.8,422
1780516200,4474.8,4475.2,4472.9,4473.5,630
1780516500,4473.4,4473.4,4471.2,4472,741
1780516800,4472.2,4473.8,4470.2,4470.4,511
1780517100,4470.1,4470.1,4466.7,4469.7,528
1780517400,4469.4,4470.1,4467,4468.5,279
1780517700,4468.4,4468.4,4465,4465.8,397
1780518000,4465.9,4468.2,4465.6,4467.6,252
1780518300,4467.7,4468.4,4466.3,4467.6,249
1780518600,4467.4,4467.8,4461.2,4462,579
1780518900,4461.9,4462.9,4460.5,4461.8,509
1780519200,4461.8,4462.8,4460.1,4461.6,352
1780519500,4461.4,4463,4459.5,4459.6,535
1780519800,4459.4,4462.9,4458.4,4462.1,494
1780520100,4462.2,4463.3,4461.3,4463.1,427
1780524000,4465.1,4467.5,4457.5,4459.2,1289
1780524300,4459.1,4463.1,4458.7,4461.3,487
1780524600,4461.4,4462.3,4455.9,4458.5,697
1780524900,4458.5,4458.5,4450.1,4453.9,1474
1780525200,4454,4457.4,4451.1,4456.8,923
1780525500,4456.7,4462.1,4456.7,4460.5,723
1780525800,4460.7,4466.2,4460.3,4465.9,902
1780526100,4466.3,4467.5,4462.1,4462.7,633
1780526400,4462.6,4465.3,4461.2,4463.3,494
1780526700,4463,4465.4,4462.9,4465,309
1780527000,4465.1,4468,4463.7,4466,567
1780527300,4465.9,4479.5,4465.5,4475.4,1740
1780527600,4475.6,4476.8,4471.5,4472.7,1002
1780527900,4472.4,4476.8,4471.8,4474.7,649
1780528200,4474.8,4474.8,4471.8,4474.2,321
1780528500,4474.2,4475.8,4473.7,4474.3,390
1780528800,4474.3,4477.4,4473.7,4475.7,615
1780529100,4475.6,4478.1,4474.8,4477.4,433
1780529400,4477.6,4478.5,4473.9,4477.6,765
1780529700,4477.6,4479.5,4474.7,4476.7,857
1780530000,4476.8,4481.2,4472.5,4480.2,1332
1780530300,4480.4,4491.3,4480.4,4486.1,2430
1780530600,4485.6,4488.3,4484.3,4486.3,621
1780530900,4486.3,4486.9,4482.5,4484,606
1780531200,4483.9,4491.9,4481.4,4486.6,2356
1780531500,4486.4,4488.4,4481.7,4482.8,745
1780531800,4482.9,4484,4479,4479.8,803
1780532100,4479.7,4483.4,4476.3,4482.2,1150
1780532400,4481.9,4483.1,4475.1,4476.5,1081
1780532700,4476.5,4478.5,4474.2,4477.3,729
1780533000,4477,4479.7,4473.9,4477.8,915
1780533300,4477.6,4478.6,4471.8,4473.3,988
1780533600,4473.2,4475.4,4470.5,4475.3,864
1780533900,4474.9,4477.1,4471.6,4477.1,873
1780534200,4476.7,4480.1,4476.3,4477.8,833
1780534500,4477.7,4477.7,4473.7,4475.2,682
1780534800,4475.1,4483.6,4469.6,4480.9,2093
1780535100,4480.3,4486.5,4479.8,4486.5,1094
1780535400,4486.3,4494.2,4486.3,4491.2,1841
1780535700,4490.8,4491.8,4486.2,4491.3,1645
1780536000,4491.3,4500.8,4491.1,4496.1,2025
1780536300,4496.2,4498.5,4492.5,4492.6,1065
1780536600,4493.5,4497.3,4491.6,4492.5,984
1780536900,4492.6,4496.8,4491.2,4495.2,650
1780537200,4495.5,4495.6,4485.5,4485.7,1439
1780537500,4486,4493.6,4485.1,4492.5,1002
1780537800,4492.4,4492.9,4483.4,4487.8,1190
1780538100,4488.1,4493.8,4488.1,4492.3,720
1780538400,4492.2,4494,4488.8,4489.1,700
1780538700,4488.7,4489.7,4485.2,4485.4,952
1780539000,4485.2,4491.5,4482.4,4489.4,993
1780539300,4489.6,4490.2,4485.3,4488.6,699
1780539600,4488.7,4490,4486,4487.3,433
1780539900,4487.2,4489.5,4485.1,4487.5,390
1780540200,4487.7,4489.4,4484.4,4487.5,547
1780540500,4487.4,4488,4484.8,4484.8,398
1780540800,4484.6,4491.5,4484.6,4489,550
1780541100,4489,4498,4489,4496.8,1167
1780541400,4497,4502.1,4495.7,4500.8,1681
1780541700,4501.2,4504.2,4498,4502,1134
1780542000,4501.7,4503.3,4498.4,4499.7,852
1780542300,4500,4504.5,4499.9,4501.1,744
1780542600,4501.1,4502.4,4496.9,4498.5,828
1780542900,4498.7,4499,4496.4,4496.4,335
1780543200,4496.5,4496.9,4494,4494.9,685
1780543500,4494.7,4496.6,4492.9,4496.5,477
1780543800,4496.3,4497.8,4493.9,4494.7,603
1780544100,4494.6,4494.6,4490.5,4491.8,629
1780544400,4492.1,4492.6,4487.6,4487.6,750
1780544700,4487.5,4488.2,4485,4486.7,754
1780545000,4486.7,4490.6,4485.8,4490.3,657
1780545300,4490.3,4491.7,4488.9,4490.7,609
1780545600,4490.6,4493,4489.9,4490.7,467
1780545900,4490.7,4492.9,4489.2,4490.9,501
1780546200,4491.1,4498.2,4490.3,4498,952
1780546500,4498.2,4499.3,4496.7,4498.4,784
1780546800,4498.5,4503.2,4498.1,4501.5,884
1780547100,4501.5,4503,4500.6,4501.7,567
1780547400,4501.9,4510.9,4501.8,4507.4,1863
1780547700,4507.2,4508.8,4505.2,4508.2,758
1780548000,4508.2,4511.2,4506.7,4510.2,782
1780548300,4510.1,4511.1,4506.5,4506.8,664
1780548600,4506.6,4508.1,4505.8,4506.9,555
1780548900,4507,4508.3,4505.8,4508,372
1780549200,4508.2,4509.7,4504.2,4504.4,890
1780549500,4504.4,4505.7,4500.8,4500.8,667
1780549800,4501,4506.6,4498.6,4504.4,985
1780550100,4504.5,4504.8,4502.9,4503.4,326
1780550400,4503.3,4503.7,4499.2,4499.6,603
1780550700,4499.6,4501.4,4498.1,4500.3,518
1780551000,4500.6,4503.3,4498.1,4500.6,646
1780551300,4500.2,4501.9,4498.1,4498.5,554
1780551600,4498.1,4501.5,4497.5,4501.3,649
1780551900,4501.7,4501.9,4494.1,4494.7,887
1780552200,4494.6,4498.1,4494.1,4495.8,483
1780552500,4495.8,4497.2,4493.7,4496,668
1780552800,4495.9,4501.4,4494.8,4500.6,1035
1780553100,4500.6,4504.5,4498.9,4502.7,864
1780553400,4503,4504,4500.2,4501.1,460
1780553700,4501.1,4501.4,4493.3,4496.3,872
1780554000,4496.4,4497.3,4493.9,4494.9,432
1780554300,4494.9,4499.1,4494.6,4499.1,432
1780554600,4498.9,4502.5,4496.4,4501.8,748
1780554900,4501.6,4503.8,4497.4,4500,789
1780555200,4499.7,4500.1,4495.8,4496.4,495
1780555500,4496.2,4496.9,4489.8,4493.7,1187
1780555800,4493.8,4497.3,4493.5,4494.7,753
1780556100,4494.5,4496.2,4493.3,4494.8,434
1780556400,4494.9,4497.8,4491.5,4496.9,718
1780556700,4497.3,4497.7,4491,4492.7,661
1780557000,4492.7,4492.8,4489.2,4491.2,794
1780557300,4491,4497.4,4489.7,4496.2,925
1780557600,4496.3,4496.4,4492.4,4492.9,434
1780557900,4493.1,4493.2,4488.4,4492.3,632
1780558200,4492.1,4494,4490.5,4490.9,352
1780558500,4490.9,4495.2,4489.6,4490.7,591
1780558800,4490.6,4491.9,4486.8,4488.5,634
1780559100,4488.5,4489.2,4487.3,4488,406
1780559400,4488.5,4489.4,4487.2,4488.3,435
1780559700,4488,4489.4,4486.1,4488.4,429
1780560000,4488.3,4493.2,4487,4492.4,902
1780560300,4492.5,4494.6,4491.2,4492.3,640
1780560600,4492.3,4493,4486.5,4487.2,700
1780560900,4487.3,4492.3,4487.3,4490.9,702
1780561200,4490.7,4490.9,4485.6,4486.8,952
1780561500,4486.8,4490.5,4485.3,4490.5,784
1780561800,4490.6,4496.5,4486.9,4491.6,1374
1780562100,4491.7,4492,4486.9,4487.1,591
1780562400,4487.7,4490.6,4487.7,4490.2,380
1780562700,4490.3,4491.1,4486.4,4486.6,307
1780563000,4486.8,4491,4486.8,4490.2,402
1780563300,4490.2,4492.8,4489.6,4490.2,320
1780563600,4489.6,4495.7,4487.7,4494,794
1780563900,4494.3,4496.5,4491.7,4495.3,642
1780564200,4495.4,4496,4489.3,4490.7,514
1780564500,4490.5,4493.4,4490,4493.1,500
1780564800,4493.2,4494.7,4490.4,4493.1,631
1780565100,4493.2,4493.9,4491.3,4491.8,561
1780565400,4492.1,4495.3,4488.8,4494,1326
1780565700,4493.9,4497,4492.1,4494.9,994
1780566000,4494.8,4496.3,4493.6,4495.4,489
1780566300,4495.8,4500,4494.9,4498.4,971
1780566600,4498.4,4503.2,4497.8,4502.4,876
1780566900,4502.7,4503,4497,4498.2,594
1780567200,4497.9,4499.8,4495.9,4497.2,519
1780567500,4497.8,4499,4496.5,4497.2,296
1780567800,4497.2,4499.6,4495.2,4498.8,541
1780568100,4498.8,4499,4496.1,4496.5,357
1780568400,4496.4,4496.6,4492,4494.6,650
1780568700,4494.4,4496.1,4491.8,4495.2,532
1780569000,4495.2,4497.6,4493.9,4495.6,473
1780569300,4495.5,4498.9,4495.3,4496.7,504
1780569600,4496.8,4500.4,4496.3,4498.7,507
1780569900,4499.1,4500.6,4498.1,4499.4,411
1780570200,4499.3,4499.3,4496.2,4498.7,473
1780570500,4499,4501.8,4497.3,4501.6,407
1780570800,4501.9,4503.2,4496.4,4500,989
1780571100,4500,4506.1,4499.7,4505.2,981
1780571400,4505.3,4506.6,4501.4,4501.5,862
1780571700,4501.5,4507.4,4501.3,4506.2,969
1780572000,4506.1,4508.3,4504.5,4506.9,665
1780572300,4507,4519.5,4505.5,4517.1,2916
1780572600,4517.6,4520.3,4512.2,4512.8,1562
1780572900,4512.9,4516.3,4510,4515.9,1117
1780573200,4516,4520.4,4514.3,4519.4,1551
1780573500,4519.2,4532.3,4519.2,4529.2,3468
1780573800,4529.2,4532.8,4528.8,4531.6,1672
1780574100,4531.7,4542.4,4531.5,4539.2,2803
1780574400,4539.1,4541.8,4524.7,4525.2,3371
1780574700,4525.4,4531.8,4522.6,4526.1,2670
1780575000,4526.4,4527.1,4519.3,4521.7,1977
1780575300,4521.8,4523.4,4518.7,4520.3,1338
1780575600,4520.2,4527.3,4519.7,4525.3,1649
1780575900,4525.4,4527.9,4523.5,4526.4,1331
1780576200,4526.5,4529.2,4524.5,4526.8,1192
1780576500,4526.9,4529.9,4524.5,4526.8,1005
1780576800,4526.9,4530,4526.7,4530,882
1780577100,4530,4533.5,4526.8,4532.6,1036
1780577400,4532.8,4538.9,4529.6,4536,2762
1780577700,4536.1,4537.8,4530.4,4531.8,865
1780578000,4531.8,4538,4527.8,4532.8,2038
1780578300,4532.7,4536.7,4531.4,4532.7,1219
1780578600,4532.6,4533.3,4529.6,4530.9,878
1780578900,4530.6,4537.1,4530.6,4535.4,869
1780579200,4535.4,4537.2,4531.9,4532.5,812
1780579500,4532.2,4534,4529.2,4532.1,998
1780579800,4532.3,4535,4529.4,4533.7,1731
1780580100,4533.5,4540.5,4532.6,4537,2462
1780580400,4537.3,4542.9,4532.8,4542.4,2138
1780580700,4542.6,4543.6,4535.1,4538,1856
1780581000,4538,4540.4,4525.4,4526.5,2529
1780581300,4526.4,4531.2,4523.2,4523.6,2439
1780581600,4523.5,4527.8,4522.4,4523.3,2930
1780581900,4523.4,4528,4516,4518,3043
1780582200,4518.4,4520.5,4514,4515.5,2282
1780582500,4515.5,4521.8,4513.3,4515.4,1874
1780582800,4515.3,4517.4,4511.5,4513.1,1709
1780583100,4513,4515.4,4511.2,4513.7,1176
1780583400,4513.9,4514.3,4508.7,4511.9,1937
1780583700,4511.5,4511.9,4505.2,4507.7,2556
1780584000,4507.6,4508.6,4499.7,4502.7,3143
1780584300,4502.6,4503.6,4492.6,4494.1,3362
1780584600,4494.3,4498.3,4484.3,4491,5856
1780584900,4491.1,4493.6,4487,4493,2932
1780585200,4493,4497.9,4490.5,4497.6,3032
1780585500,4497.6,4500.1,4494.3,4497.9,2157
1780585800,4498.2,4502.3,4497.5,4499.6,2484
1780586100,4499.8,4502,4499,4501.3,1034
1780586400,4501.5,4501.8,4498.5,4498.5,939
1780586700,4498.5,4500,4496.8,4498.4,919
1780587000,4498.5,4500.8,4497.4,4499.5,1308
1780587300,4499.5,4505,4498.6,4504.7,1302
1780587600,4504.8,4504.9,4498.2,4500,922
1780587900,4500.2,4503.4,4497.4,4501.7,908
1780588200,4502,4506.7,4501.9,4505.6,1006
1780588500,4505.4,4506,4503.8,4505,553
1780588800,4505,4506.4,4503.5,4503.8,795
1780589100,4503.8,4510.4,4502.6,4510.1,1506
1780589400,4509.9,4511.9,4507,4507.2,1690
1780589700,4507,4513,4507,4511.4,1125
1780590000,4511.1,4512.9,4508.2,4512.1,855
1780590300,4512.4,4513,4510.4,4511.3,581
1780590600,4511.3,4512.1,4507.3,4508.2,1811
1780590900,4508.1,4510.8,4507.8,4509.2,703
1780591200,4509.5,4510.3,4508.4,4508.9,308
1780591500,4508.7,4510.8,4507.6,4508.9,441
1780591800,4509,4510,4507.8,4509.3,382
1780592100,4509.1,4511.8,4509.1,4510.8,750
1780592400,4510.7,4510.8,4508.4,4509.4,462
1780592700,4509.3,4510.1,4507,4507,487
1780593000,4507.1,4508.5,4503.9,4504,1066
1780593300,4504,4504.1,4502,4503.3,811
1780593600,4503.3,4504,4502,4503.3,350
1780593900,4503.4,4507.5,4503.4,4504.8,1209
1780594200,4505,4509.5,4504.6,4508.1,883
1780594500,4508,4508.5,4505.5,4505.8,554
1780594800,4505.9,4506.3,4503.7,4504.7,719
1780595100,4504.9,4507,4504.7,4506.6,382
1780595400,4506.8,4508.3,4506.1,4506.1,259
1780595700,4506.2,4506.8,4505.4,4506,320
1780596000,4506,4508.2,4504.4,4504.8,683
1780596300,4505,4505.9,4503.9,4505.3,365
1780596600,4505.3,4507.2,4504.9,4506.7,262
1780596900,4507,4507.1,4505.3,4506.7,247
1780597200,4506.7,4508.5,4506,4508.2,359
1780597500,4508.1,4508.9,4505,4505.8,405
1780597800,4505.8,4505.8,4500.8,4501.3,887
1780598100,4501.5,4501.9,4500.1,4501.3,708
1780598400,4501.4,4502.6,4500.8,4501.9,428
1780598700,4502.2,4504.1,4501.5,4503.1,477
1780599000,4503.2,4507.4,4503.2,4506,627
1780599300,4506.1,4506.4,4504.4,4505.8,285
1780599600,4505.7,4511.8,4505.6,4509.3,1136
1780599900,4509.1,4509.1,4505.4,4506.3,473
1780600200,4506.3,4506.6,4503.9,4506.1,377
1780600500,4506,4507.4,4505.6,4506.6,231
1780600800,4506.6,4507.4,4505.6,4507.2,291
1780601100,4507.1,4508.3,4506.5,4508.1,400
1780601400,4507.9,4508.4,4505.6,4506.4,354
1780601700,4506.3,4507.4,4505.4,4506.8,217
1780602000,4506.9,4508.3,4504.9,4505.8,341
1780602300,4505.8,4506.3,4504.3,4506.3,284
1780602600,4506,4506.7,4504.6,4506.3,335
1780602900,4505.9,4510.3,4504.9,4508.5,799
1780603200,4508.5,4509.3,4506.8,4507.4,327
1780603500,4507.7,4508.2,4506.5,4507.1,247
1780603800,4507.6,4508,4505.7,4505.9,228
1780604100,4505.9,4507.3,4505.1,4505.5,256
1780604400,4505.7,4506.1,4503.4,4505.7,257
1780604700,4505.8,4505.9,4504.5,4505.8,162
1780605000,4505.5,4505.5,4503.1,4503.7,302
1780605300,4503.9,4504.4,4503,4504.2,215
1780605600,4504.2,4505.4,4503,4503.1,241
1780605900,4503.1,4503.7,4501.7,4502.4,311
1780606200,4502.6,4503.8,4502.3,4503.8,152
1780606500,4503.6,4503.7,4502.4,4502.4,278
1780610400,4502.4,4503.6,4500.2,4500.9,581
1780610700,4500.9,4503.6,4500.9,4502.7,286
1780611000,4502.4,4503.5,4501.5,4502.8,422
1780611300,4502.9,4506.2,4501.7,4505,397
1780611600,4505.1,4506.5,4504.6,4506.5,319
1780611900,4506.5,4508.3,4505,4506.1,644
1780612200,4506.4,4509,4505.1,4505.5,602
1780612500,4505.4,4507.4,4505,4506.6,386
1780612800,4506.7,4507.2,4502.7,4502.7,461
1780613100,4502.5,4503.9,4499.7,4501,544
1780613400,4501,4501.7,4496.3,4496.9,739
1780613700,4497,4499.3,4495.8,4496.8,669
1780614000,4497,4498.7,4491.4,4496.8,1404
1780614300,4497.4,4500.5,4494.1,4499,1156
1780614600,4498.7,4501.6,4497.7,4498.2,455
1780614900,4498,4498.8,4495.5,4497.2,387
1780615200,4497,4499.2,4493.1,4498.6,730
1780615500,4498.7,4500.7,4495.3,4496.3,550
1780615800,4496.4,4496.9,4491.2,4493,847
1780616100,4493,4494.4,4489.4,4490.8,698
1780616400,4490.7,4492.2,4489,4490.4,417
1780616700,4490.3,4491.3,4487.3,4490.9,626
1780617000,4490.9,4493.1,4490.1,4491.5,555
1780617300,4491.5,4492.1,4488.2,4488.7,574
1780617600,4488.4,4491,4485.7,4489.6,1358
1780617900,4489.2,4492.1,4486.5,4488.2,726
1780618200,4488.3,4489.5,4481.1,4482.1,1531
1780618500,4482.1,4484.4,4478.6,4479,1293
1780618800,4479,4483,4477.2,4481.1,1186
1780619100,4481.3,4484.5,4479.8,4484.4,910
1780619400,4484.2,4488.1,4482.9,4487.3,1091
1780619700,4487.4,4493.9,4487.1,4491,1243
1780620000,4490.8,4493.1,4489.4,4489.7,547
1780620300,4489.9,4493.3,4487.8,4488.1,746
1780620600,4488,4492.4,4487.4,4491.7,584
1780620900,4491.8,4491.8,4485.1,4485.9,864
1780621200,4485.9,4495,4479.4,4493.2,2885
1780621500,4492.7,4497,4490.2,4491.5,1515
1780621800,4491.3,4491.9,4486.6,4487,1129
1780622100,4486.8,4491.8,4484.2,4489.7,1247
1780622400,4489.7,4490.7,4480.3,4481.7,1407
1780622700,4481.5,4486.3,4475.6,4485.1,2042
1780623000,4485.3,4486.4,4480.6,4480.6,1065
1780623300,4480.8,4483.3,4475,4476.4,1075
1780623600,4476.4,4478.2,4471.8,4472.7,1824
1780623900,4472.6,4476.3,4470.3,4473.2,1148
1780624200,4473.2,4477.6,4471.2,4477.1,1077
1780624500,4477,4477.8,4471.5,4473.3,917
1780624800,4473.4,4479,4468.4,4476.2,2042
1780625100,4476,4476.2,4470.8,4474.4,748
1780625400,4474.1,4477,4472.4,4475.8,537
1780625700,4475.8,4477.4,4471.7,4473.9,527
1780626000,4473.8,4479.6,4473.7,4479.5,621
1780626300,4479.4,4481.6,4476.5,4477.6,717
1780626600,4477.5,4478.2,4468.4,4470.9,2145
1780626900,4471,4473.2,4467.1,4472.1,893
1780627200,4471.4,4471.5,4464.4,4469,1481
1780627500,4468.9,4473.6,4468.3,4471.8,1128
1780627800,4472.2,4476.3,4469.5,4469.6,855
1780628100,4469.6,4470.4,4466.3,4466.8,773
1780628400,4466.8,4467.6,4462.4,4464.9,1154
1780628700,4464.7,4466.8,4463.1,4466.2,672
1780629000,4466,4467.5,4464.4,4467.4,332
1780629300,4467.3,4470.1,4464.4,4465,741
1780629600,4464.9,4465.3,4461.3,4463.4,725
1780629900,4463.6,4465.2,4462.4,4463,463
1780630200,4463.1,4467.9,4462.5,4465.6,557
1780630500,4466,4467.5,4462.7,4466.9,501
1780630800,4466.9,4468.8,4466.5,4467,421
1780631100,4467.3,4467.8,4466.3,4467.3,270
1780631400,4467.1,4468.5,4465,4466.7,478
1780631700,4466.9,4469.5,4466.7,4468.4,329
1780632000,4468.7,4471.1,4467.1,4468.6,616
1780632300,4468.4,4470,4465.8,4466.8,311
1780632600,4466.9,4467.8,4464.5,4467.5,441
1780632900,4467.5,4470.1,4465,4465.4,593
1780633200,4465.3,4467.9,4465.1,4465.7,361
1780633500,4466.1,4469.9,4465.7,4465.7,321
1780633800,4466.1,4466.3,4463.4,4465.5,506
1780634100,4465.6,4468.2,4465.1,4468,374
1780634400,4467.9,4470.4,4465.6,4467.4,435
1780634700,4467.5,4468.7,4465.9,4467.3,249
1780635000,4467.3,4470.6,4467.3,4470.5,302
1780635300,4470.5,4473,4470,4471,664
1780635600,4470.9,4475.9,4469.2,4473.5,957
1780635900,4473.6,4475.8,4472.9,4473.2,621
1780636200,4473.1,4475.8,4472.2,4475.1,612
1780636500,4475,4475.1,4470,4471.2,522
1780636800,4471.2,4472.3,4468,4470.9,507
1780637100,4470.8,4471.8,4470,4470.9,242
1780637400,4470.4,4472.2,4465.2,4468.6,1276
1780637700,4468.5,4474.1,4467.8,4471.7,623
1780638000,4471.8,4473,4469.1,4469.8,410
1780638300,4469.9,4474.6,4468.2,4473.6,539
1780638600,4473.9,4474.2,4468.4,4470,478
1780638900,4470,4471.3,4464.8,4466.2,684
1780639200,4466.7,4468.8,4461.7,4463.7,1159
1780639500,4463.8,4467.8,4463.5,4467.1,552
1780639800,4466.5,4468.7,4462.5,4462.8,884
1780640100,4462.8,4463.3,4454.8,4463.3,2912
1780640400,4462.9,4471.7,4460.9,4470.5,1370
1780640700,4470.6,4472.8,4466.9,4468.8,1380
1780641000,4469.1,4474.8,4469,4473.1,887
1780641300,4473.2,4476.8,4472.7,4475,988
1780641600,4475.1,4475.5,4473.2,4475.1,579
1780641900,4475.2,4483.1,4473.5,4480.2,1486
1780642200,4480.5,4483.1,4478.2,4478.5,915
1780642500,4478,4480.6,4476.3,4479.9,793
1780642800,4479.8,4482.7,4478.7,4481.6,872
1780643100,4481.9,4485.2,4480,4484.3,956
1780643400,4484.1,4490.3,4483.1,4485.6,1343
1780643700,4485.1,4491.2,4485,4488.5,772
1780644000,4488.2,4493.1,4486.6,4490.8,796
1780644300,4491.1,4494.2,4488.3,4494,564
1780644600,4493.9,4494.3,4491.3,4493.2,560
1780644900,4493,4493.1,4488.3,4488.7,761
1780645200,4488.9,4492.8,4486.3,4489.1,988
1780645500,4489.2,4491.2,4488.8,4489.7,270
1780645800,4489.6,4492.1,4488.3,4488.7,416
1780646100,4489,4489.9,4487.6,4487.8,216
1780646400,4487.7,4490.3,4485.3,4488.4,606
1780646700,4488.2,4489.2,4486.3,4487.2,299
1780647000,4487.1,4488.7,4486,4487.9,275
1780647300,4487.7,4490.5,4486.9,4489.9,307
1780647600,4489.9,4492.8,4489,4491,544
1780647900,4491,4494.3,4490,4494,625
1780648200,4493.9,4495.4,4490.1,4490.2,695
1780648500,4490.5,4490.8,4488.5,4488.8,452
1780648800,4488.9,4490.3,4487.6,4488.8,360
1780649100,4488.8,4491.3,4488.3,4490.2,249
1780649400,4490.4,4490.8,4488.8,4490.8,229
1780649700,4490.8,4490.8,4489.2,4489.8,246
1780650000,4489.5,4490.6,4487.8,4488.1,392
1780650300,4488,4490.1,4486.7,4487.9,327
1780650600,4487.7,4496.8,4485.8,4493.2,1851
1780650900,4493.1,4496.6,4491.2,4494.8,960
1780651200,4494.6,4496.2,4493.3,4493.4,511
1780651500,4493.6,4494.6,4488.5,4489.6,554
1780651800,4489.7,4493.9,4486,4490.7,1802
1780652100,4490.5,4492.5,4489.3,4490.2,429
1780652400,4490.3,4493.3,4490.3,4492.8,387
1780652700,4493,4496.5,4492,4492.2,694
1780653000,4492.4,4492.8,4491.4,4492.3,202
1780653300,4492.2,4492.6,4489.5,4491.7,313
1780653600,4491.6,4491.9,4490.1,4490.5,245
1780653900,4490.6,4492.3,4490.2,4491.9,217
1780654200,4491.8,4492.3,4490.5,4492.1,179
1780654500,4492,4493.1,4491.5,4492.5,163
1780654800,4492.5,4495,4492.2,4494.3,326
1780655100,4494.2,4494.4,4492.1,4493.2,187
1780655400,4493.4,4494.2,4489.5,4490,410
1780655700,4490.1,4491.3,4489.3,4490.3,256
1780656000,4490.4,4491.7,4488.7,4491.7,314
1780656300,4491.7,4494.2,4491.5,4493.8,451
1780656600,4493.6,4494.9,4492.5,4493.2,302
1780656900,4493.1,4494.1,4492.9,4493.9,204
1780657200,4493.3,4494,4490.5,4490.6,469
1780657500,4491,4494,4490.1,4493.5,362
1780657800,4493.4,4494,4487.7,4488.3,438
1780658100,4488.3,4490.5,4487.6,4488.6,445
1780658400,4488.7,4490.8,4484.3,4488.4,837
1780658700,4488.6,4493.3,4488.5,4493.1,645
1780659000,4492.9,4494.3,4491.5,4492.3,421
1780659300,4492.1,4493.9,4490,4490.5,470
1780659600,4490.4,4492.6,4489.9,4491.8,335
1780659900,4491.4,4494.5,4490.9,4493.9,410
1780660200,4493.9,4502.4,4493.7,4498.8,1525
1780660500,4499.2,4499.5,4494.5,4497.3,611
1780660800,4497.2,4497.9,4490.9,4492.1,935
1780661100,4492.1,4494.9,4491.6,4494.8,430
1780661400,4495,4498,4493.5,4496.1,709
1780661700,4496,4500.7,4494.9,4499.8,733
1780662000,4499.7,4502.9,4493.9,4495.1,1625
1780662300,4494.9,4495.9,4487.9,4491.8,1158
1780662600,4491.8,4491.8,4473.2,4479.4,4613
1780662900,4479.1,4480.3,4465.3,4470.2,4116
1780663200,4470.3,4474.7,4469.1,4472.2,1994
1780663500,4472.2,4475.8,4466.3,4466.4,2334
1780663800,4466.4,4467.1,4442.3,4442.7,8339
1780664100,4443,4446.4,4430.3,4432.3,6267
1780664400,4432.2,4444.2,4425.3,4437.4,7636
1780664700,4437.6,4445.6,4433.1,4441.9,2864
1780665000,4441.7,4446.3,4439.5,4443.8,2115
1780665300,4443.6,4446.6,4441.4,4443.3,1589
1780665600,4443.1,4446.2,4435,4435.6,2864
1780665900,4435.8,4440.8,4429.3,4430.6,2263
1780666200,4430.8,4435.3,4423.5,4430.7,4517
1780666500,4430.4,4430.5,4411.2,4417.5,5672
1780666800,4417.5,4423.8,4413.1,4414.6,3776
1780667100,4414.7,4416.3,4408.2,4408.8,3641
1780667400,4408.8,4413.3,4406.5,4410,3977
1780667700,4410.5,4411,4390,4390.4,6232
1780668000,4390.6,4404.2,4388.3,4396.4,7909
1780668300,4396.5,4402.2,4388.1,4398.9,4848
1780668600,4399.2,4401.8,4388.7,4390.8,3333
1780668900,4390.9,4395.4,4389.2,4394.4,2144
1780669200,4394.6,4395.3,4380,4382.3,5131
1780669500,4382.1,4386.2,4377.3,4385.8,3625
1780669800,4385.8,4388.9,4374.3,4378.2,4973
1780670100,4378,4379.9,4372.2,4373.3,3360
1780670400,4373.3,4375.4,4369.2,4374.4,3187
1780670700,4374,4384.4,4373.2,4381.4,3412
1780671000,4380.9,4391.9,4379.9,4387.6,3399
1780671300,4387.1,4394.9,4385.5,4394.5,2822
1780671600,4394.7,4397.6,4387.4,4392.9,2472
1780671900,4393.1,4394.2,4386.5,4387,1636
1780672200,4386.7,4387,4377.6,4377.6,2761
1780672500,4377.9,4381.1,4373.9,4380.1,3102
1780672800,4380,4383,4373.1,4377,2269
1780673100,4377.7,4380.9,4374.4,4376.6,1352
1780673400,4376.7,4380.2,4370.3,4372.1,1904
1780673700,4372.1,4374.5,4361.1,4365.4,3825
1780674000,4365,4366.9,4359.7,4363.8,2350
1780674300,4363.6,4366.1,4361.5,4364.2,1148
1780674600,4364.1,4367,4361.3,4365.6,1013
1780674900,4365.7,4366.5,4358.5,4360.3,1881
1780675200,4360.3,4365.6,4355,4359.3,2881
1780675500,4359,4359,4353.8,4357.8,1832
1780675800,4357.8,4363.1,4356.3,4358.4,1579
1780676100,4358.2,4358.4,4350.3,4355.6,2354
1780676400,4355.7,4355.8,4350,4353.6,1690
1780676700,4353.6,4358.8,4353,4354.6,1525
1780677000,4354.4,4354.9,4347.4,4353.4,2181
1780677300,4353.5,4357.1,4349.7,4356.4,1393
1780677600,4356.4,4356.7,4350.6,4352.5,1174
1780677900,4352.1,4359.5,4349.5,4358.8,1760
1780678200,4358.7,4363.7,4357.6,4362.8,1724
1780678500,4362.7,4369.8,4361.3,4369.3,2440
1780678800,4369.3,4371.7,4364,4369,1939
1780679100,4368.9,4368.9,4363.2,4363.9,872
1780679400,4363.7,4366.3,4361,4363.9,1385
1780679700,4364.1,4367,4360.5,4363.2,1156
1780680000,4363.2,4366.3,4360.3,4363.8,1272
1780680300,4363.7,4367.9,4360.7,4367.5,1350
1780680600,4367.2,4368.7,4364.6,4367.8,987
1780680900,4367.6,4370.1,4364.2,4369.8,1042
1780681200,4369.6,4372.2,4364.7,4365.8,1281
1780681500,4365.9,4367.6,4362.1,4364.5,942
1780681800,4364.3,4368.2,4362.7,4368.1,823
1780682100,4367.9,4368.1,4365.7,4366.5,509
1780682400,4366.5,4366.7,4358,4358.1,1349
1780682700,4358.2,4359.3,4353.9,4355.1,1289
1780683000,4355,4356.7,4347.3,4347.6,1839
1780683300,4347.5,4351.4,4346.1,4350.9,1963
1780683600,4350.9,4355.4,4350.4,4351.8,1256
1780683900,4351.8,4352.5,4347,4350.2,1615
1780684200,4350,4351.1,4342.5,4349.7,2030
1780684500,4349.7,4350.4,4343.5,4345,1194
1780684800,4344.9,4345.8,4338.1,4342.9,1831
1780685100,4342.7,4346.5,4340.6,4346.2,1194
1780685400,4346.2,4346.2,4341.4,4345,819
1780685700,4345,4351.6,4343.4,4346.9,2006
1780686000,4346.9,4348.4,4340.4,4345.1,1362
1780686300,4345.4,4345.7,4340.8,4344.2,863
1780686600,4344.4,4344.7,4339.4,4340,815
1780686900,4339.8,4343.6,4338.2,4342.7,1471
1780687200,4343,4346.7,4339.8,4343.3,1286
1780687500,4343.7,4348.7,4343.4,4348.4,1021
1780687800,4348.4,4350.1,4345,4347.6,1178
1780688100,4347.4,4349.4,4344.6,4347,1077
1780688400,4346.9,4346.9,4338.3,4343.2,1520
1780688700,4343.3,4347,4342.2,4345.4,948
1780689000,4345.5,4348.3,4342.3,4343.2,1351
1780689300,4342.9,4346.4,4342,4343.3,1091
1780689600,4343.6,4343.9,4337.3,4338.4,1167
1780689900,4338,4339.5,4336.5,4338.7,846
1780690200,4338.3,4342.2,4336.9,4340.6,755
1780690500,4340.5,4341.7,4338.6,4340.3,352
1780690800,4340.3,4344.7,4339.2,4344.7,812
1780691100,4344.4,4351.3,4343.2,4347.2,720
1780691400,4347.5,4348.3,4346.2,4347,439
1780691700,4347,4349.7,4346.2,4347.7,491
1780692000,4347.5,4349.8,4345.5,4349.3,388
1780692300,4349,4355.2,4348.3,4352.4,599
1780692600,4352.3,4354.9,4350.2,4352.4,718
1780692900,4352.2,4355.8,4352.2,4354.2,809
1780869600,4354,4363.8,4333.5,4344.5,3033
1780869900,4345.2,4345.4,4333.6,4342.8,2073
1780870200,4342.8,4354.6,4336.3,4354.2,2184
1780870500,4353.9,4354.8,4347.4,4351,1830
1780870800,4351,4353.1,4345.6,4347.3,1071
1780871100,4346.6,4348.2,4339.5,4340.2,1278
1780871400,4340.3,4347.3,4338.8,4347.1,1262
1780871700,4347,4352.8,4346.1,4349.2,1130
1780872000,4349.4,4350.6,4347.5,4349.7,532
1780872300,4349.6,4350,4343.5,4346.7,889
1780872600,4346.3,4350.8,4344.8,4347,627
1780872900,4347.2,4347.2,4339,4340.9,1081
1780873200,4341.1,4350.7,4340.1,4349.6,1045
1780873500,4348.9,4351.2,4345.8,4350.3,661
1780873800,4350.2,4358,4349.5,4354.4,1180
1780874100,4354.4,4358.2,4353.5,4355.3,723
1780874400,4354.7,4356.5,4352.2,4354.1,715
1780874700,4353.8,4358.5,4352,4357.9,657
1780875000,4358,4360.3,4356.3,4357.6,1182
1780875300,4357.8,4361.5,4356.7,4360.3,836
1780875600,4360.4,4364.4,4360.2,4362.8,1000
1780875900,4362.5,4366.9,4358.7,4365.4,1263
1780876200,4365.7,4367.4,4362.5,4366.9,969
1780876500,4366.9,4370.8,4365.7,4367.5,1340
1780876800,4367.1,4370.4,4364.2,4368.1,1281
1780877100,4368.3,4369.5,4364.7,4368.7,821
1780877400,4368.5,4369,4364.4,4367,970
1780877700,4367.1,4371.5,4365.1,4371.2,1123
1780878000,4371.4,4376.2,4371,4374.7,1364
1780878300,4374.7,4377.3,4372.6,4375.2,953
1780878600,4375.1,4376.2,4369.7,4373,1054
1780878900,4372.8,4375.8,4369.8,4371.7,1175
1780879200,4371.9,4372.5,4365.6,4369.2,1655
1780879500,4369.2,4370.1,4363.2,4366.4,1298
1780879800,4366.4,4367.3,4363.1,4365.2,1019
1780880100,4365,4369.2,4364.2,4365.9,928
1780880400,4365.9,4369.6,4359.5,4362.7,2505
1780880700,4362.1,4364.9,4354.4,4360.9,2953
1780881000,4360.9,4361.6,4349.2,4350.8,1932
1780881300,4350.7,4351.1,4337.8,4341.7,3701
1780881600,4341.4,4348.9,4334.9,4345.8,3349
1780881900,4345.5,4347.7,4334.5,4338.2,2115
1780882200,4338.3,4342,4323.3,4338.5,5053
1780882500,4339,4341.7,4335.4,4341.1,1760
1780882800,4341,4351.6,4340.5,4350.4,2265
1780883100,4350.4,4353.7,4347,4347.5,1802
1780883400,4347.6,4352.4,4343.2,4348.2,1722
1780883700,4347.8,4352.8,4346.8,4349.2,935
1780884000,4349.8,4354.7,4344.9,4346.6,1292
1780884300,4346.6,4348.3,4339.7,4342.9,1194
1780884600,4342.8,4343,4338.5,4340.6,1174
1780884900,4340.5,4343.6,4335.1,4335.8,1377
1780885200,4335.6,4340.6,4334.9,4340.3,839
1780885500,4340.3,4340.8,4335.3,4338.8,941
1780885800,4339.2,4341,4332.3,4333.5,1731
1780886100,4333.3,4336.6,4330.7,4335.8,1420
1780886400,4335.5,4341.8,4333,4340,1237
1780886700,4339.8,4345.1,4338.2,4341.1,1402
1780887000,4341.2,4341.6,4333,4335.5,1199
1780887300,4335.6,4339.8,4333.4,4334.6,864
1780887600,4334.6,4338.4,4334,4335.1,727
1780887900,4334.9,4336,4330,4332,1374
1780888200,4332,4332.5,4328.1,4328.7,920
1780888500,4328.5,4331.9,4327.2,4331.5,784
1780888800,4331.6,4336.3,4330.3,4334.8,1160
1780889100,4335,4335,4330,4331.1,555
1780889400,4331.5,4333.2,4328.7,4331.1,638
1780889700,4331,4333.3,4330.5,4331.7,313
1780890000,4331.7,4334.2,4330.8,4334,404
1780890300,4334.1,4337.9,4333.3,4336.8,600
1780890600,4336.5,4341.5,4335.6,4339.4,655
1780890900,4339.2,4341.2,4338.2,4341,376
1780891200,4341.3,4344.9,4338.6,4339.1,1036
1780891500,4339,4343.8,4337.7,4342.3,730
1780891800,4342.2,4343.9,4340.8,4343.2,392
1780892100,4343.3,4346.3,4341.8,4342.7,870
1780892400,4343,4343.2,4340,4341.7,816
1780892700,4342,4345,4341.1,4344.1,389
1780893000,4344.1,4344.6,4335.2,4337.5,874
1780893300,4337.4,4338.2,4334.6,4335.2,480
1780893600,4335.2,4336.2,4331.7,4331.9,782
1780893900,4332.1,4335.8,4331.8,4334.2,506
1780894200,4334.4,4338.4,4333.8,4335.8,389
1780894500,4336.1,4337.6,4333,4336.9,338
1780894800,4337.3,4340.3,4335.8,4339.4,605
1780895100,4339.4,4339.8,4333.7,4334.8,482
1780895400,4334.6,4336,4328.5,4328.5,791
1780895700,4328.8,4335.2,4328.5,4333.7,803
1780896000,4334,4338.8,4333.5,4335.5,541
1780896300,4335.4,4337.3,4333.2,4335.7,452
1780896600,4335.9,4337.5,4310.9,4311.2,3510
1780896900,4311.4,4316.2,4292.6,4315.4,5260
1780897200,4315.6,4317.9,4307.8,4312.9,2386
1780897500,4312.7,4317,4309.7,4311.6,1450
1780897800,4311.5,4320.9,4310.4,4314.8,1548
1780898100,4314.7,4320,4310.9,4317,1068
1780898400,4317.3,4333.3,4317,4328.5,3115
1780898700,4328.7,4331.8,4324.4,4327.5,1288
1780899000,4327.5,4331.5,4324,4328.7,1103
1780899300,4328.6,4332.5,4324.6,4328.6,1057
1780899600,4328.4,4336.6,4327.7,4333.6,1097
1780899900,4333.4,4335.5,4330.3,4330.8,1156
1780900200,4330.7,4331.5,4324,4324.3,1031
1780900500,4324.1,4325.1,4320.2,4321.7,876
1780900800,4321.2,4325.1,4318.9,4323.1,942
1780901100,4323.2,4325.4,4320.9,4322.4,590
1780901400,4322.4,4325.8,4321.3,4322.7,557
1780901700,4322.6,4325.5,4317.9,4325.2,627
1780902000,4325.2,4328.1,4320.5,4324.1,1124
1780902300,4324.4,4326.3,4319.6,4325.6,592
1780902600,4325.4,4333.7,4323.4,4330.4,1220
1780902900,4330.3,4335.7,4324.4,4331.8,1328
1780903200,4331.4,4340.4,4330.9,4339.2,1512
1780903500,4339.4,4342.4,4331,4331.3,1663
1780903800,4331.7,4334.6,4329.9,4333.5,817
1780904100,4333.6,4337,4327.6,4333.1,1112
1780904400,4333,4333.1,4326.4,4326.7,711
1780904700,4326.9,4327.9,4323.2,4323.5,798
1780905000,4323.2,4324.6,4320.8,4321.6,793
1780905300,4321.7,4324.6,4319.3,4319.4,716
1780905600,4319.3,4322.3,4315.1,4318.5,1279
1780905900,4318.4,4321.5,4314.6,4319.9,1259
1780906200,4319.5,4320.9,4316.1,4316.2,813
1780906500,4316.6,4318.4,4313.2,4317.5,1219
1780906800,4317.4,4318,4312.5,4313.4,996
1780907100,4313.2,4314.7,4309.7,4312.8,1054
1780907400,4313.1,4316.8,4311.3,4315.8,1009
1780907700,4315.7,4315.7,4310.7,4311.9,616
1780908000,4311.8,4315.9,4310.9,4315.3,824
1780908300,4315.1,4318.4,4313.2,4315.9,1370
1780908600,4316.1,4317.6,4311.1,4313.2,771
1780908900,4312.5,4315,4309.7,4313.4,822
1780909200,4313.6,4316.9,4313.3,4315.5,497
1780909500,4315.5,4315.5,4308.5,4309.6,591
1780909800,4309.7,4313.7,4309.3,4313.7,365
1780910100,4313.5,4315.1,4311.9,4312.7,399
1780910400,4312.5,4315.9,4310.6,4311.4,567
1780910700,4311.4,4312.5,4303.7,4304,1299
1780911000,4304,4305.4,4297.2,4298.2,2858
1780911300,4298.1,4320,4297.7,4317.9,3302
1780911600,4317.7,4320.9,4313.5,4317.9,1316
1780911900,4318.1,4326.4,4317.2,4325.7,1303
1780912200,4325.7,4326.3,4315.9,4318.1,1020
1780912500,4318.4,4320.1,4315.4,4318.8,577
1780912800,4318.9,4319.6,4310.5,4314.9,1156
1780913100,4315.3,4322.3,4313.9,4319.2,766
1780913400,4319.6,4322.4,4318,4319,457
1780913700,4318.9,4320.5,4314.5,4314.7,374
1780914000,4314.8,4317.4,4314.2,4315.9,461
1780914300,4316,4320.1,4314.7,4318.4,538
1780914600,4318.3,4329.9,4316.8,4328.5,1848
1780914900,4327.8,4330.5,4323.7,4324.3,1283
1780915200,4323.9,4329.4,4323.9,4329.3,601
1780915500,4329.3,4329.5,4323.5,4324.8,749
1780915800,4325,4326.6,4322.5,4322.6,566
1780916100,4322.6,4327.8,4321.1,4326.5,578
1780916400,4326.2,4326.9,4321.5,4324.5,544
1780916700,4324.8,4330.7,4324.6,4330.4,405
1780917000,4330.5,4343.5,4328.9,4343.4,3109
1780917300,4343.1,4353.2,4337.4,4352.2,3801
1780917600,4352,4356.3,4348.1,4350.3,2297
1780917900,4350.3,4354.9,4347,4350.4,1459
1780918200,4350.3,4358.4,4349.9,4354.8,1798
1780918500,4354.8,4355.3,4348.8,4350.3,924
1780918800,4350.2,4352.3,4347.2,4349,1091
1780919100,4349,4351.4,4346,4348.8,1017
1780919400,4348.9,4353.5,4348.4,4351.4,919
1780919700,4351.5,4357.6,4350.1,4356.3,1087
1780920000,4355.8,4359.4,4352.5,4355.5,1689
1780920300,4355.3,4359.7,4352,4355.2,1416
1780920600,4355.2,4355.7,4346.6,4346.6,1487
1780920900,4346.9,4351,4344.6,4349.6,1140
1780921200,4349.7,4354.9,4347.5,4353.7,1492
1780921500,4353.6,4357.3,4352.6,4354.7,1045
1780921800,4354.6,4359.4,4352.6,4352.9,1469
1780922100,4353,4359,4352.2,4355,1326
1780922400,4355.3,4364.8,4353.1,4360.6,2533
1780922700,4360.7,4363.1,4357.1,4357.3,1174
1780923000,4357.9,4358.5,4351.7,4354.9,1373
1780923300,4355,4359.5,4353.6,4357.8,1036
1780923600,4358.2,4359.8,4350.3,4353.7,2777
1780923900,4353.9,4355,4347.8,4348.9,1430
1780924200,4349.2,4351.4,4347.7,4348.6,803
1780924500,4348.6,4350.2,4345.6,4349.8,1206
1780924800,4349.9,4360.9,4349.9,4356.4,1999
1780925100,4356.4,4358.1,4353.7,4355.7,1065
1780925400,4355.6,4365.2,4355.4,4358,3073
1780925700,4357.7,4371.6,4356.3,4365,3422
1780926000,4365.3,4369.2,4359.7,4360.9,2085
1780926300,4361.2,4363.1,4356.8,4356.8,1738
1780926600,4356.9,4363.8,4352.7,4358.8,2276
1780926900,4358.9,4361.7,4350.4,4351.4,2128
1780927200,4351.3,4355.5,4346.5,4346.9,2967
1780927500,4346.9,4352.3,4343.4,4345.1,2682
1780927800,4345.2,4345.5,4341.3,4344,1888
1780928100,4344.5,4346.9,4341.7,4346.5,1439
1780928400,4346.3,4349.2,4341.8,4343.4,1880
1780928700,4343.3,4347.8,4340.4,4344.6,1836
1780929000,4344.7,4349.2,4343.3,4347.1,1238
1780929300,4347.1,4348,4339.2,4344.4,2074
1780929600,4344.4,4348.2,4340.8,4347.5,1567
1780929900,4347.6,4354.1,4342,4342.2,2471
1780930200,4342.5,4352,4341.6,4351.3,1387
1780930500,4351.2,4356.8,4349,4355.8,1538
1780930800,4356.2,4361.2,4353.2,4353.7,1821
1780931100,4353.7,4355.9,4348.7,4353,1736
1780931400,4353.1,4353.6,4349.7,4349.8,919
1780931700,4349.9,4356.7,4346.8,4355.9,2181
1780932000,4356.3,4360.5,4353.6,4359.9,1229
1780932300,4359.7,4359.8,4352.7,4354.8,1177
1780932600,4355.1,4358,4352.9,4356.7,1149
1780932900,4356.8,4362.7,4355.8,4361.3,1197
1780933200,4361.5,4364.5,4360,4364.1,1325
1780933500,4364.1,4365.9,4359.3,4360.1,949
1780933800,4360.3,4367.9,4360.3,4367.2,1188
1780934100,4367.1,4370.1,4365.3,4366,1481
1780934400,4365.9,4368.1,4362.8,4365.5,1139
1780934700,4365.3,4367.5,4363.1,4364.1,864
1780935000,4364,4366.3,4362.3,4365.4,633
1780935300,4365.3,4368.2,4364.5,4367.2,657
1780935600,4367.2,4368.1,4363.7,4365.5,720
1780935900,4365.4,4367.4,4364.6,4365.1,391
1780936200,4365.3,4369.4,4365.2,4367,828
1780936500,4366.8,4370.8,4364.9,4365.7,1150
1780936800,4365.6,4368.6,4365.1,4368.4,594
1780937100,4368.4,4370.7,4366.8,4369.7,550
1780937400,4369.8,4370.5,4361.8,4362.3,1095
1780937700,4362.3,4366,4362.1,4364.9,541
1780938000,4365.1,4366.8,4360.9,4362,819
1780938300,4362.1,4366.5,4361.8,4362.6,474
1780938600,4363.1,4363.6,4360.4,4363.1,663
1780938900,4363.3,4364.4,4360.5,4362.8,672
1780939200,4362.5,4364.8,4359.4,4360,560
1780939500,4360.2,4364.7,4357.9,4363.6,1534
1780939800,4363.5,4364,4358,4360.4,989
1780940100,4360.2,4360.5,4356.4,4359.4,572
1780940400,4359.3,4359.9,4357.7,4358.5,346
1780940700,4358.6,4361.6,4358.5,4361.4,431
1780941000,4361.5,4362.8,4360.5,4361.2,257
1780941300,4361,4363.8,4359.9,4363.3,437
1780941600,4363.3,4369.6,4362.9,4368.2,960
1780941900,4368.4,4369.9,4366.6,4368.1,603
1780942200,4368.3,4368.9,4364.7,4365.9,913
1780942500,4366.2,4368.2,4366,4366.9,339
1780942800,4366.8,4369.4,4366.2,4368,486
1780943100,4368.1,4370.3,4366,4366.9,593
1780943400,4366.8,4369,4364.3,4364.9,551
1780943700,4364.8,4365.9,4361.1,4361.2,648
1780944000,4361.3,4362.8,4360.3,4360.7,396
1780944300,4360.9,4361.2,4358.7,4358.7,512
1780944600,4358.7,4361,4357.1,4358.6,510
1780944900,4358.7,4360.2,4357.3,4358.8,494
1780945200,4358.9,4362.4,4358.3,4361.3,427
1780945500,4361.2,4361.2,4356.6,4356.8,391
1780945800,4356.8,4356.8,4353.7,4354,847
1780946100,4354.1,4355.9,4352.3,4353.1,748
1780946400,4352.8,4354.9,4351,4351,519
1780946700,4351.2,4352.5,4350.3,4352,463
1780947000,4351.9,4354.9,4350.5,4351.7,740
1780947300,4351.4,4352.8,4349,4350,469
1780947600,4349.9,4350.4,4348.4,4349.1,418
1780947900,4349.4,4351.8,4349,4351.2,392
1780948200,4351.5,4354.2,4351.5,4352.1,930
1780948500,4352.3,4353.1,4346.9,4350.4,1139
1780948800,4350.5,4353.8,4350.4,4353.4,471
1780949100,4353.5,4353.8,4351.3,4352,377
1780949400,4351.9,4352.3,4350.2,4352.3,242
1780949700,4352.1,4352.1,4348.2,4349.6,239
1780950000,4349.6,4351.5,4349.1,4351.1,120
1780950300,4350.8,4351.1,4348.3,4350.7,248
1780950600,4350.5,4352.1,4349.3,4351.7,166
1780950900,4351.7,4352.5,4350.7,4351.6,169
1780951200,4351.6,4351.6,4349.5,4350.1,184
1780951500,4350.4,4351.6,4349.5,4351.1,221
1780951800,4351.3,4353.7,4351,4353.6,274
1780952100,4353.1,4354.6,4353,4354.6,239
1780956000,4354.8,4361.3,4349.6,4350.1,935
1780956300,4350,4351.3,4347.9,4350.3,353
1780956600,4350.1,4351.4,4347.8,4348.3,216
1780956900,4348.4,4348.5,4345.7,4347.8,364
1780957200,4347.7,4349.6,4347.5,4349.1,367
1780957500,4349.5,4350.9,4347.8,4348.1,309
1780957800,4348.1,4350.6,4348.1,4348.9,364
1780958100,4349,4350.2,4348.5,4349,145
1780958400,4349.1,4350.7,4347.5,4350.7,166
1780958700,4350.6,4351.4,4349.4,4350.4,273
1780959000,4350,4352.1,4349.2,4351.5,163
1780959300,4351.6,4352.2,4351,4351.3,231
1780959600,4351,4351.5,4350.2,4351,225
1780959900,4350.9,4351.1,4348.4,4349.7,208
1780960200,4349.5,4352.3,4349,4350.8,242
1780960500,4351.1,4352.2,4349.5,4350.3,219
1780960800,4350.7,4351,4347.8,4348.5,253
1780961100,4348.2,4348.2,4343.5,4343.9,650
1780961400,4343.8,4344.4,4338.3,4341.1,1099
1780961700,4341.5,4345.4,4341.5,4345.2,637
1780962000,4345.3,4345.8,4342.6,4342.9,426
1780962300,4343.1,4343.4,4336.7,4337.1,1218
1780962600,4337.4,4342.6,4335.7,4340.2,1011
1780962900,4340.2,4341.5,4337.4,4341.1,506
1780963200,4340.9,4343.3,4338.7,4341.3,874
1780963500,4341,4345.4,4340.8,4342.5,807
1780963800,4342.3,4347.6,4342.3,4346.4,762
1780964100,4346.3,4347.4,4343.7,4343.9,510
1780964400,4343.8,4344.4,4340.6,4342.6,667
1780964700,4342.6,4343.3,4340.3,4340.8,450
1780965000,4340.8,4344,4338.7,4342.9,849
1780965300,4343.1,4347.1,4341.6,4342.8,1119
1780965600,4342.8,4345.2,4341.1,4342.7,516
1780965900,4342.5,4343.3,4339.2,4341.2,557
1780966200,4341.2,4344.2,4340,4340,501
1780966500,4339.9,4345.5,4339.5,4344.1,609
1780966800,4343.9,4348.7,4342.5,4345.7,1611
1780967100,4345.4,4352.4,4345,4349.4,1408
1780967400,4349.9,4351.2,4345.5,4348.4,736
1780967700,4348.6,4354.7,4346.1,4348.3,1385
1780968000,4348.5,4356.7,4347.2,4352.3,1604
1780968300,4351.9,4362.6,4351.9,4359.7,1311
1780968600,4359.7,4362.5,4357.3,4361.5,928
1780968900,4361.6,4363.5,4358.6,4359.8,741
1780969200,4359.5,4362.8,4356.7,4360.1,809
1780969500,4360.2,4363,4358.1,4358.4,730
1780969800,4358.6,4361.8,4358,4361.2,484
1780970100,4361.1,4362.6,4357.5,4360.8,652
1780970400,4361.1,4361.5,4355.9,4356.9,744
1780970700,4356.8,4357.4,4352.5,4355.6,882
1780971000,4355.5,4358,4353.7,4357.4,445
1780971300,4357,4359.2,4354.5,4356.8,663
1780971600,4357,4360.2,4355.8,4358.8,329
1780971900,4358.8,4360.7,4356.5,4360,299
1780972200,4360,4364.1,4358,4360.2,883
1780972500,4360,4360.1,4355.4,4359.4,743
1780972800,4359.7,4363.3,4357.8,4363.3,341
1780973100,4363.4,4365.6,4361.9,4362.2,764
1780973400,4362.3,4365,4359.2,4363.2,417
1780973700,4362.4,4363.9,4359.1,4360.5,409
1780974000,4360,4362.1,4356,4356.2,588
1780974300,4356.2,4366.3,4355.2,4362.5,1271
1780974600,4362.7,4364.5,4361.6,4362.9,349
1780974900,4363,4366.8,4363,4363.9,672
1780975200,4363.8,4364.6,4357.6,4358.8,620
1780975500,4359,4361.5,4358.4,4360.6,563
1780975800,4360.6,4362.1,4357.8,4358.1,622
1780976100,4358.2,4361.2,4357.9,4359.6,281
1780976400,4359.5,4362.4,4359.1,4362.2,282
1780976700,4362.2,4366.5,4362.2,4363.1,626
1780977000,4363.2,4364.7,4361.3,4363.9,255
1780977300,4363.7,4364.4,4358.8,4360.9,583
1780977600,4360.9,4360.9,4357.6,4359.6,380
1780977900,4359.8,4362.5,4359,4361.6,307
1780978200,4361.8,4363.8,4356.5,4356.7,556
1780978500,4356.5,4357.5,4353.8,4354.5,572
1780978800,4354.3,4356.1,4353.1,4355.9,386
1780979100,4355.8,4356.5,4353.8,4354.7,310
1780979400,4355,4355.1,4348.4,4349.4,1040
1780979700,4349.7,4355,4349.6,4354.4,595
1780980000,4354.3,4354.3,4351.1,4352.5,294
1780980300,4352.1,4354,4351.3,4353.4,182
1780980600,4353.8,4356.2,4351.7,4351.9,408
1780980900,4352,4357.4,4350.7,4356.7,810
1780981200,4356.8,4361.2,4356.5,4360.5,841
1780981500,4360.7,4361.5,4356.8,4356.8,344
1780981800,4356.7,4358.8,4355.1,4355.8,425
1780982100,4355.6,4359,4354.8,4357.5,372
1780982400,4357.8,4359.6,4355.4,4357.5,373
1780982700,4357.9,4358.1,4356.1,4356.9,199
1780983000,4356.6,4368.4,4355.8,4367,1785
1780983300,4367.1,4368.4,4363.9,4367.9,658
1780983600,4367.7,4375.9,4366.7,4372.9,1893
1780983900,4372.8,4373.7,4367.3,4370.9,1189
1780984200,4371.1,4371.2,4367.4,4369.7,530
1780984500,4369.2,4369.6,4365.9,4367.9,554
1780984800,4368,4373.5,4367.1,4369.3,1124
1780985100,4369,4371.3,4367.5,4368.9,420
1780985400,4368.6,4369.1,4364.5,4365.5,554
1780985700,4365.3,4368.1,4365.1,4366.8,499
1780986000,4366.9,4370.2,4365,4368.9,615
1780986300,4368.9,4369.6,4362.2,4363.4,755
1780986600,4363.5,4363.6,4356,4357.9,1374
1780986900,4357.9,4363.8,4357.4,4361.9,928
1780987200,4361.9,4362.9,4358.4,4360.7,521
1780987500,4360.7,4364.4,4360.2,4363.5,487
1780987800,4363.3,4363.4,4358.7,4359.3,529
1780988100,4359.1,4360.2,4354.1,4354.7,905
1780988400,4354.5,4358.7,4352.5,4355.6,1141
1780988700,4356,4357.7,4353.6,4356.3,627
1780989000,4356.2,4356.4,4350.6,4350.6,895
1780989300,4350.5,4353.6,4346.1,4352.7,1797
1780989600,4352.9,4354.7,4349.5,4353.8,752
1780989900,4354.2,4356,4352.3,4354.6,519
1780990200,4354.8,4355.1,4348.9,4350.3,564
1780990500,4350.2,4350.5,4345.7,4349.3,957
1780990800,4349.3,4352.2,4348.6,4351.9,421
1780991100,4351.9,4354,4349.5,4349.9,469
1780991400,4349.8,4353.6,4348.7,4352.1,548
1780991700,4352,4352.4,4349.4,4349.9,395
1780992000,4350.2,4350.8,4346,4346,823
1780992300,4346.2,4350.4,4344.4,4350.2,968
1780992600,4350.2,4360.1,4349.9,4355.6,1543
1780992900,4355.6,4359,4355,4356,675
1780993200,4356.5,4358.2,4355.5,4355.7,373
1780993500,4355.6,4359.2,4355.2,4358.2,436
1780993800,4358.2,4359.7,4354.4,4354.5,449
1780994100,4354.6,4358.6,4353.8,4358,419
1780994400,4358,4360.5,4356.9,4358.7,464
1780994700,4358.7,4358.8,4351,4351.8,804
1780995000,4351.8,4353.7,4349.4,4353.4,538
1780995300,4353.5,4354.3,4350.2,4350.2,303
1780995600,4350.1,4352.8,4348.4,4352.3,544
1780995900,4352.6,4354.3,4350.8,4353.7,344
1780996200,4353.8,4354.7,4351.2,4352,398
1780996500,4351.8,4354.2,4351.4,4353.4,347
1780996800,4353.4,4359.7,4353.4,4356.8,805
1780997100,4357.2,4358,4347.8,4350.3,1173
1780997400,4350.2,4353.1,4349.3,4350.4,947
1780997700,4350.2,4355,4350.2,4353,447
1780998000,4352.9,4354,4348.8,4351.1,378
1780998300,4351,4354.8,4350.5,4353.9,437
1780998600,4353.8,4357.6,4353.6,4357.2,414
1780998900,4357.1,4357.4,4354.7,4356.2,338
1780999200,4356.1,4357.3,4354.1,4354.6,331
1780999500,4354.8,4355.2,4349.1,4351.1,1075
1780999800,4351,4359.8,4350.5,4359.4,645
1781000100,4359.5,4360.7,4358.2,4358.8,849
1781000400,4359,4359.1,4355.3,4356.7,261
1781000700,4356.4,4360.9,4355.7,4357.7,441
1781001000,4357.9,4359,4356.3,4357.7,257
1781001300,4357.5,4358.1,4355.4,4355.8,295
1781001600,4355.8,4356.6,4353.4,4356.3,438
1781001900,4356.6,4356.8,4354.4,4354.6,239
1781002200,4354.8,4360.7,4354.4,4359.1,744
1781002500,4358.9,4365.2,4358.8,4363.6,862
1781002800,4363.3,4364.9,4359.9,4360,581
1781003100,4360.3,4363.2,4359.8,4361.4,398
1781003400,4361.5,4362.2,4359.9,4361.9,257
1781003700,4362,4363.3,4360.3,4363.2,399
1781004000,4363.5,4364.9,4361.1,4361.1,439
1781004300,4361.4,4362.8,4360.3,4362.8,248
1781004600,4362.7,4363,4361,4362.1,293
1781004900,4361.7,4362.3,4360.8,4361.3,133
1781005200,4361.3,4364.2,4361.2,4363.1,352
1781005500,4363.2,4365.8,4361.5,4364.3,534
1781005800,4364.4,4368.1,4364.4,4365.8,713
1781006100,4365.5,4367.8,4363.6,4364.3,518
1781006400,4364.4,4368,4364.1,4366.7,547
1781006700,4366.9,4368.5,4366.2,4368.2,445
1781007000,4368.2,4368.7,4365.3,4365.6,841
1781007300,4365.8,4367.7,4363.4,4367.7,948
1781007600,4367.4,4367.4,4361.6,4363,893
1781007900,4362.8,4364.5,4359.7,4360.3,858
1781008200,4360,4364.5,4359,4361,1301
1781008500,4361,4365.9,4360.3,4365,949
1781008800,4364.9,4366.3,4363.3,4365.4,588
1781009100,4365.1,4368.9,4364.1,4365.6,927
1781009400,4365.9,4368.1,4361.5,4361.8,1087
1781009700,4361.6,4366.7,4360.8,4365.5,1358
1781010000,4366.2,4370.2,4362.5,4363.7,2323
1781010300,4363.6,4368.8,4363,4365.8,1222
1781010600,4366.1,4367.2,4364.1,4365.6,539
1781010900,4365.6,4366.7,4358.3,4358.4,1206
1781011200,4358.3,4360.5,4355.7,4357.8,1451
1781011500,4357.8,4359.9,4354.6,4355.3,1286
1781011800,4355.5,4358.5,4352.7,4354.2,2208
1781012100,4354.6,4358.7,4353.8,4356,1112
1781012400,4356.3,4356.5,4349.1,4354.4,2091
1781012700,4354.3,4388.8,4353.3,4377.1,8035
1781013000,4377.3,4377.8,4358.2,4359,5070
1781013300,4358.8,4359.5,4350.7,4353.3,3058
1781013600,4353.2,4360.4,4350.4,4353.4,3306
1781013900,4353.5,4356.6,4348.3,4352.8,2717
1781014200,4352.4,4352.9,4343.1,4345.2,2997
1781014500,4344.9,4347.2,4328.8,4335.1,5863
1781014800,4335.1,4344.3,4332.8,4342.6,3258
1781015100,4342.7,4348.1,4339.9,4342.5,2404
1781015400,4342.3,4345.5,4333.7,4338.8,3386
1781015700,4338.8,4339.1,4326.4,4329.2,3607
1781016000,4329.3,4331.6,4307.5,4308.6,4933
1781016300,4308.3,4313.9,4302,4308.1,5958
1781016600,4307.7,4322.2,4305.3,4321.9,4373
1781016900,4322,4325.2,4316.5,4324.8,2535
1781017200,4325,4326.4,4315.5,4317.4,2407
1781017500,4317.6,4321.1,4314.2,4320,1781
1781017800,4320.3,4323.7,4313.5,4319.3,1709
1781018100,4319.2,4321.3,4315.8,4316.1,1075
1781018400,4315.9,4319.1,4309.3,4309.9,1572
1781018700,4309.9,4313.1,4301,4302.8,2921
1781019000,4302.8,4306.1,4287.4,4298.6,6413
1781019300,4298.8,4298.9,4287,4294.4,3131
1781019600,4294.4,4304.5,4293.5,4304,2477
1781019900,4304.1,4310.1,4302.7,4305.1,2456
1781020200,4305,4308.7,4300.7,4304.3,1869
1781020500,4304.5,4309.9,4296.5,4296.5,2258
1781020800,4296.5,4305.4,4295.2,4298.2,2320
1781021100,4298,4298.7,4284.6,4287.5,3110
1781021400,4287.5,4291.1,4282.1,4283.6,2995
1781021700,4283.5,4287.2,4276.8,4278.2,3503
1781022000,4278.4,4287.7,4277,4286.2,2473
1781022300,4285.7,4290.6,4284.7,4287.4,1447
1781022600,4287,4288.5,4283.6,4285.9,1783
1781022900,4285.7,4291.5,4260.7,4265.3,5159
1781023200,4265.2,4272.1,4260,4268.7,4676
1781023500,4268.4,4277.9,4267.8,4273.6,3054
1781023800,4273.2,4275,4262.3,4263.9,2162
1781024100,4263.7,4276.3,4263.4,4276,1856
1781024400,4276.2,4288,4275.1,4286.4,2756
1781024700,4286.4,4287.8,4282.7,4287,1564
1781025000,4286.8,4288.8,4281.5,4285.4,1885
1781025300,4285.6,4290.2,4282.6,4288.5,1320
1781025600,4288.2,4292.4,4286.9,4290.7,1977
1781025900,4290.6,4291.2,4285,4287.5,1855
1781026200,4287.6,4290.8,4285.1,4290.2,1198
1781026500,4289.7,4290.7,4286.2,4286.8,592
1781026800,4287.3,4292.8,4286.3,4289.2,848
1781027100,4289.4,4291.2,4280.6,4281.6,1870
1781027400,4281.3,4284.3,4279.9,4282.9,937
1781027700,4282.4,4288.8,4282.4,4287.1,849
1781028000,4287.3,4290.2,4283.6,4286.8,822
1781028300,4286.7,4291.4,4285,4291.1,585
1781028600,4291.2,4291.5,4286.9,4289.8,918
1781028900,4289.6,4294.5,4287,4293.7,1131
1781029200,4293.8,4298.7,4291.5,4297.9,1125
1781029500,4297.9,4297.9,4292.2,4295.6,857
1781029800,4295.3,4298.7,4293.1,4295.3,959
1781030100,4295.2,4295.4,4293,4293.5,387
1781030400,4293.5,4294.4,4288,4288.6,871
1781030700,4288.7,4290,4286.7,4289.8,751
1781031000,4289.6,4292.7,4288.6,4290.3,638
1781031300,4290.5,4296,4289.9,4294.3,588
1781031600,4294.5,4295.5,4290.6,4294.5,695
1781031900,4294.2,4296.2,4289.3,4289.6,815
1781032200,4289.2,4289.4,4282,4283.1,1146
1781032500,4283.2,4283.3,4278.5,4279.5,1239
1781032800,4279.3,4280.7,4276.6,4279.8,1159
1781033100,4279.5,4282,4278.2,4281.5,635
1781033400,4281.2,4284.2,4280.1,4283.4,709
1781033700,4283.3,4284,4276.6,4277.6,824
1781034000,4277.8,4277.9,4274.1,4275,893
1781034300,4275.2,4276.7,4273.9,4275,636
1781034600,4275.1,4283.1,4275.1,4282.8,1857
1781034900,4283.1,4283.9,4280,4282.8,1125
1781035200,4282.8,4285.6,4280,4285.2,709
1781035500,4284.7,4284.9,4281.3,4281.8,266
1781035800,4281.7,4283.3,4280.8,4282.4,238
1781036100,4282.1,4284.8,4282.1,4282.7,325
1781036400,4282.7,4283.7,4281.8,4282.3,191
1781036700,4282.3,4284,4282,4282.9,176
1781037000,4283,4283.5,4281.3,4281.8,250
1781037300,4282,4284.9,4282,4284.6,157
1781037600,4284.5,4286.2,4283.9,4285.2,233
1781037900,4285.5,4286,4284.3,4285.8,225
1781038200,4285.8,4285.8,4283.7,4284.2,137
1781038500,4284.3,4285,4283.4,4285,212
1781042400,4281.9,4282.3,4270.2,4279.3,1029
1781042700,4278.8,4281.2,4274.6,4277.4,569
1781043000,4277.4,4280.6,4276.9,4279,389
1781043300,4279.3,4280,4276.3,4277.5,350
1781043600,4277.6,4279.8,4276.8,4277.9,485
1781043900,4277.8,4280.2,4276.8,4280.2,381
1781044200,4280.3,4281.2,4275.8,4276.8,550
1781044500,4277,4278,4273.7,4276.4,775
1781044800,4276.3,4278.5,4270.8,4272.6,1311
1781045100,4272.4,4273.7,4258.2,4262.7,2806
1781045400,4262.4,4264.3,4255.3,4258.5,1643
1781045700,4258.5,4261.6,4257.2,4260,744
1781046000,4260.5,4269.7,4258.9,4269.5,1177
1781046300,4269.4,4271,4264.8,4264.8,876
1781046600,4265.1,4266.3,4258.5,4259.4,1043
1781046900,4259.4,4259.7,4250.3,4255.9,2027
1781047200,4255.8,4257.6,4247.5,4250.3,1403
1781047500,4250.7,4250.9,4245.7,4247.3,1268
1781047800,4247.4,4252.8,4244.4,4248.7,1289
1781048100,4249,4249.2,4243.9,4245,867
1781048400,4244.8,4247.6,4239.2,4241.2,1897
1781048700,4241.1,4241.1,4234.2,4236.2,1982
1781049000,4236.2,4244.3,4232.1,4243.7,1856
1781049300,4243.8,4247.6,4240.5,4244.8,1124
1781049600,4245.2,4247.4,4241.1,4243.3,1309
1781049900,4243.4,4249.9,4242.2,4247.9,1536
1781050200,4247.8,4248.5,4239.3,4247.9,1206
1781050500,4247.6,4251.1,4241.4,4250.2,1158
1781050800,4249.6,4251.2,4245.4,4248,749
1781051100,4248.3,4248.3,4240.5,4240.5,1167
1781051400,4241,4241.9,4228.3,4229.2,2487
1781051700,4229.3,4233.1,4224.6,4231.2,2270
1781052000,4231.2,4231.5,4222,4227.6,1601
1781052300,4227.8,4229.5,4223.4,4227.2,1280
1781052600,4227.1,4232.6,4223.7,4231.3,1112
1781052900,4231.2,4244.3,4231.2,4241.7,2106
1781053200,4241.3,4242.4,4217.9,4218.3,4505
1781053500,4218,4223.6,4210.9,4219,3359
1781053800,4219.2,4230.6,4217.5,4227.1,1873
1781054100,4227,4240.3,4224.4,4236.7,2397
1781054400,4237,4237,4223,4224.7,1626
1781054700,4224.7,4228.5,4221,4225.5,1502
1781055000,4225.6,4229.2,4219.9,4226.6,1497
1781055300,4226.3,4231.3,4221.2,4224.7,1459
1781055600,4224.4,4226,4208.1,4210.6,2834
1781055900,4210.7,4217.3,4207.7,4216.1,1902
1781056200,4216.3,4219.3,4206.1,4215.9,2195
1781056500,4215.6,4216.6,4210.6,4212.2,804
1781056800,4212.6,4215.5,4207.4,4210.7,1122
1781057100,4210.6,4210.6,4203.1,4204.7,1790
1781057400,4205,4210.3,4203.5,4206.6,981
1781057700,4206.7,4210.5,4203.7,4204.7,986
1781058000,4204.8,4211.4,4204,4207.3,1015
1781058300,4207.3,4212.7,4201.9,4212,1615
1781058600,4212.4,4216.9,4197.8,4203.4,2823
1781058900,4203.1,4213.5,4202.8,4208.5,1412
1781059200,4208.7,4213.9,4204.4,4208.6,1254
1781059500,4208.6,4214.9,4207.4,4211.6,1140
1781059800,4211.5,4212.5,4197.7,4198.9,1935
1781060100,4198.6,4200.9,4196.6,4197.8,1067
1781060400,4197.9,4200.7,4195.9,4200.2,1223
1781060700,4200.4,4204.4,4197.6,4199.2,1274
1781061000,4199,4202.3,4197.6,4201.8,650
1781061300,4202,4205.1,4199.5,4199.5,766
1781061600,4199.4,4200.1,4197.2,4198.5,578
1781061900,4198.8,4203.8,4198.4,4200.7,651
1781062200,4200.8,4204.5,4199.7,4204.2,774
1781062500,4203.9,4206.9,4200.3,4204.3,887
1781062800,4204,4206.5,4201.5,4203.4,581
1781063100,4203.3,4210.8,4203.3,4209.2,928
1781063400,4208.8,4209.9,4205.7,4208.5,512
1781063700,4208.6,4208.8,4205.6,4208.8,314
1781064000,4208.9,4211.1,4205.6,4210,650
1781064300,4209.6,4210.5,4205.4,4207.9,477
1781064600,4207.6,4207.9,4204.1,4204.7,516
1781064900,4204.8,4205.8,4202.2,4205,598
1781065200,4204.9,4206.7,4199.7,4201.6,938
1781065500,4202.2,4204,4196.9,4197.8,946
1781065800,4197.3,4198.5,4195.7,4197.6,854
1781066100,4197.9,4198.9,4196,4197.9,539
1781066400,4198.2,4198.5,4195.9,4196.3,527
1781066700,4196.4,4198.2,4193,4197.5,893
1781067000,4197,4199.3,4196.7,4198.3,306
1781067300,4198.4,4199.2,4196.7,4198.2,333
1781067600,4198.1,4201.5,4196.2,4197.8,884
1781067900,4197.7,4202.6,4196.4,4199.8,809
1781068200,4199.7,4203.8,4198.5,4202.5,512
1781068500,4203.1,4203.5,4198.5,4199.6,560
1781068800,4199.8,4206.4,4198.8,4204,761
1781069100,4204,4210.6,4202.9,4210.5,930
1781069400,4210.6,4216.8,4205,4214.4,2104
1781069700,4214,4218.2,4211.2,4217.5,1302
1781070000,4217.7,4222.3,4216.6,4221.6,1244
1781070300,4221.6,4228.9,4220.5,4225.9,1482
1781070600,4226,4229.7,4223.6,4227.1,1149
1781070900,4227.1,4232.3,4226.9,4228.5,1228
1781071200,4228.5,4236.1,4228.5,4234.2,1351
1781071500,4234,4245.4,4232.3,4237.2,2968
1781071800,4237.1,4239.2,4232.1,4235.8,1648
1781072100,4235.9,4238.5,4234.2,4237.2,893
1781072400,4237.4,4239.8,4230,4232.3,961
1781072700,4232.6,4239.2,4232.5,4234.7,810
1781073000,4234.7,4236.9,4231.4,4233.7,752
1781073300,4233.9,4235.5,4230.8,4232.5,761
1781073600,4232.2,4232.7,4228.4,4230.9,922
1781073900,4230.9,4233.3,4226.5,4226.8,733
1781074200,4226.9,4230.1,4225,4225.8,785
1781074500,4225.7,4229.2,4225.2,4227.3,489
1781074800,4226.8,4229,4224.3,4226.8,896
1781075100,4226.6,4230.9,4225.2,4230.2,773
1781075400,4230.2,4231.1,4220.4,4223.5,1260
1781075700,4223.5,4226,4220.7,4221.7,705
1781076000,4221.6,4226.9,4221.2,4222.3,518
1781076300,4222.1,4222.2,4216.4,4217.9,1098
1781076600,4217.9,4220.6,4214.7,4217.9,851
1781076900,4218.2,4219,4213.4,4213.8,613
1781077200,4214.2,4216.7,4210.4,4212.9,1041
1781077500,4212.7,4216.4,4212.6,4213.7,828
1781077800,4213.5,4213.6,4204.9,4205.7,1675
1781078100,4205.7,4211.4,4204.9,4209.6,956
1781078400,4209.6,4210.9,4184.6,4187.3,3769
1781078700,4187.4,4194.5,4185.1,4190.7,2167
1781079000,4190.5,4196,4184,4189.8,2135
1781079300,4189.6,4201.8,4188.9,4196.5,2319
1781079600,4196.5,4197.5,4190.9,4194,1530
1781079900,4194.5,4196.9,4191.8,4194.8,737
1781080200,4194.8,4195.1,4189,4191,1185
1781080500,4191.2,4199.7,4191.1,4195.9,977
1781080800,4195.9,4202.2,4192.7,4193.3,1980
1781081100,4193.5,4197.6,4188.8,4197.1,1369
1781081400,4197.1,4199.4,4193.8,4194.1,881
1781081700,4194,4195.6,4190.4,4192,1042
1781082000,4191.9,4192.5,4188.1,4190.1,1120
1781082300,4190.5,4194.8,4189.2,4193.3,686
1781082600,4193,4197,4187.3,4188,1045
1781082900,4187.8,4197.9,4187,4193.9,1256
1781083200,4193.8,4193.8,4188.7,4191,820
1781083500,4190.9,4194.8,4187,4188.9,1218
1781083800,4188.7,4200.2,4188.3,4199.7,1827
1781084100,4199.5,4202.9,4193.7,4195.2,1145
1781084400,4195.6,4195.6,4190.3,4194,896
1781084700,4194.5,4197.6,4188.8,4190.9,1049
1781085000,4190.8,4191.6,4185.4,4188.9,990
1781085300,4188.6,4192.4,4188.1,4191.4,653
1781085600,4191.6,4193.9,4189.9,4192,933
1781085900,4192.1,4192.3,4178.4,4182.5,1998
1781086200,4182.3,4185,4178.2,4183.9,1079
1781086500,4183.8,4187.7,4182.5,4187.2,1041
1781086800,4187.3,4192.9,4186.4,4189.4,998
1781087100,4189.5,4192.3,4185.5,4187.8,782
1781087400,4187.6,4191.9,4186.8,4187.8,646
1781087700,4187.9,4192,4186.9,4190,549
1781088000,4190.3,4194.6,4186.9,4194.6,786
1781088300,4194.4,4200.3,4192.7,4200.2,997
1781088600,4200.1,4201.7,4193.9,4194.6,920
1781088900,4194.3,4200.9,4194.1,4197.5,994
1781089200,4197.6,4198.9,4182.4,4184.2,2607
1781089500,4184.4,4187.8,4175.9,4184,2601
1781089800,4183.8,4192,4183.7,4191.5,1378
1781090100,4191.4,4194.6,4187.1,4187.6,1009
1781090400,4187.5,4193.6,4185.9,4186.6,1256
1781090700,4186.1,4189.5,4179.2,4188.7,2761
1781091000,4189,4190.9,4183.3,4187.8,1311
1781091300,4187.5,4188.4,4178.7,4179.1,1072
1781091600,4179.3,4182.8,4176.7,4177.1,1154
1781091900,4177,4178.6,4174.3,4178.3,1771
1781092200,4178.1,4186.2,4176,4177.2,1651
1781092500,4177.5,4178.6,4168.2,4170.3,2192
1781092800,4169.9,4175.2,4168,4169.6,2028
1781093100,4169.6,4173.4,4167,4167.3,1411
1781093400,4167.6,4167.6,4156.9,4158.9,3843
1781093700,4158.7,4165.6,4158,4159,2312
1781094000,4159.1,4160.4,4156.2,4157.4,2030
1781094300,4157.2,4165.2,4153.3,4165.1,2607
1781094600,4163.5,4197.3,4163.4,4185.9,8283
1781094900,4187,4196.6,4179.2,4184.2,3918
1781095200,4184.4,4190.2,4178.4,4183.5,2818
1781095500,4183.9,4192.9,4179.2,4180.7,3082
1781095800,4181.2,4181.5,4171.7,4174.5,2899
1781096100,4174.7,4175.6,4164.9,4169.7,2939
1781096400,4169.9,4179.7,4167.4,4175.9,3812
1781096700,4176.2,4181.2,4171.3,4177.3,2576
1781097000,4177.6,4180.6,4171.4,4173.7,1889
1781097300,4174.1,4174.1,4156.7,4158,4137
1781097600,4158,4169.2,4155.1,4166.7,2704
1781097900,4166.4,4173.9,4165.9,4171.9,2285
1781098200,4172.1,4176.6,4165.4,4165.7,3598
1781098500,4166,4191.8,4164.6,4189.2,5979
1781098800,4189.2,4202.5,4186.2,4202.5,4590
1781099100,4202.2,4209.2,4196.5,4209,4890
1781099400,4208.9,4209.5,4198.9,4203.5,3479
1781099700,4203.6,4207.1,4198.5,4202.8,2444
1781100000,4202.7,4204.3,4193.7,4194.9,4217
1781100300,4194.9,4199.8,4193.2,4196.8,1923
1781100600,4196.7,4203.4,4193.4,4197.6,2191
1781100900,4197.8,4198.8,4190.4,4191.3,2963
1781101200,4191.5,4196.1,4185.6,4192.8,3043
1781101500,4193,4194.9,4182.3,4184,2584
1781101800,4184.1,4186.6,4178.1,4183.4,2763
1781102100,4183.5,4185.6,4175.5,4180.9,2232
1781102400,4180.7,4184.5,4172.6,4172.9,2215
1781102700,4172.8,4174.6,4160.4,4163.7,3698
1781103000,4163.6,4166,4160.1,4160.7,2807
1781103300,4160.7,4161,4139.8,4147.4,7061
1781103600,4147.4,4159.6,4145.4,4151.7,4758
1781103900,4151.6,4151.9,4144.3,4148.7,2694
1781104200,4148.8,4149.8,4141.5,4145.8,2954
1781104500,4145.7,4146.6,4135.5,4138.2,3798
1781104800,4138.1,4156.6,4137.7,4152.6,3720
1781105100,4152.6,4160.2,4150.1,4150.5,2809
1781105400,4150.8,4154.4,4146.5,4151.2,2908
1781105700,4151.2,4153.8,4145.3,4147.6,1750
1781106000,4147.5,4153.4,4144.9,4152,1788
1781106300,4151.6,4154.2,4130.4,4141.1,5919
1781106600,4141,4148.9,4129.6,4143.5,4923
1781106900,4143.2,4152.6,4138.2,4152.1,2529
1781107200,4152.2,4154.9,4145.4,4149.8,2307
1781107500,4149.7,4154.5,4147,4153.4,1649
1781107800,4152.7,4156.1,4148.2,4152.2,1576
1781108100,4152.1,4157.1,4150.7,4156,1450
1781108400,4156.3,4158.8,4151.4,4152.8,1508
1781108700,4152.9,4155.3,4148.7,4150.6,1260
1781109000,4150.4,4153,4143.6,4152.2,1618
1781109300,4152.1,4155.1,4148.7,4150.7,987
1781109600,4150.8,4151.1,4142.8,4144.9,1136
1781109900,4144.8,4145.8,4138.6,4143.1,1499
1781110200,4143.2,4145.8,4140.5,4143.1,824
1781110500,4142.8,4145.3,4139.8,4144.5,778
1781110800,4144.5,4158,4144.1,4155.1,2021
1781111100,4155.2,4155.2,4141.9,4143.1,1391
1781111400,4142.9,4143.3,4137.4,4140.7,1536
1781111700,4140.6,4143,4135.9,4136.5,1208
1781112000,4136.4,4139.2,4132.6,4134.3,1780
1781112300,4134.5,4138,4131.6,4133.8,2402
1781112600,4133.9,4135.2,4128.2,4133.9,2364
1781112900,4133.8,4134.7,4127.3,4128,1216
1781113200,4128.1,4129.2,4124.8,4125.2,1963
1781113500,4125.3,4135.9,4123.6,4134.5,3004
1781113800,4134.3,4136.7,4126.4,4132.8,2164
1781114100,4132.8,4136.8,4132.3,4134.8,1051
1781114400,4135.1,4143.7,4134.6,4143.1,1631
1781114700,4143.1,4143.8,4137.5,4137.6,982
1781115000,4137.8,4141,4137.8,4139.2,609
1781115300,4138.9,4141.5,4133.2,4135.8,869
1781115600,4135.7,4138.4,4134.2,4136.3,798
1781115900,4136.1,4138.4,4132.3,4135.5,778
1781116200,4135.6,4135.9,4132.1,4132.4,738
1781116500,4132.2,4133.3,4129.6,4130.4,1276
1781116800,4130.5,4133.2,4127.7,4128.3,1072
1781117100,4128.4,4131.4,4127.3,4127.6,592
1781117400,4127.2,4127.9,4120.1,4124.9,2085
1781117700,4124.7,4127,4122.6,4125,961
1781118000,4125.2,4125.8,4119.2,4119.8,1358
1781118300,4119.6,4122.9,4118.4,4118.6,1462
1781118600,4118.7,4118.8,4110.5,4112.6,2545
1781118900,4112.6,4115.7,4111,4113.5,1301
1781119200,4113.4,4113.9,4106.1,4108.8,1741
1781119500,4108.6,4109.3,4105,4108,1658
1781119800,4108.2,4112.5,4107.1,4109.5,1445
1781120100,4109.9,4110.5,4105.6,4109.6,1015
1781120400,4109.6,4115.7,4109.4,4115.3,1513
1781120700,4115.3,4116.2,4109.1,4111.9,1367
1781121000,4111.8,4115.5,4109.2,4111.1,1608
1781121300,4110.6,4110.6,4105,4106.3,2010
1781121600,4106,4106.5,4098.1,4100.7,1780
1781121900,4100.7,4101.3,4092.9,4094.5,1658
1781122200,4094.3,4097,4092.1,4095,1101
1781122500,4095.1,4097.8,4094.1,4097.1,638
1781122800,4097,4100.6,4096,4099.7,589
1781123100,4099.6,4103,4098.9,4101.5,550
1781123400,4101.3,4101.3,4097.5,4099.2,476
1781123700,4098.8,4101.4,4096.7,4099.4,476
1781124000,4099.7,4099.7,4094.2,4095.6,665
1781124300,4095.6,4096.2,4090.3,4091.1,1021
1781124600,4090.8,4092.2,4089.8,4092.1,456
1781124900,4091.9,4095.5,4091.9,4094.5,908
1781128800,4090.1,4095.4,4080.2,4085,2163
1781129100,4085,4085.4,4072.9,4073.3,2096
1781129400,4073.3,4079.7,4072.1,4078.8,1699
1781129700,4078.9,4079.6,4065.3,4070.5,2805
1781130000,4070.2,4070.6,4059,4061.5,2660
1781130300,4061.4,4068.2,4058.9,4067.8,2115
1781130600,4068,4077.7,4067.7,4073.6,2426
1781130900,4073.8,4089.8,4073.8,4088.5,2049
1781131200,4088.7,4092.6,4083.2,4085.6,2241
1781131500,4085.6,4090,4080.8,4085,1514
1781131800,4085.4,4087.4,4074.9,4077.1,1580
1781132100,4077.3,4077.5,4068.1,4069,1626
1781132400,4069.2,4077.6,4066.9,4072.5,1552
1781132700,4072.2,4072.8,4061.4,4062.9,1565
1781133000,4062.8,4065.2,4046,4052.4,3476
1781133300,4052.6,4064.6,4047.3,4061.6,2781
1781133600,4061.6,4070.3,4059.4,4065.6,2964
1781133900,4066,4087.6,4064.6,4084,2938
1781134200,4083.9,4086.5,4078.4,4080.1,2247
1781134500,4080,4086.2,4079.5,4083.1,1023
1781134800,4082.8,4086.9,4077,4078.8,1600
1781135100,4078.6,4080.3,4071,4072.4,2652
1781135400,4072.4,4074.8,4071,4073.5,923
1781135700,4073.2,4075.4,4066.6,4069.5,1745
1781136000,4069.8,4081.7,4062.5,4065.5,3276
1781136300,4066.1,4072.6,4061.6,4065.1,2576
1781136600,4065.1,4078.1,4057.9,4074.4,2908
1781136900,4074.9,4095.3,4071.8,4087.3,4323
1781137200,4087.4,4092.6,4082.9,4084.1,2357
1781137500,4083.9,4093.3,4079.3,4089.3,3059
1781137800,4089.3,4098.9,4083.6,4086.1,3048
1781138100,4086.1,4090.8,4080.7,4084.8,2113
1781138400,4085.6,4096.4,4083.8,4084.8,1693
1781138700,4085.1,4093.8,4085.1,4092.9,1516
1781139000,4092.8,4097,4090.4,4091.1,1376
1781139300,4090.8,4100.4,4090.7,4097.2,2092
1781139600,4097.2,4111.7,4093.3,4100.8,5525
1781139900,4100.4,4104,4087.5,4099.9,3200
1781140200,4099.7,4110.7,4099.6,4108.1,3171
1781140500,4108.2,4121.3,4106.6,4114.8,3796
1781140800,4114.4,4124,4113.1,4123.4,3473
1781141100,4123.5,4129.7,4122.1,4125,3498
1781141400,4124.8,4133.4,4124.3,4131.1,2945
1781141700,4131.5,4135.5,4129.8,4134.9,2139
1781142000,4134.9,4138.5,4130.4,4133.7,2497
1781142300,4134.1,4137.3,4126.6,4131,2198
1781142600,4130.6,4131.6,4123.2,4124.1,1947
1781142900,4123.8,4124.4,4118.2,4121.9,2174
1781143200,4122.3,4123.1,4114.6,4121.4,2009
1781143500,4121.2,4121.3,4112.5,4115,1316
1781143800,4115.1,4118.1,4109.4,4109.9,1544
1781144100,4109.8,4116.1,4107.8,4114.4,1838
1781144400,4114.2,4114.8,4109.3,4110.6,1207
1781144700,4110.3,4110.5,4102,4103,1597
1781145000,4103,4105.8,4092,4094,2933
1781145300,4094,4097.2,4085.7,4087.6,1957
1781145600,4087.7,4088.7,4076.2,4080.5,3515
1781145900,4080.4,4081.6,4073.3,4076.1,2030
1781146200,4076,4085.3,4076,4084,2009
1781146500,4083.8,4095,4083,4088.9,1994
1781146800,4089.1,4097,4088.9,4096.2,1284
1781147100,4096.3,4099.8,4090.7,4097.6,1539
1781147400,4097.6,4097.6,4085.4,4086.6,1423
1781147700,4086.6,4092.5,4086.2,4086.8,1041
1781148000,4086.9,4086.9,4081.1,4083.7,1373
1781148300,4083.8,4085.2,4077.9,4084.6,1386
1781148600,4084.7,4089.1,4083.8,4088.5,1691
1781148900,4088.9,4092.1,4085.3,4091.5,851
1781149200,4092,4093.5,4087.4,4088.9,876
1781149500,4088.9,4090.4,4086.3,4087.2,632
1781149800,4087,4097,4086.2,4094.4,1056
1781150100,4094.4,4096.9,4093.5,4094.4,490
1781150400,4094.3,4097.3,4092.9,4093.7,794
1781150700,4093.8,4101.3,4091.4,4101.2,1127
1781151000,4101.5,4104.9,4099.3,4104.2,1033
1781151300,4103.9,4105.2,4100.4,4103.1,667
1781151600,4102.8,4107,4101.5,4102,752
1781151900,4102.2,4103.1,4097.3,4099,904
1781152200,4099,4105,4098.8,4098.8,858
1781152500,4099.2,4101.2,4095.8,4100.1,822
1781152800,4100.2,4105.9,4099.7,4103.7,728
1781153100,4103.7,4107.5,4103.5,4104.7,677
1781153400,4104.7,4106.8,4100.5,4105.5,672
1781153700,4105.6,4106.6,4102.8,4104,535
1781154000,4103.9,4104.5,4096.5,4099,1101
1781154300,4099.3,4102,4096.4,4100.7,686
1781154600,4100.4,4100.9,4097.6,4098.6,367
1781154900,4098.3,4102.4,4096.2,4100.5,599
1781155200,4100.3,4102.5,4097.3,4098.1,498
1781155500,4097.9,4101.1,4093.5,4096.5,980
1781155800,4096.2,4117.2,4095.5,4116,2929
1781156100,4116.1,4117.6,4111.7,4114.9,1614
1781156400,4115.1,4120.8,4115.1,4120.2,1214
1781156700,4120.4,4127.4,4117.4,4121.5,1495
1781157000,4121.3,4122.2,4114.4,4114.9,1263
1781157300,4115,4119.6,4114.3,4115.1,701
1781157600,4115,4115.8,4105.4,4105.4,1584
1781157900,4105.6,4106.8,4098.8,4101.8,1759
1781158200,4101.5,4105.4,4096.7,4105.4,1440
1781158500,4105.1,4109.3,4102.5,4107.5,1247
1781158800,4107.7,4112.1,4107.3,4112,852
1781159100,4111.9,4113.9,4106.8,4107.4,841
1781159400,4107.7,4108.9,4104.6,4105.1,593
1781159700,4105.5,4112.2,4103.8,4109.2,953
1781160000,4109.1,4113.8,4107.8,4113.7,510
1781160300,4113.8,4115.3,4111.9,4112.9,678
1781160600,4112.6,4118.5,4112.2,4118.5,754
1781160900,4118.4,4118.6,4112.6,4115.6,641
1781161200,4115.7,4119,4113.2,4115.9,1014
1781161500,4115.9,4118.7,4113.9,4114.6,814
1781161800,4114.7,4119.3,4111.9,4117.8,1283
1781162100,4117.6,4127.3,4117.5,4125.9,1736
1781162400,4125.8,4129.2,4123.6,4128.7,1064
1781162700,4128.6,4131.2,4127,4128.5,1114
1781163000,4128,4131.4,4126.8,4128,1086
1781163300,4127.9,4129.8,4122.4,4125.7,1253
1781163600,4125.8,4130.3,4123.8,4128.2,700
1781163900,4128.2,4128.9,4123.8,4123.8,638
1781164200,4123.7,4124.9,4119.8,4124,936
1781164500,4123.8,4127,4123.6,4125.8,418
1781164800,4125.7,4133.1,4124.6,4127.1,1654
1781165100,4127.2,4133.5,4125.9,4132.9,1101
1781165400,4132.5,4133.8,4125.6,4126.7,923
1781165700,4126.9,4129.3,4123.5,4126.2,825
1781166000,4126.1,4126.1,4120.9,4123.7,811
1781166300,4124,4124.4,4117.8,4118.6,773
1781166600,4118.4,4118.8,4114.6,4116.1,978
1781166900,4116.3,4120.4,4115.6,4115.9,812
1781167200,4115.9,4117.7,4111,4111.3,875
1781167500,4111.4,4113.1,4109.5,4110,677
1781167800,4110.2,4112.7,4107.4,4107.9,788
1781168100,4107.5,4108.7,4105.2,4105.2,754
1781168400,4105.1,4108.6,4103.9,4106.4,1105
1781168700,4106.4,4108.4,4101.8,4101.8,913
1781169000,4102.1,4108.4,4101.7,4107,990
1781169300,4106.9,4110,4106.1,4107.4,875
1781169600,4107.4,4107.6,4104.2,4105.9,569
1781169900,4105.8,4105.8,4099.3,4100.3,1373
1781170200,4100.1,4103.9,4097.7,4101.4,1141
1781170500,4101.3,4109.7,4101.2,4109.5,851
1781170800,4109.6,4112.9,4108.5,4112.8,717
1781171100,4112.6,4117.3,4112.1,4114.8,985
1781171400,4114.7,4116.8,4110.8,4114.8,713
1781171700,4115,4115.6,4110.2,4112.3,542
1781172000,4112.3,4115.1,4109.9,4112.3,584
1781172300,4112.5,4114.9,4111.2,4111.3,334
1781172600,4111.3,4113.5,4108.6,4112.8,477
1781172900,4112.7,4113.9,4107.4,4107.4,494
1781173200,4107.5,4115.6,4107.5,4114.3,469
1781173500,4114.3,4114.6,4108.3,4108.4,598
1781173800,4108.3,4113.6,4106.9,4113,622
1781174100,4112.9,4113.7,4109.4,4111.5,330
1781174400,4111.5,4112.8,4110.1,4111,251
1781174700,4111.1,4112.2,4108.1,4109.2,234
1781175000,4109.1,4113.4,4109,4110.6,352
1781175300,4110.5,4112.1,4107.6,4110.2,447
1781175600,4110.3,4113.9,4107,4112.2,769
1781175900,4112.4,4113.9,4108.2,4111.6,766
1781176200,4111.5,4113.6,4106.5,4106.5,556
1781176500,4106.4,4110,4104.4,4106.8,834
1781176800,4106.9,4108.9,4103.5,4106.6,625
1781177100,4106.8,4111.8,4104.7,4110.7,710
1781177400,4110.6,4116.8,4108.3,4108.5,1582
1781177700,4108.4,4109.4,4102.8,4103.8,1473
1781178000,4104.2,4107.3,4101.7,4105.4,752
1781178300,4104.9,4107,4102.9,4105.7,548
1781178600,4105.7,4108.3,4104.7,4106.6,617
1781178900,4106.4,4108,4100.1,4100.5,784
1781179200,4100.8,4107.7,4098.8,4107.1,1219
1781179500,4107.1,4107.4,4099.8,4100.5,1085
1781179800,4100.2,4100.3,4092.4,4097,1553
1781180100,4096.7,4102.9,4095.1,4095.7,1307
1781180400,4095.5,4098.8,4081.7,4089.7,5801
1781180700,4089.5,4093.6,4083.3,4089.6,2320
1781181000,4089.3,4095.2,4077.8,4083.1,4438
1781181300,4082.9,4087.8,4078.1,4086.9,2457
1781181600,4086.8,4098,4085.6,4093.5,3091
1781181900,4093.7,4101.9,4090.2,4098,3080
1781182200,4097.7,4102.3,4093.4,4101,2136
1781182500,4100.6,4106.3,4097.7,4102.6,2524
1781182800,4102.9,4106.6,4098.4,4104.4,1993
1781183100,4104.5,4107.1,4099.5,4106.8,1700
1781183400,4106.6,4107,4092.7,4093.7,2067
1781183700,4094.1,4098.3,4093.7,4093.8,1286
1781184000,4093.8,4100,4093.5,4096.6,1152
1781184300,4096.2,4103.1,4092.7,4096.2,1355
1781184600,4096.3,4102.7,4092.7,4096.3,2335
1781184900,4096.3,4104,4088.9,4093.3,2757
1781185200,4093.6,4099.7,4087.9,4097.3,2501
1781185500,4097.4,4114.7,4094.4,4104.6,5600
1781185800,4104.7,4113.9,4104.7,4106.1,2961
1781186100,4106.1,4112.6,4103.1,4104.2,2112
1781186400,4104.1,4106.8,4096,4098.9,3750
1781186700,4098.5,4098.7,4081,4083.1,3579
1781187000,4083.3,4084.3,4073.1,4081.4,5131
1781187300,4081.7,4087.1,4076.1,4084,3411
1781187600,4083.9,4103.2,4083.3,4099.9,3558
1781187900,4100,4105.4,4094.1,4095.6,2729
1781188200,4095.4,4098.5,4091,4093.3,2267
1781188500,4092.9,4100.7,4091.7,4099.6,2061
1781188800,4099.8,4104.7,4096.4,4096.4,2060
1781189100,4097.2,4100.5,4093.3,4099.3,1607
1781189400,4099.2,4101.7,4094.2,4097.8,1618
1781189700,4097.5,4100.2,4092,4094.1,1761
1781190000,4093.9,4097.3,4090.8,4094.3,1953
1781190300,4094.3,4107.4,4092.6,4101.9,3078
1781190600,4101.6,4109.3,4100,4101.4,2367
1781190900,4101.4,4107.7,4100.6,4102.9,1717
1781191200,4102.8,4110.5,4097.5,4100.2,2156
1781191500,4100.2,4106.4,4095.9,4102.8,1516
1781191800,4102.8,4104.1,4098.4,4100.7,1245
1781192100,4100.6,4108.2,4099.9,4107.3,1406
1781192400,4107.5,4111.9,4107.3,4109.6,1600
1781192700,4109.7,4113.1,4108.7,4111,1337
1781193000,4111.1,4116.8,4109.3,4111.8,2030
1781193300,4111.7,4111.7,4106.7,4110.1,1710
1781193600,4110.1,4114.8,4107.9,4108.6,1203
1781193900,4109,4115.1,4107.7,4113.7,809
1781194200,4113.6,4124.7,4112.4,4124.1,2393
1781194500,4124,4128.9,4117.4,4118,2390
1781194800,4118,4119.5,4108.5,4109,2189
1781195100,4109,4110.1,4100.5,4100.6,2166
1781195400,4100.4,4109.3,4099.5,4105.7,2009
1781195700,4105.7,4107.6,4101.9,4103.9,1215
1781196000,4104,4106.5,4102.2,4103.3,844
1781196300,4103.1,4105.5,4101.3,4102.5,747
1781196600,4102.6,4103.7,4099,4100.9,1065
1781196900,4100.8,4103.5,4100.3,4101.3,617
1781197200,4101.4,4102.3,4092.8,4095.6,2417
1781197500,4095.7,4099,4095.3,4097.7,1094
1781197800,4097.9,4100.1,4093.4,4097.2,974
1781198100,4096.8,4099.9,4095.2,4099.2,906
1781198400,4099.1,4102.3,4096.9,4101.6,1230
1781198700,4101.6,4123.2,4099.2,4122.4,5020
1781199000,4122.6,4171.2,4122.4,4170,13225
1781199300,4170,4176.2,4158.9,4171.4,7172
1781199600,4171.7,4191.9,4168.6,4188,6667
1781199900,4188.3,4188.3,4174.6,4175.9,4673
1781200200,4175.9,4182.9,4167.9,4174.8,3602
1781200500,4174.5,4178.5,4167.4,4173.1,3124
1781200800,4173,4176.8,4157,4159.2,3947
1781201100,4158.9,4162.9,4152,4156.3,3125
1781201400,4156.1,4167.8,4156.1,4167.6,1717
1781201700,4167.6,4184.1,4165.6,4182.2,3003
1781202000,4181.6,4183.7,4171.5,4176.9,3835
1781202300,4176.7,4178,4171.6,4173.7,2244
1781202600,4174,4179.3,4170,4175.4,1390
1781202900,4174.9,4180,4173.7,4177.7,896
1781203200,4177.4,4187.6,4175.9,4186.2,1605
1781203500,4185.9,4193.4,4185.2,4189.6,2275
1781203800,4189.3,4191.4,4185.6,4186,1280
1781204100,4186.4,4187,4181.8,4183.1,1435
1781204400,4183.6,4195.8,4183.6,4195.5,1775
1781204700,4195.3,4197.4,4190.6,4195.7,1590
1781205000,4195.2,4211,4194.6,4209.7,4004
1781205300,4209.9,4219.8,4207.4,4217,3085
1781205600,4216.9,4219.7,4210,4213.2,2012
1781205900,4213.1,4220,4210.5,4217.1,1506
1781206200,4217,4236.4,4217,4236.2,4721
1781206500,4236.2,4241.3,4229.2,4229.3,3308
1781206800,4229.7,4238.7,4229.3,4231.3,2104
1781207100,4231,4236.3,4230.7,4230.8,1716
1781207400,4230.9,4236.5,4229.7,4236.3,1771
1781207700,4236,4236.2,4228.3,4229.9,1723
1781208000,4230.2,4237.3,4229.2,4229.3,1512
1781208300,4229.4,4237.8,4229.2,4236.2,986
1781208600,4235.9,4240.3,4233.2,4235.2,719
1781208900,4235,4236.4,4233.4,4234.6,388
1781209200,4234.6,4237.4,4234,4236.9,473
1781209500,4236.6,4237.1,4232.9,4235,510
1781209800,4235.3,4237.4,4233.2,4234.6,392
1781210100,4234.6,4236.9,4231.2,4232,562
1781210400,4232.5,4233.5,4230.5,4230.5,498
1781210700,4230.5,4232.8,4229.8,4232.3,564
1781211000,4232,4233.9,4231,4232.9,393
1781211300,4232.9,4233.9,4231.5,4233.8,530
1781215200,4233.8,4242.4,4225,4230,1626
1781215500,4229,4232.2,4227.6,4230.1,504
1781215800,4230.3,4231.8,4227.7,4230.4,463
1781216100,4230.4,4231.8,4227.8,4229,553
1781216400,4229.2,4232.7,4226.3,4227.1,895
1781216700,4227.5,4236.9,4226.8,4235.8,1084
1781217000,4235.6,4237.5,4232.2,4235.3,889
1781217300,4235.4,4236.5,4233,4236.5,355
1781217600,4236.5,4249.1,4236,4246.8,2024
1781217900,4246.7,4257.3,4246.2,4252.8,2358
1781218200,4252.7,4256.7,4245.1,4256.4,1722
1781218500,4256.2,4267.7,4254,4264,2349
1781218800,4264.3,4267,4245.2,4247.6,2616
1781219100,4247.6,4250.9,4243.8,4246.2,1768
1781219400,4246.5,4248.9,4240.5,4244.1,1199
1781219700,4244.4,4247.2,4241.6,4243.1,1059
1781220000,4242.9,4243.8,4236,4236.5,1212
1781220300,4236.5,4238.7,4234.5,4236.9,1208
1781220600,4236.8,4244.2,4234.5,4237.4,1630
1781220900,4237.5,4241.7,4235,4237,1029
1781221200,4237,4241.4,4235.1,4240.1,915
1781221500,4240.4,4245.5,4237.8,4240.1,1352
1781221800,4240.2,4244,4235.5,4236.9,1167
1781222100,4237,4242.9,4236.7,4240.8,863
1781222400,4240.2,4243.4,4233.2,4239.2,1928
1781222700,4239.2,4247.1,4236.3,4237.9,1780
1781223000,4238.8,4239.6,4236.1,4237.7,870
1781223300,4237.4,4237.9,4227.9,4237.4,2275
1781223600,4237.2,4245.5,4235.7,4245.1,1358
1781223900,4245.1,4251.6,4241.1,4241.3,2294
1781224200,4241.6,4249.8,4240.6,4242.7,1425
1781224500,4242.7,4245.2,4235.4,4236,1218
1781224800,4235.8,4236,4223.4,4224.9,1952
1781225100,4225,4229.3,4221.8,4223,1654
1781225400,4223,4226.7,4221.5,4221.7,1118
1781225700,4221.8,4229.7,4221.3,4229.5,1474
1781226000,4229.6,4232.4,4204.6,4205.8,5777
1781226300,4205.8,4214.9,4203.9,4214.6,2379
1781226600,4214.5,4214.6,4206.1,4208.3,1704
1781226900,4208.3,4215.4,4206.9,4210.4,1183
1781227200,4211,4213.5,4208.9,4210.5,926
1781227500,4210.7,4211.1,4200.4,4202.5,1897
1781227800,4202.5,4208.4,4198.3,4201.5,2273
1781228100,4201.4,4202.2,4192.7,4200.6,2195
1781228400,4200.8,4205.6,4198.4,4201.3,1527
1781228700,4201,4213.1,4201,4212.9,1518
1781229000,4213,4213,4207.6,4208,961
1781229300,4208.3,4211.8,4205.6,4208.7,686
1781229600,4208.3,4216.3,4205.2,4213,1914
1781229900,4213.1,4219.7,4211.9,4219,1272
1781230200,4219.4,4222,4215.4,4215.8,1182
1781230500,4215.8,4216.1,4212.2,4214.3,839
1781230800,4214.6,4215.4,4211.5,4212.6,509
1781231100,4213,4213.2,4208.2,4209.9,880
1781231400,4210.5,4211,4204.1,4204.7,1236
1781231700,4204.5,4215.2,4204.4,4210.8,1227
1781232000,4211,4212.2,4206.2,4208.4,637
1781232300,4207.7,4213,4205.4,4212.5,889
1781232600,4212.6,4214.3,4209.3,4210.6,678
1781232900,4210.4,4216,4209.3,4213.4,725
1781233200,4213.3,4218.1,4211.4,4213.9,981
1781233500,4213.5,4217.2,4212.3,4213.7,466
1781233800,4214.3,4217.9,4212.9,4215.9,453
1781234100,4215.7,4223.3,4215.5,4218,1199
1781234400,4217.9,4221.3,4214.9,4219.4,790
1781234700,4219.5,4225.4,4218.4,4225.4,1006
1781235000,4225.4,4226.4,4221.1,4225.5,1119
1781235300,4225.3,4226.7,4222.3,4224,603
1781235600,4224,4226.8,4220.7,4221.2,613
1781235900,4221,4221.3,4217,4218.9,1154
1781236200,4218.8,4222.8,4217.9,4222,623
1781236500,4222.2,4223.2,4218.4,4218.7,416
1781236800,4218.9,4222.9,4214.3,4218.9,990
1781237100,4218.7,4219.1,4213.6,4217.7,591
1781237400,4217.9,4218.2,4213.9,4216.6,394
1781237700,4215.9,4217.3,4212.1,4213.5,492
1781238000,4213.7,4215.5,4212.1,4215,324
1781238300,4214.7,4216.1,4213.1,4214.3,438
1781238600,4214.3,4218.9,4213.5,4217.4,650
1781238900,4217.3,4220.1,4215.4,4217.3,582
1781239200,4217.3,4219,4214.6,4215.1,409
1781239500,4215.4,4216,4211.3,4212,568
1781239800,4212.6,4214.6,4211.6,4214.1,404
1781240100,4214.1,4215,4211.3,4211.5,311
1781240400,4211.5,4214.6,4208.9,4209.4,712
1781240700,4209.6,4212.1,4206.8,4207.1,539
1781241000,4206.9,4211.5,4203.6,4210.3,1081
1781241300,4210.2,4211.2,4206.5,4207.3,483
1781241600,4207.8,4210.8,4207.8,4208.7,442
1781241900,4208.4,4211.3,4207.5,4208.8,454
1781242200,4208.7,4209.4,4198.6,4201.8,1719
1781242500,4201,4201,4193.8,4196.4,1248
1781242800,4196.4,4202.6,4195.8,4201.8,966
1781243100,4201.9,4202.3,4197.5,4201.2,725
1781243400,4200.8,4201.5,4194.3,4196.7,1043
1781243700,4196.7,4198.5,4192.2,4194.6,1005
1781244000,4194.9,4204.7,4194.5,4202.8,1305
1781244300,4202.7,4205.8,4200,4203.3,1016
1781244600,4203,4207.2,4203,4204.6,756
1781244900,4204.4,4204.7,4201.3,4202.1,511
1781245200,4202.4,4204.3,4200.3,4201.8,575
1781245500,4201.8,4204,4201,4203.6,345
1781245800,4203.8,4204.1,4196.8,4199,840
1781246100,4199.1,4203.1,4197.3,4199.4,724
1781246400,4199.3,4200.1,4193.7,4198.1,764
1781246700,4198.2,4199.2,4195.3,4197.6,640
1781247000,4197.5,4202.2,4197.4,4199.9,833
1781247300,4199.8,4206.2,4198.4,4205.3,731
1781247600,4205.5,4206.4,4197.2,4199.5,864
1781247900,4199.4,4203.3,4198.9,4201.9,552
1781248200,4202.2,4204.4,4198.9,4199.5,645
1781248500,4199.5,4200.1,4195.2,4198.2,771
1781248800,4198.3,4200.3,4196.5,4199.4,559
1781249100,4199,4201.3,4194.9,4195.5,665
1781249400,4195.4,4197.1,4190.7,4195,1279
1781249700,4195.2,4200.8,4195.2,4199.8,1152
1781250000,4200.1,4205.9,4199.7,4204.2,1123
1781250300,4204.4,4204.9,4195.8,4196.2,1004
1781250600,4196.5,4199.6,4194.9,4197.1,603
1781250900,4196.9,4215.4,4196.7,4215.4,3000
1781251200,4215.7,4224.4,4213,4219.1,2710
1781251500,4219.2,4225.2,4216.3,4223.2,1455
1781251800,4223.2,4226.4,4222.7,4225,1121
1781252100,4225.1,4241.8,4220.7,4239.6,3213
1781252400,4239.5,4242.3,4233.8,4239.7,2044
1781252700,4239.7,4240.6,4232.5,4234.4,1324
1781253000,4235,4241.7,4234.3,4239.7,1237
1781253300,4239.6,4244.6,4236.9,4242.5,1309
1781253600,4242.5,4242.5,4233.3,4239.9,1498
1781253900,4239.9,4241.8,4236.1,4239.8,851
1781254200,4240.1,4243.9,4237.4,4243.3,776
1781254500,4243.7,4247.6,4241.1,4241.4,1127
1781254800,4241.8,4244.3,4239.4,4243,697
1781255100,4243.3,4245.8,4241,4244.8,715
1781255400,4244.8,4247,4243.5,4245.8,490
1781255700,4245.9,4248.8,4242.6,4245.1,1404
1781256000,4244.9,4247.3,4240.3,4243.6,1149
1781256300,4243.5,4247.2,4240.6,4242.2,921
1781256600,4242.2,4247.6,4240.1,4247.3,1480
1781256900,4247.5,4249.5,4242.8,4244.5,854
1781257200,4244.7,4249.5,4244.3,4247,762
1781257500,4246.8,4249.6,4245,4245.4,696
1781257800,4245.4,4246,4242.5,4244.8,502
1781258100,4244.6,4246.7,4242.5,4242.9,390
1781258400,4243,4245.8,4239.7,4243.1,963
1781258700,4243,4246.9,4241.3,4246,452
1781259000,4246,4246.1,4241.3,4242.5,854
1781259300,4242.4,4243.3,4236,4238.8,1147
1781259600,4238.9,4239.1,4231.4,4234.4,1161
1781259900,4234.4,4235.3,4223.7,4227.7,2040
1781260200,4227.8,4239.9,4227.4,4235.6,1429
1781260500,4235.6,4237.5,4235.2,4236.5,444
1781260800,4236.7,4238.4,4235.5,4236.2,333
1781261100,4236.4,4239.8,4235.3,4236.7,515
1781261400,4236.2,4237.2,4233.3,4234.5,369
1781261700,4234.2,4236.5,4230.3,4232,1097
1781262000,4232.2,4233.2,4226.6,4227.3,838
1781262300,4227.1,4230.1,4226,4228.3,670
1781262600,4228.5,4229.3,4226.2,4228.4,602
1781262900,4228.4,4229.1,4224.8,4227,643
1781263200,4226.8,4231,4226.5,4230.7,662
1781263500,4230.6,4231.3,4222.9,4223.5,840
1781263800,4223.6,4223.6,4218.2,4220.4,1694
1781264100,4220.6,4224,4220.3,4223.2,569
1781264400,4223.3,4231.9,4222.6,4230.6,1057
1781264700,4230.6,4232.8,4229.6,4231,814
1781265000,4231.1,4236.4,4229.3,4236,940
1781265300,4235.7,4235.8,4227.4,4227.9,689
1781265600,4227.8,4229.3,4223.5,4227,2004
1781265900,4227.2,4230.5,4226.3,4228.8,1247
1781266200,4228.9,4235.2,4228.8,4235.2,918
1781266500,4235.4,4236.5,4232.5,4232.6,1154
1781266800,4232.5,4233.2,4222.9,4224.2,1703
1781267100,4224.2,4224.6,4221.2,4221.7,943
1781267400,4221.9,4222.6,4217.9,4220.8,1640
1781267700,4220.8,4221.8,4212.8,4213.8,1706
1781268000,4213.9,4221.6,4211.7,4217.5,2077
1781268300,4217.4,4219.3,4214.3,4217.7,1340
1781268600,4217.7,4221.4,4214,4214.1,1304
1781268900,4214.5,4215.4,4209.2,4212.3,1626
1781269200,4212.2,4218.9,4207.2,4218,2269
1781269500,4217.9,4222.1,4214.3,4220.9,1510
1781269800,4221,4221.6,4214.5,4218.9,1009
1781270100,4219.1,4224,4218,4223.2,1094
1781270400,4223.5,4227.6,4222.7,4224.7,1182
1781270700,4225,4226.4,4222.3,4223.9,934
1781271000,4223.7,4226.5,4217.7,4219.9,2858
1781271300,4220.2,4231.2,4219.6,4228.2,2389
1781271600,4228,4228.6,4203,4211.2,7098
1781271900,4211.2,4214.6,4204.1,4211.5,2598
1781272200,4211.1,4214.4,4207.2,4210,1765
1781272500,4210.1,4213.1,4203.3,4206.1,1541
1781272800,4206.9,4219.1,4205.7,4215.4,3175
1781273100,4215.5,4219.8,4205.4,4218.9,2603
1781273400,4218.6,4219,4210.3,4214.1,1326
1781273700,4213.2,4220.4,4210.7,4210.7,1607
1781274000,4210.9,4212.8,4202.6,4207.8,2436
1781274300,4208,4214.8,4207.3,4209,1567
1781274600,4209.2,4210.3,4201.1,4207.2,2493
1781274900,4207.2,4213.4,4206.5,4212.9,2274
1781275200,4212.9,4214,4201.2,4205.1,2517
1781275500,4204.6,4205.4,4196.9,4203.4,2119
1781275800,4203.3,4228.8,4199.7,4228.3,5556
1781276100,4228,4229.5,4221.9,4224.8,2879
1781276400,4224.8,4230.2,4220.8,4223.9,2582
1781276700,4224.1,4232,4223.8,4229.4,2104
1781277000,4229.1,4236.1,4229.1,4234.6,1699
1781277300,4234.8,4240.2,4233.4,4235.7,1823
1781277600,4235.9,4251.6,4233.7,4248.8,3093
1781277900,4249,4256.7,4244.3,4246.7,3794
1781278200,4246.7,4249.3,4239.4,4240.3,2555
1781278500,4240.3,4247.6,4236,4239.7,2737
1781278800,4239.4,4240.1,4230.6,4232.1,1835
1781279100,4232,4236,4227.3,4228.5,1862
1781279400,4228.5,4237,4228.1,4235.9,1805
1781279700,4235.6,4239.3,4231.5,4232.3,1520
1781280000,4232.3,4234.4,4228,4230,1226
1781280300,4230.3,4235.2,4228.7,4233.7,980
1781280600,4233.8,4246.1,4231.9,4242.3,2890
1781280900,4242.5,4254,4241.7,4244.7,2726
1781281200,4244.6,4246.3,4239,4239.1,1366
1781281500,4239,4241.7,4236.4,4237.9,1109
1781281800,4237.9,4239.6,4236.7,4238.8,724
1781282100,4238.5,4239.2,4232.4,4237.8,1148
1781282400,4237.5,4241.1,4233.6,4233.9,1129
1781282700,4234.2,4235.6,4232.1,4234.1,1076
1781283000,4234,4237.8,4232.4,4235.9,898
1781283300,4235.8,4238.7,4234,4236.5,784
1781283600,4236.5,4241.7,4236.4,4241.3,1029
1781283900,4241.2,4247.3,4239.6,4241.4,1740
1781284200,4241.4,4242.4,4235.3,4239,1285
1781284500,4239.1,4239.2,4234.3,4238.2,747
1781284800,4238.3,4244.4,4238.2,4241.3,931
1781285100,4241.5,4241.8,4236.9,4239.1,1175
1781285400,4239.2,4240.8,4234.1,4240.5,992
1781285700,4240.1,4241.6,4238,4238.8,355
1781286000,4238.8,4243.9,4237.6,4242.9,600
1781286300,4242.8,4245.3,4242.2,4243.6,509
1781286600,4243.6,4244.8,4242.9,4244,412
1781286900,4243.8,4244,4239.9,4241.7,723
1781287200,4241.9,4243.2,4240,4240.1,407
1781287500,4240.4,4242,4238.7,4241.4,580
1781287800,4241.5,4249.3,4240.7,4247.5,1132
1781288100,4247.5,4250.6,4245.7,4249.9,1052
1781288400,4249.6,4256.2,4249.5,4249.8,1514
1781288700,4249.7,4250.1,4245.4,4247.4,887
1781289000,4247.4,4249.4,4245.1,4248.1,555
1781289300,4248.1,4248.2,4246,4247,329
1781289600,4247.2,4250.9,4246.8,4250,527
1781289900,4249.7,4250,4243.2,4243.6,806
1781290200,4243.7,4244.1,4241.3,4242.7,458
1781290500,4242.3,4243.2,4234.9,4236.3,1046
1781290800,4236.1,4239.6,4234.9,4238.9,902
1781291100,4238.9,4241,4236.6,4238.7,582
1781291400,4238.7,4240.2,4237.5,4239.1,277
1781291700,4238.6,4238.6,4234.7,4236.2,608
1781292000,4236.5,4236.5,4231.4,4231.7,680
1781292300,4231.4,4233.2,4229.1,4229.9,939
1781292600,4230,4231.7,4225.3,4225.6,1498
1781292900,4225.5,4230.1,4223,4226.8,1248
1781293200,4226.8,4228.9,4225.9,4226.4,483
1781293500,4226.4,4229.4,4225,4228.5,506
1781293800,4228.5,4229.7,4227.1,4228.3,624
1781294100,4228,4232.4,4226.6,4231.8,656
1781294400,4231.8,4233.1,4230.6,4232.2,492
1781294700,4232.2,4233.5,4230.8,4232.1,223
1781295000,4232.4,4235,4232,4234,259
1781295300,4234.4,4235.7,4233.5,4235.7,208
1781295600,4235.8,4238.3,4235.4,4235.4,297
1781295900,4235.8,4236.4,4234.7,4235.6,209
1781296200,4235.9,4235.9,4233.9,4235,280
1781296500,4235.1,4235.8,4233.7,4235.3,223
1781296800,4235.2,4235.2,4234.2,4235,209
1781297100,4235.1,4236.7,4233.7,4236.3,261
1781297400,4236.6,4239,4236.5,4238.1,374
1781297700,4238.1,4240.7,4237.5,4240.3,419
1781474400,4287.4,4323.9,4283.1,4321.4,5137
1781474700,4320.6,4329.4,4314,4326.3,2589
1781475000,4325.7,4326.1,4315.4,4320.6,2289
1781475300,4320.5,4326.5,4317.4,4326,1739
1781475600,4326.3,4327,4318.3,4318.7,1396
1781475900,4318.6,4318.6,4303.8,4306.8,3162
1781476200,4306.8,4307.5,4299.7,4304.5,1995
1781476500,4304.4,4306.7,4301.4,4305.2,1295
1781476800,4305.1,4308.9,4304.2,4305.3,1081
1781477100,4305,4312,4304.9,4311.5,1131
1781477400,4311.3,4312.1,4308.2,4311.5,891
1781477700,4311.2,4312,4305,4306,686
1781478000,4306,4308.3,4302.5,4305,1427
1781478300,4305.4,4308.8,4302.3,4303.4,825
1781478600,4303.1,4305.3,4302.5,4303.1,521
1781478900,4303.3,4303.6,4301.3,4302.5,555
1781479200,4302.7,4304.1,4301.2,4303.5,544
1781479500,4303.2,4305.1,4302.6,4303.5,440
1781479800,4303.7,4306.5,4301.7,4304.4,558
1781480100,4304.7,4306.6,4303.6,4305.9,354
1781480400,4305.6,4305.9,4302.4,4305.6,433
1781480700,4305.5,4314.5,4304.4,4314,1452
1781481000,4314.3,4315.3,4311.7,4313.5,776
1781481300,4313.5,4315.6,4312.5,4314.4,662
1781481600,4314.1,4316.4,4313.6,4314.9,789
1781481900,4314.5,4316.9,4313.8,4316.8,669
1781482200,4317,4321.5,4316.4,4320.2,1705
1781482500,4320.3,4324.4,4319.8,4324.4,1014
1781482800,4324.5,4328.1,4321.4,4326.4,1327
1781483100,4326.8,4328.5,4320.4,4320.8,1262
1781483400,4321.1,4326.3,4315.9,4323.5,2291
1781483700,4323.4,4325.6,4318,4319.9,1187
1781484000,4319.8,4321.1,4316.7,4318.7,747
1781484300,4318.7,4320.9,4316.9,4317.4,980
1781484600,4317,4317.9,4313.3,4316.6,1127
1781484900,4316.9,4317.3,4312.4,4313.3,985
1781485200,4313.7,4321.5,4306.2,4312.7,3893
1781485500,4312.9,4317.5,4308.8,4310.4,1899
1781485800,4310.3,4318.3,4310.3,4317.2,1267
1781486100,4317.2,4317.5,4310.4,4314.3,992
1781486400,4314.2,4327.7,4314.2,4323.4,2369
1781486700,4324,4325.9,4317.9,4324.7,1273
1781487000,4324.7,4336.6,4322.4,4333.5,2597
1781487300,4333.8,4337.8,4329.3,4336.7,1942
1781487600,4336.5,4340.8,4335.9,4339.1,1482
1781487900,4338.8,4339.1,4334.2,4338.8,1318
1781488200,4338.7,4340.3,4336,4337.4,803
1781488500,4337.4,4340.3,4336.5,4337.8,775
1781488800,4337.7,4345.4,4337.2,4343.5,1805
1781489100,4343.6,4346,4342.5,4342.7,978
1781489400,4342.9,4347.9,4341.1,4347.6,1116
1781489700,4347.7,4350,4345.2,4346.5,1623
1781490000,4346.6,4352.6,4346.6,4350.7,1683
1781490300,4350.9,4352.2,4348,4349.4,649
1781490600,4349.1,4353.6,4349,4350.9,1066
1781490900,4351.1,4355.6,4349.7,4354.1,1207
1781491200,4354.2,4354.3,4349.4,4351.4,1261
1781491500,4351.6,4356.2,4350.7,4355.6,1245
1781491800,4355.9,4356.9,4349,4351.4,1374
1781492100,4351.4,4352.3,4349.4,4350.8,1042
1781492400,4350.8,4352.6,4346.7,4347.7,1438
1781492700,4348,4349.9,4343.1,4344.9,1398
1781493000,4345.1,4347.2,4343.7,4346.5,807
1781493300,4346.7,4350.7,4345.7,4348.3,882
1781493600,4348.1,4348.5,4345.2,4346.6,519
1781493900,4346.7,4346.7,4342.5,4345.1,919
1781494200,4345.3,4348.2,4344.4,4347.3,690
1781494500,4347.1,4348.6,4345.7,4345.9,429
1781494800,4345.8,4345.8,4342.2,4344.4,542
1781495100,4344.3,4348.4,4344,4347,499
1781495400,4347.1,4347.7,4345.9,4346.5,256
1781495700,4346.4,4347.1,4344.6,4345.9,398
1781496000,4346.1,4348.5,4343.6,4344.2,683
1781496300,4344,4347.2,4344,4345.2,297
1781496600,4345.3,4347.5,4345.3,4347.4,204
1781496900,4347.5,4348.4,4343.9,4345.3,796
1781497200,4345.4,4346.4,4341.8,4343.8,815
1781497500,4343.9,4348.9,4343.8,4348.2,494
1781497800,4348.3,4350.4,4346.5,4349.7,405
1781498100,4349.7,4351.8,4348.2,4349,487
1781498400,4349,4349.9,4347.7,4348.8,214
1781498700,4348.9,4350.4,4348.9,4349.2,261
1781499000,4349.3,4349.5,4347.7,4348.4,284
1781499300,4347.9,4349.8,4347.5,4349.6,202
1781499600,4349.2,4351.4,4348.3,4349.2,370
1781499900,4349,4350.5,4345,4349.9,863
1781500200,4349.9,4352.4,4349.5,4349.9,413
1781500500,4350.2,4351,4347,4349.1,498
1781500800,4349.2,4354,4349.2,4351.9,614
1781501100,4351.6,4353.1,4349.7,4350.9,429
1781501400,4351.4,4353.8,4345.9,4348.4,1174
1781501700,4348.4,4349.3,4340.6,4342,1141
1781502000,4341.7,4342.1,4333.9,4333.9,1491
1781502300,4334.1,4337.5,4330.8,4335.4,1195
1781502600,4335,4335.9,4329.3,4331.4,1239
1781502900,4331.7,4333.1,4328.5,4331.3,795
1781503200,4331.2,4334.1,4330.7,4333.3,675
1781503500,4332.5,4334.6,4323.8,4326.1,1787
1781503800,4326.4,4330,4323.6,4329.7,956
1781504100,4329.9,4330.5,4324.7,4325.6,906
1781504400,4325.5,4329.3,4324,4328.1,773
1781504700,4328.2,4330.6,4324.6,4325.9,863
1781505000,4325.8,4328.1,4323.8,4327.3,583
1781505300,4327.7,4328,4323.4,4323.9,577
1781505600,4323.7,4327.8,4321.7,4327.4,1291
1781505900,4327.4,4328.8,4325.2,4328.5,701
1781506200,4328.3,4329.2,4326,4328.5,489
1781506500,4328.6,4330.9,4328,4328.9,672
1781506800,4329.1,4331.7,4326.1,4331.2,996
1781507100,4331.1,4334.1,4328.8,4333.4,891
1781507400,4333.4,4335.6,4331,4334.5,755
1781507700,4334.8,4336.3,4334.1,4335.2,604
1781508000,4335.2,4339.9,4334,4337.2,795
1781508300,4337.5,4339.2,4336.5,4337.6,381
1781508600,4337.9,4338.3,4333.3,4335,859
1781508900,4335,4337.3,4332.6,4336.9,537
1781509200,4336.8,4338.3,4335.3,4337.6,459
1781509500,4337.6,4338.7,4333.7,4334.7,410
1781509800,4334.7,4344.3,4334.2,4344.3,1130
1781510100,4344,4346.3,4341.2,4343.8,969
1781510400,4344,4350,4342.5,4348.9,1078
1781510700,4349.1,4350.1,4346.5,4349.6,754
1781511000,4349.6,4350.4,4344.7,4349.6,909
1781511300,4349.4,4351.8,4348,4350.2,689
1781511600,4350,4352.3,4348.9,4349.2,654
1781511900,4349.7,4353.2,4347.6,4349,1010
1781512200,4349.3,4364.4,4348.4,4364.2,2529
1781512500,4364.3,4366.3,4361.8,4363.7,1414
1781512800,4364,4365.9,4361.4,4362,946
1781513100,4362,4364,4358.5,4358.8,737
1781513400,4358.8,4360.4,4355.7,4360.1,845
1781513700,4360,4360.1,4354.8,4354.9,723
1781514000,4355.1,4362.6,4355.1,4362.3,992
1781514300,4362.5,4364.2,4360.3,4361.3,768
1781514600,4361.2,4362,4358.2,4361,328
1781514900,4361,4363.5,4358.5,4360.4,602
1781515200,4360.1,4364.4,4359.3,4361.6,764
1781515500,4361.9,4362,4357.3,4359.8,1180
1781515800,4359.7,4359.8,4355.4,4356.7,1242
1781516100,4356.5,4361.9,4356.1,4360.6,500
1781516400,4360.7,4361.1,4356,4356.3,627
1781516700,4356.3,4361.4,4355.6,4360.7,583
1781517000,4360.8,4362.1,4360.3,4360.7,390
1781517300,4360.9,4361.7,4357.6,4357.7,412
1781517600,4357.9,4358.6,4356.8,4357,423
1781517900,4356.8,4361.5,4356.8,4359.3,469
1781518200,4359,4359.3,4357.4,4358.9,264
1781518500,4358.9,4360.3,4358.7,4359.8,184
1781518800,4359.7,4359.9,4356.9,4359.4,317
1781519100,4359.5,4360.6,4358.7,4359.5,338
1781519400,4359.7,4361.5,4358.3,4360.1,346
1781519700,4360.2,4361.3,4357.6,4357.7,419
1781520000,4357.8,4359.6,4356.2,4358.7,492
1781520300,4359.4,4362.9,4358.7,4361.5,938
1781520600,4361.4,4362.1,4357.5,4358.4,372
1781520900,4358.4,4359.9,4358,4359.2,348
1781521200,4359.2,4360.1,4356.6,4358.3,718
1781521500,4358.7,4360.3,4358.5,4359.6,207
1781521800,4359.5,4361,4357.8,4359.2,365
1781522100,4359,4360.7,4357.9,4360.3,437
1781522400,4360,4361.5,4356.9,4358.9,744
1781522700,4358.8,4362.4,4357.2,4362.1,432
1781523000,4362.3,4368,4362.3,4367.3,1391
1781523300,4367.1,4368.4,4362.3,4367.9,933
1781523600,4368,4368.9,4359,4359.5,1341
1781523900,4359.3,4359.5,4352.8,4354.8,2180
1781524200,4354.8,4358,4354.8,4356.9,979
1781524500,4356.9,4357.4,4354.9,4356.3,480
1781524800,4356.6,4360,4355,4358.7,826
1781525100,4358.6,4359.4,4355.5,4355.8,619
1781525400,4355.9,4359.6,4351.5,4352.1,1145
1781525700,4352.3,4354.3,4345.4,4347.9,2364
1781526000,4348,4356.1,4345.6,4354,2153
1781526300,4354.1,4359.2,4354.1,4358.5,1368
1781526600,4358.4,4364.8,4355.9,4363.6,1995
1781526900,4363.4,4367.9,4361.2,4365.2,1427
1781527200,4365.2,4367.8,4364.3,4366.4,771
1781527500,4366.3,4368.3,4364.3,4366.9,1140
1781527800,4367.2,4370.9,4365.1,4365.6,1764
1781528100,4365.4,4371,4365.3,4370.6,985
1781528400,4370.5,4370.5,4363.6,4364.4,1794
1781528700,4364.2,4368.6,4362.7,4366.4,1294
1781529000,4366.7,4372.2,4366.7,4371.2,1228
1781529300,4371.1,4375.4,4370.6,4374.7,1604
1781529600,4374.3,4377.2,4373.1,4375.3,1474
1781529900,4375.2,4377.8,4374.1,4374.7,1307
1781530200,4374.7,4386.5,4373.4,4384.3,4636
1781530500,4384.2,4388.5,4381,4384.9,2752
1781530800,4384.9,4390.9,4382,4385.2,3277
1781531100,4384.9,4386.5,4381.1,4383.5,1849
1781531400,4383.6,4384.7,4378,4379.2,1799
1781531700,4379.7,4383.7,4375.5,4376.7,1962
1781532000,4376.6,4382.4,4375.1,4380.7,2203
1781532300,4380.8,4391.7,4379.5,4387.6,3434
1781532600,4387.8,4387.8,4376,4379.2,2623
1781532900,4379.1,4384.8,4378.4,4383.1,1667
1781533200,4383,4383.6,4375.6,4379.2,1586
1781533500,4379.2,4386.1,4379,4385.4,1465
1781533800,4385.5,4387.2,4378.2,4378.9,1796
1781534100,4379.1,4381.8,4375.4,4379.1,1531
1781534400,4379.3,4380.6,4376.2,4378.8,1008
1781534700,4378.8,4384.6,4376.9,4383.5,1313
1781535000,4383.8,4385.4,4380.6,4383.3,1159
1781535300,4383.1,4383.9,4378.1,4378.6,1078
1781535600,4378.5,4378.9,4373,4376.6,1923
1781535900,4376.8,4381.1,4374.8,4376.1,1165
1781536200,4375.9,4376,4371.1,4372.8,1419
1781536500,4372.6,4377.9,4372,4373,1324
1781536800,4373,4379.4,4371.7,4378.2,1256
1781537100,4378,4380.3,4375,4376,1091
1781537400,4375.7,4376.6,4370.7,4374.5,1757
1781537700,4374.6,4377.4,4373.8,4376.4,784
1781538000,4376.5,4381.9,4375.4,4379.3,1275
1781538300,4379.5,4382.8,4378.6,4378.6,1046
1781538600,4378.6,4379.5,4376.5,4378.2,822
1781538900,4378.3,4380.6,4377.3,4377.7,692
1781539200,4377.6,4378.7,4376,4378.6,673
1781539500,4378.7,4380.3,4373.5,4373.7,710
1781539800,4373.7,4374.2,4369.9,4373.1,1394
1781540100,4373.2,4374.1,4365.1,4367.3,1861
1781540400,4367.3,4368.2,4361.4,4361.5,2059
1781540700,4361.4,4366.1,4360.3,4364.4,1453
1781541000,4364.1,4364.5,4359.6,4362.1,1276
1781541300,4361.8,4363,4359,4360.3,845
1781541600,4360.1,4362.4,4357.4,4357.7,1090
1781541900,4357.6,4359.9,4357,4357.9,704
1781542200,4358.1,4360.3,4355.7,4359.1,965
1781542500,4359.1,4361.3,4357.2,4360.6,819
1781542800,4360.7,4360.7,4354.6,4355.3,1381
1781543100,4355.4,4356.8,4352.4,4353.6,1429
1781543400,4353.6,4356.4,4352.1,4355.2,972
1781543700,4355.3,4356.4,4351.7,4352.1,763
1781544000,4351.9,4353,4350.4,4352.3,805
1781544300,4352.1,4355.4,4350.7,4351.2,1173
1781544600,4351.1,4351.3,4347.2,4347.2,1654
1781544900,4347.2,4349.1,4343.2,4345.8,2090
1781545200,4345.6,4346.5,4342.3,4343.4,928
1781545500,4343.3,4347,4342.4,4344.2,1043
1781545800,4344.5,4345.2,4341.6,4343,844
1781546100,4342.8,4346.7,4342,4346.1,802
1781546400,4346.3,4346.4,4338.9,4341.8,1680
1781546700,4341.7,4343.5,4339.9,4342.2,549
1781547000,4342.3,4346,4341.9,4345.6,706
1781547300,4345.8,4347.6,4344.1,4346.4,901
1781547600,4346.3,4349.7,4346.3,4348.2,846
1781547900,4348.3,4349.4,4345.3,4346.1,702
1781548200,4346.3,4346.7,4343.2,4344.6,913
1781548500,4344.8,4347.3,4343.5,4346.4,532
1781548800,4346.4,4347.7,4345.6,4346,305
1781549100,4346.6,4346.9,4345.6,4346.6,221
1781549400,4346.8,4349.2,4346.5,4347.5,668
1781549700,4347.4,4348.3,4346.6,4347.2,279
1781550000,4347.4,4348.4,4343.3,4343.7,715
1781550300,4343.7,4345.2,4342.6,4344.2,544
1781550600,4343.6,4344.8,4341.6,4344.1,486
1781550900,4344,4346.3,4344,4345.9,378
1781551200,4345.9,4346.5,4342.5,4345.2,716
1781551500,4345.4,4345.6,4342.5,4343,215
1781551800,4343.2,4345.3,4343.1,4344.2,318
1781552100,4344.5,4344.5,4340.7,4342.5,417
1781552400,4342.5,4342.9,4340,4341,525
1781552700,4340.9,4342.1,4339.5,4340.3,475
1781553000,4340.3,4342.5,4338.4,4341.9,916
1781553300,4341.8,4343.2,4340.6,4342.3,799
1781553600,4342.5,4343.9,4341,4341.1,654
1781553900,4341.2,4342.4,4340.5,4340.8,208
1781554200,4341,4341,4337,4337.9,667
1781554500,4337.6,4340.3,4335.9,4339.4,500
1781554800,4339.3,4339.3,4333.4,4334.6,699
1781555100,4334.2,4336.2,4332.5,4334.7,454
1781555400,4334.9,4335.5,4332.8,4333.1,309
1781555700,4333.4,4334.5,4331.9,4333.9,306
1781556000,4333.8,4334.4,4330,4331.5,510
1781556300,4331.4,4332.6,4330.5,4331.5,514
1781556600,4332,4332.6,4328.4,4329.9,390
1781556900,4329.7,4331.6,4328.4,4331.3,362
1781560800,4331.3,4335,4329.3,4334.6,770
1781561100,4334.7,4336.9,4333.4,4334.6,578
1781561400,4334.7,4335.4,4329.7,4331.2,715
1781561700,4331.1,4333,4327.4,4332.1,1066
1781562000,4331.9,4334.6,4328.7,4328.7,645
1781562300,4328.7,4331.3,4326.7,4329.9,934
1781562600,4329.6,4332.9,4327.9,4331.1,627
1781562900,4331.2,4332.6,4330.9,4332.4,245
1781563200,4332.5,4335.8,4332.1,4333.3,579
1781563500,4333.3,4333.9,4331.3,4331.8,325
1781563800,4332.1,4335.7,4331.6,4334.8,417
1781564100,4334.6,4335.6,4332.6,4333.2,446
1781564400,4333.2,4338.1,4332.7,4336.7,484
1781564700,4336.6,4337.8,4335,4335.2,565
1781565000,4335.5,4337.4,4334.3,4334.6,697
1781565300,4334.6,4336.4,4332.2,4334.1,596
1781565600,4334.2,4336.1,4334,4335,411
1781565900,4335.5,4337.3,4335.5,4337.1,402
1781566200,4336.8,4338,4336.1,4337.6,321
1781566500,4337.8,4341.3,4335.9,4336.8,1115
1781566800,4336.5,4340,4334.6,4339.8,666
1781567100,4339.9,4340.2,4334.5,4338.9,768
1781567400,4338.9,4340.6,4338,4340.1,481
1781567700,4340.1,4340.7,4336.1,4336.9,653
1781568000,4336.9,4339.8,4334.1,4336.9,1132
1781568300,4337,4338.8,4336.3,4338,409
1781568600,4337.9,4338.8,4334.6,4334.8,427
1781568900,4334.7,4337,4331.2,4332.7,1044
1781569200,4332.9,4333.5,4328.1,4330,1527
1781569500,4329.9,4331.3,4327.7,4329.3,1205
1781569800,4329.4,4332.6,4328.6,4331.5,1540
1781570100,4331.4,4334.6,4330.3,4332.6,834
1781570400,4332.9,4333,4330.6,4332,466
1781570700,4331.7,4334,4331.4,4333.1,652
1781571000,4333.1,4335.3,4332.4,4334.2,555
1781571300,4334.5,4343,4334.5,4340.1,1569
1781571600,4339.9,4346.9,4337.6,4342.8,3072
1781571900,4342.8,4343.1,4336,4339.6,2023
1781572200,4339.4,4343.8,4338.9,4340.6,1307
1781572500,4340.6,4342.6,4339.3,4339.8,540
1781572800,4339.9,4342.8,4336.8,4339.9,792
1781573100,4339.8,4344.9,4338.4,4340.1,1699
1781573400,4340.2,4341.2,4335,4336.4,1322
1781573700,4336.2,4340,4334,4338.2,1267
1781574000,4338.5,4339.3,4333.7,4335.6,623
1781574300,4335.7,4340.1,4334.5,4338.3,811
1781574600,4338.3,4338.3,4332.6,4334.9,832
1781574900,4334.4,4334.8,4332.6,4334.4,589
1781575200,4334.3,4335,4330.7,4330.8,985
1781575500,4330.9,4333.3,4327.8,4332,1455
1781575800,4331.9,4332.6,4329.6,4330.3,453
1781576100,4330.4,4332.4,4328.9,4331.3,535
1781576400,4331.5,4332.6,4330.7,4330.8,198
1781576700,4331,4333.7,4331,4333.5,391
1781577000,4333.5,4339.2,4333.3,4338.7,1019
1781577300,4338.7,4339,4333.8,4334.6,614
1781577600,4334.4,4334.4,4330.1,4332.9,759
1781577900,4333.2,4334.6,4332,4332.9,455
1781578200,4332.8,4338.2,4332.7,4337.1,675
1781578500,4336.9,4341.6,4335.6,4339.6,974
1781578800,4339.4,4340.8,4338,4339.5,569
1781579100,4339.7,4341.4,4338,4338.3,405
1781579400,4338.5,4342,4338.4,4339.3,565
1781579700,4339.3,4340.8,4336.2,4338.7,625
1781580000,4338.5,4340.5,4336.9,4340.3,419
1781580300,4340.4,4343.5,4340.2,4342,600
1781580600,4342.3,4346.2,4340.6,4346.1,880
1781580900,4346.2,4348.8,4345.3,4348.2,969
1781581200,4348.1,4354,4347.7,4352.9,1448
1781581500,4352.6,4354.1,4350.9,4352.1,873
1781581800,4352.2,4353.1,4349.8,4352.8,619
1781582100,4352.7,4354.8,4350.9,4351.6,708
1781582400,4351.6,4353.1,4350.2,4350.4,465
1781582700,4350.3,4351.7,4349,4349.1,528
1781583000,4349.3,4349.4,4346.3,4348,688
1781583300,4347.7,4348.6,4345.3,4347,491
1781583600,4347,4348,4345.3,4345.6,340
1781583900,4345.5,4345.7,4342.9,4343.7,617
1781584200,4343.7,4345.6,4342.7,4344.4,619
1781584500,4344.3,4346.1,4343.5,4344.9,523
1781584800,4345.2,4346.5,4344,4344.2,461
1781585100,4344.5,4344.9,4342.7,4344.4,475
1781585400,4344.5,4344.7,4342.1,4342.6,513
1781585700,4342.6,4344.6,4342.6,4343.1,242
1781586000,4343.4,4347.3,4342.8,4346.4,665
1781586300,4346.4,4350.3,4345.2,4349.4,668
1781586600,4349.5,4350.3,4347.1,4347.5,418
1781586900,4347.5,4349.1,4347.1,4347.9,255
1781587200,4347.9,4348.3,4345.9,4346.6,315
1781587500,4346.5,4348.4,4345.5,4348.2,250
1781587800,4348.2,4351.8,4340.8,4342.3,1676
1781588100,4342.4,4345.3,4337.4,4337.5,1103
1781588400,4337.7,4339.7,4336.7,4338.7,860
1781588700,4338.7,4340.7,4337.2,4339,683
1781589000,4339.2,4342.2,4339.2,4340.7,634
1781589300,4340.7,4341.9,4335.4,4337.1,1027
1781589600,4337.3,4339.3,4334.2,4338.4,1085
1781589900,4338.4,4339.5,4335.9,4338.2,460
1781590200,4338.3,4340.9,4337.2,4340,439
1781590500,4339.7,4339.8,4336.5,4338.6,446
1781590800,4338.8,4339.7,4335.5,4336.4,483
1781591100,4336,4339.5,4335.8,4337.8,391
1781591400,4338.1,4340.8,4335.4,4339.4,592
1781591700,4339.6,4341.5,4338.1,4338.4,468
1781592000,4338.4,4339.3,4336.6,4337.4,440
1781592300,4337.3,4340.3,4337.2,4339.3,275
1781592600,4339.1,4341.6,4338.2,4340.3,427
1781592900,4340.3,4345.5,4340.2,4345,972
1781593200,4345,4348,4343.6,4347.9,707
1781593500,4347.8,4349.7,4346.7,4347.9,804
1781593800,4347.9,4349.6,4346.3,4347.1,518
1781594100,4347,4349.1,4346.7,4349.1,350
1781594400,4349.1,4349.1,4345.2,4346,399
1781594700,4346.2,4350.9,4345.4,4350.2,828
1781595000,4350.2,4354.6,4349.3,4350,1021
1781595300,4350.1,4351.8,4347.2,4351.7,671
1781595600,4351.7,4352.8,4348.6,4348.7,455
1781595900,4348.7,4351.2,4347.8,4349.2,414
1781596200,4349.5,4354.8,4349.3,4353,718
1781596500,4353.4,4357.1,4353,4356.6,1002
1781596800,4356.4,4357.1,4354.1,4356.1,665
1781597100,4356.5,4360.6,4355.4,4360.6,908
1781597400,4360.7,4361.8,4358.2,4359.4,876
1781597700,4359.2,4363.4,4359.2,4360.5,885
1781598000,4360.5,4362,4359,4359.3,484
1781598300,4359.6,4365.3,4359.6,4362.8,1306
1781598600,4362.9,4365,4361,4363,760
1781598900,4363,4365,4360.6,4362.2,542
1781599200,4362.2,4367,4361.4,4364.9,706
1781599500,4364.9,4365.6,4363.3,4364.1,392
1781599800,4364.2,4366.7,4362.3,4365.5,609
1781600100,4365.7,4369.5,4365.4,4368.3,783
1781600400,4368.5,4369.2,4365.6,4366.4,623
1781600700,4366.3,4369.8,4365.4,4368.7,704
1781601000,4368.3,4369.2,4366.6,4367.4,392
1781601300,4367.7,4367.8,4363.6,4364.1,696
1781601600,4364,4364.2,4361.2,4362.3,852
1781601900,4362.1,4362.5,4359.3,4361,946
1781602200,4361,4366,4360.7,4365.9,1355
1781602500,4365.7,4367.4,4365,4367,467
1781602800,4367.1,4367.3,4362.6,4363.1,536
1781603100,4363.2,4365,4361.2,4365,469
1781603400,4365.2,4369.2,4365,4368.9,595
1781603700,4369.1,4369.1,4365.8,4365.9,366
1781604000,4366.1,4366.2,4363.9,4364.6,366
1781604300,4364.6,4366.7,4364.6,4366.7,240
1781604600,4366.4,4367.5,4365,4367,379
1781604900,4367,4367.5,4365.3,4365.4,257
1781605200,4365.3,4367.3,4364.4,4367.1,423
1781605500,4367.1,4367.8,4365.3,4365.5,254
1781605800,4365.6,4366.3,4363.3,4363.9,381
1781606100,4363.8,4366.7,4363.1,4365.9,358
1781606400,4366.1,4367.9,4365.3,4367.7,277
1781606700,4367.6,4368.9,4367.5,4367.7,353
1781607000,4367.6,4370.2,4367.6,4368.3,632
1781607300,4368.2,4369.9,4367.5,4369.7,332
1781607600,4369.7,4370.7,4365.1,4365.2,755
1781607900,4365.2,4366.2,4360.7,4361.3,1100
1781608200,4361.3,4363.2,4360.2,4362.6,793
1781608500,4362.2,4362.9,4359,4361.6,837
1781608800,4361.5,4361.7,4359.2,4361.7,402
1781609100,4361.8,4364.3,4360.8,4362.9,469
1781609400,4362.9,4363.1,4358.5,4361.4,823
1781609700,4361.4,4361.6,4355.5,4359.5,1414
1781610000,4359.2,4361,4358.3,4359.4,442
1781610300,4359.4,4362.1,4357.6,4357.6,601
1781610600,4357.8,4361.9,4357.4,4360.4,632
1781610900,4360.5,4362.7,4357.8,4361.7,606
1781611200,4361.6,4363.3,4359.6,4359.9,975
1781611500,4359.9,4366.2,4359.1,4364.1,1271
1781611800,4364,4366.7,4363.1,4365.5,731
1781612100,4365.5,4366,4361.5,4362.7,696
1781612400,4362.6,4364.2,4358.2,4363,1495
1781612700,4362.6,4364.8,4359.9,4364.6,543
1781613000,4364.4,4368.1,4362.4,4365.3,1682
1781613300,4365.3,4368.6,4363.8,4368.1,799
1781613600,4368.1,4371.1,4366.6,4370.8,1418
1781613900,4370.7,4372.1,4369.6,4370.4,1364
1781614200,4370.4,4376.3,4370,4372.1,2096
1781614500,4372.3,4376.5,4372.2,4376,882
1781614800,4375.8,4376.3,4368.1,4368.6,2331
1781615100,4368.7,4370,4364.2,4364.5,1897
1781615400,4364.4,4367.1,4363.4,4364.9,1289
1781615700,4365.5,4366,4360.5,4361.6,1334
1781616000,4361.8,4361.9,4354.2,4359.4,2770
1781616300,4359.4,4360.5,4355.1,4356.1,1442
1781616600,4356,4361.9,4354.6,4359.5,2190
1781616900,4359.5,4361.4,4357.7,4359.1,1272
1781617200,4358.8,4360.7,4356.2,4360,1281
1781617500,4360,4361.6,4355.1,4358.5,1575
1781617800,4358.8,4361.5,4355.8,4358.1,1322
1781618100,4357.9,4358,4352.2,4352.8,2404
1781618400,4352.6,4360,4352.1,4359.8,2325
1781618700,4359.9,4360,4354.3,4354.9,1438
1781619000,4355.2,4357.2,4353.5,4356.7,1049
1781619300,4356.6,4356.6,4343.5,4344.1,4272
1781619600,4344,4347.3,4342.4,4346.1,2295
1781619900,4346.3,4346.9,4338.2,4340.4,2976
1781620200,4340.5,4342.2,4333.5,4338.5,3172
1781620500,4338.5,4346.5,4338.5,4345.9,2273
1781620800,4345.6,4349.3,4344.3,4345.2,1738
1781621100,4345.2,4347.7,4343.8,4346.3,1404
1781621400,4345.7,4348.4,4344.2,4345.5,908
1781621700,4345.6,4345.6,4342.1,4344.5,1131
1781622000,4344.5,4347.6,4342.9,4343.9,1112
1781622300,4343.7,4346.7,4343.3,4345.2,728
1781622600,4345,4347.1,4343.7,4345.5,717
1781622900,4345.3,4349.7,4344.6,4346.2,1131
1781623200,4346.2,4348.4,4341.6,4342.3,1322
1781623500,4342.1,4347.4,4341.8,4346.7,855
1781623800,4346.7,4348.3,4344.9,4347,846
1781624100,4347.3,4349.8,4343.6,4346.4,1292
1781624400,4346.4,4347.7,4344.2,4347.4,605
1781624700,4347,4347.4,4342.6,4346.1,977
1781625000,4346,4359.2,4345.4,4358.8,2733
1781625300,4358.6,4364.4,4355.7,4356,3296
1781625600,4355.6,4360.2,4355.3,4358.4,1281
1781625900,4358.5,4365.2,4358.2,4362.5,1602
1781626200,4362.5,4368,4361.7,4366.8,1562
1781626500,4366.9,4367.6,4364.1,4366.8,898
1781626800,4367,4367.1,4361.9,4364,1078
1781627100,4363.7,4366.6,4363,4365.4,680
1781627400,4365.4,4366.2,4361.3,4361.7,1003
1781627700,4361.7,4365.6,4360.9,4365.4,696
1781628000,4365.5,4366.5,4364.3,4365,511
1781628300,4364.9,4366.9,4364.6,4364.8,676
1781628600,4364.9,4367.5,4362.5,4362.6,889
1781628900,4362.7,4363.8,4360.3,4361.8,697
1781629200,4361.5,4361.7,4359.1,4360.7,1021
1781629500,4360.7,4362.3,4359.7,4360.9,625
1781629800,4360.8,4361,4355,4356.4,1793
1781630100,4356.3,4357,4351.3,4352.1,1617
1781630400,4352.3,4352.6,4346.1,4349.6,2116
1781630700,4349.6,4356.6,4349,4356,1944
1781631000,4356.1,4359.3,4355.3,4358.4,1365
1781631300,4358.7,4361.4,4356.7,4358.1,1064
1781631600,4358.2,4360.8,4357.6,4359.9,628
1781631900,4359.9,4359.9,4356.8,4358.5,515
1781632200,4358.8,4361.9,4358.2,4360.9,759
1781632500,4360.7,4362.1,4360.2,4361.5,341
1781632800,4361.7,4364.2,4360.9,4362,607
1781633100,4362,4362.5,4360.4,4361.8,536
1781633400,4361.8,4364,4361.8,4363.2,532
1781633700,4362.8,4363.5,4360.7,4361.4,395
1781634000,4361.3,4362.4,4360.4,4361.1,360
1781634300,4361.2,4363.1,4360.4,4362.9,360
1781634600,4362.8,4364.5,4361.3,4361.6,429
1781634900,4361.8,4362.5,4359.6,4359.9,458
1781635200,4360.2,4360.9,4359.2,4360,406
1781635500,4360.1,4361.4,4357.6,4357.6,434
1781635800,4357.7,4360.2,4357.2,4359.3,439
1781636100,4359.5,4361,4358.7,4359.8,324
1781636400,4359.8,4364.2,4359.1,4363.2,584
1781636700,4363.2,4364.2,4362.1,4362.4,378
1781637000,4362.2,4362.7,4360.3,4360.4,346
1781637300,4360.6,4360.6,4357.7,4360.1,807
1781637600,4360.2,4362.3,4359.7,4361.5,347
1781637900,4361.3,4362.5,4361,4361.2,187
1781638200,4361,4361.5,4359.8,4360.7,465
1781638500,4360.6,4361,4359,4359.2,294
1781638800,4358.9,4360.8,4358.5,4360,390
1781639100,4360.2,4361.3,4358.7,4359.1,327
1781639400,4359.3,4360.7,4355.1,4355.5,900
1781639700,4355.5,4356,4352.4,4355.4,1128
1781640000,4355.3,4355.8,4352.5,4354.1,527
1781640300,4354.1,4355.2,4353.1,4353.8,223
1781640600,4353.6,4354.8,4352.3,4352.7,241
1781640900,4352.5,4355.1,4352.5,4355,184
1781641200,4354.5,4355.5,4353.9,4354.9,197
1781641500,4354.9,4355.5,4354.3,4354.3,124
1781641800,4354.3,4355.1,4352.9,4353.5,291
1781642100,4353.7,4356,4353.7,4355.9,152
1781642400,4355.8,4356.7,4354.5,4355.4,260
1781642700,4355.1,4355.3,4351.9,4353.3,384
1781643000,4353.4,4354.6,4352.3,4352.8,202
1781643300,4352.7,4353.4,4350.9,4353.3,367
1781647200,4353.2,4355.8,4349.7,4351.3,617
1781647500,4351.3,4353.1,4350.8,4352.2,168
1781647800,4352.3,4353.3,4352.1,4352.2,170
1781648100,4352,4353.2,4348.6,4350.8,362
1781648400,4351,4351.8,4348.7,4349.1,246
1781648700,4348.9,4351.1,4348.4,4349.8,310
1781649000,4350.2,4353.1,4350.1,4352.3,291
1781649300,4351.8,4353.1,4350.8,4352.5,179
1781649600,4352.2,4352.9,4351.7,4352.4,166
1781649900,4352.3,4354.2,4352.1,4353.2,295
1781650200,4353.2,4354.3,4351.7,4353.8,266
1781650500,4353.7,4355.8,4353.1,4355,328
1781650800,4355.2,4355.2,4353.8,4354.3,156
1781651100,4354.2,4356.5,4353.6,4355.4,303
1781651400,4355.6,4358.4,4355,4356.2,447
1781651700,4356.2,4357.3,4355.1,4355.6,168
1781652000,4355.8,4356,4355.2,4355.7,101
1781652300,4355.6,4356.7,4355.5,4355.8,137
1781652600,4356.1,4356.2,4353.7,4355.5,278
1781652900,4355,4355.6,4352.8,4353.1,234
1781653200,4353.2,4354.9,4352.6,4354.3,188
1781653500,4354.2,4354.9,4351.7,4353,386
1781653800,4353.3,4353.3,4350,4352.3,422
1781654100,4352.1,4352.1,4349,4350.6,420
1781654400,4350.9,4355.4,4346.8,4354.1,1224
1781654700,4354.5,4359.2,4353.3,4358,1099
1781655000,4357.9,4360.1,4356.9,4357.4,797
1781655300,4357.6,4361.5,4357.3,4359.5,741
1781655600,4359.4,4360,4357.3,4357.9,495
1781655900,4357.7,4359,4356.2,4357.2,482
1781656200,4357.2,4358.7,4355.8,4358.1,342
1781656500,4358,4359,4354.5,4354.5,697
1781656800,4354.7,4356.5,4354.2,4354.9,486
1781657100,4355,4355.1,4351.6,4353.4,841
1781657400,4353.5,4357.6,4352.7,4355.1,794
1781657700,4355,4357.2,4354.6,4356.7,528
1781658000,4356.4,4364.1,4354,4361.9,2385
1781658300,4361.6,4369.8,4360.5,4367.5,2006
1781658600,4367.6,4369.8,4366.2,4367.7,806
1781658900,4367.5,4367.7,4361.6,4362.5,1172
1781659200,4362.4,4362.9,4359.1,4360.8,1093
1781659500,4360.7,4363.9,4359.6,4363.4,675
1781659800,4363.2,4364.2,4358.1,4359,1160
1781660100,4358.9,4361.7,4358.6,4360.4,601
1781660400,4360.5,4362.3,4357.5,4359.8,773
1781660700,4359.4,4360.6,4356.7,4357.4,774
1781661000,4357.4,4361,4357.4,4359.9,491
1781661300,4360,4363.8,4360,4361,884
1781661600,4360.9,4362.8,4360,4360.8,614
1781661900,4360.9,4362.7,4359.5,4361.3,448
1781662200,4361.7,4364.4,4360.7,4362.3,595
1781662500,4362.5,4364.7,4361.2,4362.4,441
1781662800,4362.3,4364.1,4359.5,4360.9,559
1781663100,4360.8,4361.5,4359.5,4360.7,247
1781663400,4360.6,4363.8,4359.9,4360.2,611
1781663700,4360.4,4361.3,4357.5,4359.1,571
1781664000,4359.3,4361.1,4358.2,4358.7,460
1781664300,4358.6,4358.8,4351.5,4354.5,1775
1781664600,4354.4,4356,4349.6,4350,973
1781664900,4350,4353.4,4349.9,4351,773
1781665200,4351.1,4354,4350.5,4351.4,549
1781665500,4351.2,4353.7,4350.3,4352.3,480
1781665800,4352.4,4352.6,4349,4350.1,625
1781666100,4349.7,4351.8,4348.1,4351.1,647
1781666400,4351,4351.8,4349,4349.6,366
1781666700,4349.6,4352.4,4348.6,4351.7,592
1781667000,4351.3,4352.7,4350.9,4352.3,394
1781667300,4352.4,4353,4349.7,4350.3,369
1781667600,4350.3,4353.3,4350.1,4352.8,286
1781667900,4352.7,4353.8,4352,4352.3,245
1781668200,4352.5,4353.8,4351.1,4352.6,288
1781668500,4352.5,4352.6,4350.1,4351.9,267
1781668800,4352,4352.1,4347.7,4349.5,540
1781669100,4349.5,4350.9,4348.8,4350.4,266
1781669400,4350.6,4351.9,4349.7,4350.3,227
1781669700,4350.2,4353.6,4349,4351.6,697
1781670000,4351.5,4351.8,4347,4349,633
1781670300,4349,4349,4343.5,4343.9,1134
1781670600,4344,4345.5,4337,4337.5,1165
1781670900,4337.5,4344.9,4337.5,4343.1,1072
1781671200,4343.3,4343.9,4341.1,4342.6,450
1781671500,4342.7,4343.5,4341.9,4342.9,264
1781671800,4342.8,4345.2,4341.8,4345,349
1781672100,4344.9,4346.4,4343.4,4346.1,327
1781672400,4346.4,4347.5,4344.7,4345.4,565
1781672700,4345.1,4346.6,4343.5,4343.8,399
1781673000,4343.9,4344.1,4340.6,4342.1,560
1781673300,4342.2,4347.1,4340.6,4345.5,803
1781673600,4345.6,4346.2,4344.3,4344.4,229
1781673900,4344.3,4347.1,4343.7,4346.6,372
1781674200,4346.8,4352.8,4346.7,4349.7,1740
1781674500,4349.5,4349.6,4347,4348.1,494
1781674800,4348,4349.6,4346.3,4349.4,449
1781675100,4349.4,4353.9,4348.7,4351.2,803
1781675400,4351.3,4352.6,4349.5,4349.5,409
1781675700,4349.5,4350.1,4343.9,4346.2,647
1781676000,4346.5,4347.8,4343.9,4347.6,843
1781676300,4347.5,4349.6,4346.9,4347.1,440
1781676600,4347.2,4349.4,4346.2,4348.6,371
1781676900,4348.3,4349.1,4342.9,4343.5,777
1781677200,4343.6,4345.4,4340,4343.6,645
1781677500,4343.6,4346.9,4341.5,4343.9,748
1781677800,4343.7,4345.9,4342.1,4345.7,423
1781678100,4345.7,4346.3,4343.4,4345.3,289
1781678400,4345.5,4348.8,4345.1,4347.2,558
1781678700,4347.2,4349.3,4346,4348.6,299
1781679000,4348.6,4350,4347.4,4349.2,281
1781679300,4349.2,4351.4,4348.2,4351.3,329
1781679600,4351.1,4352.4,4349.8,4350.1,716
1781679900,4350.1,4352.2,4348.5,4350.2,633
1781680200,4350.3,4351.7,4346.6,4347,547
1781680500,4347,4352.4,4346,4346.9,785
1781680800,4346.9,4349.7,4346.7,4348.3,408
1781681100,4348.3,4348.6,4346.6,4348.6,437
1781681400,4348.5,4349.5,4345,4345,483
1781681700,4345,4350.9,4344.9,4350.4,604
1781682000,4350.3,4351.3,4348.1,4348.3,474
1781682300,4348.5,4349,4345.9,4346,401
1781682600,4346,4348.2,4344.5,4345,387
1781682900,4344.5,4347.8,4344,4344.8,445
1781683200,4344.4,4346.4,4343,4345.7,527
1781683500,4345.7,4347.5,4344.6,4346.7,335
1781683800,4346.4,4346.7,4341.3,4342.1,738
1781684100,4342.1,4343.1,4338.8,4342.3,1023
1781684400,4341.8,4343.4,4340.1,4343.2,376
1781684700,4343.5,4344.3,4341.7,4342.8,379
1781685000,4342.8,4343.9,4339.2,4343.2,545
1781685300,4343,4343.4,4339.4,4339.4,305
1781685600,4339.4,4341.2,4337.7,4339.2,596
1781685900,4339.1,4339.6,4335.6,4338.4,829
1781686200,4338.9,4344.4,4337.6,4344,762
1781686500,4343.9,4345,4342.5,4344.1,475
1781686800,4344.2,4344.4,4340.6,4342.9,570
1781687100,4343,4343.9,4341.3,4341.5,225
1781687400,4341.2,4345.4,4341.1,4344.7,383
1781687700,4344.7,4347.3,4344.7,4346.1,466
1781688000,4346,4347.7,4345.1,4346.6,385
1781688300,4346.7,4353,4346.7,4351.4,1235
1781688600,4351.5,4355.3,4347.9,4349,1291
1781688900,4348.9,4350.8,4348.3,4348.5,308
1781689200,4348.7,4350.5,4347.7,4348.2,319
1781689500,4348.2,4348.9,4346.5,4346.8,359
1781689800,4346.9,4347.7,4345.2,4346.5,352
1781690100,4346.6,4349.2,4346.1,4349.1,269
1781690400,4349.1,4349.5,4347.5,4348.1,401
1781690700,4348.1,4349.6,4347.2,4348.9,252
1781691000,4348.9,4350.5,4346.9,4350.2,293
1781691300,4350.5,4350.5,4347.3,4347.6,257
1781691600,4347.6,4348.3,4346.6,4348.2,206
1781691900,4348.2,4348.9,4346.1,4348.4,319
1781692200,4348.6,4350.2,4346.9,4347.1,301
1781692500,4347.1,4350.1,4346.9,4349.3,188
1781692800,4349.3,4350.9,4347.9,4350.7,206
1781693100,4350.4,4354,4350.4,4352.2,763
1781693400,4352.4,4355.1,4350.6,4350.7,559
1781693700,4350.9,4352.7,4350,4351,429
1781694000,4351.1,4351.6,4347.8,4347.8,584
1781694300,4348,4350.6,4347.5,4348,393
1781694600,4348.2,4349.4,4347.2,4348.7,388
1781694900,4348.7,4351.5,4347.8,4349.8,326
1781695200,4349.8,4350.1,4348.5,4348.5,246
1781695500,4348.7,4349.5,4347.5,4348.1,333
1781695800,4348.4,4348.5,4345,4345,903
1781696100,4345.2,4346.4,4344.2,4346.2,407
1781696400,4346.2,4346.8,4343.7,4345,454
1781696700,4345,4346.5,4342.8,4344.6,484
1781697000,4344.5,4345.7,4343.1,4345.5,372
1781697300,4345.6,4345.6,4340,4342.5,921
1781697600,4342.5,4344.2,4340.7,4341.1,660
1781697900,4341.1,4344.1,4339.4,4342.1,1062
1781698200,4342.3,4344.4,4339,4342.7,1135
1781698500,4342.7,4343.6,4341,4342.9,543
1781698800,4343.2,4347,4342.2,4346.1,1054
1781699100,4346.4,4346.6,4343.4,4344.4,601
1781699400,4344.5,4350.1,4342.8,4348.5,1155
1781699700,4348.5,4351.7,4347.6,4350.1,869
1781700000,4349.9,4351.6,4349.1,4351.2,597
1781700300,4351.4,4354.5,4350.7,4353.1,1108
1781700600,4353.1,4355.1,4351.9,4352,750
1781700900,4352.2,4355,4351.8,4353.4,620
1781701200,4353.3,4354.1,4348.3,4349.4,1486
1781701500,4349.6,4350.5,4343.9,4347.1,1302
1781701800,4347,4354.1,4346.7,4351.6,1413
1781702100,4351.6,4353.7,4350.6,4351.7,641
1781702400,4351.7,4359,4351.1,4356.4,1441
1781702700,4356.1,4357,4353.7,4355.5,1132
1781703000,4355.5,4358,4352.5,4354.8,1906
1781703300,4355,4360.9,4353.9,4357.5,2136
1781703600,4357.8,4362,4356.6,4361.8,1625
1781703900,4361.7,4364.6,4360.2,4361.9,2352
1781704200,4361.9,4365.4,4359.4,4360.4,2054
1781704500,4360.3,4362.8,4359.2,4360.1,1569
1781704800,4359.7,4361.5,4355.8,4360.9,2786
1781705100,4360.9,4366.6,4359.9,4362.8,2104
1781705400,4362.8,4364.6,4359.9,4362.3,1580
1781705700,4362.3,4363.4,4360.9,4361.5,1002
1781706000,4361.7,4382.4,4360.9,4378.3,5096
1781706300,4378.1,4381.8,4375,4380.2,3724
1781706600,4380.1,4384.5,4378.1,4380.6,3287
1781706900,4380.6,4381.3,4370.4,4372.1,3022
1781707200,4372.2,4373.6,4366.4,4372,2696
1781707500,4372,4375.5,4350.1,4366,6751
1781707800,4365.7,4372.2,4363.6,4366.7,2818
1781708100,4366.8,4368.4,4362.8,4364.1,1865
1781708400,4363.9,4368.3,4363.4,4366.6,1185
1781708700,4366.8,4368.1,4363.5,4365,786
1781709000,4364.5,4368.4,4363.3,4367.8,787
1781709300,4367.6,4374.4,4366.7,4373.7,2177
1781709600,4374,4379.6,4373.1,4378.7,1520
1781709900,4379,4380,4374.3,4375.2,1430
1781710200,4375.1,4381.3,4374.5,4378.9,1320
1781710500,4378.8,4379.9,4376.2,4379.4,759
1781710800,4379.6,4379.6,4375.8,4378.3,637
1781711100,4378.2,4380.1,4377.9,4378.8,716
1781711400,4378.8,4380.9,4377,4378.7,674
1781711700,4378.8,4385.9,4378.8,4383.4,1636
1781712000,4383.5,4386,4382.5,4383.1,1280
1781712300,4382.9,4384.6,4381.8,4382.7,673
1781712600,4382.6,4383.1,4380.6,4382.4,685
1781712900,4382.5,4385.8,4380.8,4385.5,892
1781713200,4385.4,4387.5,4383.4,4385.3,777
1781713500,4385.4,4385.9,4383.8,4385.3,447
1781713800,4385.3,4385.5,4381.7,4381.7,665
1781714100,4381.9,4382.1,4379.4,4379.9,853
1781714400,4379.8,4380.2,4375.3,4377.9,1231
1781714700,4378,4378.9,4376.2,4376.9,554
1781715000,4377,4379.1,4376.4,4377.4,670
1781715300,4377.5,4380.2,4376.9,4380.1,573
1781715600,4379.9,4380,4375.7,4376.6,1118
1781715900,4376.4,4380.1,4375.3,4379.6,1527
1781716200,4379.9,4381.5,4377.8,4379.5,661
1781716500,4379.3,4384.1,4378,4382.4,855
1781716800,4382.3,4383.8,4381.2,4382.4,843
1781717100,4382.4,4384.5,4380.6,4381.8,1312
1781717400,4381.6,4402.9,4381.2,4398,5113
1781717700,4397.8,4398.9,4390.3,4394.9,2160
1781718000,4395.2,4402.5,4394.9,4397.1,2237
1781718300,4397,4399.2,4394.5,4396.7,992
1781718600,4396.7,4403.1,4395.6,4398.9,1181
1781718900,4398.6,4402.5,4397.3,4400.7,893
1781719200,4400.7,4401.9,4336,4336.4,12911
1781719500,4336.3,4339,4305.4,4314.9,15368
1781719800,4314.4,4318.2,4296.1,4303.9,9727
1781720100,4303.9,4328,4302.2,4326.1,8018
1781720400,4326.3,4327.7,4310.6,4312,4200
1781720700,4312.1,4313.9,4304.3,4312.1,4676
1781721000,4311.9,4333.9,4288.7,4290.2,13332
1781721300,4290.4,4331.5,4289.9,4322.2,10315
1781721600,4322.5,4347.6,4315.8,4343.6,9047
1781721900,4343.8,4352.4,4334,4338.2,6640
1781722200,4338.2,4344.1,4329.5,4330.4,4230
1781722500,4330.2,4331.2,4297,4305.2,9047
1781722800,4304.8,4314.7,4290.2,4290.7,6962
1781723100,4290.5,4298.5,4281.4,4287.1,7916
1781723400,4287.3,4293.6,4277.7,4283,7087
1781723700,4282.9,4283.8,4258.2,4262.9,8445
1781724000,4262.9,4265.3,4253.1,4255,5776
1781724300,4255.3,4264,4244.7,4245.9,5650
1781724600,4245.7,4254.9,4239.2,4245.4,7878
1781724900,4245.9,4250.5,4237.6,4240.2,4003
1781725200,4240.1,4254.6,4237.7,4249.4,5497
1781725500,4249.4,4262.4,4247.7,4257.5,5622
1781725800,4257.2,4265.7,4252.9,4256.7,3822
1781726100,4256.9,4262.4,4253.5,4254.4,2362
1781726400,4254.3,4264.8,4253.3,4259.1,2000
1781726700,4259.5,4273.3,4259.3,4272.8,2247
1781727000,4272.9,4279.1,4271,4276.1,2106
1781727300,4276.2,4286.3,4272.6,4286.3,1996
1781727600,4286.1,4288.7,4276.8,4279.2,1779
1781727900,4278.9,4282.4,4277.1,4277.4,764
1781728200,4277.4,4282.2,4277.3,4279.2,794
1781728500,4279.2,4284.6,4277.9,4283.4,826
1781728800,4283.4,4283.9,4278.6,4279.5,579
1781729100,4279.4,4281.7,4277.5,4277.5,409
1781729400,4277.7,4279.5,4275.1,4277.4,517
1781729700,4277.4,4277.9,4274.7,4276.5,468
1781733600,4275,4278.9,4273.4,4277.6,816
1781733900,4277.5,4287.4,4277.5,4286,1221
1781734200,4285.9,4287.2,4280.5,4284.6,962
1781734500,4284.9,4288.6,4283.7,4287.1,963
1781734800,4286.8,4290.6,4286.5,4287.8,854
1781735100,4287.7,4289.2,4283.8,4285.8,1538
1781735400,4285.7,4287.8,4284.1,4284.6,898
1781735700,4284.7,4286.4,4282.4,4286,871
1781736000,4285.9,4286.4,4282.7,4282.9,318
1781736300,4283.1,4284.3,4278.6,4283.2,867
1781736600,4282.9,4287.5,4282.5,4286.9,866
1781736900,4286.8,4290,4285.3,4285.6,607
1781737200,4285.6,4286.1,4283.1,4284,501
1781737500,4284,4293.7,4283.5,4293,913
1781737800,4293,4301.6,4292.3,4301,1572
1781738100,4300.9,4302.2,4294.3,4295.9,1395
1781738400,4295.7,4302.8,4295.7,4297.5,1254
1781738700,4297.5,4303.3,4296.8,4298.8,1005
1781739000,4299.3,4301.7,4296.8,4299.8,991
1781739300,4299.8,4299.9,4293.4,4293.6,608
1781739600,4293.5,4295.5,4287.2,4295.5,1691
1781739900,4295.3,4298.9,4292.2,4293,1496
1781740200,4292.9,4296.3,4291.5,4294.5,825
1781740500,4294.9,4297.5,4292.5,4297.2,579
1781740800,4297.3,4311.7,4295.8,4311.5,2927
1781741100,4311.4,4318,4310.5,4312.2,2221
1781741400,4312.8,4318.7,4311.3,4316.8,1671
1781741700,4317,4320.1,4315.1,4315.9,1627
1781742000,4316,4320.8,4315,4315.9,1558
1781742300,4315.9,4321.6,4313.9,4319.8,1575
1781742600,4320.1,4328.8,4319.1,4326,2469
1781742900,4326.3,4329.3,4322.3,4324.9,1354
1781743200,4324.9,4331,4323.7,4330.2,1133
1781743500,4330.3,4333.7,4327.5,4333.1,1329
1781743800,4332.9,4334.9,4330.8,4333.9,1512
1781744100,4333.7,4334.1,4327.8,4328.2,1920
1781744400,4328,4348,4326.1,4341.6,5681
1781744700,4341.5,4345,4338.5,4341.4,1900
1781745000,4341.7,4348.6,4340.6,4343.1,1620
1781745300,4342.8,4343.7,4335.4,4337.3,1979
1781745600,4337.3,4343.4,4334.4,4339.7,1492
1781745900,4339.6,4341.7,4337.7,4339.1,657
1781746200,4339.3,4341.7,4336.9,4337.8,1251
1781746500,4337.9,4342,4337,4340.1,1215
1781746800,4340.1,4345.2,4337.8,4342.4,1114
1781747100,4342.3,4346,4339.3,4341.7,1051
1781747400,4341,4341.5,4337,4338.7,962
1781747700,4338.6,4340,4337.5,4337.6,673
1781748000,4337.9,4342.4,4335.9,4342.2,851
1781748300,4342,4346.7,4339.1,4345.5,1097
1781748600,4345.7,4350.3,4344.7,4347.6,1372
1781748900,4347.3,4349.9,4346,4346.6,1109
1781749200,4346.8,4347.2,4344.5,4345.6,662
1781749500,4345.6,4346,4343.4,4344.5,529
1781749800,4344.4,4345.4,4340.9,4343.2,995
1781750100,4343,4343.4,4337.2,4341.5,1098
1781750400,4341.7,4343.4,4336,4336.4,1102
1781750700,4336.5,4338.9,4331.8,4332.9,1531
1781751000,4333.1,4337.3,4331.7,4333.8,1251
1781751300,4334,4335,4330.5,4331,1057
1781751600,4331,4332.4,4328.5,4332.1,1114
1781751900,4332,4336.2,4331.5,4332.7,1032
1781752200,4332.7,4333.5,4329.8,4331.6,578
1781752500,4331.6,4335.2,4330.3,4334.6,661
1781752800,4334.7,4336.8,4333.1,4336,599
1781753100,4335.9,4336.5,4332.6,4334.6,632
1781753400,4334.7,4340.8,4333.2,4339.6,1563
1781753700,4339.9,4342.9,4338.1,4341,849
1781754000,4340.9,4342.1,4337.7,4339.1,559
1781754300,4339.2,4341,4338.1,4338.2,429
1781754600,4338.5,4339.5,4336.6,4338.4,547
1781754900,4338.5,4340.6,4337.6,4339.9,370
1781755200,4340,4344.4,4339.5,4340.9,727
1781755500,4340.6,4341,4336.2,4337.1,589
1781755800,4337.3,4338.5,4334.7,4337.2,561
1781756100,4337.6,4339.4,4335.2,4335.3,436
1781756400,4335.3,4335.4,4331.6,4333.3,643
1781756700,4333.4,4335.1,4332.1,4333.8,336
1781757000,4333.7,4337.7,4332.9,4336.5,499
1781757300,4336.5,4338.7,4332.3,4332.9,734
1781757600,4332.9,4334,4330,4330.4,545
1781757900,4330.2,4335.7,4329.9,4335,740
1781758200,4335.2,4336.6,4334,4335.6,413
1781758500,4335.9,4337.4,4335.2,4336,329
1781758800,4336,4337.4,4332.5,4335.2,536
1781759100,4335.2,4338.6,4334.7,4338,383
1781759400,4337.5,4338.8,4335.1,4336,470
1781759700,4336.3,4342.8,4335.7,4341.5,795
1781760000,4341.6,4342.1,4339.2,4339.4,512
1781760300,4339.7,4343.3,4338.8,4343.3,512
1781760600,4343.2,4345,4339.4,4342.8,1214
1781760900,4342.6,4344.2,4336.6,4336.6,652
1781761200,4336.8,4338.4,4329.4,4330.5,1360
1781761500,4330.6,4332.1,4321.9,4323.1,2510
1781761800,4323.1,4330.3,4321.3,4328,1472
1781762100,4328.3,4330.1,4326.9,4328.2,736
1781762400,4328.8,4330.2,4326.5,4327.4,887
1781762700,4327.3,4327.4,4316.5,4321.1,2171
1781763000,4321,4321.8,4316.4,4319.1,1292
1781763300,4319,4322.5,4315.8,4318.8,1111
1781763600,4319.2,4325.6,4318.7,4323.5,818
1781763900,4323.5,4325.3,4320.3,4325.3,764
1781764200,4325.1,4325.6,4323,4323.7,495
1781764500,4323.5,4323.7,4319.5,4321,560
1781764800,4321,4322.7,4319.1,4321.4,506
1781765100,4321.5,4327.7,4321.5,4324.5,971
1781765400,4324.4,4326.3,4323.2,4325.7,490
1781765700,4325.9,4327.3,4324,4326.8,728
1781766000,4326.4,4327.8,4323,4323.9,800
1781766300,4324.1,4325.6,4320.3,4324.7,687
1781766600,4325.1,4329.5,4324.2,4327.1,743
1781766900,4326.9,4329.5,4325.6,4327.5,493
1781767200,4327.4,4329.3,4324.6,4324.6,576
1781767500,4324.9,4327.9,4324,4327.6,455
1781767800,4327.3,4327.5,4314.9,4318.1,1405
1781768100,4318.3,4319.3,4313.3,4314,1064
1781768400,4314.2,4318,4312.9,4317,729
1781768700,4317.6,4318.5,4314.6,4315.1,582
1781769000,4315.1,4316.3,4310.9,4311.5,886
1781769300,4311.8,4313.4,4307,4308.5,1063
1781769600,4308.6,4311.9,4305.4,4309.9,1541
1781769900,4309.7,4312.7,4308.3,4311,738
1781770200,4311,4311.7,4303.5,4306.5,913
1781770500,4306.6,4309.4,4305.2,4307.6,667
1781770800,4307.5,4308.5,4305.2,4306.4,510
1781771100,4306.5,4307.9,4302.9,4304.2,701
1781771400,4304.1,4309.1,4302.6,4305,1125
1781771700,4304.6,4307.5,4300.2,4304.8,891
1781772000,4304.6,4305.4,4300.2,4301.1,842
1781772300,4301,4301,4295.7,4298.7,1522
1781772600,4298.4,4298.5,4292.8,4296.4,1133
1781772900,4296.4,4296.5,4284.6,4286.2,2228
1781773200,4286.2,4288.4,4280.1,4287.8,2309
1781773500,4287.8,4288.2,4284.4,4285,1020
1781773800,4285,4287,4278.5,4286.6,1557
1781774100,4286.7,4291.8,4285.2,4291.6,1267
1781774400,4291.6,4292.5,4286.1,4286.5,936
1781774700,4286.6,4289.1,4284.5,4285.4,1066
1781775000,4285.3,4287.5,4283.7,4284.7,1707
1781775300,4284.7,4288.2,4282.5,4286.4,718
1781775600,4286.6,4287.8,4285.1,4287.8,451
1781775900,4287.8,4289.3,4286.5,4288.5,513
1781776200,4288.5,4292.7,4287.8,4289.4,877
1781776500,4289.3,4290.7,4286.6,4287.6,610
1781776800,4287.5,4289,4284.2,4287.2,794
1781777100,4287.2,4288.5,4281.4,4283.5,807
1781777400,4283.4,4287.6,4280.6,4287.2,881
1781777700,4287,4289.3,4286,4288.7,558
1781778000,4288.2,4291.8,4282.6,4284.7,1178
1781778300,4284.7,4288.4,4282.2,4288.2,698
1781778600,4288.2,4289.7,4283.8,4284.7,594
1781778900,4284.9,4286,4283,4285.9,376
1781779200,4285.8,4286.4,4282.1,4282.8,424
1781779500,4282.9,4285.4,4280.9,4281.1,656
1781779800,4281.2,4281.8,4277.6,4279.9,1284
1781780100,4280.1,4280.1,4273,4274.3,1339
1781780400,4274.4,4274.5,4268.3,4270.4,1760
1781780700,4270.2,4271.6,4265.3,4266.9,1314
1781781000,4266.7,4267.2,4258.6,4266.1,2525
1781781300,4265.9,4268.4,4262.4,4263.9,1304
1781781600,4263.8,4267.6,4262.2,4266.4,857
1781781900,4266.7,4269.3,4264.4,4268.2,1107
1781782200,4267.8,4268.2,4266,4267,572
1781782500,4267.3,4269.8,4260.9,4261.7,1627
1781782800,4261.9,4264.8,4260.8,4262.4,953
1781783100,4262.3,4264.8,4260,4260.5,863
1781783400,4260.3,4264.6,4258.1,4261,1604
1781783700,4261,4261.7,4258.6,4260.7,639
1781784000,4260.5,4264.4,4260,4261.8,1297
1781784300,4261.8,4263.7,4259.2,4263.1,754
1781784600,4263.2,4277.2,4262,4275.3,3613
1781784900,4275.7,4279.7,4274.1,4279.4,2020
1781785200,4279.5,4288.5,4279.1,4282.5,3488
1781785500,4282.2,4284.6,4273,4273.9,2586
1781785800,4273.9,4277.6,4268.1,4268.8,2423
1781786100,4268.9,4271.1,4260.3,4261.3,2591
1781786400,4261.2,4270.4,4259.6,4261.7,2459
1781786700,4261.9,4266.5,4261.2,4263.2,1527
1781787000,4263.1,4264.3,4259.4,4262.6,1709
1781787300,4262.9,4266.9,4259.7,4265.3,1673
1781787600,4265.1,4268.2,4263.4,4265.4,1555
1781787900,4265.1,4272.5,4264.2,4270.5,1807
1781788200,4270.7,4278.2,4270.2,4278.1,1850
1781788500,4278.1,4280.9,4276.7,4277.4,1810
1781788800,4277.5,4277.8,4271.6,4276.5,1913
1781789100,4276.8,4282.4,4276.6,4282.1,1829
1781789400,4282.2,4296,4281.9,4291.8,6292
1781789700,4291.5,4293.4,4288,4291.7,2855
1781790000,4291.3,4291.7,4282.5,4283.5,2282
1781790300,4283.7,4284.7,4271.9,4279.4,3069
1781790600,4279.4,4282.8,4275.7,4280.1,2220
1781790900,4280.4,4280.8,4269.7,4275.5,2765
1781791200,4275.4,4277,4256.8,4266.5,6906
1781791500,4266.7,4266.9,4258.7,4262.2,3270
1781791800,4262.2,4263.7,4258.4,4260.1,2030
1781792100,4259.8,4269.4,4254.9,4268.5,4940
1781792400,4268.3,4275,4265.2,4271.7,2761
1781792700,4272.1,4274.6,4263.6,4263.7,2240
1781793000,4263.5,4269.1,4260.7,4269,2204
1781793300,4269,4271.7,4267,4270.5,1924
1781793600,4270.6,4270.6,4260.2,4263.5,2208
1781793900,4263.4,4265.4,4258.9,4262.5,1805
1781794200,4262.3,4266.5,4259.3,4266,1304
1781794500,4266.2,4274.4,4265.1,4271.6,1845
1781794800,4271.6,4273.8,4267.5,4270.4,1648
1781795100,4270.1,4274.1,4268.3,4272.7,1070
1781795400,4272.7,4273.8,4265.4,4265.9,1352
1781795700,4266.2,4268.5,4258.1,4261.4,2393
1781796000,4261.4,4263.7,4258.4,4259.3,1343
1781796300,4259.4,4261.1,4253,4254.6,2403
1781796600,4254.5,4255.7,4245.4,4252.1,4261
1781796900,4252.1,4253.3,4242.5,4245.9,2488
1781797200,4245.8,4254.4,4245.8,4250.5,1943
1781797500,4250.2,4250.5,4245.7,4245.9,1552
1781797800,4246,4247.3,4241.6,4243.4,1623
1781798100,4243.4,4249.1,4243.3,4245.2,1707
1781798400,4245.6,4251,4244.8,4245.9,1761
1781798700,4245.7,4252.3,4244.7,4251.3,1644
1781799000,4251.2,4252.5,4246.6,4246.6,1187
1781799300,4246.9,4247.9,4241.3,4242.5,1688
1781799600,4242.3,4246.1,4241,4241.7,1415
1781799900,4241.5,4245.4,4241.5,4244.2,922
1781800200,4244.6,4248.8,4240.8,4241.1,1337
1781800500,4241.1,4242.7,4234,4242.1,3784
1781800800,4242.5,4245.3,4239.9,4240.8,1524
1781801100,4241.3,4241.7,4236.6,4237.3,1301
1781801400,4237.1,4237.8,4232.6,4236.5,1514
1781801700,4236.5,4238.8,4233,4238.6,1202
1781802000,4238.7,4243.3,4237.5,4243.1,1369
1781802300,4243.1,4246.1,4242.4,4243.9,1138
1781802600,4243.9,4247.8,4241.1,4247.3,1552
1781802900,4246.9,4250.7,4246.3,4249.4,1343
1781803200,4249.4,4251.4,4246.2,4247.8,1356
1781803500,4248.1,4248.1,4244.6,4245.1,1465
1781803800,4245.3,4246.8,4241.8,4241.8,1140
1781804100,4242,4244.4,4241.3,4243.4,1029
1781804400,4243.6,4249.4,4242.9,4249.1,1148
1781804700,4248.8,4249.1,4246.1,4248,508
1781805000,4248.2,4252.3,4247.9,4251.5,904
1781805300,4251.3,4251.8,4248.8,4249.2,698
1781805600,4249.3,4249.7,4246.2,4247.6,706
1781805900,4247.6,4251,4247.6,4250.8,542
1781806200,4250.8,4252.3,4247.4,4247.5,662
1781806500,4247.4,4248.9,4245.3,4247,655
1781806800,4247,4247.9,4245.4,4246.7,411
1781807100,4247.2,4248.3,4244.4,4245.2,481
1781807400,4245.4,4245.4,4240.8,4241.6,852
1781807700,4241.7,4242.4,4239.2,4240.2,628
1781808000,4240.1,4244.2,4239.4,4243.9,605
1781808300,4243.7,4244.4,4238.4,4240.6,774
1781808600,4240.7,4241.5,4238,4239.9,569
1781808900,4239.7,4240.9,4237.1,4237.6,671
1781809200,4237.8,4238.4,4231,4231.9,1691
1781809500,4231.8,4232.4,4226.6,4227.7,1674
1781809800,4227.6,4228.8,4223.1,4226.7,1596
1781810100,4226.5,4227.9,4221,4224.4,1975
1781810400,4224,4227.1,4223.8,4224.7,985
1781810700,4224.5,4227.3,4223.6,4224.2,702
1781811000,4224.3,4226.3,4220.1,4222.4,1320
1781811300,4222.6,4229.3,4222.2,4229.3,954
1781811600,4229.3,4234,4229,4233.4,1275
1781811900,4233.3,4235.9,4232.4,4235.5,893
1781812200,4235,4236.9,4234.2,4236.2,908
1781812500,4236.2,4237.6,4233.1,4235.8,1330
1781812800,4236.1,4237.3,4234,4235.7,664
1781813100,4235.8,4236.8,4234.5,4235.3,220
1781813400,4235.7,4236.7,4235.1,4235.9,199
1781813700,4236.1,4236.4,4233.9,4235.4,199
1781814000,4235.8,4236.1,4234.6,4234.9,195
1781814300,4235.1,4238.8,4234.5,4237.9,333
1781814600,4238,4238,4234.3,4235.2,311
1781814900,4235.2,4237.5,4233,4234,373
1781815200,4233.7,4234,4231.7,4231.8,365
1781815500,4231.9,4232.4,4227.9,4229,537
1781815800,4229,4230.3,4228.1,4228.7,352
1781816100,4228.6,4229.4,4226.6,4228,490
1781820000,4228,4232.1,4221.6,4223.6,978
1781820300,4223.9,4226.8,4223.2,4225.4,352
1781820600,4225,4227.5,4225,4226.7,190
1781820900,4226.9,4228.9,4223.5,4224.6,409
1781821200,4224.2,4224.2,4220.9,4221.4,433
1781821500,4221.5,4224.3,4221.5,4222.5,303
1781821800,4222.5,4224.4,4222.1,4223.6,321
1781822100,4223.8,4224.5,4221.5,4222,428
1781822400,4222,4224,4222,4223.7,234
1781822700,4223.8,4228,4222.9,4227.3,431
1781823000,4227.1,4229.3,4226,4227.4,489
1781823300,4227.4,4227.5,4225.4,4226.2,354
1781823600,4226.1,4226.9,4217.4,4218.9,1343
1781823900,4219,4221,4217.4,4218.5,688
1781824200,4218.7,4219.7,4211.8,4214.4,1045
1781824500,4214.4,4218,4212,4213.9,1094
1781824800,4214,4216.3,4213.4,4213.7,531
1781825100,4213.9,4216.2,4212,4216,385
1781825400,4215.8,4218.7,4213.7,4213.9,597
1781825700,4214.1,4217,4212.8,4216.4,416
1781826000,4216.4,4216.6,4211.7,4212.6,424
1781826300,4212.6,4213,4206.2,4208,1537
1781826600,4208.1,4210.7,4206.8,4208.4,506
1781826900,4208.6,4209.7,4205.1,4207,787
1781827200,4206.9,4216.8,4206.9,4209.6,1658
1781827500,4209.8,4212.6,4202.7,4204.7,1406
1781827800,4204.8,4208.5,4202.4,4204,976
1781828100,4204,4206.2,4201.9,4203.8,899
1781828400,4203.9,4206.8,4202.4,4206.8,534
1781828700,4206.6,4207.5,4202.9,4203.2,479
1781829000,4203.7,4209,4202.7,4208.5,718
1781829300,4208.4,4210.2,4205,4205.5,985
1781829600,4205.6,4209,4205,4207.3,321
1781829900,4207,4210.1,4206.3,4209.3,421
1781830200,4209.2,4211.1,4207.4,4209,600
1781830500,4208.8,4209.7,4205.9,4208.9,466
1781830800,4208.8,4213.4,4207.8,4209.1,1179
1781831100,4209,4209.4,4202.2,4203,1288
1781831400,4203.1,4205.9,4202.9,4204.9,478
1781831700,4204.9,4207,4202.3,4203.4,564
1781832000,4203.5,4206.6,4200.8,4205.3,913
1781832300,4205,4210.1,4204.5,4208.9,844
1781832600,4208.7,4209.1,4204.7,4205.9,555
1781832900,4206.1,4207.7,4202.5,4203.3,665
1781833200,4203.2,4205,4202.2,4203.8,497
1781833500,4203.7,4205.4,4201.9,4202.5,463
1781833800,4202.7,4203.4,4201.2,4202.5,615
1781834100,4202.4,4204.3,4201.5,4202.6,363
1781834400,4202.4,4204,4201.4,4203,527
1781834700,4202.8,4203.8,4196.7,4201.6,2494
1781835000,4202,4202.7,4196,4197.2,889
1781835300,4197.6,4197.6,4192.5,4193,1399
1781835600,4193.3,4197.3,4193.3,4195.8,687
1781835900,4196,4197.8,4194.9,4197,469
1781836200,4197.1,4197.7,4194.6,4197.6,635
1781836500,4197.7,4200.6,4195.7,4197.1,737
1781836800,4197.2,4201.3,4196.7,4197.4,476
1781837100,4197.7,4198.3,4193.1,4194,698
1781837400,4193.8,4194.4,4189.2,4194.3,1377
1781837700,4194.2,4194.9,4192.7,4193.7,389
1781838000,4194,4195,4186.9,4187.3,1450
1781838300,4187.3,4187.5,4184.1,4185.6,1291
1781838600,4185.5,4187.8,4183.7,4183.9,700
1781838900,4184,4186.7,4182.6,4185.6,1006
1781839200,4185.7,4188.5,4185.4,4186.2,585
1781839500,4186.4,4186.7,4183.9,4184.9,380
1781839800,4185.3,4185.5,4179.1,4182.1,1339
1781840100,4181.9,4183.1,4179.8,4180.9,614
1781840400,4180.9,4182.1,4175.2,4179.8,1639
1781840700,4179.9,4180,4175.4,4176.6,705
1781841000,4176.6,4178.4,4175.1,4176.4,783
1781841300,4176.5,4177.5,4162.6,4170.9,3003
1781841600,4170.9,4172.8,4160.7,4162.1,2813
1781841900,4161.8,4165.6,4161.2,4161.6,1122
1781842200,4161.5,4165,4161.2,4163.1,837
1781842500,4163,4167.3,4158.8,4165.7,1648
1781842800,4165.7,4167.9,4164.9,4167,527
1781843100,4166.8,4166.8,4161.8,4164.4,1010
1781843400,4164.9,4165.1,4160.7,4161.1,616
1781843700,4160.8,4161.1,4155.2,4159.6,1782
1781844000,4159.4,4159.4,4151,4153.4,1594
1781844300,4153.1,4154.7,4151.6,4153.5,898
1781844600,4153.6,4154.1,4142.9,4144.8,2427
1781844900,4145,4146.7,4142.7,4143.3,1477
1781845200,4143.5,4145,4140.3,4142.3,2050
1781845500,4142.1,4143,4139.2,4142.2,1252
1781845800,4141.8,4149.5,4141.8,4148.2,1931
1781846100,4148,4148.3,4143.2,4145.8,1103
1781846400,4145.7,4150.3,4143.7,4146.8,938
1781846700,4147,4152.4,4147,4151.4,1347
1781847000,4151.6,4157.4,4148.6,4149.9,2065
1781847300,4149.7,4153.5,4148.3,4149.1,984
1781847600,4148.9,4152.9,4148.5,4152.8,710
1781847900,4152.8,4156.5,4152.4,4155.3,938
1781848200,4155.1,4156.9,4150.5,4156.7,819
1781848500,4156.6,4159.6,4154.8,4157.3,1012
1781848800,4157.4,4157.8,4151.2,4155.6,1232
1781849100,4155.6,4161.5,4153.7,4161.1,1270
1781849400,4160.9,4165.8,4157.5,4164.6,1914
1781849700,4164.6,4165,4157.5,4159.4,1348
1781850000,4159.1,4162,4156.7,4160.7,984
1781850300,4160.9,4162.6,4158.5,4159.4,765
1781850600,4159.6,4162.9,4152.8,4156.1,1548
1781850900,4156.2,4156.5,4150.1,4151.1,1036
1781851200,4151.2,4154.4,4151.1,4153.2,572
1781851500,4153.3,4162.9,4152,4162.9,1262
1781851800,4162.8,4164.2,4159.5,4163.2,975
1781852100,4163.4,4169.4,4161.6,4165,1461
1781852400,4165.2,4173.8,4165.2,4173.6,1514
1781852700,4173.5,4177.4,4171.3,4176.7,1818
1781853000,4176.8,4176.8,4171.1,4174.5,1273
1781853300,4174.6,4179,4172,4173,1193
1781853600,4172.9,4175.4,4172.1,4173.6,744
1781853900,4173.5,4173.6,4169.4,4170.2,863
1781854200,4170.3,4172.4,4169.6,4171.1,545
1781854500,4170.8,4175.3,4168.5,4175,875
1781854800,4175,4175.1,4170.9,4171.9,689
1781855100,4171.9,4172.9,4169.4,4170,383
1781855400,4170.2,4174.6,4168.9,4172.8,592
1781855700,4172.6,4181.1,4171.9,4175.9,1273
1781856000,4176,4178.5,4173,4177.8,1009
1781856300,4177.4,4182.6,4175.3,4182.1,1206
1781856600,4182.1,4185.2,4182,4183.8,1985
1781856900,4183.5,4189.2,4183.2,4188.1,1267
1781857200,4188,4195.3,4185.9,4193.7,2208
1781857500,4193.4,4196.1,4192,4194.5,1330
1781857800,4194.4,4196.8,4191.7,4193,1268
1781858100,4193.3,4193.8,4187,4187.2,927
1781858400,4187.1,4190.5,4184.5,4187.4,911
1781858700,4187.5,4187.7,4184.7,4186.7,764
1781859000,4186.4,4186.9,4182.9,4183.8,715
1781859300,4183.8,4187.5,4183.4,4187.2,525
1781859600,4187.6,4189.3,4183.6,4183.7,936
1781859900,4183.8,4185.7,4182.6,4183.3,499
1781860200,4183.6,4185.2,4181.5,4182.1,422
1781860500,4182.2,4184.9,4181.3,4183.1,580
1781860800,4183,4187,4181.1,4185.7,692
1781861100,4185.7,4186,4180.2,4181.2,768
1781861400,4181,4184.4,4180.8,4184.1,1178
1781861700,4183.8,4184.1,4181.5,4182.1,294
1781862000,4182.6,4184.1,4180.6,4181.1,331
1781862300,4181.1,4185.7,4181,4181.4,526
1781862600,4181.5,4183.9,4181.4,4182.9,301
1781862900,4182.6,4183.3,4179,4181.1,415
1781863200,4181.3,4181.7,4175.3,4176.1,1214
1781863500,4176.1,4177.3,4171.2,4175,1276
1781863800,4175.1,4176.1,4172.3,4173.6,736
1781864100,4173.6,4176.9,4171.7,4174.6,605
1781864400,4174.5,4174.7,4171.6,4173.8,592
1781864700,4173.8,4174.5,4170.5,4172.3,605
1781865000,4172.4,4173.6,4169.3,4173,716
1781865300,4173,4173.6,4168.2,4169.1,811
1781865600,4169.2,4171.3,4168.7,4169.6,501
1781865900,4169.6,4172.6,4168.6,4170,728
1781866200,4170.2,4173.7,4167.5,4168.3,709
1781866500,4168.3,4171.1,4166.4,4168.2,778
1781866800,4168,4168.5,4163.4,4166.5,1165
1781867100,4166.6,4167.6,4160.5,4165.5,1098
1781867400,4165.2,4166.9,4163.8,4164.5,565
1781867700,4164.8,4165.8,4162.3,4165.2,627
1781868000,4165,4167.5,4164.1,4166.1,700
1781868300,4165.8,4166.5,4161.2,4162.1,740
1781868600,4161.8,4163.4,4159.7,4162,821
1781868900,4162.3,4166.1,4160.7,4165.1,805
1781869200,4165.2,4168.4,4165.2,4167.7,1065
1781869500,4167.7,4173,4167.7,4171,1047
1781869800,4171.1,4171.7,4167.2,4167.4,704
1781870100,4167.8,4170.9,4166.3,4170.5,591
1781870400,4170.5,4176.6,4170.2,4175,1271
1781870700,4174.8,4176.8,4170.4,4176,1038
1781871000,4175.9,4178.1,4173.3,4173.3,854
1781871300,4173.4,4173.6,4170.1,4173,712
1781871600,4172.9,4173.8,4170.6,4171.4,616
1781871900,4171.3,4173.8,4168.8,4169.5,780
1781872200,4169.3,4171,4167,4170,955
1781872500,4169.8,4170.2,4165.2,4168.5,1489
1781872800,4168.7,4172.9,4166.4,4170.2,1118
1781873100,4170.1,4170.4,4164.9,4166.7,765
1781873400,4166.9,4192.4,4166.7,4190.8,5253
1781873700,4190.7,4197.9,4187,4196.8,3049
1781874000,4196.9,4199.3,4182.1,4187.2,3754
1781874300,4187,4200,4186.4,4200,2441
1781874600,4199.4,4200.6,4187.4,4187.6,2659
1781874900,4187.5,4190.6,4181.2,4182.3,1738
1781875200,4182.6,4184.4,4179.4,4183.9,1051
1781875500,4183.8,4184.5,4180.1,4181.7,878
1781875800,4182.1,4186.1,4180,4180.2,1248
1781876100,4180.6,4182.8,4177.2,4180.8,1655
1781876400,4181,4182.3,4175.5,4176.4,1172
1781876700,4176.1,4179.2,4172.4,4174.8,1484
1781877000,4174.9,4177.5,4173.5,4175.8,918
1781877300,4176,4178.3,4168.3,4169.3,2163
1781877600,4169.1,4172.4,4165.8,4170.3,2457
1781877900,4170.7,4171.2,4166.3,4168.1,1014
1781878200,4168.2,4168.3,4165.5,4167.2,694
1781878500,4167.3,4168.1,4161.7,4165.2,1781
1781878800,4165.2,4166.6,4161.3,4163.4,1243
1781879100,4163.4,4168.7,4163.1,4167.3,1164
1781879400,4167.2,4168.8,4163.8,4164.2,1048
1781879700,4164.2,4168.5,4163.9,4166,1114
1781880000,4165.9,4167.2,4160.7,4162,1232
1781880300,4162.4,4165.7,4160.1,4163.1,1149
1781880600,4163.1,4167.9,4162.1,4167.6,962
1781880900,4167.7,4169.6,4165.8,4167.2,1294
1781881200,4167.2,4171.3,4165.9,4167.3,1634
1781881500,4167.1,4171.3,4166.1,4170.2,753
1781881800,4170.1,4171,4166.2,4169,730
1781882100,4169.3,4169.6,4167.4,4169,509
1781882400,4169.2,4171.9,4169.1,4170.9,718
1781882700,4170.9,4170.9,4168.1,4169,516
1781883000,4169.1,4170.6,4167,4169.3,841
1781883300,4169.3,4170.7,4166.3,4167.5,518
1781883600,4167.5,4168,4165.2,4165.8,620
1781883900,4165.8,4170.9,4165.7,4169.5,560
1781884200,4169.2,4171.4,4167.4,4168.3,531
1781884500,4168.1,4168.9,4167.5,4168.9,264
1781884800,4168.7,4168.7,4164.1,4164.9,645
1781885100,4164.7,4167,4163.3,4163.4,422
1781885400,4163.6,4164.4,4162,4162.8,857
1781885700,4163,4164,4162.2,4162.9,312
1781886000,4163,4165.8,4162,4164.3,551
1781886300,4164.4,4167,4164.3,4164.6,315
1781886600,4164.6,4167.6,4164.5,4167.2,322
1781886900,4167.5,4169.5,4165.2,4169.3,690
1781887200,4169.1,4171.3,4168.1,4169.4,507
1781887500,4169.2,4175.1,4168.5,4174.3,1214
1781887800,4174.6,4175.7,4168.6,4168.9,795
1781888100,4169.1,4173.2,4168.2,4173.2,613
1782079200,4165.2,4175.2,4150,4173.1,2616
1782079500,4173.3,4176.7,4167.9,4170.9,993
1782079800,4170.6,4172.6,4164.5,4167.9,817
1782080100,4168,4170.5,4164.3,4170.4,843
1782080400,4170.3,4171.6,4166.1,4166.8,627
1782080700,4166.4,4169.6,4165.8,4168.9,487
1782081000,4168.7,4171.9,4167.8,4168.6,637
1782081300,4168.3,4169.1,4166.7,4168.7,343
1782081600,4168.5,4171.3,4167,4170.6,317
1782081900,4170.6,4171.8,4168.9,4171.7,266
1782082200,4171.8,4173.6,4169.5,4173.2,423
1782082500,4173.2,4173.5,4172,4172.8,257
1782082800,4172.9,4176.7,4171.6,4176,719
1782083100,4175.8,4179.9,4175.3,4179.7,1075
1782083400,4179.6,4181.7,4174.5,4175,1273
1782083700,4174.9,4175.2,4170,4171.2,1191
1782084000,4171.1,4175.9,4170.2,4174.2,1090
1782084300,4174.1,4174.8,4171.1,4173.5,389
1782084600,4173.1,4173.5,4162.9,4164.1,1434
1782084900,4164.3,4164.4,4157.8,4161.5,1565
1782085200,4161.2,4162.7,4158.3,4162.3,841
1782085500,4162.1,4163.7,4153,4153.5,2121
1782085800,4153.8,4157,4153,4153.7,1202
1782086100,4153.8,4159.5,4153.5,4157.1,1307
1782086400,4157.3,4167.6,4156.6,4163.6,2418
1782086700,4163.8,4165.9,4160,4165.7,1427
1782087000,4165.4,4180.3,4164,4178.1,2603
1782087300,4177.9,4188.5,4177.8,4180.6,3078
1782087600,4180.8,4182.2,4178.6,4181,1055
1782087900,4180.6,4185.1,4180,4184.8,1042
1782088200,4185,4188.3,4182.4,4183.3,1210
1782088500,4183.4,4189.9,4183.4,4188.7,1114
1782088800,4188.7,4193.9,4187.2,4193.2,1302
1782089100,4193.2,4201.5,4192.5,4200.7,2546
1782089400,4200.6,4207,4198.4,4205.4,2355
1782089700,4205.7,4218.2,4205.4,4218.2,3150
1782090000,4218.2,4238.4,4217.9,4223.5,7761
1782090300,4223.9,4233.7,4221.6,4231.2,2890
1782090600,4231.1,4231.7,4223.8,4229.3,2168
1782090900,4229.1,4232.5,4225.1,4225.8,1833
1782091200,4225.9,4230.8,4222.6,4227.8,2105
1782091500,4227.7,4230.7,4224.1,4225.1,1669
1782091800,4224.9,4225.1,4212.7,4215.1,3192
1782092100,4215.1,4221,4212.2,4220.3,1540
1782092400,4220.4,4222.7,4215.8,4218.3,1308
1782092700,4218.1,4219.4,4211,4212.8,1364
1782093000,4212.7,4215.9,4209.6,4211.9,1382
1782093300,4211.9,4213.2,4206.8,4208.3,1638
1782093600,4208.4,4210.5,4205.4,4207.5,1518
1782093900,4207.4,4212.7,4206,4208.6,1133
1782094200,4208.2,4209.3,4201.1,4201.9,1191
1782094500,4201.9,4206.3,4201,4205.7,693
1782094800,4205.6,4207.5,4201,4206.5,1150
1782095100,4206.5,4207.7,4203.9,4206.4,734
1782095400,4206.1,4212.5,4204.1,4212.4,1707
1782095700,4212.2,4218,4210.6,4213.5,1577
1782096000,4213.5,4213.5,4207.7,4209.2,1106
1782096300,4209.1,4210,4205,4208.8,1480
1782096600,4208.8,4209.2,4205.8,4206.7,541
1782096900,4206.9,4208.2,4205,4205.8,384
1782097200,4206.1,4207.6,4203.8,4206.2,671
1782097500,4206.1,4207.4,4199.3,4199.9,1039
1782097800,4199.8,4203.4,4195.8,4195.8,1516
1782098100,4196,4198.5,4191.3,4193.7,1596
1782098400,4193.7,4197.3,4191.1,4196.9,963
1782098700,4196.4,4198.5,4195.4,4197.6,653
1782099000,4197.8,4198.5,4195.3,4197.4,442
1782099300,4197.4,4197.4,4193.1,4193.3,538
1782099600,4193.1,4194.3,4192.4,4192.9,407
1782099900,4192.9,4196.3,4192.2,4194.8,422
1782100200,4194.6,4195,4192.1,4192.8,315
1782100500,4192.7,4193.8,4188.4,4189.1,1009
1782100800,4189.4,4193.4,4188.1,4191.8,638
1782101100,4191.7,4196.4,4191.2,4195.4,600
1782101400,4195.6,4196.2,4193.6,4194,332
1782101700,4194.2,4195.3,4192.8,4193.6,314
1782102000,4193.8,4196.8,4193.5,4194,402
1782102300,4194.2,4195,4191.8,4194,414
1782102600,4194.1,4195.4,4193.2,4193.7,414
1782102900,4193.7,4196.3,4192.5,4195.6,402
1782103200,4195.4,4195.8,4191.8,4194.4,324
1782103500,4194.3,4197.7,4193.8,4196.5,545
1782103800,4196.6,4197.7,4195.2,4195.3,406
1782104100,4195,4199.9,4194.9,4199.2,576
1782104400,4199.1,4199.8,4197.8,4199.2,540
1782104700,4199,4202.6,4196.9,4201.4,904
1782105000,4201.2,4204.3,4200.2,4203.2,671
1782105300,4203.1,4206,4202,4204.2,909
1782105600,4204.2,4206.5,4203.9,4206.5,523
1782105900,4206.4,4212.1,4205.1,4211.6,1109
1782106200,4211.6,4214.4,4206.7,4209.4,1738
1782106500,4209,4215.8,4208.5,4214.3,1293
1782106800,4214.5,4216.4,4209.6,4210.9,1114
1782107100,4211,4211.6,4207.9,4211.2,730
1782107400,4210.9,4214.8,4209.5,4213.7,692
1782107700,4213.5,4214.9,4210.9,4211.3,583
1782108000,4211.7,4214.1,4209,4209.4,946
1782108300,4209.4,4214.8,4209,4214.3,744
1782108600,4214.5,4216.2,4211,4212.3,820
1782108900,4212.3,4218.6,4211.7,4215.6,1299
1782109200,4215.6,4218.7,4213.6,4218.7,757
1782109500,4218.6,4218.9,4214.2,4214.8,667
1782109800,4214.6,4217.2,4212.9,4216.9,687
1782110100,4216.9,4218.4,4215.4,4216.6,624
1782110400,4216.3,4220.7,4214.9,4220.3,687
1782110700,4220.4,4222.9,4219.2,4220.5,1023
1782111000,4220.7,4225.6,4220.7,4222.3,1247
1782111300,4222.2,4223.7,4215.1,4215.7,1116
1782111600,4216,4219.4,4215.4,4216.7,825
1782111900,4217,4219.6,4215.5,4218,763
1782112200,4218,4219.2,4216.6,4217.4,394
1782112500,4217.9,4219.9,4216.8,4218.5,468
1782112800,4218.9,4219,4214.7,4215.1,773
1782113100,4215.4,4216.8,4213.9,4215.8,621
1782113400,4215.7,4217.8,4211.9,4217.1,953
1782113700,4217.1,4217.1,4212.5,4212.7,641
1782114000,4213,4214.3,4210.1,4212.3,634
1782114300,4212.2,4213.2,4210.1,4212.8,575
1782114600,4212.9,4214.1,4208.2,4209.3,864
1782114900,4209.1,4210.4,4206.6,4208.3,616
1782115200,4208.3,4211,4206.6,4210,953
1782115500,4210.3,4213.2,4209.1,4209.7,592
1782115800,4209.9,4209.9,4206.9,4208,473
1782116100,4208,4209.9,4207,4208.6,356
1782116400,4208.6,4213.4,4208.6,4209.8,574
1782116700,4209.9,4211.2,4207.5,4210,586
1782117000,4209.5,4209.7,4207,4209.2,519
1782117300,4209.5,4212.3,4208.7,4208.9,541
1782117600,4208.9,4211.7,4208.5,4211.7,243
1782117900,4211.5,4212.6,4210.5,4212.5,400
1782118200,4212.4,4215.8,4210.2,4213.6,624
1782118500,4213.8,4215.8,4212.7,4215.5,390
1782118800,4215.5,4220.9,4214.2,4220.1,908
1782119100,4220.2,4227.7,4219.6,4226.8,1504
1782119400,4226.8,4227.6,4221.2,4223.5,731
1782119700,4223.5,4225.6,4222.5,4225,442
1782120000,4225,4227.4,4223,4223.6,769
1782120300,4223.6,4224.4,4220.8,4222,679
1782120600,4222.3,4227.8,4219.3,4226,1639
1782120900,4226.1,4227.4,4222.1,4226.2,868
1782121200,4226.2,4228.1,4224.1,4224.6,650
1782121500,4224.8,4225.9,4222.1,4225.3,443
1782121800,4225.5,4228.7,4224.4,4226.5,758
1782122100,4226.8,4228.3,4226,4226.1,353
1782122400,4226.7,4228.8,4225.9,4227.1,396
1782122700,4227,4229.8,4226.2,4228.8,566
1782123000,4228.6,4232.5,4227.1,4230.7,952
1782123300,4230.6,4230.7,4228.2,4228.3,452
1782123600,4228.3,4229.2,4226.1,4229.1,458
1782123900,4229.1,4232.1,4227.2,4227.8,590
1782124200,4228.1,4228.9,4227,4227.9,366
1782124500,4228,4229.7,4226.6,4226.9,328
1782124800,4226.8,4228.4,4225.8,4226.4,345
1782125100,4226.5,4226.7,4222.4,4223.4,713
1782125400,4223.7,4227.5,4223.4,4225.9,441
1782125700,4225.8,4225.9,4221.3,4222.7,419
1782126000,4222.5,4229,4222.5,4227.4,768
1782126300,4227.4,4233.7,4227.3,4229.2,2106
1782126600,4229.2,4229.5,4224.5,4226.6,822
1782126900,4225.9,4227,4224.8,4226.2,304
1782127200,4225.8,4227.8,4224.4,4225.9,338
1782127500,4225.7,4225.8,4221.5,4222.2,458
1782127800,4222,4226.3,4221.6,4224.2,512
1782128100,4224.1,4224.3,4220,4224.3,830
1782128400,4224.3,4226.2,4222.3,4224.6,580
1782128700,4224.5,4224.6,4221.1,4223.1,450
1782129000,4222.9,4223.5,4219.1,4223.4,562
1782129300,4223.3,4226.1,4222.6,4225.8,618
1782129600,4225.9,4229.4,4223.9,4229,1060
1782129900,4228.7,4229.4,4224.5,4226,774
1782130200,4225.8,4228,4223.3,4225.7,516
1782130500,4225.5,4227,4224.5,4225.8,447
1782130800,4225.7,4229.9,4225,4229,1281
1782131100,4228.7,4229.7,4224.1,4226.8,818
1782131400,4226.4,4226.6,4221.4,4223.7,864
1782131700,4223.7,4224.2,4220.6,4221.5,712
1782132000,4221.4,4222.7,4218.8,4222,861
1782132300,4222,4223,4217.6,4220.4,1000
1782132600,4220.2,4220.3,4215.3,4215.5,1164
1782132900,4215.6,4215.7,4210.2,4211.5,1334
1782133200,4211.6,4215.9,4209.2,4211.9,3153
1782133500,4211.7,4212.8,4207,4209.2,1654
1782133800,4208.9,4213.7,4208.2,4213.2,2044
1782134100,4213,4215.8,4212.2,4214.8,1975
1782134400,4214.7,4214.7,4207.7,4208.9,1638
1782134700,4209,4210.2,4203.8,4205.3,1924
1782135000,4205.3,4207,4201.1,4204.3,3010
1782135300,4204.2,4211.7,4203.2,4210.3,1797
1782135600,4210.5,4213,4205.5,4209.3,2302
1782135900,4209.7,4221,4205.8,4218.7,3557
1782136200,4218.5,4223.7,4217.9,4222.6,2276
1782136500,4222.7,4224.4,4217.3,4218.8,1830
1782136800,4218.7,4219.2,4212.2,4217.1,2375
1782137100,4217.4,4229.6,4214.9,4224.8,3688
1782137400,4224.8,4226.1,4218.9,4223.9,1955
1782137700,4224,4224.9,4214.2,4214.6,2175
1782138000,4214.7,4215.1,4209.3,4211,2384
1782138300,4210.7,4215.3,4209.9,4210.4,1457
1782138600,4210.1,4211,4205.6,4206.4,2009
1782138900,4206.1,4210.7,4204.6,4209.4,1568
1782139200,4209.5,4216,4209.1,4211.1,1808
1782139500,4211.1,4224.3,4211,4219.3,2991
1782139800,4219.4,4221.3,4215.5,4215.5,1474
1782140100,4216,4218.9,4214.3,4216.7,1134
1782140400,4216.8,4219.8,4214.1,4217.3,1262
1782140700,4217.3,4217.3,4212.9,4213.6,1021
1782141000,4213.8,4217.5,4213.8,4216.2,661
1782141300,4215.9,4216.3,4208.5,4210.2,1382
1782141600,4210.3,4211.1,4207.1,4209.1,1343
1782141900,4209.1,4210.5,4206.4,4207.4,1449
1782142200,4207.3,4208.9,4205.6,4206.5,1156
1782142500,4206.5,4207.4,4197.2,4200.3,2240
1782142800,4200.5,4203.5,4198.3,4199.1,1412
1782143100,4199,4199.3,4187.2,4187.9,3067
1782143400,4188,4197.3,4187.7,4197.1,2358
1782143700,4196.8,4203.3,4196,4201.1,1754
1782144000,4200.9,4203.1,4194.8,4195.8,1527
1782144300,4195.8,4197.5,4193.7,4195.1,909
1782144600,4194.8,4196.5,4192.4,4195.7,1076
1782144900,4195.3,4198.3,4194,4196.9,1095
1782145200,4197.2,4201.2,4197.1,4199.1,1064
1782145500,4199.6,4201.1,4198,4201,592
1782145800,4200.7,4203,4199.6,4203,942
1782146100,4203,4204.8,4201.5,4201.5,830
1782146400,4201.5,4202.1,4199.2,4200.1,584
1782146700,4199.9,4203.1,4198.7,4203.1,655
1782147000,4202.8,4206.2,4202.3,4205.3,789
1782147300,4205.4,4211.5,4204.4,4208.5,1427
1782147600,4208.4,4209.9,4206.2,4207.6,987
1782147900,4207.6,4207.6,4204.3,4205.9,695
1782148200,4206.1,4206.8,4204.3,4205,497
1782148500,4204.8,4208.3,4204.7,4207.8,478
1782148800,4207.8,4210.2,4207.4,4207.6,723
1782149100,4207.5,4207.7,4201.3,4202.8,2027
1782149400,4202.6,4203.1,4195.6,4197.1,1397
1782149700,4197,4199.8,4194.9,4199.3,986
1782150000,4199.2,4200,4198.2,4199.7,404
1782150300,4199.8,4201.4,4198.1,4200.5,458
1782150600,4200.3,4201.4,4198.8,4200.9,486
1782150900,4200.8,4202,4200,4201.2,311
1782151200,4201.4,4203.6,4200.5,4201.8,426
1782151500,4201.4,4203.2,4201.2,4202.7,215
1782151800,4202.6,4204.7,4201.9,4202.4,436
1782152100,4202.4,4205.6,4202.3,4203.7,482
1782152400,4203.9,4208.4,4203.9,4206.9,852
1782152700,4206.9,4207.1,4204.8,4206.2,388
1782153000,4206.5,4207.9,4204.1,4205,613
1782153300,4204.9,4206.5,4204.4,4205.3,272
1782153600,4205.5,4208.8,4205.3,4208.3,361
1782153900,4208.2,4211.3,4208.2,4209.9,569
1782154200,4210.2,4210.5,4208,4208.7,385
1782154500,4208.8,4209.9,4207.7,4209.5,294
1782154800,4209.6,4211.8,4209.1,4210.3,420
1782155100,4210.4,4211,4209.6,4210.5,199
1782155400,4210.7,4211.3,4209,4209.7,250
1782155700,4209.9,4210.2,4208,4208.9,330
1782156000,4209.1,4209.1,4205.9,4206.4,489
1782156300,4206.3,4207.3,4205.4,4205.4,258
1782156600,4205.6,4206,4204.1,4205,425
1782156900,4205,4208.7,4205,4206.7,524
1782157200,4206.6,4206.6,4202.5,4203.1,623
1782157500,4203,4204.7,4202.7,4204,352
1782157800,4204,4206.6,4203.3,4205.8,861
1782158100,4206,4210.3,4204.7,4209.3,1309
1782158400,4209.3,4212.3,4208.7,4210.7,489
1782158700,4210.8,4211.4,4208.7,4208.8,338
1782159000,4208.9,4210.2,4208.8,4209.1,164
1782159300,4209,4210,4208,4209.7,215
1782159600,4209.5,4209.7,4207,4208.9,255
1782159900,4208.8,4209.6,4208.4,4208.5,122
1782160200,4208.4,4210,4207.8,4209.9,201
1782160500,4209.8,4212,4209.7,4211.8,315
1782160800,4211.7,4212,4210.5,4211,196
1782161100,4211.1,4211.8,4209.1,4209.7,320
1782161400,4209.5,4210.7,4209.3,4210,122
1782161700,4209.9,4211.4,4209.5,4209.8,291
1782165600,4209.8,4212.8,4209.4,4210.7,449
1782165900,4210.7,4212.2,4209.6,4210.6,249
1782166200,4210.6,4211.4,4210.3,4210.6,218
1782166500,4210.7,4211.2,4208.8,4210.4,216
1782166800,4210.5,4210.6,4209.6,4209.9,123
1782167100,4209.8,4211.4,4209.5,4210.9,145
1782167400,4210.9,4213.2,4210,4210.5,536
1782167700,4210.5,4210.9,4207.8,4209.8,508
1782168000,4209.6,4209.6,4207.3,4208,356
1782168300,4208.2,4208.2,4206.2,4206.4,373
1782168600,4206.8,4208.4,4206.3,4208.1,247
1782168900,4207.9,4208.7,4207.1,4207.9,169
1782169200,4208,4210.8,4207.5,4208.4,496
1782169500,4208.6,4210.2,4208,4209.7,312
1782169800,4209.9,4210.2,4208.4,4208.9,118
1782170100,4208.7,4209.9,4208.2,4209.5,193
1782170400,4209.5,4210,4208.3,4208.5,173
1782170700,4208.5,4209.3,4208.1,4209,200
1782171000,4208.7,4210.7,4208.7,4210,312
1782171300,4210.3,4214.5,4210,4213.2,860
1782171600,4213.2,4214,4211.9,4213.1,366
1782171900,4213,4213.2,4207.2,4208.5,601
1782172200,4208.7,4208.7,4204.5,4205.5,967
1782172500,4205,4207.6,4204.8,4205.4,413
1782172800,4205,4210,4204.2,4207,1223
1782173100,4206.8,4207.1,4200.4,4201.9,1094
1782173400,4202,4202,4195.6,4196.5,1610
1782173700,4196.4,4200.3,4196.4,4199.7,847
1782174000,4199.6,4201.1,4195.9,4199.9,866
1782174300,4200.1,4203.6,4197.8,4201.5,824
1782174600,4201.6,4204,4200,4201.6,743
1782174900,4201.6,4203.8,4199.5,4203.8,580
1782175200,4203.6,4211,4201.5,4210.2,1115
1782175500,4210.3,4212.4,4207.9,4208.6,1305
1782175800,4208.2,4211.8,4207,4208.8,685
1782176100,4208.9,4211.3,4207.4,4210.6,680
1782176400,4210.5,4216.2,4206,4207.4,2918
1782176700,4207,4211.8,4202.2,4206,2086
1782177000,4205.9,4206.8,4202.2,4202.5,872
1782177300,4202.7,4203.3,4189.4,4190.7,2774
1782177600,4190.6,4197.8,4187.9,4195.7,2079
1782177900,4195.8,4198.4,4193.9,4195.7,890
1782178200,4195.2,4196.1,4185.3,4186.2,1812
1782178500,4186.7,4187.8,4178.1,4179.3,2967
1782178800,4179.3,4183,4170.9,4171.7,2771
1782179100,4171.6,4173.4,4167.1,4168,2436
1782179400,4168,4176.6,4167.4,4174.7,2185
1782179700,4175,4180.9,4173.8,4179.1,1619
1782180000,4179.4,4181.3,4174.1,4177.1,1898
1782180300,4177.2,4177.2,4168.6,4169.5,1735
1782180600,4169.6,4171.7,4166.6,4171.6,1418
1782180900,4171.8,4178.3,4171.4,4176.3,1562
1782181200,4176.2,4178.2,4175.4,4178,534
1782181500,4178.2,4181.5,4177.1,4180,1232
1782181800,4179.9,4180.5,4174.4,4174.4,1108
1782182100,4174.5,4177.6,4173.9,4175.9,599
1782182400,4176.1,4176.5,4170.3,4172.9,917
1782182700,4172.8,4174.8,4169.8,4171.9,820
1782183000,4172.1,4173.7,4169.6,4170.7,435
1782183300,4170.5,4173,4164.4,4164.6,1248
1782183600,4165,4167.7,4157.3,4160.2,2390
1782183900,4160.2,4161.2,4157.1,4158.7,1171
1782184200,4158.5,4161.1,4156.4,4160.3,1018
1782184500,4159.9,4162.2,4149.1,4151.1,2399
1782184800,4151.1,4153.7,4148.4,4153.6,1476
1782185100,4153.4,4158.8,4151.8,4158.5,1384
1782185400,4158.5,4159,4156.5,4156.8,786
1782185700,4157,4158.9,4151.1,4154.2,1309
1782186000,4154.1,4157,4152.6,4156.7,592
1782186300,4156.4,4158,4154,4156.7,464
1782186600,4156.7,4160.8,4156.5,4158.5,922
1782186900,4158.6,4163,4157.3,4161.7,1049
1782187200,4162.1,4164.6,4160.3,4162.4,1172
1782187500,4162.1,4162.4,4160.4,4161.4,398
1782187800,4161.8,4161.9,4159.1,4160.7,543
1782188100,4160.3,4160.3,4156.4,4157.4,552
1782188400,4157.1,4158,4155.1,4157.4,581
1782188700,4157.6,4158.1,4154.5,4157.3,560
1782189000,4157.2,4157.2,4152.6,4154.2,747
1782189300,4154.1,4157.2,4152.5,4156.4,813
1782189600,4155.9,4158.1,4154.1,4156,405
1782189900,4156.2,4157.7,4155.4,4156.1,223
1782190200,4156,4156.8,4151.5,4152,577
1782190500,4151.9,4151.9,4132,4135.7,4033
1782190800,4135.9,4152.4,4132.8,4152.1,2674
1782191100,4152.1,4155.4,4144.8,4145.5,1605
1782191400,4145.8,4148.7,4144.3,4147.8,1004
1782191700,4147.5,4147.8,4143.8,4145.7,682
1782192000,4145.5,4148.7,4144.3,4145.7,518
1782192300,4145.5,4146.2,4141.1,4143.1,917
1782192600,4143.1,4149.1,4134.9,4148.8,3293
1782192900,4148.8,4151.3,4142.6,4143.3,1639
1782193200,4143.2,4146.9,4138.9,4145.8,1159
1782193500,4145.4,4145.7,4135.1,4136.8,1113
1782193800,4137,4140.4,4135.4,4138.8,1142
1782194100,4138.5,4139.8,4134.6,4139.2,1318
1782194400,4139.3,4144.8,4137.5,4141,1631
1782194700,4140.8,4141.3,4130.6,4131.4,1828
1782195000,4131.4,4142.9,4129,4140.8,2188
1782195300,4140.9,4145,4139.4,4140.5,1060
1782195600,4140.8,4143.6,4135.3,4140.5,1217
1782195900,4140.6,4140.7,4132.4,4134.5,994
1782196200,4134.3,4139.2,4132.3,4138,1231
1782196500,4137.8,4138.3,4131.6,4134.1,782
1782196800,4134.2,4135.4,4128.7,4131.5,1180
1782197100,4131.6,4136.1,4128.1,4133.4,1315
1782197400,4133.6,4137,4133.6,4136.4,619
1782197700,4136.1,4138.4,4131.7,4132.2,963
1782198000,4132.2,4137.4,4127.5,4137.4,1359
1782198300,4137.7,4143,4136.4,4139.4,1508
1782198600,4139.3,4139.5,4130,4133.3,1768
1782198900,4133.5,4136.1,4131.4,4135.5,656
1782199200,4135.3,4140.7,4135.1,4137.3,1113
1782199500,4137.4,4138.4,4135.9,4136.2,387
1782199800,4136,4137.4,4133.2,4137.3,755
1782200100,4136.9,4136.9,4128.3,4129.2,1122
1782200400,4129.1,4131.1,4121,4122.1,1800
1782200700,4122.6,4125.7,4121.5,4124.1,1023
1782201000,4123.9,4123.9,4115.8,4118.1,1855
1782201300,4118.1,4118.6,4114,4116.2,1352
1782201600,4116.2,4117.6,4109,4109.9,2799
1782201900,4110.1,4113.6,4108.2,4111.6,1320
1782202200,4112,4113.7,4109.4,4111.4,1014
1782202500,4111.2,4117.6,4109.6,4115.6,1105
1782202800,4115.9,4117.5,4113.3,4114.3,742
1782203100,4114.8,4116.1,4112,4115.8,636
1782203400,4115.7,4119.9,4114,4119.4,805
1782203700,4119.4,4122.8,4117.9,4119.7,1084
1782204000,4120,4128.7,4119.9,4127.1,1671
1782204300,4127,4127.1,4119.4,4121.8,1023
1782204600,4121.2,4126.3,4119.9,4125.5,559
1782204900,4124.9,4125,4119.9,4122.9,627
1782205200,4122.8,4128,4122,4127.7,781
1782205500,4127.6,4130.8,4126.3,4127.4,1154
1782205800,4127.3,4131.5,4126.8,4128.8,780
1782206100,4129,4130.6,4126.6,4129.1,612
1782206400,4129.2,4135.4,4129.2,4133.8,962
1782206700,4133.7,4134.7,4129.6,4130.4,840
1782207000,4130.5,4134.5,4130.1,4134.5,767
1782207300,4134.5,4138.4,4133,4136.2,953
1782207600,4136,4137.8,4134.5,4135.1,575
1782207900,4135.1,4136.4,4134,4135.3,350
1782208200,4135.3,4136.2,4133.2,4133.2,348
1782208500,4133.4,4140.4,4132.9,4140.1,724
1782208800,4140,4150.9,4139.9,4149.3,2491
1782209100,4149.2,4150.1,4144.6,4144.6,855
1782209400,4144.6,4147.6,4144.4,4147.4,512
1782209700,4147.4,4151,4146,4150,825
1782210000,4150,4150,4145.5,4145.6,573
1782210300,4145.6,4149.6,4144.3,4148.1,500
1782210600,4148.1,4149.9,4146.9,4148.2,534
1782210900,4148,4149.5,4144.4,4146.4,565
1782211200,4146.5,4147.9,4141.7,4144.4,705
1782211500,4144.2,4144.5,4141.3,4142.4,808
1782211800,4142.1,4143.7,4139.6,4139.8,846
1782212100,4140,4141,4137.3,4137.8,803
1782212400,4137.8,4139.5,4135.3,4137,1017
1782212700,4136.6,4144.5,4136.3,4143.4,1105
1782213000,4143.4,4147.6,4142.7,4147.1,641
1782213300,4146.7,4146.8,4143.1,4146.4,548
1782213600,4146.1,4149.9,4142.1,4147.3,1705
1782213900,4147,4147.8,4142.7,4144.9,631
1782214200,4144.6,4146.6,4141.3,4141.5,722
1782214500,4141.4,4144.2,4137.7,4143.4,1154
1782214800,4143.3,4143.8,4136.2,4138.9,1247
1782215100,4138.6,4139.4,4135.8,4139.3,612
1782215400,4139.3,4141.7,4136.6,4139.7,1171
1782215700,4139.7,4144.2,4137.7,4141.1,870
1782216000,4141.3,4145.5,4140.1,4140.3,1157
1782216300,4140.5,4142,4137.2,4137.5,1239
1782216600,4137.5,4140.2,4130.5,4131.6,1813
1782216900,4131.6,4136.1,4128.9,4135.1,1474
1782217200,4135.2,4137.5,4129.7,4134.9,1972
1782217500,4134.7,4135.8,4131.2,4132.4,1180
1782217800,4132.5,4138.1,4131.7,4132.9,1058
1782218100,4133.2,4140.4,4133.1,4139.7,1153
1782218400,4139.5,4139.7,4135.1,4135.2,1023
1782218700,4135.6,4135.8,4130.6,4135.6,1331
1782219000,4135.8,4139.4,4133.8,4137,1204
1782219300,4136.9,4139.3,4130,4130.8,1178
1782219600,4131,4132.2,4125.4,4129.8,3065
1782219900,4129.7,4137.3,4129.1,4134.2,1716
1782220200,4134.1,4134.7,4129.7,4131.5,1197
1782220500,4131.1,4131.7,4124.1,4124.9,1725
1782220800,4124.8,4134.5,4122.9,4134.3,2359
1782221100,4134.1,4137.1,4131.7,4133.5,1793
1782221400,4133.7,4141.7,4127.1,4140.1,4088
1782221700,4140.2,4142.7,4135.8,4136.7,2712
1782222000,4136.6,4146.6,4135.8,4144.5,2620
1782222300,4144.3,4153.3,4142.1,4149.1,3884
1782222600,4149.2,4158.4,4148.6,4155.3,2999
1782222900,4155.2,4157.5,4149.6,4154.2,2556
1782223200,4153.3,4159,4151.3,4155.9,3048
1782223500,4156,4162.3,4153.5,4160,2772
1782223800,4159.9,4163.6,4150.6,4155.5,2854
1782224100,4155.7,4160.3,4150.7,4159.6,2426
1782224400,4159.5,4161,4151.8,4152.6,2746
1782224700,4152.6,4154.3,4146.3,4150.1,2675
1782225000,4150.1,4150.9,4142.3,4144.4,2384
1782225300,4144.6,4147.2,4140.4,4141.9,1869
1782225600,4142,4146.6,4140.4,4143.7,1873
1782225900,4143.8,4146.2,4142.4,4144.3,1343
1782226200,4144.4,4148.2,4141.2,4144.8,1401
1782226500,4145.2,4148,4142.5,4147.7,1231
1782226800,4148,4152.2,4146.3,4151.3,1689
1782227100,4151.1,4153.1,4140.8,4140.9,2466
1782227400,4141.2,4145.8,4140.8,4145.7,1217
1782227700,4146,4148.2,4144.4,4145.2,1005
1782228000,4144.6,4147.2,4141.2,4142.7,813
1782228300,4142.4,4145.7,4141.6,4144.6,841
1782228600,4144.7,4155,4144.1,4150.6,1916
1782228900,4150.7,4155.6,4150.5,4155.1,1478
1782229200,4155.3,4159.5,4154.2,4156.7,1801
1782229500,4156.9,4157.6,4151.8,4152.9,1031
1782229800,4153.1,4157,4152.1,4155.5,880
1782230100,4155.3,4157.4,4154,4156.6,634
1782230400,4156.8,4158.1,4154,4154.1,688
1782230700,4154,4154.9,4151.4,4152.8,717
1782231000,4152.9,4154.5,4152,4153.3,379
1782231300,4153.6,4156.2,4150.8,4155.3,817
1782231600,4155.2,4155.9,4153.3,4154.3,598
1782231900,4154.2,4155,4153.2,4154.5,351
1782232200,4154.3,4160.6,4153.2,4158.7,1014
1782232500,4158.7,4161,4157.4,4159.8,603
1782232800,4159.7,4161.6,4158,4161.1,591
1782233100,4161.2,4161.8,4157.1,4158,502
1782233400,4158,4158.6,4156.5,4157.2,557
1782233700,4157.4,4158.1,4149.2,4151.8,1596
1782234000,4151.6,4152.2,4148.4,4149.9,988
1782234300,4149.9,4152.1,4147.6,4150.1,683
1782234600,4150.2,4157.5,4150.1,4156,1098
1782234900,4156.1,4156.1,4152.8,4154.2,706
1782235200,4154.1,4155.6,4150.8,4151.2,892
1782235500,4151.5,4151.7,4147.8,4149,1145
1782235800,4149.1,4149.7,4145.5,4147.7,913
1782236100,4147.7,4148.8,4146.7,4147.5,368
1782236400,4147.6,4150.2,4146.8,4149.9,469
1782236700,4150,4150.9,4148.6,4149.6,509
1782237000,4149.7,4150.1,4146,4146.4,431
1782237300,4146.3,4147.6,4145.3,4145.8,424
1782237600,4145.9,4149,4144.2,4144.8,698
1782237900,4145,4145.5,4141.8,4142.9,663
1782238200,4143.1,4144,4141.8,4142.5,466
1782238500,4141.9,4143.5,4141.6,4142.6,271
1782238800,4142.5,4143.4,4140.4,4141.6,559
1782239100,4141.6,4141.8,4138.4,4138.8,756
1782239400,4138.8,4140.8,4137.5,4139.4,632
1782239700,4139.5,4140.8,4137.8,4137.8,432
1782240000,4137.8,4138.2,4133.8,4134,928
1782240300,4134.1,4134.6,4130.6,4132.8,796
1782240600,4133,4135.5,4132,4133.3,508
1782240900,4133.7,4136.3,4132.7,4135.8,527
1782241200,4135.8,4142.7,4134.7,4141.4,1010
1782241500,4141.4,4144.5,4139.1,4140.3,857
1782241800,4140.2,4141.5,4138.5,4139.2,535
1782242100,4139.6,4139.6,4135.1,4135.5,551
1782242400,4135.6,4140.4,4135.6,4139,470
1782242700,4138.5,4141,4137.9,4140,464
1782243000,4139.9,4141.6,4138.7,4140,413
1782243300,4139.9,4142.4,4139.4,4140.5,322
1782243600,4140.5,4140.5,4138.4,4138.8,263
1782243900,4138.9,4139.6,4135.5,4137.8,615
1782244200,4138.3,4138.9,4132,4133.6,915
1782244500,4133.7,4134.3,4129.2,4129.7,1126
1782244800,4129.7,4130.5,4126.6,4129.3,898
1782245100,4129.2,4131.1,4128.7,4130.2,513
1782245400,4130.1,4130.8,4127.7,4127.9,334
1782245700,4128,4128,4125.5,4127.4,478
1782246000,4127.6,4128.7,4125.1,4126.4,369
1782246300,4126.5,4129.4,4126.3,4128.6,270
1782246600,4128.4,4129,4126.8,4127.9,165
1782246900,4128,4128.7,4126.9,4128.3,157
1782247200,4128.6,4129.5,4126.6,4128.6,331
1782247500,4128.1,4129.2,4127.3,4127.9,318
1782247800,4127.5,4129,4126.8,4127.2,289
1782248100,4127.2,4129,4126.5,4129,258
1782252000,4129,4131.5,4127.5,4128.7,508
1782252300,4128.8,4131.9,4128.5,4129.8,359
1782252600,4129.5,4131.7,4129.3,4131.2,272
1782252900,4131.1,4132.8,4128.5,4128.6,666
1782253200,4129,4129.4,4122,4123.4,1428
1782253500,4123.4,4128.2,4121.4,4123.1,1313
1782253800,4123,4125.4,4113.9,4115.8,1303
1782254100,4116.2,4120.5,4115.8,4118,1086
1782254400,4118,4121.5,4116.4,4121,935
1782254700,4120.8,4124.9,4120.8,4122.8,762
1782255000,4122.9,4126.1,4122.7,4123.1,667
1782255300,4123,4124.4,4120.4,4121.4,916
1782255600,4121.5,4121.5,4116,4117,778
1782255900,4117.2,4117.2,4111.8,4113.5,1216
1782256200,4113.3,4119,4113.1,4117,690
1782256500,4116.5,4117.9,4114.1,4117.4,771
1782256800,4117.2,4117.2,4115.3,4116.3,269
1782257100,4116.2,4116.7,4113.9,4114.6,310
1782257400,4114.8,4115.5,4110.5,4111.9,744
1782257700,4112,4112.3,4098,4101.2,2942
1782258000,4101.6,4104.6,4098,4103.4,1968
1782258300,4103.7,4115.8,4102.9,4113.1,2421
1782258600,4113.3,4117.7,4111.8,4113.3,1272
1782258900,4113.3,4118.4,4113.2,4116.6,802
1782259200,4116.8,4122.8,4112.1,4119.9,2479
1782259500,4119.7,4129.8,4118.3,4127.7,2196
1782259800,4128.1,4129.1,4121.8,4124.8,1502
1782260100,4124.8,4127,4120.7,4121.4,1573
1782260400,4121.3,4122.1,4113.7,4113.7,1695
1782260700,4113.9,4117.8,4110.7,4117.2,1641
1782261000,4117.1,4118.2,4111.9,4114.4,1178
1782261300,4114.4,4115.7,4111.7,4114.7,784
1782261600,4114.3,4114.5,4111.1,4112.8,656
1782261900,4112.5,4117.5,4112.1,4115.9,858
1782262200,4115.7,4117.4,4111.8,4113.5,802
1782262500,4113.2,4116.4,4111.3,4114.6,840
1782262800,4115.1,4115.5,4085.9,4091.2,6579
1782263100,4091,4100.8,4085.7,4094.9,4255
1782263400,4095.1,4109.5,4094.5,4107.3,2736
1782263700,4108,4108.7,4102.5,4105.8,1757
1782264000,4106.1,4107.9,4100.9,4105.6,1378
1782264300,4106,4118.6,4106,4115.6,2749
1782264600,4115.4,4120.1,4110.9,4115.6,2061
1782264900,4115.8,4116.8,4110.3,4112.1,968
1782265200,4112.6,4116,4109.2,4110.1,1330
1782265500,4110.1,4110.5,4103.2,4103.3,1691
1782265800,4103.1,4105.5,4099.4,4103.1,1460
1782266100,4103,4107.5,4101.9,4106.2,1085
1782266400,4106.2,4113,4103.1,4104.2,2015
1782266700,4104.7,4104.8,4096.9,4098.3,1415
1782267000,4098.2,4101.7,4096.8,4097,1080
1782267300,4096.9,4098,4090,4091.4,1933
1782267600,4091.5,4093.5,4089.6,4092.5,1531
1782267900,4092.7,4093.6,4088.1,4090.3,1607
1782268200,4090.4,4094,4080,4085.9,3199
1782268500,4086,4087.8,4076.3,4078,2151
1782268800,4077.7,4079.1,4068.9,4074.4,2717
1782269100,4074.1,4078.4,4071.7,4075.4,1579
1782269400,4075.9,4082.7,4073.3,4081.9,1645
1782269700,4081.9,4086.6,4077.7,4077.8,1704
1782270000,4078.2,4082.4,4072.7,4073,1311
1782270300,4073.2,4076.1,4069.3,4075.4,1561
1782270600,4075.4,4077.5,4072.8,4074.6,1043
1782270900,4074.6,4075.7,4067,4069.9,1543
1782271200,4069.8,4073.3,4068.4,4069.8,1074
1782271500,4069.9,4073.9,4068.3,4073.5,1357
1782271800,4073.5,4078.3,4072.5,4077.6,1515
1782272100,4077.6,4079.9,4076.8,4079.4,1017
1782272400,4079.3,4086.9,4078.6,4086,1668
1782272700,4086.2,4088.1,4081.1,4084,1181
1782273000,4083.9,4085.3,4080,4080.7,873
1782273300,4081,4081,4079.1,4080.2,461
1782273600,4080.2,4081.2,4075.5,4075.8,1077
1782273900,4076.1,4078.2,4072.9,4075.2,1219
1782274200,4075.2,4075.8,4072.2,4075.5,632
1782274500,4075.4,4077.1,4071.5,4072,1175
1782274800,4072.1,4079.6,4071.8,4077.8,1077
1782275100,4077.9,4084,4077.7,4080,963
1782275400,4080,4082.8,4080,4081.7,471
1782275700,4081.6,4083.1,4079.2,4081.5,567
1782276000,4081.8,4083.6,4080,4080.3,374
1782276300,4080.5,4083,4079.3,4080.4,366
1782276600,4080.5,4080.8,4078.3,4079.8,400
1782276900,4080.2,4083.7,4079.2,4081.1,586
1782277200,4081.5,4081.9,4077.6,4078.8,566
1782277500,4078.5,4086.8,4077.1,4085.8,804
1782277800,4085.8,4086.4,4082.8,4084.2,1065
1782278100,4084.1,4085.4,4082.3,4082.4,748
1782278400,4082.6,4089.6,4082.6,4087.7,1089
1782278700,4087.8,4091.3,4087,4090.1,1026
1782279000,4090.2,4103.3,4089,4099,2992
1782279300,4099.2,4099.7,4092.9,4094.5,1362
1782279600,4094.2,4095,4089.3,4094.5,944
1782279900,4094.2,4097.2,4090.9,4091.8,819
1782280200,4091.8,4093.2,4088.3,4090.5,932
1782280500,4090.2,4094.1,4089.4,4093.1,781
1782280800,4093.1,4098.2,4093,4095.1,1329
1782281100,4095,4109.1,4094.7,4107.9,2115
1782281400,4107.6,4114.2,4106.1,4113.4,2072
1782281700,4113.4,4114.8,4102.3,4104.3,1888
1782282000,4104.4,4106.9,4102.9,4106.1,998
1782282300,4105.8,4108,4100.5,4104.9,1200
1782282600,4104.4,4105.5,4101.6,4105.1,751
1782282900,4105.2,4109.2,4105,4106.3,707
1782283200,4106.4,4111.2,4106.3,4109.2,826
1782283500,4109.4,4111.9,4106.3,4106.5,1050
1782283800,4106.2,4109.1,4101.6,4107,990
1782284100,4107.3,4107.9,4101.7,4104.5,533
1782284400,4104.1,4106.9,4102.4,4106,709
1782284700,4106.2,4107.9,4104,4105.7,476
1782285000,4105.7,4106.3,4103,4103.2,317
1782285300,4103.2,4104.7,4101.2,4103,670
1782285600,4103.2,4104,4100.4,4102.1,462
1782285900,4102.1,4103.3,4100,4101.4,463
1782286200,4101.3,4102.3,4097.4,4097.9,701
1782286500,4098,4098.1,4093.1,4096.1,1251
1782286800,4096.2,4100.8,4093.9,4099.8,1028
1782287100,4099.6,4103.2,4098,4101.6,712
1782287400,4101.6,4102.7,4093,4096,809
1782287700,4095.9,4096.5,4090.5,4091.7,887
1782288000,4091.9,4095.4,4090.8,4094.8,863
1782288300,4094.5,4094.9,4092.3,4092.7,345
1782288600,4092.9,4094.1,4089.4,4091.1,588
1782288900,4090.9,4093.8,4090.2,4090.6,578
1782289200,4090.8,4094.9,4090.6,4094.2,999
1782289500,4094.2,4097.8,4093.3,4097.6,987
1782289800,4097.2,4104.7,4097.1,4101.3,1234
1782290100,4101.2,4102.3,4096.2,4099.3,724
1782290400,4099.1,4102.1,4098.5,4100.2,538
1782290700,4100.2,4100.3,4094.2,4095.8,499
1782291000,4096.1,4097.5,4093.4,4093.9,356
1782291300,4094,4095.2,4092.4,4093.3,375
1782291600,4093.3,4095.2,4091,4091.5,515
1782291900,4091.7,4092.6,4086.8,4087,848
1782292200,4087.1,4093.8,4086.9,4093.4,890
1782292500,4093,4096.1,4092.2,4095.2,543
1782292800,4095.1,4095.5,4090.3,4091.2,509
1782293100,4091.3,4091.7,4085.2,4086.4,1034
1782293400,4086.2,4089.8,4085.8,4087.8,940
1782293700,4087.8,4088.6,4084.3,4085.4,672
1782294000,4085.4,4086.8,4082.7,4085.8,740
1782294300,4085.6,4087.8,4082.8,4086.6,607
1782294600,4086.3,4088.3,4085.2,4086.2,555
1782294900,4086,4086,4081.4,4082,496
1782295200,4082.1,4083.6,4076.6,4079.4,1163
1782295500,4079.3,4079.9,4076.7,4077.1,619
1782295800,4076.9,4080.1,4076.1,4078.6,545
1782296100,4078,4078.1,4072.1,4075.9,1243
1782296400,4076.1,4077.6,4073,4074.6,570
1782296700,4074.5,4077.9,4074,4077.5,528
1782297000,4077.5,4080.3,4077.5,4078.8,770
1782297300,4078.8,4078.9,4073.6,4075.2,838
1782297600,4075.1,4084,4074.6,4081.9,971
1782297900,4081.7,4082.6,4078.7,4080.4,580
1782298200,4079.8,4080.3,4073.5,4075.4,692
1782298500,4075.2,4075.2,4071.1,4072.4,837
1782298800,4072.6,4075.4,4067.5,4068.8,1188
1782299100,4068.8,4070.3,4064.3,4065.7,1968
1782299400,4066,4070.5,4061.3,4062.3,1480
1782299700,4062.4,4063.5,4053.9,4058.4,2681
1782300000,4058.4,4063.1,4056.1,4063.1,1390
1782300300,4063,4063.5,4055.1,4060.5,1216
1782300600,4060.3,4064.6,4060,4060.5,1269
1782300900,4060.6,4067.8,4059.8,4066.6,1383
1782301200,4066.5,4068.1,4062.2,4062.4,889
1782301500,4062.2,4063,4055.5,4061.4,1805
1782301800,4061.2,4072.7,4060.8,4071.4,2696
1782302100,4071,4071.4,4061.8,4063,1794
1782302400,4062.9,4065,4058.5,4061.2,1714
1782302700,4060.9,4062.3,4051.3,4057,2790
1782303000,4056.7,4060.8,4054,4054.2,2198
1782303300,4054.1,4058.5,4051.2,4057.4,1822
1782303600,4057.2,4057.5,4048.3,4049.3,2483
1782303900,4049,4049.6,4022.9,4031.8,9240
1782304200,4032,4037.2,4025,4035.2,3788
1782304500,4035.4,4035.4,4022.9,4028.1,3545
1782304800,4027.9,4031,4023.5,4029.6,2850
1782305100,4029.4,4034,4018.8,4019.8,3447
1782305400,4020.1,4024.4,4015.3,4019.6,4001
1782305700,4020,4020.2,4003.2,4003.8,5310
1782306000,4003.6,4011.3,3987.4,3996,15078
1782306300,3996.1,4002.8,3987.4,3992.9,5789
1782306600,3992.9,3994.8,3982.4,3987.6,5192
1782306900,3987.5,3993.3,3980.7,3992.6,4842
1782307200,3992.3,3992.5,3980.3,3990,3668
1782307500,3989.6,3992.5,3985.9,3991.3,3380
1782307800,3991.3,4012.5,3990,4002.7,7624
1782308100,4003,4024,4001.8,4021.8,6061
1782308400,4022.1,4035.2,4017.3,4031.9,5573
1782308700,4032.2,4037.8,4025.8,4036.6,4951
1782309000,4036.3,4050.9,4035.2,4046.1,7386
1782309300,4046.2,4060,4040.1,4054.8,4892
1782309600,4054.7,4057.9,4038.6,4041.5,6027
1782309900,4041.6,4048.4,4038.6,4045,3604
1782310200,4045,4049.1,4035.9,4037,3779
1782310500,4037.1,4038.5,4032.1,4035.3,3128
1782310800,4035.5,4043.1,4031.4,4041.1,3347
1782311100,4041.1,4045.6,4038.3,4041.2,2258
1782311400,4041.2,4052.1,4040.8,4048.2,2943
1782311700,4048,4049.6,4035.5,4036.9,2526
1782312000,4037.1,4039.1,4028.1,4033.1,2747
1782312300,4033,4033,4026.7,4028.3,2495
1782312600,4028.5,4030.2,4022.5,4023.2,2187
1782312900,4023.5,4025.8,4020,4025.4,2218
1782313200,4025.6,4027.4,4017.6,4021.2,2211
1782313500,4021,4021.6,4014,4016.9,2424
1782313800,4017.1,4021.8,4015,4019.2,2013
1782314100,4019,4028.7,4016.6,4028,2356
1782314400,4028.2,4032,4024.8,4026.2,2193
1782314700,4026.2,4032.3,4020.7,4032,2128
1782315000,4032,4032.6,4023.1,4026.4,1253
1782315300,4025.8,4027.4,4023.3,4023.8,849
1782315600,4023.7,4024.2,4018.2,4023.1,1719
1782315900,4023.2,4032.1,4021.2,4030.3,1941
1782316200,4030,4034.2,4020.1,4022.4,2299
1782316500,4022.4,4023,4017,4019.5,1159
1782316800,4019.5,4022.9,4016.7,4019.1,1615
1782317100,4019.1,4024,4012.5,4017.6,2228
1782317400,4017.5,4021.4,4016.5,4019.9,1176
1782317700,4019.9,4023.2,4018.5,4019.5,1065
1782318000,4019.7,4030.4,4019.5,4028.1,1878
1782318300,4028,4034.3,4027.2,4033.1,1378
1782318600,4033.1,4036.6,4030.1,4031.9,2186
1782318900,4032.1,4039.8,4032,4035.1,2376
1782319200,4035.3,4037.1,4026.4,4028.7,1755
1782319500,4028.7,4029.2,4024.5,4024.6,995
1782319800,4024.7,4028.4,4024.3,4024.8,704
1782320100,4024.8,4026.2,4023.3,4023.7,657
1782320400,4023.9,4028.5,4022.6,4026.7,1048
1782320700,4026.6,4027.9,4021.3,4024.1,1142
1782321000,4024.3,4026.7,4022.4,4022.8,751
1782321300,4023.1,4024.5,4016.8,4017.4,1568
1782321600,4017,4018.4,4009.9,4010.2,2538
1782321900,4010,4013.6,4007,4007.4,3020
1782322200,4007.6,4008.2,4000.5,4003.1,2860
1782322500,4003.3,4005.3,3999.6,4003,1986
1782322800,4002.9,4003.7,3999.9,4001.6,1050
1782323100,4001.3,4004.3,3996.9,3997.2,1834
1782323400,3997.1,3999.2,3993.7,3997,1360
1782323700,3997,3999.6,3989.5,3989.7,2032
1782324000,3989.9,3992.5,3975.8,3983.6,4707
1782324300,3983.7,4001,3983.6,4000.8,3426
1782324600,4000.6,4009.5,3997.6,4005.5,3131
1782324900,4005.8,4009.4,4002.7,4004.3,1889
1782325200,4004.4,4005,3996.6,4004.5,2165
1782325500,4004.5,4009.5,4003.6,4007.2,1495
1782325800,4007.8,4011.9,4003.7,4005.8,1607
1782326100,4005.7,4006.8,4000.5,4001.8,1130
1782326400,4002,4003,3998.5,4000.7,777
1782326700,4000.5,4000.5,3994.2,3996.4,1127
1782327000,3996.5,3999.3,3993.9,3998.8,1245
1782327300,3998.6,4001.6,3997.2,3998.3,881
1782327600,3998.6,4002.2,3994.8,3999.7,1174
1782327900,3999.9,4000.8,3993.3,3993.7,1139
1782328200,3993.8,3994.2,3990.1,3993.3,1265
1782328500,3993.2,3994.5,3990.7,3994.3,810
1782328800,3994.3,3996.9,3993.3,3995.5,774
1782329100,3995.7,4001.3,3994.9,4000.8,968
1782329400,4000.9,4005.5,4000.4,4002.4,1014
1782329700,4002.7,4002.8,3997.7,3999.2,535
1782330000,3999.4,4000.7,3996.5,4000,485
1782330300,3999.7,4001.7,3998.1,3999.2,530
1782330600,3998.8,4008.4,3997.4,4008,1478
1782330900,4007.7,4007.8,4002,4004.9,1714
1782331200,4005.3,4015.7,4001.6,4014.7,1465
1782331500,4014.3,4020,4014.2,4016.4,1367
1782331800,4015.7,4018.1,4011.8,4012.6,659
1782332100,4012.6,4013.2,4009.4,4010.1,644
1782332400,4009.7,4016.9,4009.7,4015.6,740
1782332700,4016,4018.2,4014.1,4017.5,714
1782333000,4017.4,4018.3,4015,4015.6,459
1782333300,4015.8,4018.4,4013,4013.3,484
1782333600,4013.5,4016.7,4013.5,4016.3,248
1782333900,4016.3,4017.6,4014.2,4014.3,318
1782334200,4014.5,4017,4013.7,4016.7,285
1782334500,4016.8,4018.4,4015.5,4016.4,414
1782338400,4018.1,4024.9,4018,4023.2,962
1782338700,4023.2,4023.6,4016.3,4019.4,604
1782339000,4019.5,4021.2,4016.7,4017.2,422
1782339300,4017.6,4018.1,4016.2,4016.7,321
1782339600,4016.7,4018.9,4016.4,4017.8,294
1782339900,4017.9,4018.9,4016,4018.1,295
1782340200,4018.1,4021.2,4015.1,4020.3,664
1782340500,4020.2,4022.9,4017.9,4018.5,697
1782340800,4018.7,4020.2,4017.5,4018.2,600
1782341100,4018.7,4018.7,4013.4,4013.6,613
1782341400,4013.7,4015,4010.4,4011.1,736
1782341700,4011.1,4013.2,4008.7,4012.2,656
1782342000,4012.3,4014.8,4009.7,4011.4,1266
1782342300,4011.3,4011.3,4006.3,4009.7,977
1782342600,4009.7,4011.6,4007.9,4010.8,664
1782342900,4011,4014.8,4010.8,4013.6,779
1782343200,4013.6,4016.2,4013.2,4015.8,389
1782343500,4015.7,4016.7,4012.7,4014,555
1782343800,4014.2,4024.7,4013.9,4024.7,1064
1782344100,4024.4,4034.3,4023.8,4031.3,2194
1782344400,4031.1,4032.3,4026,4030.1,1065
1782344700,4029.8,4033.1,4025.2,4026.4,1230
1782345000,4026.4,4028.8,4024.9,4025.9,610
1782345300,4025.9,4028.7,4024.7,4028,892
1782345600,4027.8,4029.7,4024.1,4028.5,1143
1782345900,4028.3,4031.3,4026,4030.3,1188
1782346200,4030.3,4031.8,4019.1,4020.8,1681
1782346500,4021,4021.9,4015.6,4017.7,2252
1782346800,4017.6,4020.8,4015.9,4017.1,974
1782347100,4016.9,4017.9,4010.7,4012.1,1734
1782347400,4011.7,4012.1,4003.2,4003.3,2133
1782347700,4003.2,4003.4,3996.8,3997.9,2324
1782348000,3997.9,4003.5,3996.8,4001.3,1419
1782348300,4001.2,4001.9,3994,3999.4,1846
1782348600,3999.4,4016.3,3998.2,4015.1,2509
1782348900,4015.2,4016.8,4003.8,4006.6,2469
1782349200,4006.7,4021.7,4004,4012.1,3760
1782349500,4012.1,4012.9,4002.7,4006.3,2598
1782349800,4006.9,4007.3,3997.4,4002.2,2140
1782350100,4002.2,4010.4,3999.2,4009.7,1906
1782350400,4009.7,4015.5,4009.1,4011,1689
1782350700,4011.3,4015.5,4005.4,4005.9,1485
1782351000,4005.7,4011.3,3997.1,3998.9,2336
1782351300,3998.8,4004,3992.3,4002.7,2585
1782351600,4002.5,4003.1,3995.1,3997.5,1846
1782351900,3997.3,4002.8,3993.7,4000.9,1403
1782352200,4000.9,4004.3,3994.2,3996,1368
1782352500,3996,3999,3987.6,3992.1,2393
1782352800,3992.4,3997.5,3989,3990.4,1534
1782353100,3990.4,3991.5,3979.1,3981.3,2869
1782353400,3981.5,3986.4,3976.5,3983.3,2638
1782353700,3983.6,3998.2,3982.9,3996.6,2335
1782354000,3996.7,4006.7,3996.5,4000.5,2684
1782354300,4000.4,4003.8,3999.6,4002.3,1091
1782354600,4002.2,4003.1,3993.6,3998.9,2002
1782354900,3999.3,4003.8,3998.1,4000.1,1194
1782355200,4000.3,4000.8,3990,3994.2,1679
1782355500,3994,3999.9,3991.9,3998.6,1362
1782355800,3998.8,3999,3991.2,3994.9,1234
1782356100,3994.7,4000.6,3993.4,3998.7,1007
1782356400,3998.6,4005.6,3996.7,3997.7,1323
1782356700,3997.3,3997.4,3988.8,3988.8,1780
1782357000,3989.2,3989.6,3981.5,3986.1,1996
1782357300,3986,3998.2,3983,3997.5,1565
1782357600,3997.3,3998.7,3988.7,3988.9,1445
1782357900,3989.2,3992.8,3987.9,3991.8,796
1782358200,3991.5,3993.1,3987,3991.4,913
1782358500,3991.3,3991.3,3984.3,3986.6,1014
1782358800,3986.6,3990.9,3985.7,3990.7,747
1782359100,3990.7,4003,3989.9,4001.9,1737
1782359400,4001.9,4014.5,4001.6,4013,2622
1782359700,4012.8,4016.7,4009.2,4011.3,1598
1782360000,4011.1,4013.4,4009,4009.8,1016
1782360300,4009.8,4012.6,4007.9,4011.3,631
1782360600,4011,4011,4005,4005,1017
1782360900,4005,4007.4,4002.7,4007.1,978
1782361200,4007.1,4013,4006,4011.1,718
1782361500,4011.3,4013.8,4009.2,4010.3,615
1782361800,4010.2,4012,4005.6,4006.6,818
1782362100,4006.6,4006.7,4003.2,4003.3,850
1782362400,4003.6,4008.4,3999.4,4008.4,1283
1782362700,4007.7,4011.5,4006.5,4008,1036
1782363000,4008.1,4012.8,4008.1,4011.3,713
1782363300,4011.3,4012,4010.2,4011.5,295
1782363600,4011.8,4013.9,4010,4012.7,748
1782363900,4012.4,4015.1,4007.7,4015,1179
1782364200,4014.9,4016.2,4011.9,4014.1,857
1782364500,4013.9,4014.4,4004.3,4008,1313
1782364800,4008,4010.7,4006.4,4010.5,863
1782365100,4010.9,4014.6,4006.3,4010.1,1568
1782365400,4009.6,4013.1,4001.6,4010.4,2414
1782365700,4011,4011.7,4000.2,4000.8,1305
1782366000,4000.5,4002.3,3997.3,3998.8,1088
1782366300,3998.8,4000.2,3995.7,3998.5,1233
1782366600,3999.1,4004.8,3998.3,4003.8,999
1782366900,4004.1,4007.2,4001.5,4001.7,1321
1782367200,4001.4,4003.4,3997.2,4002.1,1046
1782367500,4001.9,4004.7,3998.3,4001.4,643
1782367800,4001.1,4001.9,3995.2,3995.8,762
1782368100,3995.5,3995.8,3989.8,3989.8,1558
1782368400,3990,3997.3,3989.1,3994.7,1414
1782368700,3994.7,4002.3,3993.6,3999.5,1157
1782369000,3999.5,4000.5,3993.4,3995.5,1141
1782369300,3995.7,3996.6,3991.6,3995.8,870
1782369600,3995.7,3999.1,3992.4,3997.3,670
1782369900,3997.6,3999.6,3995.9,3998.1,721
1782370200,3998,3999.9,3992.9,3992.9,738
1782370500,3992.7,3996.5,3991.1,3992.6,897
1782370800,3992.6,3995,3988.4,3995,1378
1782371100,3995.1,4000.7,3993.6,4000.2,1094
1782371400,4000.1,4001.5,3993.7,3995.5,972
1782371700,3995.4,4000.2,3992.9,4000.2,795
1782372000,4000,4002,3995.2,3999.1,941
1782372300,3999.1,4005.5,3997.5,4000.7,1034
1782372600,4001,4005,3997.6,3998.7,1166
1782372900,3998.7,4000.6,3993.5,3993.5,793
1782373200,3993.3,3996.8,3988.8,3989.8,1317
1782373500,3990,3993.1,3986.6,3992.5,1167
1782373800,3992.7,3993.8,3990.2,3992.5,557
1782374100,3992.8,4004.7,3991.9,4003.5,1518
1782374400,4003.8,4011.2,4003,4006,1961
1782374700,4005.8,4008.8,4003.4,4004.3,925
1782375000,4004,4005.5,4000,4002.8,1101
1782375300,4002.8,4010.9,4001.9,4010.7,1040
1782375600,4010.6,4017.2,4010.3,4012.8,1540
1782375900,4012.6,4012.6,4007.9,4009.6,873
1782376200,4009.7,4016.9,4009.6,4016.7,1105
1782376500,4016.5,4017.9,4011.6,4017.2,1061
1782376800,4017.3,4017.9,4014,4015.2,651
1782377100,4015.4,4015.4,4007.1,4008.2,1249
1782377400,4008.4,4009.6,4005.4,4006.7,735
1782377700,4006.1,4006.8,4003.9,4004.5,792
1782378000,4004.8,4011.7,4004.5,4011.6,963
1782378300,4011.3,4012.2,4007,4007,561
1782378600,4007.2,4009.6,4006.6,4006.9,300
1782378900,4006.6,4009.2,4004.8,4006.4,567
1782379200,4006.4,4011.1,4006.4,4010.3,469
1782379500,4010.4,4011,4008.1,4009.9,386
1782379800,4009.5,4013.3,4009.2,4009.7,1099
1782380100,4010,4010,4001.7,4007.3,1328
1782380400,4007.3,4007.4,4002.7,4003.6,677
1782380700,4003.6,4005.5,4003.4,4004.5,388
1782381000,4004.2,4007.4,4004.2,4006.3,478
1782381300,4006.3,4008.8,4002.8,4003.5,419
1782381600,4003.2,4004.5,4000.4,4001.8,524
1782381900,4001.6,4003.2,4001.2,4001.8,356
1782382200,4002,4003.5,3998.5,3999.5,715
1782382500,3999.4,4002.3,3998.4,3999.8,551
1782382800,3999.7,4001.8,3998.8,4000.5,373
1782383100,4001.3,4004.5,4000.8,4004.5,459
1782383400,4004.6,4004.6,3999.9,4001.7,718
1782383700,4001.7,4003.7,4001.1,4002.7,453
1782384000,4003,4003.1,3999.9,4000.7,339
1782384300,4000.5,4000.5,3997.3,3999.8,611
1782384600,3999.2,4000.9,3996.9,3997.6,467
1782384900,3997.6,3999.7,3996.1,3999.6,346
1782385200,3999.8,4001.5,3997,3999.8,665
1782385500,3999.8,4001.2,3997.9,3999.5,506
1782385800,3999.2,4000.9,3997.2,3998.3,304
1782386100,3998.2,3998.4,3991,3996.4,1301
1782386400,3996.5,3997.8,3994.8,3995.9,476
1782386700,3995.2,3995.8,3991.9,3992,670
1782387000,3992.3,3996.9,3991.4,3992.3,749
1782387300,3992.2,3997.7,3988.6,3997.6,1208
1782387600,3997.5,4001.5,3997.2,4000.4,1042
1782387900,4000,4003.1,3999.5,4001,679
1782388200,4001.1,4001.7,3997.2,3997.8,723
1782388500,3997.5,3997.8,3994.4,3995,683
1782388800,3995.3,3999.9,3995.3,3998.1,908
1782389100,3997.5,3999.2,3994.6,3998.3,739
1782389400,3997.8,3998.8,3995,3997.7,843
1782389700,3997.6,4001.2,3995,3998.2,857
1782390000,3998.3,3998.8,3993.3,3995.4,1202
1782390300,3995.4,4001.1,3993.9,3999.2,1202
1782390600,3998.7,4027.6,3998.5,4010.4,7873
1782390900,4010.9,4023.2,4004.8,4013.7,5672
1782391200,4014,4022.8,4007.7,4021.2,4259
1782391500,4021.7,4035,4019.3,4029.4,5243
1782391800,4030,4035,4026.6,4031.7,2655
1782392100,4032,4032.5,4023.9,4028.2,2271
1782392400,4028.3,4050,4027.5,4045,7064
1782392700,4045.1,4049.6,4039.5,4045.3,3556
1782393000,4045.6,4049.6,4041.2,4046.3,2068
1782393300,4046.5,4047.1,4036.1,4038.5,2909
1782393600,4038.7,4046.5,4035.6,4037.7,2572
1782393900,4037.7,4040,4034.2,4037.7,2030
1782394200,4037.8,4044.4,4028.9,4029.7,4444
1782394500,4029.9,4042.9,4028.3,4039.5,3564
1782394800,4039.4,4039.9,4026.5,4027.5,3116
1782395100,4027.7,4032.1,4023.7,4029.4,3620
1782395400,4029.3,4035.3,4022.7,4023.9,3220
1782395700,4024.1,4025.9,4016.4,4018,3761
1782396000,4017.9,4034.7,4015.1,4030.6,5155
1782396300,4031.1,4037.8,4026,4032.9,3098
1782396600,4033.1,4036,4028.6,4032.2,1709
1782396900,4032.2,4037.4,4029.5,4033.7,2295
1782397200,4033.4,4039,4028.5,4030.4,2280
1782397500,4030.4,4044.9,4028.6,4042.7,2927
1782397800,4042.8,4045.4,4038.1,4041.4,2077
1782398100,4041.1,4043.2,4031.7,4033.6,1884
1782398400,4033.6,4036.6,4031.3,4035.6,1378
1782398700,4035.7,4036.9,4030.1,4032.4,1301
1782399000,4032.3,4036.1,4028.7,4032.9,1433
1782399300,4033.1,4033.7,4026.7,4027.4,1723
1782399600,4027.5,4031,4024.8,4030.4,1519
1782399900,4030.4,4035.9,4029.5,4032.4,1943
1782400200,4032.2,4032.7,4020.3,4023.2,2300
1782400500,4023.2,4031,4021.1,4030.1,1787
1782400800,4030.2,4056.5,4027.9,4053.5,6046
1782401100,4053.7,4053.9,4041.1,4042.4,2706
1782401400,4042.4,4044.2,4037.2,4037.5,1830
1782401700,4037.5,4046.5,4037.4,4044.4,1753
1782402000,4044.1,4046.3,4042,4043.3,972
1782402300,4043.4,4052.3,4042.3,4046.9,1962
1782402600,4047,4057.2,4045.6,4053.8,2648
1782402900,4054.1,4058.7,4052.1,4057,2593
1782403200,4057,4058.8,4050.3,4053.5,1936
1782403500,4053.4,4055.4,4048.9,4049.8,1126
1782403800,4049.6,4057.1,4049.2,4052.4,1621
1782404100,4052.9,4060,4052.9,4056.5,1666
1782404400,4056.7,4059.8,4056.2,4057.6,1252
1782404700,4057.6,4058.6,4055.1,4056.3,929
1782405000,4056.1,4056.6,4049.1,4050.7,1530
1782405300,4049.8,4052.1,4046.7,4047.3,806
1782405600,4047.7,4049.6,4046.4,4046.8,683
1782405900,4046.7,4047.8,4039.3,4047.4,1830
1782406200,4047.1,4049.2,4043.6,4046.9,877
1782406500,4047.1,4047.1,4042.8,4044.4,627
1782406800,4044.2,4046,4042.3,4045.5,815
1782407100,4045.5,4047.9,4044.5,4045.9,679
1782407400,4045.8,4047.4,4044.4,4044.8,496
1782407700,4044.7,4048.5,4044.4,4045.8,656
1782408000,4045.4,4048.6,4043.3,4047.9,668
1782408300,4047.8,4051.7,4045.6,4048.1,1416
1782408600,4048.2,4050.7,4046.6,4047.4,740
1782408900,4047.4,4049.9,4046.6,4048.9,454
1782409200,4048.8,4051.4,4048.5,4049.4,447
1782409500,4049.6,4049.8,4044.7,4047,636
1782409800,4047,4049.8,4046.6,4049.2,375
1782410100,4049.5,4052.4,4048.9,4050.1,759
1782410400,4050.4,4051,4042.9,4044.1,1248
1782410700,4044.5,4049.2,4041.4,4048.1,911
1782411000,4048.6,4050.2,4045.9,4047.9,640
1782411300,4047.9,4056.4,4047.6,4053.7,1249
1782411600,4053.7,4055.2,4052.9,4054.2,722
1782411900,4054.1,4060,4053.6,4059.8,1524
1782412200,4059.9,4059.9,4049.3,4049.7,1120
1782412500,4049.7,4052,4048.1,4051.4,971
1782412800,4051.7,4051.8,4046.2,4048.4,903
1782413100,4048.4,4048.4,4045.1,4047.9,625
1782413400,4047.9,4051.9,4047.4,4051,501
1782413700,4051.1,4052,4049.3,4050.4,312
1782414000,4050.7,4051.6,4048.3,4049.6,319
1782414300,4049.4,4055.5,4048.8,4054.8,610
1782414600,4054.3,4056.3,4053.9,4055.9,741
1782414900,4056,4059.5,4051.5,4052.9,1123
1782415200,4053,4056.1,4052.8,4054.7,488
1782415500,4054.9,4056.7,4050.9,4051.8,516
1782415800,4051.6,4052.4,4047.3,4049.4,692
1782416100,4049.6,4051,4047.9,4050.1,410
1782416400,4050.3,4053.2,4048.2,4050,829
1782416700,4049.7,4049.7,4040.8,4041.8,1151
1782417000,4041.8,4042.8,4036.7,4041.5,1305
1782417300,4041.7,4042.7,4036.8,4041.5,1165
1782417600,4041.5,4049.9,4040.4,4046.1,1022
1782417900,4046.2,4046.2,4042.6,4042.8,386
1782418200,4043.1,4044.2,4041.1,4043.1,513
1782418500,4043.2,4044.4,4041.3,4043.4,635
1782418800,4043.3,4045.8,4043,4045.1,223
1782419100,4045.1,4045.7,4043.2,4045.3,307
1782419400,4045.1,4045.1,4041.5,4041.6,275
1782419700,4041.9,4042.8,4040.1,4041,308
1782420000,4041.1,4042.1,4039.9,4041.7,370
1782420300,4041.5,4041.7,4039.2,4039.7,352
1782420600,4039.7,4040.9,4039.2,4039.8,309
1782420900,4040.1,4042.5,4039.4,4042,339
1782424800,4042.2,4046.7,4042,4044,984
1782425100,4044,4044.7,4040.1,4040.4,469
1782425400,4040.5,4041.5,4036.3,4037.8,919
1782425700,4037.8,4039.2,4035.8,4037,441
1782426000,4036.9,4038.6,4034.1,4036.2,757
1782426300,4036.4,4041.4,4035,4039.5,1168
1782426600,4039.4,4045.4,4039.1,4044.8,1121
1782426900,4044.8,4051.9,4044.5,4048.8,1260
1782427200,4049.2,4051.7,4043.5,4043.9,1108
1782427500,4043.6,4045.8,4039.2,4040.4,963
1782427800,4040.1,4040.8,4037.2,4037.7,1001
1782428100,4037.4,4042.8,4037.1,4041.7,701
1782428400,4041.5,4042.6,4038.5,4038.8,473
1782428700,4038.8,4039.7,4036.5,4038.1,375
1782429000,4038.3,4039.6,4036.4,4038.6,426
1782429300,4038.6,4041.4,4037.7,4041.1,511
1782429600,4041.5,4045,4040.4,4043.3,683
1782429900,4043.4,4045.6,4043.3,4045.2,419
1782430200,4045.2,4045.7,4035.7,4036.5,778
1782430500,4036.9,4040.5,4036.8,4039,929
1782430800,4039.2,4039.7,4037.9,4039.5,204
1782431100,4039.3,4039.3,4031.4,4033.3,1040
1782431400,4033,4035,4031.6,4032.7,763
1782431700,4032.7,4033,4027.2,4029.7,1192
1782432000,4029.7,4034.1,4026.9,4027.3,1482
1782432300,4027.5,4031,4026.1,4029.5,1074
1782432600,4029.2,4035.1,4026.9,4034.7,1274
1782432900,4034.4,4038.4,4033.6,4036.6,1179
1782433200,4036.8,4037,4031.9,4032.9,931
1782433500,4033.2,4034.1,4027.2,4030.5,896
1782433800,4030.3,4031.9,4027,4031.1,754
1782434100,4031,4032.8,4028.9,4031,564
1782434400,4031.2,4034.7,4029.9,4034,713
1782434700,4034,4038.9,4033.5,4033.7,840
1782435000,4034.1,4036.1,4030.6,4031.3,980
1782435300,4031.6,4040,4031.3,4035.4,1246
1782435600,4035.6,4044.8,4032.4,4032.4,2876
1782435900,4032.4,4036.3,4029.3,4033,1518
1782436200,4032.7,4036.8,4032.4,4035.1,708
1782436500,4035.2,4042,4033.5,4040.1,1306
1782436800,4040.1,4040.2,4036.8,4038,460
1782437100,4038.1,4038.4,4032.9,4037.9,869
1782437400,4038.1,4039.1,4034.5,4035.8,721
1782437700,4035.8,4038.1,4031.5,4036.8,1290
1782438000,4036.7,4041.1,4035,4035.9,1037
1782438300,4035.8,4038.3,4029.5,4031.4,1608
1782438600,4031.7,4033.9,4029.5,4033.3,823
1782438900,4033.9,4037.4,4033.5,4036.4,892
1782439200,4036.3,4038.5,4032.9,4035.8,874
1782439500,4035.7,4036.4,4030.6,4032.1,585
1782439800,4032,4032,4028.5,4030.1,898
1782440100,4030.3,4031.8,4023.6,4024.2,1385
1782440400,4024.3,4026.4,4020.3,4021,1683
1782440700,4020.9,4023.7,4019,4022.4,1686
1782441000,4022.6,4024.5,4016.1,4017.8,1918
1782441300,4018.3,4018.4,4007,4013.1,2708
1782441600,4013,4013,4006.4,4007.6,1459
1782441900,4007.7,4009.5,4006.3,4008.4,1379
1782442200,4008.4,4011.1,4000,4001.7,2439
1782442500,4001.5,4009,3998.1,4005.8,1972
1782442800,4005.9,4007.9,4001.7,4005.8,1704
1782443100,4005.7,4010.7,4004.5,4010.2,1436
1782443400,4010,4015,4008.6,4013,1409
1782443700,4013.1,4015.5,4009.2,4014.2,1402
1782444000,4013.7,4013.8,4007.9,4008.9,974
1782444300,4008.9,4011.3,4007.6,4010.5,529
1782444600,4010.6,4013.7,4008.2,4011,678
1782444900,4011.1,4013.7,4010.2,4011.6,408
1782445200,4011.7,4016.7,4011.4,4015.6,1015
1782445500,4015.7,4015.9,4012.5,4012.8,514
1782445800,4013.1,4017.7,4013.1,4017.3,670
1782446100,4017.3,4021.9,4017,4019.6,1260
1782446400,4019.4,4020.9,4016,4016,757
1782446700,4016.1,4018.5,4013.8,4016.3,1050
1782447000,4016.2,4024.8,4016.2,4023.5,892
1782447300,4023.5,4027.4,4021.9,4024.7,1189
1782447600,4024.8,4025.7,4023,4023,461
1782447900,4022.9,4023.9,4021.3,4022.6,642
1782448200,4022.4,4023.6,4019.5,4020.2,498
1782448500,4020.2,4020.5,4017.6,4018.5,649
1782448800,4018.4,4023.6,4016.9,4023.4,626
1782449100,4023.6,4025.1,4022.3,4024.3,575
1782449400,4024.7,4030.6,4024.1,4029.7,1074
1782449700,4029.4,4030.1,4025.9,4026.6,891
1782450000,4026.5,4028.3,4024.7,4025.5,593
1782450300,4025.7,4027.7,4021.7,4027.2,692
1782450600,4027.3,4030.5,4027,4030.5,678
1782450900,4030.6,4034.8,4028.8,4030.3,1247
1782451200,4030,4030.4,4027.1,4028.5,556
1782451500,4028.5,4034,4028.5,4031.8,895
1782451800,4031.9,4037,4030.1,4032,1613
1782452100,4032.4,4034,4027.4,4029.1,933
1782452400,4029,4032.6,4026.1,4026.4,934
1782452700,4026.6,4027.9,4020.6,4027.2,1470
1782453000,4027.3,4030.9,4025.7,4030.5,758
1782453300,4030.3,4030.3,4021.9,4023.4,985
1782453600,4023.3,4025.9,4022.1,4023.1,805
1782453900,4023.2,4027,4023.2,4024.3,890
1782454200,4023.9,4025.5,4021.9,4025,539
1782454500,4025,4027,4023.7,4024.1,549
1782454800,4024.3,4041.5,4024,4038.6,2807
1782455100,4038.6,4040.6,4035.9,4039.6,1373
1782455400,4039.8,4043.8,4038,4039.4,1866
1782455700,4039.6,4041,4036.8,4038.9,1129
1782456000,4039,4042.1,4036.3,4040.9,1062
1782456300,4041,4044.1,4039,4039.1,1120
1782456600,4039.1,4041.2,4037.5,4039.2,653
1782456900,4038.9,4048.8,4038.3,4047.9,2146
1782457200,4047.7,4049.7,4042.3,4045.2,1850
1782457500,4045,4048.1,4043.7,4044.8,1031
1782457800,4045,4045.2,4042.5,4042.9,630
1782458100,4043.1,4047.2,4042.4,4046.7,604
1782458400,4046.7,4046.9,4043.3,4045,622
1782458700,4045.1,4055.5,4045.1,4053.6,2179
1782459000,4053.6,4054.5,4052.2,4053.1,753
1782459300,4053,4053.5,4049.4,4051.5,647
1782459600,4051.7,4051.9,4046.3,4046.7,528
1782459900,4046.9,4047.1,4043.6,4044.4,586
1782460200,4044.3,4045.6,4042.5,4045.6,507
1782460500,4045.3,4047.6,4045,4046,741
1782460800,4046,4048.7,4041,4041.6,923
1782461100,4041.8,4047,4041,4045.7,590
1782461400,4045.7,4047.2,4043.4,4046.5,596
1782461700,4046.8,4050.2,4045.4,4048.1,592
1782462000,4047.7,4049.4,4045.4,4046.1,522
1782462300,4046.5,4051.2,4045.8,4050.9,646
1782462600,4050.9,4051.6,4047.6,4049.7,476
1782462900,4050,4050,4047.2,4048.6,351
1782463200,4048.6,4051.5,4047.6,4050.8,451
1782463500,4051,4053.5,4048.2,4048.7,843
1782463800,4048.9,4049.6,4047.3,4048,425
1782464100,4047.9,4047.9,4044.8,4046.1,529
1782464400,4046.1,4050.2,4044.3,4049.4,809
1782464700,4049.4,4055.3,4049.3,4054,1280
1782465000,4054,4057.7,4053.1,4054.9,1234
1782465300,4055,4062.7,4049.4,4062.3,2343
1782465600,4062.3,4064.8,4058.4,4063.6,1567
1782465900,4063.7,4066.5,4062.1,4063.2,1552
1782466200,4063.3,4065,4060.3,4063.4,1247
1782466500,4063.8,4069.7,4063.6,4067,1315
1782466800,4067,4069.1,4062.6,4063.3,1135
1782467100,4063.5,4064.7,4060.9,4062.4,885
1782467400,4062.5,4069.3,4061.9,4065.8,1059
1782467700,4065.4,4066,4062.5,4062.5,461
1782468000,4062.6,4064.5,4059.6,4062.9,896
1782468300,4063,4066.4,4062.1,4065.4,514
1782468600,4065.3,4067.7,4065.3,4066.6,735
1782468900,4066.6,4067.1,4060,4060,608
1782469200,4060.2,4061.4,4057.4,4059.5,772
1782469500,4059.7,4064.1,4058.8,4063.2,595
1782469800,4063.3,4069.6,4062.6,4069.1,781
1782470100,4069.3,4069.4,4064.2,4064.4,753
1782470400,4064.3,4066.1,4062,4063.7,520
1782470700,4063.8,4065.6,4062.5,4064,482
1782471000,4064.1,4069.9,4063.7,4068.1,571
1782471300,4068.3,4070.5,4066.6,4070.1,641
1782471600,4070.2,4071,4066.6,4068,1017
1782471900,4067.9,4070.1,4067,4068,540
1782472200,4068.1,4068.5,4062.5,4062.6,839
1782472500,4062.5,4069.6,4061.5,4068.4,1042
1782472800,4068.4,4069.2,4066.7,4067.5,438
1782473100,4067.4,4069.1,4065.9,4068.1,329
1782473400,4068.5,4071.5,4068.1,4069.3,691
1782473700,4069.1,4069.1,4063.5,4063.8,557
1782474000,4063.6,4065.6,4061.3,4061.9,840
1782474300,4061.9,4063.7,4060.5,4060.8,594
1782474600,4061,4061.4,4057.6,4059.7,1401
1782474900,4059.6,4062.4,4059.6,4061,830
1782475200,4061,4061.3,4058.3,4059.8,723
1782475500,4059.7,4063.1,4059.5,4062.7,605
1782475800,4062.7,4066,4062.5,4064.2,874
1782476100,4064.2,4066.7,4058.9,4059.6,796
1782476400,4059.4,4061.9,4056.7,4058.7,1550
1782476700,4059,4062.6,4059,4061.6,646
1782477000,4061.1,4064.1,4057.6,4059.7,1198
1782477300,4059.7,4061.2,4058.1,4058.9,972
1782477600,4059.3,4059.3,4050.6,4055,2517
1782477900,4054.9,4059.3,4053.9,4059.1,1362
1782478200,4059,4063.8,4058.3,4060.7,1668
1782478500,4060.9,4076.7,4060.9,4074,3470
1782478800,4074.1,4081,4065,4067.2,4363
1782479100,4067.3,4068.2,4058.1,4059.7,2766
1782479400,4060,4065.9,4058.3,4065.1,2057
1782479700,4065.2,4068,4057.6,4065.1,2912
1782480000,4065.3,4073.6,4064.2,4072.1,2996
1782480300,4072,4073.5,4067.7,4072.1,2083
1782480600,4072,4072,4062.6,4065.3,2752
1782480900,4065.6,4066.3,4059.6,4062.7,2263
1782481200,4062.3,4077.2,4062.2,4077.2,2641
1782481500,4077.3,4080.4,4072.8,4077,2281
1782481800,4077,4084.5,4075.8,4079,3319
1782482100,4079.4,4093.1,4078.9,4088.9,3708
1782482400,4089,4095,4083,4093.1,4491
1782482700,4093,4095.8,4087.5,4095,2929
1782483000,4095,4100.7,4092.3,4097.5,3499
1782483300,4097.9,4108.6,4096.9,4104.1,3984
1782483600,4104.1,4108.3,4102.8,4104.2,2668
1782483900,4104.3,4106.5,4099.3,4099.5,2215
1782484200,4099.6,4100.3,4094.8,4095.4,2672
1782484500,4095.8,4097,4091.4,4094.4,1750
1782484800,4094.4,4099.3,4091.5,4097.8,1970
1782485100,4097.7,4107.1,4097.7,4103.2,2398
1782485400,4103.9,4104.1,4098.8,4103.1,2039
1782485700,4103.1,4106.7,4095.5,4095.5,2204
1782486000,4095.8,4098.4,4094.1,4094.6,1353
1782486300,4094.7,4096.4,4090.4,4095.9,2074
1782486600,4095.8,4097.7,4092.6,4094.7,1487
1782486900,4094.7,4099.9,4092.8,4097.2,1671
1782487200,4097.3,4099.1,4095.3,4097.2,1154
1782487500,4097.1,4099.7,4095.5,4099.1,716
1782487800,4099.5,4104,4097,4097,1718
1782488100,4097.1,4109.7,4096.7,4106.8,2135
1782488400,4106.8,4110.8,4106.3,4110.3,1957
1782488700,4110.4,4111.8,4105.7,4110.1,1772
1782489000,4110.4,4110.8,4098.3,4101.7,3485
1782489300,4101.7,4107.3,4101.2,4106.3,1160
1782489600,4106,4108.3,4105.2,4107,1078
1782489900,4106.8,4107.1,4103.6,4104.4,621
1782490200,4104.6,4107.9,4103.4,4106.5,706
1782490500,4106.6,4109.1,4105.1,4105.7,987
1782490800,4105.8,4106,4098.6,4101.1,1728
1782491100,4100.9,4103.9,4100,4102.1,592
1782491400,4102.2,4108.5,4102.2,4103.4,1526
1782491700,4103.3,4104.1,4099.6,4099.8,943
1782492000,4100,4101.4,4097.4,4099.4,1012
1782492300,4099.6,4102,4098.8,4098.9,740
1782492600,4099.2,4100.6,4097.8,4100.3,703
1782492900,4100.5,4100.8,4098.8,4100.2,301
1782493200,4100.2,4101,4098.5,4099.7,475
1782493500,4099.8,4103.3,4099.4,4102,667
1782493800,4102.1,4102.6,4097.6,4098.6,736
1782494100,4098.7,4099.5,4096.6,4096.8,770
1782494400,4096.8,4100.3,4095.4,4099.9,1166
1782494700,4099.6,4099.9,4095.5,4096.6,1176
1782495000,4096.8,4098.4,4091.2,4093.2,1395
1782495300,4093.2,4094.1,4089.2,4090.5,1075
1782495600,4090.6,4092.7,4089.2,4091.7,690
1782495900,4091.6,4092.9,4089.2,4091.1,597
1782496200,4091.3,4091.9,4089.4,4090.1,414
1782496500,4090.1,4090.5,4088.2,4089.5,653
1782496800,4089.6,4091.7,4087,4091.4,925
1782497100,4091.4,4094.1,4089.9,4092.3,897
1782497400,4092.2,4093.1,4090.8,4091.8,491
1782497700,4091.6,4091.8,4088.4,4089.1,473
1782498000,4089.1,4089.5,4086.2,4086.5,746
1782498300,4086.7,4088.6,4086.6,4088.3,380
1782498600,4088.3,4090.3,4088.2,4089.3,580
1782498900,4089.5,4089.6,4087.4,4088.7,254
1782499200,4088.7,4088.9,4086.5,4087.4,329
1782499500,4087.3,4087.3,4082.3,4084,997
1782499800,4084.2,4085.6,4083.2,4085,493
1782500100,4085.1,4086.3,4081.8,4082.1,598
1782500400,4082.1,4083.3,4079.5,4080,1024
1782500700,4080,4082.2,4079.1,4081.4,519
1782501000,4081.2,4084.6,4080.6,4084,593
1782501300,4084.1,4084.3,4081.8,4082.7,500
1782501600,4082.6,4082.7,4079.1,4080.3,689
1782501900,4080.1,4082.4,4079.5,4080.8,389
1782502200,4081,4085,4080.1,4084.8,857
1782502500,4084.6,4085.5,4082.5,4083,498
1782502800,4083,4084.9,4082.4,4083.3,418
1782503100,4083.3,4084.7,4081.5,4084.5,486
1782503400,4084.6,4088.8,4084.4,4087.8,953
1782503700,4087.9,4089.1,4085.8,4086.2,844
1782504000,4086.3,4087.2,4085.2,4085.8,638
1782504300,4085.9,4085.9,4080.4,4080.8,461
1782504600,4080.6,4083,4078.8,4082.5,440
1782504900,4082.5,4082.8,4080.6,4082,411
1782505200,4082.2,4085.8,4081.7,4085.8,370
1782505500,4085.9,4087.1,4085.4,4086.6,283
1782505800,4086.2,4086.3,4081.5,4084.2,515
1782506100,4084,4084.8,4082,4083.5,224
1782506400,4083.6,4085.5,4083.3,4084.9,196
1782506700,4084.9,4090.3,4084.5,4090.2,566
1782507000,4090.1,4096.4,4087.7,4095.8,673
1782507300,4095.3,4104.4,4094.3,4103.7,1132
1782684000,4102.6,4102.9,4086.1,4090.1,2952
1782684300,4089.6,4097.5,4086.6,4089.8,1758
1782684600,4089.8,4092.3,4083.3,4084.3,1525
1782684900,4084.3,4084.3,4066.9,4073.8,3477
1782685200,4073.7,4076.9,4069.7,4073.5,1474
1782685500,4073.7,4075.7,4070.3,4071.1,740
1782685800,4071,4077.2,4070,4071.3,1023
1782686100,4071.1,4076.1,4069.7,4074.8,743
1782686400,4075.2,4079.6,4075.2,4077.4,808
1782686700,4077.1,4083.5,4077,4083.3,719
1782687000,4083,4083.1,4076.2,4078.4,1036
1782687300,4078.7,4083.7,4078.1,4080.7,968
1782687600,4080.7,4084.3,4079.6,4081.8,865
1782687900,4081.8,4085.3,4080,4084.7,844
1782688200,4084.2,4084.5,4079,4079.4,673
1782688500,4079.4,4079.6,4073.2,4074.1,1357
1782688800,4074.2,4075,4069.2,4071.6,1139
1782689100,4071.6,4073.4,4069.3,4071,694
1782689400,4071,4071.7,4065.7,4070.4,1476
1782689700,4070.2,4077,4069.9,4074.8,1163
1782690000,4074.9,4077,4074.1,4077,503
1782690300,4076.9,4080,4075.7,4075.8,1175
1782690600,4076.2,4080.9,4075.3,4078.7,851
1782690900,4078.9,4080,4076.6,4076.9,613
1782691200,4076.7,4079.3,4071.5,4076.2,1768
1782691500,4076.4,4076.7,4067.5,4072.4,1638
1782691800,4072.7,4075.2,4070.8,4073.3,972
1782692100,4072.9,4076.5,4071.5,4071.7,1269
1782692400,4072,4072.6,4063.9,4066.7,2059
1782692700,4066.8,4067.3,4062.3,4062.4,1147
1782693000,4062.6,4069.6,4062.5,4068.3,1226
1782693300,4068.2,4076,4067.7,4074.4,1496
1782693600,4074.8,4083.9,4074.7,4083.8,1881
1782693900,4083.5,4083.6,4077,4080.5,1129
1782694200,4080.2,4083.8,4078.5,4083.7,772
1782694500,4083.4,4088.6,4082.1,4083.8,1655
1782694800,4083.7,4084.4,4072.1,4078.4,3074
1782695100,4078.7,4088.7,4074.1,4076.4,2454
1782695400,4076.4,4079.1,4068.2,4069.4,2020
1782695700,4069.3,4075.1,4069,4072.7,1630
1782696000,4072.5,4078.1,4071.3,4075.9,834
1782696300,4075.9,4080.7,4073.5,4073.9,1098
1782696600,4073.5,4075.3,4070.1,4074.1,1157
1782696900,4074.5,4079.2,4073.8,4076.5,687
1782697200,4076.5,4081.3,4076,4078.3,701
1782697500,4078.2,4078.5,4069.3,4074.9,1275
1782697800,4074.6,4076.5,4070.9,4076.1,684
1782698100,4076.1,4077.8,4073.7,4075.4,505
1782698400,4075.5,4085.1,4073.6,4080,1980
1782698700,4080.2,4081.7,4074.1,4076.4,1032
1782699000,4076.6,4081.2,4074.8,4075.6,1051
1782699300,4075.4,4083.7,4074.7,4082.1,925
1782699600,4082.1,4084.9,4079.7,4082.4,645
1782699900,4082.5,4085.4,4081.4,4083.7,587
1782700200,4083.6,4086.6,4081.9,4083.5,1037
1782700500,4082.8,4083.2,4074.4,4075.1,1355
1782700800,4074.7,4077.9,4072.8,4074.9,966
1782701100,4075.4,4084.2,4073.6,4082.3,1607
1782701400,4082.1,4084.2,4078.7,4082.3,1019
1782701700,4082.3,4083.4,4079.6,4081,458
1782702000,4081.1,4082.1,4079.7,4080.7,410
1782702300,4080.9,4085,4080,4084.7,503
1782702600,4084.4,4085.9,4080.1,4083.8,627
1782702900,4083.7,4086.4,4082.2,4084.2,644
1782703200,4084.3,4091.1,4083.8,4088.5,1232
1782703500,4088.2,4088.5,4085.6,4087.1,363
1782703800,4087.4,4088.3,4082.4,4084.5,802
1782704100,4083.9,4084.4,4080.1,4082,852
1782704400,4081.5,4086.5,4080.1,4082.4,961
1782704700,4082.3,4082.8,4080.8,4082.5,315
1782705000,4082.4,4086.6,4081.3,4084.8,488
1782705300,4084.5,4084.5,4082.4,4083.8,258
1782705600,4083.5,4083.7,4079.8,4082.2,429
1782705900,4082.1,4082.6,4079.6,4080.7,338
1782706200,4080.7,4081.4,4078.4,4079.7,497
1782706500,4080,4080,4076.5,4078.9,619
1782706800,4078.9,4079,4076.5,4078.2,281
1782707100,4078.1,4080.8,4078,4079.2,533
1782707400,4079.2,4079.5,4074.5,4075.5,561
1782707700,4075.5,4076.1,4069,4069,1118
1782708000,4069.2,4072,4066.6,4071.4,1279
1782708300,4071.4,4072.4,4069.7,4071.3,413
1782708600,4071.4,4072,4068.2,4068.4,454
1782708900,4068.2,4068.2,4063.5,4065.6,1094
1782709200,4065.7,4068.8,4061,4068.8,1512
1782709500,4068.5,4071.5,4064.8,4066.9,1120
1782709800,4066.6,4070.4,4066.2,4070.2,469
1782710100,4069.7,4071.3,4067.5,4068.6,589
1782710400,4068.4,4070.7,4063.3,4064.9,822
1782710700,4064.6,4067,4062,4063.6,741
1782711000,4063.3,4064.5,4054.1,4059.5,3576
1782711300,4059.6,4060.1,4053.3,4058,1190
1782711600,4058.3,4066,4057.2,4064.7,1230
1782711900,4064.6,4067.8,4063.4,4063.9,862
1782712200,4064.2,4069.8,4061.4,4067.9,1128
1782712500,4067.9,4071.3,4066.7,4069,1060
1782712800,4068.8,4074.8,4067.9,4072.9,1284
1782713100,4073,4078.7,4072,4076.2,1187
1782713400,4075.8,4077,4072,4074.1,836
1782713700,4074.4,4074.9,4071.8,4074.5,560
1782714000,4074.2,4075,4071.8,4072.8,373
1782714300,4072.9,4077.7,4070.5,4075.7,966
1782714600,4075.5,4076.1,4070,4071.5,622
1782714900,4071.8,4074.5,4069.6,4074.1,753
1782715200,4074.5,4076.8,4073.1,4075.9,434
1782715500,4076.3,4079.9,4074.6,4077.8,919
1782715800,4077.8,4079.6,4076.6,4078.2,517
1782716100,4077.9,4079,4076.4,4077.1,434
1782716400,4077.2,4077.5,4072.7,4075.4,891
1782716700,4075.5,4075.5,4072.3,4074.3,427
1782717000,4074.3,4075.9,4070.7,4073.7,563
1782717300,4073.8,4077.5,4072.6,4075.1,567
1782717600,4074.9,4077.5,4072.6,4077,418
1782717900,4077.1,4081.1,4075.3,4080.9,708
1782718200,4080.8,4081.6,4077.1,4077.9,507
1782718500,4077.5,4078.3,4076.1,4077.8,365
1782718800,4078,4079.6,4075.5,4077.1,415
1782719100,4077.1,4078.9,4075.1,4078.1,433
1782719400,4077.9,4083.3,4077.5,4079.1,797
1782719700,4078.6,4080.8,4075.7,4076.1,686
1782720000,4075.8,4079,4074.8,4077.2,564
1782720300,4077.4,4080.6,4076.5,4078.3,424
1782720600,4078.1,4079.1,4076.5,4078.5,408
1782720900,4078.5,4080,4076.3,4078.4,343
1782721200,4078.4,4078.6,4075,4077,399
1782721500,4077,4078.4,4074,4075.5,510
1782721800,4075.5,4081,4075,4078.1,590
1782722100,4077.8,4078.4,4074.9,4076.8,468
1782722400,4076.8,4076.9,4068.7,4069.7,1260
1782722700,4069.6,4071.7,4067.5,4069.3,757
1782723000,4069.4,4069.9,4065.7,4065.8,982
1782723300,4065.8,4066.4,4057.6,4061.1,1731
1782723600,4060.8,4064.6,4059.3,4063.6,849
1782723900,4063.9,4069.3,4063.2,4067.1,882
1782724200,4067.2,4068,4062.3,4064.1,765
1782724500,4063.9,4067.4,4062.5,4065.8,534
1782724800,4065.8,4065.8,4060.9,4061.8,708
1782725100,4062,4063,4059.3,4061.5,1147
1782725400,4061.4,4064.9,4055.5,4059.5,2101
1782725700,4059.4,4059.5,4055,4057.3,783
1782726000,4057.3,4058.5,4054.7,4057.5,674
1782726300,4057.5,4058.3,4051.4,4053.8,984
1782726600,4054,4054.3,4046.2,4048.4,2072
1782726900,4048.3,4050.8,4038.4,4046.1,2576
1782727200,4045.9,4047.9,4041.8,4044.2,1125
1782727500,4044.2,4046.8,4043.7,4046.2,671
1782727800,4046.2,4054.5,4046,4052.5,1172
1782728100,4052.5,4052.6,4047.1,4049.8,939
1782728400,4049.6,4052.5,4048.8,4051.6,492
1782728700,4051.9,4053.3,4050.7,4051.5,635
1782729000,4051.5,4052.7,4045.8,4047.5,875
1782729300,4047.7,4053.1,4046,4052.6,687
1782729600,4052.4,4053,4047.7,4049.1,694
1782729900,4048.9,4049.7,4046.8,4049.4,515
1782730200,4049.2,4052.8,4048.4,4052.5,567
1782730500,4052.1,4052.6,4049.9,4051.5,475
1782730800,4051.7,4053.1,4049.5,4050.7,389
1782731100,4050.8,4052.5,4049.6,4051.2,325
1782731400,4051,4051.1,4046.9,4048.9,457
1782731700,4048.7,4050.3,4047.4,4047.8,414
1782732000,4047.7,4049.1,4043.3,4043.7,670
1782732300,4043.6,4046.5,4041.6,4046.2,957
1782732600,4046.1,4052.8,4044,4049.8,1784
1782732900,4049.7,4050.2,4046.3,4046.7,405
1782733200,4046.4,4051.3,4046.4,4049.2,628
1782733500,4049.4,4052.4,4049,4049.2,570
1782733800,4049.5,4053.1,4049.4,4052.5,519
1782734100,4052.5,4056.7,4051.4,4053.6,960
1782734400,4053.7,4062.3,4052.1,4060.1,1802
1782734700,4060.1,4062.8,4058.2,4062.3,1166
1782735000,4062.6,4067,4061.8,4062.2,1433
1782735300,4062.1,4064.3,4057.6,4057.9,1259
1782735600,4057.8,4060.1,4051.8,4054,1856
1782735900,4053.9,4055.7,4051.6,4052.5,1091
1782736200,4052.7,4058.5,4051.9,4057.4,1170
1782736500,4057.6,4061.6,4057.1,4059,1232
1782736800,4059.2,4060.8,4055.7,4059,829
1782737100,4059.1,4061.2,4056.6,4057.5,672
1782737400,4057.5,4062.2,4057.5,4058.9,735
1782737700,4058.9,4059.4,4056.7,4057.7,692
1782738000,4057.9,4066,4057.7,4065,1909
1782738300,4065.1,4066.4,4060.1,4060.3,861
1782738600,4060.4,4064.2,4058.5,4061.4,884
1782738900,4061.3,4064.2,4059.8,4063.5,497
1782739200,4063.4,4063.5,4057.3,4057.6,998
1782739500,4057.8,4057.8,4051.8,4051.8,1472
1782739800,4052,4058.8,4050.8,4057.6,2036
1782740100,4057.2,4058.4,4048,4050.2,2085
1782740400,4050.2,4056,4049.3,4052.6,1470
1782740700,4052.5,4054.6,4047,4049.4,1657
1782741000,4049.1,4050.6,4044.1,4046,1676
1782741300,4045.8,4048.1,4042.3,4046.2,2160
1782741600,4046.5,4049.7,4036.3,4041.3,3728
1782741900,4041.3,4042.4,4028.9,4029.8,4804
1782742200,4029.8,4032,4021.7,4022.7,4090
1782742500,4022.5,4032.8,4012.5,4031.5,6938
1782742800,4031.6,4034.9,4029.2,4034.4,2177
1782743100,4034.5,4043,4034.1,4038.9,3168
1782743400,4038.9,4042.5,4037.5,4040.6,1562
1782743700,4040.6,4042.1,4035.1,4037.8,1575
1782744000,4037.6,4038.8,4033.8,4035,1353
1782744300,4035.1,4037.8,4031.9,4033.9,1557
1782744600,4033.7,4041.3,4033,4040.3,1723
1782744900,4040.2,4044.7,4037.9,4039.9,1787
1782745200,4040.2,4040.6,4035,4035.1,1202
1782745500,4035.1,4039.2,4034.7,4037.2,801
1782745800,4037.4,4038.7,4033.1,4035.9,934
1782746100,4035.9,4041.9,4035.2,4036.3,1366
1782746400,4036.3,4036.4,4030,4031.8,1664
1782746700,4032.1,4038.8,4031.7,4038.5,1395
1782747000,4038.6,4040.9,4037.1,4037.6,1226
1782747300,4037.1,4039,4031.7,4037,1625
1782747600,4037.1,4037.8,4035.5,4037,426
1782747900,4036.7,4042.4,4036.5,4041.1,1071
1782748200,4041,4044.1,4039.8,4042.8,1054
1782748500,4042.7,4045.3,4041,4041.5,1000
1782748800,4041.7,4043.3,4039.8,4040.8,851
1782749100,4040.6,4042.3,4038.5,4042,705
1782749400,4041.8,4042.5,4037.5,4038.5,576
1782749700,4038,4040.1,4036.1,4039.9,791
1782750000,4039.8,4041.2,4039.2,4040.2,321
1782750300,4040.3,4040.3,4037.9,4038.2,373
1782750600,4038.4,4039,4033,4033.8,897
1782750900,4034.1,4036.2,4033.8,4035.8,411
1782751200,4035.4,4036.9,4033.8,4035.5,599
1782751500,4035.6,4040.8,4035.2,4040.5,769
1782751800,4040.5,4042.7,4039.9,4040.4,680
1782752100,4040.2,4041.2,4038.1,4038.2,446
1782752400,4038.4,4040.4,4037.5,4039.8,548
1782752700,4039.8,4046.5,4039.8,4045.1,1250
1782753000,4044.8,4046.8,4042.4,4043.6,1047
1782753300,4043.5,4045.5,4042.9,4045,810
1782753600,4045,4045,4040.8,4041.7,730
1782753900,4041.3,4041.7,4036.6,4038.3,1377
1782754200,4038.5,4038.8,4035.4,4037.9,637
1782754500,4038.2,4039.1,4036.6,4038.4,381
1782754800,4038.1,4039,4036.1,4036.3,373
1782755100,4036.5,4037,4035,4035.8,440
1782755400,4035.9,4037.1,4034.2,4036,465
1782755700,4035.7,4036.6,4033.6,4035.6,479
1782756000,4035.5,4038.7,4035.2,4038.2,546
1782756300,4038.3,4038.4,4036.2,4037.2,217
1782756600,4037,4039.1,4037,4038.7,247
1782756900,4038.6,4040,4037.4,4039.2,337
1782757200,4039.4,4039.9,4038.3,4039.1,229
1782757500,4039,4039,4034.8,4035.7,474
1782757800,4035.8,4036.2,4034.5,4034.9,332
1782758100,4035.1,4035.5,4034.3,4035.1,199
1782758400,4035.5,4036,4034,4035.5,247
1782758700,4035.4,4035.8,4030.2,4030.4,688
1782759000,4030.7,4032.6,4029.8,4031.9,467
1782759300,4031.8,4031.9,4026.4,4027.5,824
1782759600,4027.7,4029.2,4023.8,4024,679
1782759900,4024.1,4026.2,4023.9,4025.9,504
1782760200,4025.7,4026.4,4022.2,4022.4,871
1782760500,4022.1,4023.6,4019.3,4023.1,1042
1782760800,4023.4,4027,4022.9,4025.8,1120
1782761100,4026,4031.7,4026,4031.6,769
1782761400,4031.6,4034.3,4031.1,4032,855
1782761700,4031.9,4033.7,4031.3,4032.1,318
1782762000,4031.8,4032.7,4030.8,4032.4,338
1782762300,4032.5,4033.1,4029.1,4029.4,458
1782762600,4029.5,4030,4027.5,4028.5,567
1782762900,4028.6,4031.7,4027.1,4030.2,890
1782763200,4030.6,4030.6,4028.7,4029.7,373
1782763500,4029.8,4030.4,4027.4,4028.6,233
1782763800,4028.9,4029.4,4028.1,4028.7,217
1782764100,4028.8,4031.4,4028.8,4031.1,262
1782764400,4031.2,4031.5,4030.6,4030.9,113
1782764700,4031.1,4032.7,4030.5,4032.4,190
1782765000,4032.2,4032.4,4030.6,4031.6,141
1782765300,4031.5,4031.7,4029.1,4029.3,183
1782765600,4029.3,4030.4,4028.9,4030.2,175
1782765900,4030.1,4030.6,4029,4029.1,205
1782766200,4029.2,4031.8,4029.2,4031.4,327
1782766500,4031.4,4031.8,4030.5,4030.8,235
1782770400,4030.8,4035.3,4030.6,4032.5,603
1782770700,4032.8,4035.7,4030.8,4035,433
1782771000,4035,4037.3,4031.9,4032.7,447
1782771300,4032.8,4034.3,4031.8,4034.2,550
1782771600,4034,4034.7,4031.3,4032,424
1782771900,4031.7,4031.7,4029.3,4030,454
1782772200,4029.7,4030,4027.2,4027.9,521
1782772500,4028,4028.5,4026.3,4026.7,328
1782772800,4026.6,4029.1,4024.5,4024.5,751
1782773100,4024.4,4028.4,4023.5,4028.4,614
1782773400,4028.4,4030.8,4027.1,4029.4,606
1782773700,4029.6,4031.3,4026.7,4028.7,755
1782774000,4028.7,4032.6,4028.3,4031.9,647
1782774300,4032.2,4035.7,4031.8,4033.3,558
1782774600,4033.5,4035.8,4033.5,4034.8,410
1782774900,4034.8,4036.9,4034.5,4035.4,439
1782775200,4035.5,4035.7,4032.1,4032.7,510
1782775500,4032.4,4032.9,4029.8,4030.8,545
1782775800,4030.8,4036,4029.4,4033.7,732
1782776100,4033.5,4034,4032.3,4032.8,255
1782776400,4032.9,4032.9,4027.2,4029.1,848
1782776700,4029,4031.3,4027.4,4030.8,601
1782777000,4031,4032.6,4028.8,4029.6,393
1782777300,4029.3,4030,4028,4028.8,278
1782777600,4028.6,4029.1,4021.3,4022.1,1526
1782777900,4022.2,4022.2,4017,4018.1,1957
1782778200,4018.3,4027.8,4018.3,4024.3,1772
1782778500,4024,4025.5,4018.4,4019.4,1010
1782778800,4019.5,4023.1,4019.5,4021.8,690
1782779100,4022.1,4022.6,4017.5,4020,552
1782779400,4019.9,4020.5,4014,4015.5,1352
1782779700,4015.4,4016.3,4008.2,4009.4,2372
1782780000,4009,4011.4,4004.4,4005.2,1864
1782780300,4005.4,4007.6,4003.6,4005.9,1152
1782780600,4005.8,4007.9,4003.8,4005.3,849
1782780900,4005,4005.7,3990.6,4000.4,5004
1782781200,4000.7,4000.7,3988.8,3993.6,3854
1782781500,3992.6,3993.3,3955.3,3976.7,11081
1782781800,3977.6,3983.4,3968.2,3971.7,3540
1782782100,3971.7,3985.1,3963.7,3984,4125
1782782400,3983.8,3988.9,3979.4,3983.6,2786
1782782700,3983.5,3994.4,3981.3,3992.3,2469
1782783000,3992.4,3993.1,3987.6,3989.2,1981
1782783300,3989.6,3990.6,3983.3,3984.4,1847
1782783600,3984.5,3986.1,3978.9,3982.2,2673
1782783900,3982.1,3987,3974.7,3975.7,2455
1782784200,3976.1,3980.2,3974.7,3977.3,1438
1782784500,3977.5,3983.3,3975.6,3982.5,1648
1782784800,3982.3,3986.6,3979.7,3982.9,2075
1782785100,3983.5,3984.2,3971.9,3972.6,1750
1782785400,3972.7,3974,3965.7,3971,2324
1782785700,3970.8,3975.3,3969.1,3974.2,1284
1782786000,3974.3,3978,3969.2,3977.1,1787
1782786300,3976.3,3978.8,3973.6,3975,1362
1782786600,3975,3976.4,3969.4,3971.6,1298
1782786900,3971.8,3976.1,3967.3,3975.7,1462
1782787200,3975.5,3977.2,3970.1,3972.8,1024
1782787500,3972.6,3977.7,3972.3,3977.2,1123
1782787800,3977.5,3983.7,3976.4,3979.8,1732
1782788100,3979.8,3980.3,3972.8,3975.9,1579
1782788400,3975.9,3982.9,3975.7,3980.8,1503
1782788700,3981.4,3982.3,3978.5,3980.7,742
1782789000,3980.5,3983,3978.8,3979.8,871
1782789300,3979.3,3984.6,3979.2,3983.1,1098
1782789600,3983.4,3984,3978.5,3979.2,1255
1782789900,3978.9,3981,3976.2,3978.7,1026
1782790200,3978.5,3980.1,3973,3974.1,1042
1782790500,3974.4,3978.9,3974.1,3977.8,516
1782790800,3977.5,3978.3,3975.3,3976.2,458
1782791100,3976,3981.4,3976,3981.1,613
1782791400,3981,3983,3980,3980.3,676
1782791700,3980,3984.1,3979,3982.7,829
1782792000,3982.6,3988.1,3982.2,3985,1448
1782792300,3984.5,3984.8,3981.1,3982.3,676
1782792600,3982.4,3986.9,3981.4,3985.8,595
1782792900,3985.9,3988.5,3985.2,3987.8,744
1782793200,3987.7,3991.6,3987.7,3990.4,1066
1782793500,3990.7,3997,3990.6,3996.1,1607
1782793800,3995.8,4010.2,3995.7,4009.9,3081
1782794100,4009.8,4011.6,4005.6,4006.3,2319
1782794400,4006.2,4006.3,4000.6,4002.3,1660
1782794700,4002.3,4003.5,3997.3,4003.1,1798
1782795000,4003,4005.5,4001.5,4001.8,1031
1782795300,4001.8,4002.6,3999,3999.1,583
1782795600,3999,4002.6,3997.6,4001.6,978
1782795900,4001.7,4004.3,3999.5,4000.9,668
1782796200,4001.2,4001.9,3997.5,3998.7,546
1782796500,3998.3,3999.3,3994.3,3994.6,949
1782796800,3995,3999.5,3993.3,3998.8,813
1782797100,3999.1,4001.3,3992,3996.2,1277
1782797400,3996.4,3996.5,3989.1,3990.9,1590
1782797700,3990.7,3996.1,3988.6,3995.5,1099
1782798000,3995.6,3998.6,3992.7,3992.9,1278
1782798300,3992.6,3995.8,3991.4,3993.3,703
1782798600,3993.5,3995.2,3989.7,3994.5,724
1782798900,3994.2,3994.6,3990.3,3991.6,504
1782799200,3991.7,4000.1,3991.7,3998.2,1210
1782799500,3998.1,4003.6,3997.7,4000.6,1250
1782799800,4000.5,4001.4,3998.4,4001,822
1782800100,4001.1,4002.1,3997.3,4000.3,764
1782800400,4000.3,4017,3999.2,4013.7,2930
1782800700,4013.6,4027,4010.6,4025.5,3577
1782801000,4025.3,4044.8,4024.2,4043.9,5583
1782801300,4044,4047.7,4035.1,4036,3378
1782801600,4035.9,4042.3,4035.3,4038.8,1668
1782801900,4038.4,4047.3,4037.2,4045.8,2107
1782802200,4045.3,4046,4040.7,4041.1,1357
1782802500,4041.3,4045.9,4040.4,4043,1149
1782802800,4043.5,4043.9,4038.4,4041.2,1331
1782803100,4041,4044,4038.2,4041.8,851
1782803400,4041.6,4041.8,4037.5,4039.6,925
1782803700,4039.5,4044.5,4039.2,4043.3,748
1782804000,4043.2,4046.4,4040.5,4044.8,975
1782804300,4044.6,4049.2,4042,4042.7,1487
1782804600,4042.5,4046,4039.8,4045.5,831
1782804900,4045.6,4046.1,4041.1,4043.9,741
1782805200,4044,4044.5,4041.6,4042.8,479
1782805500,4042.6,4045.1,4040.8,4042.4,441
1782805800,4042,4044.4,4039.5,4044,548
1782806100,4044.2,4047.3,4043.4,4046,743
1782806400,4046.3,4050.7,4045.6,4050,1482
1782806700,4049.5,4051.9,4040.1,4041.7,1391
1782807000,4041.7,4042.1,4035.5,4038,1402
1782807300,4038.2,4038.3,4034.3,4035.9,1099
1782807600,4036,4039.6,4033.5,4035,1045
1782807900,4034.9,4040.5,4034.6,4039.8,653
1782808200,4039.8,4040.9,4037.1,4037.2,504
1782808500,4037.2,4037.3,4032.2,4033,860
1782808800,4033.4,4033.6,4028.5,4031.5,1292
1782809100,4031.8,4033.6,4030.6,4032.4,767
1782809400,4032.4,4033.6,4027.2,4030.5,1045
1782809700,4030.8,4031.4,4028.1,4029.3,556
1782810000,4029.3,4033.4,4028.4,4033.2,526
1782810300,4033.2,4035.8,4032.7,4032.7,705
1782810600,4032.7,4033.8,4030.9,4032.3,319
1782810900,4032.5,4033.3,4031.1,4032.1,287
1782811200,4032.3,4036.9,4032,4033.1,1060
1782811500,4032.9,4034.4,4029.9,4031.1,744
1782811800,4031.5,4032.7,4026.5,4027.1,1141
1782812100,4027.4,4030.6,4025.8,4029.8,737
1782812400,4029.9,4032.7,4029.6,4032.5,379
1782812700,4032.7,4034.5,4032.3,4032.9,508
1782813000,4032.7,4037.6,4032.2,4036.1,593
1782813300,4036,4038.2,4034.4,4037.8,528
1782813600,4038.2,4040.5,4037.4,4038.7,833
1782813900,4038.7,4040.8,4036,4038.4,770
1782814200,4038.4,4040,4035.5,4039.9,463
1782814500,4040,4041.4,4037.6,4038.2,522
1782814800,4038.2,4040.2,4037.9,4040,317
1782815100,4040,4043.2,4039.1,4042.4,621
1782815400,4042.4,4042.4,4039.1,4040.5,519
1782815700,4040.5,4042.8,4039.9,4041.7,348
1782816000,4041.5,4044,4040.9,4041.8,430
1782816300,4042.1,4044.1,4040.2,4042.5,511
1782816600,4042.8,4043.7,4042,4043.1,386
1782816900,4043,4045.4,4042.8,4043.9,713
1782817200,4044,4044.2,4039.2,4042.6,876
1782817500,4042.6,4046.2,4042.6,4044.9,891
1782817800,4044.8,4047.9,4044.8,4047.6,584
1782818100,4047.6,4048.6,4043.8,4044.5,794
1782818400,4044.7,4048,4043.9,4045.2,596
1782818700,4045.2,4048.2,4043.9,4045.9,613
1782819000,4046,4047.7,4043.4,4044.7,490
1782819300,4045,4045.9,4042.1,4045.9,514
1782819600,4045.8,4049.3,4044.2,4048.6,775
1782819900,4048.7,4051.4,4045.4,4046.7,1085
1782820200,4046.6,4046.9,4043.7,4045.6,828
1782820500,4045.5,4048.4,4044.6,4047.4,540
1782820800,4047.7,4048.3,4043.9,4045.4,785
1782821100,4045.6,4045.8,4042.1,4042.3,889
1782821400,4042.2,4042.6,4039.9,4040.4,1268
1782821700,4040.4,4042.6,4038.6,4040.2,955
1782822000,4040.3,4040.5,4031.3,4031.8,1794
1782822300,4031.5,4032.4,4028.7,4030.9,1673
1782822600,4030.6,4035.9,4028.4,4030.3,1889
1782822900,4030.2,4032,4026.3,4032,1595
1782823200,4031.7,4033.6,4029.6,4032.6,938
1782823500,4032.4,4032.4,4027.3,4029,907
1782823800,4028.7,4030,4026.1,4028.2,1000
1782824100,4027.9,4028.4,4022,4023.5,2107
1782824400,4023.6,4032,4023,4029.9,2718
1782824700,4029.8,4038.2,4028.9,4037.4,1951
1782825000,4037,4039.8,4036,4037.5,1915
1782825300,4037.2,4044.5,4035.6,4044,2195
1782825600,4044,4047.9,4033,4033.6,3252
1782825900,4033.8,4038,4033.5,4037.9,1300
1782826200,4037.8,4041.8,4033.2,4036,2546
1782826500,4036.1,4037.5,4027.2,4027.9,2911
1782826800,4027.9,4040.9,4027.9,4039.4,2024
1782827100,4039.1,4042.9,4036.1,4037.9,2037
1782827400,4038.2,4047.3,4037.8,4043.2,2147
1782827700,4043.1,4046.9,4041,4043.9,1668
1782828000,4044.8,4046,4039,4040.5,2806
1782828300,4040.5,4060,4039.7,4057.9,4828
1782828600,4057.6,4064,4051.5,4058.3,5474
1782828900,4057.8,4064.3,4057.5,4064,3160
1782829200,4063.5,4078.3,4062.4,4077.7,6081
1782829500,4077.3,4077.4,4068.4,4069,3001
1782829800,4068.8,4073.3,4066,4066.6,2458
1782830100,4066.5,4068.5,4059.3,4063.9,3027
1782830400,4064.1,4068.5,4062.6,4065.6,1882
1782830700,4065.6,4065.8,4057.9,4058.3,1814
1782831000,4058.8,4062.3,4056.1,4058,1361
1782831300,4058.2,4059,4051.8,4052,1585
1782831600,4052.2,4054.2,4048.4,4049.5,2760
1782831900,4049.4,4052.8,4046.7,4049.7,2245
1782832200,4049.7,4051.9,4046.4,4050.7,1518
1782832500,4050.5,4050.5,4040.4,4041.5,2626
1782832800,4041.3,4043.8,4036.2,4041.8,2608
1782833100,4041.7,4045.2,4041.2,4042.8,1259
1782833400,4043.2,4045.7,4041.6,4044,916
1782833700,4044.2,4045.7,4041.5,4045,909
1782834000,4045.1,4045.3,4040.9,4043.7,842
1782834300,4043.6,4050.6,4043.6,4047.8,1766
1782834600,4047.5,4048.6,4045.5,4048.4,753
1782834900,4048.6,4049.2,4043.3,4044,1051
1782835200,4043.8,4044.9,4040.4,4041.8,1222
1782835500,4041.7,4043.6,4040.2,4041.5,781
1782835800,4041.5,4044.9,4040.8,4044.6,625
1782836100,4044.5,4045.7,4042.3,4044.6,748
1782836400,4044.9,4046.3,4043.3,4044,648
1782836700,4044,4045.4,4043.2,4044.3,386
1782837000,4044.5,4046,4043.4,4045.3,427
1782837300,4045.2,4045.4,4042,4044.5,446
1782837600,4044.6,4046.8,4042.9,4046,549
1782837900,4045.8,4048.3,4045.6,4046.1,839
1782838200,4045.9,4046.4,4044.3,4046.1,484
1782838500,4046.1,4046.1,4040.3,4040.6,981
1782838800,4040.7,4042.8,4038.6,4041.3,1088
1782839100,4041.2,4041.4,4035.4,4036.9,1393
1782839400,4036.9,4038.1,4034.3,4037.8,1346
1782839700,4037.7,4042.8,4037.5,4041.1,1074
1782840000,4041,4041.5,4037.4,4038.2,886
1782840300,4038.1,4041,4034.9,4040,2059
1782840600,4040.1,4043.3,4040,4042.3,1036
1782840900,4042.3,4043.4,4040.5,4041.7,464
1782841200,4041.7,4044.6,4040.9,4044.2,476
1782841500,4044.1,4045.8,4043.9,4044.5,590
1782841800,4044.5,4047.1,4044.4,4046,408
1782842100,4045.9,4046.4,4044.6,4045.5,454
1782842400,4045.6,4047.1,4045.4,4046.8,462
1782842700,4047,4049,4046.3,4047.7,533
1782843000,4047.5,4048.2,4046.9,4047,246
1782843300,4047.4,4047.6,4045.1,4047.2,433
1782843600,4047,4047.8,4045.7,4046.6,266
1782843900,4046.5,4047.1,4045.2,4046.5,340
1782844200,4046.4,4046.6,4043.9,4044.7,522
1782844500,4044.8,4046.3,4044.5,4044.6,218
1782844800,4044.8,4046.2,4042.9,4045.9,540
1782845100,4045.7,4046.8,4043.8,4046.3,444
1782845400,4046.4,4047.5,4045.3,4046.8,294
1782845700,4046.7,4046.7,4043.1,4043.2,440
1782846000,4043,4044.3,4041.3,4041.5,661
1782846300,4041.3,4042.2,4038.9,4039.7,583
1782846600,4039.9,4041.5,4037.9,4039,656
1782846900,4038.9,4040.2,4038.1,4038.7,525
1782847200,4038.7,4039.1,4036.5,4036.8,504
1782847500,4036.8,4037.2,4035.6,4035.8,390
1782847800,4036,4038,4035.3,4037,520
1782848100,4036.6,4037.3,4035.3,4036.7,351
1782848400,4036.7,4037.5,4035.7,4036.9,365
1782848700,4036.9,4037.3,4034.7,4035.1,442
1782849000,4035.2,4035.4,4030.2,4030.6,1457
1782849300,4031.2,4033.3,4029.1,4030.6,1442
1782849600,4030.4,4033.9,4027.9,4032.8,1060
1782849900,4032.6,4034.9,4032.1,4034,457
1782850200,4034.1,4035.5,4033.7,4034.5,234
1782850500,4034.5,4035.9,4032.3,4032.6,553
1782850800,4032.4,4032.7,4030.4,4030.4,442
1782851100,4030.4,4030.4,4027.2,4027.5,559
1782851400,4027.6,4028.5,4026,4026.5,389
1782851700,4026.4,4026.4,4024.6,4025.2,401
1782852000,4025.3,4026.7,4025.2,4025.9,237
1782852300,4026,4026.5,4024.5,4025.5,333
1782852600,4025.3,4026.2,4024.4,4025,198
1782852900,4025.1,4025.2,4020.1,4021.4,684
1782856800,4024,4028.5,4022.3,4027.2,990
1782857100,4027.2,4030.3,4026.9,4030.2,640
1782857400,4030.3,4030.8,4026.6,4027.6,725
1782857700,4027.7,4029.5,4025.7,4028,690
1782858000,4028,4028.1,4024.8,4026.1,735
1782858300,4026.1,4028.2,4025.4,4026.9,573
1782858600,4026.7,4029.1,4026.3,4028.2,303
1782858900,4028.5,4030,4028.1,4029.6,320
1782859200,4029.5,4032.5,4027.1,4027.2,812
1782859500,4027.1,4029.3,4025.6,4026.4,633
1782859800,4026.3,4026.9,4024,4024.9,621
1782860100,4025.1,4026.6,4024.9,4026.3,345
1782860400,4026.6,4026.9,4024.3,4025.9,616
1782860700,4025.9,4032.4,4025.7,4030.8,1182
1782861000,4030.8,4031.4,4027.2,4027.5,494
1782861300,4027.5,4028.7,4025.3,4025.3,476
1782861600,4025.1,4025.3,4021.6,4023.5,989
1782861900,4023.2,4024.9,4020.5,4024.3,595
1782862200,4024.1,4025.9,4022,4025,593
1782862500,4024.9,4025,4021.8,4023.4,292
1782862800,4023.6,4023.8,4022.1,4022.7,273
1782863100,4022.7,4023.5,4018,4020.6,1113
1782863400,4020.4,4021.9,4018.2,4020.5,693
1782863700,4020.4,4020.5,4017.4,4018.7,785
1782864000,4018.8,4021.2,4017.9,4019.9,816
1782864300,4019.8,4021.2,4018,4020.4,474
1782864600,4020.5,4023,4020.1,4021.5,925
1782864900,4021.6,4022.3,4014.4,4015.5,1347
1782865200,4015.7,4019.8,4014.4,4018.5,1308
1782865500,4018.5,4019.3,4013.2,4014.6,1072
1782865800,4014.8,4018.9,4013.6,4016.2,882
1782866100,4016.4,4018,4014,4014.2,591
1782866400,4014.2,4014.5,4008.4,4009.4,1987
1782866700,4009.4,4010.4,4007.6,4008.8,907
1782867000,4008.6,4011.6,4006.2,4007,1154
1782867300,4007.1,4012.8,4007,4010.2,1146
1782867600,4010,4013.8,4002.8,4003.4,3279
1782867900,4003.2,4003.7,3995.6,3998.4,2906
1782868200,3998.2,3998.5,3991.7,3997.5,2194
1782868500,3997.6,3997.7,3988.2,3994.4,1968
1782868800,3994.4,3999,3993.7,3996.3,1469
1782869100,3996.1,3998.8,3994.4,3998.3,1020
1782869400,3998.5,4001.6,3989.4,3992.3,2119
1782869700,3992.7,3994,3988.2,3988.5,1190
1782870000,3988.5,3993.1,3987.4,3991.6,1280
1782870300,3991.8,3994.8,3986,3992.2,1703
1782870600,3991.8,3993.1,3986.6,3989,1557
1782870900,3988.8,3991.9,3988.1,3990.5,585
1782871200,3990.5,3992.8,3987.2,3987.5,1020
1782871500,3987.2,3987.8,3983,3985.6,1776
1782871800,3985.3,3990,3984.7,3989.5,1132
1782872100,3989.1,3993.7,3988.6,3993.3,1160
1782872400,3993.4,3995.4,3992.5,3994.3,1078
1782872700,3994.5,3995.8,3992.7,3993.6,709
1782873000,3993.6,3997.9,3991.6,3994.5,1276
1782873300,3994.8,3999.1,3994.7,3996.4,1009
1782873600,3996.5,3997.1,3993.6,3995.9,629
1782873900,3996.1,3998.3,3994.8,3995,579
1782874200,3995.1,3998.3,3992.5,3993.2,666
1782874500,3993,3994.2,3991.1,3991.9,700
1782874800,3991.8,3995.8,3991.2,3994.5,704
1782875100,3994.4,3998,3993.8,3997.9,807
1782875400,3997.8,3998.6,3996.1,3996.6,425
1782875700,3996.3,4000.5,3995.9,3996.5,1033
1782876000,3996.7,3996.8,3993.5,3995.5,689
1782876300,3995.3,3995.7,3993.1,3994.3,519
1782876600,3994.4,3994.7,3988.4,3989.6,1631
1782876900,3989.8,3994.3,3989.6,3994,1006
1782877200,3994.2,3995.3,3990.2,3990.3,880
1782877500,3990.3,3992.3,3989.3,3990.3,682
1782877800,3990.2,3991.4,3989.5,3990.4,310
1782878100,3990.3,3993.4,3990.2,3993.4,502
1782878400,3993.4,3993.9,3987.7,3988.7,1103
1782878700,3988.5,3990.4,3988.1,3988.4,437
1782879000,3988.4,3989.6,3986,3989,730
1782879300,3989,3989.6,3987.1,3989,415
1782879600,3989,3990,3987.7,3989.5,500
1782879900,3989.3,3991,3988.9,3990.2,774
1782880200,3990.2,3993.5,3990.1,3990.6,823
1782880500,3990.6,3991.1,3986.4,3987.1,650
1782880800,3987.1,3987.8,3985.1,3987.5,485
1782881100,3987.4,3993,3987.1,3992.5,867
1782881400,3992.4,3994.4,3991.5,3993.2,789
1782881700,3993.3,3995.3,3989,3989.4,1003
1782882000,3989,3989.9,3984.5,3986.4,916
1782882300,3986,3987.7,3985.2,3986.3,699
1782882600,3986.1,3986.1,3982.1,3984.6,1287
1782882900,3984.5,3985.5,3982.6,3984.8,627
1782883200,3984.8,3988,3984.6,3987.5,578
1782883500,3987.3,3987.7,3985.3,3985.6,495
1782883800,3985.9,3991.7,3983.2,3990,1332
1782884100,3990,3990.9,3985.9,3988.4,800
1782884400,3988.3,3988.3,3984.5,3987.4,730
1782884700,3987.4,3989.7,3986.3,3988.1,519
1782885000,3988.1,3990.4,3986.6,3987.5,417
1782885300,3987.5,3991.9,3986.5,3986.7,821
1782885600,3986.8,3990.3,3985.8,3987.7,720
1782885900,3987.7,3988.8,3977,3979.7,3185
1782886200,3979.7,3981.8,3976.1,3977.9,1407
1782886500,3978.2,3979.6,3975.8,3979.1,1171
1782886800,3979.4,3982.7,3978.6,3982,1402
1782887100,3981.9,3982.6,3980,3980.2,503
1782887400,3980.5,3981.3,3976,3977.9,985
1782887700,3977.9,3981,3977.2,3980.5,624
1782888000,3980.5,3986.4,3980.3,3985.1,1491
1782888300,3984.9,3985.9,3981.2,3982.9,1075
1782888600,3982.9,3986.7,3982,3986.3,635
1782888900,3986.2,3986.2,3983.8,3985,623
1782889200,3985,3987.2,3978.2,3980,1340
1782889500,3979.5,3979.7,3973.2,3977.3,1772
1782889800,3977,3977.5,3973.5,3974.4,845
1782890100,3974.4,3983.8,3973.1,3982.9,1636
1782890400,3983,3985.2,3980.3,3980.5,944
1782890700,3980.6,3983.8,3976.5,3977.1,1065
1782891000,3977,3978.1,3973.7,3975.9,1816
1782891300,3976.2,3982.6,3976,3981.8,898
1782891600,3981.8,3984.4,3981.2,3984.1,1018
1782891900,3983.9,3986,3982.1,3984,1125
1782892200,3983.9,3988.8,3983.7,3984.1,1270
1782892500,3984,3991.3,3984,3988.8,1230
1782892800,3988.9,3989.3,3983.3,3984.5,998
1782893100,3984.4,3985.9,3982.8,3984.3,583
1782893400,3984.3,3987.4,3982.4,3987.2,609
1782893700,3987.4,3996.2,3987.2,3996,1517
1782894000,3995.6,3997.8,3992,3992.1,1364
1782894300,3992.5,3995.8,3991.8,3992.1,764
1782894600,3992,3993.1,3989,3991,772
1782894900,3991,3991,3985.8,3986.2,734
1782895200,3986.3,3992,3985.6,3990.3,704
1782895500,3990.4,3990.8,3987.8,3988.2,370
1782895800,3988.4,3991,3988,3990.2,340
1782896100,3990.4,3991,3984.5,3987.9,832
1782896400,3987.6,3989.3,3985.9,3988.3,455
1782896700,3988.3,3989.4,3986,3986.8,455
1782897000,3987.1,3991,3987.1,3988.9,542
1782897300,3988.9,3993.9,3988.7,3991.7,836
1782897600,3991.7,3992.8,3989.9,3990.8,442
1782897900,3990.7,3992.4,3990.1,3992.1,415
1782898200,3992.1,3994.7,3990.8,3993.5,664
1782898500,3993.4,3995.9,3993,3995.4,367
1782898800,3995.5,3995.7,3992.5,3994.8,467
1782899100,3995,3999.2,3994.9,3998.7,680
1782899400,3998.5,3998.7,3996.3,3998.6,653
1782899700,3998.5,3999.2,3996.8,3997.7,499
1782900000,3997.8,4002.8,3997.7,4001.4,1016
1782900300,4001.3,4004,4000.4,4001,693
1782900600,4001,4001.2,3996.1,3997.7,786
1782900900,3997.9,3998.2,3995,3995.6,571
1782901200,3995.3,3998.6,3994.4,3998.4,544
1782901500,3998.4,4000.7,3996.4,4000.2,493
1782901800,4000.3,4005.4,4000.2,4004.3,970
1782902100,4004.5,4007.6,4002.4,4003,948
1782902400,4003,4003.4,3999.7,4000.6,881
1782902700,4000.7,4004.5,4000.3,4004.3,515
1782903000,4004.6,4008,4004.4,4007.2,731
1782903300,4007.3,4012.3,4007.3,4011.8,1281
1782903600,4011.9,4021.5,4011.3,4020.3,2386
1782903900,4020.2,4024.6,4019.9,4024,1317
1782904200,4023.9,4033.4,4023.4,4029.6,2518
1782904500,4029.7,4038.5,4028.3,4036.3,2192
1782904800,4036.2,4039.9,4032.5,4038,2346
1782905100,4038,4043.5,4035,4040.5,1697
1782905400,4040.4,4042.1,4036.8,4038,1537
1782905700,4038.2,4040.2,4037.3,4038.4,791
1782906000,4038.4,4046.1,4036.9,4043.1,1509
1782906300,4043.2,4048.6,4042.3,4047.6,1592
1782906600,4047.8,4049.5,4043.5,4045.8,1383
1782906900,4046,4047.4,4043.9,4044.1,989
1782907200,4044.3,4047.8,4037.2,4038,2457
1782907500,4038,4038.7,4035.3,4036.8,1654
1782907800,4036.9,4038.3,4033.5,4035.4,1635
1782908100,4035.9,4042.4,4035.6,4042.1,2004
1782908400,4042,4044.2,4038.5,4043.1,1770
1782908700,4042.8,4044.4,4039.4,4039.6,1024
1782909000,4039.7,4047,4039,4042.9,2316
1782909300,4042.8,4044.2,4037.6,4038.1,2344
1782909600,4038.1,4044.7,4037,4039.9,2092
1782909900,4040.1,4041.8,4038.5,4040.4,858
1782910200,4040.2,4043.2,4039.2,4039.7,782
1782910500,4039.7,4041.2,4036.4,4036.8,1376
1782910800,4036.7,4039.1,4031,4036.4,3041
1782911100,4036.2,4036.4,4026.5,4031.8,2750
1782911400,4031.6,4036.4,4027.8,4034.9,2162
1782911700,4035,4046,4035,4038.6,3589
1782912000,4038.6,4061.7,4038.2,4057.7,5705
1782912300,4057.5,4061.8,4051.6,4061,3531
1782912600,4061.2,4068.7,4055.4,4062.3,4896
1782912900,4062.6,4086.6,4061.1,4085.7,6416
1782913200,4085.9,4115.5,4083.9,4113.3,9132
1782913500,4113.3,4122.6,4099.4,4104.8,9712
1782913800,4104.9,4113.1,4100,4102.7,4560
1782914100,4102.9,4108.2,4100.6,4104.4,2441
1782914400,4105.1,4116.5,4097.5,4099.8,5844
1782914700,4099.8,4110.8,4099.8,4109,2773
1782915000,4108.9,4114.5,4106.8,4107.5,2582
1782915300,4107.4,4113.4,4103.7,4109.2,2698
1782915600,4108.5,4121,4108.5,4119.4,3769
1782915900,4119.4,4121.6,4110,4115.1,3000
1782916200,4115.3,4126.7,4112.8,4125.6,3256
1782916500,4125.5,4130.8,4120,4120.7,4224
1782916800,4120.8,4121.5,4106.7,4107.6,3750
1782917100,4107.6,4110.1,4101.3,4103.3,3097
1782917400,4103.7,4105.8,4100.7,4103.9,1625
1782917700,4103.4,4109.6,4103.4,4107.7,1680
1782918000,4108,4109.2,4102.5,4103.9,1557
1782918300,4104.2,4108.2,4097.7,4098.8,2261
1782918600,4098.7,4101,4095.9,4099.4,2137
1782918900,4099.3,4106.4,4099.2,4101.1,2149
1782919200,4101,4104.6,4092.6,4095,2182
1782919500,4095.2,4099.2,4093.4,4098.1,1271
1782919800,4098.1,4098.2,4091.7,4092,1968
1782920100,4092.5,4095.6,4090.8,4094.9,1090
1782920400,4094.7,4097.1,4093.1,4096.8,948
1782920700,4096.5,4099.8,4095.6,4098.3,1240
1782921000,4098.1,4102.5,4097.3,4098.4,1407
1782921300,4098.3,4098.4,4093.5,4095.3,1091
1782921600,4095.3,4101.6,4095.3,4099.8,1415
1782921900,4099.9,4103.7,4098.3,4098.5,1106
1782922200,4098.5,4099.1,4095.8,4096.9,641
1782922500,4096.7,4099,4095.6,4098.3,764
1782922800,4098.2,4099.5,4094.8,4096.3,692
1782923100,4096.1,4098.7,4095.7,4095.9,521
1782923400,4095.7,4097.5,4089.6,4090.9,1475
1782923700,4090.9,4094.9,4090.7,4091.3,728
1782924000,4091.4,4091.8,4087.1,4088.1,1232
1782924300,4088.3,4090.3,4086.6,4086.9,1170
1782924600,4087.1,4088.7,4084.5,4087,1239
1782924900,4087.2,4087.3,4083.9,4085,910
1782925200,4084.9,4087.5,4083.7,4085.6,1336
1782925500,4085.5,4085.5,4081.9,4082.7,1220
1782925800,4082.7,4085.7,4081.5,4085.2,1145
1782926100,4085.1,4086,4081.5,4083.9,833
1782926400,4083.8,4085.7,4082.9,4084,806
1782926700,4084.1,4084.6,4081.5,4081.9,1192
1782927000,4081.9,4086.2,4081.8,4084.5,934
1782927300,4084.3,4085.7,4083.6,4084.8,339
1782927600,4084.6,4087.4,4083.4,4084.8,729
1782927900,4084.9,4085.8,4084,4085,363
1782928200,4085.2,4086.5,4083,4084,506
1782928500,4083.8,4084.1,4080.9,4082.2,889
1782928800,4082.2,4084.5,4082,4084.2,502
1782929100,4084,4084.2,4081.6,4081.7,408
1782929400,4081.8,4084.6,4080.9,4082.7,623
1782929700,4082.6,4083.1,4078.8,4080.9,752
1782930000,4080.7,4081.1,4077.4,4078.8,888
1782930300,4079,4079.6,4074.7,4075,692
1782930600,4075.2,4080,4075.2,4078.6,718
1782930900,4078.6,4079,4077,4077.4,354
1782931200,4077.4,4077.5,4075.1,4076.5,739
1782931500,4076.6,4077,4074.4,4075.1,647
1782931800,4075.4,4076.1,4071.4,4072.1,1209
1782932100,4072.2,4076.5,4071.9,4075.9,660
1782932400,4076,4080.7,4075.4,4080.2,1183
1782932700,4079.9,4082.5,4078,4081.4,756
1782933000,4081.3,4081.5,4078.2,4079.3,575
1782933300,4079.2,4080,4074.8,4075.3,700
1782933600,4075.3,4076.2,4070.4,4070.6,929
1782933900,4070.6,4073.7,4070.5,4072.5,684
1782934200,4072.8,4073.6,4069.3,4070.1,651
1782934500,4070.3,4070.6,4068.8,4069.3,462
1782934800,4069.6,4069.7,4066.2,4067.7,866
1782935100,4067.5,4068,4064.5,4066,945
1782935400,4066,4066.4,4052.9,4055.6,3100
1782935700,4055.7,4056.3,4048.5,4052.7,2251
1782936000,4052.6,4053.6,4042.4,4043.6,1810
1782936300,4043.5,4048.7,4041.7,4048.1,933
1782936600,4047.9,4050.3,4046.8,4049,595
1782936900,4049.3,4050.5,4048.1,4049.1,315
1782937200,4049.3,4051.6,4048.8,4051.4,367
1782937500,4051.1,4053,4050.4,4051.9,424
1782937800,4051.7,4052.7,4049.8,4049.9,422
1782938100,4050,4050.2,4047.8,4048.4,426
1782938400,4048.3,4049.3,4046.3,4047.3,374
1782938700,4047.5,4048.1,4045.4,4046.3,463
1782939000,4046.5,4049.4,4045.9,4046,535
1782939300,4046.4,4046.4,4043.8,4044,448
1782943200,4048,4052.3,4045,4052.3,906
1782943500,4051.4,4053.7,4047.2,4047.8,876
1782943800,4048,4050.1,4047.5,4048.8,442
1782944100,4048.9,4049.9,4047.1,4047.8,512
1782944400,4048.2,4051.4,4047.5,4050.9,649
1782944700,4050.9,4051.7,4050,4050.6,351
1782945000,4050.5,4051.1,4049.3,4050.7,495
1782945300,4050.3,4052.8,4049.5,4052.1,473
1782945600,4052,4052.8,4051,4052,518
1782945900,4052,4056.3,4051.9,4056.2,802
1782946200,4055.9,4057.1,4054.6,4054.6,462
1782946500,4054.6,4057.5,4054.5,4057.3,468
1782946800,4057,4057.3,4054.7,4055.3,456
1782947100,4055.3,4055.7,4052.3,4053.9,956
1782947400,4053.7,4055.2,4049.5,4049.8,1025
1782947700,4050,4051.9,4048.2,4051.3,612
1782948000,4051.6,4051.7,4048,4048.3,447
1782948300,4048.3,4049.6,4046,4049.5,843
1782948600,4049.5,4052.7,4049.5,4051,632
1782948900,4051,4051.7,4047.1,4047.1,563
1782949200,4047.4,4049,4046.7,4048,381
1782949500,4048,4048.4,4045.4,4046.4,637
1782949800,4046.1,4049.5,4046,4048.7,474
1782950100,4048.9,4049,4046.9,4047.3,279
1782950400,4047.1,4048.6,4042.9,4045.1,1556
1782950700,4045,4053.4,4044.4,4051.5,1650
1782951000,4051.7,4059.2,4051.2,4057.5,2151
1782951300,4057.2,4058,4052.5,4052.8,1202
1782951600,4053.1,4059,4052.8,4059,941
1782951900,4059,4060.8,4056.3,4059.1,1027
1782952200,4059.2,4059.3,4054.3,4056.9,945
1782952500,4057.2,4058.9,4054.4,4055.2,584
1782952800,4055.2,4055.2,4050,4051.7,1157
1782953100,4051.6,4065.8,4051.6,4062.7,1772
1782953400,4062.9,4065.2,4061.2,4063.3,1407
1782953700,4063.1,4064.1,4060.7,4063.8,969
1782954000,4064,4080.5,4062.5,4076.9,5439
1782954300,4076.8,4078.2,4072.4,4076.4,1413
1782954600,4076.4,4080,4075.9,4077.1,1403
1782954900,4077,4077.7,4071.3,4072.6,1313
1782955200,4072.8,4073.1,4063.7,4064.4,1801
1782955500,4064.2,4067.5,4062,4065.1,1308
1782955800,4065.4,4067.1,4058,4060.2,2022
1782956100,4060.3,4065.9,4058.4,4065.3,1238
1782956400,4065.5,4068.1,4059.4,4059.4,1647
1782956700,4059.6,4065.7,4056.4,4064.9,1292
1782957000,4064.8,4067.9,4063.7,4066.2,1012
1782957300,4065.8,4069.1,4061.5,4062.5,1125
1782957600,4062.4,4063.6,4055.1,4059.2,1558
1782957900,4059.4,4059.5,4054.4,4056.7,929
1782958200,4056.6,4060.7,4053.2,4060.5,926
1782958500,4060.4,4066.5,4059.8,4066.4,1500
1782958800,4066.4,4067.2,4060.8,4063.1,849
1782959100,4063.2,4064.9,4062.6,4063.8,457
1782959400,4063.7,4066.7,4059.7,4062.7,1049
1782959700,4062.5,4066.7,4061.7,4063.7,657
1782960000,4063.6,4069.6,4062.4,4068.9,987
1782960300,4068.5,4071,4066.4,4069.4,902
1782960600,4069.4,4071.5,4068.2,4069.9,864
1782960900,4069.7,4073.2,4069.3,4069.4,955
1782961200,4069.2,4071.8,4068.3,4068.9,642
1782961500,4068.8,4072.1,4067.7,4067.8,670
1782961800,4068.1,4071,4067.5,4069.9,554
1782962100,4069.8,4072.5,4069.8,4071.1,621
1782962400,4070.9,4074.7,4070.5,4073.9,954
1782962700,4073.6,4079.4,4072.8,4077.3,1271
1782963000,4077.2,4078.9,4075.1,4075.8,1039
1782963300,4075.8,4078,4073.7,4076.8,643
1782963600,4076.9,4080,4076.9,4078,728
1782963900,4077.7,4081.6,4075.1,4080.9,1003
1782964200,4080.8,4085.1,4079.7,4084.2,1043
1782964500,4084.1,4086.4,4081.2,4081.9,947
1782964800,4082.2,4084.9,4081.5,4083.4,738
1782965100,4083.4,4085.1,4082.6,4082.6,361
1782965400,4082.5,4083.2,4080.1,4082.3,636
1782965700,4082.4,4082.5,4078.1,4079.2,553
1782966000,4079.4,4080,4076.6,4076.7,581
1782966300,4076.7,4079,4076.2,4077.8,457
1782966600,4077.7,4078.6,4074.4,4075.4,543
1782966900,4075.3,4076.3,4074.5,4075.2,386
1782967200,4075.1,4076.7,4073.2,4075.4,581
1782967500,4075.2,4075.8,4073.4,4073.7,386
1782967800,4074,4077.1,4073.8,4075.1,482
1782968100,4075,4075.9,4072.5,4072.7,510
1782968400,4073,4073.6,4069.5,4071.2,846
1782968700,4071.1,4072.8,4069.7,4070.1,428
1782969000,4070.2,4071.2,4066.2,4067.5,866
1782969300,4067.4,4071.1,4066.6,4070.6,670
1782969600,4070.7,4074.3,4070.2,4073.5,701
1782969900,4073.3,4074.2,4069.4,4069.4,797
1782970200,4069.7,4074.1,4065.1,4068.1,1506
1782970500,4068.1,4078.4,4067.1,4074.9,1300
1782970800,4074.9,4076.2,4073.1,4074.1,530
1782971100,4073.7,4077.3,4072,4072.7,516
1782971400,4073,4077.1,4073,4075.9,433
1782971700,4075.9,4079.9,4074.5,4078.2,930
1782972000,4078.2,4088.5,4078,4082.6,2209
1782972300,4082.8,4086.3,4080.6,4082.2,1204
1782972600,4082.2,4084.4,4080.5,4080.7,746
1782972900,4080.8,4088,4079.4,4087,962
1782973200,4087.1,4092.6,4086.7,4090.8,1429
1782973500,4090.5,4092.5,4086.5,4086.8,1105
1782973800,4086.7,4090.3,4086,4088.5,702
1782974100,4088.6,4088.7,4084.2,4084.8,780
1782974400,4084.9,4085.2,4078.3,4080.8,1021
1782974700,4080.8,4086.5,4079,4085.6,974
1782975000,4085.7,4087.8,4082.1,4085.2,1038
1782975300,4085.2,4089.3,4084.9,4085.8,928
1782975600,4085.9,4086.2,4079.7,4081.9,950
1782975900,4082.2,4084.7,4080.2,4084.4,578
1782976200,4084.7,4086.9,4079.5,4080.1,884
1782976500,4080.2,4080.9,4076.7,4077.4,740
1782976800,4077.3,4079.8,4074,4074.3,825
1782977100,4074.1,4077.2,4073.4,4075,663
1782977400,4074.9,4077.2,4073,4076.3,653
1782977700,4076.5,4083.7,4075.7,4083.7,746
1782978000,4083.4,4088.3,4083,4087.1,1019
1782978300,4087.2,4087.7,4079.6,4082,949
1782978600,4082.5,4083.2,4078.1,4079,454
1782978900,4078.9,4079.6,4076.1,4076.8,578
1782979200,4076.7,4079.1,4073.7,4078.2,811
1782979500,4078.4,4084.4,4078.2,4083.6,932
1782979800,4083.7,4086.5,4080.7,4082,920
1782980100,4082.2,4085.9,4080.9,4085.9,639
1782980400,4085.7,4090.4,4085.1,4087.7,797
1782980700,4087.7,4088.1,4085.4,4087.5,447
1782981000,4087.4,4087.9,4084.5,4086.5,675
1782981300,4086.1,4088.5,4084.6,4087.4,483
1782981600,4087.7,4090.3,4086.3,4087.7,435
1782981900,4087.9,4092.5,4085.8,4089.4,835
1782982200,4089,4091.1,4085.4,4090.7,764
1782982500,4090.6,4093,4088.2,4088.6,633
1782982800,4088.6,4089.4,4086.8,4087.5,481
1782983100,4087.5,4088.6,4081.9,4083.5,731
1782983400,4083.7,4085.1,4082.8,4084.8,395
1782983700,4084.8,4086.2,4081.5,4084,501
1782984000,4083.6,4084.6,4079.4,4080,524
1782984300,4080,4080.4,4078.5,4080,516
1782984600,4080.1,4080.5,4075.8,4078.2,1337
1782984900,4078,4079.6,4077.1,4079.5,428
1782985200,4079.8,4084.8,4078,4081.7,795
1782985500,4081.4,4084.7,4080.5,4081.2,543
1782985800,4081.4,4082.9,4078.3,4078.5,583
1782986100,4078.4,4079.7,4076.9,4077.7,478
1782986400,4077.9,4079,4075.5,4076.1,729
1782986700,4076.3,4078.3,4075.5,4076.8,327
1782987000,4076.9,4079.1,4075,4075.9,544
1782987300,4075.8,4078.9,4074.5,4078.4,514
1782987600,4078.4,4080.7,4077.1,4079.5,427
1782987900,4079.6,4080.3,4078.1,4078.8,272
1782988200,4078.5,4079.6,4076.2,4078.8,457
1782988500,4078.3,4079.3,4075.9,4076.2,248
1782988800,4076.3,4081.7,4075.8,4077.4,659
1782989100,4077.2,4077.6,4073.9,4074.2,507
1782989400,4074.1,4077.1,4073.8,4076.3,303
1782989700,4076.2,4080.4,4074.6,4078.6,508
1782990000,4079,4079.3,4071.9,4072.3,1327
1782990300,4072.2,4072.9,4069.5,4071.7,1026
1782990600,4072,4075.8,4072,4075.7,849
1782990900,4075.5,4080,4074.7,4077.9,870
1782991200,4077.8,4077.8,4075,4076.4,745
1782991500,4076.4,4078.3,4074.8,4077.4,522
1782991800,4077.9,4079.3,4076,4077.2,582
1782992100,4077.3,4079.4,4075.3,4079,511
1782992400,4079.1,4084,4077.2,4083.5,1074
1782992700,4083.4,4084.5,4080.2,4083.6,961
1782993000,4083.4,4084.2,4081.8,4082.8,397
1782993300,4082.9,4083.4,4077.4,4077.4,636
1782993600,4077.4,4079.1,4074.1,4078.8,1403
1782993900,4079.1,4085.9,4079.1,4082,1273
1782994200,4082.3,4083.3,4073.2,4076.2,1102
1782994500,4076.4,4077.4,4073.7,4073.9,942
1782994800,4074,4081.3,4074,4079.4,1324
1782995100,4079.7,4082.3,4075.2,4078.7,1173
1782995400,4078.4,4144,4077.5,4141.1,12171
1782995700,4140.8,4152.8,4136.7,4150.1,9128
1782996000,4150.3,4154.1,4143.6,4145.5,5055
1782996300,4145.6,4147.3,4133,4137.7,5040
1782996600,4137.9,4144,4132.2,4133.3,3453
1782996900,4133.5,4134.9,4125,4130.5,4445
1782997200,4130.8,4143,4128.5,4139.8,5697
1782997500,4139.7,4140.1,4128.9,4130.8,3041
1782997800,4131,4139.4,4129.9,4137,2392
1782998100,4137.1,4137.3,4127.4,4131.8,2122
1782998400,4132,4133.4,4125.7,4126.9,2088
1782998700,4127,4130.1,4122.1,4125.8,2406
1782999000,4125.5,4142.8,4122.7,4140.6,5143
1782999300,4140.5,4151.2,4139.6,4148,4841
1782999600,4148.5,4151.1,4138.9,4147.2,3620
1782999900,4147.6,4156.4,4146.4,4153.9,3777
1783000200,4153.9,4157.4,4145.1,4146.4,3387
1783000500,4146.6,4154,4145.1,4150.3,2005
1783000800,4150.4,4152.3,4140.7,4143.2,3031
1783001100,4143.5,4147.9,4140.7,4140.7,1996
1783001400,4140.6,4144.2,4136.5,4141.3,2367
1783001700,4141.3,4149,4139.3,4143.4,2794
1783002000,4143.4,4143.5,4133.9,4136.2,2250
1783002300,4136.1,4137.6,4126.8,4129.2,2432
1783002600,4129.2,4138.8,4127.7,4132.6,3043
1783002900,4132.7,4134,4129.2,4131.5,1780
1783003200,4131.5,4133.9,4127.6,4131.8,1857
1783003500,4131.8,4136,4128.8,4135.5,1714
1783003800,4135.5,4139.5,4133.3,4137,1939
1783004100,4137.2,4143,4137.1,4141.6,1656
1783004400,4142,4144.7,4138.9,4140,1702
1783004700,4140.3,4140.8,4127.8,4134,2622
1783005000,4134.1,4144.1,4133.7,4139.9,2134
1783005300,4139.8,4142.1,4133.1,4135.2,1660
1783005600,4135.4,4144.6,4134.6,4142.7,1612
1783005900,4142.7,4143,4135.3,4135.6,1486
1783006200,4135.7,4144.3,4135.5,4143,1180
1783006500,4143.2,4144.4,4140.5,4140.7,862
1783006800,4140.6,4141.9,4137.6,4138.5,822
1783007100,4138.4,4143.2,4138.3,4141.6,731
1783007400,4141.5,4141.5,4137,4141.3,800
1783007700,4141.4,4142.5,4138.4,4141.5,404
1783008000,4141.6,4143.4,4137.5,4139.4,938
1783008300,4139.4,4140.5,4134.8,4135.4,828
1783008600,4135.6,4139.2,4134.8,4136.1,611
1783008900,4136.3,4137.2,4133.4,4136.2,671
1783009200,4136.1,4136.7,4128.7,4129.6,1218
1783009500,4129.8,4132.1,4127.9,4129.3,1034
1783009800,4128.9,4128.9,4114.7,4115.7,3580
1783010100,4115.9,4123.7,4112.7,4123.2,2454
1783010400,4123.1,4129.8,4122.3,4127.7,1602
1783010700,4127.7,4131.9,4126.9,4130.9,1156
1783011000,4130.6,4133.6,4128,4130.7,1387
1783011300,4130.6,4132.4,4129,4131.1,789
1783011600,4131.1,4132.4,4127,4129.3,1163
1783011900,4129.2,4134,4126.1,4130,1526
1783012200,4129.9,4131.8,4127.2,4131.1,728
1783012500,4131.2,4133.2,4129.1,4130.1,700
1783012800,4129.8,4130.6,4124.7,4127.8,1199
1783013100,4127.8,4129.7,4124.3,4125.8,1318
1783013400,4125.7,4127.8,4123.5,4124.6,988
1783013700,4124.7,4126.3,4121.2,4122.2,775
1783014000,4122,4122.7,4118.8,4120.5,843
1783014300,4119.8,4122.9,4119.1,4121.9,759
1783014600,4122,4123.6,4119.4,4121.9,475
1783014900,4122,4123,4118.2,4119.4,406
1783015200,4119.7,4127.4,4118.5,4127.3,1180
1783015500,4127.2,4136,4126.7,4135.6,1893
1783015800,4135.5,4136.8,4131.5,4132.3,1049
1783016100,4132.3,4133.6,4128.7,4129.9,844
1783016400,4129.6,4131.6,4128.9,4131.1,468
1783016700,4131.2,4136.5,4131.2,4136.1,867
1783017000,4136.3,4140.6,4136,4138.3,903
1783017300,4138.5,4139.3,4137.2,4138.1,466
1783017600,4138.3,4138.3,4134.4,4134.4,909
1783017900,4134.3,4135.8,4133,4135.4,553
1783018200,4135.3,4137.5,4134,4134.7,739
1783018500,4134.2,4136.1,4133.7,4135.7,403
1783018800,4136,4137.7,4130.7,4131.1,855
1783019100,4131.4,4132.7,4128.9,4130,927
1783019400,4130.2,4130.2,4126.1,4127.5,755
1783019700,4127.5,4128.1,4124.8,4125.3,512
1783020000,4125,4125.4,4121.5,4121.8,584
1783020300,4122.1,4126.7,4121.2,4125.9,875
1783020600,4125.7,4127.9,4124.6,4126.4,682
1783020900,4126.8,4126.8,4124.2,4125.9,444
1783021200,4125.8,4127.3,4125.4,4126.6,274
1783021500,4126.6,4128.9,4125.9,4128.8,407
1783021800,4129,4136.9,4128.9,4136.9,1190
1783022100,4136.9,4137.2,4132.8,4134.2,1105
1783022400,4134.2,4134.5,4129.3,4133.2,1051
1783022700,4133.4,4135.8,4132.8,4134.6,478
1783023000,4134.6,4134.7,4132.7,4133.1,188
1783023300,4133,4135.3,4132,4135.3,385
1783023600,4135.1,4138.4,4135.1,4136.3,566
1783023900,4136.5,4137.5,4136.2,4136.6,177
1783024200,4136.5,4138.2,4136.1,4136.6,248
1783024500,4136.5,4137.2,4134.8,4135,272
1783024800,4135,4136,4133.9,4133.9,231
1783025100,4133.9,4134.2,4132.6,4132.7,331
1783025400,4132.7,4134.8,4131.6,4134.7,246
1783025700,4134.6,4137.3,4134.4,4135.6,412
1783029600,4137.2,4140,4137.2,4138.3,583
1783029900,4138.2,4141,4137.1,4140.5,374
1783030200,4140.7,4140.9,4137.2,4137.4,233
1783030500,4137.5,4138.3,4136.1,4137.7,345
1783030800,4137.6,4138.1,4135.6,4136.4,280
1783031100,4136.4,4137.1,4135.2,4136.9,399
1783031400,4136.9,4139,4136.2,4138.8,355
1783031700,4138.7,4139,4137,4137.1,229
1783032000,4137.3,4137.6,4134.6,4135.8,245
1783032300,4135.6,4137,4135.4,4136.3,189
1783032600,4136.3,4136.8,4135.2,4136.2,176
1783032900,4136.3,4138.9,4136.3,4137.1,415
1783033200,4137.3,4139.8,4137,4137.7,340
1783033500,4137.8,4139.4,4136.8,4139.2,464
1783033800,4139.2,4140,4137.7,4137.8,232
1783034100,4137.9,4140.5,4136.6,4137.7,595
1783034400,4137.8,4140,4137.2,4139.8,402
1783034700,4139.8,4142.9,4139.7,4142.4,781
1783035000,4142.2,4148,4138.9,4139.6,1097
1783035300,4139.6,4140.7,4134.2,4136,1056
1783035600,4136,4139.8,4133.4,4137.5,1254
1783035900,4137.9,4143.6,4137.5,4143.4,916
1783036200,4143.4,4143.8,4137,4141.1,1082
1783036500,4141.2,4144.9,4137.9,4139.3,1312
1783036800,4139.2,4145.8,4136,4144.7,1893
1783037100,4144.9,4145.7,4137.9,4141.5,1272
1783037400,4142,4150.2,4139.7,4148,1304
1783037700,4147.6,4149.2,4144.8,4149.2,1107
1783038000,4148.9,4154.2,4148.2,4151.6,1583
1783038300,4151.4,4154.1,4149.2,4150,916
1783038600,4150,4151.1,4145.8,4147.1,1074
1783038900,4147.4,4152.6,4146.3,4150.6,1023
1783039200,4150.3,4152,4146.5,4148.7,773
1783039500,4148.8,4154.2,4147.7,4153.6,858
1783039800,4153.8,4162.4,4152.6,4159.9,2447
1783040100,4159.8,4164.4,4159.6,4159.9,1864
1783040400,4160,4174.6,4159.2,4173.9,4046
1783040700,4173.9,4188.7,4171.8,4185,4052
1783041000,4184.9,4192.1,4179.8,4188.8,3226
1783041300,4189,4194.3,4186,4192.2,2453
1783041600,4191.8,4206.9,4191,4204.5,3456
1783041900,4204.2,4205.4,4198.1,4199.8,2600
1783042200,4199.9,4205.8,4194.7,4205.2,3292
1783042500,4205.5,4208.5,4196.8,4197.2,2394
1783042800,4197.5,4197.7,4191.7,4192.5,2032
1783043100,4192.3,4195.5,4188.4,4193.2,1816
1783043400,4193.1,4194.4,4187.6,4192.2,1600
1783043700,4192,4196.7,4191.5,4194.7,1566
1783044000,4194.6,4197.3,4189.5,4191.9,1118
1783044300,4191.7,4194.5,4191.1,4192,692
1783044600,4191.9,4195,4191.3,4192.1,658
1783044900,4192,4194.3,4189.3,4189.5,637
1783045200,4189.7,4193.5,4189.7,4191.5,537
1783045500,4191.1,4192.5,4189.4,4192.4,528
1783045800,4192.1,4196.5,4191,4193.4,987
1783046100,4193.8,4200,4192.3,4199.1,1111
1783046400,4199.1,4199.8,4194.3,4196.5,918
1783046700,4196.2,4197.4,4191.8,4193.2,896
1783047000,4193.2,4199.1,4192,4196.6,1031
1783047300,4196.7,4199.7,4195.3,4196.6,648
1783047600,4196.4,4197.7,4192.7,4195.1,966
1783047900,4194.5,4196.3,4193.4,4194.6,481
1783048200,4195,4197.1,4194.6,4195.9,384
1783048500,4196.1,4196.7,4194.5,4194.8,299
1783048800,4194.6,4196.4,4192.4,4193.1,540
1783049100,4193.2,4195.6,4192.8,4194.4,358
1783049400,4194.6,4196.1,4192.4,4194.8,628
1783049700,4194.7,4195.5,4192,4193.4,508
1783050000,4193.3,4195.1,4190.1,4190.4,843
1783050300,4190.2,4192.5,4189.3,4189.9,648
1783050600,4189.5,4190.7,4189.1,4189.6,327
1783050900,4189.8,4189.9,4188.2,4189.1,460
1783051200,4188.8,4189.5,4185.8,4187.4,805
1783051500,4187.1,4191,4186.9,4191,545
1783051800,4191.1,4192.2,4190.3,4190.8,454
1783052100,4190.8,4194.8,4189.6,4194.4,601
1783052400,4194.5,4196,4191,4191.7,805
1783052700,4191.5,4192.6,4190.4,4191.5,295
1783053000,4191.5,4191.6,4187.8,4190,639
1783053300,4189.6,4190.4,4187.8,4189.2,271
1783053600,4189.2,4191,4188.5,4189.9,300
1783053900,4190,4191.3,4188.9,4189.1,239
1783054200,4189.2,4189.2,4187.3,4188.1,429
1783054500,4188.1,4191.5,4187.2,4191.5,415
1783054800,4191.4,4193.7,4189.2,4193.1,639
1783055100,4193.4,4194,4191.2,4191.5,375
1783055400,4191.7,4191.7,4190.1,4191.3,315
1783055700,4191.1,4192.1,4189,4191.8,364
1783056000,4191.7,4191.9,4185,4186.9,896
1783056300,4186.9,4189.6,4186.4,4188.3,438
1783056600,4188.4,4194.4,4186.9,4191.2,1213
1783056900,4191.1,4192.2,4186.4,4186.4,600
1783057200,4186.9,4188.5,4185.6,4187.4,431
1783057500,4187.9,4188.8,4181.6,4183.8,872
1783057800,4184,4186.3,4183,4183.8,584
1783058100,4183.6,4184.4,4182.9,4183.7,364
1783058400,4183.6,4184.2,4177.2,4177.5,1470
1783058700,4177.3,4184.5,4177,4183,1040
1783059000,4183,4183,4175,4175.4,1167
1783059300,4175.4,4179.1,4173.1,4178.5,1471
1783059600,4179,4180.1,4175.9,4176.9,628
1783059900,4176.9,4179.3,4176.1,4177.8,429
1783060200,4177.9,4184.3,4177.5,4182.7,1258
1783060500,4182.6,4186.7,4181.5,4183.2,960
1783060800,4183.3,4185.5,4181.7,4183.9,610
1783061100,4184.3,4186.8,4183.4,4186.2,646
1783061400,4186.2,4187.4,4184.4,4185.9,571
1783061700,4186.1,4187.4,4183.7,4186,547
1783062000,4186.1,4187.8,4184,4187.6,510
1783062300,4187.8,4193.1,4187.4,4193,1135
1783062600,4192.7,4193.6,4184.8,4186.6,1082
1783062900,4186.8,4187.4,4183.2,4184.3,506
1783063200,4184.2,4186.5,4181.7,4185.8,600
1783063500,4185.5,4188.8,4185.3,4188,615
1783063800,4188,4190.9,4186.3,4189.3,683
1783064100,4189.1,4192.3,4189,4192,404
1783064400,4192,4192.7,4189.5,4192.5,549
1783064700,4192.4,4194,4191.6,4193.2,572
1783065000,4193.4,4194.7,4190,4191,982
1783065300,4190.8,4191.6,4187.4,4190.3,813
1783065600,4190.2,4197.6,4190.1,4195.9,1322
1783065900,4196,4198.6,4194.2,4195.1,699
1783066200,4195,4197.6,4193.9,4196.7,445
1783066500,4196.4,4198.3,4195.3,4197.4,405
1783066800,4197.1,4198.1,4195,4195.8,405
1783067100,4196,4196.9,4193.5,4195.7,595
1783067400,4195.3,4199.3,4193.3,4198,776
1783067700,4198.3,4199,4194.6,4194.6,532
1783068000,4194.5,4196.9,4192.9,4196.4,567
1783068300,4196.5,4198,4189.5,4189.8,1230
1783068600,4189.5,4192.7,4189.1,4191.9,601
1783068900,4191.9,4195,4191.9,4193.4,499
1783069200,4193.6,4193.7,4191.6,4193.2,393
1783069500,4193.2,4194.3,4189.7,4189.7,468
1783069800,4189.9,4192.9,4188.2,4192.9,649
1783070100,4192.7,4192.9,4187.8,4188.4,691
1783070400,4188.2,4190,4185.2,4185.4,657
1783070700,4185.5,4186.5,4183.5,4184.2,1013
1783071000,4184.1,4185.3,4181.1,4182,1252
1783071300,4182.1,4184.2,4180.7,4183.9,594
1783071600,4183.9,4185,4182.4,4184.5,483
1783071900,4184.5,4186.1,4184.3,4185.5,535
1783072200,4185.6,4187.2,4183.5,4187.1,450
1783072500,4187.2,4187.5,4184,4184.2,358
1783072800,4184.2,4188.7,4183,4188.1,572
1783073100,4188.2,4193,4188.1,4190.9,862
1783073400,4191.1,4193.2,4190,4192.1,473
1783073700,4192.3,4192.9,4190.2,4192.5,437
1783074000,4192.8,4193.4,4191.5,4192.4,368
1783074300,4192.4,4193.6,4190.2,4190.7,518
1783074600,4190.7,4191.4,4189.2,4189.4,445
1783074900,4189.4,4189.7,4187.9,4189.5,330
1783075200,4189.4,4190.4,4188.3,4190.2,302
1783075500,4190.3,4191,4187.1,4188.2,534
1783075800,4188.1,4191,4188,4188.8,285
1783076100,4189.1,4190.5,4188.9,4189.3,198
1783076400,4189.1,4191.5,4187.6,4191.3,384
1783076700,4191.4,4192.3,4189.9,4192,384
1783077000,4191.7,4196.2,4191.6,4195.5,814
1783077300,4195.5,4197.7,4195.5,4195.6,712
1783077600,4195.8,4198.6,4194.7,4197.4,555
1783077900,4197.1,4198,4195.1,4195.3,435
1783078200,4195.1,4197.3,4194.8,4196.3,321
1783078500,4196.3,4198.4,4195.4,4197.7,448
1783078800,4197.6,4198.4,4196.9,4197.6,394
1783079100,4197.8,4198.7,4196.1,4196.2,499
1783079400,4196.3,4196.7,4193.2,4193.6,639
1783079700,4193.6,4194,4190.9,4193.5,596
1783080000,4193.3,4193.8,4190,4190.7,559
1783080300,4190.9,4195.7,4190.8,4193.5,729
1783080600,4193.5,4193.5,4190.1,4190.3,623
1783080900,4190.3,4190.6,4187.4,4188.1,584
1783081200,4187.8,4187.8,4185.2,4186.5,875
1783081500,4186.8,4187.6,4184.5,4187.1,569
1783081800,4187.1,4189.8,4185.1,4189.8,821
1783082100,4189.8,4190.1,4185.4,4187.7,1113
1783082400,4187.5,4188.3,4186,4187.4,281
1783082700,4187.3,4189.6,4186.8,4187.9,437
1783083000,4187.9,4190,4186.3,4187.3,386
1783083300,4187.2,4190,4184.2,4189.1,1166
1783083600,4189.3,4191.9,4184.8,4186.4,1382
1783083900,4186.4,4187,4178.5,4179.1,1849
1783084200,4178.8,4181.3,4176.5,4179,1681
1783084500,4178.7,4183.5,4178.7,4181.9,1121
1783084800,4182.1,4183.7,4179.4,4181.8,763
1783085100,4181.9,4184.5,4181.7,4183.7,594
1783085400,4183.8,4183.9,4177.7,4179.2,1189
1783085700,4179.2,4180.9,4177,4179.7,885
1783086000,4179.8,4180.3,4177.7,4179.2,556
1783086300,4179.2,4179.4,4175.4,4177,905
1783086600,4177.2,4180,4176.3,4178.7,809
1783086900,4178.9,4181.2,4175.7,4176.8,939
1783087200,4176.8,4179.7,4174.9,4178.9,1258
1783087500,4178.8,4179.1,4167.5,4171.2,2382
1783087800,4171,4175.9,4170.7,4174.3,1283
1783088100,4174.4,4177.7,4174,4174.3,979
1783088400,4174.7,4176.8,4173.3,4175.4,742
1783088700,4175.5,4179.1,4174.4,4178.3,971
1783089000,4178.4,4179.4,4175.8,4177.3,856
1783089300,4177.3,4178.8,4176.3,4177.6,603
1783089600,4177.3,4180,4175.7,4176.5,667
1783089900,4176.1,4180.5,4176,4179.2,678
1783090200,4179.3,4181.4,4179.1,4181.2,622
1783090500,4181.1,4183.7,4179.5,4182.3,916
1783090800,4182.4,4185.5,4181,4183.9,924
1783091100,4183.9,4185,4183.3,4183.3,455
1783091400,4183.3,4186.8,4183.3,4185,676
1783091700,4184.6,4187.1,4183.4,4184.1,693
1783092000,4184.1,4184.3,4181.7,4182.3,625
1783092300,4182.1,4182.2,4179.3,4179.9,648
1783092600,4179.9,4181.1,4178.5,4179.3,805
1783092900,4179.4,4181.3,4178.9,4179.8,446
1783093200,4179.5,4181.5,4179.3,4180.1,405
1783093500,4180.1,4181.4,4179.2,4180.8,262
1783093800,4180.9,4180.9,4177.6,4179.2,537
1783094100,4179.1,4179.3,4176.8,4177.4,509
1783094400,4177.3,4178,4176.4,4177.3,421
1783094700,4177.1,4177.9,4175.1,4177.7,565
1783095000,4177.5,4178.1,4176,4176.4,493
1783095300,4176.4,4177.2,4174.8,4177.1,379
1783095600,4177.2,4179.8,4176.6,4179.7,683
1783095900,4179.6,4180,4178.1,4178.9,245
1783096200,4178.9,4182.7,4178.9,4181.2,492
1783096500,4181.3,4182.1,4179.6,4181,375
1783096800,4181.1,4182.5,4179.9,4182,360
1783097100,4182.3,4185.1,4181.5,4183,753
1783097400,4183,4188,4182.7,4187.2,663
1783097700,4187.3,4188.6,4185.4,4186.9,670
1783288800,4187.6,4200.7,4184.3,4192.5,2222
1783289100,4192.6,4199,4190.2,4191.6,1547
1783289400,4192,4194.9,4191,4193.2,620
1783289700,4193.3,4194.1,4189,4189.6,814
1783290000,4189.8,4195,4189.4,4194.4,433
1783290300,4194.3,4198,4192.1,4196.9,849
1783290600,4196.6,4200.6,4194.7,4198.6,832
1783290900,4198.3,4203.9,4197.5,4202.5,1009
1783291200,4202.3,4202.8,4198.1,4200.7,751
1783291500,4200.4,4202,4195.5,4196.2,901
1783291800,4196.3,4199.3,4194.8,4197.5,775
1783292100,4197.7,4201.9,4196.7,4200.2,631
1783292400,4200.3,4203.6,4199.9,4201.6,713
1783292700,4201.6,4203.1,4200.6,4201.5,391
1783293000,4201.4,4202.5,4198.4,4199.5,544
1783293300,4199.3,4202.7,4198.7,4199.8,484
1783293600,4200.1,4203.8,4200,4201.7,419
1783293900,4201.9,4214.3,4201.3,4212.6,2176
1783294200,4212.3,4213.6,4205.5,4206.9,1847
1783294500,4206.8,4210.8,4205.4,4209.3,847
1783294800,4209.8,4211.1,4208.5,4208.6,589
1783295100,4208.5,4209.4,4189.4,4194.5,3890
1783295400,4194.5,4196.5,4192.7,4194.7,1033
1783295700,4194.9,4197.7,4193.8,4195,894
1783296000,4195.6,4197.6,4181.7,4187.4,3525
1783296300,4187.8,4191.7,4183.5,4189.1,1762
1783296600,4188.8,4190.2,4185.8,4187.2,978
1783296900,4187.1,4194.2,4186.8,4190.3,1406
1783297200,4190.4,4191.3,4187.4,4189,754
1783297500,4189.2,4190.3,4182.9,4186.1,1716
1783297800,4186.2,4194.6,4185.6,4193.2,1466
1783298100,4193,4196.8,4190,4196.7,927
1783298400,4196.6,4199.5,4194.9,4197.8,1140
1783298700,4197.8,4200.9,4194.6,4196.9,1152
1783299000,4197.3,4197.4,4193.3,4195,839
1783299300,4195.1,4199.9,4186.2,4191.1,2014
1783299600,4190.9,4204.7,4183.6,4198.9,3436
1783299900,4198.5,4199.3,4187.5,4192.7,1670
1783300200,4192.8,4201.3,4191.7,4200.5,1400
1783300500,4200.4,4204.7,4196.2,4200.8,1579
1783300800,4200.4,4202.6,4192,4196,1232
1783301100,4195.9,4202,4195,4201.2,1062
1783301400,4201.4,4209.8,4198.9,4209.4,1947
1783301700,4209.7,4212.5,4203.2,4208.4,2162
1783302000,4208.6,4212.7,4206.6,4209.8,1186
1783302300,4210,4215.9,4206.2,4206.8,2339
1783302600,4206.8,4207.5,4202.4,4203.3,1412
1783302900,4203.1,4206.7,4197.1,4198.1,1374
1783303200,4198.4,4200.6,4195,4197.6,1734
1783303500,4197.6,4197.6,4190.5,4193,1559
1783303800,4192.8,4194.3,4189.1,4193,1221
1783304100,4192.8,4196.3,4190.9,4195.9,1120
1783304400,4195.7,4198.6,4187.9,4190.2,1438
1783304700,4190.5,4192.1,4188.5,4189.6,735
1783305000,4189.4,4190.5,4184,4186.6,1634
1783305300,4186.5,4187.7,4180.1,4185,1817
1783305600,4185.4,4187.6,4182.9,4184,821
1783305900,4184.1,4187.7,4184.1,4186,611
1783306200,4186,4187.7,4184.2,4185.5,592
1783306500,4185.5,4187,4181.5,4185.5,840
1783306800,4185.8,4188.5,4178.1,4182.5,1726
1783307100,4182.3,4182.9,4177.7,4179,1012
1783307400,4179.3,4183.7,4177,4178.3,914
1783307700,4178.3,4179.7,4176.3,4177.1,772
1783308000,4177.1,4178.2,4174.4,4174.7,1035
1783308300,4174.7,4178.6,4174.1,4177.5,747
1783308600,4177.3,4179.9,4176.1,4177.9,492
1783308900,4177.9,4181.1,4176.8,4177.3,616
1783309200,4177.1,4178.1,4172.7,4174.4,885
1783309500,4174.4,4176.9,4174.4,4174.7,424
1783309800,4174.7,4176.1,4172.2,4174.5,571
1783310100,4174.7,4178.6,4174,4177,522
1783310400,4176.8,4178.4,4173.3,4175,677
1783310700,4175,4175.4,4171.8,4173,479
1783311000,4173,4175.9,4173,4175.2,333
1783311300,4175.2,4176.6,4174.6,4175.9,383
1783311600,4175.7,4175.9,4172,4175.1,453
1783311900,4174.8,4175.5,4172.7,4173.3,481
1783312200,4173.5,4174.5,4169.1,4171.5,1041
1783312500,4171.5,4173,4169.7,4171.4,595
1783312800,4171.4,4172.7,4170.8,4171.9,215
1783313100,4171.9,4172.8,4170,4171.9,324
1783313400,4171.9,4172.7,4169.6,4170.6,435
1783313700,4171,4173,4169.7,4171.6,262
1783314000,4171.3,4172.9,4165.4,4165.8,1373
1783314300,4165.9,4167.9,4163.7,4165,1154
1783314600,4165,4167.7,4161.7,4163.6,876
1783314900,4163.9,4165.1,4162.4,4163.4,670
1783315200,4163.4,4164.3,4161.8,4163.5,506
1783315500,4163.1,4166,4162.7,4164.1,532
1783315800,4164.1,4170.4,4160.8,4168.3,1850
1783316100,4168.1,4172.5,4164.9,4166.4,1254
1783316400,4166.5,4169.7,4166.4,4167.1,664
1783316700,4166.7,4167.7,4164.3,4165.8,688
1783317000,4165.6,4168.5,4165.1,4167.7,417
1783317300,4167.7,4168,4156.2,4159.7,1724
1783317600,4159.5,4162.6,4157.4,4158.3,1155
1783317900,4158.3,4163.9,4157.3,4163.1,1007
1783318200,4163.1,4164.4,4161.4,4163.8,432
1783318500,4164,4164.2,4159.6,4161,604
1783318800,4160.8,4164.8,4160,4164.8,451
1783319100,4164.6,4168.8,4164.3,4168,971
1783319400,4167.9,4171.3,4167.7,4169.2,903
1783319700,4168.8,4171.4,4166.4,4167.6,827
1783320000,4167.6,4169.5,4164.9,4167.4,548
1783320300,4167.6,4168.6,4165.9,4167.3,426
1783320600,4167.5,4167.9,4162.1,4163.2,507
1783320900,4163.2,4164.2,4160.5,4161.7,600
1783321200,4162,4165.2,4160,4164.6,847
1783321500,4164.8,4164.8,4159.6,4160.4,617
1783321800,4160.3,4162.6,4158.6,4162.5,608
1783322100,4162.5,4166,4161.8,4164.7,774
1783322400,4164.7,4167.5,4162.6,4166.1,907
1783322700,4166.1,4166.5,4163,4164.8,516
1783323000,4164.7,4169.5,4162.8,4168.6,790
1783323300,4168.7,4170.4,4167.1,4170.1,448
1783323600,4170.5,4176.1,4170.5,4175.2,1261
1783323900,4175.4,4178,4174.1,4177.6,1044
1783324200,4177.5,4177.7,4173.7,4175.8,638
1783324500,4175.8,4176.8,4174.8,4176.3,402
1783324800,4176.3,4177.9,4172.3,4172.5,1003
1783325100,4172.5,4174.5,4171.8,4173.1,540
1783325400,4173,4173.2,4168.5,4169.3,883
1783325700,4169.5,4170.1,4164.4,4167.5,1125
1783326000,4168,4168.4,4164.6,4166.2,418
1783326300,4166.3,4168.2,4165.7,4166.8,350
1783326600,4166.9,4167.4,4165,4165.7,303
1783326900,4165.5,4166.6,4160.5,4162.3,935
1783327200,4162.3,4164.9,4159.9,4160.4,610
1783327500,4160.4,4161.9,4158.3,4160,750
1783327800,4160.2,4164.3,4159.7,4163.6,489
1783328100,4163.7,4164,4161.6,4161.8,355
1783328400,4161.9,4162,4159.6,4160.3,485
1783328700,4160.4,4162.6,4159.1,4161.6,364
1783329000,4161.6,4161.9,4160.1,4161.2,233
1783329300,4161.1,4161.2,4157.7,4158.9,793
1783329600,4159,4160.9,4158.1,4158.5,630
1783329900,4158.7,4159.3,4152.5,4155.3,1975
1783330200,4155.2,4155.2,4148.5,4149.5,2456
1783330500,4149.6,4155.4,4148.4,4153.3,1081
1783330800,4153.4,4153.8,4151.4,4151.5,426
1783331100,4151.3,4153.3,4151,4152.4,476
1783331400,4152.5,4155.8,4152.5,4154.3,436
1783331700,4154.9,4157.2,4154.2,4155.5,413
1783332000,4155.5,4157.4,4154.3,4156.2,410
1783332300,4156.2,4157,4154.5,4156.7,269
1783332600,4156.6,4161,4156.2,4160.6,615
1783332900,4160.6,4163.9,4159.7,4162.3,784
1783333200,4162.4,4163.2,4161.2,4162.7,417
1783333500,4162.7,4163.3,4160.7,4161.2,452
1783333800,4161.1,4167.2,4161,4166.8,616
1783334100,4166.9,4167.5,4164.9,4165.5,593
1783334400,4165.6,4168.2,4165.2,4166.6,399
1783334700,4166.7,4167.7,4165.6,4166.4,375
1783335000,4166.2,4169,4164.2,4165.7,651
1783335300,4165.5,4167.7,4164.3,4167.3,426
1783335600,4167.4,4168.8,4164.3,4164.8,671
1783335900,4164.9,4166.9,4163.6,4164.8,472
1783336200,4165,4167.6,4164,4167.2,358
1783336500,4167.6,4171,4166,4170.3,888
1783336800,4170,4170.1,4168,4169,308
1783337100,4169.2,4172.4,4167.1,4167.4,725
1783337400,4167.5,4171.4,4167.4,4169.9,402
1783337700,4169.8,4169.9,4166.7,4167.4,415
1783338000,4167.6,4168.4,4164.7,4165.7,565
1783338300,4166,4167.5,4164.2,4164.8,517
1783338600,4164.9,4167.5,4163.9,4167.5,639
1783338900,4167.4,4168.2,4165.8,4167.4,412
1783339200,4167.4,4171,4165.6,4168.5,980
1783339500,4168.8,4170.9,4168.4,4168.8,404
1783339800,4168.8,4169.2,4165.5,4168.2,648
1783340100,4168.1,4169.1,4167,4167.8,383
1783340400,4167.9,4169.7,4158.4,4159,2073
1783340700,4159.1,4161.6,4156.7,4157.6,1231
1783341000,4157.6,4158.2,4154.2,4155.5,1423
1783341300,4155.4,4155.8,4150.1,4151.5,1687
1783341600,4151.4,4152.1,4143,4145.2,3078
1783341900,4145.1,4152.9,4144.9,4147.1,2127
1783342200,4146.8,4152.1,4146.5,4151.5,1264
1783342500,4151.6,4154.8,4151.3,4151.6,1261
1783342800,4151.6,4158.7,4148.8,4156.9,2508
1783343100,4156.7,4160.5,4154.7,4157.7,1364
1783343400,4157.6,4160.6,4152.6,4153.2,1405
1783343700,4153.2,4154.4,4150.5,4151.8,1352
1783344000,4151.7,4161.5,4151.5,4159,1553
1783344300,4159.1,4161.2,4154.4,4154.5,965
1783344600,4154.4,4162.6,4153.9,4161.4,1999
1783344900,4161.3,4161.7,4156.2,4161.3,1542
1783345200,4161.3,4163.1,4156.7,4161.9,1260
1783345500,4161.8,4162,4153.1,4158.3,1897
1783345800,4159,4160.8,4154.1,4158,1287
1783346100,4157.6,4158.6,4147.1,4153.4,2167
1783346400,4152.4,4160,4149.1,4153.1,2310
1783346700,4153.1,4155.4,4145.6,4148.4,2820
1783347000,4148.5,4157.5,4148,4152.9,2061
1783347300,4152.9,4153.4,4146.6,4148.8,1783
1783347600,4148.8,4151.1,4144.6,4144.9,1671
1783347900,4145.3,4151.5,4144.9,4149.2,1317
1783348200,4149.6,4153.8,4145.9,4153.5,1868
1783348500,4153.1,4154.6,4148.4,4149.6,1239
1783348800,4149.8,4151.6,4140.5,4142.4,2008
1783349100,4142.4,4147.4,4141,4145.8,1442
1783349400,4146,4149,4145,4147.5,957
1783349700,4147.7,4151,4146.4,4150.6,987
1783350000,4150.5,4157.1,4149.7,4156.6,1572
1783350300,4156.8,4159,4154.5,4156.6,1328
1783350600,4156.7,4157,4150.2,4151.6,1290
1783350900,4151.3,4154.8,4151.3,4151.8,988
1783351200,4151.7,4157.1,4150.2,4155.6,901
1783351500,4155.4,4163.1,4155.4,4162.5,1406
1783351800,4162.5,4164.1,4159.8,4162,1687
1783352100,4162.1,4163.1,4158.8,4162.9,901
1783352400,4162.9,4163.1,4160.6,4161.8,563
1783352700,4162,4162.3,4158.3,4158.9,695
1783353000,4159.2,4160.1,4156,4157.6,796
1783353300,4157.2,4160.6,4156.5,4160.1,762
1783353600,4160.1,4160.3,4154.8,4155.8,803
1783353900,4155.5,4156.8,4155.1,4155.7,425
1783354200,4155.8,4156.4,4152,4152.2,793
1783354500,4152.5,4155.7,4152,4155.2,849
1783354800,4155.3,4157.4,4153.9,4157.2,670
1783355100,4157.4,4158.7,4155.7,4157.3,572
1783355400,4157.4,4160.4,4157,4159,582
1783355700,4159.2,4161.9,4158.8,4161.3,501
1783356000,4161.4,4162.2,4160.1,4161.2,351
1783356300,4161,4162.2,4160.4,4162.2,446
1783356600,4162.2,4167.7,4162.2,4165.8,1685
1783356900,4166.1,4168.2,4164.6,4167,839
1783357200,4166.8,4167.5,4164,4164.6,721
1783357500,4164.6,4168.1,4164.6,4166,578
1783357800,4166.1,4167.4,4164.2,4165.3,547
1783358100,4165.3,4166.4,4162.6,4163.4,604
1783358400,4163.4,4170.8,4161.8,4169,1306
1783358700,4168.9,4171.4,4166,4167.3,1298
1783359000,4167.5,4170.3,4166.5,4170.2,640
1783359300,4170,4170.6,4167.9,4170.2,402
1783359600,4170.2,4171.2,4168.2,4168.4,625
1783359900,4168.2,4171.7,4167.9,4171.4,442
1783360200,4171.4,4173.5,4170.2,4171.1,640
1783360500,4171,4173.8,4170.6,4173,515
1783360800,4173.4,4173.8,4168.4,4169.3,1248
1783361100,4169.2,4169.4,4167.1,4168.1,572
1783361400,4168,4170.3,4167.1,4170,431
1783361700,4170.2,4173.6,4170.2,4173.1,590
1783362000,4173,4174,4171.9,4173.8,298
1783362300,4174,4175.3,4173.2,4173.8,548
1783362600,4173.7,4176.2,4171.7,4175.6,720
1783362900,4175.6,4179.7,4175.5,4177.2,1124
1783363200,4177.5,4177.8,4174.8,4176,586
1783363500,4175.9,4177.4,4175.6,4176.5,308
1783363800,4176.3,4176.8,4173.9,4175,429
1783364100,4174.9,4176.2,4174.4,4175.6,295
1783364400,4175.8,4177.4,4173.4,4173.6,594
1783364700,4173.4,4174,4171.7,4172.6,437
1783365000,4172.7,4172.8,4170.7,4171.5,419
1783365300,4171.2,4173.2,4170.5,4173.1,476
1783365600,4173,4175.2,4172.5,4174,528
1783365900,4173.9,4175.7,4173.5,4174.9,421
1783366200,4175,4175.6,4173,4174.1,478
1783366500,4173.7,4174.2,4171.4,4171.9,484
1783366800,4171.8,4173.1,4171.3,4173,224
1783367100,4173.1,4175.8,4172.7,4175.1,359
1783367400,4175,4176.7,4174.4,4175.2,438
1783367700,4175.5,4175.5,4172.7,4175.4,881
1783368000,4175.3,4176.2,4174,4174.2,281
1783368300,4174.3,4174.5,4172.8,4173.5,184
1783368600,4173.6,4173.9,4172.7,4172.8,122
1783368900,4172.8,4173.6,4172.4,4172.9,135
1783369200,4173.1,4173.9,4172.7,4173.4,89
1783369500,4173.7,4175.5,4173.4,4174.4,207
1783369800,4174.5,4176.4,4174.2,4176.2,230
1783370100,4176,4176.9,4175,4175.4,286
1783370400,4175.4,4176.3,4174.6,4174.9,146
1783370700,4174.7,4175.4,4174.4,4174.9,288
1783371000,4175,4176.4,4174.9,4176.2,190
1783371300,4176,4177.3,4175.3,4176.4,247
1783375200,4177.1,4179.1,4174.4,4175.5,973
1783375500,4175.8,4177.9,4175.2,4177,253
1783375800,4177,4177.8,4175.8,4177.4,179
1783376100,4177.5,4178.6,4177.4,4178.4,253
1783376400,4178.2,4178.5,4176.7,4176.9,195
1783376700,4176.7,4177.8,4176,4177.2,298
1783377000,4177.3,4181.2,4177.1,4179.7,684
1783377300,4179.7,4180,4177.1,4178.6,577
1783377600,4178.8,4179,4178.2,4178.4,104
1783377900,4178.3,4179,4176.9,4176.9,230
1783378200,4176.9,4177.2,4175,4175.8,383
1783378500,4175.7,4176.6,4174.8,4175.5,327
1783378800,4175.3,4176.6,4174.9,4175.9,277
1783379100,4176.1,4176.5,4173.6,4175.2,405
1783379400,4175,4176.9,4174.5,4176.6,306
1783379700,4176.5,4176.7,4174.4,4175.6,243
1783380000,4175.6,4175.9,4174.4,4174.8,174
1783380300,4175,4175.3,4174,4174.4,151
1783380600,4174.2,4176.4,4173,4175.8,390
1783380900,4175.6,4175.6,4173.7,4174.2,268
1783381200,4173.8,4174.2,4171.7,4173,528
1783381500,4173.1,4174.9,4172.4,4174.4,479
1783381800,4174.1,4174.6,4172.1,4172.8,617
1783382100,4172.8,4173.1,4168,4168.5,1054
1783382400,4168.4,4169.3,4166.1,4168,955
1783382700,4167.8,4169.9,4167.4,4168.1,652
1783383000,4168,4169.7,4163.9,4167.6,1040
1783383300,4168,4168.9,4163.5,4168.4,944
1783383600,4168.5,4172.2,4167.6,4170.3,1179
1783383900,4170,4172,4168.4,4171.2,670
1783384200,4171.3,4174.4,4168.1,4168.3,1288
1783384500,4168.1,4168.9,4162,4162.8,1395
1783384800,4162.6,4163,4159.9,4161.5,1190
1783385100,4161,4164.1,4159.3,4162.6,969
1783385400,4162.5,4165.2,4162.1,4164.8,520
1783385700,4164.6,4165.9,4156.3,4157.5,1455
1783386000,4157.4,4160.1,4152,4159.4,2536
1783386300,4159.3,4160.2,4151.2,4153.5,1847
1783386600,4153.4,4155,4149.3,4153.7,1577
1783386900,4153.8,4154.9,4146.3,4148.3,1787
1783387200,4148,4148.9,4143.6,4144.8,1458
1783387500,4145,4146.8,4137.6,4144.6,2815
1783387800,4144.5,4152.4,4143.8,4151,2032
1783388100,4151.1,4152.6,4149.6,4151,1011
1783388400,4151,4154.3,4149.8,4153.9,836
1783388700,4154.2,4158.5,4154.1,4156.4,1359
1783389000,4156.4,4157.1,4153.5,4156.3,958
1783389300,4156,4157.2,4152.3,4153.9,698
1783389600,4154,4155,4151.8,4152.9,673
1783389900,4152.9,4153.4,4149.6,4150,847
1783390200,4150.3,4156.7,4150.2,4154.5,968
1783390500,4154.6,4155.8,4152.5,4153.9,601
1783390800,4153.8,4155.4,4149.8,4155.2,855
1783391100,4155.4,4157.3,4152.2,4152.2,695
1783391400,4152.2,4152.5,4147.7,4150.3,1018
1783391700,4150.4,4156.2,4149.9,4153.5,685
1783392000,4153.4,4155.1,4150.3,4151,560
1783392300,4151.1,4151.3,4145.2,4146.8,732
1783392600,4146.6,4148.4,4142.6,4144.7,1216
1783392900,4144.8,4148.5,4143.2,4147.9,899
1783393200,4147.8,4150.6,4146.3,4150.5,672
1783393500,4150.7,4151.6,4148.5,4149.6,550
1783393800,4149.7,4150.1,4147.3,4147.8,435
1783394100,4147.8,4148.6,4145.8,4147.1,555
1783394400,4147.1,4149.3,4142.6,4143.4,782
1783394700,4143.5,4145.1,4140.1,4143.4,831
1783395000,4143.1,4145.5,4141.8,4145.2,522
1783395300,4145,4146,4143,4143.7,459
1783395600,4143.8,4144.4,4138.2,4140.7,788
1783395900,4140.6,4140.6,4135.3,4137.2,1352
1783396200,4137.5,4139.5,4136.9,4138.9,633
1783396500,4138.8,4142.7,4137.8,4142.4,686
1783396800,4142.4,4145.6,4141.6,4144.3,685
1783397100,4144.2,4151.2,4144.1,4150.9,1033
1783397400,4150.9,4152.4,4147.4,4147.5,992
1783397700,4147.4,4148.8,4142.3,4143.5,852
1783398000,4143.6,4145.6,4141.8,4144.4,575
1783398300,4144.4,4145.7,4142.4,4143.2,359
1783398600,4143.1,4143.5,4140.3,4141.7,733
1783398900,4141.5,4142.2,4140.2,4141.8,364
1783399200,4141.5,4142.8,4139.6,4139.8,453
1783399500,4139.8,4142.4,4139.8,4140.1,342
1783399800,4140.3,4141,4138.6,4138.9,509
1783400100,4138.8,4139.4,4136.7,4137.7,693
1783400400,4137.4,4139.4,4133.5,4139.2,1501
1783400700,4139.4,4142.2,4136,4137,889
1783401000,4137.1,4138.4,4132.5,4133.2,741
1783401300,4133.4,4136.8,4132.2,4133.6,815
1783401600,4133.4,4137.7,4132,4137.5,897
1783401900,4137.6,4140.1,4136.4,4139.6,671
1783402200,4139.8,4140.1,4131.2,4134,1826
1783402500,4133.7,4138,4130.6,4131.2,1030
1783402800,4131.2,4133.9,4127.7,4133.6,1772
1783403100,4133.6,4135.2,4131.3,4132.8,685
1783403400,4133,4136.9,4132.7,4136.3,582
1783403700,4136.2,4138.5,4134.8,4135.2,760
1783404000,4135.2,4140.7,4134.4,4138.2,1052
1783404300,4138.2,4139.9,4133.7,4134.5,694
1783404600,4134.2,4135.4,4132.5,4134.9,609
1783404900,4135.1,4137.3,4134.5,4134.8,444
1783405200,4135.3,4139.5,4135.3,4139.4,725
1783405500,4139.6,4141,4137.7,4138.6,613
1783405800,4138,4141.2,4136.3,4139.7,620
1783406100,4139.5,4140.8,4138.4,4139.7,323
1783406400,4139.8,4143.9,4139.5,4143.8,760
1783406700,4143.8,4144.4,4139.8,4140.9,684
1783407000,4141.1,4142.5,4140.3,4140.3,280
1783407300,4140.7,4142.7,4140.3,4141.7,335
1783407600,4141.9,4142.7,4135.6,4138.5,942
1783407900,4138.2,4139.1,4135.6,4137.7,558
1783408200,4137.9,4141.6,4136.5,4140.6,534
1783408500,4140.6,4143,4139.6,4141.6,536
1783408800,4142,4143.5,4137.2,4138.5,481
1783409100,4138.2,4140.8,4137.9,4137.9,284
1783409400,4138.1,4139.5,4137,4138.9,370
1783409700,4138.9,4141.3,4138.6,4140.2,361
1783410000,4140.2,4142.2,4138.4,4141.2,301
1783410300,4140.9,4144.8,4137.2,4138.5,910
1783410600,4138.3,4139.5,4137,4137.9,544
1783410900,4137.7,4138,4135.5,4135.6,661
1783411200,4135.7,4141.6,4135.3,4139.5,757
1783411500,4139.7,4142.5,4138.8,4141.3,484
1783411800,4141.7,4150.9,4141.2,4148.6,1762
1783412100,4148.4,4149.9,4146,4146.9,739
1783412400,4147,4149.9,4145.4,4147.9,710
1783412700,4147.7,4150.4,4147.7,4150.2,423
1783413000,4150.2,4150.7,4144.5,4145.9,733
1783413300,4145.9,4146.2,4139.5,4143.2,896
1783413600,4143.4,4144.5,4140.2,4142.2,1029
1783413900,4142.1,4142.1,4139,4139.3,469
1783414200,4139.3,4139.9,4132.9,4135.1,1085
1783414500,4135,4138,4133.2,4137,741
1783414800,4136.8,4139.1,4135.1,4138.8,456
1783415100,4138.7,4139.7,4137,4137.7,371
1783415400,4137.7,4140.2,4137.4,4138.8,343
1783415700,4138.6,4142.2,4138.3,4140.1,551
1783416000,4140.1,4140.1,4136.9,4137.8,371
1783416300,4138.1,4139.5,4130.5,4132.3,1284
1783416600,4132.5,4139.1,4132.5,4138.5,1148
1783416900,4138.5,4142.6,4137.5,4140.2,701
1783417200,4140.4,4144.6,4140.2,4143.9,408
1783417500,4144,4144.1,4138.1,4138.3,511
1783417800,4138.5,4141.3,4136.2,4141.2,567
1783418100,4140.9,4143.4,4140.6,4142.2,347
1783418400,4142.4,4145.1,4142.4,4143.6,458
1783418700,4143.6,4145.6,4143.1,4144.5,361
1783419000,4144.8,4146.6,4143.5,4143.9,450
1783419300,4143.9,4148.4,4143.3,4148,471
1783419600,4147.8,4148.8,4145.8,4148.5,407
1783419900,4148.4,4150.4,4147.5,4149.1,429
1783420200,4148.9,4149.1,4146.2,4147.2,503
1783420500,4147.1,4148,4146.6,4148,221
1783420800,4148.2,4148.9,4146.9,4146.9,257
1783421100,4147.3,4147.6,4145,4145,386
1783421400,4145.1,4147,4145,4147,353
1783421700,4147,4148.6,4145.6,4147.1,380
1783422000,4147.1,4147.7,4145,4145.8,399
1783422300,4145.6,4146.7,4143,4143.6,488
1783422600,4143.6,4145.3,4143,4144.2,312
1783422900,4144.2,4154.5,4144.2,4152.2,1490
1783423200,4152,4155.8,4151,4155.6,842
1783423500,4155.4,4157,4153.9,4154.3,686
1783423800,4154.1,4155.3,4150.8,4154.2,811
1783424100,4154.3,4159.2,4153.8,4156.6,1008
1783424400,4156.7,4161,4156.2,4159.7,862
1783424700,4159.6,4163.3,4158.3,4161.4,1440
1783425000,4161.3,4164.3,4158.6,4162.5,1062
1783425300,4162.5,4170,4162.3,4168.8,1490
1783425600,4168.7,4171.5,4166,4170.4,1927
1783425900,4170.5,4183.2,4169.5,4181.3,3428
1783426200,4181.3,4186.9,4177.5,4185.3,3182
1783426500,4185.2,4187.1,4180.4,4180.6,1986
1783426800,4180.7,4182.3,4174.7,4175.7,2176
1783427100,4175.6,4181.4,4174.4,4177.5,1539
1783427400,4177.7,4179.8,4175.4,4175.5,1672
1783427700,4175.5,4179.4,4173.5,4177.9,1509
1783428000,4178,4179,4173.2,4178.2,1582
1783428300,4178.1,4180.5,4175.8,4176.9,1390
1783428600,4177.1,4181.9,4177.1,4178.6,872
1783428900,4178.9,4184.6,4178.5,4183.7,1210
1783429200,4184,4190.4,4176.4,4177.2,3936
1783429500,4177.2,4178.5,4172.7,4173.8,2460
1783429800,4173.9,4183.5,4171.1,4182.9,2379
1783430100,4182.8,4182.9,4179,4180.3,1158
1783430400,4180,4183.9,4176.8,4177.3,1360
1783430700,4177.1,4180.7,4175.4,4177.6,1516
1783431000,4177.5,4182.6,4174.6,4180.6,1719
1783431300,4180.4,4192,4179.5,4182,3728
1783431600,4182,4192.6,4180,4189.3,3167
1783431900,4189.3,4191.9,4182.3,4184.9,2449
1783432200,4184.6,4186,4175.5,4177.4,2392
1783432500,4177.3,4179.1,4167.1,4170,3734
1783432800,4169.8,4175,4164,4165.6,3588
1783433100,4165.7,4169.4,4162.7,4166.9,2409
1783433400,4166.9,4168.6,4161.9,4163.2,1849
1783433700,4163,4170.9,4162.3,4169.6,2006
1783434000,4169.6,4170.2,4162.8,4163.3,1336
1783434300,4163.1,4169.5,4161.3,4169.1,1720
1783434600,4169.5,4170.7,4162.3,4162.3,1663
1783434900,4162.2,4162.6,4157.5,4160.6,2499
1783435200,4160.4,4163.9,4154.3,4163.4,2378
1783435500,4163.3,4168.8,4163,4167,1721
1783435800,4167.5,4168.8,4164.4,4165.1,926
1783436100,4164.9,4168,4164.6,4165,860
1783436400,4165,4165.7,4160.8,4162.5,1379
1783436700,4162.4,4166.7,4160.5,4164.3,1093
1783437000,4164.1,4166.6,4159.2,4159.6,1163
1783437300,4159.7,4159.8,4152.5,4155.8,1633
1783437600,4155.9,4157.8,4154.3,4156.3,906
1783437900,4156.5,4157.8,4152.7,4154.1,1021
1783438200,4154,4157.2,4153.7,4154.8,700
1783438500,4154.7,4157.1,4153.1,4156.4,669
1783438800,4156.4,4159.3,4155,4157.3,899
1783439100,4157.4,4159.1,4152.9,4152.9,679
1783439400,4152.8,4154.4,4148.2,4149.1,1600
1783439700,4148.8,4150.3,4146.6,4150.2,1089
1783440000,4150.4,4152.2,4148.2,4150.8,738
1783440300,4150.9,4154.9,4150.5,4151.6,809
1783440600,4151.3,4154,4150.6,4152.5,447
1783440900,4152.4,4156.2,4152.2,4155.4,508
1783441200,4155.5,4158.4,4153.8,4155.9,861
1783441500,4156,4158.7,4155.2,4157.6,628
1783441800,4157.4,4158.2,4154.4,4154.7,694
1783442100,4154.5,4156.7,4153.9,4155.9,565
1783442400,4155.8,4156.8,4154.3,4154.7,409
1783442700,4154.7,4156.3,4152.2,4156.2,823
1783443000,4156,4158.3,4155.7,4155.8,595
1783443300,4156.1,4156.8,4154.5,4156.7,372
1783443600,4156.5,4157.8,4155.5,4157.4,466
1783443900,4157.4,4158.5,4156.5,4157.2,382
1783444200,4157,4157.1,4153.2,4154.3,457
1783444500,4154.3,4154.6,4151.6,4154.3,698
1783444800,4154.6,4157.4,4153.1,4156.9,561
1783445100,4156.8,4158.2,4155.3,4157.6,884
1783445400,4157.7,4159.9,4156.9,4157.6,852
1783445700,4157.5,4158.2,4156,4157.9,429
1783446000,4157.3,4159.4,4157.3,4158.6,284
1783446300,4158.8,4158.8,4156.6,4156.8,235
1783446600,4156.6,4156.7,4154,4155.1,435
1783446900,4154.9,4156.1,4154.9,4156.1,150
1783447200,4156.2,4156.7,4152.6,4153.7,458
1783447500,4153.6,4154.2,4152.7,4153,283
1783447800,4153.1,4154.1,4152.1,4153.6,368
1783448100,4153.6,4153.7,4151.1,4153,491
1783448400,4153,4155.7,4152.2,4154.7,418
1783448700,4154.6,4155.7,4152.8,4153.1,293
1783449000,4152.9,4153.3,4147.2,4150.4,1274
1783449300,4150.5,4154,4150.3,4152.8,417
1783449600,4152.9,4153.6,4151.2,4153.5,344
1783449900,4153.6,4154.2,4143,4146.7,1371
1783450200,4146.5,4147.7,4136,4138.1,2786
1783450500,4138.3,4142.1,4136.5,4137.9,1145
1783450800,4137.9,4138.8,4128.9,4132.5,2440
1783451100,4132.7,4132.8,4118.7,4122,3257
1783451400,4122,4122.4,4113.6,4116.4,2834
1783451700,4116.2,4116.3,4102.4,4109.3,4496
1783452000,4109.2,4113.5,4104.1,4112.5,2452
1783452300,4112,4117.9,4108.8,4114.4,1697
1783452600,4114.6,4124.6,4114.6,4123.5,1627
1783452900,4123.4,4126.1,4120.4,4121.6,1222
1783453200,4121.6,4122.7,4118.8,4120.2,993
1783453500,4120.3,4124.6,4118.8,4123.2,1107
1783453800,4123.2,4126.8,4121.4,4126.3,985
1783454100,4126.4,4128.8,4124.7,4125,1969
1783454400,4125.2,4126.8,4123.7,4126.2,567
1783454700,4126.1,4126.5,4123.7,4125,300
1783455000,4124.9,4126.7,4123.2,4123.9,427
1783455300,4123.7,4124.3,4118.2,4119.9,860
1783455600,4120,4120.1,4117.3,4119.3,463
1783455900,4119.6,4121.9,4119.5,4121.4,322
1783456200,4121.5,4122.2,4117.8,4117.9,442
1783456500,4118,4118.3,4115.4,4115.7,480
1783456800,4115.6,4118.1,4115.5,4116.5,352
1783457100,4116.7,4117.5,4115.7,4116.2,384
1783457400,4116.3,4116.7,4114.2,4115.8,391
1783457700,4115.9,4117.9,4114.8,4116.6,527
1783461600,4110,4116.7,4104.1,4115.7,1781
1783461900,4115.7,4117.1,4111.3,4112,785
1783462200,4111.8,4115.3,4111.1,4115,350
1783462500,4114.9,4115.1,4111.7,4113.7,506
1783462800,4113.6,4114.2,4112.2,4113.7,272
1783463100,4113.3,4113.4,4110.1,4110.4,338
1783463400,4110.3,4111.5,4109.5,4110.5,422
1783463700,4110.9,4113.5,4110.9,4113.3,452
1783464000,4113.2,4113.4,4110.9,4111.9,421
1783464300,4111.8,4111.8,4107.8,4109,575
1783464600,4108.8,4111.3,4106.4,4108.9,802
1783464900,4108.9,4110.5,4106.9,4109.4,627
1783465200,4109.1,4112.4,4107.2,4111.9,1005
1783465500,4111.9,4117.9,4111.4,4116.6,1197
1783465800,4116.3,4119.3,4114.9,4116.5,1094
1783466100,4116.5,4116.5,4112.1,4113.2,973
1783466400,4113.2,4115.3,4111.8,4114.5,648
1783466700,4114.1,4117.5,4113.5,4115.6,596
1783467000,4115.8,4116.4,4111.3,4112.1,544
1783467300,4112,4113.5,4111.2,4112.9,401
1783467600,4112.7,4114.6,4107.9,4108.9,1136
1783467900,4108.9,4110.1,4106.2,4108.5,994
1783468200,4108.5,4112,4108.1,4108.9,593
1783468500,4109.1,4109.1,4106.3,4108.7,539
1783468800,4108.8,4112.9,4106.9,4112.8,1204
1783469100,4113,4113.6,4107.7,4110.1,696
1783469400,4110.4,4114.6,4109.5,4110.7,930
1783469700,4110.7,4113.7,4109.1,4113.3,837
1783470000,4114,4116.9,4111,4116.5,845
1783470300,4116.5,4118.8,4114.5,4116.2,1017
1783470600,4116,4121.1,4114.4,4120,874
1783470900,4120.2,4133.7,4118.1,4133.6,2955
1783471200,4133.3,4137.3,4131.9,4134,1877
1783471500,4134.1,4136,4130.7,4132.9,1297
1783471800,4132.6,4133,4125.9,4126.5,1068
1783472100,4126.4,4129.6,4122.1,4122.6,1751
1783472400,4122.5,4129.3,4118,4119.1,3196
1783472700,4119.1,4119.1,4109.5,4115.1,3802
1783473000,4114.9,4122.7,4114.7,4119.5,1841
1783473300,4119.6,4120,4115.1,4118.1,1279
1783473600,4118,4121.1,4115.7,4117.2,918
1783473900,4117.3,4121.5,4112.8,4113.8,978
1783474200,4113.7,4116.8,4108.3,4108.9,1629
1783474500,4108.9,4111.4,4106.8,4111,1288
1783474800,4111.1,4116.3,4109.7,4113.7,1542
1783475100,4113.7,4123.6,4112.8,4120.8,1894
1783475400,4121,4123.8,4114.9,4119.4,1573
1783475700,4119.6,4122.5,4117.9,4122,725
1783476000,4122.5,4122.5,4116.6,4119.4,926
1783476300,4119.3,4128.3,4118.8,4127.7,1960
1783476600,4127.8,4129.3,4122.8,4123.3,1089
1783476900,4123.1,4127.5,4123.1,4126.1,650
1783477200,4125.8,4132.7,4124.5,4130.8,1131
1783477500,4130.6,4135.5,4129.4,4129.4,1429
1783477800,4129.4,4131.8,4126.8,4129.5,1006
1783478100,4129.7,4131.3,4127.5,4130.9,588
1783478400,4130.7,4131.1,4128.7,4131,459
1783478700,4131,4131.6,4126.6,4127.5,583
1783479000,4127.4,4128.4,4124.8,4127,553
1783479300,4127,4127.3,4124.1,4125.2,493
1783479600,4125.5,4139.8,4125.2,4136.3,2187
1783479900,4136.3,4140.7,4132.9,4137.7,1329
1783480200,4137.5,4142.6,4136.7,4138.6,1235
1783480500,4138.8,4139.6,4135.7,4137.9,762
1783480800,4138,4140.4,4137.1,4139.6,462
1783481100,4139.3,4142.1,4138.3,4141.1,832
1783481400,4141,4142.3,4137.7,4139.3,820
1783481700,4139.3,4139.6,4136.6,4137.8,481
1783482000,4137.9,4138.4,4136.5,4137.7,385
1783482300,4137.7,4140.3,4136.8,4139.7,316
1783482600,4139.5,4139.9,4137.8,4138,330
1783482900,4137.9,4137.9,4133.3,4134.3,1216
1783483200,4134.3,4135.8,4132.4,4133.8,660
1783483500,4133.6,4139.6,4133.3,4139.6,728
1783483800,4139.3,4139.3,4134.8,4135.2,707
1783484100,4135.2,4135.3,4131.3,4133.8,972
1783484400,4133.5,4137.9,4132.3,4136.5,646
1783484700,4136.4,4137.8,4135.2,4136.7,581
1783485000,4136.6,4139.2,4135.3,4137.1,629
1783485300,4136.8,4139,4135.6,4135.9,551
1783485600,4136.1,4136.6,4132.7,4135.7,504
1783485900,4135.9,4137.7,4135.2,4135.4,452
1783486200,4135.4,4137.2,4134.6,4134.6,278
1783486500,4134.8,4137.5,4133.9,4135.7,299
1783486800,4135.9,4139.1,4135.5,4138.7,479
1783487100,4138.7,4144.6,4138.6,4139.3,1399
1783487400,4139.1,4139.2,4135.7,4136.4,587
1783487700,4136.2,4140.4,4136,4138,595
1783488000,4137.8,4138.4,4132.8,4134.9,859
1783488300,4134.6,4136.7,4132,4132.1,479
1783488600,4132.2,4138.8,4131.1,4138.6,1352
1783488900,4138.3,4140.8,4136.2,4138.2,635
1783489200,4138.1,4142.5,4137.2,4138.6,718
1783489500,4138.8,4140.6,4135.8,4135.8,496
1783489800,4135.8,4137.5,4135.2,4137,428
1783490100,4137,4140.1,4136.2,4138.5,419
1783490400,4138.6,4139.9,4134,4134,659
1783490700,4133.8,4136.4,4132.7,4136.4,524
1783491000,4136.1,4142.3,4135,4141.7,882
1783491300,4142,4143.5,4139.2,4140.7,1143
1783491600,4140.7,4146.4,4139.5,4143.3,856
1783491900,4143.2,4143.6,4140.4,4140.9,588
1783492200,4140.4,4140.8,4136,4137.2,771
1783492500,4137,4138.2,4135.3,4137,559
1783492800,4137.1,4139.1,4136.6,4137.7,770
1783493100,4137.4,4138.1,4134.8,4135.8,622
1783493400,4135.6,4137.6,4135.3,4135.9,365
1783493700,4135.9,4136.2,4134,4134.2,452
1783494000,4134.5,4135.9,4131,4131.2,917
1783494300,4131.2,4132,4128.5,4131.1,1019
1783494600,4131.2,4131.5,4127,4128.5,653
1783494900,4128.8,4129.4,4125.7,4127,730
1783495200,4127,4130.7,4125.5,4130.7,715
1783495500,4130.5,4132.8,4128.4,4131.6,744
1783495800,4131.6,4137.7,4131.2,4135.4,1071
1783496100,4135.2,4135.3,4129.1,4130.9,726
1783496400,4131.3,4138.8,4131.3,4138.7,849
1783496700,4138.6,4138.7,4135.3,4135.6,594
1783497000,4135.5,4136.5,4131,4131,617
1783497300,4131,4132.9,4130.2,4132.1,447
1783497600,4132.1,4132.3,4127.5,4127.9,708
1783497900,4128.1,4131.8,4127.8,4131,616
1783498200,4130.5,4132.6,4127.6,4128.8,634
1783498500,4128.9,4132.2,4091.3,4099.1,9327
1783498800,4099.5,4108.3,4092.5,4095.8,4100
1783499100,4095.6,4102.8,4090.8,4099.1,2965
1783499400,4099.2,4102.6,4088.2,4093.9,3308
1783499700,4093.6,4093.7,4077.4,4077.8,3796
1783500000,4077.9,4079,4071.6,4077,3655
1783500300,4076.7,4087,4075.1,4077.4,3273
1783500600,4077.3,4080,4071.1,4074.3,2528
1783500900,4074.3,4075.7,4062.1,4066.8,3240
1783501200,4066.6,4067.5,4060.7,4066,2128
1783501500,4066.1,4066.7,4060,4062.1,1501
1783501800,4062,4066.6,4061.1,4066,1291
1783502100,4066,4071.7,4064.1,4069.3,2074
1783502400,4069.1,4070.7,4064.6,4066.8,1358
1783502700,4066.9,4071,4065.1,4066.8,878
1783503000,4066.7,4067.8,4061.5,4067,1464
1783503300,4066.9,4069.3,4061.1,4063.8,1078
1783503600,4063.6,4064.7,4054.8,4058.9,2289
1783503900,4058.8,4063.1,4057.6,4060.6,1092
1783504200,4060.5,4060.5,4056.1,4057.9,1011
1783504500,4057.7,4058,4051.6,4053.4,1456
1783504800,4053.5,4058.8,4053.1,4057.3,1223
1783505100,4057.2,4058,4050.1,4051.9,1007
1783505400,4052.1,4055.4,4051.4,4054.8,806
1783505700,4054.8,4060.9,4053.4,4060.9,1101
1783506000,4060.7,4065.9,4060.3,4062.9,1676
1783506300,4063,4063.5,4059.1,4061,842
1783506600,4060.8,4066.9,4060.1,4065.2,952
1783506900,4064.8,4067.1,4061.7,4065.1,847
1783507200,4065.1,4068.8,4063,4067.6,1204
1783507500,4067.5,4068.9,4064.2,4065.9,809
1783507800,4066,4067.8,4063.2,4066.6,713
1783508100,4066.7,4067.7,4063.1,4063.2,505
1783508400,4062.9,4067.3,4060.6,4063.9,1223
1783508700,4063.9,4064.9,4058.7,4059.5,862
1783509000,4059.6,4062.2,4058,4060.3,805
1783509300,4060.6,4064.5,4060.4,4062.3,641
1783509600,4062,4064.2,4057.6,4060.3,960
1783509900,4060.4,4062,4059.1,4060.5,410
1783510200,4060.1,4061.2,4056,4057.6,829
1783510500,4057.9,4058.1,4051.4,4052.4,1190
1783510800,4052.9,4076.3,4052.5,4074.4,3822
1783511100,4074.5,4082.7,4070.7,4072,3494
1783511400,4071.9,4074.1,4068.6,4072.8,1545
1783511700,4072.4,4074.7,4069.5,4072.3,1274
1783512000,4072.1,4076.3,4068.6,4074.5,1825
1783512300,4074.5,4079.8,4073.6,4079.4,1530
1783512600,4079.1,4083.6,4078.7,4081.8,1722
1783512900,4082,4088.1,4078.3,4085.2,1890
1783513200,4085.3,4086.7,4075.5,4077.1,1578
1783513500,4076.9,4082.5,4076.9,4080.9,1278
1783513800,4080.7,4084.2,4078.1,4083.3,1684
1783514100,4083.4,4083.7,4078,4083.3,935
1783514400,4082.9,4088.8,4081.5,4088.6,1570
1783514700,4088.4,4093.6,4086.5,4092.7,2442
1783515000,4092.8,4097,4092.3,4094.6,1689
1783515300,4094.2,4096.2,4081,4082.8,3691
1783515600,4082.8,4090.5,4080.5,4089.8,2764
1783515900,4090.1,4093.8,4082.9,4084.8,2325
1783516200,4084.8,4087,4080.5,4083,2031
1783516500,4083,4087,4082.5,4082.9,961
1783516800,4082.9,4086.9,4078.7,4082.4,1393
1783517100,4081.9,4085.5,4076,4077.5,1895
1783517400,4077.6,4090.9,4077.5,4088.6,2993
1783517700,4087.7,4091.4,4083.7,4090.3,1677
1783518000,4090.2,4091.1,4081.1,4084.1,1726
1783518300,4083.9,4090,4080.2,4080.4,1488
1783518600,4080.2,4084.6,4079,4080.6,1556
1783518900,4080.7,4083.8,4079.6,4081.7,1202
1783519200,4081.5,4082.2,4073.9,4076.6,2296
1783519500,4077,4079.8,4071.1,4074.6,2846
1783519800,4074.3,4075.8,4067.6,4068.3,2024
1783520100,4068.2,4072.5,4062.1,4065.6,3290
1783520400,4065.6,4073.2,4063.5,4070.8,1878
1783520700,4071,4076.6,4069.6,4071.1,1980
1783521000,4071,4072.5,4062.7,4065.9,2104
1783521300,4066,4066.8,4053,4054,3287
1783521600,4054.2,4060.4,4045.5,4046.9,4629
1783521900,4046.8,4050.9,4043.1,4046.1,3286
1783522200,4046,4057,4045,4055.2,2319
1783522500,4055.3,4056.3,4050.7,4051.6,1232
1783522800,4052.1,4052.4,4046.1,4048,1732
1783523100,4048,4054.6,4048,4050.5,1141
1783523400,4050.5,4053.2,4044.2,4044.5,1674
1783523700,4044.6,4045.9,4037.7,4042.5,4305
1783524000,4042.4,4046.8,4036.8,4036.9,1874
1783524300,4036.9,4043.1,4036.9,4041.6,1612
1783524600,4041.4,4043,4032.3,4035.8,2609
1783524900,4035.7,4042.7,4034.6,4039.7,1512
1783525200,4039.5,4044.1,4039.1,4043.3,1487
1783525500,4043,4044.7,4039.9,4044.1,1375
1783525800,4043.8,4048.5,4043.5,4044.6,1749
1783526100,4044.7,4045.3,4040.7,4044.5,1087
1783526400,4044.5,4047.7,4043.4,4046.7,1088
1783526700,4046.5,4051,4046.3,4050,1191
1783527000,4049.7,4053.8,4048.7,4049.8,1572
1783527300,4049.8,4052,4047.8,4051.2,854
1783527600,4051.2,4052.3,4048,4048.6,776
1783527900,4048.5,4055.5,4048.4,4053.6,1087
1783528200,4053.5,4058,4051.6,4052.1,1452
1783528500,4051.9,4056.5,4049.3,4055,1707
1783528800,4054.8,4068.1,4053,4066.3,2846
1783529100,4066.3,4069.3,4063.3,4068,1553
1783529400,4068.1,4073.2,4067.1,4072.7,1988
1783529700,4072.5,4074.6,4071.2,4073.8,990
1783530000,4073.8,4074.3,4069.6,4070.9,1229
1783530300,4071,4079.1,4070.7,4075.4,1768
1783530600,4075.3,4080.5,4073.6,4075,1285
1783530900,4075.3,4077.4,4073.4,4076.1,1101
1783531200,4076.2,4081.3,4075.4,4079.3,1174
1783531500,4079.6,4084.5,4079.3,4083.4,2312
1783531800,4083.5,4086.9,4081.7,4082.8,1321
1783532100,4083,4083.9,4080.1,4081,851
1783532400,4081.3,4081.9,4079,4080.3,882
1783532700,4080.4,4080.9,4077.5,4078.3,736
1783533000,4078.4,4080.4,4077,4078.2,651
1783533300,4078.2,4078.2,4074.7,4076.3,765
1783533600,4075.8,4085.9,4073.7,4079.5,2491
1783533900,4079.9,4081.3,4076.8,4078.6,1076
1783534200,4078.5,4086.4,4077.4,4085.9,1238
1783534500,4085.9,4085.9,4080.5,4082.4,798
1783534800,4082.2,4082.3,4078.9,4079.9,502
1783535100,4080.1,4083,4078,4080.1,799
1783535400,4080.4,4082.2,4077.7,4080.2,725
1783535700,4080.6,4086.1,4079.4,4085.6,723
1783536000,4085.6,4090,4085.2,4089.9,1426
1783536300,4089.7,4102,4088.9,4100.8,2888
1783536600,4100.5,4101.5,4094.5,4095.9,1455
1783536900,4095.6,4095.6,4092.3,4094.4,761
1783537200,4094.5,4101.1,4094.5,4097.5,1178
1783537500,4097.1,4100.4,4096.5,4099.5,679
1783537800,4099.3,4100.4,4095.5,4097.5,702
1783538100,4097.7,4098.3,4094.6,4096.6,573
1783538400,4096.7,4098,4095.9,4097.1,358
1783538700,4097.2,4098.8,4095.1,4098.3,433
1783539000,4098.3,4101.4,4096.1,4097,983
1783539300,4096.8,4099.6,4096.2,4097.3,428
1783539600,4097.2,4097.6,4093,4094.2,886
1783539900,4094.2,4094.3,4088.5,4089.2,1240
1783540200,4089.2,4093.3,4088.8,4093,863
1783540500,4093.2,4093.6,4089.9,4090.3,739
1783540800,4090.5,4090.9,4086.1,4089.4,763
1783541100,4089.4,4093.8,4088.7,4091.3,523
1783541400,4090.9,4091.6,4087.9,4088.8,339
1783541700,4088.9,4089.6,4085.7,4086.3,462
1783542000,4086.3,4086.7,4084,4085.5,521
1783542300,4085.6,4086.9,4084.5,4086.9,279
1783542600,4086.9,4088.6,4083.2,4083.6,518
1783542900,4083.8,4084.1,4081.3,4084.1,512
1783543200,4084.1,4086.1,4083.8,4085,246
1783543500,4084.7,4086.2,4084,4085.4,296
1783543800,4085.3,4090,4085.3,4089.5,414
1783544100,4089.7,4089.7,4084.9,4086.2,463
1783548000,4088.5,4089.1,4081.6,4082.9,966
1783548300,4083.5,4089.1,4082.7,4086.8,482
1783548600,4086.6,4088.7,4085.7,4086.4,200
1783548900,4086.3,4088.3,4085,4085.6,417
1783549200,4085.4,4085.6,4083.2,4084.2,345
1783549500,4084.4,4085.5,4082.8,4083.9,381
1783549800,4083.7,4087.1,4082.9,4086.1,590
1783550100,4086.1,4087.6,4084.6,4086.8,358
1783550400,4086.9,4088.9,4085.6,4086.1,503
1783550700,4085.8,4089,4085.5,4088.6,439
1783551000,4088.6,4089.6,4087.7,4088,212
1783551300,4087.6,4087.9,4085.7,4086.2,281
1783551600,4086.2,4086.5,4083.4,4084.8,464
1783551900,4085,4086.9,4084.9,4086.6,206
1783552200,4086.8,4087.2,4085.5,4086.6,127
1783552500,4086.7,4086.9,4085,4085.2,212
1783552800,4085.2,4086,4084.8,4085.2,104
1783553100,4085.3,4087.5,4085.3,4087.2,186
1783553400,4087.1,4087.1,4084.2,4085.1,228
1783553700,4085,4087,4084.9,4085.8,218
1783554000,4086,4086.6,4082.8,4085,616
1783554300,4085.1,4086.2,4081.3,4082.3,827
1783554600,4082.2,4087.2,4081.8,4085.3,615
1783554900,4085.5,4087.6,4084.8,4086,372
1783555200,4086.3,4091.2,4086.1,4090.5,1363
1783555500,4090.3,4092.6,4087,4087,1195
1783555800,4087.3,4097.2,4087.1,4096.9,1315
1783556100,4096.8,4099.3,4091.9,4092.9,1320
1783556400,4093.1,4094.7,4085,4086.7,1492
1783556700,4086.7,4087.8,4083,4087.7,1203
1783557000,4087.9,4091.1,4086.2,4088,1002
1783557300,4088.2,4091.2,4085.6,4088.5,1175
1783557600,4088.6,4089.5,4084.8,4086.2,506
1783557900,4086.2,4088.3,4084.3,4087,387
1783558200,4087,4087.3,4078.6,4079.7,1351
1783558500,4079.9,4084.4,4079.9,4082.9,986
1783558800,4082.8,4088.6,4072.8,4076.7,3142
1783559100,4076.8,4083.4,4076.1,4082.4,1566
1783559400,4082.6,4085.9,4081.2,4083.2,1250
1783559700,4083.4,4086,4081.5,4083.5,858
1783560000,4083.7,4085.3,4079.2,4081.7,1029
1783560300,4081.8,4082.7,4075.8,4075.8,870
1783560600,4076.2,4082.5,4071.2,4080.9,2454
1783560900,4080.8,4083.2,4079.6,4081.3,715
1783561200,4081.2,4084.3,4079.4,4082.2,670
1783561500,4082.4,4085.2,4081.6,4082.6,785
1783561800,4082.7,4083.4,4078.1,4078.4,1070
1783562100,4078.4,4082.3,4077.5,4081.6,645
1783562400,4081.9,4085.4,4080.9,4084.1,978
1783562700,4083.7,4085.2,4082.7,4084.5,491
1783563000,4084.3,4089.4,4084.3,4088,1206
1783563300,4087.9,4090.9,4086.2,4089.5,608
1783563600,4089.4,4089.7,4086.7,4088.4,584
1783563900,4088.2,4091.8,4088.2,4089.4,1147
1783564200,4089.4,4091,4080.9,4081.4,1329
1783564500,4081.2,4083.5,4079.2,4082.1,808
1783564800,4082.1,4083.4,4078.7,4079.7,630
1783565100,4079.7,4080.7,4077.1,4078.1,706
1783565400,4077.8,4077.8,4074.4,4076,1139
1783565700,4076.6,4078,4072.9,4073.5,780
1783566000,4073.4,4076.4,4072.6,4075.6,740
1783566300,4075.8,4075.9,4068.2,4069.5,1338
1783566600,4069.4,4070,4063.8,4067.9,1809
1783566900,4067.7,4068.1,4063.3,4064.7,833
1783567200,4064.7,4068.5,4063.3,4068.2,894
1783567500,4068.3,4070.4,4066.3,4067.2,897
1783567800,4066.9,4072.8,4065.4,4071.7,1041
1783568100,4071.6,4072.1,4068.6,4069.5,519
1783568400,4069.7,4071.1,4068.3,4071,316
1783568700,4071.3,4072.2,4070.4,4070.5,415
1783569000,4070.5,4073,4070.3,4071.9,320
1783569300,4072.1,4073.4,4070.8,4073.3,413
1783569600,4073.6,4074,4067.9,4070.4,800
1783569900,4070.5,4072.2,4070.1,4071,252
1783570200,4071.3,4073.1,4069.5,4069.7,391
1783570500,4069.7,4069.9,4066.2,4067.2,790
1783570800,4067.1,4070.4,4067,4068.9,412
1783571100,4069,4069.4,4067.4,4067.5,369
1783571400,4067.7,4073.6,4067.7,4072.5,709
1783571700,4072.3,4073.8,4070.4,4073,473
1783572000,4073.1,4073.2,4065.9,4067.4,795
1783572300,4067.3,4070.6,4065.9,4070.6,580
1783572600,4070.6,4072.5,4068.9,4071.8,565
1783572900,4072.3,4073.8,4071.2,4073.6,391
1783573200,4073.7,4081.1,4072.9,4075.7,2068
1783573500,4075.8,4078.7,4075.7,4077.5,432
1783573800,4077.6,4085.6,4077.3,4083.1,1808
1783574100,4082.9,4083.3,4077.3,4077.3,957
1783574400,4077.4,4078.9,4075.9,4078.3,480
1783574700,4077.6,4081.8,4077.2,4081.5,497
1783575000,4081.7,4083.1,4073.8,4080.8,1310
1783575300,4080.9,4086.4,4078.8,4085,1284
1783575600,4085.3,4085.7,4083,4085,829
1783575900,4085.3,4089.3,4083.3,4089,755
1783576200,4089.2,4092.9,4087.9,4089.2,1218
1783576500,4089.1,4093.9,4088.1,4091.6,841
1783576800,4091.6,4109.2,4090.9,4102.4,3930
1783577100,4102.6,4103.2,4097.7,4098.7,1082
1783577400,4098.6,4102.5,4097.6,4101.5,648
1783577700,4101.4,4105.4,4100.8,4103.6,940
1783578000,4103.7,4110.7,4102.7,4107.5,1888
1783578300,4107.3,4113,4107.3,4112,1423
1783578600,4112,4116.8,4108.9,4113.7,1593
1783578900,4113.8,4115.6,4108,4108.1,1288
1783579200,4108.1,4112.6,4105.6,4112.4,1471
1783579500,4112.6,4115.1,4111.9,4112.8,962
1783579800,4112.7,4114.8,4112.4,4113.2,481
1783580100,4113.1,4117.7,4112.8,4117.5,1004
1783580400,4117.4,4119.8,4115.6,4115.8,1323
1783580700,4115.7,4116.6,4112.9,4115.4,856
1783581000,4115.3,4116.3,4111.1,4111.2,688
1783581300,4111.3,4115.2,4111.3,4114.4,636
1783581600,4114.4,4115.8,4112.8,4115.4,505
1783581900,4115.6,4119.6,4114.6,4118.6,903
1783582200,4118.6,4118.9,4113.4,4116.4,876
1783582500,4116.5,4119.2,4115.8,4118.1,512
1783582800,4118.2,4120.9,4117.5,4118.8,727
1783583100,4118.8,4120.9,4115.9,4120.4,689
1783583400,4120.5,4120.9,4117.8,4118.1,463
1783583700,4118,4118.3,4114.3,4117.9,726
1783584000,4117.8,4119.3,4115,4116.7,701
1783584300,4116.7,4120.5,4116.4,4119.3,658
1783584600,4119.3,4119.4,4115.1,4117.9,486
1783584900,4117.8,4122.8,4117.6,4118.5,1113
1783585200,4118.9,4127.4,4118.9,4125.2,1586
1783585500,4125,4125.4,4123.1,4124.1,529
1783585800,4124,4126.3,4119.2,4119.7,758
1783586100,4119.9,4124.5,4119.9,4123.9,516
1783586400,4123.8,4124.6,4122.4,4123,451
1783586700,4123,4123.1,4116.9,4119.1,787
1783587000,4119.1,4120.1,4118.2,4119.1,400
1783587300,4119,4120.1,4117,4117.6,378
1783587600,4117.7,4118.4,4115.6,4118.3,562
1783587900,4118.3,4119,4114.8,4116,426
1783588200,4116,4118.6,4115.5,4117.6,434
1783588500,4117.7,4121,4116.8,4119.2,579
1783588800,4119.2,4121.6,4116.5,4116.8,616
1783589100,4116.9,4118.3,4116.6,4117.6,387
1783589400,4117.6,4119.4,4114,4115.4,1031
1783589700,4115.4,4117.4,4114.8,4115.5,388
1783590000,4115.6,4115.7,4112.3,4113.4,695
1783590300,4113.1,4114.7,4112.6,4114.7,348
1783590600,4114.9,4115.8,4113.3,4115.2,513
1783590900,4115.1,4116.8,4114.5,4115.7,348
1783591200,4115.7,4119.4,4113.4,4119.3,744
1783591500,4119.1,4119.2,4114.1,4116.2,342
1783591800,4116.3,4117.3,4114.2,4114.5,365
1783592100,4114.6,4116,4114.1,4114.3,233
1783592400,4114.4,4115.2,4113.9,4114.4,236
1783592700,4114.2,4114.9,4113.3,4113.7,320
1783593000,4113.4,4114.5,4111,4113.8,708
1783593300,4113.7,4114.8,4112.6,4114,300
1783593600,4113.8,4113.8,4112.2,4112.8,340
1783593900,4112.7,4113.5,4108.7,4110.1,1204
1783594200,4109.9,4110.3,4103.6,4106.1,1376
1783594500,4106.3,4108.8,4102.7,4108.1,1039
1783594800,4108.2,4113,4106.7,4112.5,971
1783595100,4112.6,4112.6,4109.8,4111.7,536
1783595400,4111.9,4114.7,4110.9,4114.5,612
1783595700,4114.5,4116.5,4113.5,4114.3,732
1783596000,4114.3,4114.7,4108.7,4109.3,651
1783596300,4109.4,4110.9,4108.5,4109.8,553
1783596600,4109.7,4112.1,4109.3,4110.8,521
1783596900,4110.7,4115,4108.3,4115,704
1783597200,4114.7,4119.1,4114.3,4116,1217
1783597500,4116,4117.7,4114.5,4115.9,866
1783597800,4115.9,4117.8,4114.4,4117.1,454
1783598100,4117.2,4120.4,4116.8,4118.6,742
1783598400,4118.5,4119.8,4115.4,4117.6,799
1783598700,4117.4,4130,4116,4125.2,2849
1783599000,4125.5,4127,4122.1,4122.4,1201
1783599300,4122.5,4123.6,4117.1,4117.8,1293
1783599600,4117.7,4118.6,4114.6,4116.4,1588
1783599900,4116.4,4119.2,4114.4,4116.9,921
1783600200,4116.6,4126.3,4116.3,4125.5,2133
1783600500,4125.8,4131.5,4124.5,4130.7,2962
1783600800,4130.8,4132.5,4122.1,4122.6,2101
1783601100,4122.8,4123.2,4120.3,4122.1,1216
1783601400,4122.4,4124.7,4120.4,4121.4,999
1783601700,4121.4,4122.3,4117.1,4117.4,1148
1783602000,4117.4,4124.3,4116.1,4121.4,1788
1783602300,4121.6,4127.4,4120.4,4126,1388
1783602600,4126.5,4131,4125.7,4130.4,1538
1783602900,4130.5,4136.9,4129.3,4130.2,2600
1783603200,4130.4,4135.3,4128.2,4135.3,1363
1783603500,4135.3,4137.3,4133.4,4135.6,1323
1783603800,4136,4139.6,4129.1,4135.5,3082
1783604100,4135.6,4138,4132.2,4135,1476
1783604400,4135,4139.7,4131.5,4137.4,1935
1783604700,4137.5,4137.7,4131.3,4133.6,1415
1783605000,4133.7,4136.8,4128.4,4128.6,1716
1783605300,4128.7,4132.7,4127.4,4131.5,1763
1783605600,4131.4,4145,4131.3,4140.9,4759
1783605900,4141.3,4147.9,4135.4,4136.2,3219
1783606200,4136.1,4136.9,4130,4132,2711
1783606500,4132,4132.1,4125.4,4127.2,2391
1783606800,4127.2,4133.4,4123.6,4133.1,2427
1783607100,4132.9,4135.5,4131.2,4134.7,1867
1783607400,4134.8,4135.2,4130.4,4134.7,1229
1783607700,4134.7,4137.1,4131,4132.8,1540
1783608000,4132.8,4134.3,4130.3,4133.8,940
1783608300,4134,4135.1,4128.6,4129.3,874
1783608600,4129.2,4134.1,4127.6,4133.9,1157
1783608900,4133.7,4138,4132.4,4137.6,1140
1783609200,4137.6,4138.4,4134.9,4136.3,884
1783609500,4136.6,4140.9,4135,4136.7,1322
1783609800,4136.6,4137.3,4134.3,4135,859
1783610100,4135,4137.7,4134.9,4137.2,865
1783610400,4137.1,4140.6,4134.6,4139.3,878
1783610700,4139.5,4140.5,4136.9,4137.9,710
1783611000,4137.9,4138.6,4136.1,4136.9,648
1783611300,4137.1,4140.5,4136.5,4140.5,586
1783611600,4140.3,4141.4,4138.4,4140,646
1783611900,4140.2,4142.7,4138.6,4139.3,863
1783612200,4139.1,4142,4136.1,4137.1,877
1783612500,4137.2,4138.4,4136.1,4136.5,368
1783612800,4136.7,4139.6,4135.5,4135.7,651
1783613100,4135.9,4139.1,4135.6,4138.7,474
1783613400,4138.8,4141.3,4137.5,4140.2,954
1783613700,4140.2,4143.4,4139.2,4139.5,932
1783614000,4139.7,4141.6,4139,4140.5,523
1783614300,4140.6,4142.8,4138.7,4142.8,543
1783614600,4142.4,4148.8,4141.9,4144.2,2137
1783614900,4144.2,4145.8,4141.4,4142.5,887
1783615200,4142.6,4144,4141.8,4143.3,465
1783615500,4143.3,4144.3,4140.7,4140.8,585
1783615800,4141.2,4143.6,4140.5,4143.2,448
1783616100,4143,4143.2,4137.6,4137.6,867
1783616400,4137.7,4138.5,4135.8,4138.1,953
1783616700,4138.1,4138.6,4136.3,4137.3,495
1783617000,4137.3,4138,4135,4137.1,545
1783617300,4136.9,4137.9,4134.4,4136.4,593
1783617600,4136.3,4138.5,4135.2,4137.9,534
1783617900,4137.9,4141.9,4135.9,4141.5,1510
1783618200,4141.4,4144.4,4139,4139.7,1177
1783618500,4139.7,4144.4,4139.4,4143.1,694
1783618800,4143.2,4143.8,4141.6,4142.1,461
1783619100,4142.3,4148.2,4142,4146,1304
1783619400,4146.1,4147.4,4144.9,4145.4,615
1783619700,4145.2,4146.8,4144,4146.2,552
1783620000,4146.2,4146.3,4140.5,4141,805
1783620300,4141.1,4142.1,4139.6,4140.3,550
1783620600,4140.5,4140.5,4137,4138.6,790
1783620900,4138.5,4138.5,4136.4,4136.9,556
1783621200,4137.1,4137.1,4133.5,4134.5,736
1783621500,4134.6,4135.1,4132.7,4133.8,567
1783621800,4133.8,4135,4132.3,4133.9,720
1783622100,4133.9,4134.3,4131.1,4132.3,730
1783622400,4132.1,4135.3,4132,4134.9,783
1783622700,4134.8,4135.2,4133.4,4134.1,331
1783623000,4134.1,4134.3,4132.1,4133.4,294
1783623300,4133.4,4135,4132.8,4134.4,347
1783623600,4134.2,4137.1,4133.2,4134.3,726
1783623900,4134.4,4135.3,4133,4133.1,273
1783624200,4133.1,4134.1,4132.6,4134,335
1783624500,4134.2,4135.1,4133.2,4133.4,203
1783624800,4133.5,4134,4131.4,4131.6,437
1783625100,4131.7,4131.9,4130.1,4130.7,492
1783625400,4130.6,4131.5,4129.3,4130.5,519
1783625700,4130.3,4132.6,4129.6,4130.2,574
1783626000,4130.2,4131.2,4127.9,4130.1,568
1783626300,4130,4132.1,4129.6,4131.9,292
1783626600,4131.8,4133.3,4130.6,4131.4,533
1783626900,4131.5,4132.5,4130.3,4132.1,543
1783627200,4132,4134,4131.1,4132.2,483
1783627500,4132,4132.7,4131,4131.6,269
1783627800,4131.7,4131.9,4130.4,4131.2,195
1783628100,4131.3,4131.7,4130.8,4131.7,130
1783628400,4131.6,4132.2,4130.9,4131.2,116
1783628700,4131.5,4131.6,4130,4130.7,202
1783629000,4130.5,4133.9,4130.1,4133.4,389
1783629300,4133.4,4135.2,4133,4133.4,331
1783629600,4133.2,4134.3,4133,4134,182
1783629900,4133.7,4133.9,4132,4133.2,449
1783630200,4132.9,4133.6,4132.5,4133.5,190
1783630500,4133.3,4134,4132.5,4132.7,369
1783634400,4134.6,4136,4133.2,4134.2,404
1783634700,4134.1,4136.6,4131.7,4131.8,679
1783635000,4131.8,4133,4131,4132.6,363
1783635300,4132.9,4133.9,4132.2,4132.2,235
1783635600,4132.3,4132.8,4131.6,4132.7,154
1783635900,4132.7,4133.5,4131.7,4132.3,321
1783636200,4132.2,4132.9,4131.4,4132.2,205
1783636500,4132.4,4133.8,4132,4133.2,379
1783636800,4132.9,4133.1,4131.5,4132.4,332
1783637100,4132.6,4133.2,4130.9,4131.6,181
1783637400,4131.4,4132.2,4130.3,4131.9,401
1783637700,4131.9,4132.7,4130.5,4130.8,213
1783638000,4130.9,4132.7,4130.1,4132.7,243
1783638300,4132.5,4133.8,4131.9,4133.6,325
1783638600,4133.3,4133.7,4132.2,4133.1,179
1783638900,4133,4133.8,4133,4133.5,123
1783639200,4133.5,4134.4,4131.1,4131.7,472
1783639500,4131.5,4132.7,4130.4,4131.2,437
1783639800,4131.4,4132,4129.5,4131,290
1783640100,4131,4132.4,4131,4132.1,186
1783640400,4132,4132.2,4131.7,4132,89
1783640700,4132,4133.7,4130.6,4133.4,412
1783641000,4133.3,4133.9,4131.9,4132.4,212
1783641300,4132.2,4133.2,4131.9,4132.8,196
1783641600,4132.7,4134.9,4128.6,4132.9,1142
1783641900,4133.1,4134.5,4130.3,4132.1,506
1783642200,4132.5,4132.6,4130.3,4131.5,285
1783642500,4131.8,4133.1,4129.9,4130,417
1783642800,4130.2,4131.6,4128.1,4128.3,686
1783643100,4128.2,4129.2,4125.8,4128.6,1009
1783643400,4128.8,4128.9,4123.2,4124.7,1092
1783643700,4125,4129,4125,4128.3,918
1783644000,4128.3,4133.3,4127.2,4132.4,1074
1783644300,4132.1,4135.5,4131.2,4133.7,1023
1783644600,4133.6,4136.9,4130.2,4132,992
1783644900,4132,4138.4,4131.8,4135.9,1394
1783645200,4135.9,4140.7,4129,4131.3,2768
1783645500,4131.3,4135.9,4128,4134.7,1718
1783645800,4134.9,4136.2,4131,4134.5,736
1783646100,4134.4,4137.3,4132.6,4135.8,1073
1783646400,4135.8,4135.8,4129.9,4131.8,732
1783646700,4132.1,4132.4,4129.7,4131.1,541
1783647000,4131.2,4133.2,4128.3,4129.5,932
1783647300,4129.5,4130.7,4118.3,4122.2,2292
1783647600,4122.1,4123.7,4119.4,4121.1,1587
1783647900,4121.2,4124.3,4118.4,4122.7,1383
1783648200,4122.9,4126.7,4122.4,4125.7,914
1783648500,4125.8,4131,4124.8,4126.3,1241
1783648800,4126.9,4128.8,4125.7,4127.6,609
1783649100,4127.9,4136.6,4127.2,4134.5,1450
1783649400,4134.6,4138.7,4133.4,4134.6,1382
1783649700,4134.8,4137.9,4133.6,4137,785
1783650000,4137.2,4137.5,4131.2,4133.8,880
1783650300,4133.7,4135.9,4133.6,4135.4,444
1783650600,4135.4,4138.3,4132.7,4133,921
1783650900,4132.7,4134.1,4131.4,4133.6,459
1783651200,4133.5,4136,4132.5,4135.1,405
1783651500,4135.3,4135.6,4132.8,4135.4,417
1783651800,4135.6,4139,4135,4137.6,839
1783652100,4137.4,4137.5,4135.1,4137.4,442
1783652400,4137.4,4141.8,4137,4139.4,1348
1783652700,4139.2,4144.8,4138,4141.5,1656
1783653000,4141.6,4141.6,4135.8,4136.4,1113
1783653300,4136.5,4138.5,4135.3,4135.6,638
1783653600,4135.9,4135.9,4130.3,4132,1234
1783653900,4132.1,4136.2,4131.9,4134.9,804
1783654200,4134.7,4137.5,4133.4,4137,780
1783654500,4137.4,4137.5,4132.3,4132.6,855
1783654800,4132.7,4133.1,4130.9,4131.2,363
1783655100,4131.1,4132,4130.1,4130.4,506
1783655400,4130.8,4131.5,4128.8,4130,619
1783655700,4130,4131.1,4128.5,4129.5,358
1783656000,4129.5,4129.6,4127.2,4128.9,440
1783656300,4128.9,4130.1,4127,4127.3,469
1783656600,4127.4,4130.3,4126.1,4130.1,586
1783656900,4130,4130.6,4128.7,4129.2,416
1783657200,4129,4129.8,4121.1,4123.5,1315
1783657500,4123.6,4127,4121.7,4126.3,1085
1783657800,4126.2,4127.4,4125.5,4127.1,408
1783658100,4127,4128.6,4126.7,4128.4,327
1783658400,4128.5,4128.6,4127.1,4128.3,272
1783658700,4127.9,4128.2,4125.6,4126,363
1783659000,4126,4126.5,4124.2,4126.1,343
1783659300,4126.3,4126.8,4123.6,4124,319
1783659600,4124,4124.6,4122.2,4123.3,365
1783659900,4123.3,4125.3,4122.2,4122.9,399
1783660200,4122.9,4123.6,4121.7,4123,250
1783660500,4122.7,4126.1,4122.7,4125.9,533
1783660800,4125.5,4125.8,4121.7,4123.1,667
1783661100,4123,4124.9,4122.4,4122.8,311
1783661400,4122.7,4124.1,4118.7,4121.9,1387
1783661700,4121.7,4123.1,4117.6,4118,877
1783662000,4118,4123.1,4117.8,4122.8,645
1783662300,4122.6,4123,4116.8,4120.8,910
1783662600,4120.8,4123.8,4120.7,4123.4,474
1783662900,4123.3,4126.1,4122.2,4125.6,607
1783663200,4125.6,4128.2,4124.3,4126.6,1148
1783663500,4126.5,4127.9,4125.2,4126.8,480
1783663800,4126.8,4127.3,4123.5,4123.8,413
1783664100,4123.9,4129,4122.3,4128.8,789
1783664400,4128.6,4128.6,4125.3,4126.7,517
1783664700,4126.8,4127.2,4123.2,4123.5,505
1783665000,4123.6,4125.2,4121.3,4122.7,658
1783665300,4122.9,4124.8,4122.4,4124.4,376
1783665600,4124.5,4124.5,4119.7,4120.2,775
1783665900,4120.5,4123.4,4120.2,4121.8,470
1783666200,4122.1,4123.2,4120.7,4122.4,235
1783666500,4122.5,4122.9,4120.3,4120.3,337
1783666800,4120.4,4122,4119,4121.5,584
1783667100,4121.4,4122.5,4118.2,4120.3,458
1783667400,4120.1,4121.4,4117.5,4120.4,588
1783667700,4120.4,4123.2,4117.2,4123.1,914
1783668000,4123.2,4124.4,4121.4,4123,542
1783668300,4123,4123.2,4120.8,4121.5,288
1783668600,4121.7,4123.5,4120.5,4122.5,391
1783668900,4122.5,4122.9,4119.4,4120.6,329
1783669200,4120.5,4120.5,4114.2,4115.5,1050
1783669500,4115.6,4116.3,4112.6,4113.9,925
1783669800,4113.8,4117.4,4113.5,4116.3,615
1783670100,4116.7,4118.8,4114.3,4117.7,597
1783670400,4117.6,4118.4,4112.8,4114,861
1783670700,4114.3,4116.9,4113.6,4115.7,388
1783671000,4115.9,4116.4,4114.2,4116.2,248
1783671300,4116.2,4117.3,4115,4116.3,364
1783671600,4116.3,4117.7,4113.7,4113.7,421
1783671900,4113.8,4114.6,4111.5,4113,700
1783672200,4113,4114.5,4110.5,4110.8,636
1783672500,4110.7,4111.9,4108.1,4111.5,937
1783672800,4111.4,4111.5,4108.5,4110.7,457
1783673100,4110.5,4110.8,4103.5,4104.5,1468
1783673400,4104.7,4107.4,4104.2,4106,799
1783673700,4105.8,4107.2,4104.5,4106.6,505
1783674000,4106.3,4109.2,4103,4107.4,973
1783674300,4107.2,4109,4107,4108,462
1783674600,4107.9,4109.8,4105.6,4109.8,592
1783674900,4109.6,4111.6,4109.1,4110.5,596
1783675200,4110.5,4111.5,4108.8,4111.2,530
1783675500,4111.3,4112.9,4109.5,4111.7,847
1783675800,4111.5,4111.9,4109.5,4110.8,502
1783676100,4110.9,4111.3,4107.6,4110.4,524
1783676400,4110.5,4113.1,4110.2,4111.9,394
1783676700,4112,4113.5,4111.3,4112.6,239
1783677000,4112.6,4114,4111.3,4113.7,368
1783677300,4113.4,4114.6,4112.3,4113.5,392
1783677600,4113.5,4117.5,4113.2,4117.5,583
1783677900,4117.5,4117.6,4114.8,4115.2,515
1783678200,4115.2,4117.1,4114.9,4115.3,472
1783678500,4115.5,4116.9,4115.2,4116.2,266
1783678800,4116.3,4121.9,4115.9,4120.1,970
1783679100,4120.3,4120.5,4116.9,4118.5,610
1783679400,4118.7,4119.6,4115.4,4115.9,483
1783679700,4115.8,4118.1,4115.4,4117.1,329
1783680000,4117.3,4118.3,4116.4,4118.1,342
1783680300,4118.3,4118.3,4116,4116.3,306
1783680600,4116.4,4117.9,4115.8,4117.4,285
1783680900,4117.3,4117.5,4112.6,4113.3,595
1783681200,4113.2,4117.1,4113.2,4115.8,543
1783681500,4115.9,4116.2,4113.5,4114.4,293
1783681800,4114.8,4116.9,4114.6,4115.2,320
1783682100,4115.1,4116.8,4115,4116.4,263
1783682400,4116.2,4116.9,4114.2,4116.7,277
1783682700,4116.9,4117.2,4108.7,4108.9,1115
1783683000,4109,4112.2,4107.3,4107.9,920
1783683300,4107.9,4108.9,4104.7,4106.4,808
1783683600,4106.7,4116.3,4106.6,4115.2,1157
1783683900,4115.3,4116.8,4114.5,4114.5,452
1783684200,4114.5,4117,4114.1,4114.4,487
1783684500,4114,4114.3,4110.7,4110.9,715
1783684800,4111.2,4112.6,4110.3,4111.6,477
1783685100,4111,4113.1,4109.6,4112.9,597
1783685400,4112.9,4127,4111.3,4123.8,3288
1783685700,4124,4125.3,4116.4,4117.9,1482
1783686000,4117.5,4119.5,4114,4115.6,1103
1783686300,4115.5,4116,4111.4,4114.5,959
1783686600,4115,4115.8,4110.3,4110.6,1239
1783686900,4110.5,4111.5,4106,4110.1,1741
1783687200,4110.2,4111.2,4106.6,4106.8,1006
1783687500,4106.5,4111.8,4106.3,4110.3,1030
1783687800,4110.4,4113.6,4108.3,4108.9,1007
1783688100,4108.8,4111,4107.6,4109.5,831
1783688400,4109.5,4114,4107.4,4109.4,1628
1783688700,4109.4,4114.8,4108.6,4114.6,899
1783689000,4114,4114.2,4110.2,4113.1,694
1783689300,4112.9,4115.6,4109,4110.8,1016
1783689600,4111,4111.7,4104.3,4105.3,1163
1783689900,4105.3,4106.6,4094,4095.6,4790
1783690200,4095.9,4105.8,4095.2,4098.4,3169
1783690500,4098.4,4106,4096.1,4106,1987
1783690800,4105.8,4111.3,4103.9,4106.8,2411
1783691100,4107.2,4110.9,4105.7,4109.8,1472
1783691400,4109.9,4114.2,4108.8,4111.2,1604
1783691700,4111.3,4111.3,4106.4,4108.6,1388
1783692000,4108.5,4110.6,4105.8,4109.6,1653
1783692300,4109.7,4111.9,4108.2,4109.2,1226
1783692600,4109,4112.7,4106.9,4108.7,1376
1783692900,4108.8,4114.5,4106.2,4113.1,1359
1783693200,4113.2,4117.2,4111,4111.7,1894
1783693500,4111.6,4118.7,4109.4,4114.4,1645
1783693800,4114.5,4116.8,4081.3,4098.8,8618
1783694100,4099.2,4106.7,4096.7,4104.6,3157
1783694400,4104.7,4110.8,4104.2,4108.5,2107
1783694700,4108.2,4116.9,4107.7,4116.6,1814
1783695000,4116.8,4116.8,4109.4,4110.4,1292
1783695300,4110.2,4111.2,4100.5,4101.8,2183
1783695600,4102.1,4108.1,4100.2,4106.3,1793
1783695900,4106.4,4109.5,4105,4107.6,948
1783696200,4107.6,4110,4105.9,4106.3,956
1783696500,4106.3,4112.5,4106.3,4108.9,1217
1783696800,4108.8,4116.3,4107.8,4114.7,1246
1783697100,4114.8,4117,4109.6,4111.2,1458
1783697400,4111.3,4112.9,4110.4,4112.5,838
1783697700,4112.8,4115.5,4110.7,4115.5,711
1783698000,4115.2,4116,4112.7,4115.4,660
1783698300,4115.3,4119.9,4114.7,4119,1038
1783698600,4119.3,4121.2,4117.4,4119.7,989
1783698900,4119.7,4122.8,4118.8,4122.3,1005
1783699200,4122.5,4124.3,4120.3,4120.6,1133
1783699500,4120.3,4121.4,4118.3,4120.9,1070
1783699800,4120.8,4121.8,4116.9,4119.2,982
1783700100,4119.5,4122.5,4119.4,4120,852
1783700400,4120.1,4120.6,4116.3,4120.2,922
1783700700,4120.1,4123.8,4120.1,4123.7,890
1783701000,4123.5,4124.8,4121.9,4122,698
1783701300,4121.9,4123.6,4121.1,4121.7,640
1783701600,4121.6,4122.9,4118.2,4118.3,847
1783701900,4118.3,4119.1,4116.7,4116.7,694
1783702200,4116.9,4118.3,4115,4115.5,718
1783702500,4115.5,4116.4,4113.4,4113.5,679
1783702800,4113.4,4114.4,4111.7,4112.1,882
1783703100,4111.8,4114.7,4111.3,4112.9,806
1783703400,4112.9,4114.7,4111.8,4112.9,525
1783703700,4112.9,4115.5,4112.9,4113.6,579
1783704000,4113.6,4115.8,4113.6,4114.7,601
1783704300,4114.7,4115.3,4112.8,4114.7,815
1783704600,4114.5,4116,4113.7,4114.4,439
1783704900,4114.3,4114.3,4112.4,4112.8,415
1783705200,4113,4114.5,4112,4112.7,349
1783705500,4112.9,4113.6,4111.8,4112.1,243
1783705800,4112.1,4114,4112.1,4112.5,310
1783706100,4112.6,4112.7,4109.2,4109.8,682
1783706400,4109.7,4112,4108.6,4111.8,738
1783706700,4111.7,4112.9,4110.7,4112.3,323
1783707000,4112.3,4114.3,4112.3,4113.7,627
1783707300,4113.8,4114.1,4111,4112.1,411
1783707600,4112,4113.3,4111.3,4111.4,318
1783707900,4111.4,4114.8,4111.4,4111.9,502
1783708200,4112,4112.7,4110,4112.4,508
1783708500,4112.1,4112.3,4107.9,4108.5,388
1783708800,4108.6,4109.5,4107.2,4107.7,580
1783709100,4107.8,4109,4106.8,4109,364
1783709400,4108.9,4110,4108.2,4109.9,394
1783709700,4109.8,4110.4,4108.8,4109.9,331
1783710000,4109.9,4109.9,4105.5,4106.7,873
1783710300,4106.7,4111.1,4106.3,4110,501
1783710600,4109.8,4110.3,4107.1,4110.1,412
1783710900,4110,4111.5,4109.6,4111.5,327
1783711200,4111.5,4111.9,4110.3,4110.4,235
1783711500,4110.2,4111.3,4110.1,4110.1,209
1783711800,4110.2,4111.2,4108.9,4109.9,457
1783712100,4109.7,4111.4,4109.3,4110.9,185
1783712400,4110.6,4112.1,4110.3,4111.2,379
1783712700,4111.1,4113.8,4110.9,4113.4,340
1783713000,4113.6,4114.5,4112.8,4114.5,414
1783713300,4114.1,4117.3,4113.7,4116.8,662
1783713600,4116.5,4123.3,4116.4,4121.8,1004
1783713900,4121.8,4122,4119.1,4119.8,356
1783714200,4120.2,4120.9,4119,4120.7,259
1783714500,4120.4,4121,4118.8,4120.2,268
1783714800,4120.5,4121.2,4119.9,4120.4,189
1783715100,4120.8,4120.9,4119.2,4120,174
1783715400,4119.7,4120.3,4118.8,4120.1,178
1783715700,4120.4,4120.6,4119.1,4120,193
1783716000,4120,4121.1,4119.4,4120.4,223
1783716300,4120.3,4122.2,4119.5,4122,335
1783716600,4122.2,4129,4121.3,4127.6,804
1783716900,4127.5,4129.4,4126.9,4128.6,437
1783893600,4107,4111.6,4093.8,4098.9,3212
1783893900,4099.2,4101.7,4092.3,4098,1564
1783894200,4097.8,4102,4088.4,4089.3,2322
1783894500,4089.4,4096.2,4088.5,4093.5,1205
1783894800,4093.5,4095.6,4089.5,4090.3,735
1783895100,4090.4,4093.3,4087.9,4092.2,825
1783895400,4091.9,4094.6,4090,4090.7,637
1783895700,4090.7,4092.2,4088.1,4090.1,539
1783896000,4089.9,4090.2,4085.3,4086.1,979
1783896300,4085.9,4087.4,4076.6,4086.4,1981
1783896600,4085.8,4088.8,4084.3,4085.2,932
1783896900,4084.8,4086.8,4083,4084.5,710
1783897200,4084,4084.6,4075.5,4078.3,1717
1783897500,4078.3,4080.7,4077.6,4079.1,854
1783897800,4078.8,4080.5,4076.8,4078.1,696
1783898100,4078,4079.6,4077.1,4077.7,520
1783898400,4077.8,4080.6,4076.7,4080.2,589
1783898700,4080.1,4083.3,4079.2,4082.7,588
1783899000,4082.6,4082.8,4080.2,4080.6,454
1783899300,4080.3,4085.3,4079.4,4085.3,825
1783899600,4085.3,4087.3,4084.2,4085.8,927
1783899900,4085.8,4087.3,4083.4,4086.7,755
1783900200,4086.8,4091.5,4086,4088.9,1582
1783900500,4088.7,4093.1,4087.8,4092.8,1129
1783900800,4093,4095.3,4089.1,4092.2,1842
1783901100,4092.6,4099,4092,4097,1653
1783901400,4097,4099.7,4093.8,4095.1,1056
1783901700,4095.2,4096.3,4088,4090.4,1326
1783902000,4090.7,4091.9,4088.5,4090.8,747
1783902300,4090.8,4091,4082.8,4082.8,1790
1783902600,4083,4083.8,4069,4071,3181
1783902900,4070.6,4078.7,4070.3,4077.5,1745
1783903200,4077.6,4082.1,4076.3,4081.8,1308
1783903500,4081.6,4085.4,4077.1,4077.8,1779
1783903800,4077.8,4083.1,4077.4,4082.7,1420
1783904100,4082.7,4086.2,4081.1,4082.4,1264
1783904400,4082.7,4085.2,4073.9,4079.7,3323
1783904700,4080,4089.9,4078.8,4086.3,1656
1783905000,4086.1,4089.2,4085.2,4088.3,727
1783905300,4088.3,4090.9,4081.1,4081.9,1702
1783905600,4082.2,4085,4079.1,4082.7,1592
1783905900,4083,4088.7,4082.8,4087.7,1399
1783906200,4088.2,4098.3,4086,4093.6,2581
1783906500,4093.3,4097.6,4090.8,4096.1,1089
1783906800,4096.3,4096.4,4091.4,4093.2,982
1783907100,4093.2,4096,4091.4,4094.5,925
1783907400,4094.6,4096.8,4082.4,4082.4,2182
1783907700,4082.5,4084.1,4075.5,4080.2,2464
1783908000,4080.4,4082.5,4077.8,4078.6,1338
1783908300,4078.8,4081.9,4077.6,4081.4,745
1783908600,4081,4083.4,4078.4,4080,867
1783908900,4080.1,4082.3,4078.7,4081.6,565
1783909200,4081.4,4082.2,4077.2,4078.5,808
1783909500,4078.3,4079.5,4074.5,4075.3,1240
1783909800,4075.3,4081.9,4072.5,4081.6,2063
1783910100,4081.8,4085.7,4081.8,4083.6,1418
1783910400,4083.4,4083.4,4079,4080.8,1048
1783910700,4080.5,4080.8,4075.8,4077.3,713
1783911000,4077.4,4080.4,4076.7,4078.4,640
1783911300,4078.5,4080,4076.8,4076.8,379
1783911600,4076.5,4077.3,4071.6,4072.3,1061
1783911900,4072,4072.6,4066.4,4069.4,2035
1783912200,4069.2,4069.6,4060.6,4066,2189
1783912500,4065.9,4068.9,4065.8,4067.3,995
1783912800,4067.7,4070,4066.4,4069.2,1120
1783913100,4069.1,4070.4,4066.6,4069.9,803
1783913400,4069.8,4070.2,4065.3,4065.5,790
1783913700,4065.8,4068.5,4064.6,4067.6,510
1783914000,4067.3,4068.6,4064.9,4065.4,452
1783914300,4065.7,4068.5,4065.2,4067.7,375
1783914600,4067.8,4068.8,4066.1,4067.2,311
1783914900,4067.2,4068.6,4066.1,4068.1,317
1783915200,4068.1,4068.1,4063.9,4064.8,656
1783915500,4064.9,4066.3,4062.7,4064,591
1783915800,4063.6,4065.2,4060,4062.5,767
1783916100,4062.2,4065.7,4057.8,4065.1,1330
1783916400,4065,4065.7,4063.5,4064.6,483
1783916700,4064.8,4065,4061.1,4063.1,538
1783917000,4063.5,4065.5,4061.7,4063.6,478
1783917300,4063.7,4065.1,4062.7,4064.3,308
1783917600,4064.4,4064.4,4060.7,4061.7,458
1783917900,4062.1,4063.3,4060.3,4060.6,277
1783918200,4060.7,4063,4060.2,4062.5,257
1783918500,4062.3,4067,4062.1,4066.3,744
1783918800,4066.4,4068.2,4062.5,4067.7,802
1783919100,4067.6,4078.9,4067.2,4078.3,2242
1783919400,4078.6,4080.8,4075.8,4077.5,1655
1783919700,4077.5,4077.5,4071.9,4073.5,984
1783920000,4073.6,4074.4,4067.9,4068.8,913
1783920300,4068.8,4071.4,4064.8,4065.8,905
1783920600,4065.5,4070.5,4059.3,4069.8,1888
1783920900,4069.8,4073.5,4069.3,4071,1187
1783921200,4071,4073.1,4067.6,4071.5,1030
1783921500,4071.3,4071.6,4066.7,4070.5,862
1783921800,4070.7,4072.5,4065.6,4066.1,745
1783922100,4066.2,4067,4060.8,4062,1128
1783922400,4061.7,4064.5,4055.5,4058.8,1926
1783922700,4059.3,4061.8,4051.7,4060.7,2700
1783923000,4060.5,4061.8,4056.5,4058.6,865
1783923300,4058.5,4062,4058.3,4061.5,652
1783923600,4061.5,4064.6,4061.1,4063.2,850
1783923900,4062.9,4069.1,4062.8,4068.8,970
1783924200,4069,4070.3,4066.3,4067.3,1011
1783924500,4067.3,4071.5,4066.8,4070.5,874
1783924800,4070.6,4071,4067.3,4068.1,651
1783925100,4068,4068.4,4064.1,4064.3,707
1783925400,4064.5,4065.6,4060.7,4061.7,717
1783925700,4061.7,4063.7,4059.7,4063.1,791
1783926000,4063.3,4064.4,4056.3,4061.4,1614
1783926300,4061.5,4068.2,4059.2,4066.1,1070
1783926600,4066.1,4069.3,4062.4,4063.5,679
1783926900,4063.4,4065.8,4063.2,4065.7,471
1783927200,4065,4066.8,4063.8,4065,337
1783927500,4064.9,4067.1,4064.1,4066.7,304
1783927800,4066.5,4068.6,4063.7,4067.8,439
1783928100,4067.9,4071,4067.3,4068.2,909
1783928400,4068.2,4069.8,4064.9,4065.1,360
1783928700,4065.4,4067.6,4064.7,4065.2,338
1783929000,4065.1,4069.9,4063.7,4069.6,594
1783929300,4069.4,4073.2,4068.5,4072.9,778
1783929600,4072.9,4075.8,4071.1,4073.3,1085
1783929900,4073.4,4079.7,4072.7,4079.5,1245
1783930200,4079.6,4083.5,4077.9,4082.3,1284
1783930500,4082.6,4086.7,4082,4083.3,1336
1783930800,4083.5,4089.2,4083.3,4086.8,1156
1783931100,4086.8,4088,4082.2,4082.6,918
1783931400,4082.4,4084.1,4079.5,4080.9,903
1783931700,4080.8,4083.3,4080.1,4083.1,512
1783932000,4083.2,4084.9,4081.2,4084.5,415
1783932300,4084.1,4084.8,4080.7,4084.7,506
1783932600,4084.9,4087.2,4084.1,4086.2,530
1783932900,4086.2,4086.7,4082.6,4083.1,386
1783933200,4082.8,4084.8,4080.9,4083.4,444
1783933500,4083.1,4083.9,4082.1,4082.2,290
1783933800,4082,4083.1,4081,4083,328
1783934100,4082.8,4083,4079.9,4081.2,525
1783934400,4081.2,4083.8,4081.1,4082.7,308
1783934700,4082.7,4085,4079.4,4081,577
1783935000,4080.8,4082.3,4078.6,4080.3,704
1783935300,4080,4080.1,4077.7,4077.9,287
1783935600,4077.9,4081.8,4077.9,4080.9,354
1783935900,4080.8,4082.1,4079.8,4081.1,263
1783936200,4081.1,4081.2,4077.8,4079.4,367
1783936500,4079.3,4080.3,4076,4076.4,435
1783936800,4076.2,4078.7,4075.6,4078.2,403
1783937100,4078.3,4078.5,4076.5,4077.4,368
1783937400,4077.3,4077.5,4074.7,4075.5,296
1783937700,4075.6,4077.4,4074,4076.3,493
1783938000,4076.4,4076.8,4074.5,4075.7,274
1783938300,4075.2,4075.5,4072.1,4073.2,544
1783938600,4073,4075.2,4072.7,4074.1,265
1783938900,4074.3,4076.2,4073.6,4074.6,378
1783939200,4074.7,4074.8,4055,4060.5,3399
1783939500,4060.5,4062.9,4056.3,4062.3,1316
1783939800,4062.3,4066.8,4059.9,4066.2,1097
1783940100,4066.6,4069.5,4066.4,4068.5,902
1783940400,4068.6,4072,4065.9,4071.4,1297
1783940700,4071.4,4075.9,4071.1,4072.9,1338
1783941000,4072.8,4073.5,4070.4,4071.6,842
1783941300,4071.8,4072.9,4068.9,4069.3,601
1783941600,4069.3,4069.9,4065.9,4066.7,666
1783941900,4066.6,4071.7,4066,4070.5,659
1783942200,4070.3,4075.8,4069.8,4075.8,801
1783942500,4075.5,4076.6,4070.9,4071.9,764
1783942800,4071.7,4075.2,4071.7,4072.6,472
1783943100,4073.1,4073.5,4068.3,4070.9,664
1783943400,4070.6,4071.2,4062.6,4064.3,1102
1783943700,4064.2,4065.6,4063.1,4064.3,822
1783944000,4064.1,4068.5,4063.7,4066.4,1168
1783944300,4066.3,4067.8,4062.8,4064,701
1783944600,4064,4068,4061.2,4063.9,1290
1783944900,4064,4068.9,4063.9,4066.9,827
1783945200,4067.1,4070.1,4062.6,4069.8,1238
1783945500,4069.8,4071.7,4066.2,4066.7,856
1783945800,4066.7,4070.9,4066.5,4070.5,867
1783946100,4070.5,4071.4,4067.4,4068.6,649
1783946400,4068.6,4071.8,4068.2,4070.1,807
1783946700,4070.6,4074.5,4070.5,4073.4,843
1783947000,4073.4,4074.8,4071.9,4073.7,637
1783947300,4073.8,4075.3,4071.3,4075.3,870
1783947600,4075.2,4075.6,4066.5,4070.7,1513
1783947900,4070.5,4072.8,4067.8,4071.4,833
1783948200,4071.5,4071.5,4066.7,4069.3,841
1783948500,4069.6,4069.6,4066,4068.5,774
1783948800,4068.8,4070.7,4068,4069.7,621
1783949100,4069.8,4073.8,4068.9,4069.9,830
1783949400,4070,4071.7,4064.2,4066,1681
1783949700,4066.1,4069.1,4061.4,4062,1513
1783950000,4061.8,4066.6,4058.8,4062.3,2136
1783950300,4062.2,4066,4057.1,4058.1,1819
1783950600,4058.3,4060.4,4049.6,4058.9,3870
1783950900,4058.9,4060.6,4048.8,4050.6,2793
1783951200,4050.6,4054.6,4045.2,4047.7,4128
1783951500,4047.9,4048.6,4036.4,4045.2,4861
1783951800,4045,4047.3,4041.2,4043.4,2155
1783952100,4043.2,4044.8,4014.8,4028.9,10316
1783952400,4029,4029.3,4009.4,4028.6,7177
1783952700,4028.3,4036.1,4021.9,4024.1,4122
1783953000,4024,4024.6,4011.9,4017.7,4079
1783953300,4017.8,4017.8,4010.7,4015,2327
1783953600,4014.9,4015.1,4006.8,4012.6,3163
1783953900,4012.5,4016.6,4008.5,4013.3,2818
1783954200,4013.1,4018.1,4011.3,4016.5,2230
1783954500,4016.1,4022.5,4015.6,4022.3,1974
1783954800,4022.6,4025,4018.9,4018.9,2113
1783955100,4019.3,4021.3,4017.7,4021.2,966
1783955400,4021.3,4024.1,4020.8,4022,802
1783955700,4022,4026.6,4020.3,4026.3,1234
1783956000,4026.1,4027.7,4022.8,4023.5,1222
1783956300,4023.3,4025.9,4020.3,4023.5,872
1783956600,4023.9,4025.1,4021.2,4022,853
1783956900,4022.2,4024.2,4020.6,4022.8,554
1783957200,4022.9,4023.4,4019.5,4020.6,712
1783957500,4020.7,4022.4,4018.1,4021,876
1783957800,4021.2,4021.6,4017.1,4020.9,762
1783958100,4021,4023.4,4020,4023.2,559
1783958400,4023.2,4025.5,4020.9,4023.1,778
1783958700,4023.1,4024.3,4020.7,4022.6,487
1783959000,4022.6,4023.7,4019.8,4021.3,441
1783959300,4021.1,4021.4,4018.1,4019.2,812
1783959600,4019,4020.1,4016.7,4016.8,579
1783959900,4016.6,4018,4007.7,4011.2,2106
1783960200,4011.2,4012.1,3999,4001.9,4372
1783960500,4002.1,4004.7,3997.5,4003.7,2927
1783960800,4003.5,4007.9,4002,4007.7,1671
1783961100,4007.6,4009.9,4004.2,4005.7,1145
1783961400,4005.6,4006,3998.5,3999.2,1838
1783961700,3999.1,4000.5,3992.9,4000.4,2752
1783962000,4000.7,4004.2,3999.3,4001.9,1193
1783962300,4001.6,4006.4,4000.4,4005.4,954
1783962600,4005.2,4005.9,4003.6,4004.8,627
1783962900,4004.8,4008.9,4003.9,4008.5,891
1783963200,4008.3,4009.3,4004.9,4005.8,765
1783963500,4006,4007,4003.8,4006.4,1400
1783963800,4006.2,4008.3,4005,4007.8,898
1783964100,4007.3,4007.3,4004.2,4005.1,660
1783964400,4005.1,4006.1,4003.2,4004.6,613
1783964700,4004.6,4007,4001.4,4003.1,866
1783965000,4002.9,4003.7,4000.4,4002,785
1783965300,4002.1,4002.7,3999.3,4000.4,785
1783965600,4000.9,4002.5,3997.2,3997.7,847
1783965900,3997.8,4002,3997.6,3999,746
1783966200,3999.2,4001.2,3996.3,4001,908
1783966500,4000.8,4001.5,3993.6,3995.3,1095
1783966800,3995.4,4002.1,3993.9,4001.9,970
1783967100,4001.8,4004.2,4001.5,4002.2,907
1783967400,4002.3,4005.6,4000.8,4004,763
1783967700,4004.2,4007.5,4004.1,4005.8,645
1783968000,4006.1,4008,4005,4007.2,525
1783968300,4007.4,4009.3,4005.6,4009.3,575
1783968600,4008.7,4012.5,4007.8,4011.2,1090
1783968900,4011,4012.4,4005.2,4008.5,1379
1783969200,4008.7,4011.6,4005.3,4011.5,859
1783969500,4011.3,4012.1,4006.3,4007.8,693
1783969800,4007.5,4007.5,4004.8,4005.1,582
1783970100,4005.3,4006.9,4004.7,4006.3,316
1783970400,4006.3,4007.3,4003.9,4007,674
1783970700,4007.1,4008,4005.2,4005.4,454
1783971000,4005.3,4008.1,4004.9,4006.1,540
1783971300,4006.2,4006.2,4000.4,4002.3,966
1783971600,4002.6,4006.7,4002.1,4006.3,668
1783971900,4006.5,4006.7,4004.1,4004.4,471
1783972200,4004.3,4008.7,4004.2,4007.6,782
1783972500,4007.7,4009.7,4007,4009.4,783
1783972800,4009.4,4012,4008.2,4012,580
1783973100,4011.7,4013.5,4008.9,4009.8,690
1783973400,4009.7,4010.4,4005.6,4005.9,674
1783973700,4005.9,4007.4,4002.5,4007.1,690
1783974000,4006.7,4007.3,4005.3,4005.6,231
1783974300,4005.6,4007.6,4005.4,4007.3,158
1783974600,4007.2,4007.7,4004.6,4005.8,407
1783974900,4005.7,4006.6,4003.8,4006.4,222
1783975200,4006.4,4007.8,4005.6,4007.2,166
1783975500,4007.1,4007.7,4005.7,4006,322
1783975800,4006.2,4008.2,4005.1,4008.2,222
1783976100,4008.3,4009.5,4007.7,4008.7,436
1783980000,4008.7,4016.6,4007.5,4009.1,822
1783980300,4009.2,4012.2,4008.3,4008.6,422
1783980600,4008.4,4011.5,4008.4,4010.8,263
1783980900,4011,4012.6,4010.6,4011.7,230
1783981200,4011.5,4011.9,4010.9,4010.9,157
1783981500,4011,4011.8,4010.8,4011,163
1783981800,4010.9,4011.2,4009.8,4010.6,250
1783982100,4010.7,4012.4,4009.6,4010.1,375
1783982400,4010.1,4011,4009.8,4010.8,169
1783982700,4010.6,4012.3,4009.9,4010.6,354
1783983000,4010.4,4010.9,4008.9,4009.7,324
1783983300,4009.7,4009.7,4007.2,4007.7,495
1783983600,4007.7,4009.9,4006.9,4007.5,439
1783983900,4007.8,4009.7,4007.3,4008.3,291
1783984200,4008.4,4009,4005.8,4007,367
1783984500,4006.9,4007.4,4005.4,4006.4,520
1783984800,4006.4,4007.3,4003.3,4006,823
1783985100,4006.2,4006.9,4003.6,4004.6,317
1783985400,4004.2,4004.3,4000.1,4001.9,1053
1783985700,4001.9,4002.9,4000.7,4002.7,471
1783986000,4002.8,4004.1,4001.8,4002.3,540
1783986300,4002.3,4006.3,3999.4,4004.2,1285
1783986600,4004.1,4007.8,4002.1,4005.9,770
1783986900,4005.9,4009.2,4005,4008,624
1783987200,4008.5,4011.9,3999.5,4001.3,2131
1783987500,4001.3,4002.4,3990.1,4001.9,3951
1783987800,4002,4005.9,3998,4002.5,1613
1783988100,4002.1,4003,3994,3994.4,1349
1783988400,3994.5,3997.8,3992.4,3997,1411
1783988700,3997.2,4003.9,3995.6,4002.2,1070
1783989000,4002.6,4013.7,4001.2,4011.8,2063
1783989300,4012,4014.4,4009,4010.2,1000
1783989600,4010.3,4012.8,4005.8,4009.5,1079
1783989900,4009.5,4014.1,4007.7,4009.6,1129
1783990200,4009.5,4012.5,4009.4,4011.4,720
1783990500,4011,4014.4,4010,4011.2,909
1783990800,4011.3,4011.3,3998.7,4005,3033
1783991100,4004.9,4006.5,3998.4,4001.7,1732
1783991400,4001.4,4005.7,3999.5,4001.9,1361
1783991700,4001.9,4011.5,4001.8,4010.1,1270
1783992000,4009.7,4010.3,4003.5,4004.2,874
1783992300,4004,4006.4,4002.1,4004.4,706
1783992600,4004.3,4010.8,4002.9,4005.4,862
1783992900,4005.1,4005.5,3999.6,4004.1,879
1783993200,4004.3,4009,4001.7,4008.7,964
1783993500,4008.9,4010.5,4005.6,4009.5,713
1783993800,4009.4,4012.3,4006.8,4011.1,774
1783994100,4011.1,4018.9,4009.1,4017.3,1555
1783994400,4017.5,4018,4012.6,4016,1183
1783994700,4016.3,4020.2,4015,4018.5,979
1783995000,4018.4,4024.4,4017.5,4023.3,1933
1783995300,4023,4025.9,4021.3,4024.4,1469
1783995600,4024.5,4025,4020.6,4021.2,748
1783995900,4021.4,4024.6,4020.2,4024.3,745
1783996200,4024.4,4025.8,4019.8,4020.4,977
1783996500,4020.7,4022.4,4019.2,4020.7,591
1783996800,4020.7,4023.2,4017.2,4017.6,894
1783997100,4017.7,4019.6,4016.2,4016.8,538
1783997400,4016.6,4018.2,4015.8,4017.6,411
1783997700,4017.4,4020.9,4017.2,4019.2,484
1783998000,4019,4023.8,4018.4,4021.2,945
1783998300,4021.2,4023.6,4019.9,4020.7,562
1783998600,4020.8,4022.2,4018.4,4020.6,482
1783998900,4020.6,4022,4018.6,4020,495
1783999200,4020,4023.4,4017.4,4022.2,844
1783999500,4022.3,4025.4,4021.5,4024.4,866
1783999800,4024.6,4025.8,4020.2,4021.5,782
1784000100,4021.5,4024.3,4021,4021.8,386
1784000400,4021.7,4022.5,4020.2,4021.8,321
1784000700,4021.9,4023.6,4021.4,4022.5,372
1784001000,4021.9,4024.7,4021.8,4024.2,316
1784001300,4024.3,4024.4,4021,4023.3,282
1784001600,4023.5,4025.3,4022.4,4023.9,478
1784001900,4023.9,4024.3,4021.3,4021.5,205
1784002200,4021.8,4022.6,4019.8,4022.1,605
1784002500,4022.3,4022.8,4020.6,4021.8,363
1784002800,4021.7,4022.7,4020.4,4021.9,192
1784003100,4021.8,4024,4021.7,4022.3,315
1784003400,4022.3,4029.4,4022.3,4028,1273
1784003700,4028.1,4031.1,4027.1,4028.2,752
1784004000,4028.4,4028.8,4026.8,4026.8,347
1784004300,4026.9,4027.5,4024.4,4024.5,478
1784004600,4024.4,4026.5,4022.5,4026.3,575
1784004900,4026.2,4027.9,4024.1,4026.9,420
1784005200,4027,4029.4,4026.5,4026.5,436
1784005500,4026.5,4030,4026.4,4029.5,497
1784005800,4029.3,4030.5,4028.8,4029.6,329
1784006100,4029.7,4030.6,4026.5,4028.1,416
1784006400,4027.7,4029.2,4027,4027.3,311
1784006700,4027.3,4029.8,4026.6,4029.1,308
1784007000,4029.3,4036.7,4029,4034.9,2108
1784007300,4034.9,4037.8,4033.5,4034.4,990
1784007600,4034.2,4040.7,4034.1,4038.2,1172
1784007900,4038.4,4039,4035.7,4037.2,663
1784008200,4037.1,4037.6,4035.3,4037.1,426
1784008500,4037.2,4038.6,4036.2,4037.7,521
1784008800,4037.6,4038.5,4035.1,4036,605
1784009100,4036.2,4038.2,4034.7,4038.1,381
1784009400,4038.2,4039.5,4036.6,4037.4,599
1784009700,4037.3,4037.4,4034.2,4034.6,476
1784010000,4034.4,4035.2,4032.5,4034.1,735
1784010300,4033.8,4033.8,4029.1,4029.3,901
1784010600,4029.4,4033,4028.8,4031.9,647
1784010900,4032.1,4032.9,4028.9,4030.3,527
1784011200,4030.4,4032.3,4028,4031.7,694
1784011500,4031.8,4032.7,4029.8,4030.7,466
1784011800,4030.9,4034.2,4029.8,4030.1,479
1784012100,4030.1,4031.6,4029.5,4030.5,343
1784012400,4030.6,4032.2,4026.8,4032.1,961
1784012700,4032.2,4035.5,4032,4035.2,657
1784013000,4035.2,4035.2,4030.7,4031.3,707
1784013300,4031.3,4034.5,4031.2,4033.2,362
1784013600,4033.6,4036.5,4032.6,4035.2,427
1784013900,4035.1,4036,4032.5,4033,513
1784014200,4032.8,4033.2,4029.5,4032.2,612
1784014500,4032.3,4036,4031.2,4033.2,599
1784014800,4033.3,4033.3,4028.9,4030.4,598
1784015100,4030.3,4030.7,4028.7,4030,400
1784015400,4030,4032.7,4027.7,4032.2,516
1784015700,4031.8,4032.3,4026,4027.2,732
1784016000,4027.3,4029.2,4023.6,4025.3,1184
1784016300,4025.4,4026.7,4020.9,4022.7,1136
1784016600,4022.8,4024.9,4022.8,4023.8,413
1784016900,4024.2,4027.6,4024,4025.7,521
1784017200,4025.7,4027.7,4025,4026.3,355
1784017500,4026.4,4030.1,4025.8,4028.5,647
1784017800,4028.4,4030.8,4025.6,4026.4,604
1784018100,4026.5,4027.6,4025.2,4025.8,307
1784018400,4025.8,4029.2,4025.2,4025.9,423
1784018700,4026.1,4027.6,4025.2,4025.8,326
1784019000,4026.2,4027,4024,4025.9,460
1784019300,4026.2,4026.5,4022.5,4022.7,541
1784019600,4022.5,4026.9,4020.2,4026.5,777
1784019900,4026.7,4028.8,4025,4027.9,532
1784020200,4028.1,4031.3,4026.4,4027.3,642
1784020500,4027.5,4027.5,4024.7,4026.9,520
1784020800,4026.9,4028.5,4023.9,4025,506
1784021100,4025,4025.6,4021.7,4022.6,453
1784021400,4022.3,4024,4020.1,4020.9,780
1784021700,4020.6,4023,4020.3,4022.8,338
1784022000,4022.8,4025,4022.5,4023.9,397
1784022300,4023.7,4030.9,4023.2,4030,812
1784022600,4030.1,4030.9,4027.5,4027.9,679
1784022900,4027.9,4028.7,4026,4028.6,396
1784023200,4028.7,4029.1,4025.1,4025.9,491
1784023500,4026.4,4027,4024.5,4025,343
1784023800,4025,4026.5,4023.7,4024.8,275
1784024100,4024.8,4027,4024,4025.7,321
1784024400,4025.7,4026,4023.6,4024.5,199
1784024700,4024.3,4024.9,4022.4,4024.9,355
1784025000,4024.5,4026.1,4021.8,4022.8,403
1784025300,4022.6,4026.2,4021.8,4025.4,295
1784025600,4025.5,4026.9,4024.8,4025.8,205
1784025900,4025.7,4029.3,4024.6,4028.6,332
1784026200,4028.4,4028.5,4025.7,4026.8,243
1784026500,4026.7,4029.6,4026.3,4028.3,308
1784026800,4028.2,4029.5,4026.2,4026.9,376
1784027100,4027.4,4028.3,4022.2,4023,554
1784027400,4022.9,4030.9,4022.9,4029.7,613
1784027700,4029.7,4031.1,4027.4,4029.8,482
1784028000,4029.5,4035.1,4029.3,4035,940
1784028300,4035,4035.7,4031.7,4032,760
1784028600,4032,4036.6,4031.6,4034.6,885
1784028900,4034.8,4037.7,4034.5,4035.7,669
1784029200,4035.6,4037.1,4034.2,4035.2,483
1784029500,4035.2,4037.8,4032.8,4035.8,536
1784029800,4035.9,4036.8,4033.7,4036.3,369
1784030100,4036.3,4039.2,4035.7,4038.4,681
1784030400,4038.2,4043.1,4035.9,4036.9,1713
1784030700,4036.7,4037.7,4031.9,4032.6,1159
1784031000,4032.9,4035.3,4032,4032.8,709
1784031300,4032.8,4035.5,4031.4,4034,654
1784031600,4033.8,4035.5,4029.8,4035.1,1208
1784031900,4035.1,4037.8,4033.3,4035,1203
1784032200,4037.2,4112.6,4037.2,4104.1,15732
1784032500,4104.2,4109,4089.7,4095.3,7332
1784032800,4095.4,4102.5,4092.6,4101,4875
1784033100,4100.8,4103.2,4090.1,4092.9,3355
1784033400,4092.6,4092.9,4080.1,4081.1,3587
1784033700,4081.5,4085.2,4076.5,4084,3350
1784034000,4083.9,4091.2,4079.5,4080.2,4459
1784034300,4080.3,4088,4078,4084.8,2241
1784034600,4084.9,4087.7,4079.3,4082.1,2230
1784034900,4082.3,4087.6,4081.3,4083.6,1431
1784035200,4083.3,4093.7,4079,4091,2644
1784035500,4091.3,4093.4,4087.9,4089,1564
1784035800,4089.1,4092.5,4083.2,4087.7,2480
1784036100,4088,4096.3,4086,4094,2391
1784036400,4094.3,4096.4,4090.1,4095.2,2237
1784036700,4095,4095.2,4087.9,4090.9,1506
1784037000,4090.8,4092.7,4081.1,4083.7,2062
1784037300,4084,4086.4,4082,4084,1405
1784037600,4084,4088,4081,4081.3,2281
1784037900,4081.3,4088.9,4079.8,4087.6,1812
1784038200,4087.6,4092.8,4084.6,4089.9,1802
1784038500,4089.9,4089.9,4077.9,4080.2,2685
1784038800,4080.3,4092.8,4080.3,4086.2,2344
1784039100,4086.1,4087.1,4081.2,4084.2,1727
1784039400,4084.5,4098.3,4080.6,4087.7,3267
1784039700,4087.8,4089,4082.1,4087.2,1718
1784040000,4087.1,4090.4,4086.4,4087.7,986
1784040300,4087.6,4090.3,4086.3,4086.8,1123
1784040600,4086.6,4092,4085.2,4090.3,1053
1784040900,4090.5,4095.2,4088.9,4093.1,1288
1784041200,4092.9,4100.9,4086.1,4095.9,3159
1784041500,4096.2,4108.5,4093.8,4103.7,4162
1784041800,4104.1,4105.4,4096.5,4098,1899
1784042100,4097.6,4098.8,4092.8,4094.4,1381
1784042400,4094.3,4098.6,4092.7,4094.3,1252
1784042700,4094.5,4094.6,4089.4,4092,1297
1784043000,4091.9,4094.1,4087.6,4088.6,1381
1784043300,4088.5,4089.6,4082.7,4083.1,1755
1784043600,4083.3,4084.2,4073.1,4080.9,3153
1784043900,4081,4083.6,4078,4078.3,1335
1784044200,4078.2,4079.1,4072.6,4073.8,1733
1784044500,4073.5,4075.2,4071.3,4072.9,1369
1784044800,4073.1,4073.9,4068.8,4070.7,1706
1784045100,4070.8,4071,4064,4067.2,2266
1784045400,4067.4,4071.9,4067.4,4070.2,977
1784045700,4069.9,4072.3,4067.8,4070,739
1784046000,4070.1,4070.7,4064.8,4067.9,854
1784046300,4067.8,4069.5,4065.3,4066.3,537
1784046600,4066.3,4070.1,4065.8,4066.8,872
1784046900,4066.8,4068.4,4064.3,4067,661
1784047200,4067,4069.9,4066,4068,570
1784047500,4068,4069,4064.5,4066.6,607
1784047800,4066.5,4068.4,4065.3,4067,421
1784048100,4067.3,4069.1,4066.6,4068.8,446
1784048400,4068.8,4071.6,4066.6,4067.2,1063
1784048700,4067.3,4068,4063.6,4066.3,1040
1784049000,4066.1,4066.6,4061.6,4063.4,870
1784049300,4063.4,4064.1,4061.1,4063.6,1075
1784049600,4063.7,4068.4,4063.1,4067.8,765
1784049900,4067.7,4071.1,4066.9,4069.5,1010
1784050200,4069.7,4072.3,4068.5,4069,1042
1784050500,4068.7,4069.8,4067.7,4068.8,467
1784050800,4069,4069.6,4066.3,4066.7,332
1784051100,4066.8,4068.9,4065.1,4068.6,468
1784051400,4068.7,4070.3,4068.6,4069.8,314
1784051700,4069.9,4070.9,4069.1,4069.8,306
1784052000,4069.5,4069.6,4066.4,4069,408
1784052300,4068.8,4069,4067.1,4067.3,237
1784052600,4067.2,4068.6,4066.5,4068.6,182
1784052900,4068.4,4070.1,4067.8,4069.7,324
1784053200,4069.4,4069.4,4064,4064,687
1784053500,4064.1,4066,4063.5,4065.6,374
1784053800,4065.2,4066.3,4061.8,4063.4,722
1784054100,4063.5,4063.6,4057.7,4059.6,1522
1784054400,4059.5,4061.1,4049.2,4053,3322
1784054700,4053,4057.4,4051.2,4055.8,926
1784055000,4056.1,4058.7,4053.4,4058.3,692
1784055300,4058.3,4061.3,4057.9,4060.7,726
1784055600,4060.8,4061.6,4059,4059.6,499
1784055900,4059.6,4061.7,4059,4061,396
1784056200,4061.1,4064.2,4060,4063.4,545
1784056500,4063.3,4063.8,4061.3,4063.1,547
1784056800,4062.9,4062.9,4058.9,4059.3,438
1784057100,4059,4060.4,4057.8,4058.1,454
1784057400,4058.3,4058.3,4054.1,4056.9,1418
1784057700,4056.8,4058.9,4056.1,4057.5,336
1784058000,4057.4,4059.7,4056.7,4059.2,330
1784058300,4059.1,4061.1,4058.5,4059.1,447
1784058600,4059.2,4063.6,4058,4061.9,911
1784058900,4062.1,4063.5,4060.8,4062.4,749
1784059200,4062.2,4063.1,4060.6,4061.8,355
1784059500,4061.3,4062.3,4061,4061.2,121
1784059800,4061.1,4062,4060.4,4060.6,201
1784060100,4060.3,4061.3,4058.8,4059.4,182
1784060400,4059.3,4060.6,4058.7,4060.6,150
1784060700,4060.5,4060.7,4059.3,4059.5,249
1784061000,4059.7,4060.1,4057.8,4057.9,341
1784061300,4058,4058.6,4056.5,4056.9,416
1784061600,4056.7,4058.4,4055.2,4057,280
1784061900,4056.7,4057.7,4055.6,4056.5,480
1784062200,4056.6,4059.3,4055.5,4058.8,181
1784062500,4058.5,4059.5,4057.4,4058.5,351
1784066400,4058.7,4060.2,4057.4,4058.7,415
1784066700,4058.7,4059,4057.1,4057.5,178
1784067000,4057.5,4057.6,4054.8,4056.7,570
1784067300,4056.7,4057,4054.8,4056.3,366
1784067600,4056.3,4058.1,4055.3,4056.3,317
1784067900,4056.4,4057.9,4055.5,4057.8,418
1784068200,4057.6,4058.9,4057.3,4058.3,290
1784068500,4058.1,4058.7,4056,4056.9,413
1784068800,4056.9,4058,4054.9,4056.4,501
1784069100,4056.4,4056.9,4054.4,4055.2,325
1784069400,4055.3,4056.5,4054.6,4055.3,175
1784069700,4055.3,4055.9,4054.6,4055,237
1784070000,4055,4056.5,4054.1,4055.6,370
1784070300,4055.3,4055.7,4054.2,4055.6,186
1784070600,4055.7,4055.7,4052.8,4053.5,415
1784070900,4054,4054.6,4052.7,4054,302
1784071200,4054,4056.4,4053.9,4055.6,372
1784071500,4055.6,4060,4055.2,4059.7,740
1784071800,4059.9,4061.7,4057.4,4061,940
1784072100,4060.7,4062.3,4059,4059.8,1005
1784072400,4059.7,4061.6,4059.4,4060.9,301
1784072700,4061,4061.3,4058.4,4058.8,491
1784073000,4059.2,4060.7,4058.4,4060.5,249
1784073300,4060.5,4060.8,4057.9,4059,328
1784073600,4059,4063.5,4057.1,4061,1025
1784073900,4061.2,4062,4058.8,4060.3,542
1784074200,4060.3,4061.5,4057.2,4057.6,486
1784074500,4057.4,4062.8,4057.3,4058.3,833
1784074800,4058.4,4062.8,4057.9,4061.9,853
1784075100,4061.6,4065,4061.1,4064.8,865
1784075400,4064.8,4065.1,4061.6,4062.1,612
1784075700,4062.3,4063,4058.4,4060.5,940
1784076000,4060.6,4061.3,4059.2,4060.9,322
1784076300,4061.1,4063.8,4060.5,4061.5,632
1784076600,4061.2,4064.6,4060.9,4064.2,487
1784076900,4064.3,4067.6,4063.7,4065.5,1154
1784077200,4065.6,4068.8,4061.5,4064.4,1818
1784077500,4064.5,4068.2,4060.9,4062.9,1388
1784077800,4062.9,4065.9,4061.5,4062.3,755
1784078100,4062.1,4063.5,4059.7,4062.2,838
1784078400,4061.8,4062.6,4059,4060.2,816
1784078700,4060.2,4063.2,4060.2,4060.8,550
1784079000,4060.8,4061.1,4053.1,4057,2167
1784079300,4057,4057,4050.3,4052.5,1271
1784079600,4052.4,4052.6,4042.5,4044.8,2711
1784079900,4045,4048.8,4043.8,4047.7,1143
1784080200,4047.5,4047.5,4043.8,4047.3,813
1784080500,4047.1,4047.4,4041,4043.3,1117
1784080800,4043.2,4046.5,4039.4,4045.3,1539
1784081100,4045.1,4048.2,4044.5,4047,784
1784081400,4047.1,4048.5,4041.7,4042.7,1252
1784081700,4042.8,4042.9,4035.3,4036.1,2027
1784082000,4036.2,4039,4035.3,4038,937
1784082300,4037.7,4040.2,4036.4,4039.4,690
1784082600,4039.3,4042.7,4038.7,4042.1,1029
1784082900,4042.1,4044.5,4042.1,4044.2,629
1784083200,4044.2,4048.7,4043.4,4048.1,910
1784083500,4048.3,4048.5,4045,4046.3,756
1784083800,4046,4046,4040.5,4041.4,997
1784084100,4041.4,4045.7,4041.4,4041.7,768
1784084400,4041.5,4046.2,4040.7,4045.5,734
1784084700,4045.5,4046.5,4042.1,4043,640
1784085000,4042.8,4043.4,4038.9,4040.3,608
1784085300,4040.5,4041.6,4037.9,4038.3,750
1784085600,4038.5,4039.3,4036.3,4036.8,798
1784085900,4036.9,4039,4035.8,4036.8,668
1784086200,4036.8,4040.1,4033,4039.5,1431
1784086500,4039.5,4042,4038.4,4038.4,919
1784086800,4038.7,4038.7,4034.2,4035.5,945
1784087100,4035.2,4038.4,4035.2,4038.3,393
1784087400,4038.3,4039.6,4037,4037,498
1784087700,4037.3,4038.3,4036.9,4037.2,276
1784088000,4037.2,4039.4,4036.5,4037.3,476
1784088300,4037.3,4038.5,4036,4038.1,285
1784088600,4038.1,4039.4,4037.4,4037.4,312
1784088900,4037.4,4040.2,4036.8,4040.2,418
1784089200,4040.2,4040.8,4038.6,4039.2,361
1784089500,4039.4,4041.2,4039.2,4039.9,349
1784089800,4039.8,4041.3,4037.8,4037.9,512
1784090100,4037.8,4039.1,4036.3,4037.1,514
1784090400,4037,4038.1,4033.6,4036.2,965
1784090700,4036.6,4040.6,4036.6,4037.9,612
1784091000,4037.9,4040.7,4037.9,4039.1,423
1784091300,4039,4039.9,4038,4039.4,255
1784091600,4039.5,4042.4,4037,4038.2,969
1784091900,4038.3,4039.3,4035.3,4037.2,464
1784092200,4037.3,4037.8,4030.2,4032.4,1194
1784092500,4032.4,4034.9,4031.8,4034,421
1784092800,4034,4035.1,4032.4,4034,300
1784093100,4033.5,4033.5,4030.7,4030.9,418
1784093400,4031.2,4035.5,4027.6,4034.4,1670
1784093700,4034.4,4038.7,4033.2,4037.7,750
1784094000,4037.6,4044.7,4035.6,4035.9,2037
1784094300,4036.1,4036.1,4033.3,4035.3,881
1784094600,4035.4,4036.9,4034,4036.8,344
1784094900,4036.7,4041.4,4034.2,4041,823
1784095200,4041,4041.8,4036.8,4037.7,737
1784095500,4037.7,4038.2,4033.9,4036.1,673
1784095800,4036.1,4036.3,4032.7,4033.4,684
1784096100,4033.3,4034.2,4029.3,4032.8,1062
1784096400,4032.4,4033.2,4026.9,4032.4,1094
1784096700,4032.5,4034.7,4031.5,4033,643
1784097000,4032.6,4034.4,4028.7,4034.3,813
1784097300,4033.9,4037,4033.4,4035.1,848
1784097600,4035,4039.1,4034.1,4038.5,642
1784097900,4038.5,4038.5,4035.6,4036.2,716
1784098200,4036.2,4040,4036,4038.5,592
1784098500,4038.6,4039,4036.6,4038.5,560
1784098800,4038.4,4040.6,4035.2,4038.9,827
1784099100,4038.9,4039,4035.2,4035.6,439
1784099400,4035.7,4037.3,4034.1,4035.4,427
1784099700,4035.3,4036.4,4034.1,4035.5,389
1784100000,4035.5,4035.9,4030.5,4032.2,793
1784100300,4032.1,4032.4,4026,4029.9,1641
1784100600,4029.7,4032.8,4027.8,4029.7,894
1784100900,4029.7,4029.7,4025.5,4026.5,745
1784101200,4026.6,4028.9,4025.7,4028.9,591
1784101500,4028.8,4032.6,4027.3,4031,669
1784101800,4030.7,4031.8,4028.5,4031.6,637
1784102100,4031.5,4033.1,4029.2,4030.5,516
1784102400,4030.7,4032,4026.4,4030.7,1230
1784102700,4030.8,4031.6,4027.9,4028.4,467
1784103000,4028.2,4029.4,4023.2,4023.7,1096
1784103300,4023.7,4031.2,4023.7,4030.2,755
1784103600,4030,4031.4,4028.5,4030.6,489
1784103900,4030.6,4033,4028.7,4032.7,421
1784104200,4032.7,4035.5,4032,4034.1,932
1784104500,4034.3,4034.8,4030.9,4032.5,393
1784104800,4032.6,4035.1,4032.6,4034.8,252
1784105100,4034.8,4036.5,4033.8,4035.8,506
1784105400,4036,4037.4,4035,4036.9,366
1784105700,4036.8,4039.4,4035.9,4037.6,636
1784106000,4037.7,4040.9,4037,4039.6,728
1784106300,4039.5,4040.4,4035.9,4038.5,872
1784106600,4038.7,4039.3,4035.7,4036.5,503
1784106900,4036.6,4037.4,4034.9,4037.1,655
1784107200,4037.1,4038.9,4035.3,4035.7,422
1784107500,4035.3,4035.3,4033,4033.4,463
1784107800,4033.3,4036.2,4032.5,4032.7,673
1784108100,4032.7,4033.8,4031.5,4032.3,462
1784108400,4032.5,4034.3,4032.5,4033.6,275
1784108700,4033.5,4035.3,4032.3,4034.4,473
1784109000,4034.4,4034.9,4032.9,4034.5,339
1784109300,4034.8,4036.5,4031.9,4036.2,532
1784109600,4036.2,4037.7,4034.9,4036.4,473
1784109900,4036.3,4039.1,4034.9,4036.7,439
1784110200,4037,4042.4,4035.8,4039.9,808
1784110500,4040,4040,4037.7,4038.3,355
1784110800,4038.2,4041.5,4034.6,4035.3,724
1784111100,4035.5,4036,4032.3,4034.8,837
1784111400,4034.6,4037.2,4034.2,4036.4,309
1784111700,4036.3,4040.2,4035.9,4039.6,522
1784112000,4039.7,4039.7,4036.1,4037.2,463
1784112300,4037.3,4037.4,4033.2,4034.7,568
1784112600,4034.6,4035.1,4033.6,4035,318
1784112900,4034.9,4035.1,4033.1,4034.5,467
1784113200,4034.3,4037.5,4034,4035,560
1784113500,4034.7,4037.7,4034.5,4037.2,322
1784113800,4037,4039.2,4036.1,4036.1,406
1784114100,4036.5,4036.7,4033.5,4035.3,576
1784114400,4035.4,4036.4,4034.5,4036,290
1784114700,4036.2,4037.4,4034.9,4036.7,294
1784115000,4036.7,4039.9,4035.3,4039.3,452
1784115300,4039.4,4041.6,4037.9,4041.2,749
1784115600,4041.3,4045.7,4041.2,4043.4,1329
1784115900,4043.8,4045,4041.6,4042.6,642
1784116200,4042.6,4046.3,4041.8,4042.6,833
1784116500,4042.5,4045.6,4042,4044.7,585
1784116800,4044.7,4048.7,4044.4,4047.2,1230
1784117100,4047,4047.2,4043.3,4043.5,804
1784117400,4043.4,4045.2,4041.9,4043.7,587
1784117700,4044,4047.2,4044,4045.7,507
1784118000,4045.8,4047.2,4044.3,4045.6,602
1784118300,4045.7,4046.7,4043.6,4046.2,723
1784118600,4045.6,4061.3,4045.2,4060.9,5220
1784118900,4061,4072.9,4060.2,4070.3,4149
1784119200,4070.5,4070.7,4063.9,4069.9,2744
1784119500,4069.9,4072.3,4067.6,4070.8,1737
1784119800,4070.8,4073.6,4068.8,4070.4,1260
1784120100,4070.5,4078.4,4068.2,4074.6,2627
1784120400,4074.9,4079.5,4071.1,4078.9,2919
1784120700,4078.8,4080.8,4075.8,4075.8,3012
1784121000,4075.7,4076.4,4067.7,4067.9,2541
1784121300,4067.6,4072.8,4067.1,4072.1,1301
1784121600,4071.8,4072,4067.2,4067.9,915
1784121900,4067.9,4068.2,4060.3,4062.2,2443
1784122200,4062.1,4068,4061.7,4066.8,1933
1784122500,4066.6,4069.3,4063.8,4067.8,1369
1784122800,4067.6,4069.8,4064.3,4067.7,1194
1784123100,4067.8,4068.8,4061.8,4063.5,1986
1784123400,4063.5,4067.4,4061.8,4066,1238
1784123700,4065.8,4073.5,4064.4,4068.7,2426
1784124000,4068.7,4072.5,4066.7,4070,1558
1784124300,4070.5,4072.3,4068.8,4069.8,841
1784124600,4070.1,4072.7,4069,4071,847
1784124900,4071.2,4073,4067.4,4069.6,1110
1784125200,4069.8,4070,4062.2,4064.3,1889
1784125500,4064.2,4066.2,4062,4064.8,1112
1784125800,4065.2,4070.5,4064,4068.9,1320
1784126100,4069,4070.7,4067.6,4069,832
1784126400,4069.1,4069.6,4063.3,4063.9,1119
1784126700,4063.9,4067.1,4059.4,4066.6,2041
1784127000,4066.8,4066.8,4061.1,4062.6,1185
1784127300,4062.6,4067.7,4062,4067.3,976
1784127600,4067.6,4069.9,4064.8,4065.5,1024
1784127900,4065.8,4065.9,4060.8,4061.2,817
1784128200,4061,4061.4,4049.4,4050.7,2927
1784128500,4050.4,4053.6,4049.7,4052.7,1838
1784128800,4052.6,4052.9,4045.8,4051.6,2014
1784129100,4051.5,4056.6,4050.9,4055.8,1593
1784129400,4055.6,4056.5,4051.5,4055,1178
1784129700,4055.1,4055.9,4053.3,4055.2,671
1784130000,4055.5,4057.4,4054.8,4056.1,782
1784130300,4056.1,4057.9,4054.2,4056,678
1784130600,4056.1,4057.2,4052.8,4056.8,745
1784130900,4056.6,4056.6,4052.7,4053.3,487
1784131200,4053.1,4054.3,4048.8,4049.7,1057
1784131500,4049.7,4051.1,4048.2,4048.2,512
1784131800,4048.6,4049,4043.7,4045,1281
1784132100,4044.7,4047.4,4039.4,4040.3,1302
1784132400,4040.5,4044.3,4039.5,4042.1,1159
1784132700,4042,4044.3,4039.1,4041.2,976
1784133000,4041.4,4043.7,4037,4037.3,1334
1784133300,4037.2,4037.8,4033.4,4036.4,2216
1784133600,4036.4,4038,4032.8,4035.1,1033
1784133900,4035,4043.5,4033.7,4041.8,3351
1784134200,4042.1,4044.6,4040.2,4040.5,967
1784134500,4040.4,4040.6,4035.4,4040.1,1079
1784134800,4040.3,4045.4,4039.5,4044.3,1117
1784135100,4044.4,4045.9,4043.2,4043.2,821
1784135400,4043.1,4045.6,4042.3,4042.4,572
1784135700,4042.3,4043.8,4039.4,4042.3,849
1784136000,4042.3,4045.5,4042,4044.4,583
1784136300,4044.4,4055.1,4044,4054,2012
1784136600,4054,4062.6,4053.7,4061.6,2847
1784136900,4061.5,4067.5,4060,4063.8,1874
1784137200,4063.7,4069.9,4063.3,4069.1,1389
1784137500,4069,4073.7,4067.8,4072.2,1742
1784137800,4072.1,4072.6,4068.7,4069.9,1208
1784138100,4070.3,4071,4067,4069.1,972
1784138400,4069.2,4076.2,4068.6,4074.9,1641
1784138700,4074.7,4077.8,4073,4074.5,1374
1784139000,4074.4,4075.6,4072.6,4075,810
1784139300,4075.1,4077.5,4074,4076.9,867
1784139600,4076.9,4079.2,4076,4078,956
1784139900,4077.9,4083.3,4076.4,4081.4,1704
1784140200,4081.5,4089,4079.5,4079.8,3041
1784140500,4079.7,4080.5,4077.5,4077.9,1151
1784140800,4078.1,4078.4,4074.7,4074.7,1151
1784141100,4074.7,4076,4070.8,4071.8,1675
1784141400,4071.7,4071.7,4069.3,4070.5,872
1784141700,4070.4,4071.8,4065,4066.1,1201
1784142000,4066.1,4070.1,4064.3,4068.3,1176
1784142300,4068.1,4068.6,4065.9,4067.9,731
1784142600,4068,4070,4066.1,4068.3,719
1784142900,4068.1,4068.7,4063.6,4064.3,869
1784143200,4064.1,4064.2,4060.2,4062.2,1175
1784143500,4062.1,4065.6,4061.8,4063.3,646
1784143800,4063.7,4064.9,4056.1,4056.9,1571
1784144100,4056.8,4059.5,4055.2,4057.7,888
1784144400,4057.7,4060.6,4057.3,4058.4,515
1784144700,4058.5,4060.6,4058,4059.4,460
1784145000,4059.5,4062,4058.5,4060.8,499
1784145300,4060.7,4064.4,4059.6,4064,1217
1784145600,4063.7,4065.3,4061.9,4064.9,621
1784145900,4065,4065.4,4063.2,4063.8,362
1784146200,4063.7,4064.5,4063.2,4064.2,194
1784146500,4064.3,4066.9,4064.1,4066.1,441
1784146800,4066,4069,4065.9,4067,327
1784147100,4066.8,4069,4066.7,4068,234
1784147400,4068.1,4068.2,4067,4067.3,141
1784147700,4067.4,4069.8,4067.4,4069.5,257
1784148000,4069.7,4069.7,4067.4,4068.4,179
1784148300,4068.3,4068.8,4067.7,4068.1,200
1784148600,4068,4069.9,4067.2,4067.8,223
1784148900,4067.8,4068.1,4066.2,4067,284
1784152800,4069.3,4072,4066.3,4066.9,749
1784153100,4066.9,4070,4066.9,4069,361
1784153400,4069.2,4070.5,4068.8,4069.5,161
1784153700,4069.4,4070,4068.4,4069.2,257
1784154000,4069.2,4069.5,4067.8,4068,242
1784154300,4067.9,4068.9,4067.3,4068.2,418
1784154600,4068.2,4068.2,4066.2,4066.3,342
1784154900,4066.4,4067.2,4064.6,4065.9,400
1784155200,4065.8,4066.5,4065.2,4065.9,226
1784155500,4065.9,4067,4065,4065.5,258
1784155800,4065.4,4066,4063.6,4065.4,467
1784156100,4065.5,4067.3,4065.2,4065.6,348
1784156400,4065.4,4068,4064.8,4065.8,407
1784156700,4065.8,4068.1,4065.3,4067,385
1784157000,4067.3,4067.3,4064.9,4066.2,392
1784157300,4066.2,4066.3,4063.8,4065,404
1784157600,4065,4065.1,4062,4063.1,285
1784157900,4063.1,4065.2,4062.5,4063.7,387
1784158200,4063.7,4064.1,4061.7,4063.8,311
1784158500,4063.6,4065,4062.3,4062.9,375
1784158800,4062.7,4064.1,4061.3,4063.5,391
1784159100,4063.2,4065.5,4061.8,4063.8,725
1784159400,4064,4066.5,4062.4,4063.8,482
1784159700,4063.8,4065,4063.2,4063.6,184
1784160000,4063.6,4065.4,4061.9,4063.4,676
1784160300,4063.6,4063.8,4060.3,4061.2,566
1784160600,4061.3,4063.1,4060.3,4062,389
1784160900,4061.9,4063.4,4061.5,4062.5,413
1784161200,4062.7,4066.1,4060.7,4064.2,685
1784161500,4064.1,4065.9,4063.6,4064.1,448
1784161800,4064.3,4066.9,4064,4066.7,568
1784162100,4066.7,4067.4,4064,4064.2,624
1784162400,4064.3,4064.3,4059.4,4060.6,833
1784162700,4060.9,4065.8,4060.8,4065.1,937
1784163000,4065.2,4067,4058.1,4059.3,1164
1784163300,4059.1,4059.6,4049.4,4050.4,1971
1784163600,4050.6,4056.9,4046.9,4051.4,3789
1784163900,4051,4052.8,4048.2,4051.6,1008
1784164200,4051.5,4055.4,4048.2,4051.1,1348
1784164500,4051.3,4051.3,4044.8,4046.8,1385
1784164800,4046.7,4050,4041.6,4043.7,1390
1784165100,4043.6,4044.9,4039.6,4042.5,1410
1784165400,4042.3,4047.4,4042.1,4047.1,983
1784165700,4047,4050.6,4045.9,4050,1101
1784166000,4049.5,4051.4,4046.4,4047.6,1161
1784166300,4047.3,4049.3,4045.2,4046.6,762
1784166600,4046.3,4046.6,4042.4,4044,1001
1784166900,4044,4046.3,4043.4,4044.4,531
1784167200,4044.3,4045.3,4041.2,4041.2,616
1784167500,4041.3,4042,4037.7,4038.2,1335
1784167800,4038.2,4040.6,4036.5,4037.8,987
1784168100,4037.8,4038.8,4034.2,4038.6,1188
1784168400,4038.3,4040.2,4036.8,4038.5,885
1784168700,4038.6,4040.3,4037.5,4040,495
1784169000,4040,4041.4,4035.2,4037,1076
1784169300,4037.2,4038.4,4031,4032.7,1255
1784169600,4032.5,4034,4029.2,4033.3,1616
1784169900,4033,4035.5,4032.9,4034.7,682
1784170200,4034.5,4035.2,4029.5,4034.7,1089
1784170500,4035,4038.2,4034,4037.1,865
1784170800,4036.8,4037.7,4035.6,4036,660
1784171100,4036.2,4038.7,4035.6,4038.2,476
1784171400,4038.3,4038.9,4034.7,4035.2,522
1784171700,4035.3,4037.1,4034.3,4035.2,414
1784172000,4035.4,4036,4033,4034.5,477
1784172300,4034.7,4039.5,4034.2,4039.3,594
1784172600,4039.6,4040.1,4037.9,4039.6,553
1784172900,4039.6,4041,4038.7,4038.8,413
1784173200,4039,4041.7,4039,4040.8,405
1784173500,4040.8,4040.9,4039.3,4040,290
1784173800,4040.1,4042,4039.8,4041.1,455
1784174100,4041.1,4042.1,4040.5,4041.4,270
1784174400,4041.7,4041.8,4038.8,4039.3,489
1784174700,4039.1,4039.6,4037.2,4037.2,360
1784175000,4037.4,4043.2,4037,4042,635
1784175300,4042,4042,4037.8,4038.2,449
1784175600,4038.5,4040.6,4037.8,4038.5,352
1784175900,4038.2,4039.1,4036.9,4038.9,448
1784176200,4039.1,4040.4,4036.9,4037.8,517
1784176500,4037.9,4039.1,4037.5,4038.4,212
1784176800,4038.4,4039.6,4037.5,4037.5,190
1784177100,4037.5,4040.5,4037.2,4039.5,366
1784177400,4039.6,4040.2,4039.2,4040.1,182
1784177700,4039.5,4040,4038.1,4038.2,155
1784178000,4038,4039.1,4035.6,4037,538
1784178300,4037.1,4037.5,4035.3,4036.5,435
1784178600,4036.3,4036.3,4034.3,4036,537
1784178900,4036,4038.3,4033.6,4034.3,626
1784179200,4034.2,4034.5,4031.8,4032.2,795
1784179500,4032.2,4034.5,4031.7,4032.6,514
1784179800,4032.8,4037.1,4030.3,4035.6,1321
1784180100,4035.2,4036.2,4032.6,4034.8,607
1784180400,4034.8,4038.7,4031.8,4038.1,676
1784180700,4037.8,4038.2,4032.9,4033,562
1784181000,4033.1,4036.1,4030.5,4032.1,908
1784181300,4032.1,4034.4,4031.8,4032.4,501
1784181600,4032.6,4038.3,4032,4036.6,994
1784181900,4036.4,4041.7,4036.4,4040.1,1216
1784182200,4040.2,4040.2,4036.1,4037.4,587
1784182500,4037.4,4038.2,4033.1,4034.4,756
1784182800,4034.6,4036.7,4032.8,4036.7,767
1784183100,4036.5,4037.1,4035.3,4035.3,508
1784183400,4035.2,4035.8,4031.9,4031.9,638
1784183700,4031.8,4032.4,4026.6,4031.8,1979
1784184000,4031.5,4032.4,4029.9,4031.8,641
1784184300,4031.9,4033.9,4031.1,4033.4,443
1784184600,4033.4,4035.3,4032.7,4035.1,425
1784184900,4035.2,4036.7,4035.2,4035.6,418
1784185200,4035.6,4035.9,4032.4,4034.3,562
1784185500,4034.1,4035.1,4032.9,4034.5,253
1784185800,4034.7,4034.9,4030.7,4031.4,507
1784186100,4031.2,4031.5,4028.7,4029.6,676
1784186400,4029.5,4031.9,4029.5,4030.1,520
1784186700,4030.3,4031.7,4029,4029.2,531
1784187000,4029.2,4030.4,4027.9,4029.1,645
1784187300,4029,4030.8,4028,4030.2,429
1784187600,4030.3,4033.4,4030,4031.3,540
1784187900,4031.3,4037.1,4031.1,4036.2,847
1784188200,4035.8,4036.1,4031.8,4033.6,602
1784188500,4033.5,4036.3,4033.3,4035.8,417
1784188800,4035.6,4039.3,4034.5,4035,882
1784189100,4034.9,4035.9,4033.2,4033.3,457
1784189400,4033.3,4034,4030,4030.6,1030
1784189700,4030.6,4034,4029.9,4034,502
1784190000,4033.9,4036.9,4033.6,4036.1,565
1784190300,4036.3,4038.5,4035.9,4037,571
1784190600,4037.1,4040,4036.9,4036.9,596
1784190900,4037.2,4040.7,4037,4038.2,405
1784191200,4038.4,4039.2,4036.9,4038.8,366
1784191500,4038.7,4041.8,4038.5,4040.6,495
1784191800,4040.5,4040.9,4038.2,4038.2,332
1784192100,4038.5,4041.1,4038.2,4040.4,242
1784192400,4040.6,4042.8,4040.3,4040.5,457
1784192700,4040.6,4042,4040.4,4041.7,242
1784193000,4041.8,4042.7,4040.8,4042.1,227
1784193300,4042.1,4043.9,4040.9,4041,614
1784193600,4041.2,4041.3,4037.6,4037.8,767
1784193900,4037.7,4039.2,4035.3,4038,816
1784194200,4038,4039.3,4035.7,4037.4,910
1784194500,4037.3,4040.1,4036.9,4038.7,442
1784194800,4038.6,4040.7,4038.2,4039.7,393
1784195100,4039.9,4040,4037.2,4038,430
1784195400,4037.8,4042.3,4037.7,4041.4,387
1784195700,4041.6,4041.9,4037.4,4037.4,492
1784196000,4037.3,4037.9,4035.4,4036.7,473
1784196300,4036.7,4038.2,4035.9,4037.6,367
1784196600,4037.6,4038.2,4035,4037,293
1784196900,4037.1,4038.7,4037.1,4038.1,251
1784197200,4037.6,4040.2,4036.9,4040.2,322
1784197500,4040,4040,4037.2,4038.8,234
1784197800,4038.9,4039.9,4037,4039.2,399
1784198100,4039.3,4040,4037.3,4037.3,219
1784198400,4037.3,4040.5,4037.1,4038.6,351
1784198700,4038.7,4038.8,4036.2,4036.3,336
1784199000,4036.3,4037.9,4035.8,4037.1,282
1784199300,4036.9,4037.6,4034,4035.1,444
1784199600,4035.1,4035.7,4033,4033.9,727
1784199900,4034,4034.8,4032.8,4034.8,283
1784200200,4034.6,4035.3,4031.6,4033.4,585
1784200500,4033.1,4033.1,4030.2,4031.6,508
1784200800,4031.4,4032.5,4029.6,4030,568
1784201100,4030.1,4032.9,4025.9,4029.4,1555
1784201400,4029.3,4035.6,4028.5,4035,789
1784201700,4034.9,4037.8,4034.3,4036.1,1128
1784202000,4036.1,4041.9,4035.6,4040.7,1186
1784202300,4040.8,4048.3,4033.4,4037.9,3277
1784202600,4037.9,4045.7,4034.7,4044.8,2314
1784202900,4045.1,4047,4042.9,4044,858
1784203200,4044.4,4049,4041.4,4048,1458
1784203500,4047.9,4049.2,4037.7,4038.6,2530
1784203800,4038.5,4038.5,4032.7,4037,1504
1784204100,4037,4037.5,4017.5,4033.4,6283
1784204400,4033.7,4034.3,4025.1,4025.9,2592
1784204700,4025.6,4030.5,4021.5,4029.8,1499
1784205000,4029.8,4034.9,4022.8,4027.6,2392
1784205300,4027.5,4027.8,4019.1,4019.4,2083
1784205600,4019.4,4019.9,4004.9,4007.2,5282
1784205900,4007.3,4013.4,4003.3,4004,3933
1784206200,4003.7,4007,3998.4,4000.2,3345
1784206500,4000.3,4001.5,3994.3,3996.5,3807
1784206800,3996.3,4001.2,3979.1,3982,7826
1784207100,3982.4,3990.4,3977.3,3988.1,3516
1784207400,3987.7,3997.5,3986.1,3996.2,3063
1784207700,3996.3,4000.1,3995.3,3999.5,2049
1784208000,3999.4,4003.9,3995.3,4003,2280
1784208300,4003,4010.4,4002.2,4009.7,2412
1784208600,4009.8,4012.7,3997.2,3997.2,3674
1784208900,3997.1,3997.9,3985.5,3987.4,4473
1784209200,3987.3,3993.4,3986.9,3990.1,2566
1784209500,3990.2,3997.2,3990,3995.7,2143
1784209800,3995.7,4001.3,3995.7,3998.2,2250
1784210100,3998.1,3998.2,3992,3994.3,1516
1784210400,3994.2,4001.7,3993.3,4001.3,2999
1784210700,4001,4001.2,3995.1,3997,1371
1784211000,3996.9,3998.6,3990.7,3993.2,1562
1784211300,3993.2,4001.9,3991.6,4000.1,1771
1784211600,4000.1,4000.8,3994.8,3996.6,1011
1784211900,3996.4,4005.1,3995.8,4003.5,1790
1784212200,4003.4,4009.4,3999.5,4007.1,1705
1784212500,4006.8,4008.3,4003,4004.3,1680
1784212800,4004.4,4009.5,4004.2,4009.1,1002
1784213100,4009.3,4011.2,4003.4,4003.8,1478
1784213400,4003.6,4004.7,3998.7,3999.3,1699
1784213700,3999.2,4003.5,3996.5,4002.1,1386
1784214000,4002.2,4003,3996.5,3997.3,1203
1784214300,3997,4000.2,3994.5,3999.7,1231
1784214600,3999.2,3999.6,3993.3,3996.9,1223
1784214900,3997,4003.5,3996.8,4003,1281
1784215200,4003,4013.7,4002.8,4012.5,2431
1784215500,4012.4,4021.6,4011.5,4015.6,3510
1784215800,4015.7,4019.6,4011.8,4019,1895
1784216100,4018.9,4021,4015.2,4018.6,1646
1784216400,4018.7,4018.8,4014,4014.8,1167
1784216700,4015,4016.2,4012.4,4015.1,1070
1784217000,4015.4,4017.8,4012.9,4013.9,1041
1784217300,4013.6,4014,4010,4011.6,1002
1784217600,4011.5,4012.3,4003.5,4004.2,1760
1784217900,4004.5,4005.8,4002.1,4003.2,1329
1784218200,4003.2,4003.4,3994.1,3994.2,1907
1784218500,3994,3996.2,3989.7,3991.4,2336
1784218800,3991.3,3993.8,3986.4,3991,2631
1784219100,3991.1,3992.7,3988.6,3991.9,1257
1784219400,3992,3994.6,3991.3,3993.7,1351
1784219700,3993.8,3996.8,3993.3,3995.2,845
1784220000,3995.5,3996.9,3992.3,3996.3,946
1784220300,3996.1,3996.9,3993.6,3996.3,748
1784220600,3996.1,4000.1,3995.2,3999.1,1055
1784220900,3999,4001.5,3996.3,3996.3,1021
1784221200,3996.5,3997.3,3994.4,3995.4,745
1784221500,3995.7,3996,3991.4,3992.1,801
1784221800,3992.3,3993.2,3989,3990.2,900
1784222100,3990.5,3992.8,3989.4,3992.4,851
1784222400,3992.3,3993.4,3990.3,3990.8,591
1784222700,3990.8,3993.1,3987.2,3992.3,1718
1784223000,3992.2,3993.4,3987.7,3989,812
1784223300,3988.8,3990.1,3985.7,3986.8,1018
1784223600,3986.5,3987.5,3983,3986.1,1574
1784223900,3986.1,3990.7,3985.4,3989.1,867
1784224200,3989.4,3992.3,3988.7,3991.3,700
1784224500,3991.2,3991.4,3988,3989.3,486
1784224800,3989.7,3991.9,3988.3,3990.5,585
1784225100,3990.2,3993,3988.3,3991.8,709
1784225400,3991.9,3994.8,3989.9,3989.9,1073
1784225700,3989.9,3993.7,3989.1,3993,784
1784226000,3992.8,3995.6,3991.4,3991.7,785
1784226300,3991.6,3992.6,3990.2,3991.4,494
1784226600,3991.2,3991.2,3982.9,3983.6,1690
1784226900,3983.6,3984.2,3981,3983.2,1465
1784227200,3983,3988.4,3982.3,3987.6,910
1784227500,3987.6,3989.5,3986.5,3987.4,605
1784227800,3987.6,3988.7,3984.8,3985.9,427
1784228100,3985.7,3987.3,3984,3984.6,470
1784228400,3985.1,3990,3983.4,3989.7,744
1784228700,3989.8,3991,3986.7,3987.4,504
1784229000,3987.1,3987.1,3983.5,3985.2,683
1784229300,3985.1,3987.4,3984.1,3987.3,424
1784229600,3987.5,3988.7,3984.6,3985.8,447
1784229900,3985.9,3986.5,3982.9,3983.6,515
1784230200,3983.8,3984.2,3979.3,3979.5,1044
1784230500,3979.6,3980,3973.7,3979.8,2510
1784230800,3979.6,3982,3979.3,3980,680
1784231100,3980,3981.3,3977.3,3979.3,846
1784231400,3979.5,3986.9,3978.1,3985.9,1135
1784231700,3986.1,3986.4,3980.8,3984.5,1319
1784232000,3984.7,3984.9,3981.4,3982.5,641
1784232300,3982.3,3982.3,3979.5,3980.4,326
1784232600,3980.7,3981,3978.7,3979.4,356
1784232900,3979.1,3979.5,3976.2,3976.7,513
1784233200,3976.6,3977.9,3976,3976.8,210
1784233500,3976.8,3979.6,3976.2,3978.9,268
1784233800,3979.2,3979.5,3977.6,3979.4,240
1784234100,3979.3,3980.6,3978.9,3979,260
1784234400,3978.9,3979.9,3978.7,3978.7,138
1784234700,3978.8,3980.5,3978.1,3978.7,428
1784235000,3978.9,3980,3978.3,3979.9,194
1784235300,3979.7,3981.1,3979,3980.3,351
1784239200,3981.9,3984,3980,3982.3,662
1784239500,3982.2,3982.3,3980.1,3981.7,347
1784239800,3981.6,3982,3979.3,3979.9,470
1784240100,3980,3981.2,3978.8,3979.3,384
1784240400,3979.4,3979.7,3978.2,3978.5,367
1784240700,3978.8,3980,3978.2,3980,277
1784241000,3980.1,3980.6,3977.5,3979.7,382
1784241300,3979.6,3980.8,3978.8,3979.5,282
1784241600,3979.4,3980,3977,3977.2,300
1784241900,3977.2,3978,3976.8,3977.1,206
1784242200,3977.2,3979.1,3977.2,3978.7,176
1784242500,3979,3982.5,3979,3981.9,557
1784242800,3982,3982.6,3978.7,3982,668
1784243100,3981.6,3983.1,3981.3,3981.9,299
1784243400,3982.1,3983.9,3981.3,3983.7,316
1784243700,3983.6,3984.1,3982.4,3982.6,263
1784244000,3982.4,3982.4,3981.3,3981.7,240
1784244300,3981.9,3984.3,3981.8,3982,361
1784244600,3981.8,3982.7,3979.1,3981,576
1784244900,3980.9,3984.9,3980.9,3983.3,442
1784245200,3983.4,3985.7,3983.4,3985.1,551
1784245500,3985.2,3985.3,3980.2,3981.8,564
1784245800,3982.2,3984.5,3982.2,3983.8,363
1784246100,3983.8,3989.9,3983.8,3989.4,774
1784246400,3989.5,3990.6,3986.9,3988.5,1103
1784246700,3988.5,3991.2,3986.8,3989.8,775
1784247000,3989.7,3990.8,3986.4,3987.2,643
1784247300,3987.2,3994.7,3987,3991.2,1078
1784247600,3991.4,3994,3990,3990.1,705
1784247900,3989.9,3990,3987.2,3988.1,695
1784248200,3988.1,3988.5,3983.9,3985,1027
1784248500,3984.8,3988.1,3984.5,3984.9,670
1784248800,3984.9,3986.3,3983.5,3985.3,625
1784249100,3985.4,3991,3985.2,3990.1,1072
1784249400,3989.9,3992.4,3989.3,3991.1,866
1784249700,3991.4,3996.1,3989.8,3996,983
1784250000,3995.8,3996.2,3991.2,3992.3,1602
1784250300,3991.8,3998.8,3991.8,3994.4,1530
1784250600,3994.2,3997.4,3992.3,3995.9,923
1784250900,3996.1,3999.8,3994.8,3997.5,1215
1784251200,3997.3,3999.3,3992.8,3994.2,1064
1784251500,3994.3,3995.6,3991.5,3994.8,1249
1784251800,3994.5,3996.6,3992,3996,963
1784252100,3996.3,3999,3994.5,3995.8,1129
1784252400,3995.8,3998.1,3993.7,3994.9,869
1784252700,3994.9,3996.2,3987.4,3987.6,1846
1784253000,3987.6,3988.9,3982.7,3983.5,1911
1784253300,3983.5,3987.3,3982.7,3986.6,1318
1784253600,3987,3991.1,3985,3986.8,1299
1784253900,3986.6,3986.9,3983.4,3983.7,1007
1784254200,3983.7,3985.5,3983.2,3984.8,623
1784254500,3984.6,3987.8,3984,3986.6,570
1784254800,3986.8,3987.5,3984.4,3987.2,446
1784255100,3987,3987.9,3984.1,3986.6,506
1784255400,3986.5,3987.5,3979.3,3981,1488
1784255700,3981,3982.5,3974,3976.8,2193
1784256000,3977.1,3980.2,3975.9,3978.2,951
1784256300,3978.1,3982.6,3977.5,3980.8,994
1784256600,3980.7,3982.3,3978.1,3981.4,730
1784256900,3981.2,3983.5,3980.5,3982.2,872
1784257200,3982.4,3993.1,3982,3992.4,1871
1784257500,3992.4,3997.1,3991.5,3994.1,1853
1784257800,3994,3994.3,3991.2,3992.4,928
1784258100,3992.5,4006.4,3992.2,4006,2697
1784258400,4006.2,4012.3,4006,4006.6,2989
1784258700,4006.6,4007.5,4001.8,4005,1383
1784259000,4004.5,4005.4,3999.7,4001.6,1072
1784259300,4001.6,4004.2,4000.6,4002.8,896
1784259600,4002.7,4003.7,3999.7,4000.9,676
1784259900,4001.1,4002.1,3998,3998.4,705
1784260200,3998.3,3999.2,3996.1,3996.5,831
1784260500,3996.5,3996.8,3994,3994.8,753
1784260800,3994.5,3995,3991.8,3992.7,883
1784261100,3992.7,3993.8,3990.2,3990.9,559
1784261400,3990.7,3993.5,3990.4,3991.8,810
1784261700,3992,3993.4,3989.7,3992,637
1784262000,3992,3993.7,3988.9,3989.9,801
1784262300,3989.6,3990.4,3988.2,3989.5,806
1784262600,3989.9,3991.7,3986.8,3988.1,850
1784262900,3988.3,3989.8,3984.1,3986.6,877
1784263200,3986.7,3986.9,3983,3985.6,936
1784263500,3985.6,3988.8,3984.9,3985.2,931
1784263800,3985.2,3985.8,3983.4,3984.2,425
1784264100,3984.6,3985.3,3984.1,3984.9,302
1784264400,3984.8,3986.1,3982.9,3985.9,615
1784264700,3985.9,3985.9,3980.2,3981.1,846
1784265000,3981,3984.5,3981,3983,580
1784265300,3982.7,3983.7,3979.2,3979.4,984
1784265600,3979.3,3983.4,3978.5,3982.2,887
1784265900,3982.4,3985.1,3981.2,3982.9,914
1784266200,3982.8,3989.8,3981.6,3986.1,1881
1784266500,3986.2,3989.3,3984.8,3989.3,893
1784266800,3989.4,3994,3988.1,3990.4,1358
1784267100,3990.5,3993.1,3985.3,3991.6,1276
1784267400,3991.6,3995,3990.8,3993.6,1176
1784267700,3993.4,3993.7,3988.3,3988.8,932
1784268000,3988.7,3996,3988.6,3995.6,1132
1784268300,3995.8,3996.8,3991.8,3992.3,988
1784268600,3992.6,4004.7,3992.6,4003.3,1947
1784268900,4003.4,4006.2,4001.4,4005.8,1266
1784269200,4005.7,4009.9,4005.4,4007.3,1479
1784269500,4006.9,4008.9,4004.4,4007.4,1130
1784269800,4007.3,4010.9,4006.9,4008.2,1244
1784270100,4008.5,4008.6,4002.3,4003.4,1329
1784270400,4003.7,4003.8,3999.2,3999.8,1085
1784270700,3999.8,4004,3999.4,4001.8,768
1784271000,4001.9,4003.4,4000.4,4001.1,485
1784271300,4001.3,4005.6,4001.3,4003.2,770
1784271600,4003.1,4006.6,4000.8,4005.2,996
1784271900,4005,4005.9,3998.4,3999,1078
1784272200,3998.7,4001.1,3997.2,4000.9,795
1784272500,4000.4,4003.2,3999.8,4001.1,467
1784272800,4001,4001.4,3997.7,4001.1,594
1784273100,4001.2,4002.2,3999.5,3999.9,397
1784273400,4000.2,4002.2,3998.8,4000.2,574
1784273700,4000.4,4001,3998,4000.9,537
1784274000,4000.6,4002.6,3997.8,4002.6,422
1784274300,4002.6,4002.9,3999.6,4000.3,440
1784274600,4000.4,4001.7,3998.4,3998.9,286
1784274900,3999.1,3999.7,3996.6,3996.9,436
1784275200,3996.7,4003.9,3995.6,4003.2,920
1784275500,4003,4003.3,4000.4,4001.5,531
1784275800,4001.7,4001.7,3995.1,3996.8,928
1784276100,3997.1,3998.6,3992.9,3993.7,876
1784276400,3994,3996.7,3993.9,3995.9,410
1784276700,3995.7,3999.1,3992.1,3996.3,1425
1784277000,3996.5,3997.5,3993.8,3995.5,247
1784277300,3995,3996,3991.4,3992.8,439
1784277600,3993,3997.2,3992.8,3997.2,340
1784277900,3997.3,4003.4,3995.6,4002.3,987
1784278200,4002.2,4002.2,3997.8,3999,660
1784278500,3999.2,4002.2,3997.6,3998,633
1784278800,3997.9,3999.5,3996.7,3997.3,579
1784279100,3998.1,4001.9,3997.6,3999.9,325
1784279400,3999.8,4002.5,3999.3,4002.1,344
1784279700,4002,4002.4,3999.6,4000.2,450
1784280000,4000,4006.2,3999.7,4005.7,768
1784280300,4005.6,4006.4,4002,4003.1,824
1784280600,4003.3,4003.9,3999.3,3999.6,605
1784280900,3999.6,4002,3999.3,4001.7,351
1784281200,4001.5,4003.1,3999.2,3999.7,386
1784281500,3999.8,4000.9,3998.8,3999.5,356
1784281800,3999.5,4002.4,3998.5,4001.4,354
1784282100,4001.3,4002,3999.9,4002,244
1784282400,4001.9,4002.6,3999.3,3999.9,259
1784282700,4000,4001.2,3998.6,4000.4,275
1784283000,4000.4,4002.2,3999.4,4001,192
1784283300,4001,4001.6,3998,3998.2,325
1784283600,3998.3,4002.8,3998.1,3999,411
1784283900,3998.8,4000.6,3998.4,3999.5,194
1784284200,3999.7,4001.1,3998.6,4000.3,269
1784284500,4000,4000.3,3997.6,3999.3,301
1784284800,3999.4,4000.4,3997.2,3999.8,529
1784285100,3999.8,4000.9,3998.7,3999.2,266
1784285400,3999.3,3999.4,3994.6,3996.9,884
1784285700,3997.1,3997.3,3994,3994.7,440
1784286000,3994.6,3997.8,3994.6,3996.1,507
1784286300,3996.1,3996.4,3993.7,3995.1,379
1784286600,3994.9,3996.9,3994.6,3995.4,454
1784286900,3995.4,3997.5,3993.6,3996.9,458
1784287200,3996.8,4000,3996.3,3997.5,581
1784287500,3997.5,3999.8,3996.9,3999.6,397
1784287800,3999.8,4000.4,3995.4,3996.6,417
1784288100,3996.4,3997.8,3995.1,3997.1,436
1784288400,3997.1,3998.7,3995.6,3995.8,444
1784288700,3995.8,4000.3,3995.1,3997.8,801
1784289000,3997.5,4002.9,3997,4002.6,552
1784289300,4002.8,4002.8,3997.5,3998.1,816
1784289600,3998,3999.7,3993.6,3993.9,912
1784289900,3993.6,3995.2,3991.8,3994.6,1346
1784290200,3994.3,3997.5,3992.8,3993,894
1784290500,3993.6,3995.9,3992.2,3995.4,593
1784290800,3995.1,3995.6,3987.5,3988.9,1890
1784291100,3989.2,3991.4,3987.9,3991,847
1784291400,3991,3991.7,3984.7,3985.2,1411
1784291700,3985.2,3986.7,3980.9,3981.2,1324
1784292000,3981.1,3981.9,3968.4,3973.3,5136
1784292300,3973.1,3976.9,3968.8,3971.2,2478
1784292600,3970.9,3975,3967.7,3972.9,2054
1784292900,3972.7,3976.6,3967.9,3969.7,2080
1784293200,3969.8,3979.5,3962.9,3977.7,6394
1784293500,3977.9,3978.4,3972.6,3973.1,1816
1784293800,3973.3,3975.3,3969.7,3974,1604
1784294100,3973.7,3976,3971,3974.5,1184
1784294400,3974.3,3978.7,3970.4,3973.1,1374
1784294700,3973.2,3977,3970.8,3971.9,1393
1784295000,3971.8,3976,3966.7,3969.4,3067
1784295300,3969.4,4007.6,3968.3,3997.6,8857
1784295600,3997.8,3998.2,3985.8,3988.8,4025
1784295900,3989,3994.5,3984.6,3993.5,2652
1784296200,3993.3,3998.2,3991.6,3992.8,2267
1784296500,3992.6,4001.6,3991.4,4000.9,2143
1784296800,4001,4004.5,3994.2,3998.6,2889
1784297100,3998.7,4005,3998.4,4000.5,2519
1784297400,4000.8,4005.1,3997.8,3999,1448
1784297700,3999,4005,3997.5,4001.2,1781
1784298000,4001.3,4008.9,4000.1,4007,2937
1784298300,4007.1,4008.5,4002.1,4003.1,2044
1784298600,4002.9,4003.1,3996.2,3998.6,1758
1784298900,3998.8,4004.1,3998.2,4001.8,1536
1784299200,4001.3,4003.1,3999.2,4002.2,835
1784299500,4002,4004.9,3998.8,3999.9,1387
1784299800,4000.1,4003.3,3997.5,3998.1,1198
1784300100,3998.3,4005.8,3997,4005.5,1428
1784300400,4005.5,4018.3,4001.9,4017.2,3960
1784300700,4017.1,4019,4007.5,4012.9,3268
1784301000,4012.8,4018.7,4007.6,4010.4,2054
1784301300,4010.3,4012.6,4008.9,4010,1273
1784301600,4009.8,4017,4008.8,4013,1453
1784301900,4013,4018,4010.7,4018,1488
1784302200,4018.1,4021,4013.7,4015.6,2746
1784302500,4015.7,4021.2,4014.6,4019,1346
1784302800,4019,4020.8,4016.4,4020.3,1143
1784303100,4020.4,4023.4,4018.5,4021.1,1375
1784303400,4021.1,4026.2,4021.1,4025.2,2120
1784303700,4025.3,4026.2,4022.1,4024.1,1218
1784304000,4024.3,4024.5,4015.7,4022.1,3549
1784304300,4022.1,4024,4019.2,4022.6,1032
1784304600,4022.7,4025.3,4022.5,4022.7,1050
1784304900,4022.8,4027,4022.6,4026.2,1041
1784305200,4026.2,4029,4022.9,4028.5,1200
1784305500,4028.7,4028.7,4021.9,4023.7,1184
1784305800,4023.8,4024.4,4020,4021,997
1784306100,4021,4021.9,4017.9,4018.5,900
1784306400,4018.8,4022.6,4017.3,4022.2,1078
1784306700,4022.2,4025.4,4021.1,4024.9,857
1784307000,4025,4025.6,4020.5,4020.9,930
1784307300,4020.9,4021.5,4019.3,4019.8,695
1784307600,4019.9,4024.1,4019.9,4022.2,716
1784307900,4022,4023.4,4021.2,4022.6,456
1784308200,4022.7,4023.5,4018,4018.3,843
1784308500,4018.2,4020.4,4017.4,4017.8,900
1784308800,4017.6,4020.5,4016.7,4019.3,810
1784309100,4019.6,4020.7,4018,4018.7,796
1784309400,4018.7,4019.4,4015.9,4017.1,568
1784309700,4017.1,4017.9,4014.8,4017,884
1784310000,4017.1,4017.1,4014.5,4015.9,568
1784310300,4015.7,4017.9,4015.1,4017.9,443
1784310600,4017.9,4018.1,4012.8,4014.3,877
1784310900,4014.2,4015.1,4013.2,4014.7,492
1784311200,4014.9,4016.3,4012.5,4014.8,761
1784311500,4014.9,4017.6,4014.3,4017.1,521
1784311800,4017.1,4018.1,4014.8,4015.6,432
1784312100,4015.6,4018.5,4014.1,4016.9,571
1784312400,4016.9,4018.4,4015.4,4017.1,533
1784312700,4017.3,4021.4,4016.6,4020.5,791
1784313000,4020.4,4021.4,4016.4,4018.4,976
1784313300,4018.3,4018.3,4016.5,4016.5,333
1784313600,4016.5,4016.8,4011.8,4013.3,821
1784313900,4012.9,4014.1,4011.4,4012.5,495
1784314200,4012.3,4015.3,4012,4015.3,420
1784314500,4015.3,4017.2,4014.7,4016.2,566
1784314800,4016.4,4016.4,4012.1,4012.9,944
1784315100,4013,4013.3,4009.7,4010.1,730
1784315400,4010.2,4010.9,4009,4010.7,534
1784315700,4010.6,4011.5,4009.1,4010.9,482
1784316000,4010.8,4010.9,4006.8,4007.2,584
1784316300,4007.3,4010.2,4007.1,4009.9,649
1784316600,4010.2,4012.1,4009.6,4010.8,648
1784316900,4010.8,4013.8,4010.3,4011.3,644
1784317200,4011.3,4014.9,4010.6,4014.8,536
1784317500,4014.8,4016.1,4013.9,4015.1,492
1784317800,4015.2,4020.4,4014.9,4020,784
1784318100,4020.1,4020.9,4019.2,4019.9,1051
1784318400,4020.1,4020.5,4017.1,4018.6,603
1784318700,4018.3,4018.5,4016.8,4018.1,336
1784319000,4018.1,4018.4,4016.6,4016.9,233
1784319300,4016.8,4017.3,4013.6,4013.8,460
1784319600,4014,4015.3,4013.4,4014.7,196
1784319900,4014.8,4016.2,4013.8,4015.5,222
1784320200,4015.6,4015.8,4013.3,4013.9,308
1784320500,4013.7,4015.6,4013.6,4015.1,204
1784320800,4015.1,4018.1,4014.8,4017.8,298
1784321100,4017.7,4021.6,4017.5,4020.1,651
1784321400,4020.3,4023.1,4019.7,4021,404
1784321700,4020.9,4023.3,4019.5,4023.1,476
1784498400,4006.4,4011.6,3998.1,4000.1,1984
1784498700,4000.6,4006.1,3996,4001.5,1105
1784499000,4001.5,4002,3999.9,4000.1,359
1784499300,4000,4003.7,3999.4,4003.2,698
1784499600,4003.2,4004.2,4000.6,4001.6,614
1784499900,4001.6,4001.6,3998.3,3998.8,517
1784500200,3998.3,4002.9,3996.8,4001.8,1017
1784500500,4001.6,4002.5,4000.1,4000.7,247
1784500800,4000.5,4003.3,4000.1,4000.4,419
1784501100,4000.4,4002.1,3999.3,4000.9,337
1784501400,4001,4001.9,4000.1,4000.9,269
1784501700,4000.4,4002.3,3998.3,3998.5,391
1784502000,3998.6,3999.3,3995.1,3998.5,865
1784502300,3998.6,3999.1,3996.8,3998.3,456
1784502600,3998.1,3998.4,3993.8,3994.5,664
1784502900,3994.7,3997.8,3994.4,3994.9,445
1784503200,3994.9,3997.3,3993.6,3996.7,475
1784503500,3996.8,3997.6,3995.5,3996.8,274
1784503800,3997,3998.5,3995.7,3997.7,545
1784504100,3997.8,3998.2,3994.3,3997.1,484
1784504400,3997.2,3997.4,3993,3996.1,784
1784504700,3996,3997.2,3993.1,3995.3,718
1784505000,3995.2,4000.3,3995.2,3997.1,913
1784505300,3997.2,3999.7,3996.6,3999.7,356
1784505600,3999.6,4000.2,3986.6,3991.3,2465
1784505900,3991.2,3996.5,3990.4,3992.4,1130
1784506200,3992.8,4003.2,3991.5,4000.1,2216
1784506500,4000.4,4005,3997.9,4004.4,1289
1784506800,4004.3,4010.2,4003.1,4006.8,1502
1784507100,4007.2,4009.8,4005.6,4008.5,743
1784507400,4008.4,4008.5,4002.7,4006.6,1074
1784507700,4006.4,4012.3,4004.1,4004.1,1227
1784508000,4004.3,4008.2,4002.8,4003.2,701
1784508300,4003.2,4007.4,4003.2,4004.2,769
1784508600,4004.2,4006.9,4002.8,4006.2,476
1784508900,4006.4,4014.7,4004.6,4012.9,1373
1784509200,4013,4021,4009.9,4018.6,3267
1784509500,4018.6,4021.8,4014.8,4021.2,1268
1784509800,4021.6,4025.9,4013.6,4014.4,1977
1784510100,4014.9,4014.9,4008.3,4009.1,1329
1784510400,4009,4009.5,4004.3,4005.6,1395
1784510700,4005.4,4009.6,4004.2,4007.4,876
1784511000,4007.6,4010.4,4006.9,4008.8,746
1784511300,4008.7,4009.4,4004.9,4006.3,464
1784511600,4006.5,4007.2,4000,4001.2,1037
1784511900,4001.3,4008.7,4001.3,4008.3,894
1784512200,4008.4,4008.4,4001.9,4003,539
1784512500,4003.1,4008.8,4002.6,4006.7,416
1784512800,4006.8,4015.5,4006.1,4012.8,1232
1784513100,4013.3,4013.5,4009.3,4012.1,819
1784513400,4012.1,4012.5,4009.7,4010.8,343
1784513700,4011.3,4011.6,4008.8,4009.2,251
1784514000,4009.6,4012.6,4009.6,4011.6,358
1784514300,4011.9,4013.6,4010.6,4011.2,381
1784514600,4011.3,4017.9,4010.5,4015.5,1121
1784514900,4015.2,4019.1,4015.1,4017.9,672
1784515200,4018,4021.1,4014.3,4019.7,847
1784515500,4020,4033.8,4018.9,4030,2691
1784515800,4029.9,4031.5,4025.8,4028,1291
1784516100,4027.8,4029,4026.2,4026.9,472
1784516400,4026.7,4027.7,4024.9,4025.7,541
1784516700,4026,4026.9,4023.3,4025.2,590
1784517000,4025.3,4029.4,4024.8,4028.8,472
1784517300,4028.8,4031.1,4028,4030.3,527
1784517600,4029.9,4031.7,4029.1,4030.4,445
1784517900,4030.6,4030.6,4026.6,4027.3,554
1784518200,4027.6,4029.8,4024,4025.2,747
1784518500,4025,4030.1,4023.6,4029.4,728
1784518800,4029.6,4032.7,4029,4031.8,550
1784519100,4032,4032.5,4030.8,4031,252
1784519400,4031.1,4032.3,4029.3,4029.5,372
1784519700,4029.4,4029.6,4027.7,4029,367
1784520000,4028.8,4031.4,4028.6,4030.3,409
1784520300,4030.5,4031,4028.5,4028.6,272
1784520600,4028.8,4029.4,4025.8,4026.1,408
1784520900,4026.1,4028,4025.9,4027.6,300
1784521200,4027.5,4028.8,4026,4026,317
1784521500,4026.1,4029.8,4025.9,4029.8,352
1784521800,4029.7,4029.7,4026.5,4028.2,434
1784522100,4028.3,4029,4026.9,4027.8,184
1784522400,4027.5,4028.3,4027,4027.7,199
1784522700,4027.5,4027.5,4024,4024.5,516
1784523000,4024.3,4026.3,4023.6,4025.1,482
1784523300,4025.3,4026.4,4022.4,4022.9,444
1784523600,4023,4025.2,4020.9,4022.2,596
1784523900,4022.2,4023.5,4019.7,4020.1,601
1784524200,4020.1,4020.3,4015,4017.8,1015
1784524500,4017.9,4019.1,4016.7,4017.6,340
1784524800,4017.6,4017.6,4015.1,4016.3,331
1784525100,4016.1,4017.6,4013.8,4014.6,784
1784525400,4014.9,4018.7,4013.8,4014.8,856
1784525700,4015,4015.1,4011.9,4014.3,634
1784526000,4014.1,4016.7,4012.8,4014,388
1784526300,4013.9,4014.5,4009.7,4009.8,576
1784526600,4010.1,4013,4009.5,4011.3,507
1784526900,4011.5,4014.8,4011.4,4012.7,462
1784527200,4012.6,4015.9,4012.6,4014.6,558
1784527500,4014.7,4016,4011.2,4013.8,454
1784527800,4013.8,4014.5,4011.1,4011.7,290
1784528100,4011.6,4013.9,4010.8,4013.1,315
1784528400,4013.2,4013.8,4011,4012.5,277
1784528700,4012.7,4013,4007.3,4008.8,718
1784529000,4009.1,4009.8,4006.7,4008.7,600
1784529300,4009,4009.3,4007.5,4009,244
1784529600,4009,4011.2,4008.3,4009,501
1784529900,4009.3,4011.9,4009.3,4010.8,275
1784530200,4010.6,4011.8,4007.1,4009.4,427
1784530500,4009.8,4010,4007.4,4008.2,254
1784530800,4008,4010.8,4006.2,4009.5,604
1784531100,4009.3,4011.4,4009.1,4010.1,329
1784531400,4009.1,4010.2,4007.4,4008.9,457
1784531700,4008.7,4009,4006.5,4008.1,197
1784532000,4008.1,4013.4,4007.4,4012.9,770
1784532300,4012.7,4012.7,4007.6,4011.5,692
1784532600,4011.3,4018.2,4011,4017.7,1463
1784532900,4017.8,4022.9,4017.8,4021,1283
1784533200,4021,4026,4020.9,4026,1121
1784533500,4026,4026.7,4021.1,4022.9,911
1784533800,4022.5,4023.5,4020.4,4022.4,315
1784534100,4021.9,4024,4021.7,4022.1,344
1784534400,4022.3,4030.6,4022.2,4028,1327
1784534700,4028,4028,4023.6,4024.5,486
1784535000,4024.6,4029.6,4023.9,4029.1,447
1784535300,4028.9,4033.1,4028.5,4030.1,1004
1784535600,4030.2,4035.8,4028,4034.3,966
1784535900,4034.1,4035.3,4026.8,4027.1,858
1784536200,4026.8,4027.2,4023.6,4026.3,868
1784536500,4026.6,4029.2,4024.7,4028.6,436
1784536800,4029,4029.6,4025.8,4026,361
1784537100,4026.5,4027.5,4024.6,4026.4,393
1784537400,4026.6,4026.7,4021.5,4023.3,502
1784537700,4023.5,4024.9,4022.8,4023.3,288
1784538000,4023.1,4024.8,4022.4,4022.8,221
1784538300,4022.9,4023.9,4019.3,4022,640
1784538600,4022.2,4025.2,4022.2,4023.2,358
1784538900,4023.5,4026.2,4023.3,4023.7,242
1784539200,4023.5,4025,4023.2,4024,240
1784539500,4023.8,4023.8,4019.7,4020.3,497
1784539800,4020.4,4023.4,4018.8,4022.9,705
1784540100,4022.9,4025.2,4022.4,4024.2,314
1784540400,4024.1,4025.4,4023.4,4023.6,209
1784540700,4023.5,4028,4021.9,4027.3,610
1784541000,4027.7,4027.7,4023.6,4025,423
1784541300,4025.2,4025.5,4023.5,4025.5,199
1784541600,4025.7,4025.9,4022.5,4024.6,331
1784541900,4024.9,4026.2,4023.9,4024.7,107
1784542200,4024.6,4026.1,4024.2,4025.2,172
1784542500,4025.1,4026,4023.2,4023.8,248
1784542800,4023.8,4027.4,4023.8,4026.1,322
1784543100,4025.8,4027.9,4025.5,4026.3,224
1784543400,4026.3,4029,4026,4027.3,314
1784543700,4027.3,4027.5,4025.9,4026.9,135
1784544000,4026.7,4027.9,4026.4,4026.8,131
1784544300,4027.1,4027.6,4025.6,4025.8,182
1784544600,4025.9,4030.5,4025.4,4029.4,392
1784544900,4029.7,4029.8,4027.2,4028.9,437
1784545200,4029,4032.1,4027.7,4029.3,844
1784545500,4029.1,4030.2,4027.3,4027.5,340
1784545800,4027.5,4027.6,4024.4,4026.9,411
1784546100,4027,4028.6,4026.1,4027.1,362
1784546400,4027.5,4027.5,4025.7,4026,184
1784546700,4026.1,4028.5,4024.3,4026.7,501
1784547000,4026.6,4046.1,4025.9,4042.2,5326
1784547300,4042.2,4043,4034.4,4037.5,1445
1784547600,4037.4,4038.5,4034.3,4037.4,887
1784547900,4037.4,4037.4,4031.5,4032.7,830
1784548200,4032.5,4033.8,4030.2,4032.7,832
1784548500,4032.5,4033.5,4029.8,4030.3,526
1784548800,4030.2,4030.3,4016.5,4018.9,3547
1784549100,4018.8,4022.1,4017.1,4020,957
1784549400,4020.4,4021.4,4015.5,4016.9,1087
1784549700,4016.7,4019.1,4012.8,4017.9,1766
1784550000,4017.8,4017.8,4010.6,4011.7,1428
1784550300,4011.5,4017.5,4010.8,4017.1,1102
1784550600,4017,4018.4,4015,4016.7,1042
1784550900,4017.2,4018.9,4015.5,4015.5,693
1784551200,4015.6,4015.8,4010,4014.1,1378
1784551500,4013.7,4019.9,4012.7,4016,1868
1784551800,4015.8,4016.3,4013,4013.4,706
1784552100,4013.4,4014.4,4012,4012.1,530
1784552400,4012.2,4017.9,4011.8,4016.6,1157
1784552700,4016.6,4017.1,4012.3,4012.5,521
1784553000,4012.4,4015,4011.9,4012.9,611
1784553300,4012.8,4015.7,4010.8,4014,793
1784553600,4014.2,4016.6,4013.2,4016.2,560
1784553900,4015.6,4016.8,4011.6,4012.3,752
1784554200,4013,4019.6,4012.2,4018,1585
1784554500,4018,4018.6,4012.7,4018.3,1247
1784554800,4018.4,4021.8,4016.5,4017.2,1603
1784555100,4017.2,4017.6,4012.8,4014.8,1055
1784555400,4015.1,4017.5,4010.9,4014,1664
1784555700,4013.9,4016.4,4009.3,4009.6,1419
1784556000,4009.5,4011.9,4004.6,4007.8,2798
1784556300,4008,4010,4004.3,4004.9,1207
1784556600,4004.8,4006.1,4001.9,4002.8,1831
1784556900,4002.6,4007.1,4002,4006.3,1082
1784557200,4005.9,4007,4002,4006.7,1024
1784557500,4006.5,4010.8,4006.5,4010.6,1359
1784557800,4010.7,4013.8,4009.7,4013.6,1274
1784558100,4013.8,4014.7,4011.1,4013.7,1050
1784558400,4013.8,4015.3,4011.2,4011.7,916
1784558700,4011.5,4018.8,4010.8,4017.2,1945
1784559000,4017.1,4017.8,4012.6,4012.6,1000
1784559300,4012.5,4012.5,4008.5,4010.2,1407
1784559600,4010.5,4015.4,4008,4013.7,1259
1784559900,4013.7,4023.9,4011,4023.9,2131
1784560200,4023.7,4023.7,4016.5,4018.7,1542
1784560500,4018.5,4019.9,4015.3,4016.6,833
1784560800,4016.1,4019.3,4015.5,4019.2,618
1784561100,4019.4,4021.1,4019,4021.1,614
1784561400,4021,4021.4,4016.8,4017.7,745
1784561700,4017.6,4018.9,4014.1,4015.7,857
1784562000,4015.5,4017.4,4014.5,4017.2,402
1784562300,4017.3,4019.6,4016.3,4019,542
1784562600,4019.1,4021,4018.6,4018.8,541
1784562900,4018.8,4019.5,4016.1,4016.2,508
1784563200,4016.3,4020.4,4015.2,4020,654
1784563500,4019.9,4022.8,4019.5,4021.8,822
1784563800,4022.1,4022.8,4017,4018.7,576
1784564100,4018.3,4019.1,4016.4,4017,452
1784564400,4017,4017.3,4016.1,4016.5,213
1784564700,4016.5,4018,4015.2,4016.9,470
1784565000,4017.2,4017.2,4013.5,4013.7,867
1784565300,4013.8,4016.7,4013.7,4016.3,464
1784565600,4016.3,4016.7,4000,4013.7,3215
1784565900,4013.5,4014.7,4011.2,4012.9,661
1784566200,4013.1,4013.4,4010.5,4012.5,609
1784566500,4012.2,4014.6,4011.5,4014.3,476
1784566800,4013.9,4016.5,4013.7,4015,768
1784567100,4015,4016.1,4014.3,4015.8,293
1784567400,4015.6,4016.2,4013.4,4014.4,367
1784567700,4014,4015.7,4012.8,4014.6,371
1784568000,4014.6,4017.2,4013.9,4015.4,375
1784568300,4015.2,4017,4014.8,4016.1,552
1784568600,4016.1,4017.2,4014.6,4016.1,191
1784568900,4016,4016.7,4013.8,4014.1,218
1784569200,4013.9,4014.6,4011.7,4012,451
1784569500,4011.9,4012.1,4009.6,4010,628
1784569800,4009.7,4010,4007.9,4008.7,533
1784570100,4008.6,4009.6,4007.6,4009.4,325
1784570400,4009.2,4013.2,4009.1,4011.9,580
1784570700,4011.6,4014.3,4011.5,4014.1,331
1784571000,4014,4015.3,4012.8,4013.3,321
1784571300,4013.3,4016.2,4011.8,4012.6,527
1784571600,4012.7,4013.1,4007.7,4009.5,998
1784571900,4009.4,4011.9,4008.6,4011.2,347
1784572200,4011.2,4011.4,4008.6,4009.2,457
1784572500,4009.2,4011.2,4009.2,4010.7,245
1784572800,4010.6,4011.9,4009.7,4011,266
1784573100,4010.7,4013.4,4009.5,4012.4,361
1784573400,4012,4013.4,4011.2,4011.9,283
1784573700,4012.3,4012.3,4010.4,4011.7,238
1784574000,4011.8,4012.6,4009.5,4010.6,317
1784574300,4010.5,4011.5,4009,4011.2,206
1784574600,4011.1,4012,4008.7,4009.1,271
1784574900,4009,4012.8,4008.7,4012.7,386
1784575200,4012.5,4015,4012.5,4012.7,396
1784575500,4012.5,4017.7,4011.3,4017.3,906
1784575800,4017.4,4022.4,4016.1,4017.8,1355
1784576100,4018,4018.4,4013.9,4015.3,569
1784576400,4015.2,4015.5,4009.3,4010,810
1784576700,4010.2,4013.8,4009.3,4013,595
1784577000,4012.7,4014.3,4011.8,4013.6,590
1784577300,4013.6,4013.6,4009.7,4010.9,624
1784577600,4011,4013.3,4010.6,4012.4,348
1784577900,4012.2,4013.1,4009.7,4010.1,156
1784578200,4010.1,4012.3,4009.9,4011.6,173
1784578500,4011.4,4012.1,4011,4011.2,123
1784578800,4011.4,4013.2,4011.4,4012.5,197
1784579100,4012.2,4013.1,4012,4012.1,171
1784579400,4012.4,4013.1,4011.3,4012.9,163
1784579700,4013,4013.8,4012.3,4012.8,159
1784580000,4013.1,4013.5,4012.3,4012.8,118
1784580300,4012.7,4013,4011.8,4011.9,274
1784580600,4012.1,4012.8,4011.6,4012.5,145
1784580900,4012.6,4013.2,4008.3,4011.7,461
1784584800,4010.6,4014.3,4010.6,4011.9,458
1784585100,4011.8,4011.8,4009.3,4009.9,303
1784585400,4010,4011.5,4009.6,4010.5,246
1784585700,4010.7,4011.1,4009.6,4010.7,145
1784586000,4010.5,4012,4008.5,4011.1,591
1784586300,4011.5,4014,4011,4013.2,601
1784586600,4012.9,4013,4010.3,4011.4,462
1784586900,4011.4,4012.3,4009,4011.5,515
1784587200,4011.4,4011.6,4006.5,4008,758
1784587500,4007.8,4012.2,4005.6,4005.9,702
1784587800,4005.6,4006.9,4003.6,4004.5,887
1784588100,4004.8,4006.5,4003.1,4003.7,744
1784588400,4003.9,4008.8,4003.5,4007.9,728
1784588700,4007.8,4013.4,4007.8,4012.3,926
1784589000,4012.3,4012.3,4004,4006.9,1407
1784589300,4006.9,4011.4,4006.9,4010.3,573
1784589600,4010.2,4010.8,4007.8,4009.3,431
1784589900,4008.8,4009.4,4007.5,4007.5,420
1784590200,4007.7,4012.1,4007.5,4010.3,545
1784590500,4010.2,4012,4008.9,4009.3,285
1784590800,4009.5,4012.8,4008.3,4012,675
1784591100,4011.8,4012.4,4008.7,4011.4,497
1784591400,4011.4,4012.5,4010.3,4012.3,352
1784591700,4012.3,4015.6,4011.6,4014.3,832
1784592000,4014.5,4014.8,4008.1,4009.5,1329
1784592300,4009.6,4012.8,4008.8,4012.1,711
1784592600,4012.5,4018,4011.1,4015.2,1100
1784592900,4015.3,4020.7,4012.3,4020.1,1382
1784593200,4019.9,4022,4017.4,4021.7,1191
1784593500,4021.6,4023.2,4018.9,4020,1044
1784593800,4019.5,4022.7,4018.7,4021.8,590
1784594100,4021.9,4026.7,4021.2,4023.5,1377
1784594400,4023.4,4028.7,4022.7,4026.9,1180
1784594700,4027,4029.6,4026.4,4029.1,951
1784595000,4029.1,4031.8,4027.9,4029.3,1208
1784595300,4029.1,4031.2,4027.5,4029.3,892
1784595600,4029.7,4030.6,4022.6,4027.8,2957
1784595900,4028.2,4033.9,4027.9,4032,1858
1784596200,4032.1,4034.7,4030.8,4033.6,1211
1784596500,4033.5,4041.2,4031.5,4038.8,2711
1784596800,4038.7,4038.9,4030.8,4032.5,1557
1784597100,4032.6,4036.4,4031.9,4032.9,1115
1784597400,4032.9,4035.5,4031.4,4034.9,1011
1784597700,4034.9,4035.3,4027.1,4028.1,1211
1784598000,4027.9,4030.7,4027.9,4028.6,810
1784598300,4028.5,4030.9,4026.5,4029.8,902
1784598600,4029.7,4032.5,4028.9,4032.1,616
1784598900,4032.1,4032.2,4025.4,4027.4,1000
1784599200,4027.5,4028.4,4025.9,4026.5,551
1784599500,4026.6,4030.6,4026.3,4029.9,663
1784599800,4030.2,4030.8,4027.5,4028.6,362
1784600100,4028.5,4029.8,4025.7,4026.7,350
1784600400,4026.5,4033.1,4026.2,4032.3,1117
1784600700,4032.3,4034.5,4029.8,4033,653
1784601000,4033.1,4037.1,4032.2,4035.1,1212
1784601300,4035.1,4050,4034.3,4041.9,4189
1784601600,4042.2,4045,4039.7,4040.3,1283
1784601900,4040.2,4041,4038.5,4038.7,639
1784602200,4038.8,4039.7,4035.6,4037.9,848
1784602500,4038.1,4042.9,4037.5,4042.5,895
1784602800,4042.3,4046.9,4042.3,4045.2,1253
1784603100,4045.1,4046.7,4042.7,4045.5,815
1784603400,4045.6,4046.2,4042.1,4042.6,627
1784603700,4042.6,4043.4,4041.3,4042.1,563
1784604000,4042,4046.6,4041.5,4046.4,656
1784604300,4046.6,4057,4045.9,4051.8,3090
1784604600,4052.1,4054,4048.9,4049.3,1016
1784604900,4049.5,4050.1,4047.5,4048.7,640
1784605200,4049,4049.1,4046.6,4046.7,387
1784605500,4046.7,4050.5,4046.5,4050.3,763
1784605800,4050.3,4051.6,4049,4050.4,539
1784606100,4050.1,4052.3,4050,4051.4,448
1784606400,4051.7,4054.8,4051.6,4052.5,917
1784606700,4052.7,4056.4,4051.8,4053.3,908
1784607000,4052.9,4053,4050.3,4050.7,586
1784607300,4050.9,4051.1,4048.2,4048.6,535
1784607600,4048.8,4051.5,4048.8,4049.5,537
1784607900,4049.7,4050,4048.3,4049.2,329
1784608200,4049.4,4050.8,4049,4050.3,359
1784608500,4050.4,4051.4,4049.8,4050.8,382
1784608800,4050.9,4052.4,4049.7,4051.8,433
1784609100,4051.8,4052.5,4050.5,4051.3,335
1784609400,4051.1,4052.2,4050.2,4051.9,358
1784609700,4052.1,4054.5,4051.4,4054.3,437
1784610000,4054.4,4055.3,4052.9,4053.2,545
1784610300,4053.2,4055.4,4051.2,4055.1,658
1784610600,4055.1,4056.9,4053.1,4056.7,727
1784610900,4056.5,4058.7,4053.7,4055.5,903
1784611200,4055.4,4056.5,4052.9,4056,533
1784611500,4056.1,4061.7,4055.9,4059.5,1276
1784611800,4059.5,4065.8,4059.5,4064.5,1632
1784612100,4064.4,4067,4063.7,4066.2,1159
1784612400,4066,4071.6,4065,4070.8,2104
1784612700,4071,4072.7,4068.5,4070.8,1331
1784613000,4070.7,4071.5,4066.8,4067.6,1063
1784613300,4067.7,4069.4,4065.9,4066.2,635
1784613600,4065.9,4071.2,4065.9,4069.5,1067
1784613900,4069.8,4072.3,4068.5,4072.3,719
1784614200,4072.3,4077,4071.3,4075.5,1577
1784614500,4076,4077.1,4072.6,4076.2,1173
1784614800,4076.3,4079,4074.2,4078,941
1784615100,4078.1,4078.6,4075.2,4076.8,751
1784615400,4077.1,4079.1,4076.2,4076.8,790
1784615700,4077.2,4080.9,4076.8,4078.5,1329
1784616000,4078.5,4085.3,4078.2,4081.6,1842
1784616300,4081.4,4088.4,4081.4,4087.1,1513
1784616600,4087.4,4087.6,4083.6,4084.6,830
1784616900,4084.7,4085.1,4082.8,4083,553
1784617200,4083.1,4084.6,4081.4,4082.1,1095
1784617500,4082.3,4082.5,4079.2,4079.4,791
1784617800,4079.3,4079.9,4075.4,4076.6,1039
1784618100,4076.8,4078,4075.4,4078,601
1784618400,4077.8,4077.8,4075.1,4075.2,551
1784618700,4075.3,4075.6,4072.7,4074.2,833
1784619000,4074,4078.4,4072.2,4078,1071
1784619300,4078,4080,4077.2,4077.5,735
1784619600,4077.4,4078.6,4075.9,4075.9,410
1784619900,4076.2,4077.1,4074.8,4076,480
1784620200,4076.2,4076.6,4075,4075.1,271
1784620500,4075.1,4076.4,4074.1,4076,534
1784620800,4075.6,4077.2,4070.5,4070.7,1317
1784621100,4071,4074.2,4070.2,4071.1,652
1784621400,4071,4073,4070.4,4072.7,307
1784621700,4072.6,4073.2,4070.6,4071.4,549
1784622000,4071.3,4071.3,4067.5,4068.4,765
1784622300,4068.7,4069.3,4067.4,4068.1,450
1784622600,4067.7,4069.7,4066.3,4067.1,845
1784622900,4067.2,4068.1,4065.2,4067,580
1784623200,4066.9,4068.6,4066.3,4066.6,387
1784623500,4066.7,4067.1,4063.3,4064.4,570
1784623800,4064.6,4068,4063.5,4065.8,760
1784624100,4065.6,4068.2,4064.6,4067.4,432
1784624400,4067.6,4071.4,4067.5,4070.8,922
1784624700,4070.5,4071.4,4068.3,4070.4,618
1784625000,4070.7,4070.8,4069.2,4069.9,257
1784625300,4069.9,4071.5,4069.3,4071,472
1784625600,4071,4072.8,4069.7,4071.4,863
1784625900,4071.4,4072.8,4066.9,4067.1,858
1784626200,4067.3,4070.1,4066.3,4067.7,900
1784626500,4067.7,4068.7,4066.3,4067,422
1784626800,4067.2,4067.4,4065.3,4067,386
1784627100,4066.8,4071.5,4066.6,4071.1,709
1784627400,4070.8,4074.4,4069.1,4073.7,1103
1784627700,4073.4,4073.8,4070.1,4070.5,498
1784628000,4070.3,4072.6,4068,4068.5,692
1784628300,4068.5,4068.6,4065.8,4066.2,605
1784628600,4066,4072.9,4065,4070.5,1176
1784628900,4070.9,4072.9,4069.3,4072.2,535
1784629200,4072,4073.7,4071.7,4072,420
1784629500,4072.1,4073.9,4070.9,4071.3,407
1784629800,4071.5,4073.3,4071.1,4073,334
1784630100,4072.8,4074.9,4072.5,4073.5,432
1784630400,4073.3,4073.5,4071.4,4071.5,321
1784630700,4071.7,4073.3,4067.4,4067.6,659
1784631000,4067.7,4070.8,4067.5,4069.6,485
1784631300,4069.4,4069.6,4067.1,4067.4,452
1784631600,4067.6,4068.1,4060.6,4061.4,1161
1784631900,4061.3,4063.4,4059.7,4060.7,838
1784632200,4060.6,4063.6,4060.4,4063.1,438
1784632500,4062.9,4064.1,4062.2,4062.2,388
1784632800,4062.3,4063.9,4060.6,4063.7,425
1784633100,4064,4064.9,4061.6,4062.6,501
1784633400,4062.7,4064.1,4062.1,4063.5,206
1784633700,4063.4,4066.2,4063.2,4064.7,728
1784634000,4064.8,4064.9,4060.1,4060.6,646
1784634300,4060.6,4062.6,4059,4062.5,656
1784634600,4062.5,4063.5,4060.3,4060.9,501
1784634900,4061.1,4061.6,4059.4,4060.3,318
1784635200,4060.5,4063.5,4060.1,4062.8,633
1784635500,4062.9,4065.7,4062.4,4063.1,749
1784635800,4062.9,4064.2,4060.9,4064.2,505
1784636100,4064.3,4065,4060.2,4063.5,809
1784636400,4063.6,4070.3,4062.1,4069.8,1399
1784636700,4069.7,4069.8,4065,4066,1263
1784637000,4066.3,4068.3,4063.4,4064.1,1172
1784637300,4063.9,4063.9,4058,4059.5,1970
1784637600,4059.3,4060.6,4055,4058.1,2486
1784637900,4058,4066.5,4057.5,4064.4,2067
1784638200,4064.2,4064.2,4059.5,4059.8,916
1784638500,4060,4060.5,4057,4058.1,1206
1784638800,4058.3,4064.8,4058.1,4061,1638
1784639100,4061.2,4064.7,4061.2,4061.7,755
1784639400,4061.8,4064.6,4060.9,4063.9,696
1784639700,4063.8,4066.1,4058.7,4060.1,1188
1784640000,4060.1,4061.6,4055.8,4056.5,1095
1784640300,4057,4058.7,4054.2,4054.8,1261
1784640600,4055.1,4061.7,4051.3,4060,3221
1784640900,4059.8,4061.7,4055.1,4056.9,1077
1784641200,4057,4057.8,4048.6,4050.5,2570
1784641500,4050.4,4054.7,4048.2,4054.5,2072
1784641800,4054.4,4057,4050.3,4056.4,1276
1784642100,4056.2,4057.8,4053.7,4057.3,1160
1784642400,4057.2,4061.1,4055.4,4060.7,1810
1784642700,4060.8,4064.2,4058.8,4059.5,1826
1784643000,4059.4,4070.8,4059.2,4070.5,3368
1784643300,4070.4,4072.6,4065.7,4068.9,2351
1784643600,4068.9,4070,4065.4,4069.8,1408
1784643900,4069.6,4074.2,4068.8,4073.9,1653
1784644200,4074,4078.9,4071.2,4071.6,2714
1784644500,4071.4,4072,4066.8,4069.1,1846
1784644800,4069.3,4072.8,4067.5,4072.1,1286
1784645100,4072.3,4075.6,4070.5,4074.2,1676
1784645400,4074.3,4075.3,4071,4073.7,1165
1784645700,4073.8,4075.9,4071.5,4073,1369
1784646000,4072.6,4075.4,4071.9,4072.7,1009
1784646300,4072.5,4075,4069.8,4073.4,1214
1784646600,4073.5,4078.2,4073.4,4077.7,1427
1784646900,4077.8,4083.1,4077.6,4081.5,2191
1784647200,4081.3,4083.9,4079.8,4082.7,1515
1784647500,4082.7,4082.8,4080.1,4081.4,598
1784647800,4081.3,4087.1,4080.4,4085.5,2291
1784648100,4085.4,4088,4083.3,4084.5,1244
1784648400,4084.6,4085,4079.6,4080.1,1447
1784648700,4080.2,4080.4,4075.9,4077.3,1594
1784649000,4077.3,4082.4,4077.3,4081,1135
1784649300,4080.9,4080.9,4077.9,4078.5,750
1784649600,4078.4,4082.3,4077.8,4082.2,718
1784649900,4082.1,4082.4,4080.7,4081.3,427
1784650200,4081.2,4083.5,4080.5,4082.7,515
1784650500,4082.7,4082.8,4081,4081.6,365
1784650800,4081.6,4082.4,4080.3,4082,520
1784651100,4081.9,4082.3,4078,4079.9,949
1784651400,4079.9,4080.7,4079,4080.3,397
1784651700,4080.2,4080.4,4075.3,4078.7,1401
1784652000,4078.4,4079.5,4075.6,4076.3,648
1784652300,4076.2,4076.9,4073.8,4076.4,1033
1784652600,4076.5,4077.7,4075.5,4077.2,463
1784652900,4077.3,4077.5,4075.3,4075.9,379
1784653200,4075.8,4076.5,4073.6,4074.5,625
1784653500,4074.6,4076.9,4074.2,4075.9,597
1784653800,4075.8,4076.9,4074.1,4074.9,398
1784654100,4074.8,4075.4,4073.3,4073.5,459
1784654400,4073.5,4076.3,4073.4,4075.8,401
1784654700,4075.6,4077.3,4075.4,4076.7,596
1784655000,4076.8,4076.8,4074,4074.7,538
1784655300,4074.5,4074.5,4073.4,4073.7,265
1784655600,4073.6,4073.8,4071.1,4072.6,743
1784655900,4072.4,4072.7,4071.1,4071.5,316
1784656200,4071.3,4072.4,4070.8,4072,269
1784656500,4071.9,4073,4070.9,4073,395
1784656800,4073,4074.1,4072.1,4072.2,642
1784657100,4072.2,4076.6,4071.8,4076,623
1784657400,4076.1,4076.5,4075.5,4076,311
1784657700,4075.7,4078.2,4075.4,4077.6,580
1784658000,4077.3,4086.1,4076.6,4085.5,1755
1784658300,4085.6,4092.2,4085.6,4088.4,2974
1784658600,4088.5,4090.4,4085.8,4089.6,1158
1784658900,4089,4090.8,4086.1,4087.3,696
1784659200,4087.4,4088.8,4086.3,4087.1,472
1784659500,4087,4087.3,4084.9,4085.5,661
1784659800,4085.5,4086.1,4083.8,4085.8,746
1784660100,4085.7,4088.3,4085.7,4087.1,487
1784660400,4087.1,4090.3,4087,4089.1,784
1784660700,4088.9,4090.3,4085.9,4085.9,661
1784661000,4085.8,4086.5,4084.4,4085.3,521
1784661300,4085.5,4088.6,4085.5,4088.1,574
1784661600,4088.3,4089.1,4086.7,4088.1,331
1784661900,4088.2,4089.9,4088.1,4088.7,382
1784662200,4088.9,4089.6,4087,4087.7,434
1784662500,4087.8,4087.9,4086,4086.7,370
1784662800,4086.5,4088.7,4086.4,4087.4,289
1784663100,4087.4,4089.4,4087,4088.7,356
1784663400,4088.6,4089.6,4087.2,4088.1,540
1784663700,4088.3,4089.6,4087.5,4088.6,714
1784664000,4088.8,4090.7,4087.5,4088.8,721
1784664300,4088.8,4090.6,4088,4089.3,274
1784664600,4089.5,4089.9,4087.4,4088.6,328
1784664900,4088.5,4088.7,4086.8,4088.2,243
1784665200,4088.1,4088.1,4085.6,4087.1,291
1784665500,4087.3,4087.5,4086.4,4086.8,167
1784665800,4087.1,4089.7,4087.1,4087.5,289
1784666100,4087.5,4087.8,4086.3,4086.3,225
1784666400,4086.5,4086.5,4084.6,4085.5,530
1784666700,4085.2,4085.4,4082.2,4082.4,713
1784667000,4082.8,4083.5,4081.6,4082.2,314
1784667300,4082,4082.6,4080.8,4081.6,356
1784671200,4082.9,4086.2,4081.1,4082.8,660
1784671500,4082.7,4084,4080.5,4082,381
1784671800,4082.2,4083.3,4081.4,4083.3,222
1784672100,4083.3,4085.2,4082.4,4084.3,384
1784672400,4084.6,4086.5,4084.2,4085,333
1784672700,4084.8,4087.3,4084.5,4086.8,334
1784673000,4086.8,4088.8,4086.4,4087.5,551
1784673300,4087.5,4089,4086.3,4088.4,299
1784673600,4088,4088.9,4087.4,4087.9,207
1784673900,4087.6,4088.2,4085,4085.1,578
1784674200,4085.2,4086.1,4081.8,4083.3,844
1784674500,4083.7,4085.3,4083.5,4084.4,387
1784674800,4084.4,4085.8,4083.2,4084.7,546
1784675100,4084.7,4086.2,4084.2,4085.3,283
1784675400,4085.3,4086.2,4084.2,4085.3,187
1784675700,4085.3,4086.7,4085,4086.3,201
1784676000,4086.5,4086.7,4085.4,4086.1,185
1784676300,4086.5,4086.6,4085.3,4085.3,235
1784676600,4085.4,4086,4084.4,4084.9,250
1784676900,4084.8,4086.6,4084.2,4086.3,272
1784677200,4086.3,4086.6,4083.3,4084.7,448
1784677500,4084.9,4087.4,4083.9,4085.5,460
1784677800,4085.6,4085.7,4084.6,4084.7,109
1784678100,4085,4085.6,4083.3,4085.1,237
1784678400,4085.3,4087.4,4081.1,4087.4,1181
1784678700,4087.5,4095,4085.9,4093,2432
1784679000,4092.4,4097.5,4092.3,4096.7,1511
1784679300,4096.9,4102.8,4096.9,4100.4,2142
1784679600,4100.2,4103.3,4097.3,4101.9,1498
1784679900,4102.1,4103.7,4101.1,4102.8,875
1784680200,4103,4107.3,4094.5,4096.2,3110
1784680500,4095.7,4102,4094.2,4099.4,1488
1784680800,4099.3,4099.9,4096.2,4097.5,846
1784681100,4097.4,4104.3,4095.8,4101.3,1231
1784681400,4101.3,4102,4098,4098.6,680
1784681700,4098.5,4102.4,4097.4,4102.3,703
1784682000,4102.3,4118.2,4100.4,4115,4721
1784682300,4115.1,4122.2,4114.4,4120.3,2754
1784682600,4120.3,4126.1,4118.1,4125.8,2354
1784682900,4125.7,4126.5,4116.6,4117.4,2299
1784683200,4117.2,4120.5,4115.7,4116.9,1175
1784683500,4116.5,4121.3,4116.5,4120,942
1784683800,4120,4121.9,4117.3,4121.2,1058
1784684100,4121.4,4126.2,4119.3,4124.2,1603
1784684400,4124.3,4127.4,4122.4,4125.9,1380
1784684700,4126.3,4128.6,4123.3,4124.4,1298
1784685000,4124.2,4125.7,4122.8,4124.3,759
1784685300,4124,4127.5,4121.9,4126.5,1073
1784685600,4126.5,4127.2,4123.8,4126,828
1784685900,4126.4,4126.5,4122.8,4125.7,601
1784686200,4125.8,4128.6,4124.7,4126.3,621
1784686500,4126.5,4129.9,4124.2,4124.9,1040
1784686800,4125,4130.4,4124.8,4129.1,954
1784687100,4129.4,4130.7,4128.3,4128.7,592
1784687400,4128.6,4134.8,4126.6,4134.6,2173
1784687700,4134.8,4134.8,4128.7,4129.1,1277
1784688000,4129.2,4133.7,4128.8,4132.9,911
1784688300,4132.8,4135.4,4132,4132.7,1037
1784688600,4133,4133.8,4130.6,4132.9,738
1784688900,4133.1,4135.2,4131,4134.8,554
1784689200,4134.9,4138,4133.7,4137.9,1324
1784689500,4137.9,4145,4136.8,4141.9,2870
1784689800,4141.8,4142.8,4139.5,4141.8,945
1784690100,4141.7,4144.1,4141.1,4143.5,760
1784690400,4143.4,4146.2,4142.6,4143.4,1044
1784690700,4143.5,4144.2,4141.3,4142.7,813
1784691000,4142.7,4142.7,4138.7,4139.4,999
1784691300,4139.6,4140,4136.8,4138.2,983
1784691600,4137.9,4138.7,4136.6,4137.9,629
1784691900,4137.8,4138.8,4136.8,4137.1,515
1784692200,4137.1,4137.3,4135.1,4135.4,820
1784692500,4135.4,4136.3,4134.1,4135.3,615
1784692800,4135.2,4135.6,4131.4,4132.8,1315
1784693100,4133.1,4135.2,4132.4,4132.8,681
1784693400,4132.8,4133.3,4131,4131.7,700
1784693700,4131.8,4134.4,4131.8,4132.9,521
1784694000,4132.7,4134.2,4132.1,4133.4,394
1784694300,4133.4,4133.8,4132.2,4133.5,282
1784694600,4133.6,4133.7,4129.3,4131.2,951
1784694900,4131.2,4131.7,4129.6,4131,480
1784695200,4131.1,4132.3,4131.1,4132.1,259
1784695500,4131.9,4132.3,4129.9,4130.9,307
1784695800,4130.9,4131.5,4129.9,4130.8,240
1784696100,4130.6,4132,4130.3,4131.6,265
1784696400,4131.6,4134.1,4130.3,4133.1,747
1784696700,4133.1,4133.7,4131.2,4131.8,550
1784697000,4131.9,4134.9,4131.6,4133.2,510
1784697300,4133.4,4133.5,4127,4128.6,1159
1784697600,4128.7,4129.4,4127.8,4128.8,464
1784697900,4129.1,4130.8,4127.9,4128.2,631
1784698200,4128.1,4133.6,4127.4,4132.1,1251
1784698500,4132.1,4138.7,4131.7,4136.7,1319
1784698800,4137.2,4137.7,4134.5,4136.8,777
1784699100,4136.6,4137.8,4134.8,4137,654
1784699400,4136.5,4137.7,4133.4,4134.2,480
1784699700,4134.3,4136.1,4132.5,4135.5,618
1784700000,4135.4,4140.1,4135.3,4139,794
1784700300,4138.7,4138.8,4134.8,4135.2,665
1784700600,4135,4136.7,4133.7,4134,418
1784700900,4134.4,4136.4,4133.6,4134.7,588
1784701200,4135,4135.2,4128.4,4129.7,1114
1784701500,4129.5,4129.7,4118.4,4121.7,2555
1784701800,4122,4123.9,4118.9,4123.7,1161
1784702100,4123.7,4124.8,4120.6,4121.6,800
1784702400,4121.4,4124.5,4121,4123,493
1784702700,4122.8,4125,4121,4121.8,733
1784703000,4121.6,4121.7,4118.1,4120.7,1071
1784703300,4120.5,4121.3,4117.8,4120.9,767
1784703600,4120.8,4121.7,4116,4117.1,959
1784703900,4117.2,4119.9,4116.6,4117.7,902
1784704200,4117.3,4120.8,4116.5,4120.5,550
1784704500,4120.8,4124.1,4120.5,4123.3,906
1784704800,4123.4,4127,4122.3,4122.4,847
1784705100,4122.2,4124.4,4121.9,4124.1,370
1784705400,4124,4127.4,4122.5,4123.1,613
1784705700,4122.5,4122.8,4119.3,4119.3,682
1784706000,4119.4,4119.7,4115.4,4116.6,916
1784706300,4117.1,4118.2,4114,4114.6,1126
1784706600,4114.3,4118.3,4113.7,4118.3,619
1784706900,4118.4,4118.5,4113.3,4114.8,774
1784707200,4115,4119.7,4114.9,4119.3,605
1784707500,4119.3,4120.5,4118,4119.2,563
1784707800,4119.1,4120.3,4116.8,4118.8,571
1784708100,4119,4120.4,4117.7,4119.2,478
1784708400,4119.5,4122.4,4119.2,4121.5,731
1784708700,4121.2,4122.2,4119.8,4121.9,387
1784709000,4121.9,4124.2,4120.9,4122.3,769
1784709300,4122.6,4123.1,4120.9,4121.2,391
1784709600,4120.9,4121.7,4118.5,4118.9,531
1784709900,4119.1,4120.8,4117.6,4119.1,431
1784710200,4119,4122.1,4118.2,4122,492
1784710500,4122,4125,4121.5,4122.6,981
1784710800,4122.6,4125,4122,4124,775
1784711100,4124.2,4126.6,4122.2,4124.5,750
1784711400,4124.2,4126.3,4123.7,4125.8,445
1784711700,4126.1,4126.6,4123.7,4126.5,411
1784712000,4126.3,4126.5,4123.2,4124.8,545
1784712300,4124.9,4125.5,4121.8,4122.7,731
1784712600,4122.9,4125.9,4120.2,4121.8,874
1784712900,4121.7,4123.1,4118.4,4118.7,608
1784713200,4118.6,4123.7,4118.4,4120.3,532
1784713500,4120.2,4121.8,4119.8,4121.2,219
1784713800,4121.2,4121.8,4117.1,4119.3,442
1784714100,4119.5,4122.1,4118.5,4119.2,400
1784714400,4119.3,4124.5,4119.2,4120.8,795
1784714700,4120.8,4122.4,4120.4,4120.7,193
1784715000,4120.7,4122.5,4120.7,4121.7,243
1784715300,4122,4123.4,4120.6,4122.1,543
1784715600,4122,4126.2,4122,4125.5,502
1784715900,4126,4126.1,4123.2,4123.7,360
1784716200,4123.6,4124.2,4121.9,4123,241
1784716500,4123.1,4123.2,4120.3,4121.2,290
1784716800,4121,4122,4119.9,4121.4,317
1784717100,4120.8,4123.2,4120.5,4123,183
1784717400,4123.2,4124.5,4122.4,4122.7,227
1784717700,4122.3,4122.6,4120.4,4121.3,256
1784718000,4122,4122.6,4119.3,4121.3,390
1784718300,4121.2,4123.7,4120.4,4123.2,335
1784718600,4123.2,4125.8,4122.3,4123.5,540
1784718900,4123.4,4127.8,4123.1,4125.5,697
1784719200,4125.3,4127.3,4124.8,4125,420
1784719500,4125,4125.4,4122.1,4123,387
1784719800,4123,4126,4122.7,4124.8,327
1784720100,4124.6,4124.6,4121.6,4123.1,276
1784720400,4123.3,4123.7,4117,4119.9,1953
1784720700,4119.4,4125.2,4119.2,4125.2,584
1784721000,4125,4126.3,4122.7,4124.4,729
1784721300,4124.7,4127.8,4124.1,4127.1,633
1784721600,4127.5,4131.5,4126.4,4130,1714
1784721900,4129.9,4132.1,4127.4,4129.4,1043
1784722200,4129.7,4132.5,4128.2,4131.8,767
1784722500,4132.4,4132.6,4129.7,4130.8,830
1784722800,4130.7,4135.2,4130.2,4134.3,1525
1784723100,4134.6,4138.3,4133.3,4137.6,1343
1784723400,4137.7,4139.5,4132.4,4132.5,1675
1784723700,4132.7,4133.1,4129.3,4131.8,1170
1784724000,4131.9,4133.4,4130.3,4132.1,689
1784724300,4132.1,4132.3,4123,4123.2,1752
1784724600,4123.4,4124.2,4121.1,4122.4,1019
1784724900,4122.5,4122.8,4110.5,4117.2,3348
1784725200,4117.5,4124.5,4116.7,4123.5,2109
1784725500,4123.4,4125.8,4121.5,4125.5,812
1784725800,4125.6,4130.3,4124.7,4129.9,1380
1784726100,4129.8,4136,4129.1,4135.4,1542
1784726400,4135.3,4138.7,4132.9,4138.4,1783
1784726700,4138.3,4140,4136,4136.5,1765
1784727000,4136.7,4152.1,4136.7,4147.3,6361
1784727300,4147.1,4151,4143.5,4149.6,2657
1784727600,4149.4,4151.4,4145.7,4147.7,1885
1784727900,4148.1,4156.5,4147.8,4151.7,3110
1784728200,4152.1,4153.3,4149,4150.5,1949
1784728500,4150.8,4161.3,4149.7,4160.2,2853
1784728800,4160.1,4168.9,4158.7,4162,4358
1784729100,4162,4164.3,4158.8,4161.7,2710
1784729400,4162,4164.3,4160.5,4161.7,1301
1784729700,4161.7,4161.7,4153.2,4154.1,3139
1784730000,4153.7,4157.7,4153.2,4154.6,1533
1784730300,4155,4155.2,4149.2,4151.2,1681
1784730600,4151.2,4157.5,4150.7,4155.4,1672
1784730900,4155.6,4157,4153.6,4157,1052
1784731200,4157,4158,4152.3,4155.6,1589
1784731500,4155.5,4158,4150.5,4153,1181
1784731800,4153.1,4153.7,4151,4152.5,638
1784732100,4152.8,4154.9,4148.6,4153.3,1382
1784732400,4153.2,4160,4153.1,4159.6,1378
1784732700,4159.5,4161.4,4158.6,4159.9,1357
1784733000,4159.4,4163.4,4158.8,4162.6,1205
1784733300,4162.4,4162.6,4158,4159.9,1609
1784733600,4160,4166.5,4159.1,4164.8,1584
1784733900,4164.8,4165.5,4161.4,4162.2,867
1784734200,4162.3,4163.8,4161.1,4162.1,785
1784734500,4162,4164.2,4160.6,4162.4,655
1784734800,4162.5,4166.2,4162.2,4165,1076
1784735100,4165,4170.5,4163.5,4169.6,1660
1784735400,4169.5,4171.3,4167.3,4167.4,1962
1784735700,4167.4,4167.5,4163.2,4164.3,1802
1784736000,4164.3,4164.4,4160.9,4161.7,1225
1784736300,4162,4164.3,4161.1,4161.6,657
1784736600,4161.7,4161.7,4158,4159.4,1393
1784736900,4159.5,4160.4,4155.8,4159.9,1283
1784737200,4159.9,4160.6,4157,4157.3,652
1784737500,4157.5,4157.6,4153.2,4154.5,1874
1784737800,4154.6,4156.1,4151.7,4151.9,1502
1784738100,4151.9,4154.9,4150,4153.9,1897
1784738400,4154.1,4157.1,4152.1,4153,1235
1784738700,4152.6,4154.4,4151.4,4152.6,852
1784739000,4152.8,4153.2,4150.1,4152.7,715
1784739300,4152.3,4155,4151.6,4152.5,704
1784739600,4152.8,4153.7,4150.2,4153.1,764
1784739900,4153,4153.3,4148.7,4150.2,993
1784740200,4150,4151.7,4148.9,4151.2,608
1784740500,4151.1,4151.8,4148.5,4149,764
1784740800,4148.8,4151.4,4148.5,4149.3,739
1784741100,4149.3,4152.9,4148.9,4151.9,839
1784741400,4151.5,4153.3,4149.8,4150.5,759
1784741700,4150.5,4151.6,4144.6,4145,1609
1784742000,4144.8,4147.1,4144,4146.2,833
1784742300,4146.2,4149,4146,4148.9,581
1784742600,4149,4149.4,4147.9,4148.2,405
1784742900,4148,4149,4146.5,4147.9,505
1784743200,4147.9,4148.6,4142.1,4143.3,1776
1784743500,4143.2,4147.1,4142.7,4144.9,729
1784743800,4144.8,4146.2,4143,4143.5,485
1784744100,4143.4,4144.6,4142.1,4144.2,615
1784744400,4144,4145.1,4140.6,4142,1035
1784744700,4141.9,4142.2,4140.1,4140.7,472
1784745000,4140.9,4141.1,4137.5,4138.2,1600
1784745300,4138.3,4141.6,4137.9,4141.1,683
1784745600,4141,4141.7,4139.1,4141.4,519
1784745900,4141.2,4143.6,4140.6,4142.8,772
1784746200,4142.8,4144.4,4142.7,4143,431
1784746500,4142.9,4143.7,4141.2,4141.5,487
1784746800,4141.6,4141.6,4138,4140.5,733
1784747100,4140.6,4142.8,4140.4,4141.1,436
1784747400,4141.2,4141.2,4139.5,4139.6,329
1784747700,4139.5,4141,4138.7,4140,330
1784748000,4139.9,4140.5,4137,4139.6,631
1784748300,4139.8,4140.8,4138,4139.9,506
1784748600,4139.7,4141.7,4137.9,4141.1,644
1784748900,4141,4141.5,4138.9,4139.8,420
1784749200,4139.6,4141.3,4138.8,4139.5,362
1784749500,4139.3,4140.3,4138.4,4140,575
1784749800,4140.3,4140.5,4133.8,4135.6,1680
1784750100,4135.7,4137.9,4134.8,4136.6,867
1784750400,4136.6,4140.1,4135.3,4135.8,895
1784750700,4135.8,4139.2,4135.3,4138.4,424
1784751000,4138.4,4140.5,4136.5,4139.3,343
1784751300,4139.3,4141.3,4138.8,4140.2,335
1784751600,4140.3,4141.7,4139.8,4141.5,228
1784751900,4141.5,4142.7,4141.2,4141.7,338
1784752200,4141.6,4142.3,4140.2,4140.3,292
1784752500,4140.2,4140.4,4138.1,4139.9,282
1784752800,4139.6,4140.4,4135.7,4136,392
1784753100,4135.8,4136.6,4133.2,4135.2,659
1784753400,4135,4135.3,4133.1,4134,269
1784753700,4134.3,4135.4,4133.7,4134.9,277
1784757600,4132,4132,4073.6,4123.6,3452
1784757900,4123.6,4129,4122.5,4126.3,760
1784758200,4126.3,4126.7,4123.5,4126.7,454
1784758500,4126.9,4128.3,4123.5,4127.2,924
1784758800,4127,4128.8,4125,4125.9,788
1784759100,4125.9,4132.3,4125.6,4131.8,1241
1784759400,4131.8,4133.2,4127.9,4128.2,898
1784759700,4128.2,4130.9,4127,4128.3,844
1784760000,4128.3,4128.8,4122.7,4124,1060
1784760300,4124,4128.5,4123.3,4127.4,651
1784760600,4127.4,4129.1,4123.9,4127,747
1784760900,4126.6,4129.8,4123.8,4124.9,1077
1784761200,4125,4126.5,4120.3,4121.8,1734
1784761500,4122,4122.5,4119.1,4120.9,676
1784761800,4120.9,4127.4,4119.2,4126.1,1070
1784762100,4126.2,4126.6,4122.5,4123,592
1784762400,4123.1,4124.8,4122.1,4123.3,319
1784762700,4123.3,4125.2,4121.5,4122.8,700
1784763000,4122.5,4125.8,4121.6,4123.1,348
1784763300,4122.9,4126.2,4122.4,4124.1,509
1784763600,4124.1,4127.1,4123.7,4126.2,410
1784763900,4125.9,4134.9,4125.5,4132.5,1541
1784764200,4132.6,4134.5,4131.3,4134.4,771
1784764500,4134.1,4137.6,4133.5,4136.3,1020
1784764800,4136.3,4137.4,4131.2,4133.8,1363
1784765100,4133.7,4134.1,4129.8,4131.9,606
1784765400,4131.7,4132,4128.7,4129.7,555
1784765700,4129.8,4132.2,4129.6,4131.4,507
1784766000,4131.5,4136.1,4130.5,4136.1,763
1784766300,4136,4138.8,4131.8,4132.1,1030
1784766600,4132.2,4135,4131,4133.2,638
1784766900,4133.4,4135.5,4130.6,4131.5,703
1784767200,4131.2,4132.4,4130,4130.8,521
1784767500,4130.7,4133.4,4129.9,4130.2,585
1784767800,4130.4,4132.7,4128.1,4132.3,894
1784768100,4132.3,4136.9,4130.8,4135.3,1000
1784768400,4135.2,4142.7,4133.1,4136.3,3644
1784768700,4136.5,4138,4133.1,4136.7,834
1784769000,4136.8,4140.2,4135,4137.4,1204
1784769300,4137.5,4140.9,4136.6,4138.7,921
1784769600,4138.8,4143.8,4137.7,4140.7,1201
1784769900,4140.7,4144,4139,4139.8,1060
1784770200,4140.3,4142.2,4131.5,4135.9,2157
1784770500,4136.1,4136.4,4125,4125.6,2253
1784770800,4125.5,4130.4,4123.2,4124.2,1107
1784771100,4124.4,4126.5,4120,4124.3,1551
1784771400,4123.8,4125.2,4120.6,4121.3,958
1784771700,4121.1,4121.8,4116.7,4120.3,1813
1784772000,4120.3,4121.7,4115.4,4116.5,1377
1784772300,4116.5,4119.5,4114.3,4116.7,1256
1784772600,4116.3,4121,4116.3,4119.7,773
1784772900,4120.2,4120.5,4115.6,4117.4,937
1784773200,4117.3,4119.5,4116.2,4118.7,595
1784773500,4118.7,4119.4,4116.5,4118.2,507
1784773800,4118.4,4121.8,4115.8,4119,1316
1784774100,4118.9,4121.3,4116.9,4121.3,523
1784774400,4121.2,4124.8,4120.3,4124.6,1073
1784774700,4124.8,4128.1,4124.7,4125.3,1094
1784775000,4125.2,4131.1,4123.8,4128,1048
1784775300,4128,4131.3,4127.5,4130.7,405
1784775600,4130.8,4132,4128.5,4128.7,593
1784775900,4128.6,4130.3,4126.8,4127.5,764
1784776200,4127.5,4130,4126.6,4129.8,471
1784776500,4129.8,4133.7,4129.2,4133.5,790
1784776800,4133.5,4135.5,4133.1,4134.7,630
1784777100,4134.8,4134.9,4131.9,4132.7,535
1784777400,4132.8,4132.9,4130.7,4132.7,372
1784777700,4132.6,4133.9,4131.1,4132,295
1784778000,4132.1,4133,4128.5,4131.6,658
1784778300,4131.4,4131.4,4127.7,4128.2,370
1784778600,4128.1,4128.8,4127.6,4128.5,273
1784778900,4128.5,4128.8,4126.4,4127.2,369
1784779200,4127.3,4127.8,4125,4126.1,450
1784779500,4126.1,4128.4,4124.9,4127.9,503
1784779800,4127.6,4130.5,4126.5,4130.5,392
1784780100,4130.5,4131,4127.5,4127.9,512
1784780400,4128,4131.9,4128,4130.4,332
1784780700,4130.5,4132.4,4129.5,4132.4,376
1784781000,4132.3,4132.8,4128.1,4129.6,545
1784781300,4129.6,4130.1,4128.1,4128.3,236
1784781600,4128.2,4128.3,4125.6,4125.6,475
1784781900,4125.6,4126.8,4123.1,4124.3,573
1784782200,4124.4,4125.3,4122.6,4123.2,337
1784782500,4123.5,4124.2,4122.4,4123.7,308
1784782800,4123.8,4125.2,4121.8,4123,567
1784783100,4123,4126.9,4123,4126.8,345
1784783400,4126.8,4127.6,4125.8,4127.3,315
1784783700,4126.8,4127,4123.6,4124.2,373
1784784000,4124.3,4125.5,4122.3,4124,303
1784784300,4123.8,4128.7,4123.7,4128.2,440
1784784600,4128.5,4131.2,4125.9,4130.4,1058
1784784900,4130.5,4131.4,4128.9,4128.9,376
1784785200,4128.8,4130.6,4127.4,4130.6,381
1784785500,4130.4,4133.3,4128.8,4129.4,616
1784785800,4129.5,4130.1,4126.8,4128,340
1784786100,4128.1,4128.1,4123.5,4126.8,711
1784786400,4126.8,4131,4126.2,4126.8,726
1784786700,4126.9,4127.8,4124,4125.6,445
1784787000,4125.4,4127.4,4124.6,4126.2,177
1784787300,4125.8,4130.8,4125.4,4129.8,431
1784787600,4129.7,4130.2,4126.1,4127.8,330
1784787900,4127.8,4127.8,4124,4124.6,389
1784788200,4125,4125.9,4123.3,4124.9,379
1784788500,4125,4127.2,4123.6,4123.7,420
1784788800,4123.5,4124.1,4119.4,4122.7,973
1784789100,4122.6,4125.3,4121.9,4124.6,465
1784789400,4124.4,4125,4122.5,4123.1,304
1784789700,4123.1,4123.4,4120.7,4121.5,374
1784790000,4121.4,4122.3,4116.5,4118,1069
1784790300,4118.3,4119.3,4112.4,4113.3,1026
1784790600,4113.3,4113.5,4104.8,4109.7,1893
1784790900,4109.5,4114.8,4109.4,4112.3,1360
1784791200,4112.4,4112.7,4107.9,4108.1,769
1784791500,4108.4,4113.3,4108.3,4111.3,673
1784791800,4111.4,4111.5,4104.7,4107.8,909
1784792100,4108,4108.7,4102.2,4103.7,1219
1784792400,4103.5,4105,4094.2,4098.6,1706
1784792700,4098.7,4099.8,4094.1,4096.2,1166
1784793000,4096,4098.3,4093.2,4096.6,1083
1784793300,4096.7,4100,4095.4,4098.3,1087
1784793600,4098.3,4100.5,4093.1,4096.2,1204
1784793900,4096,4099.3,4095.4,4099.1,779
1784794200,4099.3,4100.9,4092.5,4094.4,1087
1784794500,4094.5,4095.3,4092.3,4092.7,559
1784794800,4092.5,4094.3,4091,4093.3,768
1784795100,4093.4,4094.9,4091.4,4094.6,514
1784795400,4094.1,4096.4,4092.5,4095.7,612
1784795700,4095.5,4096.8,4093.6,4094.9,526
1784796000,4095.2,4095.8,4090.4,4095.1,855
1784796300,4095.2,4095.2,4089.3,4092.3,783
1784796600,4092.2,4095.9,4090.8,4095.7,424
1784796900,4095.9,4097.6,4095.4,4096,577
1784797200,4096,4102.2,4095.2,4102,1298
1784797500,4101.8,4101.8,4099.3,4099.7,703
1784797800,4099.7,4101.3,4097.1,4097.7,402
1784798100,4097.3,4099.6,4096.6,4099.3,514
1784798400,4099.5,4099.5,4095.6,4095.9,597
1784798700,4096,4096.9,4092.2,4094.1,655
1784799000,4094.2,4095.2,4091.3,4095.1,966
1784799300,4094.7,4095.8,4093.9,4095,371
1784799600,4095,4096.5,4093.4,4094.9,299
1784799900,4095,4097.5,4094.6,4096.4,437
1784800200,4096.3,4097.2,4092.8,4095.9,610
1784800500,4096.3,4096.3,4091.5,4093.1,519
1784800800,4093.1,4094.7,4090.8,4093.6,597
1784801100,4094.1,4094.5,4090.8,4092,345
1784801400,4091.8,4094.5,4091.4,4093.9,270
1784801700,4094,4095.9,4091.9,4091.9,370
1784802000,4091.7,4092.4,4089.1,4090.6,711
1784802300,4090.7,4093.7,4090.7,4093.4,287
1784802600,4093,4096.3,4089.7,4090.4,795
1784802900,4090.6,4093.5,4089.9,4093.2,333
1784803200,4093,4093,4090.7,4092.6,341
1784803500,4092.2,4096.8,4090.3,4096.7,414
1784803800,4096.6,4097.8,4094.9,4097.5,828
1784804100,4097.1,4098.6,4095.2,4096.4,453
1784804400,4096.5,4097.1,4093.9,4095,454
1784804700,4095.4,4095.4,4091.6,4091.6,496
1784805000,4091.7,4093.2,4090.1,4090.9,502
1784805300,4091,4092.5,4087.3,4088.9,1080
1784805600,4088.8,4090,4083.9,4087.2,1239
1784805900,4086.9,4088.2,4084.4,4087.2,811
1784806200,4087.4,4087.4,4082.4,4083.9,1233
1784806500,4083.6,4086.3,4082,4082.2,867
1784806800,4082.2,4082.5,4075.8,4081.5,2132
1784807100,4081.3,4085.2,4080.6,4084.8,1074
1784807400,4084.5,4092.5,4084.5,4087.5,1786
1784807700,4087.5,4089.5,4086.1,4088.7,572
1784808000,4088.5,4089.1,4085,4086.4,716
1784808300,4086.3,4088.7,4084.6,4085.9,666
1784808600,4086.1,4088.2,4083.7,4084.2,641
1784808900,4084.3,4086.2,4075,4080.9,3110
1784809200,4080.8,4081.4,4072.6,4074.6,2076
1784809500,4074.3,4079.9,4073.7,4076.8,1136
1784809800,4076.6,4077.9,4070.2,4077.6,2563
1784810100,4077.4,4077.6,4066.5,4075.9,2633
1784810400,4075.4,4075.7,4068.4,4071.5,1753
1784810700,4071.7,4072,4065.5,4068.9,2326
1784811000,4068.6,4070.9,4063.9,4066.8,1600
1784811300,4067,4069.5,4063.6,4064.5,1242
1784811600,4064.2,4066.4,4056.8,4058.2,3710
1784811900,4058.1,4059.7,4046.8,4049.7,5500
1784812200,4049.6,4049.8,4042.6,4043.3,4057
1784812500,4043.1,4052,4042.8,4051.4,2892
1784812800,4051,4057,4050.7,4053.7,2323
1784813100,4054,4061.5,4054,4061.1,2023
1784813400,4060.9,4070.6,4060.7,4066.3,4347
1784813700,4066.1,4067.5,4058.4,4059.6,2305
1784814000,4059.8,4065.5,4058.1,4059.1,2726
1784814300,4059.4,4059.9,4052.7,4055.7,2714
1784814600,4055.8,4061.8,4054.6,4059.2,1830
1784814900,4059.2,4060.7,4045.4,4045.8,3463
1784815200,4046.1,4053.8,4045.6,4046.9,3544
1784815500,4046.6,4048.9,4042.4,4048.2,2537
1784815800,4048.2,4054.3,4044.6,4050.8,2720
1784816100,4050.7,4053.2,4045.3,4047.2,1646
1784816400,4047.2,4055.4,4045.9,4055.3,1876
1784816700,4055.1,4060.2,4053.9,4059.6,1998
1784817000,4059.3,4061.2,4054.6,4057.6,1739
1784817300,4057.7,4064,4054.6,4062.2,1801
1784817600,4062,4063,4058.7,4060.1,904
1784817900,4060,4064.8,4058.8,4062,1027
1784818200,4062.1,4063.3,4059.4,4059.9,957
1784818500,4059.7,4063.3,4059.6,4061.1,701
1784818800,4061.4,4062.5,4058.1,4059.6,964
1784819100,4059.7,4060.6,4054.4,4055,1642
1784819400,4054.8,4057,4051.8,4054.5,1586
1784819700,4054.1,4059.9,4053,4055,1206
1784820000,4055.6,4056.3,4048.2,4053,1813
1784820300,4053,4053.2,4049.2,4049.6,902
1784820600,4049.8,4049.8,4045,4048.5,1869
1784820900,4048.9,4054.1,4048.4,4052.1,1704
1784821200,4052,4056.1,4050.6,4050.8,1262
1784821500,4050.9,4053.9,4049.8,4052.1,704
1784821800,4052,4053.7,4049,4053.1,830
1784822100,4053.1,4053.6,4049.2,4051.2,532
1784822400,4051.6,4053.8,4051,4051.3,691
1784822700,4051.2,4053,4050,4051.3,642
1784823000,4051.2,4053.6,4050.7,4052.9,508
1784823300,4052.9,4053.6,4048.5,4049.1,687
1784823600,4049.3,4054.5,4049.2,4051.4,814
1784823900,4051.6,4054.8,4051.1,4053.1,607
1784824200,4053.1,4053.9,4050.9,4051.1,475
1784824500,4051.2,4053.8,4049.9,4053.2,664
1784824800,4053.2,4054.1,4052.1,4052.6,342
1784825100,4052.6,4054.2,4051.8,4052,462
1784825400,4052,4052.5,4051,4051.7,336
1784825700,4051.9,4054.8,4051.9,4054.2,745
1784826000,4054.5,4057.7,4053.4,4054.5,1213
1784826300,4054.7,4056.2,4049.6,4051.1,893
1784826600,4051,4052.2,4049.5,4050,743
1784826900,4050.2,4052.6,4048.8,4049.2,792
1784827200,4049.3,4053.3,4049.3,4051.4,660
1784827500,4051.4,4052.3,4049.1,4049.8,676
1784827800,4049.9,4051.8,4049.3,4050,486
1784828100,4049.9,4050.1,4045.9,4047.3,1187
1784828400,4047.3,4047.9,4044,4045.1,1087
1784828700,4045.1,4046.8,4044.5,4046.5,537
1784829000,4046.6,4046.8,4044.3,4045.5,480
1784829300,4045.5,4046,4044,4044.2,421
1784829600,4044.2,4045.8,4042.7,4043.9,654
1784829900,4043.8,4046.7,4042.9,4045.8,521
1784830200,4045.8,4046.5,4043.4,4044,545
1784830500,4044,4047.3,4042.8,4045.3,768
1784830800,4045.2,4045.7,4042.3,4044.2,719
1784831100,4044.3,4047.8,4043.2,4047,550
1784831400,4046.9,4050.5,4046.8,4047.8,858
1784831700,4047.8,4049.4,4046.6,4047.6,420
1784832000,4047.6,4049.3,4047.3,4048.9,267
1784832300,4049,4050.8,4048.9,4049.3,502
1784832600,4049.7,4049.9,4048,4048.5,270
1784832900,4048.6,4049.6,4047.1,4048.9,315
1784833200,4049,4051.4,4047.5,4047.7,591
1784833500,4047.9,4048.9,4046,4046.2,303
1784833800,4046.2,4046.9,4045.1,4045.5,345
1784834100,4045.4,4048.2,4045.3,4047.3,291
1784834400,4047.3,4050.7,4047.2,4049.9,481
1784834700,4050.3,4051.7,4048.8,4050.3,488
1784835000,4050.5,4053.3,4047.9,4049.4,653
1784835300,4049.3,4050.4,4049.1,4050,261
1784835600,4050,4050.3,4047.9,4047.9,284
1784835900,4048,4049,4046.8,4048.2,397
1784836200,4048.2,4052.4,4048.2,4052.3,581
1784836500,4052.4,4053.4,4051.4,4051.8,999
1784836800,4051.9,4053.7,4050.9,4051.2,521
1784837100,4051.3,4052.2,4050.4,4051,268
1784837400,4051,4052.4,4050.7,4052,167
1784837700,4052,4052.1,4050.3,4051.1,200
1784838000,4051.1,4051.5,4049.4,4051.4,210
1784838300,4051.5,4053.1,4051.1,4052.4,277
1784838600,4052.7,4053,4051.5,4052.2,186
1784838900,4052.3,4053,4051.9,4052.6,195
1784839200,4052.4,4052.9,4050.7,4052.1,388
1784839500,4052.1,4052.5,4051.1,4051.6,266
1784839800,4051.8,4052.3,4049.8,4050.8,230
1784840100,4050.7,4052.4,4050.7,4052.4,277
1784844000,4052.9,4053.3,4050.1,4050.9,568
1784844300,4051.2,4052.7,4050.6,4051.4,210
1784844600,4051,4051.6,4050.9,4050.9,92
1784844900,4051.1,4052.1,4051.1,4051.9,129
1784845200,4051.9,4052.8,4051.5,4052.3,197
1784845500,4052.4,4052.4,4051.5,4052,176
1784845800,4052,4052.8,4051.9,4052.5,158
1784846100,4052.6,4052.9,4051.9,4051.9,127
1784846400,4052.2,4052.6,4051,4051.6,310
1784846700,4051.6,4052.4,4050.9,4051.1,303
1784847000,4051,4053.2,4051,4052.3,319
1784847300,4052.4,4052.8,4051,4052,411
1784847600,4051.9,4052.5,4050.7,4051,200
1784847900,4051.2,4051.7,4049.9,4050.7,298
1784848200,4050.6,4051,4049.3,4050.9,281
1784848500,4051,4051.6,4049.5,4049.5,326
1784848800,4049.6,4051.6,4049.4,4051.5,195
1784849100,4051.6,4052.2,4051.1,4051.6,288
1784849400,4051.5,4053.9,4051.5,4053.3,628
1784849700,4053.1,4053.2,4050.6,4050.9,428
1784850000,4050.8,4051.1,4049.3,4051,329
1784850300,4050.7,4052.3,4049.4,4051.1,574
1784850600,4051,4052,4049.8,4050,202
1784850900,4049.9,4051,4048,4049.3,462
1784851200,4049.6,4052.6,4049.1,4049.3,727
1784851500,4049.5,4049.7,4046.8,4047.7,811
1784851800,4047.9,4048.8,4043.1,4043.6,1084
1784852100,4043.8,4047.6,4043.3,4045.4,842
1784852400,4045.5,4050.4,4045,4048.3,659
1784852700,4048.6,4049.3,4046.3,4049.1,638
1784853000,4049.2,4049.7,4047.3,4048.4,429
1784853300,4048.5,4052.4,4047.8,4051,724
1784853600,4050.7,4052.6,4050,4051.7,510
1784853900,4051.7,4053.3,4051.2,4051.3,521
1784854200,4051.4,4052.5,4050.8,4051.3,311
1784854500,4051.5,4055.4,4051.2,4052.6,1056
1784854800,4052.7,4053.2,4039.7,4046.2,3124
1784855100,4046.6,4047.5,4044.2,4045.6,728
1784855400,4045.3,4047.2,4042.4,4044.8,928
1784855700,4044.7,4048.4,4043.6,4047.1,760
1784856000,4047.1,4047.7,4044.2,4047.4,470
1784856300,4047.6,4048.7,4045,4045.2,555
1784856600,4045,4047.4,4043.6,4046.3,531
1784856900,4046.1,4047.4,4044.4,4045.6,371
1784857200,4045.8,4053.2,4045.7,4052.9,1068
1784857500,4052.6,4053,4050.3,4050.5,630
1784857800,4050.3,4050.3,4047.4,4048.7,672
1784858100,4048.4,4048.8,4043.6,4045.9,701
1784858400,4046,4047.7,4044.6,4044.9,481
1784858700,4044.5,4047.1,4043.2,4047.1,544
1784859000,4047.2,4048.2,4046.2,4048,472
1784859300,4048,4048.4,4046.8,4047.2,239
1784859600,4047,4048.7,4044.6,4048.7,417
1784859900,4048.6,4051.1,4048,4048.9,480
1784860200,4049.2,4050.6,4046,4046.4,581
1784860500,4046.4,4047,4043,4044.3,656
1784860800,4044.5,4045.9,4043.1,4043.9,465
1784861100,4043.6,4043.7,4028.5,4028.7,3933
1784861400,4028.8,4032.8,4027.5,4027.8,2179
1784861700,4027.6,4029.9,4025.3,4026.7,1554
1784862000,4027.1,4029.9,4025.4,4028.9,939
1784862300,4028.9,4031.2,4028.8,4029.1,802
1784862600,4029.4,4034.7,4028.4,4034.2,1089
1784862900,4034.2,4036,4031.5,4031.6,841
1784863200,4031.6,4034,4030.2,4032.6,589
1784863500,4032.5,4033.4,4030.5,4032.5,446
1784863800,4032.9,4035.5,4032.6,4034.2,567
1784864100,4034.5,4035.2,4032.9,4033.8,254
1784864400,4034.1,4035.3,4033.2,4034.1,260
1784864700,4034.1,4034.6,4032.4,4034,373
1784865000,4034.1,4034.6,4032.1,4032.2,394
1784865300,4032.3,4032.3,4030.5,4031.5,457
1784865600,4031.4,4031.9,4029.9,4031.6,447
1784865900,4031.6,4032.7,4030.4,4031.3,297
1784866200,4031.4,4031.4,4029.1,4030.1,358
1784866500,4030.4,4031.3,4029.3,4030.6,278
1784866800,4030.7,4032.2,4030.2,4031.5,388
1784867100,4031.8,4032.7,4031.5,4032.2,200
1784867400,4032.2,4033.1,4031,4031.3,342
1784867700,4031.6,4032.6,4029.3,4029.6,458
1784868000,4029.7,4029.7,4028.2,4029.1,394
1784868300,4028.9,4029.6,4027.8,4029.1,284
1784868600,4029.2,4029.6,4028.1,4029,296
1784868900,4029.1,4031.1,4028.8,4029.7,320
1784869200,4029.5,4031.1,4027.2,4031,559
1784869500,4031.1,4032.3,4029.9,4031.1,791
1784869800,4031.3,4034.4,4029.7,4030.1,752
1784870100,4029.8,4030.4,4024.2,4026.4,1288
1784870400,4026.5,4031.9,4026,4029.6,620
1784870700,4029.3,4029.9,4027.5,4028.1,216
1784871000,4028.2,4033.7,4027.6,4033.4,882
1784871300,4033.5,4033.5,4027,4028.1,716
1784871600,4028.1,4030.3,4026.1,4026.6,616
1784871900,4026.6,4031.1,4026.6,4030.2,418
1784872200,4030.3,4031.3,4024.6,4025.4,604
1784872500,4025.4,4026.3,4023.4,4025.2,923
1784872800,4025.3,4028.1,4025.1,4027.5,628
1784873100,4027.4,4029.6,4026.8,4029.3,590
1784873400,4029.5,4033.7,4028.7,4033.1,817
1784873700,4033.3,4036.7,4031.4,4036.5,1073
1784874000,4036.3,4039.5,4035.9,4038.6,1504
1784874300,4038.6,4041.4,4037.3,4038.7,880
1784874600,4038.8,4038.8,4035.3,4036.8,676
1784874900,4036.8,4039.5,4036.8,4037.5,467
1784875200,4038,4039,4035.5,4036,503
1784875500,4036.2,4039.1,4035.8,4036.4,404
1784875800,4036.5,4037.9,4034,4037.9,622
1784876100,4037.5,4041.3,4037.3,4038.2,840
1784876400,4038.1,4043.1,4037.5,4041,1386
1784876700,4040.8,4048.4,4040.6,4048.3,1737
1784877000,4048.3,4050.1,4047.1,4048.1,1088
1784877300,4048.2,4050.2,4046.5,4049.7,929
1784877600,4049.9,4051.6,4048.2,4050.9,781
1784877900,4050.5,4053.5,4050.2,4051.2,925
1784878200,4051.3,4056.7,4050.2,4056.1,1537
1784878500,4056.1,4056.1,4048.9,4049.2,981
1784878800,4049.3,4051.2,4048.1,4050.9,634
1784879100,4050.8,4050.9,4048.7,4050.1,458
1784879400,4050.2,4051.4,4049.6,4050.3,344
1784879700,4050.5,4052.5,4050.3,4051,287
1784880000,4051.2,4051.8,4049.1,4049.8,421
1784880300,4049.7,4050.3,4047.5,4049.8,568
1784880600,4050,4050.2,4048.1,4049.3,265
1784880900,4049.2,4051.2,4047.7,4049.4,601
1784881200,4049.3,4050.8,4048.7,4049.1,392
1784881500,4048.9,4055.4,4048.6,4055.4,699
1784881800,4055.2,4055.2,4052.5,4052.5,472
1784882100,4052.6,4056,4050.9,4055.3,1231
1784882400,4055.2,4058.2,4055.2,4057.2,942
1784882700,4057.2,4057.7,4054.5,4057.5,695
1784883000,4057.1,4059.9,4056.9,4059.1,982
1784883300,4059,4061.4,4058.8,4060,494
1784883600,4060.2,4064.1,4058.2,4059.3,1517
1784883900,4059.4,4061,4057.8,4060.2,768
1784884200,4060.3,4060.8,4055.7,4056.8,911
1784884500,4056.7,4060,4055.7,4057.6,1063
1784884800,4057.7,4058,4055.8,4057.3,416
1784885100,4057.2,4058.6,4055,4055.6,598
1784885400,4055.6,4057.2,4054.1,4056.4,856
1784885700,4056.6,4057.9,4056.2,4057.8,325
1784886000,4057.9,4059.6,4056.8,4058.7,527
1784886300,4058.3,4059.1,4057.6,4058,216
1784886600,4058.3,4061.2,4057.2,4061,641
1784886900,4061,4062.7,4060.9,4062.5,353
1784887200,4062.6,4064.6,4061.2,4062.8,611
1784887500,4062.7,4063.3,4061.6,4063.1,485
1784887800,4063.1,4063.4,4060.6,4061.1,337
1784888100,4061.1,4065.1,4060.4,4062.3,635
1784888400,4062.3,4064.2,4061.7,4063,293
1784888700,4063.2,4066.7,4062.5,4064.9,632
1784889000,4064.5,4066.8,4063.8,4064.4,442
1784889300,4064.2,4064.4,4062.5,4062.7,444
1784889600,4062.8,4062.9,4060.8,4061.1,599
1784889900,4061.2,4061.9,4060.2,4061.5,303
1784890200,4061.5,4062,4059.4,4060.2,669
1784890500,4060.1,4062.6,4059.6,4062.3,382
1784890800,4062.5,4065.1,4060.7,4064.5,687
1784891100,4064.6,4065.9,4062.7,4063.1,364
1784891400,4063.4,4063.8,4062.4,4063.1,192
1784891700,4063.7,4064.1,4062.2,4063.7,338
1784892000,4063.5,4064.3,4062.7,4063.9,192
1784892300,4063.9,4064,4061.2,4061.5,260
1784892600,4061.3,4062.6,4060.2,4062.1,675
1784892900,4061.9,4062.1,4058.8,4059.4,789
1784893200,4059.5,4060.4,4057.3,4057.4,742
1784893500,4057.6,4058.9,4055.8,4057.4,657
1784893800,4057.4,4057.4,4054.7,4054.8,586
1784894100,4054.8,4064.1,4053.5,4060.1,1720
1784894400,4060.2,4060.9,4054.7,4056.4,961
1784894700,4056.3,4060.9,4054.9,4059.2,895
1784895000,4059.3,4059.9,4057.9,4059,333
1784895300,4058.9,4060.1,4058.1,4059.4,428
1784895600,4059.2,4061,4057.3,4061,759
1784895900,4060.9,4062.8,4058.4,4062.3,1076
1784896200,4062,4062.2,4058.8,4059.6,753
1784896500,4059.6,4061,4057.6,4058.2,645
1784896800,4058.2,4059.3,4053.9,4057.7,1080
1784897100,4057.7,4058.8,4054,4056.4,649
1784897400,4056.7,4058.4,4056.5,4057.8,343
1784897700,4057.8,4059,4054.2,4058.5,666
1784898000,4058.7,4061,4054,4054.5,1244
1784898300,4054.6,4055.6,4048.3,4049.2,2053
1784898600,4049.1,4052,4047.2,4050.7,1729
1784898900,4050.6,4051,4046.7,4048.3,995
1784899200,4048.7,4051.8,4047.8,4048.9,1040
1784899500,4049.4,4050.9,4048.1,4049.7,553
1784899800,4048.6,4052.8,4047,4051.7,1745
1784900100,4051.9,4059.1,4051.7,4058.3,2022
1784900400,4058.6,4059.2,4053.2,4054.8,1388
1784900700,4054.2,4063.4,4048.1,4061,2626
1784901000,4060.5,4064,4058.2,4062.4,1894
1784901300,4062.3,4071.6,4059.5,4070.5,2997
1784901600,4070,4073,4065.6,4065.6,3017
1784901900,4065.7,4067.8,4060.2,4064.9,2511
1784902200,4065,4066.7,4061.5,4061.8,1273
1784902500,4061.8,4063.3,4058.2,4060.9,1501
1784902800,4060.9,4067.7,4059.6,4067.5,2082
1784903100,4067.5,4072.3,4067.2,4068.9,2031
1784903400,4069.2,4071.2,4067.1,4067.6,1176
1784903700,4067.8,4069.7,4062.2,4063.4,1323
1784904000,4063.4,4065.3,4062,4063.3,1091
1784904300,4063.3,4066.6,4061.2,4066.2,1069
1784904600,4066.2,4067.9,4063.7,4064.6,878
1784904900,4064.7,4069.4,4064.2,4066,942
1784905200,4066.2,4070.1,4064.6,4066.9,1188
1784905500,4067,4067.6,4064.6,4066.5,564
1784905800,4066.1,4079.9,4065.9,4077.5,3898
1784906100,4077.5,4084.5,4075,4080.1,4395
1784906400,4080.2,4085.2,4075.6,4077,2331
1784906700,4077.1,4080.5,4075.5,4078,1188
1784907000,4078.2,4079.9,4076.8,4077.3,808
1784907300,4076.7,4082,4076.3,4081,1088
1784907600,4080.7,4082.6,4074.1,4074.7,1506
1784907900,4074.9,4076.3,4072.9,4075.9,939
1784908200,4076,4079.1,4075.6,4078.3,728
1784908500,4078.1,4080.8,4077.8,4080,656
1784908800,4080.1,4080.3,4077.8,4079.3,620
1784909100,4079.3,4080.1,4077.4,4078.7,509
1784909400,4078.8,4079.7,4076.8,4077.5,420
1784909700,4077.5,4078.5,4076.4,4077.2,464
1784910000,4077.3,4080.1,4076.1,4079.9,605
1784910300,4079.8,4080.7,4076.1,4076.5,649
1784910600,4076.5,4076.5,4072.6,4074.8,1397
1784910900,4074.8,4074.9,4069.7,4070.5,1069
1784911200,4070.6,4071.4,4069,4070.2,859
1784911500,4070.2,4070.6,4066.7,4067.7,862
1784911800,4067.7,4068.5,4066.5,4068.4,425
1784912100,4068.3,4070.3,4067.9,4069.6,640
1784912400,4069.7,4070.9,4069.2,4070.4,536
1784912700,4070.3,4070.5,4066.2,4068.1,1084
1784913000,4068.2,4068.6,4065.4,4066.6,601
1784913300,4066.8,4069.5,4066,4069.5,713
1784913600,4069.4,4071.6,4067.8,4071.4,693
1784913900,4071.4,4072.8,4069.8,4071.2,956
1784914200,4071.4,4072.7,4070.3,4071.2,524
1784914500,4071.3,4071.8,4070.2,4070.6,494
1784914800,4070.7,4071.7,4068.6,4069.3,426
1784915100,4068.9,4070,4067.4,4068.6,424
1784915400,4068.8,4069.5,4065.5,4066.1,513
1784915700,4066.1,4067.7,4065.7,4065.7,373
1784916000,4066.1,4066.5,4063.4,4065.4,695
1784916300,4065.3,4067.2,4065.2,4065.5,449
1784916600,4065.5,4066,4063.7,4064,447
1784916900,4064,4065.5,4062.4,4062.5,739
1784917200,4062.5,4063.1,4058.8,4059.8,1258
1784917500,4059.9,4060.9,4057.2,4057.5,899
1784917800,4057.8,4058.6,4054.7,4056.7,1048
1784918100,4056.6,4059.5,4055.8,4057.9,1099
1784918400,4058,4058,4053.4,4054.5,924
1784918700,4054.6,4057.6,4054,4055.8,578
1784919000,4055.7,4058.2,4055.2,4056.6,704
1784919300,4056.7,4057.7,4056.2,4056.6,558
1784919600,4056.7,4058.6,4054.5,4056.8,1322
1784919900,4056.8,4057.2,4054.8,4054.9,361
1784920200,4054.9,4056.9,4054.2,4054.4,432
1784920500,4054.5,4054.6,4051.3,4053.1,912
1784920800,4053.2,4053.4,4051.3,4051.8,396
1784921100,4051.9,4054.4,4051.3,4053.8,348
1784921400,4053.7,4056.7,4053.4,4056.3,582
1784921700,4056.1,4058.8,4055.8,4057.5,887
1784922000,4057.6,4060.2,4057.6,4059.2,683
1784922300,4059.4,4059.8,4057.3,4057.5,345
1784922600,4057.8,4058.3,4056,4057.9,438
1784922900,4057.8,4057.8,4055.3,4056.3,662
1784923200,4056.1,4057.7,4055.5,4056.4,368
1784923500,4056.6,4056.7,4055.2,4055.3,123
1784923800,4055.1,4055.7,4054.5,4054.7,227
1784924100,4054.8,4055.9,4054.3,4054.6,247
1784924400,4054.6,4055.7,4054.3,4055.6,175
1784924700,4055.9,4057.1,4055.6,4056.2,196
1784925000,4056.2,4056.5,4054,4055,195
1784925300,4055,4056.8,4054.9,4056.7,183
1784925600,4056.6,4058.6,4056,4057.8,282
1784925900,4057.8,4058.8,4056.5,4056.9,302
1784926200,4057,4057.1,4055.5,4055.8,172
1784926500,4055.6,4055.8,4054.4,4055.4,336
1785103200,4095,4111.9,4090.7,4092.7,2910
1785103500,4092.7,4095.7,4090.9,4091.7,821
1785103800,4091.7,4092.5,4089.6,4091.4,771
1785104100,4091.1,4091.2,4086.7,4090.9,905
1785104400,4091,4093.4,4089.9,4091,818
1785104700,4090.6,4090.7,4088.2,4089.6,656
1785105000,4089.3,4095,4088.5,4094.5,663
1785105300,4094.7,4096.6,4092.8,4093.3,749
1785105600,4093.2,4095.4,4092.8,4094,486
1785105900,4093.8,4096.4,4091.8,4093.1,921
1785106200,4092.8,4094.8,4092.8,4094.4,326
1785106500,4094.3,4094.4,4091.6,4092.4,498
1785106800,4092.3,4094.2,4089.3,4089.8,617
1785107100,4090,4091.1,4089.5,4089.9,312
1785107400,4090,4090.2,4086.9,4087.3,644
1785107700,4087.5,4088.9,4086.8,4087.5,448
1785108000,4087.6,4089,4086.1,4086.6,481
1785108300,4086.7,4088,4086.2,4087.2,340
1785108600,4087.3,4089.1,4087.1,4088.8,344
1785108900,4088.7,4090.2,4088.7,4088.9,343
1785109200,4089.1,4091.9,4089.1,4091.4,319
1785109500,4091.1,4097.3,4090.6,4096.9,1111
1785109800,4096.9,4098.8,4095.5,4095.8,1120
1785110100,4095.9,4099,4095.1,4096.9,915
1785110400,4097,4107.6,4096.4,4104.2,2598
1785110700,4104.3,4110.9,4101.9,4110.5,1433
1785111000,4110.8,4119.5,4109.4,4118.8,2800
1785111300,4118.3,4118.3,4109.2,4109.9,1463
1785111600,4110.2,4110.3,4104.3,4105.4,1465
1785111900,4105.6,4105.8,4093.4,4097.2,2907
1785112200,4097.2,4102.4,4096.1,4102.4,1373
1785112500,4102.4,4104.9,4101.8,4102,961
1785112800,4101.7,4104.7,4100.7,4102.1,649
1785113100,4102.4,4108.7,4102.1,4106.9,1245
1785113400,4107,4111.8,4107,4108,1022
1785113700,4108.1,4108.6,4101.1,4102.7,1229
1785114000,4102.7,4114.4,4102.6,4109.5,2706
1785114300,4109.6,4114.8,4107.7,4108.3,1512
1785114600,4108.5,4112.2,4108,4109.3,746
1785114900,4109.4,4111.2,4104,4104.3,1132
1785115200,4104.2,4105.3,4101.9,4103.8,933
1785115500,4103.7,4103.7,4098.4,4102,1117
1785115800,4102.5,4105.9,4101.6,4102.5,842
1785116100,4102.4,4106.2,4099.8,4105.9,746
1785116400,4105.5,4106.5,4103.9,4104.7,472
1785116700,4104.7,4109.3,4104.7,4107.7,615
1785117000,4107.8,4110.5,4104.7,4109.9,713
1785117300,4110.2,4112.3,4107.9,4112.2,671
1785117600,4112.4,4113.1,4107.1,4107.2,750
1785117900,4107.2,4109.5,4105.8,4106.2,608
1785118200,4106.3,4108.2,4105.2,4107.5,451
1785118500,4107.4,4107.8,4105.3,4106.2,405
1785118800,4106.1,4106.6,4103.6,4105.9,453
1785119100,4105.9,4107.6,4104.7,4105,416
1785119400,4104.6,4105,4101,4102,982
1785119700,4102,4103.2,4099.4,4099.9,588
1785120000,4099.7,4100.5,4097.4,4098.3,564
1785120300,4098.4,4099.8,4096.7,4096.9,556
1785120600,4096.9,4098.8,4095.8,4098.3,906
1785120900,4098.2,4098.3,4095.3,4095.6,437
1785121200,4095.6,4097.8,4092.6,4094.2,1083
1785121500,4094.1,4095.3,4092.8,4093.2,432
1785121800,4093.3,4094.2,4090.8,4093.8,800
1785122100,4094.1,4095.5,4093.1,4094.3,532
1785122400,4093.9,4094.3,4091.1,4091.8,454
1785122700,4091.7,4092.1,4087.2,4087.4,924
1785123000,4087.5,4092.4,4087,4092.2,933
1785123300,4092.1,4092.7,4089.9,4091.1,506
1785123600,4091.3,4092.9,4090.9,4091.5,507
1785123900,4091.5,4091.9,4090.3,4091.5,319
1785124200,4091.5,4092.7,4091,4091.3,276
1785124500,4091.3,4093.3,4091.3,4093,298
1785124800,4093,4094.9,4092.3,4093.3,739
1785125100,4093.3,4093.9,4091.4,4091.8,402
1785125400,4091.7,4092.5,4090.6,4092,290
1785125700,4091.9,4092.6,4088.8,4090,497
1785126000,4090,4091.8,4089.4,4090.2,414
1785126300,4090.2,4091.2,4089.2,4090.8,309
1785126600,4091.1,4093.1,4091.1,4092.8,276
1785126900,4092.6,4094.4,4092.2,4092.8,358
1785127200,4093.2,4094.4,4092.1,4092.4,327
1785127500,4092.3,4093.2,4091.7,4092,199
1785127800,4091.9,4092.5,4091,4092.4,235
1785128100,4092.3,4093,4091.6,4092.4,190
1785128400,4092.3,4094.7,4090.2,4092.7,409
1785128700,4092.9,4096.4,4091.9,4095.4,528
1785129000,4095.3,4097,4094.5,4096.5,503
1785129300,4096.4,4096.4,4093.7,4094.2,424
1785129600,4094,4094,4090.4,4090.5,542
1785129900,4090.3,4090.4,4088.1,4089,703
1785130200,4089,4092.2,4087.7,4089.4,868
1785130500,4089.4,4092.4,4087.5,4090.3,590
1785130800,4090.4,4091.7,4088.9,4089.8,387
1785131100,4090.2,4090.3,4086.4,4088.2,657
1785131400,4088.4,4091.3,4086.8,4091,408
1785131700,4090.9,4095.7,4089.6,4094.9,801
1785132000,4095,4097,4093.9,4095.6,742
1785132300,4095.2,4096.8,4093.4,4095.7,580
1785132600,4095.9,4098.7,4095.1,4096.8,863
1785132900,4096.5,4097.4,4094.1,4095.2,513
1785133200,4095.1,4096.3,4093,4096.3,518
1785133500,4096.3,4098.6,4095.8,4098.1,598
1785133800,4098.1,4098.9,4096.4,4097.7,471
1785134100,4097.8,4100.8,4097.4,4100.4,659
1785134400,4100.2,4101.2,4098.3,4100.5,474
1785134700,4100.7,4101.2,4099.3,4100.1,393
1785135000,4099.7,4099.7,4096.6,4098.7,480
1785135300,4098.6,4099.5,4097.6,4098,470
1785135600,4098,4103,4098,4100.9,1147
1785135900,4101,4102.3,4098.2,4100,614
1785136200,4100.1,4104.3,4099,4104.1,686
1785136500,4103.9,4106.1,4101.7,4106,794
1785136800,4105.9,4107.7,4104.8,4106.8,651
1785137100,4106.8,4108.2,4105,4105.4,623
1785137400,4105.4,4105.6,4103.3,4105,469
1785137700,4104.9,4105.8,4100.5,4101.4,677
1785138000,4101.2,4101.5,4097.7,4099.2,593
1785138300,4099.2,4101,4098.6,4099.6,445
1785138600,4099.5,4099.5,4095,4096,592
1785138900,4095.8,4096.7,4090.3,4090.7,745
1785139200,4090.7,4095,4089.4,4090,884
1785139500,4089.9,4094.4,4088.6,4092.1,683
1785139800,4092,4094,4091.8,4093.3,298
1785140100,4092.9,4094.2,4091.4,4093.3,411
1785140400,4093,4093.4,4090.7,4092.9,326
1785140700,4093,4094.5,4092.7,4092.9,307
1785141000,4092.8,4093.1,4089.4,4089.4,394
1785141300,4089.3,4092.6,4089.1,4092.2,387
1785141600,4092.3,4094.8,4091.5,4092.9,430
1785141900,4093.2,4095.4,4092.7,4094.8,331
1785142200,4094.8,4097,4093,4096.8,343
1785142500,4096.7,4098.9,4095.8,4097.4,436
1785142800,4097.1,4098.4,4096,4098,378
1785143100,4098.3,4100.4,4096.8,4096.9,588
1785143400,4096.8,4097.9,4095,4095.9,523
1785143700,4096.1,4096.7,4094.7,4094.8,273
1785144000,4094.7,4097.2,4094,4095.5,466
1785144300,4095.6,4097.7,4092.9,4093.5,757
1785144600,4093.4,4095.7,4092,4093.9,1044
1785144900,4093.5,4095.9,4093,4094.2,363
1785145200,4094.2,4096.8,4093.2,4096.2,342
1785145500,4096.5,4100.8,4095.9,4099.6,756
1785145800,4099.6,4101.5,4098.5,4100.2,687
1785146100,4100.4,4102.9,4098.5,4098.5,714
1785146400,4098.4,4098.9,4096.7,4097.5,487
1785146700,4097.4,4097.4,4095.2,4095.9,429
1785147000,4095.8,4095.9,4088.3,4092.7,1086
1785147300,4092.7,4094.3,4091,4093,327
1785147600,4093,4095.9,4092.7,4094.4,396
1785147900,4094.7,4096.1,4094.6,4095,199
1785148200,4095.5,4098.4,4095.1,4098.2,483
1785148500,4098,4101.5,4097.3,4100.5,732
1785148800,4100.5,4104.3,4099.8,4102.8,681
1785149100,4102.8,4104.8,4101.9,4104.3,524
1785149400,4104.4,4104.4,4101.6,4103.5,570
1785149700,4103.8,4104.6,4101,4102,583
1785150000,4102.3,4103.2,4099.1,4099.6,784
1785150300,4099.7,4105.4,4099.1,4105,564
1785150600,4105.2,4106.6,4103.8,4104.1,749
1785150900,4104.3,4105.5,4102.6,4102.7,435
1785151200,4102.5,4103.7,4101.7,4101.9,538
1785151500,4102,4103.5,4098.4,4098.9,542
1785151800,4099.2,4102.1,4098.2,4099.8,729
1785152100,4100,4101.5,4098.4,4098.9,306
1785152400,4098.9,4100.6,4096.6,4097.7,750
1785152700,4097.7,4099.3,4095.9,4097.6,455
1785153000,4097.7,4099.3,4096.1,4096.5,380
1785153300,4096.3,4097.3,4095.3,4096,456
1785153600,4096.1,4099.9,4096,4098.4,747
1785153900,4098.5,4098.5,4095.8,4096.7,423
1785154200,4096.3,4096.3,4088,4089.2,2396
1785154500,4089.5,4090.9,4083.1,4086.2,1980
1785154800,4086,4087.1,4083.4,4084.9,1601
1785155100,4085,4090.6,4084.9,4088.2,882
1785155400,4088.7,4090.4,4084.8,4089.4,1248
1785155700,4089.4,4089.9,4086.5,4089,789
1785156000,4088.9,4089.3,4085.9,4088.4,711
1785156300,4088.3,4091.1,4084,4084.4,1176
1785156600,4084.1,4087.7,4083.4,4084.7,1187
1785156900,4084.4,4088.4,4082.7,4085.3,1273
1785157200,4085.8,4090.8,4085.2,4086,1677
1785157500,4085.7,4088,4083.9,4085.4,1242
1785157800,4085.2,4089.8,4082.6,4086.7,1195
1785158100,4086.7,4089,4083.2,4085.5,1054
1785158400,4085.7,4087.2,4083.1,4085.8,638
1785158700,4085.8,4086.9,4077.8,4077.8,2551
1785159000,4078,4084.1,4077.3,4081.8,2422
1785159300,4081.9,4089.8,4081.6,4087.3,2432
1785159600,4087.3,4091.4,4085.9,4089,1823
1785159900,4088.8,4092,4086.7,4089.4,1410
1785160200,4089.4,4091.1,4085.6,4085.9,1234
1785160500,4085.8,4086,4071.8,4076.2,4024
1785160800,4076,4081.3,4072.9,4077.3,2828
1785161100,4077.5,4080,4075,4079.2,1430
1785161400,4079.3,4079.4,4074.3,4078.8,1508
1785161700,4078.9,4080.8,4076.8,4078,1012
1785162000,4078,4078.6,4074,4075.6,996
1785162300,4075.7,4076,4068.6,4069.9,2319
1785162600,4070.4,4071.8,4068,4070.2,1666
1785162900,4070.3,4072.8,4067.8,4070.1,1389
1785163200,4070.1,4071.5,4067,4070.8,1533
1785163500,4070.9,4075.4,4070.9,4073.6,1957
1785163800,4073.5,4076.8,4072.1,4075.3,1358
1785164100,4075.4,4079.9,4073.8,4078.5,1247
1785164400,4078.6,4078.6,4074.4,4077.4,1478
1785164700,4077.5,4077.6,4074.4,4074.7,876
1785165000,4074.7,4078.6,4074,4078.1,797
1785165300,4078,4081.4,4077.7,4080.4,1278
1785165600,4080,4081.7,4077.2,4077.7,990
1785165900,4077.6,4079.2,4076.6,4078.9,603
1785166200,4078.9,4080.5,4074.8,4075,1313
1785166500,4075.3,4077.3,4074.8,4075.8,598
1785166800,4076.1,4079,4075.3,4078.3,565
1785167100,4078.5,4079.1,4076.6,4078.7,519
1785167400,4078.6,4082.3,4078.5,4080,988
1785167700,4080.1,4082,4079.7,4080.4,575
1785168000,4080.7,4081.9,4079.8,4081.4,534
1785168300,4081.5,4086.8,4080,4086.7,1569
1785168600,4086.4,4086.4,4082.6,4083.2,742
1785168900,4083.5,4083.9,4081.7,4082.6,662
1785169200,4082.4,4085.2,4082.3,4082.7,649
1785169500,4082.7,4090.8,4082.7,4087.1,2428
1785169800,4087.3,4095,4087,4093.8,2093
1785170100,4093.5,4095.8,4091.9,4092,1042
1785170400,4092.6,4092.9,4088.9,4090,827
1785170700,4090.2,4090.3,4085.7,4085.7,756
1785171000,4085.8,4085.9,4082.7,4083.6,952
1785171300,4083.5,4084.2,4082.5,4084.1,529
1785171600,4084,4084.1,4076.9,4077.7,1441
1785171900,4077.7,4079,4074.9,4076.6,1437
1785172200,4076.6,4077.8,4072.2,4075.4,1353
1785172500,4075.3,4077.3,4074,4075.8,739
1785172800,4076.3,4078.1,4075,4075.6,570
1785173100,4075.9,4078.7,4075.3,4076.5,714
1785173400,4076.6,4077.9,4075.2,4075.6,562
1785173700,4075.5,4076.4,4073.8,4074.6,395
1785174000,4074.5,4076.3,4074.4,4076.3,243
1785174300,4076.3,4077.3,4074.8,4076.6,373
1785174600,4076.6,4079,4076.5,4077.7,404
1785174900,4077.8,4078.6,4077.6,4078.5,211
1785175200,4078.3,4081,4077.7,4079.2,487
1785175500,4079,4080.7,4079,4080.3,243
1785175800,4080.4,4080.4,4077.9,4078.4,440
1785176100,4078.3,4078.5,4075.8,4076.8,567
1785176400,4076.7,4078.7,4076,4078.2,316
1785176700,4078.1,4078.8,4077.4,4078.7,260
1785177000,4078.3,4079.1,4076.4,4076.7,274
1785177300,4076.3,4076.8,4074.7,4075,376
1785177600,4075,4082,4074.6,4077.9,2311
1785177900,4077.9,4078.5,4076.6,4076.8,202
1785178200,4076.9,4080.6,4076.3,4079.6,425
1785178500,4080,4081.2,4079.1,4079.6,454
1785178800,4079.7,4080.7,4078.6,4078.7,332
1785179100,4078.8,4081.9,4077.8,4081.7,414
1785179400,4081.7,4083.7,4081.7,4082.4,625
1785179700,4082,4086.7,4081.3,4086.5,718
1785180000,4086.7,4090.9,4086.3,4087,804
1785180300,4087.2,4088,4085.5,4087.9,328
1785180600,4088,4088.6,4086.1,4087.4,419
1785180900,4087.1,4089,4087.1,4088.6,474
1785181200,4088.6,4089.8,4087.1,4088.6,374
1785181500,4089.1,4091.6,4088.3,4091.4,400
1785181800,4091.5,4091.8,4088.1,4089.4,789
1785182100,4089.1,4089.3,4084.5,4085.4,745
1785182400,4085.6,4086.3,4084,4084.2,355
1785182700,4084.3,4084.8,4083.7,4084.3,419
1785183000,4084.6,4084.9,4083.9,4084.5,209
1785183300,4084.5,4084.6,4082.7,4083,210
1785183600,4082.7,4083,4080.8,4082.2,317
1785183900,4082.4,4083.2,4079.8,4080.8,362
1785184200,4080.8,4081.4,4079.1,4079.4,383
1785184500,4079.4,4080.5,4077.8,4078.8,307
1785184800,4078.8,4079.9,4078.6,4079.3,155
1785185100,4079.3,4079.6,4078.1,4078.9,342
1785185400,4078.8,4079.4,4077.4,4079,253
1785185700,4078.9,4079.8,4078.3,4078.9,208
1785189600,4080.5,4086,4079.9,4082.3,504
1785189900,4082.5,4083.5,4080.4,4080.6,377
1785190200,4080.9,4080.9,4076.4,4078.8,443
1785190500,4078.9,4078.9,4077.2,4078.1,306
1785190800,4078.1,4078.1,4073.2,4073.9,753
1785191100,4074.2,4074.8,4072,4073.7,368
1785191400,4073.7,4075.7,4073.6,4075.6,244
1785191700,4075.6,4076.3,4074.9,4075.7,223
1785192000,4075.8,4076.3,4075.1,4076.3,170
1785192300,4076.1,4076.2,4074.7,4075.6,262
1785192600,4075.3,4076,4074.9,4075.3,174
1785192900,4075.3,4076.1,4075,4075.3,130
1785193200,4075.4,4075.4,4072.7,4074.1,386
1785193500,4074.3,4076.2,4074.3,4075.4,279
1785193800,4075.3,4076.6,4074.5,4075.5,176
1785194100,4075.3,4076.1,4074.3,4074.3,195
1785194400,4074.7,4075.2,4074,4074.6,104
1785194700,4074.5,4075,4072.9,4074.6,250
1785195000,4074.3,4074.9,4073.6,4074.8,140
1785195300,4074.8,4074.8,4073.5,4074.5,100
1785195600,4074.5,4074.6,4072.8,4073.3,124
1785195900,4073.3,4073.8,4071,4071.3,484
1785196200,4071.4,4074.2,4070.9,4073.2,308
1785196500,4073.3,4074.8,4072.6,4074.6,238
1785196800,4074.5,4075.6,4064.6,4066.8,1221
1785197100,4066.9,4068,4062.8,4068,1432
1785197400,4067.7,4068.5,4065.8,4068,511
1785197700,4067.9,4068.3,4063,4065.9,624
1785198000,4066.1,4067.2,4060.7,4061.5,800
1785198300,4061.7,4064.6,4059.9,4063.2,877
1785198600,4063,4065.7,4061.2,4065,554
1785198900,4064.9,4065.7,4063.9,4063.9,303
1785199200,4064.4,4066.8,4062.7,4065.9,376
1785199500,4065.9,4066.2,4059.6,4060.3,858
1785199800,4060.4,4060.8,4058.3,4060.3,603
1785200100,4060.1,4062.4,4058.1,4058.5,622
1785200400,4058.5,4061.2,4054.2,4059.9,2633
1785200700,4059.5,4060.2,4055,4056.7,926
1785201000,4056.5,4059.2,4055.3,4058.5,780
1785201300,4058.6,4059.8,4053.7,4054.1,861
1785201600,4054.1,4055.1,4049.6,4050.5,1712
1785201900,4050.5,4050.7,4046.7,4047.8,1361
1785202200,4047.5,4050.7,4044,4046.6,1341
1785202500,4046.9,4051.2,4046.8,4049.9,896
1785202800,4049.9,4050.3,4047.5,4049.6,521
1785203100,4049,4049.4,4045.7,4047.3,587
1785203400,4047,4047.9,4043,4045.6,767
1785203700,4045.7,4045.9,4044.2,4045.6,454
1785204000,4045.8,4046.5,4042.9,4043.9,576
1785204300,4044.4,4047.6,4042.8,4046.6,668
1785204600,4046.7,4048.2,4046.1,4047,587
1785204900,4046.7,4048.7,4045.8,4048.5,559
1785205200,4048.4,4049.8,4047.1,4047.8,608
1785205500,4047.8,4048.7,4045.5,4046.4,524
1785205800,4046.1,4048.2,4045.4,4046.8,431
1785206100,4046.8,4047.6,4044.6,4045.3,369
1785206400,4045.1,4045.9,4041.4,4044.7,984
1785206700,4044.6,4045.7,4043,4044,482
1785207000,4044,4046,4043.3,4044.1,427
1785207300,4044.1,4044.5,4041,4042.1,594
1785207600,4042.3,4044.3,4040.5,4044.2,479
1785207900,4044.2,4046.7,4043.3,4046,507
1785208200,4046.1,4047.8,4045.6,4046.5,547
1785208500,4046.4,4049.8,4045.7,4049.5,632
1785208800,4049.6,4050.1,4047.4,4049,440
1785209100,4049.1,4049.4,4046.9,4047.8,368
1785209400,4047.7,4051.9,4047.6,4050.4,728
1785209700,4050.4,4050.6,4048.7,4049,305
1785210000,4049.2,4049.9,4047.7,4048.5,332
1785210300,4048.8,4051.1,4048.4,4049.7,395
1785210600,4050.1,4050.9,4048.6,4049.9,328
1785210900,4049.8,4050.1,4048.2,4049.4,303
1785211200,4049.4,4049.8,4048,4048,296
1785211500,4048,4048.2,4045.4,4046.2,616
1785211800,4046.2,4047,4043.3,4044.1,466
1785212100,4043.9,4047.8,4043.5,4047.8,530
1785212400,4047.7,4048.2,4046.8,4047,267
1785212700,4046.6,4047.5,4045.6,4045.7,185
1785213000,4045.7,4046.9,4044,4046.8,313
1785213300,4046.7,4047.3,4045.6,4045.6,221
1785213600,4045.7,4048.1,4045.2,4047.6,233
1785213900,4047.8,4048.1,4042.8,4043.5,482
1785214200,4043.3,4044.6,4043,4043.9,324
1785214500,4043.7,4044.4,4041.1,4042,358
1785214800,4042.1,4042.4,4039.3,4041.3,797
1785215100,4041,4042.8,4040.1,4041.3,344
1785215400,4041.2,4043.9,4041.2,4042.3,372
1785215700,4042.4,4043.3,4042.1,4042.7,206
1785216000,4042.5,4043.7,4041.7,4042.3,307
1785216300,4042.3,4043.2,4040.5,4043.1,509
1785216600,4042.8,4045.7,4037,4037.6,1684
1785216900,4037.4,4038.1,4035,4037.3,998
1785217200,4037.4,4042.1,4036.8,4041.7,693
1785217500,4041.6,4043.9,4039.4,4041.7,582
1785217800,4041.7,4044.7,4041.1,4044.3,435
1785218100,4044.4,4046.8,4043.9,4045.5,569
1785218400,4045.3,4048,4044.8,4046.2,606
1785218700,4046.4,4046.9,4044.2,4044.9,447
1785219000,4044.9,4046.4,4043.1,4044.3,411
1785219300,4044.6,4047.4,4044.3,4045.7,649
1785219600,4045.8,4048.2,4043.9,4045.5,728
1785219900,4045.6,4049.5,4045.2,4048,566
1785220200,4048.1,4050.1,4047.2,4049.9,484
1785220500,4049.6,4050.7,4048.5,4050.3,423
1785220800,4050.8,4053,4050,4050.1,673
1785221100,4049.9,4050.4,4048.1,4050.2,471
1785221400,4050,4051.8,4049.3,4051.4,308
1785221700,4051.4,4051.8,4048.4,4048.7,366
1785222000,4048.4,4050.8,4047.7,4048.7,506
1785222300,4048.9,4050.8,4047.7,4050.3,323
1785222600,4050.6,4051.6,4049,4049,354
1785222900,4049.1,4052.6,4048.9,4051.3,327
1785223200,4051.1,4052.9,4049.8,4050.7,483
1785223500,4051,4052.5,4049.5,4050.5,450
1785223800,4050.6,4051,4049,4049,326
1785224100,4049.3,4051.2,4048.4,4050.9,292
1785224400,4050.8,4051.2,4049,4049.7,305
1785224700,4050,4050,4046.7,4048.3,425
1785225000,4048.2,4050,4047.4,4049.1,430
1785225300,4049.3,4049.4,4046.1,4047.4,450
1785225600,4047.5,4053.6,4046.1,4051.5,932
1785225900,4051.3,4055.7,4048.4,4049,994
1785226200,4049,4049.2,4043.2,4044.2,1157
1785226500,4044.4,4050.7,4044.4,4048.5,610
1785226800,4048.7,4051.6,4047.9,4051.1,522
1785227100,4051.2,4051.3,4048.9,4050,348
1785227400,4050.1,4050.1,4044.6,4045.8,790
1785227700,4045.9,4046.7,4041.8,4042.9,606
1785228000,4043,4045.3,4041.7,4043.3,655
1785228300,4043.4,4046.6,4043.3,4046.1,423
1785228600,4046,4046.1,4041.7,4042.5,433
1785228900,4042.1,4046.1,4042.1,4045.8,357
1785229200,4045.5,4046.3,4043.2,4043.4,399
1785229500,4043,4043.5,4041,4043,486
1785229800,4042.7,4043.4,4040.6,4041,317
1785230100,4041.1,4043.8,4041.1,4043.4,407
1785230400,4043.5,4044.1,4042.5,4042.7,206
1785230700,4042.7,4042.9,4039.2,4040.1,722
1785231000,4040.1,4040.4,4035.9,4037.8,1182
1785231300,4037.9,4038.3,4029.2,4032.1,2256
1785231600,4032,4034.2,4031.5,4033.1,493
1785231900,4033.1,4034.3,4029.3,4031.1,870
1785232200,4031.1,4032,4028.2,4030.1,796
1785232500,4030,4030,4017.2,4023.4,2973
1785232800,4023.1,4025.3,4021.4,4024.5,892
1785233100,4024.5,4027.1,4021.5,4022,1073
1785233400,4021.8,4024.2,4020.3,4024.1,642
1785233700,4024,4025.7,4021.5,4021.8,598
1785234000,4021.9,4022.8,4016.9,4018.7,1120
1785234300,4019.3,4020,4016.5,4017.2,823
1785234600,4017,4023.2,4016.6,4022.2,905
1785234900,4022.2,4022.6,4019.2,4021.4,651
1785235200,4021.2,4022.2,4019.9,4021.8,321
1785235500,4022.2,4025.8,4021.6,4023.4,661
1785235800,4023.3,4027.9,4023,4027.6,465
1785236100,4027.6,4028.2,4025.2,4025.9,561
1785236400,4026,4028.5,4024.5,4025.9,657
1785236700,4025.9,4028.2,4024.5,4027.1,511
1785237000,4027.2,4027.5,4022.5,4023.3,555
1785237300,4023.4,4031.9,4023.4,4030.1,1076
1785237600,4030.1,4030.5,4028.1,4028.1,506
1785237900,4028.2,4028.9,4025.9,4027.1,345
1785238200,4027,4028.4,4025.9,4026.7,294
1785238500,4026.7,4031.1,4026.7,4028.9,572
1785238800,4028.9,4029.1,4025.9,4026.6,561
1785239100,4026.7,4027.6,4025.1,4026.2,603
1785239400,4025.8,4026.4,4023.2,4023.6,606
1785239700,4023.6,4028,4023.6,4027.6,513
1785240000,4027.3,4028.2,4023.1,4025.8,718
1785240300,4025.6,4028.1,4024.7,4025.7,491
1785240600,4025.6,4027.6,4022,4027.5,803
1785240900,4027.6,4030.4,4025.6,4030,522
1785241200,4029.8,4034,4029.2,4033.6,1074
1785241500,4033.3,4034.5,4030.6,4034,732
1785241800,4034.2,4034.5,4024.7,4028.1,1417
1785242100,4028.3,4030.1,4025.8,4028,996
1785242400,4027.9,4034.6,4027.9,4033.2,713
1785242700,4033.6,4037.8,4033.2,4034.3,1102
1785243000,4034.3,4034.6,4031.2,4031.8,578
1785243300,4031.9,4032.7,4027.9,4029.3,625
1785243600,4029.1,4034.3,4029.1,4032.7,1131
1785243900,4032.6,4035.8,4030.8,4032.7,821
1785244200,4033,4033.8,4031.6,4032.7,523
1785244500,4032.9,4032.9,4029.2,4030.3,676
1785244800,4030.6,4036,4030.4,4034.3,777
1785245100,4034.1,4036.4,4028.3,4028.8,825
1785245400,4028.7,4032.7,4027.1,4031.1,1518
1785245700,4031.2,4032.6,4021.3,4021.8,2206
1785246000,4021.8,4025.1,4019.4,4024.8,1771
1785246300,4024.8,4026.6,4021.7,4024.4,1464
1785246600,4024.8,4028.7,4024,4027.1,1273
1785246900,4026.6,4027.1,4021.1,4021.4,1315
1785247200,4022.1,4027.3,4020.7,4026.2,1656
1785247500,4026,4031.4,4025.7,4029.8,1993
1785247800,4029.7,4034,4025,4025.7,2152
1785248100,4026.1,4027,4019.9,4019.9,1744
1785248400,4020.2,4020.9,4011.1,4016.5,4508
1785248700,4016.9,4022.8,4016.1,4022.2,1411
1785249000,4022,4025.3,4019.8,4020.1,1581
1785249300,4020,4023.6,4019,4020.1,1305
1785249600,4019.9,4023.7,4018.4,4022.5,897
1785249900,4022.4,4028.6,4020.8,4027.9,1368
1785250200,4027.9,4029.3,4025.5,4027.4,1464
1785250500,4027,4028,4023.8,4024.1,699
1785250800,4024.4,4030,4023.3,4024.6,1161
1785251100,4024.5,4027.7,4022,4027.5,1163
1785251400,4027.5,4037.1,4027.5,4033.7,3397
1785251700,4033.9,4036.6,4031.9,4035.8,1742
1785252000,4035.5,4041.6,4035.4,4035.9,2137
1785252300,4036,4040.4,4035.1,4035.6,1394
1785252600,4035.6,4036.7,4032.3,4033.3,1246
1785252900,4033.7,4038.8,4032.8,4037.2,1083
1785253200,4037.5,4042.4,4037,4041.8,1279
1785253500,4041.8,4045.4,4041.3,4043.6,1609
1785253800,4043.8,4047.4,4041.9,4046.3,1225
1785254100,4046.3,4047.3,4044.7,4046.6,699
1785254400,4046.6,4046.8,4042.5,4042.8,827
1785254700,4042.8,4045.3,4042.6,4043.6,435
1785255000,4043.8,4046.3,4042.3,4044.9,617
1785255300,4045.1,4045.7,4043.6,4045.6,352
1785255600,4045.5,4046.2,4043.2,4044,486
1785255900,4044,4045,4042.1,4042.3,479
1785256200,4042.5,4044.1,4041.1,4043,721
1785256500,4043.2,4044,4041.5,4042.1,452
1785256800,4042.3,4043.6,4040.3,4040.9,510
1785257100,4040.9,4041.4,4037.8,4037.9,1091
1785257400,4038,4038.8,4037.2,4038.5,562
1785257700,4038.5,4038.5,4036.8,4037.8,466
1785258000,4037.8,4040.6,4037.6,4040.1,724
1785258300,4040.2,4041.4,4038.3,4038.9,705
1785258600,4038.6,4039.1,4035.8,4037.2,693
1785258900,4037,4037.2,4035.4,4035.7,442
1785259200,4035.7,4042,4035.4,4036.6,1587
1785259500,4036.6,4040.1,4036.2,4037.8,1205
1785259800,4037.9,4038.5,4034.5,4035.2,795
1785260100,4035.1,4035.2,4030.9,4031.6,803
1785260400,4031.5,4031.5,4027.7,4028.3,872
1785260700,4028.2,4029.8,4025.7,4029.6,977
1785261000,4029.5,4029.5,4025.7,4026.6,393
1785261300,4026.8,4028.5,4025.9,4028.1,489
1785261600,4028.2,4029.7,4027.4,4029.7,435
1785261900,4029.6,4030.8,4029,4029.9,471
1785262200,4030,4030,4027.5,4028.4,323
1785262500,4028.2,4030.1,4028,4028.8,247
1785262800,4028.7,4029.2,4026.6,4026.8,386
1785263100,4026.7,4027.9,4025.9,4027.4,395
1785263400,4027.4,4027.6,4023.9,4024.3,642
1785263700,4024.4,4024.8,4023,4023.7,413
1785264000,4023.7,4024.9,4023.1,4023.9,404
1785264300,4023.9,4025.9,4023.1,4023.7,454
1785264600,4023.7,4024.4,4022.2,4022.8,357
1785264900,4022.7,4023.3,4021.5,4023,491
1785265200,4022.8,4024.8,4022.3,4024.4,556
1785265500,4024.6,4025.7,4023.6,4024.5,412
1785265800,4024.4,4024.6,4023.1,4023.7,315
1785266100,4023.7,4025,4023.5,4023.5,320
1785266400,4023.5,4023.9,4022.4,4022.8,223
1785266700,4022.8,4023.4,4021.3,4022.9,507
1785267000,4023.1,4027.8,4022.2,4027.2,967
1785267300,4027.3,4027.3,4024,4024.4,364
1785267600,4024.5,4025.8,4024.4,4025.8,213
1785267900,4025.9,4027.2,4025.4,4026.2,411
1785268200,4026.1,4027.5,4025.1,4026.8,358
1785268500,4026.8,4027.5,4025.4,4025.8,675
1785268800,4025.9,4026.2,4022.7,4022.7,401
1785269100,4023.1,4024.1,4022,4022.7,254
1785269400,4022.7,4024.5,4022.2,4023.4,218
1785269700,4023.4,4026.4,4023.4,4026.2,281
1785270000,4026.2,4026.4,4025.1,4025.8,187
1785270300,4025.6,4027.5,4025.4,4027,306
1785270600,4027,4028.5,4027,4028,227
1785270900,4028,4029.6,4026.8,4027.3,368
1785271200,4027.9,4029.9,4027.9,4029.8,173
1785271500,4029.8,4030.7,4027.2,4027.2,498
1785271800,4027.2,4028.5,4026.5,4028.5,214
1785272100,4028.1,4029.1,4028,4028.6,211
1785276000,4031.5,4033.8,4021.4,4026.4,374
1785276300,4026.5,4027,4025.4,4026.7,126
1785276600,4026.7,4027.7,4023.9,4024.2,145
1785276900,4024.5,4024.5,4021.8,4022,251
1785277200,4022.1,4023,4016.2,4017.3,462
1785277500,4017.3,4021.4,4016.7,4020.6,594
1785277800,4020.3,4020.7,4012.6,4016.5,558
1785278100,4016.5,4016.7,4013.4,4014.5,228
1785278400,4015.4,4018.3,4015.3,4017.4,154
1785278700,4017.4,4017.5,4014.3,4016.3,224
1785279000,4015.6,4018.5,4015.4,4017.1,105
1785279300,4017.4,4019.2,4017.1,4017.5,109
1785279600,4017.7,4018.1,4015.5,4016.2,210
1785279900,4016.4,4020.1,4015.2,4017.3,332
1785280200,4017.5,4022.6,4017.1,4021.2,297
1785280500,4021.4,4021.4,4014.7,4015.5,338
1785280800,4015.7,4018.9,4015.7,4018.2,201
1785281100,4017.7,4018.8,4014.2,4017.8,128
1785281400,4018.4,4019.3,4016.5,4017.8,79
1785281700,4017.7,4019.8,4017.7,4018.2,92
1785282000,4018.4,4023.5,4017.4,4022.5,146
1785282300,4022.4,4022.5,4018.8,4021.9,270
1785282600,4022.1,4024.5,4020.6,4023,217
1785282900,4023.4,4026,4022.5,4024.3,223
1785283200,4025.1,4025.7,4017.1,4021.6,423
1785283500,4021.1,4024.5,4017.9,4018.4,287
1785283800,4018.5,4021.9,4018.5,4020.4,162
1785284100,4021.8,4026.7,4021.5,4025,299
1785284400,4024.6,4030.3,4023,4024.1,541
1785284700,4024.4,4026.6,4021.5,4022.4,309
1785285000,4021.9,4024.8,4020.5,4024.1,189
1785285300,4023.6,4027.6,4023,4024.1,171
1785285600,4024.1,4025.7,4024,4025.7,82
1785285900,4025.6,4026,4020.5,4020.8,190
1785286200,4020.9,4023.8,4020.9,4023.7,122
1785286500,4022.4,4023.2,4019.8,4021.1,260
1785286800,4021.5,4021.5,4009.2,4011.2,1145
1785287100,4011.5,4015.2,4009.7,4014,461
1785287400,4015,4016.9,4010.7,4012.5,315
1785287700,4011.9,4016,4010.9,4015.6,260
1785288000,4015.6,4017,4013,4014.5,191
1785288300,4014.5,4019.7,4013.3,4017.9,243
1785288600,4016.9,4024,4013.9,4022.7,458
1785288900,4023.3,4029.7,4021.6,4028.6,609
1785289200,4029,4029.4,4024.6,4026.7,310
1785289500,4026.7,4027.3,4023,4023.1,182
1785289800,4023.4,4024.8,4020.7,4021.7,194
1785290100,4022,4025.1,4021.8,4024.9,158
1785290400,4025.3,4028.9,4024.5,4026.1,291
1785290700,4026.4,4027.1,4021.9,4024.8,280
1785291000,4024.1,4027.4,4023.9,4027.3,205
1785291300,4026.9,4029.3,4024.9,4026.3,135
1785291600,4025.5,4036.4,4025.4,4032.4,766
1785291900,4031.9,4034.7,4030.1,4032.4,277
1785292200,4032.4,4035.5,4029.9,4030.4,322
1785292500,4030.5,4034.2,4030.3,4034.2,162
1785292800,4034.1,4036.9,4033,4034.1,241
1785293100,4033.6,4034.3,4031,4032,171
1785293400,4031.2,4032.2,4027.5,4028.9,354
1785293700,4029.5,4031,4028,4028.5,151
1785294000,4028.1,4030,4026.5,4027.4,205
1785294300,4027.7,4032,4027,4028.8,268
1785294600,4028.4,4029.8,4026,4026.7,159
1785294900,4026.4,4027.8,4024.9,4027,165
1785295200,4026.7,4027.2,4024.5,4025.1,152
1785295500,4024.7,4026.7,4023.9,4025.2,148
1785295800,4025.2,4025.2,4022.8,4025.1,149
1785296100,4024.8,4028.1,4024.8,4025.7,145
1785296400,4025.6,4025.6,4023.4,4024.3,88
1785296700,4024.3,4025.6,4024,4024.4,79
1785297000,4024.3,4024.5,4022.4,4022.6,106
1785297300,4022.6,4022.7,4021.4,4022,133
1785297600,4021.9,4023.2,4020,4020.2,162
1785297900,4020.7,4021.4,4019.6,4021.4,93
1785298200,4021.1,4021.4,4019.3,4020.3,178
1785298500,4020,4020.6,4018.6,4020.3,189
1785298800,4020.4,4022.6,4020,4022.5,76
1785299100,4022.5,4024,4021.3,4021.8,99
1785299400,4022.2,4025.3,4021.8,4025,164
1785299700,4024.7,4024.8,4023,4023.3,114
1785300000,4023.3,4026.2,4023.3,4025.7,122
1785300300,4026,4026,4021.9,4022.4,245
1785300600,4023,4025.2,4023,4025,91
1785300900,4025.3,4026.2,4024.3,4025.5,94
1785301200,4025.7,4028,4025.1,4027,163
1785301500,4027.2,4027.4,4025.4,4025.6,149
1785301800,4025.7,4030.3,4024.9,4028.7,224
1785302100,4028.2,4028.2,4025.4,4025.8,110
1785302400,4025.3,4029.2,4025.1,4028.7,126
1785302700,4029.1,4029.4,4027.8,4028.3,80
1785303000,4029,4033,4027.8,4030.1,314
1785303300,4030.4,4031.5,4028.2,4030.9,173
1785303600,4030.4,4037.8,4029.7,4037.1,303
1785303900,4037.4,4038.6,4031.7,4032.2,246
1785304200,4031.6,4034.2,4031.6,4032.9,135
1785304500,4032.3,4032.9,4029.8,4031.2,188
1785304800,4031.3,4035.7,4031.3,4035.6,207
1785305100,4035.5,4035.7,4032.9,4033.7,76
1785305400,4033.5,4036.5,4032.8,4035.8,130
1785305700,4035.8,4038.3,4035.8,4036.4,115
1785306000,4036.4,4041.4,4034.2,4039,236
1785306300,4039,4039.9,4038.5,4039.4,97
1785306600,4039.8,4042.1,4039.7,4041.4,176
1785306900,4042.2,4043.9,4040.3,4041.7,244
1785307200,4041.7,4042.3,4039.7,4041.3,159
1785307500,4041.4,4041.4,4038.2,4038.7,170
1785307800,4038.9,4040.9,4038.5,4039.4,108
1785308100,4039.4,4041.3,4038.5,4039.8,68
1785308400,4039.7,4043,4039.7,4041,164
1785308700,4041,4043.7,4040.7,4043.4,133
1785309000,4043.6,4045.3,4043.2,4043.9,203
1785309300,4043.8,4044.6,4042.5,4043.7,139
1785309600,4044.1,4047,4044,4046,274
1785309900,4045.6,4046,4043.3,4045,117
1785310200,4045.1,4045.9,4043.7,4044.8,179
1785310500,4044.9,4046.8,4044.7,4044.7,122
1785310800,4045.1,4046.7,4044.9,4045.3,174
1785311100,4044.9,4046.1,4043.4,4043.9,184
1785311400,4043.3,4043.7,4041.2,4042.7,137
1785311700,4042.7,4043.3,4041.4,4042.5,262
1785312000,4042.4,4043.6,4041.6,4042.8,57
1785312300,4042.7,4042.8,4039.6,4039.8,135
1785312600,4040.3,4041.3,4038.4,4038.6,151
1785312900,4039.5,4041.4,4039.4,4039.6,67
1785313200,4039.5,4039.5,4036.4,4037,115
1785313500,4036.6,4037.1,4034.8,4036.5,255
1785313800,4036.4,4037,4034.9,4035.2,106
1785314100,4035.1,4038,4034.9,4036.7,63
1785314400,4036.7,4038.2,4036.5,4037.1,55
1785314700,4037.3,4039,4036.3,4036.6,105
1785315000,4036.5,4039.3,4036.3,4038.5,140
1785315300,4038.2,4038.7,4035.9,4036.9,64
1785315600,4036.9,4037.1,4035.4,4036.6,85
1785315900,4036.4,4037.2,4034.9,4036.9,108
1785316200,4037,4037,4034.9,4035.4,59
1785316500,4035.6,4036.9,4035.6,4036.2,68
1785316800,4036.1,4036.2,4032.7,4033.7,208
1785317100,4033.3,4034,4032.5,4032.7,178
1785317400,4033,4034,4030.5,4033,370
1785317700,4032.7,4034.2,4031.8,4031.9,61
1785318000,4032.2,4034.1,4031.7,4033.2,105
1785318300,4033.5,4035.2,4033.4,4035.2,94
1785318600,4034.9,4036,4034.1,4034.4,72
1785318900,4034.3,4034.3,4031,4032.1,130
1785319200,4031.7,4033.2,4031.4,4031.6,93
1785319500,4032.4,4033,4030,4030.8,113
1785319800,4031.6,4032.3,4030.1,4030.9,72
1785320100,4030.9,4031.7,4029.3,4031.7,117
1785320400,4031.6,4031.6,4030.4,4031,75
1785320700,4030.4,4032.6,4029.5,4032.3,92
1785321000,4032.6,4033.8,4031.5,4031.5,103
1785321300,4031.4,4031.7,4028.1,4028.2,162
1785321600,4028.6,4029.1,4025.8,4027.1,347
1785321900,4026.7,4027.6,4025.9,4027.3,107
1785322200,4026.7,4028.3,4025.2,4026.4,110
1785322500,4025.9,4026.8,4025.1,4026.6,88
1785322800,4027,4029.1,4026.3,4027.2,117
1785323100,4027.3,4027.7,4024.1,4025.2,214
1785323400,4026.2,4029.3,4026,4029.3,84
1785323700,4029.2,4032.4,4027.9,4032,211
1785324000,4031.8,4032.6,4031,4031.9,70
1785324300,4031.2,4033.3,4031.2,4032.3,93
1785324600,4032.2,4032.2,4030.4,4031.6,80
1785324900,4030.7,4031.8,4029.5,4030.6,98
1785325200,4031.4,4031.6,4029.7,4030.8,168
1785325500,4030.2,4035.5,4029.6,4035,219
1785325800,4033.5,4033.9,4031,4031.4,130
1785326100,4031.3,4031.9,4030.2,4031.7,77
1785326400,4031.8,4032.6,4029.1,4030.1,113
1785326700,4029.9,4030.5,4027.8,4028.9,191
1785327000,4029.3,4030.1,4025,4026.4,265
1785327300,4026.3,4026.6,4017.4,4017.4,917
1785327600,4017.2,4019,4012.6,4014.1,840
1785327900,4014.5,4016.3,4010.8,4012,662
1785328200,4011.6,4017.2,4007.3,4016.7,916
1785328500,4016.8,4020.9,4015.5,4019.7,660
1785328800,4020.2,4020.5,4015.8,4019.2,263
1785329100,4019.7,4022,4017.9,4018.8,414
1785329400,4018.5,4020.8,4017.2,4020.3,168
1785329700,4020.5,4022.4,4019.7,4020.9,323
1785330000,4021.7,4025.1,4017,4017.1,659
1785330300,4017.1,4017.7,4014,4014.4,491
1785330600,4014.3,4017.6,4013.3,4014.1,436
1785330900,4013.7,4017.4,4012.5,4015.6,514
1785331200,4015.8,4022.1,4014.2,4018.6,957
1785331500,4018.4,4021.6,4011.5,4012.4,585
1785331800,4013,4015.3,4008.1,4015.2,863
1785332100,4015.2,4015.8,4011.9,4014.4,632
1785332400,4014,4014,4009.8,4010.9,2747
1785332700,4010.7,4014.1,4008.5,4012.6,938
1785333000,4012.7,4012.7,4004.1,4006.6,841
1785333300,4006.6,4006.6,4000,4004.9,726
1785333600,4005.5,4006.5,3999.2,4004.1,541
1785333900,4004.5,4005,3996.8,3998,579
1785334200,3997.8,3999.4,3993.4,3996.9,567
1785334500,3997,4007.4,3996.9,4005.1,1085
1785334800,4005.4,4008.2,4004,4007.4,936
1785335100,4007.2,4007.2,4001.3,4003,679
1785335400,4003.1,4007.5,4001.7,4006,450
1785335700,4005.7,4006.3,4001.2,4001.8,312
1785336000,4002.1,4004.6,3996.7,3998.9,683
1785336300,3998.9,4000.7,3996,3999.3,700
1785336600,3999.6,4003.9,3998,4003.4,501
1785336900,4003.1,4003.8,4000,4003.4,300
1785337200,4003,4007,4001.2,4006.3,364
1785337500,4006.2,4008.2,4004.2,4008,502
1785337800,4008,4008,4003.8,4005.1,214
1785338100,4004.9,4006.6,4003.1,4003.3,246
1785338400,4002.7,4009.8,4001.8,4008.6,653
1785338700,4007.9,4009.6,4006,4008.7,312
1785339000,4009,4011.6,4007.5,4007.9,593
1785339300,4008,4010.4,4005.9,4007,432
1785339600,4006.5,4008.3,4004.9,4007.8,424
1785339900,4008.1,4011.1,4006.9,4011,207
1785340200,4010.7,4012.2,4008.6,4009.2,294
1785340500,4009.2,4009.2,4006.2,4007.7,226
1785340800,4008,4010,4005.5,4007.2,249
1785341100,4007.2,4013.7,4006.8,4012.5,539
1785341400,4012.5,4013.5,4007.3,4008,335
1785341700,4007.2,4009.5,4005.6,4009.3,256
1785342000,4009.2,4015.5,4009,4012.8,488
1785342300,4013,4015.3,4012.9,4014.5,200
1785342600,4014.3,4016.7,4012.6,4015,361
1785342900,4015.1,4015.8,4013,4014.7,290
1785343200,4014.3,4015.4,4013.3,4013.7,133
1785343500,4014.4,4015.4,4012.8,4015.3,94
1785343800,4015.1,4023.6,4015.1,4023.4,499
1785344100,4022.8,4030.8,4022.8,4025.3,1227
1785344400,4025.1,4035.7,4025,4034.8,1121
1785344700,4035,4038.8,4032.7,4036,937
1785345000,4035.8,4048.4,4035.1,4039.7,1267
1785345300,4040,4045.5,4038.3,4042.7,356
1785345600,4042.9,4048.5,4042.1,4045,583
1785345900,4045,4045.9,4034.6,4036.8,875
1785346200,4037.2,4039.7,4035.6,4036.5,360
1785346500,4036,4039.4,4033.6,4039.1,623
1785346800,4039.1,4044.8,4038.5,4042.9,452
1785347100,4043.3,4045.7,4042.2,4044.8,203
1785347400,4043.8,4044.8,4041.5,4041.9,291
1785347700,4041.6,4042.1,4038.2,4041.1,347
1785348000,4041.9,4095.1,4037.5,4066,2204
1785348300,4066.2,4082.1,4065.5,4075.3,1012
1785348600,4075.2,4085.4,4071,4079.5,620
1785348900,4079.7,4082.7,4069.6,4069.6,554
1785349200,4070,4071.5,4064.4,4064.8,386
1785349500,4064.8,4066.4,4061.5,4065.3,461
1785349800,4065.7,4071.2,4050.3,4058,663
1785350100,4058.5,4070.9,4052.3,4069.2,523
1785350400,4069,4085.3,4068,4082.3,696
1785350700,4081.9,4099.9,4080.4,4097.4,876
1785351000,4097.2,4109,4091.6,4104.4,1091
1785351300,4104.4,4108.2,4099.8,4105.3,589
1785351600,4106,4115.4,4100.4,4102.1,1182
1785351900,4102.5,4103.8,4092.1,4095.3,720
1785352200,4094.7,4101,4088.4,4097.5,573
1785352500,4099,4103.6,4096.1,4097.4,542
1785352800,4096.9,4098.2,4083.3,4085.6,696
1785353100,4085,4086,4078.8,4082.1,378
1785353400,4082.6,4086.8,4065,4072.2,730
1785353700,4071.4,4074,4064.1,4067.3,385
1785354000,4067.4,4071.2,4064,4067.6,216
1785354300,4068,4070.6,4063.8,4070.4,264
1785354600,4069.2,4069.2,4060.3,4060.7,447
1785354900,4059.8,4060.4,4043.2,4044,598
1785355200,4043.6,4052,4042.6,4050.2,314
1785355500,4052,4052.2,4048.5,4051.3,56
1785355800,4050.4,4054.4,4047.4,4051,83
1785356100,4048.9,4049.6,4046.8,4046.8,47
1785356400,4048,4048.6,4043.5,4047.2,76
1785356700,4046.8,4055.3,4046.8,4055.3,44
1785357000,4053.5,4057.6,4052.4,4056.4,95
1785357300,4057,4060.5,4056.5,4060.4,68
1785357600,4061.2,4067,4061.2,4067,39
1785357900,4064.3,4068.4,4064.3,4065.6,64
1785358200,4063.5,4064,4062.1,4063.1,32
1785358500,4063.4,4066,4063.1,4065.9,49
1785362400,4126.5,4133.6,4120.9,4131.6,823
1785362700,4131.9,4132.1,4122.1,4127.5,1116
1785363000,4127.5,4135.5,4127.5,4134.4,775
1785363300,4134.2,4135.7,4131.5,4132.5,721
1785363600,4132.5,4133.1,4130.6,4132.8,497
1785363900,4132.5,4133,4130.1,4132.6,604
1785364200,4132.7,4133.8,4130.5,4133.4,627
1785364500,4133.5,4136.7,4133.2,4133.4,566
1785364800,4133.6,4139.6,4133.2,4139.3,660
1785365100,4139.1,4143.2,4137.4,4142.7,890
1785365400,4142.6,4143.7,4141.3,4142.8,521
1785365700,4142.7,4148.4,4142.7,4146.3,816
1785366000,4146.3,4153.4,4146.2,4152.9,994
1785366300,4152.9,4158.2,4152,4153.8,1097
1785366600,4154.2,4154.7,4147.9,4149,941
1785366900,4149.4,4152.2,4148,4151.1,556
1785367200,4151.1,4152.9,4149.6,4149.9,532
1785367500,4149.8,4152.6,4148.6,4151,564
1785367800,4151.4,4151.9,4148.5,4150.6,507
1785368100,4150.8,4153.3,4149.9,4150.1,459
1785368400,4150,4150.1,4147.1,4148,441
1785368700,4148.3,4151.2,4146.5,4149,699
1785369000,4149,4150.6,4144.3,4145,704
1785369300,4145.5,4146.3,4142,4142.2,738
1785369600,4142.5,4144.3,4137,4138.5,1242
1785369900,4138.6,4143.4,4138,4140.3,819
1785370200,4140.4,4140.8,4136.4,4139,689
1785370500,4139.1,4141.1,4134.8,4135,713
1785370800,4135.1,4138.4,4132.8,4138.4,931
1785371100,4138.3,4138.4,4130.2,4132.9,1229
1785371400,4133,4134.8,4128.9,4129.5,804
1785371700,4129.5,4130.9,4125.7,4127.1,938
1785372000,4126.9,4128.7,4122.2,4123.7,1071
1785372300,4123.7,4125.9,4122.2,4124.3,888
1785372600,4124,4125.6,4122.6,4125.3,576
1785372900,4125.4,4130.8,4124.3,4129.8,1335
1785373200,4130,4147.8,4127.8,4147.1,2965
1785373500,4147.4,4151,4144.3,4144.3,1996
1785373800,4144.3,4145.8,4132.9,4133.5,2024
1785374100,4133.5,4136.4,4131.2,4133.4,1507
1785374400,4133.3,4139.4,4131.7,4138.6,1306
1785374700,4138.3,4142.5,4138.2,4139,847
1785375000,4139,4144.2,4138.5,4143.6,897
1785375300,4143.6,4145.9,4142,4144.9,814
1785375600,4144.9,4147.5,4143.9,4144.3,678
1785375900,4144.5,4147.6,4141.3,4146.2,774
1785376200,4146.3,4147.9,4144.4,4146.1,454
1785376500,4146.1,4148.9,4141.7,4142.3,794
1785376800,4142.2,4148.2,4142.1,4147.1,637
1785377100,4147.4,4147.9,4144.9,4145.6,576
1785377400,4145.6,4145.9,4140,4140.1,831
1785377700,4140.1,4140.5,4137.5,4139.9,840
1785378000,4139.9,4141.3,4138.2,4140.5,558
1785378300,4140.8,4141.3,4137.9,4140.4,285
1785378600,4140.4,4140.4,4132.9,4134,1008
1785378900,4133.6,4136.2,4132.1,4134.4,799
1785379200,4134.3,4136.7,4130.9,4134.7,668
1785379500,4134.7,4134.7,4131.3,4132.5,423
1785379800,4132.2,4132.6,4127.8,4128.8,859
1785380100,4128.8,4129.3,4119,4121.3,1394
1785380400,4121.3,4127.4,4119.5,4126.6,1062
1785380700,4127,4127.5,4121.5,4121.9,579
1785381000,4122.2,4122.9,4117.8,4120.2,886
1785381300,4120.2,4121.5,4113.5,4115.2,858
1785381600,4115,4115.8,4112.4,4114,978
1785381900,4114,4114.7,4109.3,4111,959
1785382200,4111.2,4112.4,4108.5,4110.4,840
1785382500,4110.7,4113.2,4107.6,4108.4,888
1785382800,4108.3,4110.9,4108.2,4109.1,516
1785383100,4109.3,4115.5,4109.2,4115,889
1785383400,4114.9,4116.8,4114.4,4115.4,663
1785383700,4115.3,4117,4113.6,4115.7,412
1785384000,4115.8,4117,4112.4,4113.6,745
1785384300,4113.4,4113.9,4111.2,4112.9,425
1785384600,4113,4113.6,4109.1,4110.1,372
1785384900,4110,4111.6,4108.6,4108.9,313
1785385200,4109,4110.5,4107.4,4108.9,381
1785385500,4109.1,4111.9,4109,4110.7,364
1785385800,4110.6,4110.6,4108.1,4108.1,302
1785386100,4108.4,4108.9,4105.5,4106.1,698
1785386400,4106.3,4107,4104,4105.4,706
1785386700,4105.3,4108.5,4102.5,4103.5,676
1785387000,4103.2,4105.1,4102.3,4104.1,602
1785387300,4104.1,4104.3,4100.6,4102.5,858
1785387600,4102.5,4102.5,4098,4101.5,971
1785387900,4101.4,4101.9,4098.4,4101.6,488
1785388200,4101.8,4102.4,4100.1,4102.4,321
1785388500,4102.3,4102.8,4093.3,4098,1135
1785388800,4098.4,4101.1,4097.7,4100.5,540
1785389100,4100.5,4103.9,4099.2,4103.5,631
1785389400,4103.2,4108,4101.9,4104.7,1383
1785389700,4104.9,4104.9,4084.6,4088.3,2200
1785390000,4088.3,4093.9,4086.8,4090.4,1101
1785390300,4090.2,4095.5,4087.6,4089,901
1785390600,4089.3,4092.4,4087.5,4090.1,554
1785390900,4090.2,4093.1,4087.1,4090.2,631
1785391200,4090.9,4095.4,4090.7,4095.4,948
1785391500,4095.5,4096.7,4092.2,4092.4,619
1785391800,4092.9,4094.1,4088,4089.3,574
1785392100,4089,4091.1,4087.7,4090.7,510
1785392400,4090.6,4096.3,4090,4094.2,671
1785392700,4094.7,4094.7,4086.4,4090.6,924
1785393000,4090.2,4093.8,4088.3,4092.8,660
1785393300,4092.6,4094.4,4091.3,4094.1,331
1785393600,4094.4,4095.5,4091.5,4093.2,616
1785393900,4092.6,4095.2,4091.5,4093.7,549
1785394200,4093.6,4098,4093.2,4096,735
1785394500,4095.9,4096.2,4092.3,4093.8,494
1785394800,4093.9,4105.4,4092.8,4102.1,1947
1785395100,4102.2,4103.1,4100,4103.1,674
1785395400,4102.9,4105,4101.2,4103.9,723
1785395700,4103.7,4108.6,4103.7,4106.9,1519
1785396000,4106.8,4107.6,4101.8,4105.4,746
1785396300,4105.5,4105.5,4100.4,4103,716
1785396600,4103,4103.5,4097.4,4098.2,876
1785396900,4098.3,4099.2,4093,4097.3,783
1785397200,4097.5,4104.9,4097.5,4103.1,950
1785397500,4103.1,4103.9,4098.8,4099.1,479
1785397800,4099,4102.9,4097.6,4098.1,557
1785398100,4098,4098.3,4095.3,4096.1,568
1785398400,4095.9,4103.2,4093.8,4102.9,1243
1785398700,4103.2,4111.3,4102.3,4107.7,1598
1785399000,4108.1,4113.7,4107,4110.8,988
1785399300,4110.9,4114.6,4109.8,4114.4,604
1785399600,4114.5,4121.9,4113.2,4117.8,1550
1785399900,4118,4126.3,4117.6,4122.4,1434
1785400200,4122.1,4131.3,4121.2,4125.9,1980
1785400500,4125.8,4129.6,4122.3,4122.5,1644
1785400800,4122.5,4124.4,4120.7,4123.8,795
1785401100,4124,4128.8,4121.3,4121.7,844
1785401400,4121.8,4122.3,4117.3,4118,733
1785401700,4118,4120,4117.3,4119.3,421
1785402000,4119.4,4125.3,4117.9,4124.4,590
1785402300,4124.2,4127.1,4123.6,4125.2,671
1785402600,4125.2,4127.1,4122.5,4123.9,723
1785402900,4123.9,4125.7,4122.4,4124.7,475
1785403200,4124.9,4130.2,4124.5,4128.1,925
1785403500,4128.2,4130.4,4125.2,4125.7,768
1785403800,4125.6,4126.3,4118.8,4124.4,1226
1785404100,4124.4,4127.8,4123.3,4124,777
1785404400,4123.8,4124.5,4122.6,4123.8,346
1785404700,4123.9,4128,4122.2,4127.7,412
1785405000,4127.9,4131.7,4125.2,4125.4,1124
1785405300,4125.3,4125.7,4120.6,4121.4,505
1785405600,4121.6,4126.5,4121,4123.6,602
1785405900,4123.4,4130.8,4123,4129.6,803
1785406200,4129.6,4133.3,4122.7,4127.2,1632
1785406500,4127,4136,4125.8,4134.1,1274
1785406800,4134.3,4136.1,4132.8,4134.6,628
1785407100,4135,4136.5,4134,4135.1,473
1785407400,4134.8,4138,4133.7,4136,787
1785407700,4135.7,4140,4135.2,4135.5,815
1785408000,4135.3,4141.3,4135.3,4139.4,826
1785408300,4139.4,4142,4138,4138.1,569
1785408600,4138.3,4140.3,4136.1,4137.3,610
1785408900,4137.4,4138.2,4135.5,4136.3,341
1785409200,4136.5,4139.5,4136,4137.5,490
1785409500,4137.3,4141.3,4137.2,4140.1,451
1785409800,4140.3,4141.7,4136.7,4138,598
1785410100,4137.9,4140.3,4136.3,4136.4,344
1785410400,4136.4,4140,4135,4139.9,571
1785410700,4140,4140.1,4134.9,4136.5,535
1785411000,4136.4,4137.3,4134.5,4135.3,546
1785411300,4135.6,4137.7,4135,4135.7,496
1785411600,4135.8,4138.1,4135.1,4135.8,351
1785411900,4135.7,4136.2,4133.6,4134.8,353
1785412200,4134.9,4139.1,4134.5,4138.5,639
1785412500,4138.3,4138.7,4134.7,4135.7,654
1785412800,4135.7,4137.7,4132.7,4136.7,1018
1785413100,4136.6,4141,4136.6,4140.1,958
1785413400,4140.2,4140.3,4133,4137.4,957
1785413700,4137.1,4137.2,4131,4132.9,995
1785414000,4133.1,4134.9,4129.7,4134.6,1213
1785414300,4134.7,4139.8,4134.7,4136,1049
1785414600,4136.9,4145.4,4129.6,4131.9,3224
1785414900,4132.2,4136.7,4130.2,4136.2,1414
1785415200,4136,4140.3,4132.1,4135.8,1315
1785415500,4136.2,4138,4131.3,4133.6,854
1785415800,4133.5,4135.4,4125.4,4128.3,1670
1785416100,4128.2,4132.4,4126.9,4127.1,988
1785416400,4127.2,4132.3,4123.4,4126.4,2269
1785416700,4126.8,4135.2,4124.7,4131.9,1772
1785417000,4131.9,4135.4,4128.3,4135.4,877
1785417300,4135,4135.9,4131.2,4131.7,779
1785417600,4131.4,4142.4,4130.4,4140.6,2047
1785417900,4140.7,4141.3,4132.5,4138.5,1389
1785418200,4138.2,4140.5,4133.8,4134.2,2045
1785418500,4133.9,4157.7,4133.1,4149.9,6685
1785418800,4149.6,4155.3,4143.5,4147.8,3588
1785419100,4147.9,4160.5,4144.3,4154.2,4183
1785419400,4154.2,4162.3,4152.3,4161.3,3301
1785419700,4161.6,4172.6,4160.1,4171.9,4099
1785420000,4171.8,4180.2,4165.8,4167,8071
1785420300,4167.2,4169.2,4153.3,4158.6,4685
1785420600,4158.4,4162,4155.7,4157.8,2323
1785420900,4157.5,4159.7,4149.5,4149.9,2598
1785421200,4150,4157.6,4145.9,4148.8,3570
1785421500,4148.7,4155.3,4145.9,4155.1,1775
1785421800,4155.3,4162,4153.7,4159.3,2235
1785422100,4159.6,4165.4,4159.4,4165.4,1646
1785422400,4165.2,4170.7,4163.3,4170.2,2291
1785422700,4170.2,4172.7,4161,4163.8,2135
1785423000,4163.8,4164.1,4157.9,4159.1,1453
1785423300,4158.8,4160.2,4155.6,4159.1,1327
1785423600,4159.3,4159.5,4155.4,4156.6,1009
1785423900,4156.5,4157.8,4148.9,4150.1,2236
1785424200,4149.9,4149.9,4142,4144.3,2246
1785424500,4144,4156,4143.6,4154.9,1719
1785424800,4154.9,4156.5,4151.1,4153.4,1127
1785425100,4152.9,4155.8,4150.8,4155,807
1785425400,4155,4159.2,4151.4,4158.7,1127
1785425700,4158.7,4159.8,4156.8,4158,800
1785426000,4158,4166,4157.8,4164.1,1648
1785426300,4164.3,4166,4162.5,4165,1072
1785426600,4165,4167.1,4163.4,4165.9,974
1785426900,4166.1,4169.2,4165.5,4167.3,1173
1785427200,4166.8,4175,4166.6,4173.9,2109
1785427500,4173.7,4174.3,4170.1,4170.2,1094
1785427800,4170,4174.8,4167.8,4173.1,1239
1785428100,4173.3,4175.2,4172.8,4173,682
1785428400,4173.1,4178.6,4172.6,4178,1586
1785428700,4177.8,4178.1,4174.5,4174.9,737
1785429000,4175.2,4175.5,4171.8,4172.2,1046
1785429300,4172.3,4174.1,4169.3,4169.8,946
1785429600,4169.8,4171.1,4167.2,4167.7,931
1785429900,4167.7,4168.7,4166.1,4168.6,796
1785430200,4168.6,4169.3,4165.4,4167,655
1785430500,4167,4169.9,4166.6,4169.8,667
1785430800,4169.8,4170.6,4165.6,4167,1080
1785431100,4166.9,4168,4165.8,4166.6,376
1785431400,4166.6,4167.8,4163.9,4164.1,824
1785431700,4163.9,4166.1,4162.6,4165.5,794
1785432000,4165.4,4167.2,4163.6,4167.2,470
1785432300,4167,4167.1,4157,4160.6,1760
1785432600,4160.7,4161.5,4159.1,4160.1,787
1785432900,4160.1,4167.2,4159,4161.8,1323
1785433200,4161.6,4165.9,4161.6,4164.6,912
1785433500,4165,4167.4,4163,4163,852
1785433800,4163.1,4163.4,4161.4,4162.1,521
1785434100,4162,4162.4,4160,4161.5,394
1785434400,4161.5,4164.7,4161.3,4164.3,516
1785434700,4164.2,4165.6,4163.1,4165,358
1785435000,4164.9,4165.7,4163.7,4165.4,313
1785435300,4165.4,4165.6,4162.6,4163,407
1785435600,4163,4164.3,4160.1,4161,661
1785435900,4161.3,4162.6,4159.5,4162.3,448
1785436200,4162.3,4166.8,4161.8,4165.4,565
1785436500,4165.3,4165.4,4163.3,4163.4,290
1785436800,4163.5,4164.6,4162.7,4163.8,257
1785437100,4163.6,4164,4159.3,4159.7,478
1785437400,4159.7,4160.8,4157.7,4157.7,560
1785437700,4158.1,4159.4,4157.8,4158.8,316
1785438000,4158.7,4162.7,4157.8,4162.6,572
1785438300,4162.7,4164.5,4161.8,4164.2,643
1785438600,4164.5,4164.7,4162,4163.8,425
1785438900,4163.9,4172.4,4162.1,4169.6,1314
1785439200,4169.6,4170.7,4168.4,4170.3,488
1785439500,4170.2,4174.3,4169.7,4171.9,878
1785439800,4171.5,4173.6,4171.2,4173.4,379
1785440100,4173.5,4174.7,4170.9,4171.7,458
1785440400,4172,4173.2,4170.4,4171.2,505
1785440700,4171.3,4172.2,4170.1,4171.5,389
1785441000,4171.4,4172,4168.4,4168.7,688
1785441300,4168.6,4171.8,4168.3,4171,682
1785441600,4171.3,4176.6,4169.1,4176.5,1151
1785441900,4176.2,4176.4,4172.8,4173.9,292
1785442200,4173.6,4174.8,4172.3,4173.3,233
1785442500,4173.2,4174.2,4171.4,4172.8,359
1785442800,4172.9,4173.5,4171.9,4172.6,155
1785443100,4172.8,4173.5,4170.9,4171.1,240
1785443400,4171.3,4171.9,4166.9,4168.5,607
1785443700,4168.2,4168.2,4165.6,4166.4,327
1785444000,4166.3,4166.8,4161.4,4162.1,525
1785444300,4162.1,4163,4158.7,4158.7,647
1785444600,4159,4161.9,4158.4,4160.3,320
1785444900,4160.9,4163.2,4160,4162.3,300
1785448800,4162.6,4165.7,4160,4162,719
1785449100,4161.8,4164.3,4160.8,4164.2,295
1785449400,4164.3,4166.2,4163.6,4165.4,471
1785449700,4165.1,4166.9,4164.9,4166.9,542
1785450000,4166.5,4166.7,4165.4,4165.9,220
1785450300,4166,4166.9,4165.3,4165.8,240
1785450600,4166,4167.1,4165.4,4166.3,278
1785450900,4166.5,4169,4166.3,4168.5,396
1785451200,4168.4,4168.9,4168,4168.7,250
1785451500,4168.7,4169.5,4167.5,4169.3,354
1785451800,4169.1,4169.9,4168.5,4169.3,204
1785452100,4169.3,4169.5,4167.3,4167.5,203
1785452400,4167.6,4169.9,4167.6,4169.1,240
1785452700,4169.2,4170.3,4167.4,4168,351
1785453000,4168.1,4168.1,4164.9,4165.9,468
1785453300,4165.8,4165.9,4164.2,4164.9,402
1785453600,4164.9,4165.8,4163,4164.7,408
1785453900,4164.4,4165,4161.6,4162.9,470
1785454200,4162.6,4163.8,4161.7,4162.5,366
1785454500,4162.5,4164.6,4160.8,4164.4,567
1785454800,4164.2,4166.4,4163.2,4164.5,419
1785455100,4164.7,4168.8,4164.7,4167.1,533
1785455400,4166.8,4167.8,4165,4165.8,358
1785455700,4165.8,4166,4163.9,4164.3,206
1785456000,4164.7,4165.6,4160.1,4163.3,908
1785456300,4163.5,4163.5,4160,4161.7,391
1785456600,4161.6,4162.6,4159.1,4160.1,437
1785456900,4159.9,4161.3,4158.6,4160,482
1785457200,4159.8,4162.4,4157,4161.5,775
1785457500,4161.6,4161.8,4154.5,4154.8,843
1785457800,4154.8,4156.2,4151.6,4152.4,796
1785458100,4152.3,4152.8,4150.2,4151.2,578
1785458400,4151.3,4152.2,4148.8,4151.8,722
1785458700,4151.9,4152.9,4149.1,4152.2,534
1785459000,4152.2,4154.1,4151.4,4151.8,526
1785459300,4151.9,4155.1,4151.2,4153.5,548
1785459600,4153.4,4159.9,4153.4,4156.6,1821
1785459900,4156.3,4159.9,4153.7,4156.4,905
1785460200,4156.3,4156.3,4146.8,4147.1,1179
1785460500,4147,4152.6,4145,4152.4,1268
1785460800,4152.6,4153.6,4149.3,4150.7,678
1785461100,4150.6,4152.9,4148.6,4150,423
1785461400,4150.2,4150.3,4145.1,4146.2,933
1785461700,4146.2,4146.6,4142,4143,822
1785462000,4143,4145.7,4142.3,4143.9,630
1785462300,4143.9,4147.7,4141.6,4142.1,899
1785462600,4142.4,4144.1,4140,4143.4,820
1785462900,4143.4,4145.9,4142.2,4142.5,397
1785463200,4142.8,4144.8,4139.8,4143.5,730
1785463500,4143.7,4147.6,4143.5,4147.3,556
1785463800,4147,4149,4143.5,4143.8,668
1785464100,4143.9,4143.9,4138.5,4140.8,941
1785464400,4140.8,4142.5,4140.5,4140.5,271
1785464700,4140.8,4141.4,4139.5,4140.5,305
1785465000,4140.1,4142.7,4138.9,4140.2,549
1785465300,4140.1,4140.9,4139.1,4140.3,342
1785465600,4140.4,4140.8,4133.4,4133.5,1030
1785465900,4133.5,4136,4132.9,4135.4,919
1785466200,4135.6,4135.7,4131.7,4134.7,547
1785466500,4134.7,4136.7,4133.7,4134.2,371
1785466800,4134,4134.3,4131.1,4131.3,467
1785467100,4131.7,4134.2,4131.4,4132.7,401
1785467400,4132.4,4133.6,4129.7,4131.5,889
1785467700,4131.2,4131.9,4130,4131.6,423
1785468000,4131.5,4132.3,4130.1,4131.6,331
1785468300,4131.6,4134,4130.5,4133.2,492
1785468600,4133.3,4135.5,4132.9,4134.8,624
1785468900,4134.9,4137.4,4132.8,4136.7,909
1785469200,4136.5,4136.5,4133.3,4134.4,280
1785469500,4134.4,4135.4,4133.3,4133.7,334
1785469800,4133.7,4134.7,4132.4,4132.8,275
1785470100,4132.8,4133.5,4132.1,4133.1,227
1785470400,4132.7,4134,4131.8,4132.4,373
1785470700,4132.5,4133.2,4131.3,4133,299
1785471000,4133.2,4135.4,4131.2,4135.4,470
1785471300,4134.6,4135.8,4133.7,4134,378
1785471600,4134,4136.6,4132.5,4136.4,799
1785471900,4136.3,4138.3,4135.5,4137.8,596
1785472200,4138,4139.3,4137.2,4138,554
1785472500,4137.8,4139.5,4137.8,4139.4,289
1785472800,4139.2,4139.4,4137.1,4137.2,249
1785473100,4137.1,4137.8,4133.1,4133.3,722
1785473400,4133.5,4136,4132.6,4136,389
1785473700,4135.9,4138,4135.5,4137.6,425
1785474000,4137.9,4140.5,4137.6,4140.4,526
1785474300,4140.2,4141.1,4138.8,4139.5,453
1785474600,4139.4,4140.1,4137.6,4137.9,268
1785474900,4137.8,4140.5,4137.4,4139.7,269
1785475200,4139.7,4140.8,4138.3,4140.7,291
1785475500,4140.1,4140.2,4138,4139,249
1785475800,4139,4139.8,4136.7,4137,623
1785476100,4137.2,4139.1,4135.2,4137.6,516
1785476400,4137.5,4138.1,4133.6,4134.5,458
1785476700,4134.3,4134.3,4131.4,4133.6,670
1785477000,4133.6,4133.7,4131,4133.2,431
1785477300,4133.2,4133.8,4131.2,4132.1,468
1785477600,4132.2,4135.9,4130.4,4135.9,686
1785477900,4135.6,4140.2,4135.4,4139.9,611
1785478200,4139.7,4140.6,4138,4140.4,392
1785478500,4140.1,4145.2,4138.8,4144.5,968
1785478800,4144.5,4145.1,4140.2,4141.6,749
1785479100,4141.5,4144.3,4139.7,4143.1,444
1785479400,4142.8,4143.1,4135.5,4136.5,870
1785479700,4136.5,4137.9,4134.9,4136.6,663
1785480000,4136.9,4136.9,4135.4,4135.8,282
1785480300,4135.7,4139.4,4134.3,4135.6,785
1785480600,4135.7,4136.4,4133.9,4135.9,395
1785480900,4136.4,4136.9,4135,4135.3,353
1785481200,4135.1,4135.7,4133,4135.6,622
1785481500,4135.1,4136.8,4134.7,4135.8,272
1785481800,4136,4136.3,4133,4135,331
1785482100,4135.1,4136.9,4133.9,4136.5,347
1785482400,4136.2,4136.3,4132,4132.7,403
1785482700,4132.8,4133.7,4127.8,4130.1,944
1785483000,4130.4,4130.5,4126.5,4127,878
1785483300,4127.2,4130.2,4125.5,4129.3,641
1785483600,4129.5,4131.4,4129.1,4129.7,481
1785483900,4129.8,4131.9,4128.6,4129.3,519
1785484200,4129.5,4129.9,4126.9,4128.6,553
1785484500,4128.6,4129.4,4124.9,4125.1,575
1785484800,4125.3,4125.4,4119.9,4120.6,1644
1785485100,4120.6,4122.9,4119.8,4122.3,683
1785485400,4122.3,4122.6,4118.5,4119.5,620
1785485700,4119.6,4123.8,4118.4,4123.7,824
1785486000,4123.4,4124.6,4116.1,4117.4,1301
1785486300,4117.2,4118.5,4114.8,4115.7,913
1785486600,4115.6,4116.7,4110.9,4114,1413
1785486900,4114.1,4117.2,4114.1,4116.8,643
1785487200,4116.7,4118.5,4115.1,4116,763
1785487500,4116.1,4119.8,4114.6,4118,607
1785487800,4117.9,4119.1,4115,4115.1,342
1785488100,4115.3,4121.3,4114.9,4117.8,1261
1785488400,4117.5,4120.6,4117.3,4117.4,771
1785488700,4117.2,4118.7,4114.3,4114.3,698
1785489000,4114.5,4114.9,4111.7,4113.5,665
1785489300,4113.6,4114,4111.3,4112.3,455
1785489600,4112.1,4114.2,4108.2,4109.1,760
1785489900,4109,4109.8,4107.8,4108.7,754
1785490200,4108.4,4111,4107.4,4107.6,954
1785490500,4107.7,4108.6,4106.5,4107.8,575
1785490800,4107.8,4109.6,4107.5,4109.6,380
1785491100,4109.5,4113.3,4108.5,4112.9,637
1785491400,4112.7,4113.5,4112.2,4112.3,363
1785491700,4112.1,4112.6,4110.2,4111.5,304
1785492000,4111.2,4113.1,4109.6,4112.6,387
1785492300,4112.6,4114.5,4112,4114.3,450
1785492600,4114.3,4114.3,4111.7,4112.3,390
1785492900,4112.2,4112.5,4108.8,4109.8,448
1785493200,4109.8,4111.4,4107.9,4108.5,291
1785493500,4108.6,4111.1,4108.4,4109.4,248
1785493800,4109.2,4112.8,4109.1,4111.2,404
1785494100,4111.4,4112.5,4109.1,4110.2,380
1785494400,4110.1,4112,4109.6,4111.1,331
1785494700,4110.9,4113.5,4110.9,4112.6,498
1785495000,4112.3,4112.7,4110.6,4111.1,214
1785495300,4111.2,4111.6,4110,4110.9,301
1785495600,4110.8,4112,4108.3,4111.9,536
1785495900,4111.8,4114.3,4110.1,4113.5,685
1785496200,4113.7,4116,4113.2,4113.6,604
1785496500,4113.5,4115.3,4110.4,4113,661
1785496800,4113,4117.4,4112.2,4117.2,426
1785497100,4116.8,4117.2,4113.9,4115,446
1785497400,4114.9,4115,4109.7,4110.5,751
1785497700,4110.7,4112.3,4109.1,4109.5,528
1785498000,4109.5,4109.9,4105.8,4108.5,851
1785498300,4108.2,4109.6,4107.2,4108.6,337
1785498600,4108.4,4111.3,4108.3,4111.1,344
1785498900,4111.1,4111.8,4109.7,4110,451
1785499200,4110.1,4114.4,4108.8,4114.4,890
1785499500,4114.5,4115.6,4112.8,4113.5,732
1785499800,4113.6,4115.9,4111.8,4115.3,436
1785500100,4115.4,4115.6,4111.9,4113,530
1785500400,4113,4114.9,4104.9,4107,1267
1785500700,4107.1,4108.4,4103.1,4103.7,875
1785501000,4103.4,4107.6,4100.3,4104.3,2024
1785501300,4104,4107.9,4100,4100.5,1557
1785501600,4100.7,4101.6,4098.4,4100.7,1052
1785501900,4100.6,4101.9,4097.4,4097.7,1160
1785502200,4097.7,4102.5,4096.5,4101.7,1467
1785502500,4101.5,4101.5,4096.4,4096.8,987
1785502800,4096.7,4098.9,4092.1,4095.7,3110
1785503100,4096,4096,4091.3,4092.7,1234
1785503400,4092.6,4094.2,4090.2,4092.2,1209
1785503700,4092.1,4094.9,4091.4,4093.9,802
1785504000,4093.6,4103.2,4091.6,4101.5,2811
1785504300,4101.6,4101.9,4096.4,4098.9,1342
1785504600,4098.7,4100.5,4091.1,4091.5,2285
1785504900,4091.6,4093.5,4082.6,4083.6,4136
1785505200,4083.8,4086.4,4077.7,4081,3270
1785505500,4081,4084.5,4077.8,4079.2,2051
1785505800,4079.1,4085.3,4078.1,4085.1,1736
1785506100,4084.9,4088.2,4080.7,4081.2,1799
1785506400,4080.9,4088.9,4080.4,4085.8,1824
1785506700,4085.5,4086.1,4076.5,4082.9,2336
1785507000,4082.8,4088.7,4081.8,4088.3,1554
1785507300,4088,4091.5,4086,4089.7,1772
1785507600,4089.6,4095,4088.4,4091.4,1566
1785507900,4091.5,4096.5,4091.4,4094.9,1336
1785508200,4095,4097.2,4092.8,4096.8,1186
1785508500,4096.6,4098.9,4095.5,4097.1,1293
1785508800,4097.3,4099.3,4096.2,4097.6,1000
1785509100,4097.6,4101.8,4097.2,4100,1332
1785509400,4100,4105.2,4098.9,4102.2,1643
1785509700,4102.6,4106.8,4101,4105.6,1281
1785510000,4105.6,4107.2,4101,4101.3,2059
1785510300,4101.4,4105.9,4100.4,4102.2,1123
1785510600,4102.2,4104.2,4098.9,4103.5,1343
1785510900,4103.4,4109.5,4098.3,4101.6,2083
1785511200,4101.8,4102.5,4098.4,4099.4,801
1785511500,4099.3,4101.1,4096.4,4097.3,904
1785511800,4097.6,4098.7,4092.9,4094.8,1259
1785512100,4095,4099.5,4093.6,4098.6,860
1785512400,4098.6,4099.9,4096.7,4098.4,671
1785512700,4098.5,4099.4,4096.1,4096.5,554
1785513000,4096.6,4102.5,4095.9,4101.7,1235
1785513300,4101.5,4103,4100.9,4101.8,532
1785513600,4101.5,4102.2,4099.5,4100.3,468
1785513900,4100,4100.8,4097.2,4100.4,472
1785514200,4100.2,4103,4099.9,4102.5,644
1785514500,4102.3,4102.8,4099.1,4100.9,425
1785514800,4101.4,4104,4101,4102.3,534
1785515100,4102.2,4104.7,4100.4,4103.6,486
1785515400,4103.8,4105.8,4103.3,4105.3,491
1785515700,4105.3,4106.3,4102.9,4102.9,460
1785516000,4103,4103.7,4097.1,4098.6,1037
1785516300,4098.6,4101.1,4098.2,4100.1,476
1785516600,4100.1,4101.3,4098.9,4099.6,377
1785516900,4099.5,4100,4098,4099.3,269
1785517200,4099.2,4101.7,4098.3,4099.1,512
1785517500,4098.9,4100.5,4097.8,4098,386
1785517800,4097.9,4102.5,4097.3,4101.4,588
1785518100,4101.6,4103.3,4100.8,4102.9,478
1785518400,4102.8,4104.7,4101.1,4103.8,559
1785518700,4103.5,4110,4101.1,4106.7,1831
1785519000,4106.8,4109.5,4104.3,4104.3,1116
1785519300,4104.2,4107.6,4103.9,4106.3,560
1785519600,4106.4,4108.5,4106.1,4107.9,372
1785519900,4108,4111.1,4106.3,4108.4,1322
1785520200,4108.3,4111.1,4108.2,4108.9,545
1785520500,4109,4110.6,4108.5,4109.8,413
1785520800,4109.9,4111.2,4107.7,4108.4,591
1785521100,4108,4108.6,4105.7,4107.4,619
1785521400,4107.4,4107.5,4102.9,4104.1,580
1785521700,4103.9,4106.7,4103.6,4105.8,366
1785522000,4106,4107.6,4105.3,4107.1,330
1785522300,4107.2,4107.8,4106.1,4107,305
1785522600,4107.2,4107.4,4105,4105.4,296
1785522900,4105.1,4107.7,4103.9,4106.6,379
1785523200,4106.8,4107.7,4105.3,4105.4,340
1785523500,4105.3,4106.2,4104.1,4106.1,331
1785523800,4106.1,4107.9,4105.9,4106.2,302
1785524100,4106.2,4107,4105.3,4106.8,213
1785524400,4107,4108.9,4104.6,4105.2,870
1785524700,4105,4105.6,4104,4105.6,247
1785525000,4105.5,4106.1,4102.4,4104,316
1785525300,4104.1,4105.1,4103,4105,235
1785525600,4105.1,4105.7,4103.9,4104.9,274
1785525900,4105,4106.6,4104.9,4106.4,212
1785526200,4106.3,4107.5,4104.9,4106.2,405
1785526500,4106.4,4107.5,4105.5,4105.9,235
1785526800,4105.7,4110.7,4105.5,4110,476
1785527100,4110.2,4111.8,4109.1,4111.1,589
1785527400,4110.8,4110.9,4107.1,4107.5,491
1785527700,4107.4,4109,4106.5,4107.6,882
1785528000,4107.7,4108.6,4105.1,4105.2,456
1785528300,4105.1,4105.1,4101.7,4103.6,489
1785528600,4103.2,4104.5,4102.9,4104.5,229
1785528900,4104.1,4104.8,4102.8,4104.4,243
1785529200,4104.2,4105.3,4103.7,4104.5,158
1785529500,4104.4,4104.6,4103,4104.5,143
1785529800,4104.4,4107.5,4103.7,4106.9,498
1785530100,4107,4109.2,4106.9,4107.2,367
1785530400,4107.3,4109.1,4107,4107.4,184
1785530700,4107.6,4108.5,4107,4107.6,305
1785531000,4107.6,4108.3,4101,4103.4,784
1785531300,4102.9,4103.3,4097.4,4098.9,704
1785708000,4134.2,4142,4122.6,4132.2,2570
1785708300,4132.3,4135.6,4128.4,4131.9,903
1785708600,4131.7,4136.1,4130.6,4133.3,604
1785708900,4133.1,4134.1,4124,4125.5,975
1785709200,4125.7,4127.2,4120.3,4121.9,720
1785709500,4122.2,4124.4,4120.2,4122.7,637
1785709800,4122.7,4125,4120.7,4120.7,616
1785710100,4120.9,4124,4120.3,4122.2,489
1785710400,4122,4124.5,4121.1,4123.1,339
1785710700,4123.1,4123.8,4120.9,4121.2,409
1785711000,4121.2,4122.5,4119,4121.2,548
1785711300,4121.3,4122,4119.1,4120,242
1785711600,4119.8,4122.3,4119.3,4122,510
1785711900,4121.7,4122,4119.9,4120.7,257
1785712200,4120.4,4123.4,4119.1,4122.6,309
1785712500,4122.4,4127.6,4122.2,4127.6,729
1785712800,4127.5,4128.2,4123.5,4127.3,493
1785713100,4127,4128.5,4126.3,4127.9,333
1785713400,4127.9,4128.2,4125.2,4126,304
1785713700,4125.8,4126.8,4125.2,4125.4,141
1785714000,4125.4,4125.8,4123.6,4125.2,307
1785714300,4125.5,4128.1,4123.9,4124.7,697
1785714600,4124.6,4129.6,4124,4128.1,635
1785714900,4127.8,4130.6,4127.4,4130.6,432
1785715200,4130.6,4134.7,4129.9,4133.5,1146
1785715500,4133.5,4134.2,4128.3,4128.5,667
1785715800,4128.6,4129.4,4125.7,4127.8,582
1785716100,4127.7,4128.8,4125.1,4125.8,458
1785716400,4125.8,4125.9,4121.9,4122,702
1785716700,4122.3,4123.3,4116.7,4119.9,1822
1785717000,4119.6,4125.7,4118.4,4119.9,1198
1785717300,4119.9,4120.7,4114.8,4115.4,1146
1785717600,4115.5,4116.6,4112.3,4113.9,1181
1785717900,4113.4,4116.1,4111.8,4113.6,984
1785718200,4113.4,4116.4,4112.8,4114.4,571
1785718500,4114.1,4115.4,4111.1,4112.7,625
1785718800,4112.9,4119,4107.3,4113.9,2335
1785719100,4114,4117.5,4112,4115.5,940
1785719400,4115.7,4115.9,4106.2,4107.6,897
1785719700,4108.4,4109.3,4102.7,4104.4,1180
1785720000,4104.4,4109.6,4104.3,4109.4,620
1785720300,4109.1,4110.5,4107.6,4108.2,706
1785720600,4108.3,4109.4,4105.5,4109.3,671
1785720900,4109.2,4112.6,4108,4109.1,864
1785721200,4109,4110,4102.9,4106.8,774
1785721500,4106.9,4111,4105.5,4109,530
1785721800,4108.8,4111.4,4106,4106.9,501
1785722100,4106.9,4113.5,4105.6,4112.3,767
1785722400,4112.9,4116.9,4112.9,4115.1,794
1785722700,4115.2,4116.3,4111.5,4111.8,598
1785723000,4111.9,4112.4,4109,4111.4,519
1785723300,4111.1,4116.3,4107.6,4115.9,881
1785723600,4116.3,4116.6,4110.3,4110.7,492
1785723900,4111.2,4114.5,4109.8,4113.7,437
1785724200,4113.9,4115.1,4108.8,4111.2,751
1785724500,4111.4,4114.4,4108,4113.2,538
1785724800,4113.7,4116.1,4112.9,4115,639
1785725100,4114.9,4122.7,4113.7,4119.2,986
1785725400,4119.3,4120.7,4117.8,4117.9,589
1785725700,4118,4119.9,4116.1,4117.6,482
1785726000,4117.6,4119.5,4116.2,4117.8,327
1785726300,4118.1,4120.8,4117.4,4119.7,376
1785726600,4119.4,4120.3,4118.2,4119.8,195
1785726900,4119.5,4123.1,4118.2,4122.7,717
1785727200,4122.9,4123.7,4116.8,4118,832
1785727500,4118.2,4120.5,4116.9,4118.9,522
1785727800,4119.2,4120.2,4117.7,4118.3,460
1785728100,4118.6,4120.3,4116.4,4118.1,384
1785728400,4118.2,4118.9,4115.5,4115.8,247
1785728700,4116,4116.7,4114.4,4116.7,401
1785729000,4116.6,4121.7,4116.6,4121.2,651
1785729300,4121.2,4122.1,4119.4,4120.4,254
1785729600,4120.4,4121.9,4119.4,4121.6,325
1785729900,4121.5,4123.4,4120.4,4120.5,349
1785730200,4120.3,4121.8,4120.3,4121.4,159
1785730500,4121.6,4125.8,4121.2,4124.8,669
1785730800,4124.6,4126.2,4124,4124.2,406
1785731100,4124,4125,4123.2,4123.3,235
1785731400,4123.4,4126.4,4123.4,4126,364
1785731700,4126,4126.5,4123.8,4125.3,290
1785732000,4125.2,4126,4124.2,4126,178
1785732300,4125.8,4127.1,4124,4126,287
1785732600,4126.2,4127.1,4122.9,4123.2,275
1785732900,4123.2,4123.5,4119.1,4119.1,485
1785733200,4119.1,4120.5,4117.5,4118,666
1785733500,4117.5,4118.3,4115.8,4116.6,523
1785733800,4116.2,4116.2,4111.5,4112.6,761
1785734100,4112.4,4113.2,4109.1,4111.4,568
1785734400,4111.6,4114.4,4111,4114.2,316
1785734700,4114,4118,4113.6,4115.6,398
1785735000,4115.1,4115.8,4110.9,4111.6,532
1785735300,4111.1,4115.1,4110.3,4112.1,416
1785735600,4112.3,4119.8,4111.5,4118.6,706
1785735900,4118.6,4118.8,4114,4115.4,424
1785736200,4115.5,4120.5,4114.7,4120.2,332
1785736500,4120.4,4125.1,4119.7,4124.3,727
1785736800,4124.3,4126.5,4122.6,4123,891
1785737100,4123.4,4125.7,4122,4123,469
1785737400,4123.1,4123.5,4121.2,4121.4,234
1785737700,4121.3,4125.3,4120.6,4124.8,311
1785738000,4124.9,4127.3,4123.1,4126.1,582
1785738300,4126.2,4126.6,4121.3,4123.7,432
1785738600,4123.8,4124.1,4115.8,4115.8,770
1785738900,4116,4122.6,4115.7,4121.2,632
1785739200,4121.5,4121.6,4119.6,4120.6,173
1785739500,4120.6,4122.6,4118.2,4118.8,486
1785739800,4118.4,4120.3,4118,4119.3,322
1785740100,4119.2,4121.4,4118.7,4119.1,338
1785740400,4119,4120.4,4114.9,4116.4,597
1785740700,4116.2,4119.1,4114.7,4118.1,322
1785741000,4118,4119.6,4116.5,4116.6,276
1785741300,4116.6,4117.2,4108.3,4109.7,1415
1785741600,4109.9,4111.8,4107.3,4111.8,788
1785741900,4111.5,4114.4,4110.9,4113.5,399
1785742200,4113.6,4115.8,4112.9,4115.4,320
1785742500,4115.2,4117.3,4111.9,4115.2,526
1785742800,4115.1,4115.2,4113.6,4115,314
1785743100,4115.1,4116.6,4113.9,4114.9,271
1785743400,4114.8,4119.1,4114.4,4118.5,419
1785743700,4118.4,4119,4116.6,4117,398
1785744000,4117,4117.3,4113.8,4116.2,521
1785744300,4116.4,4117.1,4115.1,4116.1,216
1785744600,4116,4117.9,4115.4,4117.4,285
1785744900,4117.4,4118.2,4112.4,4113.2,393
1785745200,4113.4,4114.8,4113.1,4114.2,201
1785745500,4114.3,4115.7,4109.9,4111.5,618
1785745800,4111.4,4113.8,4110,4111.8,399
1785746100,4111.5,4116.3,4110.7,4115.7,449
1785746400,4115.3,4115.6,4113.6,4113.9,164
1785746700,4113.8,4115.7,4113.2,4114.8,218
1785747000,4115.2,4115.6,4113.5,4114.9,126
1785747300,4115,4117,4114.3,4115.5,216
1785747600,4115.1,4116,4112.9,4113.2,180
1785747900,4113.2,4115.2,4112.8,4115.2,267
1785748200,4115.2,4118,4115.1,4117.3,235
1785748500,4117.2,4117.2,4113.9,4114.6,375
1785748800,4114.4,4114.7,4108.2,4110.9,742
1785749100,4111,4112,4107.8,4108.6,428
1785749400,4108.5,4109.2,4102.5,4103,1863
1785749700,4103.4,4109.2,4102.9,4108.6,819
1785750000,4108.8,4111.1,4107.7,4109.8,521
1785750300,4109.7,4113.1,4109.7,4112.1,464
1785750600,4112.3,4114.4,4112,4113.3,411
1785750900,4113,4114.2,4110.7,4111.5,465
1785751200,4111.7,4113.2,4109.3,4110.9,428
1785751500,4111.2,4111.7,4109.7,4110.3,181
1785751800,4110.3,4113.5,4110.2,4112.8,218
1785752100,4112.5,4113.6,4110.3,4111.3,227
1785752400,4111.3,4111.8,4108.9,4109.6,346
1785752700,4109.7,4111.4,4108.3,4110,259
1785753000,4110,4110,4106.5,4108,387
1785753300,4108.3,4108.8,4107.2,4108.5,209
1785753600,4108.8,4108.9,4104.9,4105.4,483
1785753900,4105.3,4107.1,4104.8,4105.1,308
1785754200,4105,4105.3,4101,4104.9,604
1785754500,4104.6,4105.9,4102.8,4105.8,394
1785754800,4105.6,4108.5,4103.7,4108.2,609
1785755100,4108.3,4109.3,4105.7,4106.8,328
1785755400,4106.9,4107,4104.2,4106,295
1785755700,4106.1,4106.1,4103.2,4104,232
1785756000,4104.2,4104.4,4101.5,4104.1,410
1785756300,4103.7,4106.1,4103.2,4104.5,261
1785756600,4104.3,4107.5,4103.9,4106.7,373
1785756900,4107.1,4108.3,4105.9,4107.9,356
1785757200,4107.5,4111.6,4107.3,4110,542
1785757500,4110,4117.6,4108.9,4117.4,728
1785757800,4117.4,4120,4115.6,4117.5,1209
1785758100,4117.7,4119,4116.2,4118.8,552
1785758400,4118.9,4121,4116,4116.8,1012
1785758700,4117.3,4117.6,4114.5,4116.2,554
1785759000,4116,4116.6,4110.6,4112.1,682
1785759300,4112,4112.5,4106.8,4107.1,744
1785759600,4107,4110.1,4104.6,4108.4,1283
1785759900,4108.6,4109.7,4106.5,4107,497
1785760200,4107.2,4109.2,4103.9,4108.1,1003
1785760500,4107.9,4108.1,4101.7,4103.5,909
1785760800,4103.5,4103.7,4098.1,4101.1,1310
1785761100,4101,4102.5,4099.2,4099.7,621
1785761400,4099.5,4102.3,4099,4101.2,503
1785761700,4101.5,4105.1,4101,4103.3,977
1785762000,4103.5,4109.8,4096.5,4097.6,2743
1785762300,4097.4,4102,4097,4099.7,1159
1785762600,4099.6,4100.2,4092.7,4094.1,1322
1785762900,4094.3,4095.9,4090.4,4091.7,2009
1785763200,4091.7,4092.7,4088,4089.8,1692
1785763500,4089.7,4090.7,4086.6,4089.4,1238
1785763800,4089.3,4091,4084.8,4086.5,1985
1785764100,4086.7,4087.2,4074,4081.5,4429
1785764400,4081.4,4088.9,4079.6,4087.1,2128
1785764700,4087.1,4090.6,4083.1,4084.6,1984
1785765000,4084.4,4088.1,4083.2,4085.1,1044
1785765300,4085.2,4089.1,4083.5,4086.8,722
1785765600,4086.6,4092,4080.1,4084.4,2586
1785765900,4084.4,4087.9,4082.3,4082.4,1001
1785766200,4082.5,4089.7,4081.8,4088.4,1082
1785766500,4088.1,4090.1,4086,4086.6,814
1785766800,4086.5,4091.2,4085.1,4088.8,828
1785767100,4089.3,4091.3,4087.4,4087.8,606
1785767400,4087.6,4090.7,4087.1,4090.3,623
1785767700,4090.3,4093.2,4088,4088.3,1051
1785768000,4088.4,4093.6,4087.3,4091.8,827
1785768300,4092,4092.1,4089.1,4090.9,642
1785768600,4091.1,4092.3,4089.1,4091,925
1785768900,4091.6,4095,4091.1,4091.5,740
1785769200,4091.8,4092,4086.6,4087.2,988
1785769500,4087.5,4092.4,4085.4,4089.9,1368
1785769800,4089.8,4090.8,4087.1,4088.4,575
1785770100,4088.3,4092.9,4088.3,4092,708
1785770400,4092,4093.8,4091.1,4092.6,621
1785770700,4092.6,4093.1,4085.9,4088,1250
1785771000,4088.1,4089.8,4086.2,4088.3,525
1785771300,4088.3,4092.4,4088.3,4092.2,777
1785771600,4092.1,4094.4,4091.7,4092.2,583
1785771900,4092.1,4096.6,4092.1,4092.9,815
1785772200,4093,4095.4,4092.8,4094,318
1785772500,4093.6,4093.6,4090.8,4091.8,429
1785772800,4091.5,4093,4090.6,4092,312
1785773100,4092,4092,4089.9,4090.6,263
1785773400,4091.2,4091.8,4090.6,4091.5,224
1785773700,4091.8,4093.2,4090.5,4091.3,417
1785774000,4091.5,4093.4,4090.2,4093.2,274
1785774300,4093.4,4094,4091.9,4092.6,348
1785774600,4092.5,4093.4,4091.1,4093.4,249
1785774900,4093.2,4094.5,4092,4092.3,347
1785775200,4092.8,4094.9,4092.8,4094.2,321
1785775500,4094.4,4094.5,4092.9,4092.9,217
1785775800,4092.9,4093.8,4091.3,4091.8,258
1785776100,4091.6,4093.3,4091.3,4092.7,221
1785776400,4092.7,4093.2,4088.7,4089.6,497
1785776700,4089.5,4090.6,4089.4,4090.3,244
1785777000,4090.3,4090.3,4089.3,4089.8,216
1785777300,4089.7,4093.6,4089.7,4092.2,654
1785777600,4092.1,4092.2,4089.5,4090.3,481
1785777900,4090.9,4092.1,4089.5,4090,489
1785778200,4090.2,4091,4089.5,4090.7,282
1785778500,4090.7,4092.7,4090.3,4092.1,332
1785778800,4092.2,4092.3,4091,4091.9,159
1785779100,4092,4092.3,4089.8,4089.8,185
1785779400,4089.8,4090.3,4086.2,4086.6,516
1785779700,4086.4,4087.3,4086,4086.2,345
1785780000,4086.4,4088.3,4085.4,4087.8,555
1785780300,4087.7,4093,4087.7,4092.4,519
1785780600,4092.5,4094.5,4090.7,4090.8,558
1785780900,4091,4095.2,4090.9,4093.3,483
1785781200,4093.5,4094.5,4092.5,4093,321
1785781500,4093,4094.3,4092.1,4093.9,192
1785781800,4093.7,4094.4,4092.5,4092.9,204
1785782100,4092.8,4094.5,4092.8,4093.6,121
1785782400,4093.6,4097.7,4093.3,4097.5,444
1785782700,4097.3,4098.8,4096.3,4098.5,537
1785783000,4098.5,4100,4097.7,4099.6,474
1785783300,4099.8,4101.1,4098.8,4099.3,485
1785783600,4099.7,4104.5,4099.6,4104.1,946
1785783900,4103.9,4105.5,4100.9,4102,845
1785784200,4102.1,4104.4,4101,4101.9,349
1785784500,4102.1,4105.3,4101.9,4103.7,365
1785784800,4103.7,4109,4103.5,4108.7,784
1785785100,4108.8,4110.4,4107.7,4108.7,613
1785785400,4108.8,4111.6,4107.7,4108.8,614
1785785700,4109,4111,4108.8,4109.9,319
1785786000,4110.1,4110.7,4108.7,4110,234
1785786300,4110.1,4111.7,4108.5,4110.6,434
1785786600,4110.8,4111.9,4109.6,4110.3,437
1785786900,4110.2,4110.3,4107.7,4108.3,734
1785787200,4108.2,4108.5,4106.1,4107.4,485
1785787500,4107.6,4108,4106.6,4107.8,113
1785787800,4107.7,4109,4106.7,4108.8,295
1785788100,4108.4,4108.6,4107.5,4107.5,117
1785788400,4107.8,4110.9,4107.3,4110.1,151
1785788700,4110.4,4111.9,4109.7,4110.3,245
1785789000,4110.5,4114.4,4109.9,4113.8,493
1785789300,4113.6,4114.2,4112.7,4113.8,176
1785789600,4113.4,4113.6,4112.2,4112.3,130
1785789900,4112.6,4113.2,4111.8,4112.6,276
1785790200,4112.4,4113.5,4110.5,4111.1,220
1785790500,4111.2,4112.4,4110.8,4111,220
1785794400,4109.6,4110.9,4105.6,4107,455
1785794700,4107.3,4107.9,4104.7,4106.1,406
1785795000,4106,4107.7,4105.2,4107,164
1785795300,4107,4107.9,4106.2,4106.7,153
1785795600,4106.4,4108.3,4106.3,4107.6,123
1785795900,4107.8,4107.8,4106.3,4107.8,148
1785796200,4107.6,4109.2,4107.1,4108.7,203
1785796500,4108.9,4109.2,4108,4109.1,191
1785796800,4109,4109.1,4108.1,4108.2,85
1785797100,4108.3,4108.9,4107.3,4107.7,196
1785797400,4107.7,4108.2,4106.9,4107,169
1785797700,4107.2,4109.5,4107,4108.7,196
1785798000,4108.4,4109.6,4106.6,4108.6,356
1785798300,4108.7,4111,4107.8,4108.2,629
1785798600,4107.7,4107.7,4105.5,4107.2,279
1785798900,4106.9,4108.5,4106.2,4108.2,271
1785799200,4108.2,4110.5,4106.4,4108.3,611
1785799500,4108.2,4108.5,4106.8,4107.4,186
1785799800,4107.4,4107.7,4106.8,4107.4,96
1785800100,4107.3,4108.5,4106.9,4107.9,124
1785800400,4107.8,4108.4,4107.2,4108.1,101
1785800700,4108.1,4109.7,4106.9,4107.6,502
1785801000,4107.5,4108.5,4107.1,4108.1,374
1785801300,4107.7,4109.4,4107.7,4109.4,132
1785801600,4109.3,4119,4108.6,4115.4,1654
1785801900,4115.1,4123.2,4114.8,4122.8,980
1785802200,4122.9,4125,4118.6,4119.3,1188
1785802500,4119.3,4120.4,4117.6,4118.6,547
1785802800,4118.5,4119.4,4113.7,4115,709
1785803100,4114.9,4116.8,4114,4114.7,440
1785803400,4115,4116.6,4113.3,4115.7,389
1785803700,4115.8,4116,4112,4113.9,466
1785804000,4113.7,4113.9,4111.1,4112,346
1785804300,4112.2,4113.5,4111,4112.7,466
1785804600,4112.5,4113.9,4110,4111.1,826
1785804900,4111,4111.4,4104.3,4105,1241
1785805200,4104.8,4106.3,4100.7,4102.4,2531
1785805500,4102.4,4102.7,4097.9,4100.4,1143
1785805800,4100.1,4104.1,4098.6,4102.5,869
1785806100,4102.7,4106.4,4102.5,4105.4,570
1785806400,4105.6,4106.6,4103.4,4104.3,682
1785806700,4104.5,4108.1,4103.6,4104.7,588
1785807000,4104.8,4107.2,4103.7,4104.4,646
1785807300,4104.5,4111.4,4104.4,4108.2,1114
1785807600,4108.2,4116.3,4108,4114.9,1099
1785807900,4114.6,4116.2,4113,4113.1,667
1785808200,4112.9,4117.9,4112.2,4115.6,826
1785808500,4115.9,4117.2,4114,4114.7,450
1785808800,4114.8,4116.9,4112.2,4112.5,646
1785809100,4112.7,4113.1,4111.3,4112.4,408
1785809400,4112.2,4114.7,4111.5,4113.9,399
1785809700,4113.9,4115,4113,4114.5,259
1785810000,4114.4,4115.5,4112.6,4113.1,299
1785810300,4112.8,4113.5,4111.1,4112,426
1785810600,4112,4115.7,4111.1,4113.4,402
1785810900,4113.3,4120.8,4113.3,4119.1,839
1785811200,4119.3,4119.5,4115.8,4117.6,481
1785811500,4117.8,4118.3,4116.1,4116.4,287
1785811800,4116.5,4117.5,4115.5,4115.7,262
1785812100,4115.8,4117,4113.6,4114.6,447
1785812400,4114.5,4116.4,4113.2,4113.2,299
1785812700,4113.2,4114.3,4112,4113.8,344
1785813000,4113.8,4116.1,4112.9,4113.8,329
1785813300,4113.7,4116.7,4113.5,4116,287
1785813600,4116,4117.6,4114.2,4115.5,342
1785813900,4115.8,4115.8,4113.1,4113.6,267
1785814200,4113.4,4114.1,4110.6,4114.1,530
1785814500,4113.6,4114,4111.3,4111.3,243
1785814800,4111.4,4111.8,4107.6,4107.9,655
1785815100,4108.1,4109.8,4107.6,4109.3,313
1785815400,4109.5,4110.9,4109.5,4110.2,213
1785815700,4110.2,4110.5,4107.1,4107.8,330
1785816000,4107.8,4108.5,4106.2,4107.8,478
1785816300,4107.7,4109.6,4107,4109.6,320
1785816600,4109.8,4112.1,4109.3,4111.8,294
1785816900,4112,4115,4111.9,4112.1,695
1785817200,4112.3,4113.4,4111.2,4113.1,246
1785817500,4113.2,4117.2,4112.9,4116.6,505
1785817800,4116.9,4119.7,4115.9,4118.4,652
1785818100,4118.3,4119,4117.4,4119,229
1785818400,4118.8,4119.4,4117.7,4118,295
1785818700,4118,4122,4117.7,4120.3,544
1785819000,4120.2,4121,4118.9,4119.9,349
1785819300,4119.9,4121.2,4118.2,4119.2,271
1785819600,4119.5,4120.3,4117.1,4117.4,436
1785819900,4117.6,4118.7,4115.8,4116,381
1785820200,4116.2,4116.4,4112.8,4113.6,590
1785820500,4113.5,4117.6,4112.8,4117.6,396
1785820800,4117.5,4119.4,4116.7,4119.4,328
1785821100,4119.3,4119.9,4118.2,4119.3,215
1785821400,4119.3,4123.8,4117.7,4117.8,1071
1785821700,4118,4118.4,4115.7,4116.8,368
1785822000,4116.4,4119.3,4115,4118.6,445
1785822300,4118.8,4120.4,4116.5,4117,416
1785822600,4116.8,4117.8,4114.4,4115.1,342
1785822900,4115,4119.1,4114.4,4117.3,575
1785823200,4117.7,4121.8,4117.7,4121.5,517
1785823500,4120.2,4122.1,4119.3,4119.7,379
1785823800,4119.9,4121.3,4118.8,4120.1,325
1785824100,4120.1,4120.3,4117.4,4118.2,350
1785824400,4118.2,4120.8,4117.8,4118.8,339
1785824700,4118.8,4119.6,4115.3,4115.6,314
1785825000,4115.8,4115.8,4112.1,4112.5,523
1785825300,4112.4,4113.3,4111.3,4112.8,380
1785825600,4112.6,4115.9,4112.5,4115.9,432
1785825900,4115.9,4118.5,4115.6,4117.9,409
1785826200,4117.8,4118.6,4115.4,4116.1,368
1785826500,4116,4119.7,4114.6,4119.3,259
1785826800,4119.4,4121.3,4118.2,4120.8,464
1785827100,4120.6,4121.9,4119.9,4120.6,495
1785827400,4120.2,4121.5,4116.7,4117.1,500
1785827700,4117.1,4121.4,4116.8,4119.2,460
1785828000,4119.4,4121.7,4118.5,4121.7,415
1785828300,4121.7,4121.8,4118.6,4119.3,384
1785828600,4118.9,4122.9,4118.8,4120.6,434
1785828900,4120.8,4122.8,4117.5,4119.1,754
1785829200,4119.4,4120.9,4118.4,4118.8,203
1785829500,4119.1,4121.3,4118.3,4120.1,215
1785829800,4119.9,4122.5,4119.8,4121,218
1785830100,4121.1,4121.8,4120.1,4121.8,145
1785830400,4121.9,4129.5,4120.7,4126.3,1730
1785830700,4126.4,4127.3,4125,4125.5,679
1785831000,4125.3,4127.6,4124.3,4124.4,581
1785831300,4124.4,4124.9,4122.6,4123.1,289
1785831600,4123.2,4123.5,4117.5,4118.7,689
1785831900,4118.9,4119.7,4116.3,4119.7,652
1785832200,4119.1,4120.4,4116.9,4118.6,428
1785832500,4118.5,4120.7,4114.5,4115,802
1785832800,4115,4116,4114.3,4115.3,416
1785833100,4115.2,4115.5,4111.7,4112.1,526
1785833400,4112,4113.5,4111.1,4112.4,361
1785833700,4112.2,4112.3,4110.1,4110.7,332
1785834000,4110.6,4111.1,4108.7,4109.1,684
1785834300,4109.1,4109.3,4106.1,4106.9,782
1785834600,4107,4107.1,4103.6,4106.5,692
1785834900,4106.3,4107.8,4105.4,4106.6,382
1785835200,4106.5,4107.6,4104.4,4106.2,474
1785835500,4106.2,4107.6,4105.3,4105.9,503
1785835800,4106.2,4107.9,4104.7,4105.5,828
1785836100,4105.5,4105.5,4101.9,4103.4,599
1785836400,4103.5,4106.2,4103.5,4106.2,400
1785836700,4106.2,4106.8,4103.8,4106.1,463
1785837000,4105.9,4106.1,4103.3,4103.9,245
1785837300,4103.9,4105.8,4103.1,4105.8,174
1785837600,4105.5,4105.7,4104.1,4105.5,195
1785837900,4105.5,4105.8,4102.9,4102.9,276
1785838200,4102.9,4105.1,4102.5,4104.8,234
1785838500,4104.7,4105.4,4101.2,4103.9,463
1785838800,4103.8,4104.8,4103,4104.3,172
1785839100,4104.2,4105.5,4103.5,4104.7,159
1785839400,4104.7,4107.4,4104.7,4106,428
1785839700,4105.9,4106.2,4104.5,4104.7,153
1785840000,4104.8,4109.9,4101.9,4108.2,988
1785840300,4108.4,4116.5,4108.1,4114.1,1999
1785840600,4114.1,4114.9,4109,4110.8,818
1785840900,4110.6,4111.9,4108.9,4109.6,307
1785841200,4109.4,4111.6,4108.2,4110.9,468
1785841500,4110.8,4111.5,4108.2,4110.8,314
1785841800,4110.8,4114.8,4109.7,4112.7,518
1785842100,4112.4,4113.8,4111.8,4111.8,262
1785842400,4111.4,4115.2,4111.3,4114.4,456
1785842700,4114.6,4117.1,4114.1,4117,580
1785843000,4117.2,4121.4,4116,4118.7,1222
1785843300,4118.6,4120.7,4117.8,4120,472
1785843600,4120,4127.3,4116.2,4126.6,1740
1785843900,4126.7,4137.4,4123.9,4133.4,3711
1785844200,4133.4,4141.6,4131.6,4133.2,2474
1785844500,4133,4133.5,4126.2,4132,1879
1785844800,4132.3,4133.4,4122.5,4125.2,1941
1785845100,4125.4,4127.1,4119,4119.9,1623
1785845400,4120,4121.3,4117.6,4118.6,1124
1785845700,4118.8,4122.7,4117.7,4122.3,1009
1785846000,4122.5,4125.7,4122,4123.3,1177
1785846300,4123.7,4127.1,4122.7,4125,936
1785846600,4124.9,4133.4,4124.9,4133,1781
1785846900,4133.1,4140.8,4132.6,4139.5,2398
1785847200,4139.2,4141.4,4135,4135,1950
1785847500,4135.1,4136.1,4132.4,4133.1,1160
1785847800,4133.1,4134.8,4130.2,4131,1010
1785848100,4131,4132.9,4126.2,4127.7,1284
1785848400,4128,4128.9,4119.5,4120.6,2454
1785848700,4120.9,4122.8,4117.6,4121.3,1635
1785849000,4121.4,4123.4,4118.9,4120.6,879
1785849300,4120.5,4122.4,4119.2,4120.3,580
1785849600,4121,4148,4121,4138.5,6525
1785849900,4138.1,4139,4134.3,4135.4,1851
1785850200,4135.4,4141.6,4132.5,4140,2888
1785850500,4140,4146,4139.7,4145.2,2716
1785850800,4145.5,4148.7,4140.3,4140.4,2402
1785851100,4140.4,4150.9,4138.4,4149.6,3133
1785851400,4149.8,4151.6,4143.3,4144.3,1926
1785851700,4144,4144.6,4140.2,4141.5,1090
1785852000,4140.8,4147.8,4140.1,4145.1,1787
1785852300,4145.1,4148.3,4142.2,4147.4,1226
1785852600,4147.1,4149.4,4145.3,4147.2,1171
1785852900,4147.3,4149.2,4139.1,4140.2,1524
1785853200,4140.6,4141.9,4137.2,4138.9,1556
1785853500,4139,4143.7,4138.2,4140.5,1317
1785853800,4140.4,4143.6,4133.8,4134.8,2494
1785854100,4134.6,4142.3,4131.4,4135.8,2889
1785854400,4135.9,4138,4133.7,4136.9,939
1785854700,4136.6,4138.2,4134.7,4137.5,1170
1785855000,4137.3,4141.6,4137.1,4140.8,1075
1785855300,4140.9,4141.7,4138.7,4140.3,607
1785855600,4140.3,4141,4137.9,4138.4,831
1785855900,4138.4,4142.2,4136.5,4142.1,701
1785856200,4141.8,4142.7,4140,4140.8,878
1785856500,4141,4141.3,4132.5,4133.1,1443
1785856800,4133.3,4134.5,4130.2,4132.4,1303
1785857100,4132.4,4135.1,4131.5,4135,710
1785857400,4134.7,4136.7,4133.2,4134.1,626
1785857700,4134.1,4144.3,4132.9,4140,2070
1785858000,4140.1,4144.2,4140,4140.8,992
1785858300,4140.6,4142.6,4139.5,4140.1,667
1785858600,4140.2,4144.8,4140.1,4144.5,900
1785858900,4144.2,4145.8,4142.9,4144,917
1785859200,4144.4,4145.7,4142.5,4143.2,725
1785859500,4143.3,4143.9,4141.2,4143.8,574
1785859800,4143.5,4144.4,4141.1,4141.7,576
1785860100,4142,4142.6,4139.8,4140.4,374
1785860400,4140.4,4145.3,4140.3,4144,684
1785860700,4143.6,4147,4142.8,4144.7,664
1785861000,4144.5,4145.5,4143.4,4144.8,485
1785861300,4144.8,4144.8,4141.6,4142.7,528
1785861600,4142.7,4146.5,4142.2,4146.1,599
1785861900,4145.8,4150.7,4145.5,4150.2,984
1785862200,4149.7,4150.8,4147.9,4147.9,645
1785862500,4147.8,4150.6,4147.1,4150.3,439
1785862800,4150,4159.9,4149.4,4159.3,2353
1785863100,4159.6,4163.8,4156.9,4157.2,1520
1785863400,4156.9,4159,4155.1,4157.2,1108
1785863700,4157.3,4158.4,4154.1,4154.7,726
1785864000,4154.9,4158,4154.5,4157,458
1785864300,4157,4157.8,4151.2,4152,1197
1785864600,4151.5,4151.9,4148.6,4150.9,778
1785864900,4150.6,4153,4150.6,4151.8,453
1785865200,4151.9,4153.4,4150.9,4152.5,394
1785865500,4152.6,4153.8,4150.3,4150.8,578
1785865800,4150.8,4151.4,4146.4,4146.5,1059
1785866100,4146.6,4148,4142.9,4143.2,1322
1785866400,4142.8,4145.6,4141.7,4143.6,1068
1785866700,4143.5,4145.8,4143.5,4144.7,396
1785867000,4144.9,4145.5,4143.1,4145.5,348
1785867300,4145.2,4145.6,4142.8,4143.3,309
1785867600,4143.3,4146.4,4142.9,4143.7,700
1785867900,4143.7,4145,4141,4141.4,527
1785868200,4141.5,4142.7,4138.7,4139.7,784
1785868500,4139.8,4140.6,4135,4135.9,1011
1785868800,4135.7,4137,4133.2,4133.4,991
1785869100,4133.4,4137.2,4132.1,4136.6,654
1785869400,4136.7,4137.8,4135.6,4136.6,498
1785869700,4136.6,4138.1,4135.8,4136.7,286
1785870000,4136.7,4139,4135.5,4137.5,474
1785870300,4137.6,4141.1,4137,4140.9,456
1785870600,4140.9,4141.2,4138.8,4138.8,684
1785870900,4139,4141.9,4138.4,4141.3,380
1785871200,4141.4,4141.5,4137.2,4137.4,481
1785871500,4137.3,4138.2,4136,4137.3,454
1785871800,4137.3,4138,4136.1,4137.6,293
1785872100,4137.8,4138.4,4136.8,4137.9,208
1785872400,4137.7,4139.5,4137.7,4138.2,322
1785872700,4138.4,4139.2,4136.1,4137.1,395
1785873000,4137.3,4137.6,4133.8,4134.2,735
1785873300,4134.2,4136.5,4133.2,4135.6,745
1785873600,4135.3,4136.4,4135.1,4135.6,213
1785873900,4135.4,4136.9,4135.1,4136.4,163
1785874200,4136.9,4137.2,4135.2,4136,296
1785874500,4135.8,4135.8,4131.7,4132.1,406
1785874800,4132.2,4133,4131.2,4132.2,177
1785875100,4132,4133.3,4131.7,4132.4,159
1785875400,4132.1,4134,4132,4133.7,325
1785875700,4133.8,4134.7,4133.6,4133.8,152
1785876000,4134.3,4135.5,4134,4134.5,286
1785876300,4134.4,4134.5,4132.8,4133.4,336
1785876600,4133.6,4135.1,4133.3,4133.8,203
1785876900,4133.7,4134.9,4133.5,4134.9,372
1785880800,4134.8,4136.6,4132.9,4135.2,342
1785881100,4135,4135.2,4133.2,4133.4,210
1785881400,4133.5,4134.4,4132.7,4133.4,142
1785881700,4133.3,4134,4132,4133.7,228
1785882000,4133.6,4134.3,4132.3,4133.6,225
1785882300,4133.8,4136.1,4133.7,4136.1,356
1785882600,4135.8,4137.2,4135.4,4137,429
1785882900,4136.8,4141,4136.8,4140.7,554
1785883200,4140.7,4142.3,4139.1,4140.4,577
1785883500,4140.2,4141.1,4137.7,4139.3,413
1785883800,4139,4140.6,4137.1,4137.9,298
1785884100,4137.9,4138.1,4132.3,4132.5,579
1785884400,4132.9,4134.2,4125.5,4127.1,1717
1785884700,4126.8,4128.7,4126.2,4128.6,665
1785885000,4128.7,4130.8,4126.2,4130.2,649
1785885300,4130,4131.6,4128.5,4128.7,525
1785885600,4128.8,4128.9,4123.5,4125.4,713
1785885900,4125.2,4125.8,4121.7,4123.6,755
1785886200,4123.3,4126.4,4121.8,4124.2,614
1785886500,4124.3,4125.8,4124.1,4125.4,234
1785886800,4125.1,4126,4124.4,4125.4,233
1785887100,4125.4,4127.9,4125.3,4127.8,412
1785887400,4127.7,4128.5,4127.3,4127.4,337
1785887700,4127.5,4129.9,4127.5,4128.5,259
1785888000,4128.5,4130.2,4126.4,4129.5,650
1785888300,4129.3,4130.4,4128.2,4128.5,377
1785888600,4128.2,4129.4,4127.3,4127.9,325
1785888900,4127.8,4132,4127.4,4131,684
1785889200,4130.9,4133.7,4129.7,4132.9,614
1785889500,4132.8,4135.4,4132,4134.9,574
1785889800,4134.7,4137.4,4134.1,4136.3,768
1785890100,4136.3,4139,4136.1,4136.6,608
1785890400,4136.4,4137.4,4133.8,4134.1,575
1785890700,4134.1,4135.4,4133.2,4134.5,379
1785891000,4134.8,4139.4,4134.8,4139.2,648
1785891300,4139.2,4139.4,4137.5,4138.2,331
1785891600,4138.5,4141.6,4133.3,4136.3,1994
1785891900,4136.1,4139.6,4135.5,4137.9,565
1785892200,4137.8,4143,4137.5,4141.9,1342
1785892500,4141.9,4144.5,4140.9,4143.5,873
1785892800,4143.6,4144.1,4140.3,4140.3,587
1785893100,4140.5,4141.2,4138.2,4140.1,650
1785893400,4140.1,4142.2,4135.7,4140.4,954
1785893700,4140.5,4146,4140,4145.5,901
1785894000,4145.6,4148.8,4145.1,4148.6,896
1785894300,4148.5,4150.6,4148.2,4149.9,1005
1785894600,4150,4151.8,4148.6,4151.7,631
1785894900,4151.7,4158.6,4151.7,4157.1,1650
1785895200,4157.2,4159,4153.8,4154.5,1276
1785895500,4154.5,4154.9,4152.4,4153.4,600
1785895800,4153.2,4156.7,4152.9,4156.1,668
1785896100,4156.1,4157.2,4151.8,4155.6,975
1785896400,4155,4160.4,4154.7,4159,1228
1785896700,4159,4165.5,4159,4160.3,1668
1785897000,4160.4,4165.4,4158.1,4164.7,1241
1785897300,4164.9,4180,4164.5,4177.7,4283
1785897600,4177.5,4186.1,4177,4185.6,2941
1785897900,4185.9,4188.6,4183.6,4187.5,2019
1785898200,4187.4,4190,4181.5,4188.4,2127
1785898500,4188.3,4192.4,4186.2,4186.4,1779
1785898800,4186.5,4188.1,4183.9,4186.1,1122
1785899100,4186,4192.7,4185.3,4189.9,1203
1785899400,4190.1,4193.8,4189.6,4193,1445
1785899700,4193.2,4194.2,4187.9,4188.5,953
1785900000,4188.5,4190.3,4187.6,4189,561
1785900300,4188.3,4190,4187.2,4187.8,564
1785900600,4187.9,4188.4,4184.8,4185.8,759
1785900900,4185.9,4186.9,4185,4185.1,452
1785901200,4185.2,4186.6,4185,4186,358
1785901500,4185.9,4187.8,4185,4185,451
1785901800,4184.9,4186.3,4184.9,4186.1,247
1785902100,4185.9,4187.3,4184.9,4186,349
1785902400,4185.9,4193.8,4185.8,4192.5,1217
1785902700,4192.6,4198,4191.4,4197.3,1486
1785903000,4197.1,4199.4,4195.7,4196.3,1017
1785903300,4196.5,4198.7,4195.4,4198.6,683
1785903600,4198.4,4198.8,4196.3,4196.7,353
1785903900,4196.7,4197.9,4195.7,4196.4,381
1785904200,4196.5,4196.7,4194.4,4195.3,536
1785904500,4195.3,4195.4,4190.9,4192.4,720
1785904800,4192.3,4194.3,4192.3,4192.3,362
1785905100,4192.2,4193.6,4189.7,4190.4,513
1785905400,4190.7,4193.3,4190.3,4192.4,543
1785905700,4192.4,4194,4191.6,4193.6,432
1785906000,4193.6,4195.4,4192.5,4194.6,553
1785906300,4194.4,4196.2,4193.6,4193.9,540
1785906600,4194,4196.3,4193.8,4195.5,368
1785906900,4195.2,4196.2,4193.6,4195.4,369
1785907200,4195.3,4200.4,4195.2,4199.7,1017
1785907500,4199.5,4199.7,4196,4197.9,745
1785907800,4197.8,4204.8,4197.8,4201.9,1897
1785908100,4201.7,4212.6,4200.9,4210.7,2986
1785908400,4210.5,4219.8,4208.3,4218,2924
1785908700,4217.7,4231.5,4217.5,4224.7,5019
1785909000,4224.4,4233,4224.3,4227,2006
1785909300,4227.3,4231.8,4222.1,4222.3,1969
1785909600,4222.3,4227.4,4220.3,4222.6,1636
1785909900,4222.5,4229.9,4221.1,4229.9,1189
1785910200,4229.4,4234.4,4228.7,4232.9,1646
1785910500,4232.8,4233.4,4226.1,4226.5,1400
1785910800,4226.4,4228.1,4221.2,4226,1265
1785911100,4226,4228.7,4223.9,4228.5,973
1785911400,4228.4,4233.4,4226.5,4232.8,1136
1785911700,4232.7,4237.9,4232.7,4234.7,1682
1785912000,4234.7,4236.2,4232,4235,742
1785912300,4235.1,4235.9,4231.5,4234.7,721
1785912600,4234.7,4235.6,4231.8,4234.4,825
1785912900,4234.3,4237.7,4234.2,4237,1050
1785913200,4236.7,4238.9,4229,4229.9,1514
1785913500,4229.7,4231.7,4227.7,4229.1,1188
1785913800,4229.6,4230.9,4224.8,4225.1,1037
1785914100,4225.4,4228.4,4224.9,4227.7,863
1785914400,4228,4228.6,4225.8,4227.5,566
1785914700,4227.4,4228.1,4222.1,4223.4,855
1785915000,4223.5,4224.4,4222,4222.7,753
1785915300,4222.4,4225.8,4221.1,4224.2,897
1785915600,4224.2,4225.8,4223.8,4225.6,477
1785915900,4225.7,4227.9,4222.9,4225,738
1785916200,4225,4226.8,4223.5,4224.2,382
1785916500,4224.4,4231.1,4224.2,4229.9,907
1785916800,4229.8,4231.5,4227.9,4229.5,663
1785917100,4229.4,4229.6,4227,4228.4,370
1785917400,4228.3,4228.6,4223.3,4224.4,743
1785917700,4224.6,4227,4224.2,4225.5,527
1785918000,4225.3,4225.5,4220.8,4221.6,655
1785918300,4221.5,4224.3,4221.2,4223.7,642
1785918600,4224,4225.3,4222.1,4224.6,480
1785918900,4224.5,4225.2,4222.8,4223.8,343
1785919200,4223.9,4226.9,4220.8,4225.9,1071
1785919500,4225.8,4225.9,4217.7,4221.6,1060
1785919800,4222,4222.1,4219.8,4221.2,471
1785920100,4221.3,4221.7,4218.3,4219.8,570
1785920400,4220,4224.4,4219.7,4223.8,623
1785920700,4223.9,4226.9,4223.7,4224.1,808
1785921000,4224.2,4225.2,4221.6,4222.4,438
1785921300,4222.4,4222.4,4218.8,4219.6,629
1785921600,4219.6,4221.4,4214.4,4216.4,1498
1785921900,4216.6,4217.7,4215.1,4216.7,574
1785922200,4216.7,4217.9,4213,4216,1140
1785922500,4216.2,4218.6,4213.6,4217.3,769
1785922800,4216.7,4217.4,4214.4,4217.4,418
1785923100,4217.1,4218,4215.5,4216.8,304
1785923400,4216.7,4217.4,4215.3,4216.6,425
1785923700,4216.7,4218.3,4211.9,4216.9,836
1785924000,4217,4217,4210.9,4211.1,611
1785924300,4211.2,4212.9,4211.2,4212.5,336
1785924600,4212.3,4212.3,4209.1,4210,587
1785924900,4210.2,4215,4209.2,4214.7,756
1785925200,4214.5,4216.9,4214.2,4215.1,521
1785925500,4215.1,4217.4,4213.9,4215.8,415
1785925800,4215.9,4216.7,4213.8,4214.1,478
1785926100,4214,4215.2,4212.7,4214.3,410
1785926400,4214.1,4216.3,4212.7,4214,334
1785926700,4214.1,4215.8,4213.1,4214.4,257
1785927000,4214.2,4215.6,4213.1,4215.6,306
1785927300,4215.4,4221,4215,4220.5,1250
1785927600,4220.5,4223.7,4219.9,4223.2,1039
1785927900,4223.1,4225.9,4222.3,4225.9,768
1785928200,4225.9,4230.4,4225.5,4230,1355
1785928500,4230.1,4233.2,4229.3,4230.7,908
1785928800,4230.8,4232.8,4229.1,4229.9,642
1785929100,4229.8,4240.8,4228.6,4235.4,2576
1785929400,4235.4,4241.3,4233.4,4240.2,1791
1785929700,4240.2,4247.4,4240.2,4244.7,2852
1785930000,4244.8,4248.8,4242.1,4244.6,2030
1785930300,4244.8,4247.3,4242.8,4245.6,1173
1785930600,4245.6,4249,4245.5,4248.6,942
1785930900,4248.8,4252.4,4247.5,4248.4,1395
1785931200,4248.6,4255,4248.5,4254.3,1841
1785931500,4254.2,4259.2,4253.7,4257.7,2107
1785931800,4257.6,4259.9,4256.9,4257.9,1555
1785932100,4258.2,4268.8,4258.2,4265,3137
1785932400,4265.1,4273.4,4265,4271.1,2776
1785932700,4271.1,4271.6,4264.8,4265,2306
1785933000,4265.2,4269.2,4257.2,4259.7,2851
1785933300,4259.8,4264.3,4258.4,4260.4,1788
1785933600,4260.4,4260.8,4252.9,4254.8,2372
1785933900,4254.9,4255.7,4251.1,4253.7,1624
1785934200,4253.8,4254.1,4246.5,4247.4,1956
1785934500,4247.6,4248.9,4243.3,4244.1,1647
1785934800,4244,4256.3,4243.8,4254.4,3099
1785935100,4254.2,4257.6,4250.9,4254.1,2453
1785935400,4254.3,4255.5,4246.7,4247.8,1930
1785935700,4247.9,4250.8,4245.4,4250.4,1145
1785936000,4250.6,4257.8,4250,4254.6,2462
1785936300,4254.8,4258.4,4253.3,4257.2,1462
1785936600,4257.2,4264.2,4254.7,4262.5,4019
1785936900,4262.3,4264.8,4252.6,4260.9,3403
1785937200,4261.2,4264.2,4256.8,4257.5,1555
1785937500,4257.4,4259.7,4250.3,4253.2,1746
1785937800,4253.3,4260.8,4249,4260.8,2339
1785938100,4260.8,4266.9,4259.8,4265.4,2309
1785938400,4265.3,4270.7,4261.5,4270.3,2918
1785938700,4270.4,4288.3,4270.3,4287.5,6148
1785939000,4287.7,4295,4285.8,4289.5,4651
1785939300,4289.4,4299,4286.7,4296.3,3197
1785939600,4296.4,4298.6,4290.5,4291.7,2691
1785939900,4291.6,4300.7,4291.6,4297,3423
1785940200,4296.7,4302.3,4289.1,4290.7,3793
1785940500,4290.8,4294.4,4288.6,4291.5,2030
1785940800,4291.7,4303.6,4289.9,4303.2,2478
1785941100,4303,4307.7,4301,4307.5,2707
1785941400,4307.4,4307.6,4293,4297.8,3449
1785941700,4298.1,4306,4296,4304.4,2023
1785942000,4304.2,4320.2,4302.2,4315.5,4917
1785942300,4315.7,4319.6,4311.8,4316.7,2540
1785942600,4316.3,4321.5,4315.7,4318.1,2366
1785942900,4318.2,4318.8,4310.1,4317.7,2627
1785943200,4317.6,4322.7,4316.5,4320.5,1789
1785943500,4320.4,4325.7,4317.3,4317.5,2372
1785943800,4317.5,4319.5,4314.6,4315.1,1401
1785944100,4315,4319.9,4314.2,4317.6,1235
1785944400,4317.7,4317.8,4312.5,4316,1038
1785944700,4315.9,4315.9,4309.1,4309.9,1887
1785945000,4309.8,4310.4,4301.2,4303.5,2825
1785945300,4303.4,4303.8,4292.8,4293.6,3656
1785945600,4293.5,4295.1,4285.8,4286.3,3660
1785945900,4286.3,4296.2,4285.1,4295.7,2790
1785946200,4295.6,4296.7,4292,4294.9,1291
1785946500,4294.7,4297.6,4292.9,4293.8,1353
1785946800,4294.2,4301.1,4293.9,4299.2,1506
1785947100,4299.2,4302.4,4299.1,4301.7,1169
1785947400,4301.9,4304.2,4299.4,4301.6,1149
1785947700,4301.6,4306.1,4300.9,4304.1,1002
1785948000,4304.5,4307.4,4303.4,4305,1055
1785948300,4305.1,4306,4301.4,4302.8,1031
1785948600,4302.9,4308,4302.9,4305,900
1785948900,4305,4305.1,4298.2,4302.7,1365
1785949200,4302.7,4303.9,4299.8,4303.9,846
1785949500,4303.7,4304.8,4301,4301.7,1219
1785949800,4301.7,4304.7,4301.6,4302.6,777
1785950100,4301.9,4301.9,4298.2,4298.9,801
1785950400,4299,4300.7,4296.7,4300.3,961
1785950700,4300.2,4306.9,4297.7,4305,1752
1785951000,4304.9,4308.7,4301,4308.5,1091
1785951300,4308.5,4310.7,4306.3,4310.3,888
1785951600,4310.4,4311.2,4307.9,4308.6,704
1785951900,4308.8,4311.5,4307.9,4309.6,860
1785952200,4309.6,4311.1,4309.1,4310,412
1785952500,4310,4313.1,4309.8,4310.7,805
1785952800,4310.4,4315.1,4309.6,4313.6,1036
1785953100,4313.4,4318.3,4313.4,4316.3,1198
1785953400,4316.4,4318.3,4313.8,4314,886
1785953700,4313.9,4318,4313.6,4317.6,623
1785954000,4317.3,4328.3,4317.2,4323.8,2721
1785954300,4323.7,4325.7,4322.1,4323.1,924
1785954600,4323.4,4324.4,4314.6,4315.5,1469
1785954900,4315.6,4318.9,4315.4,4318,682
1785955200,4318,4321,4317.4,4319.6,929
1785955500,4319.8,4322,4318.1,4319.2,566
1785955800,4319.1,4323,4318.7,4322.4,651
1785956100,4322.3,4324.2,4320.8,4321.4,627
1785956400,4321,4322.8,4319.6,4322.7,513
1785956700,4322.8,4322.8,4318,4318.5,623
1785957000,4318.5,4319.8,4316.7,4319.1,594
1785957300,4318.9,4318.9,4311.4,4312.5,1058
1785957600,4312.8,4316.5,4311.2,4316.3,874
1785957900,4316,4316.8,4313.4,4313.5,531
1785958200,4313.9,4315,4309.9,4310,1045
1785958500,4310.2,4311.8,4308.4,4310.9,649
1785958800,4310.9,4314.4,4310.6,4313.7,610
1785959100,4313.5,4313.8,4308.6,4309,730
1785959400,4309.4,4310.4,4307.9,4309.6,633
1785959700,4309.6,4309.9,4307.1,4307.9,1069
1785960000,4307.8,4310.7,4307.5,4309.3,577
1785960300,4308.9,4309.7,4307.7,4308.6,230
1785960600,4308.5,4310.4,4308.4,4309.9,177
1785960900,4309.9,4310.5,4306.2,4307,297
1785961200,4306.7,4308,4306.1,4307.8,207
1785961500,4307.6,4307.9,4306.4,4307,180
1785961800,4306.9,4310.3,4306.5,4310.1,324
1785962100,4310,4310.2,4307.2,4307.6,245
1785962400,4307.5,4308.4,4305.7,4306.3,303
1785962700,4306.2,4306.6,4304.1,4305.1,404
1785963000,4304.9,4306.3,4304.6,4305.1,357
1785963300,4305.1,4308.3,4303.9,4308.2,541
1785967200,4307.5,4314,4303,4308.5,814
1785967500,4308.6,4309.5,4305.1,4306.6,536
1785967800,4306.7,4308.3,4306,4307.4,222
1785968100,4307.6,4308.1,4306.9,4307.5,171
1785968400,4307.6,4308.8,4306.8,4308.1,227
1785968700,4308.2,4308.4,4307,4308.2,179
1785969000,4307.9,4309.4,4307.4,4309,286
1785969300,4309,4310,4308.5,4309,214
1785969600,4309,4309.5,4307.1,4307.4,240
1785969900,4307.5,4308.5,4307,4308,281
1785970200,4308,4309.2,4307.4,4307.6,220
1785970500,4307.6,4309.5,4307.2,4309.2,223
1785970800,4309.4,4312.1,4308.3,4312.1,480
1785971100,4312.1,4313.8,4310.7,4311.2,524
1785971400,4311.3,4317.7,4311,4315.3,971
1785971700,4315.2,4320.2,4315,4318.6,868
1785972000,4318.8,4322,4316.6,4321.3,833
1785972300,4321.3,4323.2,4319.6,4322.6,670
1785972600,4322.6,4324.5,4319.9,4324.4,884
1785972900,4324.4,4339,4324.4,4336.8,3325
1785973200,4337.2,4341,4334.8,4339.8,1519
1785973500,4339.4,4340,4331,4333.4,1380
1785973800,4333.8,4336.9,4331.4,4335.1,755
1785974100,4335.2,4339.3,4333.3,4337.8,808
1785974400,4337.4,4337.4,4323.9,4327.7,1889
1785974700,4328.5,4336.6,4325.4,4330.9,1308
1785975000,4330.8,4332.8,4323.3,4330,1354
1785975300,4330.2,4336.4,4330.2,4333.9,1151
1785975600,4334.2,4343.7,4332.9,4342.1,2638
1785975900,4341.9,4344.3,4331.6,4333.9,2096
1785976200,4333.9,4346.6,4333.7,4345.5,1579
1785976500,4345.6,4350.8,4342.3,4345.1,2099
1785976800,4345.3,4349.5,4343.5,4345.7,1100
1785977100,4345.9,4354.8,4345.9,4347,2074
1785977400,4347.3,4356.3,4345.1,4356.1,1622
1785977700,4356.1,4359.8,4353.1,4354.8,1887
1785978000,4354.6,4362.6,4350.6,4352.8,3588
1785978300,4352.8,4358.4,4346.1,4356.6,2526
1785978600,4356.3,4358.4,4339.5,4343.4,2757
1785978900,4344.1,4347.7,4342.7,4343.2,1468
1785979200,4343.4,4344.2,4332.2,4342.9,2734
1785979500,4342.6,4345.5,4333.1,4335.7,2154
1785979800,4335.8,4346.1,4335.2,4343.8,1796
1785980100,4344.1,4357,4341.3,4352.5,2467
1785980400,4352.4,4352.6,4347.5,4348.7,1463
1785980700,4348.1,4355.7,4343.3,4354.2,1893
1785981000,4353.8,4357.9,4347.3,4347.7,1838
1785981300,4347.9,4349.5,4345.4,4347,888
1785981600,4346.8,4356.8,4343.9,4356.4,1262
1785981900,4356.9,4363.8,4356.9,4361,2307
1785982200,4360.8,4362.8,4351.9,4354.5,1522
1785982500,4354.6,4359.7,4351.6,4353.3,1036
1785982800,4353.3,4354.1,4351.4,4352.5,513
1785983100,4352.7,4354.2,4350.8,4351,557
1785983400,4350.8,4351.5,4341.3,4345.1,2097
1785983700,4345.1,4347.7,4343.4,4344.3,816
1785984000,4344.7,4344.8,4340,4344.5,990
1785984300,4344.8,4346.4,4334,4335.5,1474
1785984600,4336.1,4339.7,4334.9,4337.1,809
1785984900,4336.9,4339.2,4335.7,4337.8,630
1785985200,4337.5,4337.6,4333.8,4335.4,844
1785985500,4335,4339.9,4334.9,4338.3,803
1785985800,4338.3,4339.3,4332.5,4332.6,855
1785986100,4332.7,4333.3,4323.6,4326.5,2065
1785986400,4326.5,4326.9,4322.8,4323.3,919
1785986700,4323.3,4325.6,4320.2,4325.4,1523
1785987000,4325.2,4326.2,4322.3,4326,664
1785987300,4326,4326.6,4322.6,4323.1,562
1785987600,4323.3,4324,4320.6,4322.3,487
1785987900,4322.3,4322.9,4319.1,4322.6,729
1785988200,4322.3,4323.4,4320.2,4322.9,414
1785988500,4322.5,4325.2,4321.6,4324.6,597
1785988800,4324.9,4325.8,4320.9,4324,982
1785989100,4324.4,4326.6,4322.1,4325,787
1785989400,4324.8,4326.1,4321.5,4322.4,545
1785989700,4322.5,4323,4320.4,4320.7,528
1785990000,4320.6,4322.4,4319.6,4320.2,505
1785990300,4320.2,4321.4,4312.2,4314.9,1833
1785990600,4315,4318.7,4315,4317.9,813
1785990900,4317.9,4320.4,4316.4,4319.3,649
1785991200,4319.1,4320.8,4317.2,4318,441
1785991500,4318.6,4320,4317.9,4319.6,328
1785991800,4319.7,4322.3,4317.5,4321.3,754
1785992100,4321.3,4322.1,4319.9,4321.6,429
1785992400,4321.3,4324.6,4318.7,4319.9,749
1785992700,4319.6,4320,4317.8,4318.9,526
1785993000,4318.9,4319.7,4315.7,4318.9,639
1785993300,4318.9,4318.9,4315,4315.6,537
1785993600,4315.6,4316.5,4312.7,4314.3,579
1785993900,4314.2,4314.7,4311.7,4312.8,553
1785994200,4312.8,4317.1,4306,4316.7,2256
1785994500,4316.4,4321.5,4316.1,4321,1231
1785994800,4321.2,4325,4320.6,4323.1,1112
1785995100,4323,4325.7,4321.2,4321.6,852
1785995400,4321.5,4328.3,4321,4325.5,1006
1785995700,4325.6,4326.8,4322.8,4326.1,627
1785996000,4326,4327.4,4323.9,4326.2,764
1785996300,4326.3,4326.8,4320.3,4321.8,590
1785996600,4321.5,4321.9,4315.6,4319.5,1188
1785996900,4319.4,4320.1,4313.3,4318.8,933
1785997200,4318.9,4318.9,4314.3,4316.6,728
1785997500,4316.3,4317,4314.3,4316.2,430
1785997800,4316.5,4316.8,4312.7,4313.5,590
1785998100,4313.9,4314.6,4311.6,4312.2,480
1785998400,4312.2,4315.3,4308.1,4315.3,1000
1785998700,4315.3,4317,4312.6,4313.6,851
1785999000,4313.3,4314.7,4309.7,4311.3,619
1785999300,4311.2,4315.2,4310.8,4314.7,528
1785999600,4314.6,4315.5,4311.9,4315.1,683
1785999900,4315.1,4319.1,4314.5,4318.3,672
1786000200,4318.4,4322.5,4318.3,4321.9,872
1786000500,4322,4324,4319.8,4322.9,618
1786000800,4323,4323.4,4316.9,4320.6,663
1786001100,4320.6,4322.9,4320,4320.7,288
1786001400,4320.7,4321,4318.7,4318.9,264
1786001700,4318.6,4319.2,4315.2,4315.6,548
1786002000,4315.8,4317.3,4313.8,4314,388
1786002300,4314.3,4316.6,4312.2,4313.6,679
1786002600,4313.4,4318.7,4311.6,4318.7,824
1786002900,4318.5,4322.3,4317.7,4321.8,643
1786003200,4322.1,4325,4319.1,4320.2,783
1786003500,4320.6,4324.4,4319.6,4323.7,418
1786003800,4323.7,4329.3,4323.7,4328,1118
1786004100,4328.2,4330.3,4326.9,4328.4,781
1786004400,4328.5,4328.6,4323,4324.8,914
1786004700,4324.6,4328.8,4322.8,4326.8,606
1786005000,4327.1,4333.4,4325.7,4332.7,1106
1786005300,4332.7,4334.3,4329.8,4330.2,705
1786005600,4330.4,4333,4329.1,4331.9,507
1786005900,4332,4334.4,4329.1,4332.4,589
1786006200,4332.2,4336.2,4331.3,4333.8,759
1786006500,4333.8,4337.7,4333,4337.1,614
1786006800,4337.2,4342.5,4336.1,4339,1369
1786007100,4339.3,4339.6,4334.8,4335.4,890
1786007400,4335.5,4339.1,4335.3,4339.1,501
1786007700,4339.2,4342.5,4338.6,4341.5,689
1786008000,4341.5,4344,4339.7,4342.6,586
1786008300,4342.8,4342.8,4337.5,4342.2,713
1786008600,4342.3,4343.4,4337,4338,999
1786008900,4338.1,4338.8,4335.5,4337.9,569
1786009200,4338.3,4338.3,4331.2,4331.4,729
1786009500,4331.3,4335.4,4331.3,4335.4,397
1786009800,4335.3,4335.3,4330.4,4331,380
1786010100,4331.2,4332.8,4330.6,4332.3,370
1786010400,4332.5,4333.2,4330.2,4330.7,422
1786010700,4331,4331.3,4328.8,4330.2,505
1786011000,4330.3,4330.3,4327.9,4329,463
1786011300,4329,4330,4326.5,4328.5,766
1786011600,4328.5,4330.4,4327,4330.2,336
1786011900,4330.4,4330.4,4327.3,4328.6,364
1786012200,4328.8,4329.3,4325.8,4327.6,497
1786012500,4327.5,4328.6,4326.7,4328,279
1786012800,4328.1,4329.1,4322,4324.5,688
1786013100,4324.8,4329.8,4324,4329.5,534
1786013400,4329.7,4330.9,4328.1,4329.9,487
1786013700,4329.7,4330.8,4328.3,4329.9,398
1786014000,4330.1,4332.9,4326.8,4327.7,962
1786014300,4327.7,4329,4325.3,4326.2,617
1786014600,4326.3,4328.5,4325.9,4328.5,365
1786014900,4328.5,4331,4322.9,4324.8,665
1786015200,4324.8,4325.5,4318.9,4320.7,1120
1786015500,4320.6,4323.6,4319.6,4323.6,600
1786015800,4323.6,4325.9,4322.2,4324,700
1786016100,4323.9,4326,4320.3,4320.9,485
1786016400,4320.9,4321.7,4318.2,4319.2,681
1786016700,4319.5,4319.6,4314,4315.2,1281
1786017000,4315.3,4317.5,4312.5,4314.9,1217
1786017300,4315.2,4322.8,4314,4322.3,1087
1786017600,4322.1,4324.7,4319.4,4323,1143
1786017900,4322.7,4322.7,4315.6,4316.3,953
1786018200,4316.5,4317.9,4314,4314.9,630
1786018500,4314.9,4316.2,4311.7,4315.6,824
1786018800,4315.9,4321.7,4314.8,4319.8,1310
1786019100,4319.1,4323.8,4315.4,4320.9,572
1786019400,4320.8,4328.9,4315.1,4326.8,2395
1786019700,4326.5,4330.2,4325.8,4329.4,1193
1786020000,4329,4329.5,4325.2,4326.1,651
1786020300,4326.2,4326.7,4313.3,4314.5,1866
1786020600,4314.4,4315.6,4309.7,4310,1855
1786020900,4310.3,4313.6,4307.3,4308.6,1976
1786021200,4308.8,4314.4,4308.3,4310.9,2045
1786021500,4310.9,4311.2,4288.7,4289.7,5330
1786021800,4289.8,4297.8,4288.2,4296.8,2948
1786022100,4296.4,4302.9,4293.8,4302.6,1991
1786022400,4302.4,4306.6,4299.1,4301,2270
1786022700,4301.1,4306.3,4297.3,4306,1361
1786023000,4305.8,4310.8,4304,4309.1,2612
1786023300,4309,4323.7,4308.6,4317.4,3892
1786023600,4317.3,4333,4316.7,4328.9,3834
1786023900,4328.8,4329.1,4321.1,4322.5,3062
1786024200,4322.7,4326.9,4320.5,4324.9,1569
1786024500,4325.2,4328.5,4324.3,4326.1,1460
1786024800,4325.8,4330.6,4323.8,4325.8,2391
1786025100,4326.4,4330.8,4322.9,4324.5,1750
1786025400,4324.6,4336.1,4324,4327.4,3059
1786025700,4327.6,4327.9,4319.3,4325.1,2337
1786026000,4324.9,4326.6,4320,4321.2,1090
1786026300,4321.2,4328.2,4318.8,4324.8,1674
1786026600,4324.7,4333.9,4324.7,4331.2,1876
1786026900,4331.3,4334.1,4329.1,4329.4,1344
1786027200,4329.5,4334.1,4328.6,4332.7,989
1786027500,4332.9,4335.4,4324.2,4324.4,1878
1786027800,4324.5,4330.5,4321.6,4330.2,1260
1786028100,4330.2,4332.5,4326.4,4332,982
1786028400,4332.3,4333.7,4327.8,4329.5,1474
1786028700,4329.7,4330.7,4324,4325.1,841
1786029000,4325.2,4327.4,4320.4,4322.6,1066
1786029300,4322.6,4322.8,4315,4315.4,2285
1786029600,4315.6,4317.7,4309,4313.7,2008
1786029900,4313.8,4318.3,4312.1,4313.6,1558
1786030200,4313.6,4314.3,4307.4,4307.4,1385
1786030500,4307.6,4311.2,4303.8,4310.6,1962
1786030800,4310.3,4311.6,4306.4,4310,1251
1786031100,4310.1,4310.1,4305.7,4306.3,1175
1786031400,4306.1,4308.3,4292.5,4293,2772
1786031700,4293.3,4295.9,4286.2,4291.8,3267
1786032000,4292.1,4296.5,4290.3,4295.3,1977
1786032300,4295.3,4300.5,4293.6,4299.1,1591
1786032600,4299,4299.6,4288.3,4290.6,1471
1786032900,4290.5,4290.8,4282.1,4285,2903
1786033200,4285.1,4286,4280.8,4282.3,1727
1786033500,4282.5,4288.8,4281.2,4288.3,1135
1786033800,4288.1,4291.8,4288,4290,1106
1786034100,4290.4,4294.1,4289.7,4293.1,909
1786034400,4293.1,4293.7,4290,4291.5,624
1786034700,4291.6,4294.7,4289.4,4294.4,710
1786035000,4294.5,4296,4293.1,4295.1,831
1786035300,4295.1,4300.9,4295.1,4299.5,1175
1786035600,4299.6,4301.5,4297.5,4299.7,831
1786035900,4299.8,4302,4298.6,4301.2,617
1786036200,4301.1,4303.1,4299.1,4299.3,844
1786036500,4299.4,4300.3,4297.2,4299.8,649
1786036800,4299.9,4301.1,4296.8,4298.2,504
1786037100,4298.5,4301.3,4297.9,4300.1,832
1786037400,4300.4,4300.4,4297.6,4298.9,492
1786037700,4299.1,4302.3,4297.1,4300.7,804
1786038000,4300.9,4301.9,4299.9,4300.6,327
1786038300,4300.6,4301.5,4299,4300.5,371
1786038600,4300.8,4307.4,4300.7,4305.6,1473
1786038900,4305.4,4306.7,4304,4305.8,469
1786039200,4305.9,4306.2,4302.5,4304.2,403
1786039500,4304.2,4307.8,4304.2,4306.5,524
1786039800,4306.8,4307.2,4304.7,4305.1,331
1786040100,4305.4,4307.4,4304.5,4306.1,460
1786040400,4306,4308.1,4305.3,4306.3,404
1786040700,4306.3,4306.6,4304.6,4305.2,235
1786041000,4305,4306.2,4301.6,4302.3,601
1786041300,4302.4,4303.3,4300.7,4301.8,474
1786041600,4301.9,4302.5,4299.3,4300.5,481
1786041900,4300.5,4303.7,4300.2,4303.4,338
1786042200,4303.5,4304.3,4300,4300,474
1786042500,4300.3,4302.2,4299,4302.2,391
1786042800,4302.2,4307.5,4301.5,4307,836
1786043100,4306.9,4307.6,4305.2,4307.6,489
1786043400,4307.7,4310,4305.8,4305.9,787
1786043700,4305.9,4307.2,4303.9,4304,467
1786044000,4304.2,4306.1,4298.8,4299,793
1786044300,4299.3,4300.9,4294,4296.9,1471
1786044600,4296.4,4297.8,4294.5,4297.8,465
1786044900,4297.2,4298.9,4295.2,4295.6,472
1786045200,4295.7,4296,4292,4293.6,591
1786045500,4293.9,4298.3,4293.8,4296.8,584
1786045800,4296.8,4309.6,4296.5,4305.4,1509
1786046100,4305.5,4308.2,4302.4,4307.9,964
1786046400,4307.7,4309.2,4304.8,4305.9,512
1786046700,4306,4306.4,4304.2,4304.5,249
1786047000,4304.6,4305.7,4301.7,4303.5,306
1786047300,4303.8,4304.6,4302.5,4303.1,190
1786047600,4303,4303.7,4300.9,4301.1,410
1786047900,4301.4,4301.8,4298.6,4300.8,272
1786048200,4300.8,4300.8,4299.7,4300.1,125
1786048500,4300.4,4301.2,4298.6,4298.9,187
1786048800,4299,4299.1,4293.8,4293.8,481
1786049100,4294.1,4297.8,4293.2,4295.4,444
1786049400,4295.3,4300.8,4294.5,4300.3,275
1786049700,4300.1,4300.4,4298.2,4298.7,216
1786053600,4298.6,4301.4,4293.8,4294.3,406
1786053900,4294.9,4296.7,4294.7,4296.3,234
1786054200,4296.2,4297.4,4294.7,4297.4,185
1786054500,4297.3,4299.8,4297.2,4299.3,306
1786054800,4299.1,4301,4297.7,4300.8,329
1786055100,4300.2,4301.7,4299.3,4300.8,280
1786055400,4300.8,4301.5,4299.6,4300,260
1786055700,4299.8,4299.8,4298,4298.5,203
1786056000,4298.5,4299.6,4297.1,4297.5,235
1786056300,4297.4,4300.1,4296.9,4300,190
1786056600,4299.9,4301.3,4299.1,4300.2,215
1786056900,4300.2,4300.3,4298.5,4298.5,148
1786057200,4298.6,4301.4,4298.1,4300.2,340
1786057500,4300.4,4304,4300.4,4302.3,614
1786057800,4302.5,4304,4302.3,4304,143
1786058100,4303.8,4305.1,4303.2,4304.1,279
1786058400,4304,4304.7,4304,4304.4,134
1786058700,4304.5,4304.7,4301.6,4303.7,439
1786059000,4303.4,4307.5,4303.2,4305.8,595
1786059300,4305.7,4306.6,4304.6,4304.7,254
1786059600,4304.9,4306.7,4303.4,4305.4,412
1786059900,4305.4,4307.9,4304.5,4307,499
1786060200,4307.2,4311.1,4306.9,4310.4,801
1786060500,4310.4,4312,4309.1,4310.9,581
1786060800,4310.7,4311.3,4305.8,4308.1,937
1786061100,4308.1,4309.3,4307.2,4307.7,366
1786061400,4307.5,4307.6,4301.6,4303.1,1038
1786061700,4303.3,4304.8,4299.3,4300.6,1029
1786062000,4300.4,4303.6,4297.6,4297.9,867
1786062300,4298.3,4302.4,4297.4,4301.9,869
1786062600,4302.1,4302.3,4298.8,4300,448
1786062900,4300.1,4300.9,4293.2,4293.9,1329
1786063200,4293.9,4294.1,4288.4,4293.1,1440
1786063500,4293.1,4295.4,4289.1,4289.1,841
1786063800,4289.1,4293.3,4288.8,4291.9,669
1786064100,4292.1,4292.2,4287.2,4290.9,965
1786064400,4291.1,4301.6,4289.8,4300.1,2392
1786064700,4300,4305.2,4298.3,4300.6,1305
1786065000,4300.9,4303.5,4298.4,4302.4,780
1786065300,4302.5,4304.7,4301.5,4302.6,532
1786065600,4302.6,4308.4,4299.4,4300,1360
1786065900,4300.1,4304.7,4298.3,4301.8,967
1786066200,4302.7,4303.9,4297.2,4301.1,983
1786066500,4301.5,4305.2,4299.9,4305.1,638
1786066800,4305,4316.8,4304.2,4315,2322
1786067100,4314.5,4317.4,4310.4,4312,1304
1786067400,4311.8,4313.6,4310,4312.7,601
1786067700,4312.5,4317.6,4311.9,4314.8,1079
1786068000,4315,4320.4,4314,4319.8,1368
1786068300,4319.6,4320,4316.3,4317.2,882
1786068600,4317.2,4318.1,4315.6,4316.9,559
1786068900,4317,4319.7,4316,4316.7,622
1786069200,4316.7,4319.4,4315.7,4318.9,537
1786069500,4318.8,4319.9,4317.7,4319.5,350
1786069800,4319.7,4320.7,4314.8,4315.3,821
1786070100,4315.5,4315.8,4310.4,4311.6,1129
1786070400,4311.5,4313.5,4308.1,4308.2,1031
1786070700,4308.1,4310.6,4305.4,4309.2,1128
1786071000,4309.5,4314.1,4309.5,4313,979
1786071300,4312.8,4314.7,4308.2,4308.8,930
1786071600,4309.1,4318.2,4308.4,4317.1,827
1786071900,4316.7,4317.3,4314.8,4315.6,571
1786072200,4315.5,4316.1,4311.4,4313.4,625
1786072500,4313.6,4314.5,4311.4,4312.8,606
1786072800,4312.9,4315,4310.4,4313.8,769
1786073100,4313.7,4317.5,4313,4316.9,461
1786073400,4317.3,4320.1,4317.3,4318,610
1786073700,4317.8,4319.9,4316.4,4319.3,401
1786074000,4319.4,4320.9,4318.6,4319.5,437
1786074300,4319.9,4320.8,4318.3,4320,333
1786074600,4319.9,4320.1,4318,4319.5,291
1786074900,4319.6,4325.5,4319.2,4325.1,1336
1786075200,4325.1,4328.4,4321.4,4324.4,1061
1786075500,4324.1,4327.2,4323.9,4326.1,989
1786075800,4326.3,4327.1,4323.1,4325.4,696
1786076100,4325.3,4326.9,4321.4,4321.4,624
1786076400,4321.7,4328,4321,4325,933
1786076700,4325.1,4326.7,4323.3,4324,341
1786077000,4324.2,4327.9,4323,4327.2,494
1786077300,4327.4,4327.6,4323.3,4324,292
1786077600,4323.7,4325.2,4320.2,4323.2,680
1786077900,4323.1,4323.5,4321.3,4323,253
1786078200,4323.3,4325.8,4323.3,4325.7,236
1786078500,4325.8,4326.2,4324,4324,244
1786078800,4324,4325.7,4322.7,4324.9,372
1786079100,4325.1,4326.1,4320.5,4325.9,843
1786079400,4326,4330.7,4325,4329,1100
1786079700,4328.7,4330,4327.4,4327.5,388
1786080000,4327.9,4329.8,4324.7,4325.9,614
1786080300,4325.9,4326.9,4323.8,4325.7,353
1786080600,4325.9,4335.9,4325.1,4334.3,2000
1786080900,4334.4,4336.7,4332.1,4332.7,1255
1786081200,4332.8,4332.9,4329.6,4330.6,598
1786081500,4330.7,4336,4330.6,4335.5,593
1786081800,4335.4,4339,4332.6,4333.6,1367
1786082100,4333.8,4339.6,4333.6,4337.2,1401
1786082400,4337.6,4341.7,4337.1,4341.1,881
1786082700,4341.3,4343.1,4340,4341.1,757
1786083000,4341,4350,4340.5,4345.3,2273
1786083300,4345.3,4348.9,4342.5,4346.9,1479
1786083600,4346.5,4350.3,4345.3,4346.1,1238
1786083900,4346,4346.1,4341.2,4342,1086
1786084200,4342.1,4346.2,4338.8,4344.9,1504
1786084500,4344.9,4352.6,4344.6,4350.6,1446
1786084800,4350.6,4354.3,4350.5,4351.2,1276
1786085100,4351.1,4354.5,4348.2,4348.3,1501
1786085400,4348.6,4354.2,4347.7,4352.4,1181
1786085700,4352.6,4358,4352.3,4356.4,1234
1786086000,4356.2,4357.4,4351.9,4353.8,1054
1786086300,4353.5,4353.7,4349.4,4350.5,938
1786086600,4350.5,4352.4,4348.8,4350.2,713
1786086900,4350.3,4351.5,4347.8,4350.5,550
1786087200,4350.2,4351.5,4346.8,4346.9,668
1786087500,4347.2,4347.3,4343.6,4344.9,1201
1786087800,4344.5,4347.3,4342.9,4346.4,719
1786088100,4346.6,4348,4344.5,4344.8,679
1786088400,4344.4,4347,4343.4,4344.2,651
1786088700,4344.6,4346.3,4341.8,4343.9,610
1786089000,4344.1,4346,4343.1,4345.9,429
1786089300,4346,4350.1,4345.6,4348.8,884
1786089600,4349,4352.9,4347.8,4351.4,1300
1786089900,4351.6,4355.6,4351.5,4353.8,1019
1786090200,4353.7,4359.7,4353.7,4358.8,1220
1786090500,4359,4360,4356.2,4357.2,961
1786090800,4357.5,4357.5,4352.8,4354.1,911
1786091100,4353.8,4355.1,4352.4,4354.1,542
1786091400,4354.1,4374,4353.3,4372.8,3398
1786091700,4373.1,4375.7,4360.3,4363.7,2339
1786092000,4363.9,4369.1,4363.7,4367.8,925
1786092300,4368.2,4371.5,4365.8,4366.2,1146
1786092600,4366.4,4367.1,4362.8,4363.6,807
1786092900,4363.8,4367.3,4362.7,4365.5,722
1786093200,4365.6,4367.1,4363.7,4365.2,679
1786093500,4365,4366.7,4364.1,4365.5,524
1786093800,4365.4,4366.8,4364.1,4365.5,488
1786094100,4365.4,4367.6,4364.2,4366.1,674
1786094400,4366.1,4370.5,4365.9,4370,717
1786094700,4369.8,4370.4,4364.8,4366,764
1786095000,4366.3,4367.1,4361.7,4364,988
1786095300,4364.2,4368.5,4362.2,4368.1,720
1786095600,4368.2,4377.6,4368.2,4376.5,1663
1786095900,4376.7,4380.5,4374.2,4376.1,1687
1786096200,4376.3,4379.7,4375.7,4377.4,1053
1786096500,4377.5,4379,4373.7,4375.7,1097
1786096800,4375.7,4379.5,4374.4,4377.1,819
1786097100,4377.1,4377.4,4371.3,4371.7,1164
1786097400,4372.2,4373.4,4367.3,4367.7,1000
1786097700,4367.6,4373.4,4367.3,4372.4,942
1786098000,4372.4,4372.8,4370,4371.7,647
1786098300,4372,4373.7,4371.5,4373,446
1786098600,4373.1,4376.2,4372.3,4375.2,606
1786098900,4375.1,4377.7,4373.7,4376.6,726
1786099200,4376.7,4377.8,4374.8,4376.3,493
1786099500,4376.4,4379.6,4375.8,4377.9,811
1786099800,4378.2,4380.2,4376.6,4376.8,801
1786100100,4376.5,4377.3,4375.6,4376.4,526
1786100400,4376.4,4384,4376.2,4382.9,1481
1786100700,4383.1,4386.1,4381.2,4384.4,1224
1786101000,4384.4,4385,4378.8,4379.5,1105
1786101300,4379.7,4380.4,4376,4379.6,1325
1786101600,4379.6,4384.9,4379.4,4383.7,1186
1786101900,4383.5,4386.9,4383.3,4384.5,930
1786102200,4384.7,4387.2,4384,4384,867
1786102500,4383.9,4384.4,4380,4382.6,904
1786102800,4382.6,4385,4381.2,4382.4,651
1786103100,4382.1,4385,4381.6,4383.1,642
1786103400,4383.1,4386.5,4380,4385.8,1210
1786103700,4385.5,4386.6,4380.4,4380.6,857
1786104000,4380.8,4385,4378.4,4379.1,1296
1786104300,4379.1,4379.4,4374.6,4378.3,1708
1786104600,4378,4382.1,4373.8,4374.3,1595
1786104900,4374.3,4376.4,4371.5,4373.9,1973
1786105200,4373.8,4376.9,4369.5,4370,1371
1786105500,4370.3,4375.6,4348.7,4370.3,2817
1786105800,4370.3,4425,4350,4419.8,12419
1786106100,4419.6,4427,4412.2,4425.5,6178
1786106400,4425,4431.2,4421.3,4427.4,5100
1786106700,4427.6,4432.4,4426.8,4429.1,3650
1786107000,4429,4432.3,4423.8,4425.2,3479
1786107300,4425.4,4426.3,4416.1,4421.9,3824
1786107600,4421.8,4424.9,4407.4,4407.5,4648
1786107900,4407.6,4412.8,4405.9,4410.4,2809
1786108200,4410.4,4411.1,4406.3,4407.8,1736
1786108500,4407.9,4409.4,4398.8,4407.3,3015
1786108800,4407.3,4413.9,4407.3,4410.7,2748
1786109100,4410.8,4418.4,4408.5,4416.7,2588
1786109400,4416.8,4420.3,4410.6,4413.7,3717
1786109700,4413.4,4427,4409.6,4425.4,3401
1786110000,4425.6,4428.7,4418.4,4418.4,3039
1786110300,4418.6,4420.5,4412.2,4413.7,2671
1786110600,4413.8,4418.7,4412.2,4415.1,1544
1786110900,4414.7,4417.2,4402.4,4408.3,3336
1786111200,4408.5,4409.4,4393.2,4393.3,3914
1786111500,4393.5,4398,4390.1,4397.3,4134
1786111800,4397,4401.6,4386.5,4394.2,3603
1786112100,4393.9,4406.8,4390,4405.9,3057
1786112400,4405.6,4411.9,4403.5,4411.4,2819
1786112700,4411.3,4413.1,4407.6,4408.8,1743
1786113000,4409,4411.1,4403.7,4407.9,1837
1786113300,4408.1,4409.8,4403,4403.9,1441
1786113600,4403.8,4410.7,4402.2,4404.7,1807
1786113900,4404.6,4407.5,4400.2,4403,1359
1786114200,4403.4,4409.2,4403.1,4405.4,1374
1786114500,4405.3,4406.5,4400,4401.3,1111
1786114800,4401.4,4409.2,4399.6,4405.4,2035
1786115100,4405.1,4414,4404.8,4408.7,1922
1786115400,4408.8,4416.1,4406.6,4415.3,1631
1786115700,4415.4,4417,4412,4414.3,1452
1786116000,4414.1,4418.7,4414.1,4416.5,1418
1786116300,4416.7,4417.8,4410.4,4410.6,1463
1786116600,4410.8,4412.8,4406,4409,1465
1786116900,4409.5,4413.6,4408.2,4411.7,856
1786117200,4411.7,4412.5,4407.7,4408.6,768
1786117500,4408.6,4410.9,4407.4,4408.6,723
1786117800,4408.3,4409.7,4398.8,4402.2,2079
1786118100,4402,4404.6,4399.7,4400.1,901
1786118400,4400.3,4403.2,4397.6,4402.6,1298
1786118700,4402.6,4409.3,4402.6,4406.4,1235
1786119000,4406.8,4408,4403.3,4407.1,650
1786119300,4407.2,4407.9,4401.6,4401.9,682
1786119600,4401.8,4409.4,4397.1,4397.4,1628
1786119900,4397.5,4397.5,4393.9,4396.9,1087
1786120200,4396.8,4398.5,4391.8,4398.5,1224
1786120500,4398.4,4401.7,4395.9,4399.5,825
1786120800,4399.4,4400.7,4396.1,4398.1,623
1786121100,4398.3,4402,4395.4,4398,960
1786121400,4397.7,4398.8,4392.2,4393.4,793
1786121700,4393.7,4394.2,4388.7,4388.7,1328
1786122000,4388.9,4394.8,4387.3,4394.6,1218
1786122300,4394.5,4398,4394,4395.2,752
1786122600,4395.2,4397.3,4394.2,4395.1,461
1786122900,4395,4395.9,4393.1,4394.7,631
1786123200,4394.5,4399.3,4393.5,4398.2,966
1786123500,4398.2,4401.7,4396.4,4399,1161
1786123800,4399,4399.5,4393.4,4396,1249
1786124100,4395.7,4396.2,4389,4394.3,1189
1786124400,4394.1,4397.9,4394.1,4395.6,596
1786124700,4395.3,4397,4394.2,4396.1,732
1786125000,4396.1,4400.9,4396.1,4400.5,677
1786125300,4400.8,4402.7,4399.5,4399.9,673
1786125600,4399.9,4401,4398.6,4399.9,559
1786125900,4399.6,4403,4399.6,4401.7,610
1786126200,4401.8,4402.4,4394.6,4394.8,789
1786126500,4395,4398.1,4394.8,4395.8,494
1786126800,4395.6,4396.2,4391.9,4393.3,564
1786127100,4393.5,4395.5,4391.7,4394.2,723
1786127400,4394.2,4397.8,4393.6,4396.8,473
1786127700,4396.9,4399.2,4396.6,4397,366
1786128000,4397,4397.5,4393.3,4394.3,352
1786128300,4394.3,4397.5,4394.3,4396.6,366
1786128600,4396.7,4397.6,4394.1,4395.3,372
1786128900,4395.4,4396.4,4393,4395.6,551
1786129200,4395.5,4405.1,4395.3,4400.5,1896
1786129500,4400.7,4405.1,4400.1,4404.9,666
1786129800,4404.7,4406,4403.4,4403.8,618
1786130100,4403.9,4410.4,4403.2,4407.3,939
1786130400,4407.4,4410.8,4407.3,4408.9,693
1786130700,4409,4409.2,4406.9,4408.7,323
1786131000,4408.8,4409,4405,4405.9,544
1786131300,4405.9,4407,4404.4,4406.1,523
1786131600,4406.3,4408.1,4404.5,4407.6,414
1786131900,4407.7,4409.3,4406.7,4407,507
1786132200,4406.9,4408.8,4401.6,4402.4,894
1786132500,4402.5,4404.9,4399.5,4403.4,1148
1786132800,4403.1,4404.6,4401.8,4402.9,464
1786133100,4403,4403.9,4401,4401,270
1786133400,4401.1,4402,4397.3,4401.6,716
1786133700,4401.7,4402.4,4398.6,4399,384
1786134000,4399,4399.3,4398,4398.6,139
1786134300,4398.6,4399.3,4396.5,4397.2,337
1786134600,4397.3,4397.3,4394.9,4396.7,473
1786134900,4397.1,4400.7,4396.8,4400.1,493
1786135200,4400,4401.6,4399.5,4400.6,255
1786135500,4400.5,4400.9,4398.3,4399,361
1786135800,4398.8,4400.5,4398.8,4400.5,309
1786136100,4400.7,4402.6,4399,4401.5,739
1786312800,4400,4411.5,4391.9,4399.2,2095
1786313100,4399,4399.1,4393.5,4398.4,763
1786313400,4398.6,4405.6,4397.5,4402.5,1058
1786313700,4402.8,4404.1,4398.6,4398.9,632
1786314000,4398.9,4399.7,4396.8,4398.2,405
1786314300,4398.3,4402.9,4398.3,4402.7,533
1786314600,4402.4,4404,4399.5,4401.1,488
1786314900,4401.4,4402.1,4398.8,4400.1,312
1786315200,4400,4401.2,4398.9,4399,188
1786315500,4398.8,4403.1,4398.7,4402.2,352
1786315800,4402.5,4402.7,4400.8,4401.4,215
1786316100,4401.5,4401.8,4400,4400.2,118
1786316400,4400.2,4406.4,4399.7,4406,614
1786316700,4405.7,4406.8,4403.9,4405.4,711
1786317000,4405.3,4406.6,4404.4,4405.6,362
1786317300,4405.4,4406.3,4402.6,4405,601
1786317600,4404.6,4408.1,4404.3,4407.3,473
1786317900,4407.3,4408.2,4404.9,4405.4,410
1786318200,4405.7,4406.5,4399,4400.6,831
1786318500,4400.6,4402,4398.9,4401.7,571
1786318800,4401.7,4401.9,4399.8,4401.3,273
1786319100,4401.2,4402.3,4400,4401.1,381
1786319400,4401.1,4401.9,4399.2,4399.3,289
1786319700,4399.1,4399.6,4390,4391.8,1442
1786320000,4391.6,4400,4391.4,4399.5,1195
1786320300,4399.5,4402.7,4398.7,4400.9,794
1786320600,4400.7,4406.3,4398.7,4403.7,1280
1786320900,4403.7,4404.8,4398,4402.7,1079
1786321200,4402.6,4403,4397.7,4398.8,554
1786321500,4398.9,4399.4,4395.8,4396.5,715
1786321800,4396.6,4398.3,4394.3,4395,623
1786322100,4395.3,4396.2,4392.3,4395.8,701
1786322400,4395.9,4397.3,4392.5,4393.2,605
1786322700,4393.3,4395,4392.3,4394.3,427
1786323000,4394.6,4396.4,4392.2,4392.7,567
1786323300,4393,4393.9,4389.4,4391.5,1068
1786323600,4391.4,4400,4385,4386.4,3490
1786323900,4386.8,4387.8,4381.5,4383.8,2964
1786324200,4383.7,4385,4381.7,4383.3,1237
1786324500,4383,4386.5,4381.7,4384.3,1158
1786324800,4384.6,4388.7,4381.9,4388.1,1466
1786325100,4388.3,4388.6,4376.4,4376.5,1594
1786325400,4376.8,4381.4,4374.1,4380.4,1944
1786325700,4380.6,4380.6,4376.2,4377.3,730
1786326000,4377.3,4378.5,4373.7,4378,971
1786326300,4378,4381.9,4376.3,4380.6,923
1786326600,4380.6,4383.8,4379.5,4380.8,1104
1786326900,4380.8,4384.5,4378.1,4383,1027
1786327200,4383,4384.1,4380.4,4382.3,775
1786327500,4382.2,4385,4379.4,4384.3,818
1786327800,4384.3,4386.5,4382,4385,737
1786328100,4385,4386.3,4383.9,4385.6,556
1786328400,4384.9,4388.1,4384.3,4387.1,616
1786328700,4387.1,4392.4,4386.4,4390.9,829
1786329000,4391.1,4393,4384.8,4387.9,1307
1786329300,4388.3,4390,4384.7,4385.6,669
1786329600,4385.6,4390.1,4383.1,4386.7,902
1786329900,4386.6,4387.5,4381.5,4383.4,842
1786330200,4383.5,4384.9,4379.3,4380,609
1786330500,4379.9,4382.5,4378.9,4379.6,592
1786330800,4379.8,4381.2,4378,4379.1,592
1786331100,4378.9,4379.6,4377.4,4377.7,405
1786331400,4377.5,4380.2,4377.4,4379.9,428
1786331700,4379.9,4384.3,4379.5,4384,1006
1786332000,4383.9,4386.5,4383.3,4383.4,728
1786332300,4383.5,4388.3,4383.5,4387.5,794
1786332600,4387.3,4388.8,4385.9,4388.2,462
1786332900,4388.2,4390.6,4386.5,4386.8,616
1786333200,4386.9,4387.4,4385.5,4386.1,351
1786333500,4385.9,4388,4384.5,4387.6,443
1786333800,4387.6,4388.7,4386.9,4388,285
1786334100,4387.9,4388.8,4387,4387.2,268
1786334400,4387.3,4388.9,4383.6,4386.5,754
1786334700,4386.3,4387.8,4383.6,4387.8,593
1786335000,4387.8,4393,4387.8,4393,946
1786335300,4392.7,4394.8,4391,4394.2,860
1786335600,4394.3,4397.8,4393.7,4397.3,800
1786335900,4397.1,4397.7,4393.9,4394.9,549
1786336200,4394.8,4396.5,4393.3,4394.6,657
1786336500,4394.6,4396.3,4393.6,4393.9,288
1786336800,4393.7,4393.9,4389.7,4392.2,828
1786337100,4392.2,4395.1,4391.5,4393.4,692
1786337400,4393.5,4397,4393,4395.6,378
1786337700,4395.6,4399.5,4395.2,4399.3,828
1786338000,4399.1,4399.9,4395.1,4396.9,714
1786338300,4397.2,4399.2,4396.1,4396.1,339
1786338600,4396.3,4396.4,4393.4,4394.6,588
1786338900,4394.9,4396.1,4392.5,4393,407
1786339200,4393,4396.1,4393,4394.8,290
1786339500,4394.6,4394.9,4393,4393.6,288
1786339800,4393.5,4401.4,4391.5,4400.6,1519
1786340100,4400.8,4402.3,4398.9,4401.7,1214
1786340400,4401.7,4404.6,4398.8,4403.5,1161
1786340700,4403.6,4407.5,4400.7,4405.8,966
1786341000,4406,4413,4405.5,4408.4,1791
1786341300,4408.4,4409.5,4405,4406.9,755
1786341600,4407.1,4407.3,4401.4,4402.2,1073
1786341900,4402.2,4406.6,4401.8,4406.2,722
1786342200,4405.9,4410,4405.7,4406.9,830
1786342500,4407.1,4409.5,4402.2,4402.8,833
1786342800,4402.8,4405.3,4402.2,4405.2,573
1786343100,4404.8,4408.1,4403.5,4408.1,493
1786343400,4407.7,4409,4406,4407.1,586
1786343700,4407.2,4409.6,4405.4,4408,525
1786344000,4408.4,4415.5,4406.5,4414.8,924
1786344300,4414.8,4418,4414.6,4416.3,950
1786344600,4416.1,4416.9,4414.7,4416.9,418
1786344900,4416.8,4419.7,4416.1,4417.7,571
1786345200,4417.6,4418.4,4413.2,4414,985
1786345500,4414,4416.6,4413.2,4413.2,545
1786345800,4413.2,4414.1,4409.1,4410.3,864
1786346100,4410.3,4416.2,4409.7,4413.7,803
1786346400,4414,4418.5,4411.4,4417.6,638
1786346700,4417.8,4418.3,4411.8,4414.5,673
1786347000,4414.4,4414.8,4412,4412.6,397
1786347300,4412.7,4419.4,4412.4,4418.3,652
1786347600,4418,4419.5,4415.8,4418.5,545
1786347900,4418.8,4421.6,4416,4416.5,1061
1786348200,4416.7,4417.8,4414.2,4414.8,425
1786348500,4414.7,4415.7,4414.1,4414.7,333
1786348800,4414.7,4415.5,4413.3,4415.3,422
1786349100,4414.9,4415.5,4410.8,4412,544
1786349400,4411.7,4413.9,4411.2,4413.7,295
1786349700,4413.6,4415.1,4412.5,4414.2,347
1786350000,4414.6,4414.6,4411.8,4412.3,312
1786350300,4412.1,4415.7,4411.5,4415.1,529
1786350600,4414.7,4416.1,4407.9,4409.7,930
1786350900,4409.8,4410.7,4407.4,4407.4,452
1786351200,4407.7,4409,4404.9,4405.3,655
1786351500,4405.3,4408.3,4404.6,4405.7,537
1786351800,4405.6,4407.5,4404.1,4405.4,700
1786352100,4405.5,4407.6,4402.8,4405.8,731
1786352400,4405.6,4407.8,4404.6,4407.2,421
1786352700,4407.2,4408.1,4404.9,4406.7,605
1786353000,4406.6,4409.2,4406,4408.8,618
1786353300,4408.7,4408.7,4405.1,4406.5,542
1786353600,4406.4,4407.8,4405.9,4407.3,277
1786353900,4407,4408.1,4403.9,4406.2,482
1786354200,4406,4406,4400.9,4403.1,1365
1786354500,4403.2,4403.5,4398.3,4401.3,1171
1786354800,4401.4,4403.7,4401,4403.7,349
1786355100,4403.6,4404.7,4400.9,4401.5,468
1786355400,4401.8,4402,4399.8,4401,276
1786355700,4401.4,4402.4,4400.2,4400.2,271
1786356000,4400.3,4400.7,4398.2,4399.9,746
1786356300,4399.8,4400.8,4399,4399.7,315
1786356600,4399.7,4400.3,4398.7,4400,282
1786356900,4399.7,4400.8,4398.4,4400.7,385
1786357200,4400.7,4403.2,4399.9,4402.2,533
1786357500,4402.3,4402.9,4400.8,4402.6,310
1786357800,4402.6,4403.3,4399.1,4401.2,458
1786358100,4401.2,4401.4,4397.3,4398.7,529
1786358400,4398.8,4399,4396.4,4397,534
1786358700,4396.8,4398.5,4396.6,4397.3,416
1786359000,4397.1,4400,4396.8,4397.4,575
1786359300,4397.2,4399,4394,4395.1,853
1786359600,4395.1,4396.2,4393.4,4393.7,625
1786359900,4393.8,4395,4392.1,4393,813
1786360200,4393.2,4393.3,4386.9,4390.5,1306
1786360500,4390.1,4390.5,4388,4388.8,523
1786360800,4388.8,4393,4387.9,4392.5,631
1786361100,4392.5,4395.7,4392.3,4393.5,902
1786361400,4393.6,4398.4,4393.5,4397.1,785
1786361700,4397,4398.8,4394.5,4398.6,627
1786362000,4398.4,4398.6,4395.6,4396.5,339
1786362300,4396.5,4397.1,4391.1,4391.8,589
1786362600,4392,4395.2,4391.2,4394.1,446
1786362900,4394.2,4395.3,4392.2,4393.5,378
1786363200,4393.7,4394,4391.3,4392.5,565
1786363500,4392.6,4396.3,4390.8,4394,848
1786363800,4394.4,4394.6,4389.8,4390.4,656
1786364100,4390.7,4391.3,4387.2,4387.6,670
1786364400,4387.6,4390.2,4385.1,4386.3,1157
1786364700,4386,4386.8,4382.5,4386.5,1169
1786365000,4386.5,4390.3,4385,4386.5,1231
1786365300,4386.5,4391.5,4385.1,4389.7,928
1786365600,4390,4391.4,4387.7,4387.8,692
1786365900,4387.6,4392,4387.3,4390.6,622
1786366200,4390.4,4392,4388.4,4390.5,484
1786366500,4390.4,4394.7,4389,4391.5,1062
1786366800,4391.2,4393.5,4384.6,4387.8,1592
1786367100,4387.8,4393.4,4387,4393.3,927
1786367400,4393.3,4396.7,4392.6,4396.3,1460
1786367700,4396.3,4396.9,4393.2,4394.1,833
1786368000,4393.9,4395.6,4387.7,4389.5,1325
1786368300,4389.5,4394.3,4389.1,4394.1,1000
1786368600,4393.9,4397.6,4390.8,4395.5,1875
1786368900,4395,4398.4,4394.6,4396.3,1594
1786369200,4396.4,4396.6,4387.5,4388.9,1588
1786369500,4389.2,4390.2,4382.9,4385.8,2452
1786369800,4385.6,4386.6,4379.2,4381.6,2473
1786370100,4381.5,4383.3,4375,4376.4,2168
1786370400,4376.4,4384.1,4376,4381.7,2101
1786370700,4382.1,4385.2,4380.2,4382.8,1473
1786371000,4383.2,4390,4383.2,4388.9,1488
1786371300,4389.1,4395.5,4387.3,4393,2213
1786371600,4393,4399.4,4391.3,4397.3,2178
1786371900,4397.5,4407.3,4397.3,4404.5,3234
1786372200,4404.5,4411.2,4404,4406.7,2417
1786372500,4406.8,4408.4,4404,4406.2,1237
1786372800,4406,4409.6,4405.4,4409.2,1190
1786373100,4409,4410.7,4405.8,4407.2,1429
1786373400,4407,4407,4402.2,4402.6,1639
1786373700,4402.7,4405.4,4402.5,4405.1,822
1786374000,4405.2,4409,4403.1,4407,1356
1786374300,4406.8,4412,4401.8,4404.6,2361
1786374600,4404.6,4407.3,4403,4406.5,863
1786374900,4406.6,4411.6,4405.6,4409,1263
1786375200,4409.1,4412,4408.3,4409,861
1786375500,4409.1,4411,4406.6,4408.7,824
1786375800,4408.7,4411.3,4407.3,4407.7,803
1786376100,4407.6,4411.6,4407.6,4409.8,873
1786376400,4409.8,4411.2,4409,4410.1,438
1786376700,4410.1,4413.2,4408.2,4411.6,1272
1786377000,4411.6,4417.4,4411.4,4416.6,1545
1786377300,4416.7,4419.1,4415.9,4418,942
1786377600,4418.3,4423.8,4417.3,4417.4,2575
1786377900,4417.5,4423.3,4416.1,4422.7,1685
1786378200,4422.6,4424.4,4420.6,4420.8,1218
1786378500,4420.7,4422.8,4420.2,4420.7,583
1786378800,4421,4423.6,4420.7,4422.7,649
1786379100,4423.1,4424.3,4421,4422.2,565
1786379400,4422.2,4422.5,4405,4416,3534
1786379700,4416.3,4418.9,4414.2,4414.8,827
1786380000,4415,4416.1,4410.4,4411.1,1292
1786380300,4411.2,4414.6,4411.1,4412.8,767
1786380600,4412.8,4413.6,4411.5,4413.1,479
1786380900,4413.1,4416.5,4411.5,4416.4,694
1786381200,4416.5,4417.2,4413.5,4413.8,694
1786381500,4413.5,4416.4,4410.7,4415.1,1079
1786381800,4415.1,4417.5,4414.5,4416.3,564
1786382100,4416.2,4417.5,4415.3,4416.2,453
1786382400,4416.5,4419.7,4416.5,4419,658
1786382700,4419.1,4420.5,4417.6,4420.3,859
1786383000,4420.2,4422.2,4418.9,4421.5,635
1786383300,4421.7,4425.1,4421.4,4423.2,883
1786383600,4423.2,4423.4,4418.7,4419.6,949
1786383900,4419.5,4420.1,4416.4,4419.7,1142
1786384200,4419.4,4420.5,4417.9,4417.9,433
1786384500,4418.2,4419.2,4416.6,4419.2,409
1786384800,4419.2,4423.2,4418.8,4423,795
1786385100,4422.8,4424.8,4422.5,4422.9,743
1786385400,4422.9,4423.9,4422,4422.2,362
1786385700,4422.1,4423.5,4420.6,4422.2,455
1786386000,4422.1,4424.5,4421.4,4423.8,395
1786386300,4424.1,4426.6,4423.9,4425,1101
1786386600,4425.2,4440.3,4424.5,4438.7,3761
1786386900,4438.6,4441.3,4436.4,4440.5,1407
1786387200,4440.8,4442.6,4438.6,4438.8,1337
1786387500,4439,4439.1,4432.5,4435.8,1619
1786387800,4435.9,4438.4,4434.2,4436.2,773
1786388100,4436.2,4438.4,4435.3,4437.8,559
1786388400,4437.8,4440.6,4437.7,4439.2,911
1786388700,4439.2,4442.1,4439.2,4441.3,866
1786389000,4441,4442,4439.6,4441.2,557
1786389300,4441.3,4442.3,4440.4,4442,583
1786389600,4442.1,4447.5,4441.8,4445.8,1775
1786389900,4446.1,4450.8,4445.4,4449.6,1647
1786390200,4449.8,4453.2,4445.2,4446.2,1848
1786390500,4446.3,4447.7,4443.4,4446.6,1049
1786390800,4446.9,4449.5,4445.6,4446.6,1020
1786391100,4446.9,4453.9,4445.9,4452.9,1243
1786391400,4452.7,4453.9,4449.5,4451.1,1078
1786391700,4451.1,4451.4,4445.9,4446.8,1265
1786392000,4447,4449,4446.6,4447.5,455
1786392300,4447.4,4447.6,4444.5,4445,530
1786392600,4445,4449.8,4444.8,4448.4,599
1786392900,4448.4,4450.3,4448.3,4448.9,346
1786393200,4448.9,4449,4445.2,4447.8,471
1786393500,4447.5,4451.1,4447.3,4449.9,365
1786393800,4450.3,4451.1,4449.5,4450.3,306
1786394100,4449.9,4450.5,4449,4449.3,222
1786394400,4449.3,4450.6,4448.7,4449.1,446
1786394700,4449,4449.8,4447.9,4448,369
1786395000,4447.9,4449.6,4447.6,4448.5,226
1786395300,4448.6,4449.9,4447.7,4448.7,350
1786399200,4450.5,4451.5,4443.7,4449.2,659
1786399500,4449,4451,4448.7,4450.5,456
1786399800,4450.7,4452.2,4449.9,4450.2,382
1786400100,4450.7,4452,4450.5,4451.8,189
1786400400,4451.3,4452.7,4451.2,4452.3,271
1786400700,4452.2,4452.7,4451,4451.2,266
1786401000,4451.4,4453.1,4451.1,4452.7,275
1786401300,4452.8,4453.5,4452.2,4453.2,250
1786401600,4453.1,4455.7,4452.8,4454.7,706
1786401900,4454.7,4457.8,4454.6,4457.2,613
1786402200,4456.9,4459.2,4456.5,4459.1,560
1786402500,4458.9,4460.9,4457.4,4459.1,1074
1786402800,4459.1,4461.4,4456.9,4458.2,889
1786403100,4458.2,4461.7,4455.3,4456,1173
1786403400,4456.1,4457.1,4455,4457,408
1786403700,4456.8,4457.1,4453,4454.6,729
1786404000,4454.7,4455.9,4454.1,4454.4,274
1786404300,4454.2,4455.6,4454,4454.8,244
1786404600,4454.7,4455.7,4454.4,4455,368
1786404900,4454.9,4458.7,4454.9,4458.4,576
1786405200,4458.2,4458.5,4457,4457.9,358
1786405500,4458.4,4459,4456.2,4457.7,417
1786405800,4457.5,4458.9,4455.9,4458.5,453
1786406100,4458.5,4463,4458.2,4462.2,1055
1786406400,4462.1,4464.5,4456,4464.4,2062
1786406700,4464.3,4466.1,4462.5,4465.6,941
1786407000,4465.8,4468.6,4463.2,4464.7,1487
1786407300,4465,4467.3,4463.8,4465.5,656
1786407600,4465.4,4471.6,4465.2,4471.6,1146
1786407900,4471.5,4475.9,4471.2,4473.5,1544
1786408200,4473.5,4473.6,4470.3,4472.4,906
1786408500,4471.9,4472.8,4467.4,4470.7,1009
1786408800,4470.6,4473.6,4466.5,4473.6,1365
1786409100,4473.5,4478.7,4469.3,4472.5,2198
1786409400,4472.2,4472.5,4469,4469.1,533
1786409700,4469.2,4471.2,4467.1,4468.8,752
1786410000,4468.6,4469.2,4453,4460.2,4434
1786410300,4460.1,4469,4458.6,4468,2022
1786410600,4468.1,4474.9,4468,4474.4,1997
1786410900,4474,4479.3,4472.4,4474.4,2292
1786411200,4474.4,4480,4473.5,4474.4,1395
1786411500,4474.6,4479.5,4472.8,4479.1,1058
1786411800,4479.4,4482,4478.1,4480,1283
1786412100,4480,4480.9,4476.6,4479.4,1153
1786412400,4479.5,4483,4475.2,4475.3,1617
1786412700,4475.4,4487.8,4474.4,4486.5,2168
1786413000,4486.6,4491.4,4485,4491.2,1836
1786413300,4491.3,4493.5,4488.5,4489.5,1952
1786413600,4489.3,4489.8,4483.3,4486.8,1833
1786413900,4486.7,4489.4,4481,4483.3,1728
1786414200,4483.6,4494.5,4482.8,4493.7,1494
1786414500,4494,4495.1,4491.5,4491.5,1268
1786414800,4491.8,4492.1,4485.9,4486.2,1276
1786415100,4486,4490.4,4485.9,4488.4,973
1786415400,4488.1,4489.2,4484,4486.8,1341
1786415700,4486.7,4487,4473.5,4476.2,2127
1786416000,4476.1,4481.4,4476.1,4478.5,1353
1786416300,4478.5,4479.3,4474.9,4475.2,956
1786416600,4475.1,4475.1,4469.2,4471.7,1882
1786416900,4471.9,4473.4,4467.9,4470.8,1081
1786417200,4471,4474.7,4470.2,4473.5,759
1786417500,4473.6,4475,4469.2,4473.8,810
1786417800,4473.5,4475.4,4472,4473.2,674
1786418100,4473.4,4477.4,4472.5,4477,738
1786418400,4476.6,4478.3,4474.3,4475.2,724
1786418700,4475.3,4480.8,4475.2,4480.1,859
1786419000,4480.1,4481.5,4478.4,4479.5,567
1786419300,4479.7,4480.2,4478,4478.4,358
1786419600,4478.4,4479.7,4474.9,4475.4,514
1786419900,4475.9,4478,4473.5,4474.3,702
1786420200,4474.6,4478.6,4473.6,4476.4,621
1786420500,4476.7,4477.6,4475.8,4476.4,197
1786420800,4476.6,4479.2,4476.1,4477.5,530
1786421100,4477.4,4478.2,4473.7,4473.8,572
1786421400,4473.8,4474.3,4472,4473.6,687
1786421700,4474,4475.7,4472.5,4473,504
1786422000,4472.7,4473.4,4469.9,4472.5,600
1786422300,4472.8,4475.1,4470.3,4474.7,453
1786422600,4475,4480.3,4470.6,4476,1394
1786422900,4476,4476.2,4470.6,4473.9,678
1786423200,4473.8,4474.8,4468.2,4469.8,903
1786423500,4469.8,4471.2,4465.7,4467.5,1127
1786423800,4467.5,4468.1,4465.2,4466.7,928
1786424100,4466.7,4469.2,4463.4,4468.9,953
1786424400,4468.6,4469,4464.7,4465.4,590
1786424700,4465.3,4466.1,4462,4465.6,787
1786425000,4465.8,4465.8,4459,4461.7,1016
1786425300,4461.8,4461.9,4457.2,4458.4,918
1786425600,4458.5,4459.3,4455.7,4457.5,933
1786425900,4457.4,4457.5,4450.1,4451.8,1797
1786426200,4451.8,4451.8,4432.1,4444.1,6617
1786426500,4443.8,4445.6,4437.1,4439.6,1927
1786426800,4439.6,4439.9,4433.3,4437.2,1885
1786427100,4437.2,4438.4,4431.7,4431.7,1705
1786427400,4432.1,4433.4,4428.2,4430.1,2249
1786427700,4430.1,4435.1,4427.2,4435.1,1598
1786428000,4435,4440.5,4431.2,4438.9,1960
1786428300,4438.9,4442.1,4437.7,4441.6,935
1786428600,4441.8,4441.8,4432,4432.2,1377
1786428900,4432.2,4435.6,4428.8,4429,1483
1786429200,4428.9,4433.8,4426.7,4432.9,1419
1786429500,4433,4433.1,4421.2,4422.8,2291
1786429800,4422.7,4427.2,4418.6,4422.1,2234
1786430100,4421.8,4427.7,4420.1,4427.1,1313
1786430400,4427.2,4428.6,4422.5,4422.5,675
1786430700,4423,4426.6,4421.8,4425.8,563
1786431000,4426.1,4426.9,4419.6,4420.4,798
1786431300,4420.8,4425.4,4418.8,4425.2,868
1786431600,4425.2,4426.9,4420.8,4422,1098
1786431900,4422.2,4424.2,4420.1,4421.1,645
1786432200,4421,4423.7,4420.3,4422.5,420
1786432500,4422.4,4422.6,4416.8,4418.9,916
1786432800,4419.1,4421.1,4416.7,4420,692
1786433100,4419.1,4425.2,4418.9,4422.3,718
1786433400,4422.4,4424.2,4417.7,4420.8,764
1786433700,4420.6,4422.7,4418.2,4418.2,610
1786434000,4418.2,4418.2,4415.8,4417.6,878
1786434300,4417.8,4418.8,4416.4,4418.4,493
1786434600,4418.6,4420.8,4416.8,4419.3,704
1786434900,4418.9,4419.3,4415.9,4416.7,404
1786435200,4417.1,4423.7,4416.1,4422.6,1064
1786435500,4422.4,4426.4,4421.7,4424.8,1075
1786435800,4424.7,4426.3,4423.1,4424.3,630
1786436100,4424.1,4424.8,4419.1,4421.4,805
1786436400,4421.1,4423.4,4417.9,4423.4,908
1786436700,4423.3,4428.7,4422.9,4428,1032
1786437000,4427.8,4431.3,4427.4,4429.9,1310
1786437300,4429.8,4433.8,4429.4,4433.4,781
1786437600,4433.3,4434.6,4432.6,4433.5,831
1786437900,4433.5,4434.1,4431.2,4433,777
1786438200,4433,4435.5,4429.8,4430.1,886
1786438500,4430,4431.2,4427.5,4427.9,640
1786438800,4427.6,4430.7,4426.2,4429.7,922
1786439100,4430,4431.2,4428.8,4429,307
1786439400,4429.1,4431.8,4428.9,4431,361
1786439700,4431.3,4432.9,4429.8,4432.8,427
1786440000,4432.6,4434.3,4429.8,4431.6,842
1786440300,4431.6,4434.2,4429.7,4430.4,831
1786440600,4430.6,4433.8,4428.9,4432.4,1011
1786440900,4432.5,4433.6,4430.9,4432,309
1786441200,4432.3,4433.4,4429.2,4429.2,425
1786441500,4429.3,4433.7,4429.1,4432.5,499
1786441800,4432.7,4432.9,4430,4430.8,390
1786442100,4430.7,4432,4430,4431.4,230
1786442400,4431.4,4433.1,4429.9,4431.3,353
1786442700,4431.1,4433.5,4430.2,4432.5,373
1786443000,4432.6,4435,4431.6,4431.8,407
1786443300,4431.8,4433.6,4431.5,4431.5,179
1786443600,4431.2,4437,4431.1,4436.7,779
1786443900,4436.7,4441,4435.6,4437.3,1421
1786444200,4437.2,4440.1,4436.9,4437.8,691
1786444500,4437.9,4438.5,4436.3,4436.6,354
1786444800,4436.5,4437.2,4435.6,4436.3,323
1786445100,4436.4,4439.9,4436.3,4439.9,413
1786445400,4439.7,4440.8,4438.8,4439.1,562
1786445700,4438.9,4441.5,4437.5,4441.1,532
1786446000,4441.1,4451.7,4439.2,4449.6,2977
1786446300,4449.6,4451,4447.1,4449.2,1362
1786446600,4449,4450.7,4446.1,4449.7,757
1786446900,4449.8,4450.6,4446.5,4448.4,754
1786447200,4448.5,4449.9,4444,4444.6,656
1786447500,4444.7,4447,4443.5,4445.7,651
1786447800,4445.9,4446.5,4443.7,4444.9,408
1786448100,4444.5,4445.7,4441.6,4442.9,670
1786448400,4443,4444.9,4441.3,4444.7,622
1786448700,4444.6,4447.9,4444,4446,1029
1786449000,4446,4448.2,4443.3,4446.3,668
1786449300,4445.6,4447,4444,4446,237
1786449600,4446,4446.2,4442.3,4443.8,655
1786449900,4444,4453.9,4443.4,4452.2,1591
1786450200,4452.4,4456,4450,4455.3,1443
1786450500,4455.4,4456.4,4451,4454.3,1207
1786450800,4454.1,4458.6,4446.3,4447.5,3652
1786451100,4447.6,4451.5,4446.1,4449.2,1562
1786451400,4449.6,4453.5,4446.9,4448.4,1403
1786451700,4448.4,4450.5,4447,4448,894
1786452000,4448.2,4457.2,4448,4457.2,1607
1786452300,4457,4458.9,4453.8,4456,1645
1786452600,4455.8,4456.5,4451.1,4451.8,1034
1786452900,4451.8,4452.9,4450.1,4450.7,744
1786453200,4450.9,4457.8,4449.7,4451.1,1861
1786453500,4451.5,4457.8,4451.3,4457.7,1040
1786453800,4457.8,4459.9,4452.6,4452.7,1565
1786454100,4452.7,4454.5,4448.1,4453.3,2159
1786454400,4453.2,4460,4453.1,4456.9,1710
1786454700,4456.7,4459,4454.6,4457.2,837
1786455000,4457.2,4459.3,4448.7,4451.4,2338
1786455300,4451.3,4459,4447.6,4458.7,2631
1786455600,4458.7,4460.9,4457.1,4459,1946
1786455900,4459,4463.4,4451.6,4454.1,3502
1786456200,4454.3,4455.8,4443.1,4446.3,3343
1786456500,4446.1,4453.5,4445.6,4448.3,2268
1786456800,4448.3,4449.1,4439.6,4444,3105
1786457100,4444,4446.7,4441.6,4443.9,1779
1786457400,4443.7,4446.5,4441.1,4445.9,1122
1786457700,4446.1,4449.2,4441.9,4444.8,1869
1786458000,4444.5,4448.9,4440.6,4443.7,1427
1786458300,4443.3,4447.1,4441.1,4443.1,1334
1786458600,4443.3,4450.3,4443.1,4450.1,1522
1786458900,4450,4452.7,4448.8,4451.1,1639
1786459200,4451.3,4454.9,4450,4453.1,1289
1786459500,4453,4455.6,4451.8,4453.1,964
1786459800,4452.9,4454.9,4451,4454.4,991
1786460100,4454.6,4457.5,4452.3,4453.6,1444
1786460400,4453.6,4458.3,4452.5,4456.4,1340
1786460700,4456.2,4456.8,4449.1,4450.5,1434
1786461000,4450.3,4455.5,4448.4,4451.6,1165
1786461300,4451.4,4451.6,4440.7,4445.3,2464
1786461600,4445.3,4448.7,4442.5,4443,1344
1786461900,4443,4446.8,4440.8,4445.7,1150
1786462200,4445.5,4445.8,4435,4436.7,2340
1786462500,4436.6,4438.3,4430.4,4430.5,2368
1786462800,4430.7,4435.7,4428.2,4435.3,2120
1786463100,4435.4,4437.4,4434.3,4435.7,1107
1786463400,4435.5,4440.1,4434.8,4439.9,1081
1786463700,4440.1,4443.5,4439.1,4443,1228
1786464000,4443.5,4444.6,4440.1,4440.3,1167
1786464300,4440.4,4441.3,4438.2,4439.6,889
1786464600,4439.6,4441.3,4438.2,4439.3,489
1786464900,4439.2,4441.2,4438,4438.5,507
1786465200,4438.3,4442.7,4438.3,4441.2,763
1786465500,4441.1,4443.2,4440.2,4442.9,558
1786465800,4442.7,4442.7,4438.9,4442,508
1786466100,4441.9,4444.7,4441.7,4443.3,884
1786466400,4443.3,4445.4,4442.5,4444.3,521
1786466700,4444.5,4445.2,4441.4,4442.1,434
1786467000,4442.4,4442.6,4440.5,4442,386
1786467300,4442.1,4445,4441.5,4443.1,480
1786467600,4443.3,4445.2,4442.1,4443.4,411
1786467900,4443.2,4445.8,4441.3,4444.3,537
1786468200,4444.4,4444.4,4440.7,4440.7,503
1786468500,4440.7,4443.3,4439.3,4442.7,1522
1786468800,4442.6,4443.9,4438.7,4440.4,1763
1786469100,4440.3,4442.9,4438.1,4440.8,886
1786469400,4440.8,4441.4,4435.3,4436,811
1786469700,4436.1,4436.9,4433.7,4436.4,835
1786470000,4436.4,4437.8,4435.6,4435.7,499
1786470300,4435.9,4437.1,4434.5,4436,347
1786470600,4436.1,4436.4,4432.3,4432.4,497
1786470900,4432.2,4433,4428.1,4428.4,1105
1786471200,4428.4,4428.8,4422.9,4424.7,1860
1786471500,4424.5,4426.6,4420.4,4420.7,1071
1786471800,4421.3,4423.7,4419.7,4423.3,941
1786472100,4423.2,4426.7,4422.8,4426,921
1786472400,4425.9,4426.2,4421.2,4423.7,802
1786472700,4423.9,4424.8,4419.6,4420.3,802
1786473000,4420.5,4427.2,4420.2,4426.7,984
1786473300,4426.6,4430.3,4426.4,4429.6,1301
1786473600,4429.5,4431.3,4427.8,4430.3,669
1786473900,4430.4,4432,4429.9,4430.7,798
1786474200,4430.6,4431.7,4430.5,4430.8,326
1786474500,4430.7,4431.2,4429.1,4430.5,472
1786474800,4430.4,4431.1,4425.5,4425.9,746
1786475100,4425.9,4426,4422.4,4424.1,1185
1786475400,4423.8,4426.6,4422.2,4422.7,745
1786475700,4422.6,4423.5,4420,4421.8,620
1786476000,4421.6,4428.4,4420.7,4427.8,1130
1786476300,4428,4430.3,4426.3,4429.6,725
1786476600,4429.8,4434.5,4429.6,4430.6,1007
1786476900,4430.7,4431,4427.7,4429.9,845
1786477200,4429.4,4429.7,4425.7,4427,540
1786477500,4427.1,4429.7,4425.8,4429,467
1786477800,4429.3,4430.3,4425.6,4428.5,701
1786478100,4428.4,4432.1,4428.3,4429.6,1014
1786478400,4429.5,4430,4427.1,4428.4,407
1786478700,4428.7,4429.8,4427.6,4429.5,255
1786479000,4429,4430,4428.9,4429.1,177
1786479300,4429.1,4429.1,4426.5,4427.3,249
1786479600,4427.1,4429,4426.7,4429,166
1786479900,4428.8,4430.2,4428.3,4429.2,198
1786480200,4429.4,4429.6,4428.6,4428.7,205
1786480500,4428.9,4429.1,4427.9,4428.6,140
1786480800,4428.6,4428.6,4426.6,4426.8,201
1786481100,4426.7,4427.1,4426.2,4426.4,302
1786481400,4426.4,4426.9,4426.2,4426.6,142
1786481700,4427,4428.2,4426.7,4428.1,268
1786485600,4429.8,4431.5,4428.1,4431.5,682
1786485900,4431.1,4433,4430.8,4432.7,500
1786486200,4432.6,4433.7,4432,4432.2,387
1786486500,4432.2,4433.5,4431.5,4432.9,473
1786486800,4433,4434.7,4433,4434.1,524
1786487100,4434.2,4435.6,4433.7,4434.9,383
1786487400,4434.7,4436.4,4434.4,4435.1,540
1786487700,4435.2,4435.8,4434.3,4434.9,262
1786488000,4434.9,4435,4433.4,4434.9,347
1786488300,4434.8,4437.5,4432.7,4433.5,770
1786488600,4433.7,4434.3,4429.6,4432.8,1118
1786488900,4432.9,4433.7,4426.2,4428,965
1786489200,4428.2,4428.8,4422.3,4423.7,1375
1786489500,4424,4428.7,4421.3,4423.5,1170
1786489800,4423.4,4428.4,4423.3,4425,732
1786490100,4424.8,4430.9,4423.8,4429.7,821
1786490400,4429.4,4433,4429.4,4431.2,690
1786490700,4431.1,4432.7,4426.7,4431.6,914
1786491000,4431.5,4431.7,4425.1,4427.5,771
1786491300,4427.3,4427.9,4426.4,4426.6,225
1786491600,4426.6,4427.4,4426.2,4426.8,135
1786491900,4427,4429.4,4426.7,4428.1,413
1786492200,4428,4428.8,4427.2,4428.8,277
1786492500,4428.9,4431.1,4428.8,4430.5,377
1786492800,4430.6,4430.8,4425.6,4427.9,852
1786493100,4428.1,4430.4,4427.1,4430.4,467
1786493400,4430.1,4438.7,4429.6,4437.3,1361
1786493700,4437.1,4439.5,4433.3,4439,1243
1786494000,4439.1,4439.9,4436.7,4438.1,738
1786494300,4437.9,4440.5,4437.1,4440.2,685
1786494600,4440.1,4443,4438.7,4440.7,979
1786494900,4440.9,4443.2,4440.4,4440.7,598
1786495200,4441.1,4442.7,4440.4,4442.4,462
1786495500,4442.4,4442.7,4440.2,4440.6,403
1786495800,4440.8,4441.4,4437.4,4437.7,668
1786496100,4437.6,4441.4,4437.1,4440.2,700
1786496400,4440.2,4445.1,4437.9,4444.4,2155
1786496700,4444.3,4447.4,4441.7,4446.9,1315
1786497000,4446.7,4450.3,4446.5,4449.8,1356
1786497300,4450,4451.7,4446.3,4450.9,1281
1786497600,4450.9,4453.9,4448.8,4450.3,1149
1786497900,4450.1,4451.6,4449.1,4450.1,548
1786498200,4449.9,4451,4445.5,4446.7,1185
1786498500,4446.7,4450.9,4444.6,4446.9,1164
1786498800,4447,4453,4446.8,4452.7,984
1786499100,4452.7,4455.9,4450.6,4454.4,1112
1786499400,4454.6,4456.8,4454.1,4454.8,863
1786499700,4454.8,4457.2,4452.9,4456.3,802
1786500000,4456.3,4456.9,4453.6,4456.3,774
1786500300,4456.2,4457.9,4455,4457,599
1786500600,4457.1,4464.4,4457.1,4461,1716
1786500900,4460.4,4461.9,4458.3,4460.7,935
1786501200,4460.6,4462.7,4460,4461.6,718
1786501500,4461.3,4462.1,4459.8,4461.5,436
1786501800,4461.4,4462.7,4457.3,4457.9,1081
1786502100,4458.1,4459.8,4456.6,4458.7,715
1786502400,4459,4467.6,4458.7,4465,2048
1786502700,4465.1,4470.6,4464.6,4469.2,1489
1786503000,4469.2,4474.1,4468.8,4473.4,1560
1786503300,4473.3,4473.4,4470.6,4471.1,925
1786503600,4471,4474.2,4468.3,4469.3,1200
1786503900,4469.4,4475.7,4468.2,4473.1,1301
1786504200,4473.5,4474.5,4470,4470.5,780
1786504500,4470.7,4470.8,4466.3,4467.5,1035
1786504800,4467.2,4467.7,4464.4,4466.5,1041
1786505100,4466.3,4468.1,4465.9,4467.3,672
1786505400,4467.3,4468.8,4464.9,4465.5,779
1786505700,4465.4,4466.6,4463.6,4463.9,722
1786506000,4464.1,4464.4,4461.3,4461.6,885
1786506300,4461.5,4463.4,4461.3,4462.8,581
1786506600,4462.9,4463.8,4460.7,4461.9,530
1786506900,4461.9,4462.8,4461,4462.1,343
1786507200,4462.1,4463.1,4461.3,4462.9,360
1786507500,4462.9,4463.1,4459.4,4460,677
1786507800,4460,4460.1,4456.2,4457.3,1028
1786508100,4457.3,4457.5,4455.3,4456.2,603
1786508400,4456.1,4458.4,4456,4457.8,546
1786508700,4457.7,4459.5,4457.4,4458.9,367
1786509000,4459,4459.7,4457.2,4459.1,333
1786509300,4459.2,4460,4458,4458.9,456
1786509600,4459.1,4460.4,4455.1,4460.2,786
1786509900,4459.9,4462.5,4459.5,4461.4,638
1786510200,4461.5,4461.8,4459.8,4459.8,364
1786510500,4459.7,4461.2,4459.2,4461.2,410
1786510800,4461,4462.2,4459.8,4461.4,477
1786511100,4461.3,4464.8,4460.5,4464.7,823
1786511400,4464.4,4465,4460.8,4461,773
1786511700,4460.7,4460.9,4456.4,4458.1,1011
1786512000,4458.5,4458.9,4452,4453.7,1661
1786512300,4453.8,4455.6,4452.3,4452.5,709
1786512600,4452.3,4457,4448.8,4452.2,1961
1786512900,4452.3,4455,4450.4,4453.7,797
1786513200,4453.5,4454.2,4447.6,4448,986
1786513500,4447.8,4449.4,4445,4445.4,1220
1786513800,4445.2,4449.3,4443.9,4448.9,815
1786514100,4449,4454.1,4448.5,4451.1,1181
1786514400,4451.1,4453,4447.1,4447.9,938
1786514700,4448.1,4448.5,4445.3,4446.5,659
1786515000,4446.4,4448.4,4445.2,4447.1,587
1786515300,4447.2,4450.8,4445.7,4449.2,613
1786515600,4449.3,4450.8,4448,4449.1,552
1786515900,4449.5,4450.1,4447,4449.7,394
1786516200,4449.8,4450.5,4448.4,4449.4,379
1786516500,4449.6,4455.1,4448.7,4453.8,1454
1786516800,4453.8,4457.6,4453.5,4454.4,998
1786517100,4454.5,4460.7,4454.5,4459.9,1101
1786517400,4459.8,4463,4459.4,4460.8,1125
1786517700,4460.9,4466.2,4460.9,4463.2,1152
1786518000,4463.1,4465.7,4460.6,4460.9,931
1786518300,4461,4462.8,4460.3,4461.5,603
1786518600,4461.8,4465.4,4460.6,4460.9,706
1786518900,4461,4461,4457.8,4458.7,782
1786519200,4458.5,4460.3,4457.4,4459.6,503
1786519500,4459.6,4462.1,4459,4461.7,451
1786519800,4461.6,4464.9,4460.6,4463.3,591
1786520100,4463.2,4467.2,4462.6,4466.7,663
1786520400,4466.9,4467.8,4465.1,4467.4,640
1786520700,4467.2,4469.3,4465.2,4468.2,749
1786521000,4468.1,4469.5,4467,4468,480
1786521300,4468.2,4468.3,4464.1,4465.8,602
1786521600,4465.9,4469.9,4465.3,4468.4,814
1786521900,4468.3,4470.3,4466.9,4467,460
1786522200,4467,4469,4467,4468,471
1786522500,4468,4468.2,4465.8,4466.8,407
1786522800,4466.8,4469.1,4466.8,4467.7,415
1786523100,4467.6,4468.1,4465,4466.5,590
1786523400,4466.4,4467,4464.1,4464.9,573
1786523700,4464.9,4465.7,4463.6,4465,392
1786524000,4465.1,4465.5,4463.5,4465.2,307
1786524300,4464.6,4464.6,4461.5,4463.2,462
1786524600,4463.7,4464.1,4462.4,4462.8,224
1786524900,4462.4,4462.6,4460.3,4460.9,410
1786525200,4460.9,4467.1,4460.9,4466.4,604
1786525500,4466.6,4468.5,4466,4468.2,657
1786525800,4468.2,4472.6,4467.4,4472.3,1032
1786526100,4472.4,4477.3,4471.9,4475.1,1435
1786526400,4475,4484.1,4472.8,4483.5,2395
1786526700,4483.2,4483.4,4472.4,4472.8,1364
1786527000,4473,4475.6,4471.6,4474.1,1090
1786527300,4474,4476,4472.4,4475.9,608
1786527600,4475.8,4476.8,4472.7,4473.2,529
1786527900,4473.4,4474,4472,4472.5,356
1786528200,4472.6,4475.9,4470,4471.4,927
1786528500,4471.4,4475.8,4470.9,4475.3,1012
1786528800,4475.4,4475.7,4474,4474.7,343
1786529100,4474.8,4480,4474.7,4477.9,916
1786529400,4477.6,4479.1,4476.7,4477.3,470
1786529700,4477.7,4479.4,4477,4479.1,457
1786530000,4479.2,4480.1,4478.3,4478.5,433
1786530300,4478.8,4480.4,4477.6,4478.9,425
1786530600,4479.1,4479.4,4476.1,4476.4,684
1786530900,4476,4476.1,4471.9,4473.2,734
1786531200,4473.3,4474.6,4472.6,4474,383
1786531500,4474,4475.1,4465.8,4468.8,1401
1786531800,4468.8,4470.5,4467.4,4469.8,635
1786532100,4470,4472.5,4469.1,4472.1,460
1786532400,4472.3,4474.6,4470.5,4470.8,716
1786532700,4470.7,4472.1,4469,4470.4,699
1786533000,4470.4,4471,4467.3,4467.4,814
1786533300,4467.6,4469.9,4467.1,4469.7,371
1786533600,4469.9,4471.1,4469.4,4470.4,353
1786533900,4470.5,4477.7,4469.9,4474.8,1742
1786534200,4474.9,4475.7,4472.7,4473,502
1786534500,4473.1,4473.8,4469.7,4471.5,467
1786534800,4471.5,4473.9,4471.4,4473.2,399
1786535100,4473,4474.4,4472.3,4473.1,340
1786535400,4473.3,4474.2,4472.6,4474.1,316
1786535700,4474,4475.2,4472,4472.3,519
1786536000,4472.5,4472.8,4467,4467.8,997
1786536300,4468.1,4468.8,4466.1,4466.9,1138
1786536600,4466.5,4468.8,4465.5,4468.1,928
1786536900,4468,4468.4,4465.9,4467.7,716
1786537200,4467.8,4469.2,4464.2,4466.2,1518
1786537500,4465.9,4488,4463.8,4486.6,2853
1786537800,4486.6,4492.4,4447.3,4484.7,14034
1786538100,4485,4490.2,4475.1,4489,5205
1786538400,4489.2,4498.1,4483.7,4488.7,6581
1786538700,4488.5,4488.5,4476,4481.4,4133
1786539000,4481.5,4488.6,4481,4487.4,2215
1786539300,4487.8,4499,4486.4,4497.8,3308
1786539600,4497.7,4502.4,4486.8,4492.4,5058
1786539900,4492.1,4494.6,4487.4,4490.3,1837
1786540200,4490.3,4490.9,4480.4,4482,2377
1786540500,4481.8,4489,4480.8,4484.1,2093
1786540800,4484.5,4487.6,4476.9,4477,2365
1786541100,4477,4479.5,4474,4478.2,2179
1786541400,4478.3,4480.8,4471.5,4473.3,2960
1786541700,4473.2,4479.4,4469.7,4471.6,2517
1786542000,4471.6,4480,4468,4476.6,3435
1786542300,4476.4,4488.4,4475.4,4487.9,3307
1786542600,4488,4494,4486,4492.4,3070
1786542900,4492.5,4492.6,4486.6,4487.4,2202
1786543200,4487.3,4488.9,4480,4486.8,2891
1786543500,4486.5,4490.2,4486,4489.4,1478
1786543800,4489.4,4495.2,4489.1,4491.9,2281
1786544100,4491.9,4497.7,4489.7,4496.3,2328
1786544400,4496.3,4499.7,4493.8,4496.5,1910
1786544700,4496.3,4497.4,4490.1,4491.4,1797
1786545000,4491.3,4496.2,4478.4,4480.4,3995
1786545300,4480.4,4483.3,4476,4478,2577
1786545600,4477.7,4485.3,4476.8,4484.8,1746
1786545900,4484.8,4492.3,4479.8,4481.8,2975
1786546200,4481.6,4483.8,4475.5,4481.8,1891
1786546500,4482,4483,4478.1,4481.2,1072
1786546800,4481.1,4482.9,4474.2,4475.3,1682
1786547100,4475.2,4482.7,4473.5,4480.9,1346
1786547400,4481.1,4489.6,4480.9,4486.4,1891
1786547700,4486.5,4487,4481.8,4484,1260
1786548000,4484,4488.1,4483.9,4486.2,945
1786548300,4486.2,4486.3,4479.4,4481.4,1102
1786548600,4481.3,4485.2,4478.1,4478.4,1006
1786548900,4478.6,4480.7,4476.1,4480.5,916
1786549200,4480.3,4481.5,4476.5,4477.8,681
1786549500,4477.9,4478,4473.6,4475.2,1212
1786549800,4475.2,4476.2,4470,4476,1707
1786550100,4475.8,4481.8,4475.7,4480.3,1346
1786550400,4480.2,4485.3,4477.6,4480,1663
1786550700,4479.9,4481.7,4477.5,4478.9,747
1786551000,4479.3,4483.6,4476.4,4482.9,969
1786551300,4483,4485.9,4482.2,4484.9,885
1786551600,4485,4486.2,4483.1,4486,644
1786551900,4485.9,4486,4482,4483.1,773
1786552200,4483,4483.7,4472.9,4473,1564
1786552500,4472.8,4476.1,4471.2,4474.1,1444
1786552800,4474.2,4475.6,4469.1,4470.7,1429
1786553100,4470.7,4471.2,4462,4462.5,2648
1786553400,4462.5,4466.5,4461.6,4465.2,1923
1786553700,4465.1,4465.1,4456,4462,2924
1786554000,4462.1,4465.7,4459.9,4463.1,1258
1786554300,4463.2,4468,4462.3,4466.9,1003
1786554600,4466.7,4467.1,4463.4,4463.8,711
1786554900,4464.1,4464.7,4462.1,4463.7,754
1786555200,4463.7,4470.2,4463.1,4467.8,1415
1786555500,4468,4469.1,4465.4,4466.5,1183
1786555800,4466.7,4470.9,4466.1,4470.5,818
1786556100,4470.5,4471.8,4465,4465.6,1182
1786556400,4465.8,4466,4461.4,4462.2,1212
1786556700,4462.3,4464.2,4461.8,4463.3,378
1786557000,4463.3,4465.9,4459.8,4460.2,867
1786557300,4460.5,4462.1,4459,4459.6,775
1786557600,4459.4,4459.5,4455.9,4458.8,1075
1786557900,4458.6,4463.9,4458.3,4463.9,827
1786558200,4463.9,4466.5,4463.9,4465.7,861
1786558500,4465.9,4468.5,4464.4,4468.1,646
1786558800,4468.1,4470.9,4467.3,4470.9,730
1786559100,4470.7,4471.4,4467.2,4468.4,886
1786559400,4468.5,4473.1,4468,4472.5,919
1786559700,4472.4,4473.1,4470.4,4470.9,508
1786560000,4470.9,4473.8,4470.3,4473.6,671
1786560300,4473.7,4478.1,4473.3,4477.5,1098
1786560600,4477.3,4477.4,4473.7,4474.3,524
1786560900,4474.1,4474.4,4472.8,4473.2,333
1786561200,4473.1,4477.2,4472.8,4476.6,685
1786561500,4476.5,4478.4,4475.1,4475.9,505
1786561800,4476,4476.8,4475.6,4476.1,242
1786562100,4476,4477.8,4476,4477.1,267
1786562400,4477.2,4477.5,4476,4476.1,259
1786562700,4476.1,4477.1,4475.5,4476.5,324
1786563000,4476.4,4476.6,4473.2,4473.7,615
1786563300,4473.6,4474.2,4471.2,4471.6,713
1786563600,4471.9,4473.3,4471,4473,422
1786563900,4473.2,4473.6,4468.4,4469.9,660
1786564200,4470.1,4473.2,4469.8,4471.4,580
1786564500,4471.3,4474,4471.3,4473.7,621
1786564800,4473.7,4474.6,4471.1,4471.5,487
1786565100,4471.3,4472.3,4470.4,4470.6,240
1786565400,4471,4471.1,4468.9,4469.1,318
1786565700,4469.2,4470.3,4466.8,4466.9,296
1786566000,4467.1,4468.3,4466.3,4467.7,243
1786566300,4467.9,4468.9,4467.1,4467.9,159
1786566600,4467.8,4467.9,4466.8,4467,158
1786566900,4467.2,4469.1,4466.8,4468.1,204
1786567200,4467.9,4468.6,4467.3,4468,140
1786567500,4468.3,4468.9,4467.1,4468.4,257
1786567800,4468.3,4469,4466.6,4467.6,214
1786568100,4467.6,4469.4,4467.4,4469.4,268
1786572000,4469,4472.4,4463.9,4464,698
1786572300,4464.2,4464.6,4461,4462.6,395
1786572600,4462.8,4463,4461.1,4461.8,337
1786572900,4461.9,4462,4460.1,4460.7,325
1786573200,4460.9,4461.5,4460.2,4460.7,208
1786573500,4460.9,4461.5,4456.5,4457.8,859
1786573800,4457.5,4460.3,4457.2,4458.4,518
1786574100,4458.8,4459.4,4456.8,4457.9,367
1786574400,4457.7,4459,4457.6,4458.6,248
1786574700,4458.3,4459.8,4458.1,4458.9,301
1786575000,4459.1,4460.8,4458.9,4460.3,245
1786575300,4460.3,4461.5,4459.9,4460,334
1786575600,4460.1,4463,4460,4462,506
1786575900,4462,4463.9,4461.2,4463.8,491
1786576200,4463.8,4464.7,4463.2,4464.4,348
1786576500,4464.3,4466.6,4464.2,4466,394
1786576800,4466,4467,4465.8,4466.8,296
1786577100,4466.9,4468.5,4466,4466.8,633
1786577400,4466.8,4469,4466.6,4467.1,409
1786577700,4467.2,4468,4466,4466.4,302
1786578000,4466.7,4467.7,4465.3,4467,400
1786578300,4467,4468.5,4466.5,4467.1,324
1786578600,4466.8,4470,4466.3,4469.8,483
1786578900,4469.8,4473.3,4469.2,4473.2,783
1786579200,4473.2,4478.8,4471.6,4475.3,1883
1786579500,4475.1,4481.3,4474.3,4480,1376
1786579800,4479.9,4480.2,4477.4,4478.1,849
1786580100,4478.5,4488.5,4478.3,4487.6,2124
1786580400,4487.5,4496.6,4487.3,4493.4,2533
1786580700,4493.4,4493.7,4486,4487.4,1660
1786581000,4487.4,4509.2,4483.4,4503.3,4771
1786581300,4503.1,4504.7,4496.2,4496.7,2277
1786581600,4496.5,4500,4496.4,4499.2,949
1786581900,4499.5,4499.5,4488.2,4488.7,1699
1786582200,4488.6,4491.8,4487.4,4490.7,1396
1786582500,4490.7,4490.7,4482.7,4486.6,2190
1786582800,4486.8,4493.1,4481.3,4492.5,3731
1786583100,4492.1,4494.2,4489.5,4493.9,1560
1786583400,4493.6,4494,4487.4,4488.9,1187
1786583700,4489,4494.3,4485.3,4486,1382
1786584000,4485.9,4486.3,4477.3,4479.9,2093
1786584300,4480,4482.4,4477.3,4478,1070
1786584600,4477.8,4487.9,4477.6,4487.1,1810
1786584900,4487.3,4489.2,4483.1,4483.1,1327
1786585200,4483.1,4483.1,4476.3,4477.8,1411
1786585500,4477.8,4478.1,4469.2,4471.7,2597
1786585800,4471.3,4474.3,4468,4474.2,1546
1786586100,4474.1,4474.8,4464.8,4467.4,1803
1786586400,4466.9,4468.6,4464.1,4466.7,1427
1786586700,4466.4,4472.1,4463.9,4471.9,1564
1786587000,4471.5,4472.8,4468.5,4469.2,959
1786587300,4469.2,4470.6,4468.5,4470,554
1786587600,4470.4,4471,4464.4,4465,827
1786587900,4465.2,4467.3,4464.5,4464.8,607
1786588200,4464.6,4464.7,4458.5,4460.7,2405
1786588500,4460.9,4467.4,4457.3,4466.9,1635
1786588800,4467,4469,4464.6,4469,946
1786589100,4468.8,4469.2,4465.8,4468.8,886
1786589400,4468.9,4469.4,4464,4464.1,877
1786589700,4464.3,4467.1,4464.1,4465.6,515
1786590000,4465.7,4470.4,4465.5,4469.4,783
1786590300,4469.6,4470.9,4466.3,4466.5,744
1786590600,4466.3,4467.9,4462.4,4465.6,844
1786590900,4465.7,4468.6,4463.9,4467.3,506
1786591200,4467.3,4467.8,4465.4,4467.6,256
1786591500,4467.5,4468.4,4466,4467.4,314
1786591800,4467.8,4468.7,4467.1,4468,258
1786592100,4468.4,4468.8,4466.9,4467.3,170
1786592400,4467.5,4467.5,4463.9,4464.2,521
1786592700,4464.5,4466.2,4463.5,4463.9,466
1786593000,4463.9,4464.6,4461,4462.1,521
1786593300,4461.9,4461.9,4456.6,4458.9,1283
1786593600,4458.7,4458.7,4452.2,4453.9,2563
1786593900,4453.7,4455.5,4452.9,4454,707
1786594200,4453.9,4453.9,4449.5,4452.1,1196
1786594500,4452.4,4453.8,4451.1,4452.4,490
1786594800,4452.2,4455.9,4450.2,4455.4,761
1786595100,4455.6,4457.4,4455,4456.2,555
1786595400,4456.1,4457.6,4455.3,4456.5,680
1786595700,4456.6,4457.8,4455,4455.5,285
1786596000,4455.3,4457,4452.7,4453.4,700
1786596300,4453.3,4456.6,4453.3,4453.3,543
1786596600,4453.3,4455.4,4453,4454.1,344
1786596900,4454.5,4456.4,4453.8,4455.5,332
1786597200,4455.4,4455.7,4450.6,4452.6,1207
1786597500,4452.9,4455.7,4452.1,4454.3,558
1786597800,4454.7,4462.3,4452.7,4462.2,1593
1786598100,4462.3,4463.4,4458.5,4459.5,1167
1786598400,4459.3,4461.7,4458.9,4460.7,401
1786598700,4460.8,4465.2,4460.5,4464.3,791
1786599000,4464.3,4465.2,4451.2,4455.1,2037
1786599300,4455.2,4457.6,4454.6,4457.6,537
1786599600,4457.5,4458.7,4443.5,4445.2,2871
1786599900,4445.2,4447.1,4440.5,4444.7,1710
1786600200,4445,4447,4441.7,4442,988
1786600500,4441.8,4443.7,4437.6,4440.4,1747
1786600800,4440.4,4443,4433.4,4435.6,1931
1786601100,4435.5,4437.5,4432.9,4436.6,1507
1786601400,4436.7,4438.3,4432.4,4433.3,1168
1786601700,4433.2,4436,4432.5,4432.7,743
1786602000,4432.8,4435.9,4431.5,4435.9,903
1786602300,4436,4436.2,4431.5,4433.1,658
1786602600,4433.1,4435.8,4427.2,4429.4,1472
1786602900,4429.1,4429.9,4425.9,4428.6,1186
1786603200,4429,4431.9,4428.4,4431.1,665
1786603500,4431.3,4436.4,4431,4435.1,1165
1786603800,4435.6,4437.2,4435.2,4436.8,823
1786604100,4436.8,4438.3,4436.3,4437.8,800
1786604400,4437.4,4438.7,4435,4436.1,839
1786604700,4436.6,4437.5,4434.1,4435.1,690
1786605000,4435,4435.5,4431.4,4433.3,859
1786605300,4433.6,4434.5,4430.5,4430.8,610
1786605600,4430.7,4433.6,4430.5,4433,421
1786605900,4433.1,4434,4431.1,4433.1,422
1786606200,4432.8,4434.2,4428.6,4429.9,908
1786606500,4430,4433.4,4429.4,4431.2,434
1786606800,4431.1,4435.8,4430.5,4435.4,708
1786607100,4435.4,4435.9,4427.6,4428.4,1176
1786607400,4428.3,4430.1,4426.5,4429.5,708
1786607700,4429.4,4429.7,4425.7,4426.4,829
1786608000,4426.6,4427.3,4422,4423.6,1975
1786608300,4423.4,4426.3,4422.4,4422.5,598
1786608600,4422.3,4424.5,4420.2,4422.5,1217
1786608900,4422.5,4424.4,4421.9,4422,442
1786609200,4421.8,4427.3,4421.1,4426.3,878
1786609500,4426.5,4429.9,4426,4429.1,939
1786609800,4429,4432.3,4428.2,4431,682
1786610100,4431.1,4432,4429.9,4430,421
1786610400,4429.9,4431.7,4429.6,4429.8,313
1786610700,4429.8,4435.5,4429.7,4435,693
1786611000,4434.7,4435.7,4431,4432.2,563
1786611300,4432.3,4433.4,4431.3,4432.2,261
1786611600,4432.3,4433.2,4429.5,4430.4,461
1786611900,4430.5,4434.4,4428.7,4433.2,601
1786612200,4433,4434.7,4432.6,4433.4,382
1786612500,4433.1,4437.4,4432.4,4436.9,905
1786612800,4436.6,4438.4,4434.4,4434.9,809
1786613100,4435,4440,4435,4436.3,856
1786613400,4436.3,4438.1,4436.1,4437.4,536
1786613700,4437.9,4438.5,4436.7,4437.6,347
1786614000,4437.6,4438.4,4435.2,4436.9,369
1786614300,4436.8,4437.8,4435.3,4436.5,339
1786614600,4436.7,4438.6,4436,4437.6,355
1786614900,4437.7,4441.8,4437.1,4441.7,849
1786615200,4441.8,4442.6,4440.6,4441.7,705
1786615500,4441.7,4442.6,4441.2,4441.5,374
1786615800,4441.6,4442.2,4438.9,4438.9,394
1786616100,4439.1,4443.6,4439.1,4442.7,623
1786616400,4442.8,4444,4441.3,4442.1,496
1786616700,4442.1,4445.3,4442.1,4444.8,462
1786617000,4445,4445.6,4442.3,4443.3,449
1786617300,4443,4447,4443,4446.7,540
1786617600,4446.5,4448.3,4445.8,4448,504
1786617900,4448.2,4448.4,4445.9,4448,433
1786618200,4448.1,4451.4,4447.9,4450.3,797
1786618500,4450.2,4450.3,4448.5,4449.9,453
1786618800,4449.6,4450.6,4446.1,4446.9,820
1786619100,4446.8,4449.5,4446.8,4448.5,378
1786619400,4448.2,4451.9,4447.8,4451.8,442
1786619700,4451.8,4454.1,4450.2,4451,964
1786620000,4450.8,4452,4448.8,4449.9,416
1786620300,4450.1,4450.6,4445.2,4445.5,722
1786620600,4445.6,4446.9,4443.8,4445.8,936
1786620900,4446,4447.2,4445.1,4446.1,461
1786621200,4446.2,4446.2,4440.4,4441,1042
1786621500,4441,4443,4440.1,4441.4,683
1786621800,4441.4,4442.6,4439.6,4441.4,562
1786622100,4441.2,4445.4,4440,4444.7,1017
1786622400,4444.6,4445,4442.3,4443.8,693
1786622700,4443.9,4448.8,4442.7,4448.2,1073
1786623000,4447.9,4448,4444.8,4445.9,712
1786623300,4446,4446.5,4441.4,4443.1,786
1786623600,4443.3,4446.8,4441.2,4442.7,1005
1786623900,4442.5,4450.3,4440.8,4448.3,907
1786624200,4447.2,4459,4437.1,4448.5,4870
1786624500,4448.4,4449.3,4442.8,4446.8,1613
1786624800,4446.6,4450.8,4441.9,4448.5,1690
1786625100,4448.6,4454.3,4448.2,4451.6,1429
1786625400,4451.8,4453.7,4449.4,4451.4,904
1786625700,4451.4,4459.1,4449.2,4458.9,1631
1786626000,4458.6,4459.1,4448.2,4450.6,2551
1786626300,4450.7,4454.9,4448.6,4450.2,1404
1786626600,4450.2,4451.4,4447.5,4450.4,1097
1786626900,4450.5,4452.3,4446.9,4448.7,888
1786627200,4448.9,4452,4444.4,4444.4,1346
1786627500,4444.5,4446.7,4440.3,4441.6,1747
1786627800,4441.8,4446.5,4433.5,4435.1,3364
1786628100,4435.2,4439.3,4431.3,4439.2,2442
1786628400,4439.1,4440.6,4432.6,4435.9,2058
1786628700,4436,4439.8,4432.1,4434.5,1656
1786629000,4434.7,4435.3,4427,4432.6,2692
1786629300,4432.8,4434.7,4428.1,4429.2,1897
1786629600,4429.2,4435.6,4426.5,4430.1,3212
1786629900,4430.3,4435.8,4424.9,4426.6,2799
1786630200,4426.7,4429.4,4424,4428.1,1750
1786630500,4428,4436,4426.3,4433.2,2235
1786630800,4432.9,4435.7,4428.3,4431.7,1662
1786631100,4432,4433.9,4424.6,4425,1671
1786631400,4425,4433.4,4410.6,4431.6,6364
1786631700,4431.6,4435.5,4429,4434.9,2088
1786632000,4434.5,4439.2,4433.7,4438.1,1684
1786632300,4438.6,4444.6,4438.3,4442,2359
1786632600,4442.4,4444.4,4439.6,4441.4,1339
1786632900,4441.4,4444.6,4440.6,4440.8,922
1786633200,4441.2,4443.1,4435.2,4435.3,1524
1786633500,4435.4,4435.8,4425.9,4428.1,2141
1786633800,4428.4,4429.4,4424.6,4426.2,1302
1786634100,4426.2,4427.3,4420,4424.8,1846
1786634400,4424.7,4429,4423.1,4428.1,1512
1786634700,4428,4430.7,4420.3,4421.9,2205
1786635000,4421.8,4422.1,4412.3,4416.9,3099
1786635300,4416.8,4428,4416.5,4425.8,1816
1786635600,4425.6,4428.5,4424.6,4425,954
1786635900,4425.2,4427.8,4424.9,4426,593
1786636200,4425.9,4427.2,4422.3,4423,847
1786636500,4422.8,4425.3,4420.5,4422.4,891
1786636800,4422.4,4424.9,4419.8,4420.6,822
1786637100,4420.7,4420.8,4415.6,4415.8,925
1786637400,4415.7,4417.5,4410.8,4412.5,2171
1786637700,4412.5,4413,4408,4408.3,2379
1786638000,4408.4,4415.2,4407.7,4414.9,1636
1786638300,4414.9,4419.5,4413.3,4419.2,1283
1786638600,4419.2,4423.4,4419.1,4423.4,1443
1786638900,4423.2,4423.7,4419.4,4420.6,757
1786639200,4420.4,4424.1,4420.2,4422.5,636
1786639500,4422.7,4424.4,4422.5,4423,536
1786639800,4423.2,4423.5,4420.6,4422.5,522
1786640100,4422.3,4425.6,4422.3,4424.2,721
1786640400,4424.3,4426.7,4422.4,4423.5,841
1786640700,4423.6,4430.2,4423.6,4429.6,1073
1786641000,4429.3,4430.6,4428.2,4428.6,592
1786641300,4428.7,4429.1,4423.2,4424.7,1080
1786641600,4424.9,4426.7,4424.3,4425.4,578
1786641900,4425.1,4426.1,4419.2,4420,1197
1786642200,4420.1,4421.5,4416.4,4417.9,1148
1786642500,4417.6,4418.9,4416.4,4418,452
1786642800,4418,4418.8,4412.1,4413.7,1303
1786643100,4413.9,4416.4,4413.5,4415.6,550
1786643400,4415.8,4416.6,4413.7,4414.4,478
1786643700,4414.3,4414.6,4412.1,4412.6,471
1786644000,4412.6,4416.6,4412.4,4415,825
1786644300,4415,4416.9,4413.8,4416.2,395
1786644600,4416.2,4419.6,4415,4418.7,716
1786644900,4419,4420.5,4417.6,4420.2,477
1786645200,4420.2,4420.2,4413.1,4414.1,923
1786645500,4413.9,4415.1,4411.6,4414.3,868
1786645800,4414.4,4416.4,4413,4415.5,487
1786646100,4415.4,4417,4414.5,4416.4,277
1786646400,4416.1,4417.4,4414.2,4414.8,444
1786646700,4414.9,4415.1,4413.2,4414.1,281
1786647000,4414.1,4414.5,4411.1,4413.7,708
1786647300,4414.1,4414.7,4413.2,4413.7,305
1786647600,4413.7,4415.7,4412.8,4414.9,432
1786647900,4415,4415.2,4409.4,4410,725
1786648200,4410.2,4410.2,4402.5,4403.3,1914
1786648500,4403.3,4405.1,4400,4404.4,1420
1786648800,4404.7,4406.4,4403.1,4405.5,639
1786649100,4405.5,4408.1,4405.2,4408,621
1786649400,4407.9,4408.5,4405.9,4407.3,502
1786649700,4407.2,4410.7,4406.9,4409.5,494
1786650000,4409.3,4409.9,4406.9,4407.6,529
1786650300,4407.8,4408,4403.7,4405.6,728
1786650600,4405.4,4406.8,4404.9,4406.3,341
1786650900,4406.4,4406.7,4404.2,4406,753
1786651200,4406,4406.7,4402.5,4404,564
1786651500,4404.2,4406.4,4403.9,4406.1,238
1786651800,4406,4406.6,4405.3,4406.6,231
1786652100,4406.3,4407.5,4405.9,4406.7,226
1786652400,4406.6,4406.6,4405.4,4405.6,125
1786652700,4405.9,4408.6,4405.5,4407.9,404
1786653000,4407.7,4408,4404.3,4405.4,300
1786653300,4405.2,4406.1,4404.9,4405.4,217
1786653600,4405.5,4406.7,4404.5,4405.7,268
1786653900,4405.5,4406.5,4405.3,4406.2,258
1786654200,4406,4406.9,4404.6,4404.9,415
1786654500,4405.2,4407.8,4404.8,4407,415
1786658400,4409.6,4410.1,4407.1,4408.8,806
1786658700,4408.5,4412.7,4408.5,4412.7,562
1786659000,4412.6,4412.7,4409.3,4409.6,535
1786659300,4409.9,4410.2,4408.3,4409,416
1786659600,4409,4412.1,4408.8,4411.7,429
1786659900,4412.1,4414,4411.4,4412.8,545
1786660200,4412.5,4413.4,4411,4412.9,462
1786660500,4412.8,4417.8,4412.5,4417.1,906
1786660800,4417.1,4418.7,4415.3,4416.1,800
1786661100,4415.9,4417,4410.8,4411.3,1031
1786661400,4411.4,4413.6,4410.2,4412.1,683
1786661700,4412.3,4412.6,4409,4411,552
1786662000,4411.2,4411.6,4404.9,4405.2,903
1786662300,4405.3,4415.7,4405.2,4415.2,1117
1786662600,4415.5,4416.4,4409.9,4416.4,956
1786662900,4416.1,4416.9,4412.3,4413.8,1051
1786663200,4414,4416.2,4412.4,4415.3,483
1786663500,4415.4,4418.8,4414.6,4418.4,1116
1786663800,4418.1,4418.8,4415.8,4416.8,615
1786664100,4416.5,4417.2,4415.2,4417.1,384
1786664400,4416.9,4417.8,4413.6,4415.7,681
1786664700,4415.8,4419.6,4414.6,4416.9,830
1786665000,4416.8,4416.8,4412.2,4413,862
1786665300,4413.4,4415.2,4411.5,4411.5,669
1786665600,4411.6,4417.5,4410.7,4415.5,1101
1786665900,4415.5,4415.7,4409.2,4413.2,918
1786666200,4413.4,4413.5,4405.9,4407.3,1195
1786666500,4407.3,4408.2,4403.1,4405.1,1759
1786666800,4405,4405.5,4401.1,4402.4,1188
1786667100,4402.7,4402.7,4395.2,4395.4,2215
1786667400,4395.4,4403.1,4392.8,4401.9,2524
1786667700,4401.7,4402.6,4390.5,4392.2,1940
1786668000,4391.7,4396.4,4390.7,4395.5,1278
1786668300,4395.9,4398.9,4384.9,4389.7,2558
1786668600,4390.4,4395.8,4389.2,4395.3,1336
1786668900,4395.3,4398,4393.6,4396.7,1297
1786669200,4396.2,4397.3,4384.3,4385.1,2851
1786669500,4385.5,4389.6,4383.5,4384.7,1795
1786669800,4384.6,4384.6,4378,4380.2,2940
1786670100,4380.4,4382.2,4373.4,4378.4,2691
1786670400,4378.2,4382,4371.5,4372.7,2796
1786670700,4372.5,4377.8,4370.7,4375.6,1919
1786671000,4375.5,4375.5,4369.1,4369.3,1810
1786671300,4369.4,4376,4368.5,4375.3,1432
1786671600,4375.4,4377.5,4374.5,4375.6,1114
1786671900,4375.6,4379.3,4369.6,4371.4,2011
1786672200,4371.1,4374.9,4366.8,4372.9,1876
1786672500,4372.9,4376.7,4371.6,4373.5,1306
1786672800,4373.9,4378.1,4370.7,4371.9,1464
1786673100,4372.1,4374.6,4371.1,4372.5,638
1786673400,4372.4,4372.6,4365.2,4367.3,1556
1786673700,4367.5,4372.5,4367.3,4370.5,1500
1786674000,4370.5,4372.5,4369.5,4371.3,709
1786674300,4371.2,4373.3,4367.6,4368,804
1786674600,4367.8,4376.9,4367.1,4376,2396
1786674900,4375.7,4378.2,4373.6,4376.5,1237
1786675200,4376,4377.5,4373.3,4376.7,814
1786675500,4376.4,4377.6,4368.8,4372.1,1090
1786675800,4372.1,4373.6,4370,4371.1,572
1786676100,4371.2,4371.5,4367.4,4370.7,775
1786676400,4370.8,4374.1,4368.6,4373.7,635
1786676700,4373.6,4378.4,4373.5,4374.9,858
1786677000,4374.5,4378.8,4373.6,4375.3,780
1786677300,4375.5,4378.1,4375,4378,514
1786677600,4377.9,4381.3,4377.5,4380.2,1073
1786677900,4380.2,4381.3,4379.5,4380.7,538
1786678200,4380.8,4383.3,4379.9,4382.7,678
1786678500,4382.7,4383.7,4380.7,4382.1,652
1786678800,4382.1,4382.1,4380.7,4381.2,377
1786679100,4381.2,4382.3,4380.9,4381.7,265
1786679400,4381.9,4382.4,4379.5,4379.6,488
1786679700,4379.7,4380.8,4378.9,4378.9,408
1786680000,4379.1,4380.4,4378.2,4378.6,482
1786680300,4378.6,4380.7,4378.2,4379.5,460
1786680600,4379.5,4382.8,4378.9,4381.5,542
1786680900,4381.3,4383.1,4380.9,4382,367
1786681200,4381.8,4384.4,4381.4,4382.5,456
1786681500,4382.3,4382.7,4379.9,4380.2,298
1786681800,4380.5,4381,4377.8,4379.6,683
1786682100,4379.6,4380.7,4379,4380.2,231
1786682400,4380.1,4381.4,4379.6,4380.4,229
1786682700,4380,4380.3,4378.8,4379.5,266
1786683000,4379.5,4380.3,4378.5,4379.7,239
1786683300,4379.7,4382,4379.3,4381.9,416
1786683600,4382.2,4382.3,4378.3,4379.9,575
1786683900,4380.1,4380.5,4374.4,4374.7,1104
1786684200,4374.4,4377,4374.1,4374.8,511
1786684500,4375,4375.1,4372.2,4373.4,564
1786684800,4373.4,4374.1,4371.7,4373.3,400
1786685100,4373.1,4374.3,4372.2,4373.3,279
1786685400,4373.1,4373.2,4365.7,4371.4,2103
1786685700,4372,4379.7,4371.4,4377.1,1177
1786686000,4377,4379.5,4372,4372.3,708
1786686300,4372.6,4379.4,4372.5,4379,666
1786686600,4378.8,4385.7,4378.3,4385.4,1567
1786686900,4385.5,4389.5,4384.8,4389.5,1188
1786687200,4389.4,4392,4387.8,4391.8,1091
1786687500,4391.5,4392.6,4385.7,4386.5,1138
1786687800,4386.6,4390,4385.4,4388.5,730
1786688100,4388.3,4389.5,4387.1,4387.4,490
1786688400,4387.7,4388.2,4384.2,4387.3,900
1786688700,4387.6,4388.3,4384.9,4385.1,417
1786689000,4385,4386.4,4384,4385.2,351
1786689300,4385.1,4386.4,4384,4385.4,415
1786689600,4385.4,4389.2,4383.7,4389.2,584
1786689900,4389,4391.8,4388.2,4390.8,1024
1786690200,4390.5,4391.1,4389.2,4390.1,338
1786690500,4389.7,4392,4389.2,4391.5,261
1786690800,4391.4,4393.3,4388.7,4391.1,823
1786691100,4391.2,4391.3,4389.3,4389.9,338
1786691400,4390.7,4390.9,4386.9,4387.1,547
1786691700,4387.1,4389.7,4387.1,4388.2,329
1786692000,4388.5,4392.3,4385.4,4392,743
1786692300,4391.9,4392.3,4387.4,4387.9,388
1786692600,4388,4390.1,4387.4,4389.3,239
1786692900,4389.6,4392.9,4389.4,4392.6,395
1786693200,4392.6,4396.6,4392.2,4395.8,1005
1786693500,4395.7,4399.7,4395.5,4398.5,958
1786693800,4398.6,4400,4397.7,4399.5,596
1786694100,4399.7,4401.9,4397.9,4400.1,695
1786694400,4399.9,4404.4,4398.4,4398.7,1528
1786694700,4399.2,4402.4,4398.1,4401.2,584
1786695000,4401.5,4404.3,4400.2,4403.8,536
1786695300,4403.8,4405.3,4402,4402.5,785
1786695600,4402.4,4403.1,4399.2,4400.1,567
1786695900,4400.3,4401.9,4399.6,4401.9,391
1786696200,4401.8,4402.9,4400,4400.2,340
1786696500,4400.3,4405.3,4400.3,4404.4,468
1786696800,4404.3,4405.3,4399.5,4399.7,580
1786697100,4399.6,4400.9,4398.5,4400.5,428
1786697400,4400.2,4403.6,4400,4402.7,397
1786697700,4402.9,4405.9,4402.9,4404.6,461
1786698000,4404.5,4405.8,4403.3,4403.6,349
1786698300,4403.4,4405.2,4402,4404.9,385
1786698600,4404.9,4406.9,4403.9,4406.7,380
1786698900,4406.7,4407.9,4405.1,4405.4,605
1786699200,4405.4,4408.6,4404.4,4408.2,477
1786699500,4408,4410,4405.7,4407.6,798
1786699800,4407.5,4410.5,4406,4408.9,796
1786700100,4408.9,4410.8,4408.5,4409,363
1786700400,4409.1,4409.9,4408.1,4409.8,237
1786700700,4410,4411.2,4408.7,4409.9,397
1786701000,4410.1,4411.9,4409.3,4411,431
1786701300,4411.2,4413.7,4410,4413.5,518
1786701600,4413.6,4413.8,4411.9,4413.2,479
1786701900,4413.1,4415.1,4411.7,4412.5,598
1786702200,4412.7,4413.1,4409.9,4410.3,611
1786702500,4410.6,4411.4,4408,4409.5,733
1786702800,4409.5,4410.4,4408.2,4410.1,415
1786703100,4409.9,4410.3,4406.1,4407.4,797
1786703400,4407.7,4407.7,4404.3,4405.8,937
1786703700,4405.9,4406.7,4404.8,4405.3,314
1786704000,4405.5,4408.3,4405,4408.1,406
1786704300,4408,4408.8,4407.4,4407.6,315
1786704600,4407.4,4410.2,4407,4407.1,513
1786704900,4407.2,4407.3,4403.5,4405.6,765
1786705200,4405.6,4407.5,4404.7,4405.5,544
1786705500,4405.6,4407.8,4405.2,4407.2,343
1786705800,4407.2,4408,4406.2,4406.9,216
1786706100,4407,4411.7,4407,4411.5,706
1786706400,4411.5,4413.1,4409.6,4410.5,838
1786706700,4410.3,4413.4,4409.3,4413,582
1786707000,4413.1,4418.2,4412.8,4417.9,1397
1786707300,4417.9,4420,4416.4,4417.9,1197
1786707600,4417.9,4420.2,4417.7,4418.9,560
1786707900,4418.6,4419.4,4417,4417.8,582
1786708200,4417.8,4424.6,4417.7,4423.6,1413
1786708500,4423.5,4425.9,4421.7,4425.5,721
1786708800,4425.6,4431.7,4425.4,4430,2071
1786709100,4430.2,4433.4,4427.8,4428.4,1295
1786709400,4428.1,4428.5,4421.8,4427.9,1735
1786709700,4428,4429.2,4425.8,4428.8,868
1786710000,4428.7,4437.1,4428.7,4435.6,2156
1786710300,4435.8,4438.4,4433.9,4436.7,1301
1786710600,4437.9,4443.8,4432.2,4438.5,3687
1786710900,4438.4,4438.7,4432.9,4434.7,1612
1786711200,4434.6,4434.6,4429.1,4429.5,1542
1786711500,4429.9,4434,4427.4,4431.8,1687
1786711800,4431.6,4435,4429.7,4432.5,1051
1786712100,4432.3,4432.8,4429.2,4431,862
1786712400,4430.8,4436.1,4427.2,4435.3,2262
1786712700,4435.3,4437.7,4433.2,4437,1263
1786713000,4436.8,4438.2,4431.7,4432.3,1188
1786713300,4432.3,4438.5,4432.2,4438.1,844
1786713600,4438.3,4442.7,4436.3,4442.5,1315
1786713900,4442.8,4444,4440.7,4441.5,1261
1786714200,4441.9,4448.9,4440.8,4448.7,2710
1786714500,4448.6,4454.6,4448.4,4452.9,3261
1786714800,4453,4453.9,4448,4451,1941
1786715100,4451.1,4452.1,4443.6,4444.1,2234
1786715400,4444.4,4446.1,4439.4,4441.5,2432
1786715700,4441.8,4443.3,4439.6,4442,1280
1786716000,4442,4450.1,4441.6,4448.5,2718
1786716300,4448.7,4449.3,4446.1,4446.4,987
1786716600,4446.1,4450.6,4444.4,4447.9,1500
1786716900,4448,4449.8,4442.3,4443.7,1357
1786717200,4443.4,4449.6,4442.4,4449.4,1270
1786717500,4449.4,4452.2,4447.8,4448,1576
1786717800,4448.2,4449.2,4441.4,4441.7,1557
1786718100,4441.8,4444.7,4441,4443.5,1373
1786718400,4443.5,4443.9,4438.3,4441.7,1959
1786718700,4441.5,4441.7,4435.8,4437.7,1768
1786719000,4437.6,4440.5,4436.7,4438.8,942
1786719300,4438.7,4440.1,4437,4438.6,742
1786719600,4438.9,4448.4,4438.2,4444.4,2283
1786719900,4444.2,4446.7,4442.9,4444.2,976
1786720200,4443.8,4452,4443.4,4449.6,1800
1786720500,4449.7,4451.6,4443.3,4443.7,1924
1786720800,4443.5,4444.6,4440.5,4440.7,1454
1786721100,4440.5,4442.5,4435.6,4441.8,2271
1786721400,4442.4,4446.7,4441.2,4444.9,1640
1786721700,4444.8,4447.6,4444.1,4445,1047
1786722000,4445.1,4447.3,4444.1,4446.8,606
1786722300,4447,4452.5,4446.8,4449.6,1924
1786722600,4449.6,4450.5,4447.3,4447.8,757
1786722900,4447.9,4450.7,4447.8,4448.8,581
1786723200,4449.2,4454.4,4448,4448.2,1709
1786723500,4448,4450.4,4446.4,4447.3,855
1786723800,4447.1,4447.6,4446,4447,626
1786724100,4446.8,4449.4,4446.4,4449,645
1786724400,4448.9,4450.3,4446.4,4447,714
1786724700,4446.8,4446.9,4443.8,4444.5,908
1786725000,4444.6,4444.6,4437,4440.6,2119
1786725300,4440.8,4446.1,4440.2,4445.1,968
1786725600,4445,4445.6,4442.5,4442.6,583
1786725900,4442.8,4444.2,4442.2,4443.9,302
1786726200,4443.9,4444.6,4442.3,4443.3,298
1786726500,4443.2,4443.7,4441.7,4442.7,299
1786726800,4442.9,4443.5,4440.1,4440.5,502
1786727100,4440.6,4441.3,4438.4,4439.3,670
1786727400,4439.3,4439.7,4437.4,4439.7,622
1786727700,4439.7,4442.2,4438.7,4438.9,751
1786728000,4438.8,4439.9,4437.2,4439,472
1786728300,4439.1,4439.9,4436.4,4436.6,966
1786728600,4436.7,4440.7,4436.7,4440.3,788
1786728900,4440.1,4440.2,4436.5,4436.7,523
1786729200,4436.7,4438,4433.7,4435,1031
1786729500,4434.7,4435.2,4433.4,4433.9,737
1786729800,4433.9,4436.4,4433.5,4435.5,453
1786730100,4435.1,4435.7,4434.3,4435.7,255
1786730400,4435.6,4438.8,4433.5,4438.4,1052
1786730700,4438.4,4438.9,4436.2,4437,572
1786731000,4436.8,4438,4433.7,4434.3,584
1786731300,4434.3,4436.1,4433.8,4435.6,404
1786731600,4435.6,4437.6,4435,4436.8,377
1786731900,4436.7,4437.7,4434.7,4436.2,339
1786732200,4436.3,4436.5,4434.1,4435.1,304
1786732500,4435.2,4439.8,4435.1,4439.6,543
1786732800,4439.5,4439.7,4432.8,4433.2,1517
1786733100,4433.3,4434,4427.6,4431,1768
1786733400,4430.8,4432.5,4429.6,4430.2,537
1786733700,4430.2,4431.2,4429.6,4430.2,450
1786734000,4430.3,4430.4,4428.8,4429.2,605
1786734300,4429.4,4433.4,4428.5,4433,498
1786734600,4433,4433.8,4432.2,4432.4,433
1786734900,4432.4,4433.2,4430.4,4431.7,482
1786735200,4431.7,4433.7,4431.7,4432.9,302
1786735500,4433,4434.4,4432.8,4433.6,408
1786735800,4433.6,4434.3,4432.6,4433.5,368
1786736100,4433.4,4434.3,4432.1,4432.6,350
1786736400,4432.5,4433.7,4431.5,4431.5,308
1786736700,4431.7,4432.1,4431,4431.4,361
1786737000,4431.8,4435.9,4431.7,4433.9,926
1786737300,4433.9,4433.9,4428.9,4431.7,954
1786737600,4431.5,4431.6,4429,4429.7,485
1786737900,4429.7,4429.9,4427.3,4427.7,539
1786738200,4427.7,4428.6,4426.3,4428.3,360
1786738500,4428.3,4429.3,4428.2,4428.8,202
1786738800,4428.8,4429.6,4427.8,4429.5,247
1786739100,4429.3,4430.4,4429.1,4430,254
1786739400,4430,4430.3,4429,4429.5,231
1786739700,4429.5,4431.8,4429.1,4431.2,296
1786740000,4431.3,4432.6,4430.1,4431.1,296
1786740300,4431,4431.6,4430.7,4430.8,219
1786740600,4431.2,4431.6,4430.4,4431.3,171
1786740900,4431.5,4432.5,4430.5,4432.3,396
1786917600,4439.3,4453.4,4428.7,4431,1455
1786917900,4430.8,4434.3,4429.3,4434,752
1786918200,4433.7,4435.9,4431.3,4432.9,648
1786918500,4432.9,4433.1,4429.5,4430.7,470
1786918800,4430.7,4431.7,4429.6,4429.6,333
1786919100,4429.6,4431.4,4429.1,4430.8,349
1786919400,4430.5,4434.1,4430.5,4433.2,690
1786919700,4433,4435,4432.5,4434.3,354
1786920000,4434.5,4434.7,4432.1,4433.5,464
1786920300,4433.5,4437.2,4433.3,4436.7,805
1786920600,4436.7,4440.3,4436.3,4439.3,789
1786920900,4439.2,4442.7,4438.7,4441.9,798
1786921200,4441.7,4442.2,4436.2,4438,1413
1786921500,4437.9,4438.8,4436.7,4438.8,455
1786921800,4438.9,4439.2,4435.1,4435.2,539
1786922100,4435.3,4437.1,4433.4,4435.4,760
1786922400,4435.6,4436.5,4430.7,4431.6,952
1786922700,4431.6,4432.1,4427.2,4430.3,967
1786923000,4430.4,4430.9,4422.7,4426.7,1784
1786923300,4427.1,4427.4,4422.3,4425.7,1499
1786923600,4425.7,4425.7,4423,4423.7,620
1786923900,4423.5,4429.1,4423.5,4427.1,900
1786924200,4427.3,4428.2,4425.4,4427.6,702
1786924500,4427.2,4427.8,4424.8,4425.5,749
1786924800,4425.8,4431.7,4423.4,4430.3,1915
1786925100,4430.3,4431.6,4427.5,4427.9,995
1786925400,4428.2,4435.1,4427.8,4434.5,1426
1786925700,4434.2,4443.1,4433.8,4440,2219
1786926000,4440.3,4444.6,4439.4,4442.4,1447
1786926300,4442.2,4447.1,4441.9,4445.5,1536
1786926600,4445.4,4450.2,4445,4448.4,1631
1786926900,4448.4,4448.9,4444.3,4445.2,1198
1786927200,4445.1,4453.5,4443.1,4451.6,2012
1786927500,4451.5,4452.6,4450,4450.7,1240
1786927800,4450.9,4455,4449.6,4453.9,1601
1786928100,4453.8,4459.4,4452.9,4457.4,2533
1786928400,4457.1,4465.8,4455.4,4464.1,4718
1786928700,4464.1,4468.5,4461.6,4463,2409
1786929000,4463.2,4468.4,4460.5,4465.9,1791
1786929300,4465.8,4467.3,4462.6,4464.9,1574
1786929600,4464.6,4473.2,4464.4,4469.3,2091
1786929900,4469.2,4471.6,4463,4463.5,1807
1786930200,4463.7,4464.7,4458,4458.7,2374
1786930500,4458.9,4459.9,4455.5,4457.2,1959
1786930800,4457.3,4460.7,4454,4460.2,1806
1786931100,4460.1,4460.5,4450.7,4451.7,2290
1786931400,4451.7,4455.5,4448.6,4453.9,1894
1786931700,4453.8,4453.9,4449.6,4451.9,856
1786932000,4452,4454.9,4451.1,4452.2,1020
1786932300,4452.1,4453.8,4448.9,4452,1153
1786932600,4451.8,4451.9,4449.1,4450.7,669
1786932900,4451,4452.4,4448.8,4450.5,966
1786933200,4450.2,4451.8,4446.3,4451.6,1367
1786933500,4451.4,4454.3,4451.3,4452.2,971
1786933800,4452.3,4454.8,4448.9,4449.9,1262
1786934100,4449.5,4452.1,4448.2,4449,874
1786934400,4449,4452,4446,4449.6,1200
1786934700,4449.8,4450.2,4447,4448.4,616
1786935000,4448.2,4449.6,4446.8,4447,394
1786935300,4446.9,4450.2,4444.8,4450.1,1058
1786935600,4450.2,4451.8,4449.1,4449.4,741
1786935900,4449.5,4450.8,4445.9,4446.4,565
1786936200,4446.4,4448.3,4445.2,4447,609
1786936500,4446.9,4447.6,4444.1,4447,661
1786936800,4447,4448.2,4446.2,4446.9,371
1786937100,4447,4449.9,4445,4449.3,652
1786937400,4449.4,4451.9,4447.2,4451,962
1786937700,4451,4451.8,4448.9,4450.3,615
1786938000,4450.3,4454,4450.3,4452,818
1786938300,4451.8,4452.5,4449.4,4451.5,665
1786938600,4451.7,4452.2,4450.9,4451.8,315
1786938900,4451.6,4454.5,4450.6,4453.6,493
1786939200,4453.6,4456.3,4452.8,4454.1,958
1786939500,4454.4,4455.2,4452.6,4454.7,575
1786939800,4454.5,4456.2,4453.5,4455,526
1786940100,4455,4455.4,4453.3,4453.7,505
1786940400,4453.8,4453.8,4449.2,4450.4,852
1786940700,4450.6,4450.6,4446.2,4447.6,782
1786941000,4447.5,4448.7,4445.2,4448.6,713
1786941300,4448.4,4450.9,4446.5,4449.3,611
1786941600,4449.3,4453.4,4448,4452.4,785
1786941900,4452.5,4454.6,4451.9,4452.5,788
1786942200,4452.5,4453.4,4451.1,4451.7,411
1786942500,4451.8,4452.2,4446.3,4447.2,963
1786942800,4447.2,4449.6,4446.4,4449.5,684
1786943100,4449.3,4450,4446.4,4448.7,575
1786943400,4448.5,4448.5,4443,4444.2,1027
1786943700,4444.3,4450.3,4443.4,4449.5,940
1786944000,4449.7,4453.6,4447,4452.2,1390
1786944300,4452,4456.3,4451.2,4456.3,829
1786944600,4456,4457.9,4452.2,4452.9,1616
1786944900,4452.8,4453.3,4448.7,4452.4,1232
1786945200,4452.2,4453.5,4450.5,4452.4,457
1786945500,4452.1,4454.1,4449.1,4453.8,759
1786945800,4453.9,4454.2,4449.1,4449.7,550
1786946100,4449.7,4452.7,4449,4451.4,552
1786946400,4451.6,4454.9,4451.3,4452.2,679
1786946700,4452.2,4454.7,4450.4,4452,809
1786947000,4452.1,4454.3,4449.4,4453.2,691
1786947300,4453.2,4453.2,4448.9,4450,486
1786947600,4450,4453.2,4449.8,4451.5,460
1786947900,4451,4456.6,4451,4454.7,1128
1786948200,4454.5,4454.9,4451,4451.8,618
1786948500,4451.7,4452,4449.7,4451.1,672
1786948800,4451,4452.5,4449.5,4452.4,357
1786949100,4452.5,4457.1,4452.4,4456.5,1168
1786949400,4456.8,4460.8,4456.6,4458.1,1236
1786949700,4458.3,4459.9,4457.1,4459.3,602
1786950000,4459.1,4460.2,4457.3,4457.8,773
1786950300,4457.7,4459.1,4455.3,4456.6,658
1786950600,4456.7,4457.5,4452.2,4452.5,921
1786950900,4452.7,4455.6,4452.5,4453.8,713
1786951200,4453.9,4453.9,4452.3,4453.4,442
1786951500,4453.4,4461.7,4452.9,4461.2,1115
1786951800,4461.2,4464.9,4461,4463.2,1323
1786952100,4463.4,4467.8,4463.1,4464.1,1308
1786952400,4464.4,4467.4,4463.6,4465.6,598
1786952700,4465.8,4466.4,4463.7,4464.1,664
1786953000,4464,4464.7,4460,4460.8,739
1786953300,4460.8,4462.5,4460.6,4461.6,387
1786953600,4461.7,4461.7,4455.7,4456.8,1086
1786953900,4456.7,4456.9,4453.8,4456,783
1786954200,4456,4459.7,4454.8,4459.4,652
1786954500,4459.3,4460.2,4456.9,4457.8,581
1786954800,4457.4,4459.6,4456.5,4458.6,291
1786955100,4458.4,4459.5,4457.1,4458.2,425
1786955400,4458.4,4458.4,4455.7,4456.1,306
1786955700,4456.4,4458.7,4455.2,4457.6,333
1786956000,4457.8,4457.8,4452.1,4452.3,590
1786956300,4452.6,4453.1,4450.9,4451.7,495
1786956600,4451.9,4452.3,4449.2,4449.9,489
1786956900,4449.8,4452.3,4448.6,4451.1,423
1786957200,4451.3,4452.8,4449.4,4452.5,441
1786957500,4452.4,4456,4451.4,4455.6,541
1786957800,4455.7,4456.9,4454.9,4455.4,456
1786958100,4455.4,4456.7,4453.2,4454.7,531
1786958400,4454.6,4455.2,4452.5,4453,354
1786958700,4453.1,4454.3,4451.7,4452.9,306
1786959000,4453.2,4453.5,4450.4,4453,606
1786959300,4452.7,4453.7,4450.5,4451,269
1786959600,4451.2,4453.1,4450,4450.8,333
1786959900,4450.9,4452.1,4449.2,4452.1,421
1786960200,4452.4,4452.7,4449.7,4450.1,431
1786960500,4450.1,4452.3,4450,4452.2,230
1786960800,4452.6,4452.8,4449.8,4450.5,291
1786961100,4450.6,4453.1,4450.5,4450.8,421
1786961400,4450.7,4453.3,4450.4,4452.7,314
1786961700,4452.7,4457.1,4451.4,4452.6,731
1786962000,4453,4454.2,4451.8,4453.4,276
1786962300,4453.3,4462.4,4446.7,4461.7,2529
1786962600,4461.5,4462.6,4453.5,4453.7,1711
1786962900,4454.1,4455.1,4452.1,4452.9,600
1786963200,4453.1,4455.9,4452,4455.2,451
1786963500,4455.2,4456.1,4452.9,4453.5,348
1786963800,4453.8,4455.3,4453.2,4454.7,221
1786964100,4454.7,4456.4,4453.7,4455.5,361
1786964400,4455.9,4459,4454.6,4456.8,345
1786964700,4457,4460.4,4456.7,4458.7,445
1786965000,4458.6,4459.4,4456.1,4456.1,389
1786965300,4456.4,4456.8,4453.7,4454.8,523
1786965600,4455.1,4460.7,4455.1,4460.3,753
1786965900,4460.4,4461.4,4459.4,4460.3,559
1786966200,4460.5,4461.8,4459,4460.8,415
1786966500,4460.6,4461.6,4459.4,4459.7,267
1786966800,4459.6,4459.8,4455.8,4456.2,711
1786967100,4456.2,4457.6,4452.8,4453.4,651
1786967400,4453.5,4455.5,4451.3,4453.5,618
1786967700,4453.3,4454.3,4452.3,4453.3,338
1786968000,4453.2,4454,4450,4451.1,773
1786968300,4451.1,4451.7,4448.3,4448.9,680
1786968600,4448.9,4451.7,4447.6,4450.5,486
1786968900,4450.4,4452.4,4449.4,4451.1,396
1786969200,4451,4455.2,4448,4449.2,1232
1786969500,4449.3,4449.9,4437,4441.9,3658
1786969800,4442.3,4446.7,4440.3,4445.3,1336
1786970100,4445.2,4445.8,4437.2,4437.6,1431
1786970400,4437.9,4439.8,4434.5,4434.5,1625
1786970700,4434.7,4437,4433.4,4434.3,1234
1786971000,4434.2,4441.5,4434.2,4440.8,1241
1786971300,4440.9,4443.1,4440,4441.6,982
1786971600,4441.6,4445.1,4438.1,4441.1,1874
1786971900,4441.2,4443.5,4438.5,4441.8,879
1786972200,4441.9,4446,4441.7,4442.9,1283
1786972500,4442.9,4443.5,4438.4,4442,1084
1786972800,4442.2,4445.4,4441,4442.7,719
1786973100,4443,4445,4441.9,4442.9,513
1786973400,4442.9,4446.7,4442.2,4445.2,1282
1786973700,4444.8,4448.3,4442.1,4444.9,1604
1786974000,4444.9,4445.8,4440.6,4442.1,1272
1786974300,4442.1,4451.9,4440.7,4451.1,2095
1786974600,4451.3,4464,4450.7,4457.8,4772
1786974900,4458.1,4472.9,4457.9,4465.5,4561
1786975200,4465.6,4467,4460.9,4464.6,2480
1786975500,4465,4465.5,4461.4,4462.2,1133
1786975800,4461.9,4469.6,4460.3,4469.2,2615
1786976100,4469.2,4478.1,4468.4,4475.6,5214
1786976400,4475.5,4484.9,4474.4,4481.5,4381
1786976700,4481.6,4483.6,4472.8,4475.5,3575
1786977000,4475.6,4482,4475.3,4479.3,2601
1786977300,4479.5,4481.2,4473.6,4475,1679
1786977600,4474.9,4479,4474.6,4474.6,1287
1786977900,4474.8,4477,4471.1,4474.6,2180
1786978200,4474.6,4478.5,4472.9,4473.5,1367
1786978500,4473.7,4475.7,4471.6,4474.7,1017
1786978800,4474.5,4476.7,4472.1,4475.2,1253
1786979100,4475.8,4477.3,4473.2,4474.1,879
1786979400,4474.1,4479.7,4473.2,4478.6,1148
1786979700,4478.6,4480.7,4476.6,4479.6,1259
1786980000,4479.3,4481.2,4478.6,4480.3,938
1786980300,4480.4,4483.4,4478,4482.7,1336
1786980600,4482.7,4483.6,4478.3,4480,1105
1786980900,4479.9,4481.2,4476.9,4479.2,1280
1786981200,4479,4480.8,4474.7,4476.3,1396
1786981500,4476.3,4482,4474.4,4481.1,1299
1786981800,4480.9,4484.3,4480.3,4484,946
1786982100,4484,4485.3,4483,4484.9,1163
1786982400,4485,4485.7,4481.3,4482.9,1132
1786982700,4482.8,4486,4481.7,4484.9,948
1786983000,4484.8,4486.6,4483,4483.1,580
1786983300,4483.5,4485,4482.1,4482.9,523
1786983600,4482.9,4484.9,4481.8,4482.4,734
1786983900,4482.5,4482.6,4480.1,4482.3,700
1786984200,4482.5,4482.6,4480,4481.2,577
1786984500,4481.4,4484.6,4480.9,4484.1,511
1786984800,4484,4484.2,4481.5,4482,355
1786985100,4481.9,4482.2,4480,4481.8,449
1786985400,4481.6,4483,4480.2,4480.6,336
1786985700,4480.8,4483.2,4480.8,4481.5,380
1786986000,4481.8,4483.7,4481,4482,434
1786986300,4482,4482.1,4478.3,4479.6,1042
1786986600,4479.4,4480.8,4478.9,4480.1,648
1786986900,4480.5,4480.5,4476.1,4476.7,790
1786987200,4476.8,4477.7,4473.2,4474.2,1128
1786987500,4474.1,4474.9,4470.6,4474,1925
1786987800,4473.8,4476.4,4471,4474.8,1252
1786988100,4474.7,4475.3,4469.1,4469.4,1285
1786988400,4469.5,4474.9,4468.4,4474.9,977
1786988700,4474.9,4477.9,4474.3,4476.6,1057
1786989000,4476.4,4478.2,4474.5,4474.8,578
1786989300,4474.9,4475.6,4470.6,4471.2,897
1786989600,4471,4472.3,4467.7,4468.4,984
1786989900,4468.5,4470.6,4467.5,4468.7,707
1786990200,4468.6,4471.4,4467.3,4471.2,685
1786990500,4471.3,4474.1,4471,4472.6,981
1786990800,4472.5,4473,4466,4466.7,1512
1786991100,4466.6,4467.2,4461.6,4463.3,2162
1786991400,4463.1,4463.9,4454.4,4456.4,2656
1786991700,4456.6,4459.2,4455.8,4458.5,814
1786992000,4458.9,4461.4,4458,4458,756
1786992300,4458.1,4462.7,4456.7,4462.3,823
1786992600,4462.5,4463.8,4461.5,4463.2,659
1786992900,4462.9,4463.3,4462.2,4463.1,196
1786993200,4462.9,4463.6,4458.4,4459.3,1012
1786993500,4459,4460,4456.5,4460,648
1786993800,4459.9,4465.2,4459.9,4464.5,796
1786994100,4464.8,4472.4,4464.7,4471.4,1708
1786994400,4471.3,4473,4470.4,4472.1,684
1786994700,4472,4473.7,4470.5,4470.7,583
1786995000,4470.7,4472.9,4470.3,4472.7,440
1786995300,4472.7,4473.6,4471.3,4472.5,292
1786995600,4472.8,4476.7,4471.7,4475.4,866
1786995900,4475.6,4476.8,4474.5,4475.9,552
1786996200,4476.4,4476.4,4472.2,4473.9,891
1786996500,4473.8,4476.9,4473.3,4475.9,572
1786996800,4475.8,4477.9,4474.2,4475.2,674
1786997100,4474.9,4475,4472.7,4473.1,423
1786997400,4473.6,4474.3,4473,4474.1,165
1786997700,4474.2,4474.4,4473.7,4474.4,97
1786998000,4474.4,4474.4,4473.3,4473.3,125
1786998300,4473.5,4473.5,4471.1,4471.5,267
1786998600,4471.3,4472.4,4471,4471.6,260
1786998900,4471.8,4472.3,4470.9,4471.5,221
1786999200,4471.7,4472.5,4471.4,4472.2,162
1786999500,4471.8,4473.2,4471.6,4472.1,331
1786999800,4471.9,4472.5,4471.6,4472.1,134
1787000100,4472.2,4474.1,4472.1,4473.2,334
1787004000,4473.7,4475.7,4471.9,4472.4,668
1787004300,4472.8,4473.2,4471.7,4472.4,247
1787004600,4472.4,4473.5,4471.7,4472.8,233
1787004900,4472.9,4473.7,4471.9,4471.9,227
1787005200,4472.1,4472.7,4471.3,4471.9,164
1787005500,4471.9,4471.9,4467.8,4468.7,685
1787005800,4468.5,4469.8,4467.8,4468.5,496
1787006100,4469,4470.8,4468.4,4469.2,393
1787006400,4469.6,4472.1,4469.1,4470.8,366
1787006700,4470.7,4472.5,4470.2,4471.4,277
1787007000,4471.4,4471.9,4468.1,4468.2,349
1787007300,4468.4,4469.5,4466.3,4468,601
1787007600,4468,4470.2,4465.8,4469.8,677
1787007900,4469.8,4470.7,4469.1,4470,258
1787008200,4470.2,4471.4,4469.4,4470.9,223
1787008500,4471,4474.8,4471,4473.8,946
1787008800,4474,4474.5,4472.5,4474,341
1787009100,4474.2,4478.2,4473.8,4476.5,1018
1787009400,4476.4,4478.5,4476,4478.2,622
1787009700,4478.3,4478.6,4476.6,4477.5,656
1787010000,4477.5,4479.3,4476.4,4479,720
1787010300,4479.2,4480.4,4477.9,4480.2,791
1787010600,4480,4480.9,4478.7,4479.9,654
1787010900,4480.1,4482.2,4479.6,4482,572
1787011200,4482.1,4486.2,4475,4481.7,2752
1787011500,4481.5,4482.4,4476.2,4476.4,1062
1787011800,4476.4,4478.6,4475.1,4477.8,1061
1787012100,4477.8,4484.5,4477.1,4483.4,1764
1787012400,4483.5,4488.5,4478.1,4484.4,2418
1787012700,4484.4,4488.2,4481.4,4487.5,1530
1787013000,4487.6,4488.5,4484.4,4487.9,1206
1787013300,4487.8,4490.3,4486.7,4489.7,944
1787013600,4489.8,4489.8,4485.1,4486.1,810
1787013900,4486.2,4487.1,4484.8,4485.7,592
1787014200,4485.9,4487.2,4485,4485.7,462
1787014500,4485.9,4491.8,4485.3,4491.4,1410
1787014800,4491.5,4493.1,4485.7,4488.2,2927
1787015100,4488,4493.6,4485.1,4486.9,1497
1787015400,4487,4488.5,4485,4486.1,796
1787015700,4485.6,4487.4,4479,4481.8,1995
1787016000,4482.1,4483.5,4478.4,4480.1,1309
1787016300,4480.2,4482.8,4476.6,4481.6,1448
1787016600,4481.7,4482.8,4477.6,4478.9,972
1787016900,4478.8,4480.2,4476.7,4476.8,616
1787017200,4477.1,4478.4,4468.2,4468.4,2678
1787017500,4468.3,4469,4460.9,4464.3,3583
1787017800,4464.4,4465.4,4460.9,4464.8,1561
1787018100,4464.6,4466.4,4464.1,4464.7,901
1787018400,4464.7,4465.1,4457.4,4458.6,2052
1787018700,4458.9,4460.7,4456.3,4456.5,1247
1787019000,4456.7,4459.3,4454.7,4457.3,1311
1787019300,4457.4,4461.9,4456.4,4460.3,1181
1787019600,4460.4,4461.1,4458,4460.6,804
1787019900,4460.7,4461.6,4458.5,4458.7,545
1787020200,4458.7,4459,4452.2,4453.2,2278
1787020500,4452.7,4456.4,4451.8,4452.8,1065
1787020800,4452.7,4453.4,4450.3,4451.4,1093
1787021100,4451.5,4454.6,4450,4453.3,930
1787021400,4453.3,4454.8,4451.7,4454.3,757
1787021700,4454.2,4457,4453.3,4456.3,1102
1787022000,4456.3,4460.8,4456.1,4459.6,1633
1787022300,4459.5,4459.8,4455.7,4457.7,824
1787022600,4457.9,4458.9,4455.1,4458.3,742
1787022900,4458.2,4458.7,4451.9,4452.9,1141
1787023200,4452.9,4453.6,4450,4451.3,797
1787023500,4451.2,4454,4451.1,4453.1,550
1787023800,4453,4453.3,4451.5,4452.4,423
1787024100,4452.2,4453.1,4450.8,4451.1,354
1787024400,4451.1,4452,4450.1,4450.7,428
1787024700,4450.6,4451.5,4447.8,4449.5,837
1787025000,4449.5,4449.7,4447.3,4447.9,877
1787025300,4447.8,4448.6,4446.3,4447.6,717
1787025600,4447.8,4448.2,4445.5,4446.4,670
1787025900,4446.5,4447.8,4445.5,4446.9,495
1787026200,4446.9,4449,4446.4,4447.9,552
1787026500,4448.1,4449.6,4446.4,4447.1,653
1787026800,4447.1,4448.2,4446.1,4448,274
1787027100,4448,4448.7,4447.2,4448.1,307
1787027400,4448,4450.4,4447,4447.7,679
1787027700,4447.7,4448.8,4444,4446.7,1162
1787028000,4446.9,4449.8,4445.6,4448.9,598
1787028300,4448.7,4450.5,4447.4,4450.1,427
1787028600,4450,4451,4449.1,4451,376
1787028900,4450.8,4451,4448.2,4448.9,465
1787029200,4448.7,4449.1,4446.4,4446.8,601
1787029500,4446.9,4449.7,4446.7,4449.3,378
1787029800,4449.3,4449.3,4446.1,4446.5,319
1787030100,4446.8,4450.3,4446.2,4449.9,430
1787030400,4450.2,4451.8,4449.8,4451.2,511
1787030700,4450.9,4451.8,4446.9,4446.9,630
1787031000,4446.8,4447.2,4440.8,4442.6,2588
1787031300,4442.7,4446.8,4442.4,4445.6,713
1787031600,4445.9,4450,4444.3,4449.2,697
1787031900,4449.5,4451.5,4448.5,4451.5,654
1787032200,4451.3,4453.4,4449.4,4451.2,1103
1787032500,4451.5,4452.5,4449,4450,543
1787032800,4449.8,4449.8,4444.1,4446.3,1360
1787033100,4446,4449.5,4442.8,4448.5,958
1787033400,4448.3,4451.1,4447.8,4450.9,948
1787033700,4450.9,4452,4448.9,4450.8,575
1787034000,4450.9,4453.5,4449.8,4453.2,720
1787034300,4453.2,4455.2,4452,4454.7,788
1787034600,4454.7,4455.5,4450.5,4450.9,702
1787034900,4450.7,4453,4450.6,4452.5,504
1787035200,4452.5,4454.5,4452.2,4452.5,377
1787035500,4452.6,4454.9,4452.4,4453.2,399
1787035800,4453.4,4454.4,4452.8,4453.6,322
1787036100,4453.7,4454.4,4452.8,4454.4,321
1787036400,4454.3,4455.9,4452.3,4455.3,716
1787036700,4455.5,4456.5,4452.6,4453,595
1787037000,4453,4455.1,4452.2,4453.3,385
1787037300,4453.2,4456.4,4453.1,4455.3,310
1787037600,4455.1,4457.3,4455.1,4457.3,411
1787037900,4457.3,4459.3,4456.7,4459.2,757
1787038200,4459.1,4459.5,4451.8,4452.8,893
1787038500,4452.9,4458.5,4452.4,4457.9,589
1787038800,4457.8,4459.5,4456,4457.3,479
1787039100,4457.6,4458.5,4455.3,4455.9,347
1787039400,4455.4,4456.3,4453.8,4454.3,323
1787039700,4454.2,4454.5,4451.2,4451.4,569
1787040000,4451.7,4451.9,4449.6,4450.1,874
1787040300,4450,4450.1,4445.6,4446.4,1293
1787040600,4446.2,4450.6,4443.5,4448.5,965
1787040900,4448.4,4449.2,4447.3,4447.9,448
1787041200,4447.8,4448.1,4442.2,4444.1,912
1787041500,4444.1,4445.1,4442.7,4445,512
1787041800,4444.7,4449.7,4444.6,4449.1,597
1787042100,4449.2,4454.1,4449,4453.9,960
1787042400,4453.8,4454.2,4452.1,4452.1,399
1787042700,4452.1,4452.4,4447.1,4448.8,640
1787043000,4448.7,4449.2,4447.2,4449.2,389
1787043300,4449.3,4450.2,4448,4448.8,256
1787043600,4448.4,4449.5,4447.6,4448,248
1787043900,4447.9,4448.5,4446.6,4447.5,258
1787044200,4447.5,4449,4447.1,4448.4,288
1787044500,4448.2,4448.2,4446.2,4446.7,215
1787044800,4447,4447.1,4444.2,4445.5,474
1787045100,4445.6,4447.2,4444.4,4445,476
1787045400,4444.8,4450,4444.6,4450,774
1787045700,4449.7,4451.3,4446.1,4447.2,502
1787046000,4447.6,4447.8,4443.3,4444.2,511
1787046300,4444.7,4448.5,4443.1,4448.4,489
1787046600,4448.1,4450.6,4448.1,4450.1,453
1787046900,4450.2,4451.3,4449,4449.6,287
1787047200,4449.5,4452.4,4448.4,4450.1,477
1787047500,4450.1,4451,4448.7,4449.6,286
1787047800,4449.4,4451,4449.1,4450.7,151
1787048100,4450.9,4452.5,4450.3,4451.8,311
1787048400,4451.5,4451.5,4447.6,4447.8,403
1787048700,4448,4448.8,4446,4448.5,394
1787049000,4448.3,4450.7,4448.2,4450.2,250
1787049300,4450.1,4454.2,4449.8,4454.1,385
1787049600,4454,4455.2,4453.5,4455.2,545
1787049900,4455.3,4456.2,4454.6,4455.4,384
1787050200,4455.7,4456.3,4452.9,4453.5,332
1787050500,4453.5,4454.8,4453,4454.8,292
1787050800,4454.3,4455.8,4450,4450.5,577
1787051100,4450.4,4451.3,4448.9,4450,379
1787051400,4450,4450.6,4448.5,4450.2,313
1787051700,4449.9,4451.2,4448.5,4449.5,322
1787052000,4449.3,4450.1,4446.5,4446.6,353
1787052300,4446.4,4448.2,4445.6,4446.4,481
1787052600,4446.2,4448.3,4445.6,4445.6,435
1787052900,4445.9,4447.9,4444.7,4446.8,459
1787053200,4446.6,4449.1,4445.7,4447.4,484
1787053500,4447.4,4450.2,4446.9,4448.6,376
1787053800,4448.7,4449.5,4446,4447.1,371
1787054100,4447.4,4453.3,4446.9,4452.2,685
1787054400,4452.6,4453.5,4448,4452.9,757
1787054700,4453.1,4453.5,4446.5,4447.5,880
1787055000,4447.6,4449.8,4445.8,4449.6,673
1787055300,4449.5,4450.1,4447.7,4448.6,413
1787055600,4449.2,4457.4,4449,4451.9,1930
1787055900,4452.1,4452.6,4448.2,4451.7,966
1787056200,4452,4454.7,4448.8,4453.2,846
1787056500,4453.2,4454.3,4449.1,4450.7,807
1787056800,4450.4,4450.5,4447.3,4448.4,798
1787057100,4448.5,4453.1,4448.4,4452.7,638
1787057400,4452.8,4453.5,4448.8,4449.7,723
1787057700,4450.2,4452.2,4447,4450.7,774
1787058000,4450.4,4453.9,4446.3,4452.2,1411
1787058300,4451.8,4452.9,4444.8,4445.3,1351
1787058600,4445.1,4452.3,4443.9,4452,1459
1787058900,4452,4452.5,4444.5,4447.4,1277
1787059200,4447.4,4449.7,4444.2,4446,813
1787059500,4446.1,4448.7,4444.2,4445.3,955
1787059800,4445.3,4454.6,4430.6,4452.5,7002
1787060100,4452.6,4459.3,4451.1,4458.7,3758
1787060400,4458.9,4463,4455.4,4457,3131
1787060700,4457.2,4458.2,4447.5,4451.1,3158
1787061000,4451.1,4454.6,4444.9,4446.8,2393
1787061300,4447,4451.3,4445.7,4450.9,1304
1787061600,4451,4463.3,4449.5,4460.6,4098
1787061900,4460.4,4461,4454.2,4454.5,2012
1787062200,4454.6,4455.6,4447.4,4449.6,2402
1787062500,4449.6,4461.7,4449.2,4458,2079
1787062800,4458.2,4459.4,4452,4454,1374
1787063100,4454.3,4455.4,4448.5,4450.4,1170
1787063400,4450.7,4452.5,4441.5,4446,3303
1787063700,4446.1,4446.2,4438.4,4439.4,2832
1787064000,4439.4,4441.2,4434,4436,3201
1787064300,4435.8,4445,4434.3,4443.1,2161
1787064600,4443.3,4445.2,4426.6,4434.9,4486
1787064900,4435,4439.2,4419.1,4422,5169
1787065200,4422.6,4432.8,4421.6,4431.6,3595
1787065500,4431.8,4434,4420.9,4421.5,2465
1787065800,4421.9,4424,4412.2,4415.7,3659
1787066100,4415.7,4420.8,4410.6,4410.7,2696
1787066400,4410.7,4413,4406.5,4409.6,3533
1787066700,4409.9,4416.5,4407.2,4410.5,2193
1787067000,4410.1,4418.2,4409.5,4415.2,2238
1787067300,4415.4,4417.9,4412.1,4416.5,1383
1787067600,4416.5,4417.3,4412,4413.9,1345
1787067900,4414,4420.4,4413.8,4419.4,1809
1787068200,4419.4,4421.9,4416.3,4419.9,1419
1787068500,4420.2,4421.3,4418.4,4420.2,656
1787068800,4420.3,4424.6,4420.3,4423.3,1221
1787069100,4423.5,4427.4,4421.8,4426.6,1185
1787069400,4426.8,4427.1,4422.6,4423.1,763
1787069700,4423.2,4423.7,4419.7,4422.8,1130
1787070000,4422.6,4425.2,4421.8,4423.5,764
1787070300,4423.4,4424.5,4418.7,4419.4,993
1787070600,4419.6,4422.2,4418.3,4421,1023
1787070900,4421.2,4422.5,4418,4420.7,681
1787071200,4420.7,4424,4420.4,4422.8,592
1787071500,4422.7,4423,4418.3,4418.6,726
1787071800,4418.9,4424.2,4418,4423.6,756
1787072100,4423.7,4423.8,4418.4,4419,653
1787072400,4419.1,4421.1,4418.2,4419.6,751
1787072700,4419.8,4421.5,4419.6,4421,427
1787073000,4421.1,4422.7,4420.1,4422.4,346
1787073300,4422.3,4423.7,4418.7,4419.9,563
1787073600,4419.9,4423,4419.7,4423,366
1787073900,4423.1,4423.9,4419.3,4420.9,650
1787074200,4421,4422,4416.6,4420,990
1787074500,4420.4,4420.8,4416.6,4418.3,528
1787074800,4418.6,4420.7,4414.3,4414.3,799
1787075100,4414.4,4416.1,4412.7,4413.7,806
1787075400,4413.8,4415.5,4413.5,4414.4,361
1787075700,4414.2,4414.9,4412.4,4413.5,485
1787076000,4413.4,4413.4,4408.1,4409,1304
1787076300,4409,4411.3,4408.1,4411,714
1787076600,4411,4413.5,4408,4413.2,598
1787076900,4413.2,4414.6,4412,4414.3,574
1787077200,4414.1,4415,4410.8,4412.3,689
1787077500,4412.1,4416.5,4411.6,4415.5,661
1787077800,4415.6,4415.9,4413.1,4414.9,437
1787078100,4414.8,4415.7,4413.4,4415.1,293
1787078400,4414.7,4414.7,4408.5,4409.3,638
1787078700,4409.4,4410.8,4407.7,4409,449
1787079000,4408.8,4410.4,4408.8,4409.9,248
1787079300,4409.8,4411.2,4408.8,4409.3,337
1787079600,4409.6,4413.2,4409.1,4410.5,535
1787079900,4410.6,4412.1,4409.8,4410.3,241
1787080200,4410.2,4413.5,4409.7,4412.1,274
1787080500,4412,4413.9,4408.9,4409.4,600
1787080800,4409.5,4411.5,4407.5,4408.9,536
1787081100,4408.2,4410.8,4407.2,4409.7,498
1787081400,4409.7,4411.6,4408.2,4408.6,330
1787081700,4409,4410.1,4408,4409.5,276
1787082000,4409.6,4412.3,4403.3,4404.4,1293
1787082300,4404.6,4408.2,4398.7,4400.7,2459
1787082600,4400.8,4401.7,4396.7,4400.1,1619
1787082900,4400.1,4401.3,4392.6,4400,2166
1787083200,4400.1,4401,4397.1,4398.6,633
1787083500,4398.4,4398.9,4397.2,4397.4,234
1787083800,4397.6,4398.3,4395.1,4396.6,451
1787084100,4396.7,4397.2,4394.7,4396.7,225
1787084400,4396.5,4396.5,4388.5,4393,1352
1787084700,4392.8,4393.6,4391.6,4392.7,245
1787085000,4392.8,4394.6,4391.4,4394.5,326
1787085300,4394.4,4394.9,4392.4,4393,263
1787085600,4393,4393.6,4386.4,4387.4,909
1787085900,4387.1,4388.4,4383.5,4387.8,913
1787086200,4388.1,4389.4,4385,4389.4,376
1787086500,4389.5,4390.3,4387.4,4389.8,364
1787090400,4389.8,4395.8,4386.8,4394.2,892
1787090700,4394.2,4395.4,4393,4394.8,632
1787091000,4394.9,4395.5,4393.1,4393.4,433
1787091300,4393.5,4394.3,4391.4,4391.5,851
1787091600,4391.2,4392,4386.6,4388.4,1539
1787091900,4388.2,4391.8,4387.7,4389.5,840
1787092200,4389.4,4389.7,4388.2,4389,354
1787092500,4388.9,4389.8,4386.2,4386.8,369
1787092800,4386.7,4387.8,4385.6,4386.8,583
1787093100,4386.7,4388,4386,4388,258
1787093400,4388,4388.6,4386.9,4388.1,305
1787093700,4388.1,4388.3,4386,4387.2,288
1787094000,4387.1,4389.5,4385.9,4389,616
1787094300,4389,4391.5,4387.3,4388,720
1787094600,4387.8,4388.4,4384.3,4387,716
1787094900,4387,4388.1,4384.8,4385.2,506
1787095200,4385.2,4390.3,4382.7,4385.5,991
1787095500,4385.7,4386.6,4382.4,4383.2,788
1787095800,4383.1,4385.4,4379.4,4383.5,1463
1787096100,4383.3,4384.7,4379.6,4381.4,744
1787096400,4381.5,4383.3,4380.6,4382.5,478
1787096700,4382.7,4384.8,4382.2,4383.8,517
1787097000,4383.5,4387.3,4382.4,4386.6,710
1787097300,4386.6,4387,4384.3,4385.8,383
1787097600,4385.9,4393.6,4384.4,4389.6,2010
1787097900,4389.7,4394.2,4388.9,4392.7,901
1787098200,4392.6,4397.8,4390.9,4395.7,1511
1787098500,4395.8,4399.3,4395.6,4396.5,1172
1787098800,4396.5,4399.6,4394.5,4396.2,1174
1787099100,4396.4,4397,4392.5,4396,1029
1787099400,4396.3,4399.4,4393,4394.2,1181
1787099700,4394.2,4400.5,4394.1,4398.3,1150
1787100000,4398.5,4401.2,4396.6,4397.2,1241
1787100300,4397.5,4398.3,4395.7,4396.3,474
1787100600,4396.3,4398.4,4394.7,4394.9,609
1787100900,4395.1,4396.1,4390.5,4391.6,1722
1787101200,4391.3,4393.7,4376.5,4385.9,5183
1787101500,4385.9,4396.5,4385,4394.1,2708
1787101800,4393.9,4397.8,4390.7,4397.2,1070
1787102100,4397.6,4400.1,4388.1,4391.2,2104
1787102400,4391.6,4393.6,4386.5,4391.2,1252
1787102700,4391.4,4396.3,4389.2,4395.9,1089
1787103000,4396.1,4405.2,4396,4404.1,2121
1787103300,4404.5,4410,4403.7,4409.1,2353
1787103600,4408.9,4411.2,4407.7,4409.1,1480
1787103900,4409,4410.4,4404.2,4404.8,1670
1787104200,4404.7,4409.5,4403.9,4406.8,964
1787104500,4406.7,4410.3,4406.3,4409.9,733
1787104800,4410.2,4410.9,4405.2,4407.9,853
1787105100,4408.1,4410.8,4406.3,4409.4,646
1787105400,4409.4,4409.7,4405.9,4407.1,597
1787105700,4407.4,4414.8,4405.8,4412.3,1728
1787106000,4412.4,4415.7,4411.4,4413.5,1197
1787106300,4413.5,4414.8,4412.4,4413.2,602
1787106600,4413.3,4414,4409.1,4410.3,1110
1787106900,4410,4411.8,4407.5,4408.6,758
1787107200,4408.6,4411.7,4408.2,4408.7,373
1787107500,4408.8,4410.6,4407.4,4409,372
1787107800,4408.9,4410,4406.3,4407.7,586
1787108100,4407.5,4408.6,4405,4408.4,708
1787108400,4408.4,4409.8,4406.2,4409.3,435
1787108700,4409.2,4409.2,4405.4,4407.3,507
1787109000,4407.4,4408.8,4407.1,4408.1,391
1787109300,4407.9,4410.2,4405.4,4406.3,528
1787109600,4406,4409.4,4405.3,4409.3,387
1787109900,4409.6,4411.8,4409.6,4411.1,521
1787110200,4411.1,4412.3,4409.7,4410.9,441
1787110500,4410.7,4414.5,4410.7,4412.1,527
1787110800,4411.9,4412.9,4410.9,4412.5,263
1787111100,4412.5,4412.9,4410,4411.6,242
1787111400,4411.9,4412.4,4409.1,4409.3,239
1787111700,4409.4,4410.3,4408.3,4408.6,256
1787112000,4408.8,4409.9,4407,4407.5,307
1787112300,4407.7,4408.5,4406.2,4408,343
1787112600,4408.1,4408.5,4407.1,4407.9,194
1787112900,4408.2,4408.2,4402.5,4405.6,1061
1787113200,4405.7,4406.2,4403.9,4405.2,433
1787113500,4405,4405,4403.3,4404.4,370
1787113800,4404.4,4405.3,4402.5,4402.8,329
1787114100,4403.2,4404.1,4399.5,4399.8,765
1787114400,4399.8,4400.8,4398.2,4399.7,727
1787114700,4399.6,4400.4,4399,4399.8,378
1787115000,4399.5,4399.8,4396.6,4398,629
1787115300,4398.2,4402.1,4397.8,4402.1,556
1787115600,4401.9,4404.3,4400,4401,716
1787115900,4400.9,4401.5,4395.6,4396,823
1787116200,4396.1,4396.1,4391.6,4392.3,972
1787116500,4392.4,4393,4390,4391.1,859
1787116800,4391.1,4396.4,4390.8,4395.3,827
1787117100,4395.3,4399.2,4393.9,4399.1,591
1787117400,4399.2,4399.2,4390.3,4392.1,1530
1787117700,4391.9,4396.5,4390.4,4396.5,689
1787118000,4396.3,4396.9,4393.1,4395.5,575
1787118300,4394.5,4394.5,4388.5,4390.4,914
1787118600,4390.5,4391.4,4388.2,4388.9,593
1787118900,4388.7,4392,4388.3,4388.9,350
1787119200,4388.8,4394.7,4388.6,4390.9,936
1787119500,4391.2,4393.8,4388.6,4392.5,588
1787119800,4392.9,4395.1,4390.5,4390.9,499
1787120100,4390.7,4399.8,4390.2,4398.7,999
1787120400,4398.9,4401.9,4398.2,4399.6,1066
1787120700,4399.6,4400.1,4394,4396.7,779
1787121000,4396.5,4396.9,4390.6,4392.6,1037
1787121300,4392.4,4399.7,4392.2,4397.4,867
1787121600,4397.4,4398.1,4394.9,4395.6,424
1787121900,4395.3,4397.7,4394.4,4397.4,488
1787122200,4397.5,4401.8,4397.4,4401.6,656
1787122500,4401.4,4403.7,4401,4402.8,1071
1787122800,4402.7,4405.2,4401.1,4401.7,1057
1787123100,4401.7,4407.2,4401.6,4406.9,714
1787123400,4406.9,4407.5,4403.5,4404.3,521
1787123700,4404,4405.3,4401.1,4404.3,643
1787124000,4404.5,4408.9,4402.5,4408.2,765
1787124300,4407.9,4410.8,4407.7,4410.4,750
1787124600,4410.5,4414.9,4409.9,4413.2,820
1787124900,4413,4417.1,4410.4,4411.3,1187
1787125200,4411.4,4411.7,4406.3,4408.1,700
1787125500,4408.1,4410.8,4407.9,4410.2,457
1787125800,4410.4,4411.6,4408.4,4409.1,403
1787126100,4409.3,4410.1,4408.2,4408.4,241
1787126400,4408.4,4411.7,4404.8,4410.9,1023
1787126700,4410.9,4415.1,4409.8,4414.9,852
1787127000,4414.7,4416.4,4413.7,4415.3,577
1787127300,4415.4,4416.2,4413.5,4413.6,355
1787127600,4413.4,4413.8,4411,4413.7,462
1787127900,4413.8,4415.1,4411.8,4414.7,399
1787128200,4414.5,4414.9,4410.4,4410.8,453
1787128500,4411,4414.7,4410.1,4414,382
1787128800,4414,4417.1,4413.1,4416.5,450
1787129100,4416.3,4417.3,4414.7,4415.5,354
1787129400,4415.8,4415.8,4411.9,4412.2,325
1787129700,4412.3,4412.5,4408,4409.6,779
1787130000,4409.7,4413.2,4409,4413.2,356
1787130300,4413,4413.9,4409.5,4410,406
1787130600,4409.9,4411.8,4409.4,4410.3,193
1787130900,4410.5,4410.7,4407.3,4409.2,531
1787131200,4409.3,4411.3,4407.5,4410.2,468
1787131500,4410.3,4411.6,4408,4410.7,211
1787131800,4410.8,4412.1,4409.7,4410.8,381
1787132100,4410.7,4411.6,4410.4,4411.1,161
1787132400,4411.3,4415.5,4410.9,4413.2,418
1787132700,4413.1,4415.5,4412.7,4415.4,287
1787133000,4415.2,4415.4,4412.3,4414.3,374
1787133300,4414.4,4416.6,4413.5,4416.6,439
1787133600,4416.6,4417.9,4414,4414.5,598
1787133900,4414.2,4417.2,4413.5,4415.9,326
1787134200,4415.7,4418.9,4415,4418.5,552
1787134500,4418.4,4423.5,4418.1,4423,1307
1787134800,4423,4423.7,4421.2,4423,567
1787135100,4422.7,4423.7,4421.2,4423.4,363
1787135400,4423.4,4424.2,4420.5,4421.5,565
1787135700,4421.8,4422.4,4421.2,4421.5,251
1787136000,4421.5,4423.3,4421,4422.3,326
1787136300,4422.8,4424.5,4422,4423.2,310
1787136600,4423.2,4423.5,4421.7,4422.1,260
1787136900,4422.1,4422.7,4420.7,4422.2,312
1787137200,4422.1,4425.8,4422.1,4425.5,909
1787137500,4425.6,4428.5,4425.4,4425.9,827
1787137800,4425.8,4428.8,4425.4,4428.1,500
1787138100,4428.3,4429,4424.5,4425.4,772
1787138400,4425.3,4426.2,4423.3,4425.8,431
1787138700,4425.8,4428.2,4425.3,4425.7,511
1787139000,4425.8,4426.6,4423,4424.1,604
1787139300,4423.9,4424.8,4421.6,4423,461
1787139600,4422.8,4422.9,4417.7,4418.3,1126
1787139900,4418.1,4422.4,4418,4422.2,667
1787140200,4421.9,4422,4418.3,4420.4,493
1787140500,4420.6,4421.1,4418.8,4419.3,265
1787140800,4419.6,4420.2,4416.3,4418.9,830
1787141100,4419.1,4423.3,4418.2,4422.6,764
1787141400,4422.8,4425.6,4421.5,4423.2,904
1787141700,4423.2,4425.1,4420.5,4422.6,678
1787142000,4422.8,4428.5,4422.5,4425.1,1517
1787142300,4425.3,4426.1,4422.3,4424.1,691
1787142600,4424.3,4439.9,4423.3,4439.3,3593
1787142900,4439.3,4472.4,4437.8,4468.2,9922
1787143200,4468.2,4476.9,4463.4,4475,6557
1787143500,4475.1,4479.9,4468.3,4474.5,4871
1787143800,4474.3,4486.4,4468,4486,5382
1787144100,4485.8,4499.7,4483.4,4496.2,7061
1787144400,4496.2,4499.1,4483.9,4484.9,6124
1787144700,4484.7,4498.6,4481.2,4498.3,4141
1787145000,4498.8,4518.7,4498.3,4513.3,9352
1787145300,4513.5,4522.1,4513.1,4517.7,4569
1787145600,4517.7,4520.6,4512.6,4517.4,2884
1787145900,4517.1,4519.8,4513.1,4516.4,2145
1787146200,4515.9,4524.3,4513.1,4519.1,4419
1787146500,4519.7,4519.8,4500.8,4513.5,6833
1787146800,4513.6,4522.9,4507.7,4519,4387
1787147100,4518.9,4520.2,4507.3,4507.9,2788
1787147400,4508.1,4514.3,4502.3,4511.5,3386
1787147700,4511.7,4521.5,4509.8,4517.9,2465
1787148000,4517.9,4521,4513.6,4518.4,2541
1787148300,4518.7,4530.6,4518.6,4530,4419
1787148600,4529.9,4533.8,4526.9,4531.8,3335
1787148900,4531.7,4536.7,4529.4,4529.5,3113
1787149200,4529.8,4538.8,4528.3,4536.5,3074
1787149500,4536.5,4546.4,4535.8,4544.1,3858
1787149800,4544.4,4550,4542,4546.1,3718
1787150100,4546.1,4550.9,4545.3,4547.9,2829
1787150400,4548.1,4557.8,4546,4548.3,3918
1787150700,4548.6,4548.6,4536.8,4537.9,4448
1787151000,4538.2,4545.5,4537.2,4544.5,2523
1787151300,4544.7,4548.6,4543.7,4546.9,1976
1787151600,4547,4547,4539.7,4543.7,2596
1787151900,4543.6,4546,4540.3,4540.6,1211
1787152200,4540.7,4546.9,4538.4,4544.3,2238
1787152500,4544.3,4546,4541.9,4544.4,895
1787152800,4544.2,4546.2,4539.1,4539.6,1043
1787153100,4539.3,4543.1,4536.3,4542.3,1871
1787153400,4542,4544.8,4538.4,4543.1,1225
1787153700,4543.3,4546.9,4543,4545.6,1010
1787154000,4545.4,4551.3,4542.8,4548.4,1699
1787154300,4548.4,4552.8,4547.9,4549,1580
1787154600,4548.9,4551.4,4547,4549.5,924
1787154900,4549.6,4552.4,4549.2,4552.2,765
1787155200,4552.3,4555.8,4551.5,4551.8,1650
1787155500,4551.7,4556,4549.3,4555.8,1338
1787155800,4555.5,4557.4,4554.8,4555.9,1305
1787156100,4556.1,4557.5,4552.6,4553.1,970
1787156400,4553.1,4554.5,4551.4,4552.8,948
1787156700,4553,4553.5,4548.5,4548.8,1068
1787157000,4548.9,4553.8,4548.4,4553.6,922
1787157300,4553.6,4554.3,4549.7,4553.2,699
1787157600,4553.5,4554.5,4551.9,4552.7,573
1787157900,4552.8,4554.6,4551.2,4552.4,562
1787158200,4552.1,4555.8,4551.8,4552.3,818
1787158500,4552,4553.1,4550.8,4551,600
1787158800,4551,4557.1,4551,4554.6,947
1787159100,4554.5,4555.1,4548.9,4550.6,1003
1787159400,4550.5,4551.4,4546.2,4549.9,1159
1787159700,4550.2,4550.2,4544.6,4546.9,1220
1787160000,4547.2,4548.5,4545.5,4547.1,961
1787160300,4547.3,4547.5,4544,4545.8,1095
1787160600,4545.7,4546.9,4542,4545.8,958
1787160900,4545.9,4547.7,4544.4,4546.1,535
1787161200,4546.1,4549.3,4544.5,4546.4,736
1787161500,4546.2,4547.4,4545.4,4546.3,318
1787161800,4546.2,4547,4543.4,4543.9,537
1787162100,4543.8,4545.5,4542.1,4545,778
1787162400,4545.1,4554.4,4543.3,4554,1950
1787162700,4554,4554.9,4544.3,4547.1,1491
1787163000,4547,4548.5,4544,4546,678
1787163300,4546.1,4546.1,4540.2,4543.2,1342
1787163600,4543.1,4543.4,4539.2,4539.8,779
1787163900,4539.7,4540.2,4530.7,4533.4,2920
1787164200,4534,4539.5,4530.2,4538.6,2052
1787164500,4539.3,4542.8,4536.6,4542.5,1065
1787164800,4542.5,4550.2,4541.8,4548.7,2290
1787165100,4548.4,4550.3,4547.5,4549.6,697
1787165400,4549.6,4556,4549.1,4552.7,1124
1787165700,4552.5,4554.2,4552.4,4552.8,539
1787166000,4553.3,4556.7,4552.2,4554.3,1096
1787166300,4554.9,4564.2,4553.2,4563.6,2582
1787166600,4563.5,4563.9,4560.2,4561.6,1062
1787166900,4561.6,4564.7,4561.3,4562.8,1043
1787167200,4562.4,4563.5,4560.6,4563.3,638
1787167500,4563.4,4566,4561.4,4565.1,1334
1787167800,4565.2,4568.8,4564,4567.5,1174
1787168100,4567.5,4568,4561.3,4563.6,1388
1787168400,4564,4565.6,4559.7,4564.5,1162
1787168700,4564.6,4569,4562.5,4568.2,890
1787169000,4568.3,4569.4,4565.4,4568.6,970
1787169300,4568.2,4569.7,4565.6,4568.4,1013
1787169600,4568.4,4568.9,4566,4566.7,539
1787169900,4566.5,4568,4565.1,4567.6,446
1787170200,4568,4569.9,4562.8,4564.4,679
1787170500,4564.6,4569.3,4564.1,4568.2,519
1787170800,4568.3,4577.2,4568,4576.3,1209
1787171100,4576.4,4580.4,4575.7,4577,1547
1787171400,4576.9,4582.2,4576.5,4579.7,951
1787171700,4579.9,4579.9,4577.1,4578,453
1787172000,4578.3,4579.4,4577.2,4577.7,391
1787172300,4577.9,4580.7,4577.9,4579.1,630
1787172600,4579.3,4582.5,4579.2,4582.4,817
1787172900,4582.5,4583.1,4580.5,4581,777
1787176800,4580.7,4584,4576.5,4578.3,1812
1787177100,4578.7,4581.1,4578,4578.4,489
1787177400,4578.2,4579.3,4576.4,4577.5,734
1787177700,4577.4,4578.2,4576.4,4577.2,593
1787178000,4577.2,4578.6,4576,4578.6,559
1787178300,4578.6,4578.8,4576.5,4577.9,318
1787178600,4577.8,4579.2,4575,4576.1,842
1787178900,4576.4,4577.2,4574.4,4575,531
1787179200,4575.1,4576.7,4574.9,4575.8,376
1787179500,4575.7,4578.6,4575,4577,630
1787179800,4576.9,4579.2,4576.2,4577,389
1787180100,4577.1,4577.4,4573.4,4576,732
1787180400,4576.3,4581.5,4574.6,4578.9,1427
1787180700,4578.8,4581.3,4578.5,4579,620
1787181000,4579.1,4579.1,4576.4,4576.4,366
1787181300,4576.6,4577.6,4575.3,4577.2,416
1787181600,4577.2,4577.4,4572.4,4576.3,838
1787181900,4576.1,4576.4,4572.9,4575,499
1787182200,4575,4575.5,4571.1,4571.4,591
1787182500,4571.4,4573.6,4570.8,4571.2,847
1787182800,4571.3,4572.8,4570.7,4571.9,421
1787183100,4571.7,4574.7,4571,4571.9,864
1787183400,4571.9,4572.5,4569.2,4570.1,926
1787183700,4570.1,4570.5,4568.5,4569.3,972
1787184000,4569.1,4576.4,4567.6,4572.3,1754
1787184300,4571.9,4575.7,4571.3,4572.3,724
1787184600,4572.5,4573.9,4569.8,4573.9,786
1787184900,4574,4578.8,4571.8,4575.4,1217
1787185200,4575.3,4575.6,4567.3,4569.1,1593
1787185500,4569.2,4570,4565.8,4567.7,1116
1787185800,4567.5,4570.6,4566.6,4568.7,848
1787186100,4569.1,4569.1,4566.2,4566.5,574
1787186400,4566.7,4566.9,4560.8,4563.6,2059
1787186700,4563.4,4565.6,4561.9,4565,839
1787187000,4565,4567.8,4562.1,4563.7,1100
1787187300,4563.9,4568.2,4561.3,4562.1,1185
1787187600,4562.2,4567.8,4550.2,4551.2,4604
1787187900,4550.9,4557.6,4549.5,4556.4,2517
1787188200,4556.2,4556.4,4550.1,4550.9,1666
1787188500,4551.2,4557.3,4550.9,4556.5,1437
1787188800,4556.7,4561,4556.4,4559.8,1659
1787189100,4559.3,4560.7,4555.2,4558.3,1194
1787189400,4558,4558.9,4553.2,4556,1468
1787189700,4556.3,4557.1,4551.1,4552.7,886
1787190000,4553,4556.8,4550.9,4551.4,1071
1787190300,4551.5,4553.4,4546.6,4547.3,1551
1787190600,4547.7,4548.7,4542.1,4543,1854
1787190900,4543,4548.7,4542.7,4547.6,1538
1787191200,4547.5,4556.5,4546.3,4555.5,2386
1787191500,4555.6,4556.8,4551.8,4553.1,1796
1787191800,4553.4,4557.7,4553.1,4555.3,1160
1787192100,4555.3,4555.5,4547,4549.1,1118
1787192400,4549,4552.1,4547.2,4551.5,987
1787192700,4551.7,4552.7,4548.7,4550.4,582
1787193000,4550.4,4552.3,4548.4,4549.5,796
1787193300,4549.5,4551.7,4547.9,4549.7,722
1787193600,4550.2,4551.7,4547.7,4548.1,470
1787193900,4547.9,4549.5,4546.6,4546.7,502
1787194200,4546.8,4552.1,4546.2,4550.8,678
1787194500,4550.8,4551.1,4547.8,4548,452
1787194800,4548.2,4554,4548,4553.2,746
1787195100,4553.5,4554.6,4548.8,4549.4,718
1787195400,4549.5,4550.2,4545.3,4550,930
1787195700,4550.3,4551.2,4547.8,4550.2,489
1787196000,4550.5,4553.5,4548.6,4552.7,717
1787196300,4552.7,4554.3,4550.8,4551.3,488
1787196600,4550.9,4555.9,4549.9,4555.5,732
1787196900,4555.3,4555.7,4552.4,4555.3,556
1787197200,4555.2,4556.6,4553.7,4555.6,448
1787197500,4555.4,4556.4,4554.8,4556.4,306
1787197800,4556.2,4558.2,4554.7,4557.7,640
1787198100,4557.6,4558.8,4555.7,4556.5,800
1787198400,4556.5,4556.7,4552.2,4552.9,844
1787198700,4552.9,4555,4552.8,4554.2,315
1787199000,4553.9,4554.9,4553.4,4553.9,219
1787199300,4553.5,4554.5,4552.2,4553.8,348
1787199600,4554.2,4554.3,4551.2,4552.4,435
1787199900,4552.3,4552.5,4547.2,4547.5,610
1787200200,4547.3,4548.3,4544.1,4545.7,1071
1787200500,4545.5,4546,4543.6,4544.5,632
1787200800,4544.5,4546.3,4544.1,4544.4,486
1787201100,4544.3,4548,4544.3,4547.7,605
1787201400,4547.7,4549.1,4546.8,4547.4,520
1787201700,4547.2,4549,4545.4,4546.1,400
1787202000,4545.9,4549.3,4545.7,4549.2,454
1787202300,4549,4551.4,4548.3,4548.3,688
1787202600,4548.4,4549,4541.4,4543.2,1290
1787202900,4543.2,4544.5,4541.8,4542.3,710
1787203200,4542,4544.5,4541.4,4543.9,631
1787203500,4543.7,4543.7,4540,4540.5,656
1787203800,4540.3,4543.4,4536.5,4537.7,1554
1787204100,4537.7,4539.1,4535.1,4537.5,981
1787204400,4537.8,4539.5,4536.3,4537.9,584
1787204700,4538.1,4539,4536.3,4538.5,425
1787205000,4538.6,4539.1,4535.5,4535.6,561
1787205300,4535.8,4540.4,4535,4538.4,780
1787205600,4538.6,4546.2,4537,4545.9,1390
1787205900,4545.7,4548.7,4545.2,4547.6,1128
1787206200,4547.6,4550.7,4547.2,4550.1,979
1787206500,4550.1,4553.6,4549.2,4551.1,1403
1787206800,4550.8,4551.9,4549.6,4550.2,567
1787207100,4551,4553.1,4550.4,4551.4,524
1787207400,4551.3,4552.7,4549.4,4552.7,524
1787207700,4552.5,4553.1,4550.8,4551.3,457
1787208000,4551.2,4552.1,4549.4,4550.1,545
1787208300,4550,4553.2,4550,4550.7,738
1787208600,4550.7,4550.8,4548.6,4549.2,595
1787208900,4549.3,4551.5,4548.3,4550.8,515
1787209200,4550.6,4551.1,4544.7,4545.7,1303
1787209500,4545.5,4547.5,4544.6,4545.9,522
1787209800,4546.2,4547,4543.8,4544.4,478
1787210100,4544.4,4547.2,4543.5,4544,543
1787210400,4543.9,4544.9,4542.4,4542.4,451
1787210700,4542.2,4543,4540.3,4540.6,656
1787211000,4540.8,4546.5,4540,4546.3,740
1787211300,4546.3,4548.2,4545.5,4546.2,747
1787211600,4546.4,4550.2,4545.9,4547.8,905
1787211900,4547.4,4552.4,4546.3,4546.3,1069
1787212200,4546.2,4548,4545.3,4548,400
1787212500,4548.2,4549.4,4546,4547.8,395
1787212800,4547.8,4552.3,4547.5,4549.4,986
1787213100,4549.5,4551.4,4548.1,4551.1,389
1787213400,4550.8,4552.3,4548.5,4551.4,473
1787213700,4551.3,4556,4550.9,4553.5,1340
1787214000,4553.6,4555.2,4552.1,4552.6,602
1787214300,4552.5,4553.3,4546.8,4548.3,903
1787214600,4548.1,4550.1,4543.9,4550.1,1206
1787214900,4549.9,4552.4,4547,4548.8,713
1787215200,4548.7,4549.9,4547.1,4547.4,416
1787215500,4547.3,4548.3,4544.7,4544.8,644
1787215800,4544.9,4548.8,4544.4,4548.5,423
1787216100,4548.4,4548.9,4544.3,4546.1,406
1787216400,4546.4,4547.9,4545.3,4547.7,403
1787216700,4547.5,4550,4545.4,4548.4,491
1787217000,4548.6,4551,4547.9,4549,381
1787217300,4549,4550.4,4545.7,4545.7,483
1787217600,4546.1,4549.5,4544.8,4546.6,524
1787217900,4546.7,4547.2,4544.7,4547.1,225
1787218200,4546.4,4547.5,4543.5,4544.4,658
1787218500,4544.1,4545.1,4541,4542.8,694
1787218800,4542.8,4547.1,4542.4,4545.7,637
1787219100,4545.5,4545.6,4541.7,4542.1,426
1787219400,4542,4543,4538.4,4540.6,1052
1787219700,4540.6,4541.2,4538.4,4539.1,652
1787220000,4539.1,4542.8,4536.8,4541.8,773
1787220300,4541.8,4546.4,4541.8,4546.4,606
1787220600,4546,4547.9,4544.6,4547.1,550
1787220900,4547.2,4548.3,4546.4,4547,423
1787221200,4547.1,4547.3,4542.7,4545.3,554
1787221500,4545.4,4550.6,4544.8,4550.3,661
1787221800,4550.4,4552.6,4548.9,4549.7,674
1787222100,4549.5,4551.3,4546.6,4546.8,570
1787222400,4546.7,4547.7,4546.4,4547.5,230
1787222700,4547.6,4547.8,4545.1,4546.9,259
1787223000,4546.8,4547.3,4543.9,4544.3,329
1787223300,4544.3,4547.2,4544,4546.7,292
1787223600,4546.6,4548.1,4544.2,4544.8,724
1787223900,4544.8,4544.8,4542,4543.8,824
1787224200,4543.8,4544,4539.2,4541.7,552
1787224500,4541.6,4542.5,4537.6,4538.7,653
1787224800,4538.6,4544.3,4538,4544.3,832
1787225100,4544,4546.6,4540.7,4540.7,659
1787225400,4541,4542.4,4538.9,4541.1,536
1787225700,4541.2,4543.3,4536,4537.8,1218
1787226000,4538,4538.7,4530.2,4530.9,1977
1787226300,4531,4532,4522,4527.5,3267
1787226600,4527.4,4529.5,4522.1,4523.4,1594
1787226900,4523.4,4527.4,4521.4,4522.8,1513
1787227200,4523.2,4523.5,4512.6,4513.5,3728
1787227500,4513.5,4514.6,4506.1,4512.4,3728
1787227800,4512.4,4521.8,4512.1,4517.9,2716
1787228100,4517.9,4522.8,4517.5,4522.4,1822
1787228400,4522.2,4523.4,4517.1,4519.3,1675
1787228700,4519.2,4519.2,4512.2,4514.6,1750
1787229000,4514.6,4516.5,4506.2,4508.6,2519
1787229300,4508.4,4518.3,4506.7,4518,2632
1787229600,4517.9,4522.1,4514.8,4521.7,2241
1787229900,4521.7,4526.6,4519.1,4526.4,2086
1787230200,4526.2,4530.5,4524.9,4527,1680
1787230500,4527.2,4532.1,4526.6,4529.6,1544
1787230800,4529.8,4539.6,4528.6,4533.5,3767
1787231100,4533.8,4535.5,4527.8,4528.5,1641
1787231400,4528.8,4530.9,4526.7,4528,1529
1787231700,4528.1,4531.9,4525.6,4529.5,1755
1787232000,4529.9,4531.8,4526.5,4529.4,959
1787232300,4528.9,4529.5,4524.9,4526.6,1218
1787232600,4526.9,4532.7,4523.5,4530.6,2726
1787232900,4530.2,4542.9,4529.4,4538.8,4633
1787233200,4538.5,4543.2,4532.7,4541.6,2844
1787233500,4541.8,4544.3,4534.8,4537.1,2602
1787233800,4537.1,4541.7,4535.8,4540.8,1545
1787234100,4540.8,4542,4534.3,4537.1,1278
1787234400,4536.9,4546.8,4536.8,4538.2,3581
1787234700,4538.6,4542,4535.8,4540.7,1663
1787235000,4540.7,4545,4538.4,4541.1,1981
1787235300,4540.6,4545.4,4537.5,4537.7,1997
1787235600,4537.8,4549.9,4537.3,4546.8,2697
1787235900,4546.5,4549,4542.6,4547.7,1837
1787236200,4547.6,4553.2,4547.6,4550.1,2688
1787236500,4549.9,4556.8,4548.6,4551.4,2680
1787236800,4551.8,4557,4549.1,4554.8,1833
1787237100,4554.9,4564.4,4554.4,4563.4,3171
1787237400,4563.6,4566.3,4560,4565.7,2403
1787237700,4565.5,4572,4565,4571.6,2902
1787238000,4571.8,4592.7,4570.3,4591.6,9804
1787238300,4591.6,4592.8,4578.8,4581.2,4991
1787238600,4581.1,4593.8,4577.8,4591.4,4318
1787238900,4591,4597.1,4586.3,4596,3656
1787239200,4596,4597.3,4579.3,4583,4178
1787239500,4583.1,4590.2,4581.6,4588.7,2224
1787239800,4588.5,4590,4578.3,4580.2,2593
1787240100,4580.2,4583,4573.2,4574.8,3001
1787240400,4574.7,4576.2,4564.5,4567.4,3631
1787240700,4567.6,4577.4,4566.9,4576,2304
1787241000,4575.7,4577.7,4571.3,4574.8,1669
1787241300,4575,4580,4573,4577.4,1645
1787241600,4577.7,4580.7,4575.1,4575.6,1453
1787241900,4575.5,4578,4574.6,4575.7,857
1787242200,4576.2,4576.3,4566.4,4567.3,1906
1787242500,4566.9,4569.5,4564.3,4568.3,1699
1787242800,4568.3,4569.3,4565.1,4568.1,1016
1787243100,4567.9,4567.9,4561.5,4565.9,1649
1787243400,4565.9,4566.6,4559.1,4565.7,1726
1787243700,4565.5,4569.3,4563.5,4563.6,1449
1787244000,4563.6,4567,4563.4,4565.7,634
1787244300,4565.7,4569.1,4564,4568.4,940
1787244600,4568.7,4570.6,4565.2,4566,1092
1787244900,4566,4567.9,4564.3,4566.5,792
1787245200,4566.6,4570.6,4566.4,4567.9,950
1787245500,4567.8,4568.3,4564.1,4566.3,642
1787245800,4566.7,4567,4564.2,4565.9,503
1787246100,4565.5,4567.8,4564.4,4565.4,580
1787246400,4565.5,4571,4564.8,4567.7,1152
1787246700,4567.6,4573.4,4565.8,4569.6,1530
1787247000,4569.6,4575.4,4567.3,4574.8,1357
1787247300,4574.9,4575.3,4572.6,4573.6,512
1787247600,4573.5,4574.9,4572.8,4574.7,397
1787247900,4574.7,4576.9,4573.7,4575.6,652
1787248200,4575.9,4576.7,4573.6,4575.1,489
1787248500,4575.1,4577,4574.4,4576,445
1787248800,4576.1,4578.7,4574.7,4577.8,742
1787249100,4578.3,4579,4571.1,4573,1214
1787249400,4573.1,4573.1,4565.5,4566.9,1610
1787249700,4567.3,4572.7,4564.2,4572.1,1121
1787250000,4572.3,4574.5,4571.1,4572.5,525
1787250300,4572.6,4576.7,4572.6,4575.5,572
1787250600,4575.3,4577.9,4574.8,4575.7,568
1787250900,4575.7,4579.8,4575,4577.4,831
1787251200,4577.3,4578.2,4576.1,4576.6,419
1787251500,4576.5,4577.8,4574.2,4577.8,673
1787251800,4577.6,4581.9,4577.3,4581.2,1213
1787252100,4581.2,4581.4,4577.6,4578.6,667
1787252400,4578.4,4579.1,4574.6,4578.2,666
1787252700,4578.3,4583,4577.8,4582.9,664
1787253000,4582.8,4584.7,4580.8,4584.2,597
1787253300,4584.3,4586,4582,4582.3,849
1787253600,4582.6,4584.7,4580.2,4583.5,865
1787253900,4583.5,4584.1,4578.8,4579.3,620
1787254200,4579.1,4580.8,4578.1,4580.1,594
1787254500,4579.7,4585.8,4579.3,4585.1,667
1787254800,4584.8,4585,4582.3,4582.4,541
1787255100,4582.4,4586,4580.9,4584.7,795
1787255400,4584.4,4588,4584,4586.9,934
1787255700,4587,4587.3,4582.7,4584.9,873
1787256000,4584.6,4585.3,4582,4583.2,582
1787256300,4583.2,4584,4578.6,4578.8,709
1787256600,4579.1,4581.2,4578.5,4579,349
1787256900,4578.5,4579,4576.8,4578.3,379
1787257200,4578.3,4578.6,4576.9,4577.7,280
1787257500,4577.7,4578.2,4576.6,4576.9,349
1787257800,4577.2,4577.5,4573.1,4574.2,692
1787258100,4574.2,4574.9,4573.4,4573.9,317
1787258400,4574,4575.1,4573.8,4574.3,221
1787258700,4574.4,4575.2,4574.1,4574.7,339
1787259000,4574.5,4577.2,4574,4575.7,340
1787259300,4575.8,4576.3,4574.7,4575.3,253
1787263200,4574.5,4577.7,4569.7,4576.1,622
1787263500,4576.2,4577.2,4574.2,4574.2,326
1787263800,4574.2,4575.6,4572.8,4574.4,286
1787264100,4574.7,4576.2,4574.6,4575.9,160
1787264400,4575.8,4576.2,4573.9,4574.5,189
1787264700,4574.8,4577,4574.7,4575.6,287
1787265000,4575.3,4576.3,4574.3,4576.1,261
1787265300,4576.1,4578.7,4575.8,4577.5,371
1787265600,4577.8,4579.8,4577.4,4578.9,400
1787265900,4578.7,4580,4575.3,4578.2,653
1787266200,4578.2,4580.2,4577.7,4579.8,281
1787266500,4579.7,4580.5,4579.2,4579.9,246
1787266800,4579.9,4586,4579,4585,977
1787267100,4585.1,4586.5,4580.7,4583.2,900
1787267400,4583.1,4588.7,4583.1,4587.7,958
1787267700,4587.8,4588.5,4585.4,4587.6,534
1787268000,4587.5,4587.6,4584,4584.6,551
1787268300,4584.6,4586.8,4578.3,4583.2,1256
1787268600,4583,4585.1,4577.8,4579.5,804
1787268900,4579.5,4580.7,4577.1,4579.6,627
1787269200,4579.7,4581.4,4579.5,4581,314
1787269500,4581,4583.7,4579.1,4583.4,558
1787269800,4583.5,4584.4,4582.1,4583.8,405
1787270100,4583.9,4584.2,4582,4582.4,403
1787270400,4582.3,4583.9,4578.4,4579,791
1787270700,4579.3,4579.4,4576,4576.3,973
1787271000,4576.6,4579.6,4573.4,4575.3,1071
1787271300,4575.1,4576,4571.2,4574.4,1144
1787271600,4574.2,4575.8,4572.9,4574.1,534
1787271900,4574.5,4577.4,4570.4,4571.4,856
1787272200,4571.4,4573.8,4569.8,4571,895
1787272500,4571.4,4572.5,4567.8,4569.5,946
1787272800,4569.9,4571.5,4567.5,4570.7,700
1787273100,4570.4,4570.9,4566.5,4568.7,702
1787273400,4568.3,4569.6,4566.7,4568,410
1787273700,4567.9,4568.3,4566,4567,659
1787274000,4567,4574.2,4565.2,4569.6,2297
1787274300,4569.8,4573,4568.7,4570.5,1089
1787274600,4570.4,4578,4568.7,4577.3,1538
1787274900,4577.3,4584.1,4577.1,4580.9,1847
1787275200,4581,4586.9,4578.8,4583.3,1706
1787275500,4583.2,4587.7,4581.9,4586.3,1327
1787275800,4586.1,4596.2,4585.1,4594.2,3104
1787276100,4594.2,4600.4,4582.4,4585.4,4129
1787276400,4585,4585.5,4579.9,4582.3,1816
1787276700,4582.5,4589.8,4582,4587.6,1481
1787277000,4587.8,4588.7,4581.6,4582,1173
1787277300,4582.2,4587.3,4582,4587,797
1787277600,4586.8,4587.5,4577.2,4578.6,1949
1787277900,4578.8,4581.4,4576.8,4578.8,1586
1787278200,4578.7,4579.5,4573.7,4577.4,1307
1787278500,4577.2,4578.5,4575.9,4578.5,601
1787278800,4578.5,4583.6,4578.1,4583.3,933
1787279100,4583.4,4585.5,4582,4583.5,1114
1787279400,4583.6,4586.9,4581.1,4582.5,1423
1787279700,4582.3,4587.9,4582.3,4587.4,653
1787280000,4587.3,4594.3,4587.1,4594.1,1358
1787280300,4594.1,4595.7,4591,4595.2,1122
1787280600,4595.1,4599.1,4591,4597.1,1334
1787280900,4597.1,4597.5,4588.7,4589.8,1238
1787281200,4589.9,4594.8,4589.1,4589.6,1082
1787281500,4589.7,4592.4,4588.3,4591.1,560
1787281800,4590.9,4592.9,4588.6,4588.9,523
1787282100,4588.7,4591.1,4588.1,4589.1,510
1787282400,4589.4,4591.2,4588.8,4589.7,292
1787282700,4589.8,4591,4585.6,4585.8,672
1787283000,4585.8,4592,4585.3,4591.5,981
1787283300,4591.5,4591.7,4585,4585.3,563
1787283600,4585.1,4585.7,4582.6,4585.2,716
1787283900,4585.1,4589.8,4584.2,4587.5,773
1787284200,4587.4,4589.3,4587.2,4589.1,249
1787284500,4589.1,4591.9,4588.4,4591.4,420
1787284800,4591.8,4595.5,4591.2,4594.8,954
1787285100,4594.8,4595.8,4592,4594.4,666
1787285400,4594.5,4598.3,4593.4,4596.6,759
1787285700,4596.5,4597.8,4593.9,4597.5,584
1787286000,4597.6,4602.8,4597.2,4599.7,1884
1787286300,4599.6,4604.1,4598.9,4603.4,1224
1787286600,4603.1,4604.5,4599.5,4600.5,1452
1787286900,4600.4,4601.2,4597,4598,662
1787287200,4598.3,4599.7,4596.9,4597.9,486
1787287500,4597.8,4598.6,4596.3,4597.3,409
1787287800,4597.2,4598.8,4597.1,4597.7,266
1787288100,4597.7,4598.5,4596.4,4596.5,270
1787288400,4596.6,4597,4593.1,4594.2,815
1787288700,4594.4,4596.2,4591.3,4593.3,832
1787289000,4592.9,4594.1,4590.9,4593.7,532
1787289300,4593.5,4595.2,4587,4590,1263
1787289600,4590.3,4590.9,4588.9,4590.3,449
1787289900,4590.4,4590.8,4586.4,4587,1091
1787290200,4586.3,4594.4,4585.2,4594.2,1335
1787290500,4594.4,4597,4591.3,4592.4,866
1787290800,4592.4,4600,4592,4599.4,757
1787291100,4599.5,4602.7,4597.7,4602.5,1063
1787291400,4602.3,4605.5,4599.2,4604.1,1365
1787291700,4604.3,4612.4,4604,4609.9,1853
1787292000,4609.9,4611.5,4603.8,4605.5,1621
1787292300,4605.5,4608,4603.2,4604.8,920
1787292600,4604.8,4607,4601.7,4605.2,919
1787292900,4605.4,4613,4605.4,4612.2,1655
1787293200,4612.4,4613.4,4606.4,4606.9,1077
1787293500,4606.7,4615.5,4606.5,4612.1,1859
1787293800,4612.1,4620.5,4611.3,4618,1948
1787294100,4618.2,4622.8,4618.1,4621.9,1366
1787294400,4621.9,4622,4617.4,4619.4,1420
1787294700,4619.9,4624.8,4619.6,4624.6,1194
1787295000,4624.4,4624.6,4621.3,4621.5,811
1787295300,4621.6,4624.6,4617.8,4617.9,1060
1787295600,4617.8,4623.3,4616.5,4623.1,1189
1787295900,4622.9,4623.2,4615.8,4615.8,795
1787296200,4615.7,4618.7,4615.3,4618.7,704
1787296500,4618.6,4624,4616.9,4623.2,901
1787296800,4623.3,4625,4619.9,4620.4,822
1787297100,4620.6,4621.5,4617.7,4618.5,590
1787297400,4618.5,4621.9,4617.2,4619.3,912
1787297700,4619.2,4622,4617,4621.4,640
1787298000,4621.6,4623.3,4619.5,4621.1,508
1787298300,4621.4,4625,4619.5,4623,839
1787298600,4623.1,4624,4617.8,4618.7,484
1787298900,4618.8,4622.1,4618,4621.2,544
1787299200,4621.4,4623.7,4618,4618.3,1011
1787299500,4618,4619.9,4615.7,4618.3,847
1787299800,4618.4,4625,4618.2,4622.5,1098
1787300100,4622.6,4630.6,4620.8,4629.9,2162
1787300400,4629.6,4636.4,4628.8,4634.4,2230
1787300700,4634.8,4639,4634.4,4636.5,1458
1787301000,4636.6,4638.9,4634.7,4637.8,1126
1787301300,4638.1,4639.8,4633.4,4636.6,1413
1787301600,4636.5,4641.2,4635.9,4639.5,1137
1787301900,4639.5,4640.5,4637.2,4637.9,586
1787302200,4637.8,4640.2,4636.9,4638.4,515
1787302500,4638.3,4641.9,4637.1,4640.8,700
1787302800,4641,4642.9,4638.9,4642.7,881
1787303100,4643,4653.6,4641.5,4652.6,2899
1787303400,4652.6,4658.4,4652.4,4656.9,2238
1787303700,4656.6,4659.4,4650.3,4650.5,2232
1787304000,4650.4,4650.5,4641.9,4644.1,2162
1787304300,4644.2,4645,4638.5,4639.4,1592
1787304600,4639.6,4642,4639.2,4640.1,1276
1787304900,4640.2,4643.5,4637.8,4642.9,966
1787305200,4642.9,4644.3,4638.9,4640.4,853
1787305500,4640.4,4641.1,4638.1,4638.5,633
1787305800,4638.6,4641.4,4637.5,4641.1,657
1787306100,4641.4,4642.7,4638.1,4639.6,611
1787306400,4639.7,4646,4638.8,4642,1151
1787306700,4642.1,4642.4,4638.3,4640.3,905
1787307000,4640.4,4641.1,4634.7,4635.9,1412
1787307300,4635.9,4644.2,4635.3,4641.3,889
1787307600,4641.3,4643.9,4640.2,4643.2,495
1787307900,4643.3,4646.8,4642.6,4645.9,838
1787308200,4645.8,4648.3,4642.7,4647.8,745
1787308500,4647.6,4650.8,4646.6,4650.6,829
1787308800,4650.9,4651.4,4648,4650.3,910
1787309100,4650.5,4650.8,4647.2,4647.8,624
1787309400,4647.8,4650,4645.5,4647.4,944
1787309700,4647.4,4648.2,4645,4645.4,618
1787310000,4645.6,4652.4,4644.1,4651.2,945
1787310300,4651.2,4652.8,4648.1,4649.3,742
1787310600,4649.7,4650.6,4645.5,4647.7,598
1787310900,4647.9,4655,4647.9,4653.1,970
1787311200,4653.5,4659.1,4653.1,4655.4,1754
1787311500,4655.3,4657.4,4652.9,4655.8,854
1787311800,4655.8,4656.1,4650.5,4652,1017
1787312100,4652.4,4662,4652.4,4654.5,2114
1787312400,4654.4,4655.1,4650.7,4654.4,1113
1787312700,4654.2,4657.8,4653.7,4657,741
1787313000,4656.8,4657.6,4653,4655.3,864
1787313300,4655.4,4656.2,4653.2,4654.4,428
1787313600,4654.6,4659.3,4651.3,4652.9,1979
1787313900,4652.9,4657.6,4649.2,4650.8,1428
1787314200,4650.9,4651.2,4646.3,4650.3,1564
1787314500,4650.3,4653.3,4642.9,4645,1724
1787314800,4645,4646.5,4638.1,4642.8,2387
1787315100,4642.9,4643.9,4640.6,4642,721
1787315400,4641.8,4642.1,4633,4634.7,2921
1787315700,4635.1,4635.6,4620.9,4621.5,4355
1787316000,4621.8,4632.8,4620.2,4630.4,3123
1787316300,4630.4,4636.6,4630.1,4636.3,1822
1787316600,4636.3,4638,4633.6,4636.8,1644
1787316900,4636.9,4637.9,4631.6,4634.8,1458
1787317200,4634.8,4641.5,4632.5,4637.8,2548
1787317500,4638.1,4640.8,4636.1,4637.7,1023
1787317800,4637.8,4644.5,4637,4642,1677
1787318100,4642.2,4644.8,4636.3,4637.6,1387
1787318400,4637.3,4643.7,4635.9,4640,1080
1787318700,4639.7,4642.3,4638.1,4641,826
1787319000,4641,4643.8,4630.6,4630.6,2876
1787319300,4630.6,4648.1,4630.2,4644.4,4087
1787319600,4644,4647.6,4641.3,4644.2,1827
1787319900,4644.5,4650.3,4638.5,4646.6,2345
1787320200,4646.5,4648.4,4633.4,4638.1,2988
1787320500,4638.2,4643.2,4637.1,4638.1,1837
1787320800,4638,4646.3,4637,4645.9,1940
1787321100,4645.8,4647.9,4640.1,4644.3,1399
1787321400,4644.2,4647,4642,4646.3,776
1787321700,4646.5,4647.5,4642.8,4646.9,1073
1787322000,4646.5,4654.6,4646.3,4653.8,2768
1787322300,4654,4659.6,4654,4659.6,2377
1787322600,4659.7,4660.3,4646.4,4646.5,3160
1787322900,4646.5,4649.4,4637.5,4638.4,3332
1787323200,4637.9,4646.2,4636.2,4639,3035
1787323500,4639,4648.3,4637,4647.9,1871
1787323800,4647.8,4652.8,4645,4646.4,1861
1787324100,4646.1,4649.3,4640.6,4648.4,1800
1787324400,4648.5,4651.2,4644,4650.2,1428
1787324700,4650.3,4655.2,4648.8,4651,1822
1787325000,4651,4654.8,4650.8,4652.2,826
1787325300,4652.2,4656.3,4652.1,4654.8,1050
1787325600,4654.7,4660.1,4652.6,4659.6,1468
1787325900,4659.7,4665.1,4657.2,4660.2,3467
1787326200,4660.3,4663.9,4656.7,4663.5,1804
1787326500,4663.5,4665.8,4662.5,4664.5,1796
1787326800,4664.1,4668.2,4663.1,4666.9,1831
1787327100,4667.1,4668.8,4664.4,4664.9,1371
1787327400,4665.3,4672.7,4664.8,4671.3,2284
1787327700,4671.4,4672.7,4668.3,4671.9,1348
1787328000,4672,4675,4670.4,4674.3,1460
1787328300,4674.2,4674.4,4666.3,4667.6,2142
1787328600,4667.6,4673.4,4667.5,4671.9,1066
1787328900,4671.8,4673.5,4671.1,4671.4,609
1787329200,4671.5,4678.6,4668.7,4670.3,2377
1787329500,4670.1,4672.1,4667.8,4671.6,868
1787329800,4671.6,4673.8,4669.8,4673.2,690
1787330100,4673,4678.5,4671.8,4676.5,1309
1787330400,4676.7,4679.6,4674.6,4678.8,1077
1787330700,4679,4682.2,4678.5,4681.4,1404
1787331000,4681.4,4685,4681.1,4684.8,1497
1787331300,4684.7,4687.1,4683.1,4686.7,1629
1787331600,4686.6,4689,4684.6,4685.5,2068
1787331900,4685.7,4690.2,4684,4688.9,2170
1787332200,4688.7,4689.7,4679.2,4681.2,2718
1787332500,4681.3,4684.3,4679.9,4681.5,1598
1787332800,4681.5,4682.8,4673.4,4676.4,2841
1787333100,4676.2,4683.4,4673.2,4680.3,2452
1787333400,4680.3,4680.6,4677.6,4678.6,874
1787333700,4678.9,4683.1,4678.7,4681.1,893
1787334000,4680.6,4682.8,4676.8,4677.9,1094
1787334300,4678,4678.3,4675,4676.7,979
1787334600,4676.9,4680.9,4676.1,4677.8,870
1787334900,4677.9,4679.7,4677.5,4678.6,403
1787335200,4678.9,4684.5,4678.6,4684.3,832
1787335500,4684.4,4686,4682.3,4684,835
1787335800,4683.9,4684.4,4681.2,4682.2,533
1787336100,4682.1,4685.2,4682.1,4684.7,337
1787336400,4684.9,4686,4683.6,4684.6,444
1787336700,4684.7,4686.2,4682.6,4683.5,556
1787337000,4683.3,4683.4,4677.4,4680.4,1168
1787337300,4680.3,4681.1,4677.6,4677.8,516
1787337600,4677.7,4679.4,4677.7,4678.5,288
1787337900,4678.8,4683.9,4678.7,4682.7,805
1787338200,4682.4,4682.7,4680.5,4682.5,310
1787338500,4682.1,4682.1,4680.6,4681.8,302
1787338800,4682.1,4683.1,4678.8,4679.4,1013
1787339100,4679.6,4679.8,4675.8,4678.5,760
1787339400,4678.7,4680.9,4677.6,4680.1,249
1787339700,4680.1,4680.1,4677.5,4679.4,381
1787340000,4679.8,4680.5,4679.2,4679.5,235
1787340300,4679.5,4680.3,4675.1,4675.4,528
1787340600,4675.5,4677.1,4673.6,4674.4,557
1787340900,4674.3,4675.5,4672.6,4675,695
1787341200,4675.3,4676.8,4675,4675.3,530
1787341500,4675.5,4680.2,4674.6,4680.1,773
1787341800,4679.6,4680.9,4678.2,4679.8,657
1787342100,4679.6,4679.7,4673,4674.7,1037
1787342400,4674.5,4675.1,4672.4,4674.8,744
1787342700,4674.9,4675.7,4673.1,4673.9,393
1787343000,4674.2,4675.3,4673.2,4674.2,356
1787343300,4674.6,4675.1,4668.9,4670.5,754
1787343600,4670.4,4671.3,4667.6,4668.8,565
1787343900,4668.6,4669.6,4667.7,4668.3,351
1787344200,4668.2,4669.6,4667,4668.4,312
1787344500,4668.2,4669.6,4665.3,4666.3,494
1787344800,4666,4667.8,4665.5,4665.9,351
1787345100,4665.8,4666.5,4660.8,4664.1,983
1787345400,4664,4665.7,4661.5,4662.8,893
1787345700,4663.1,4663.3,4660.8,4662.2,784
1787522400,4672.5,4683.7,4666,4668.9,2633
1787522700,4669,4676,4667.1,4675.6,1421
1787523000,4675.3,4679.2,4673.6,4675.4,1289
1787523300,4675.2,4676,4670.4,4676,942
1787523600,4675.8,4678.6,4672.8,4674.9,777
1787523900,4674.7,4674.9,4670,4671.5,641
1787524200,4671.3,4674.8,4670.9,4671.9,705
1787524500,4672,4673.9,4668.6,4668.7,646
1787524800,4668.8,4669.5,4664.1,4667.7,1235
1787525100,4667.9,4668,4664.3,4665.7,612
1787525400,4665.7,4666.2,4663.6,4665,446
1787525700,4664.8,4665.1,4662.7,4663.1,415
1787526000,4663.3,4666.4,4662,4664.4,971
1787526300,4664.5,4665.1,4661.3,4664.9,522
1787526600,4665,4666.8,4664.5,4664.7,468
1787526900,4664.7,4665.5,4663.6,4664.7,315
1787527200,4664.7,4670.6,4664.7,4669.9,1099
1787527500,4670.1,4673.8,4668.9,4672.2,1064
1787527800,4672.4,4675.9,4671,4675.2,1132
1787528100,4675.4,4676.6,4670.5,4670.7,1098
1787528400,4670.5,4671.8,4664.7,4665.4,1581
1787528700,4665.7,4672.4,4665.4,4672.1,1090
1787529000,4672.3,4679.7,4672.3,4679.7,1556
1787529300,4679.6,4682.1,4679.3,4681.3,949
1787529600,4681.6,4685.6,4677.7,4684.9,2216
1787529900,4684.9,4696.9,4684.9,4692.3,3891
1787530200,4692.3,4698.6,4690.8,4695,2262
1787530500,4694.8,4698.6,4685.9,4687,2313
1787530800,4686.8,4687.7,4669.2,4670,3197
1787531100,4670,4671.2,4651.6,4662.2,5277
1787531400,4662.2,4666.1,4659.7,4660,2208
1787531700,4659.6,4666,4658.2,4658.3,2272
1787532000,4658.4,4664.8,4658.1,4663.9,1049
1787532300,4664.2,4672.5,4660.6,4671,2011
1787532600,4671.2,4674.4,4668.5,4674,1329
1787532900,4674.4,4680.2,4672.8,4678.9,1565
1787533200,4678.9,4692,4675.4,4679,5097
1787533500,4679.5,4686.8,4676.7,4679.5,2323
1787533800,4680.1,4685.4,4678.8,4679,1350
1787534100,4678.8,4682.6,4673.4,4678.4,1927
1787534400,4678.2,4678.8,4667.8,4671.5,2166
1787534700,4671.8,4674.9,4668.6,4671,1519
1787535000,4671.5,4671.5,4664.5,4671.3,1870
1787535300,4671.4,4677.7,4669.1,4670.7,1886
1787535600,4670.5,4675.1,4664.7,4674.7,1344
1787535900,4674.8,4675.9,4671.5,4675.5,805
1787536200,4675.7,4686.8,4675.7,4685.2,2323
1787536500,4685.4,4694.2,4683,4688.7,2542
1787536800,4688.6,4695.4,4684.5,4693.4,2288
1787537100,4693.8,4700,4690.6,4699.4,2064
1787537400,4699.2,4709.3,4698.6,4707.3,3744
1787537700,4707.4,4712.3,4706.1,4711.1,1745
1787538000,4711.3,4712.2,4705.9,4711.2,1486
1787538300,4711.2,4712.3,4706.5,4712.3,1607
1787538600,4712.4,4713.8,4706.5,4708.7,1683
1787538900,4708.8,4710.9,4702,4702.3,1634
1787539200,4702,4703.2,4694.6,4694.7,2247
1787539500,4694.7,4695.1,4684.4,4685.3,2747
1787539800,4685.4,4695.3,4684.6,4694.8,2217
1787540100,4694.8,4701.7,4694.1,4700.3,2016
1787540400,4700.5,4700.7,4694.4,4696.9,1188
1787540700,4696.9,4696.9,4691.6,4694.6,1185
1787541000,4694.5,4696.5,4690.1,4693.8,1100
1787541300,4694.1,4698.1,4693.7,4695,747
1787541600,4695.3,4700.6,4691.8,4698.8,1196
1787541900,4699.3,4705.1,4698.8,4700.6,1206
1787542200,4700.2,4704.9,4700.2,4704.6,860
1787542500,4704.7,4707.1,4703.3,4704.1,771
1787542800,4704.3,4705,4699.5,4699.7,680
1787543100,4699.5,4701.6,4699,4699.3,544
1787543400,4699.3,4701.8,4697.8,4698,506
1787543700,4698.3,4700.3,4696.7,4698.2,596
1787544000,4698,4699.4,4694.1,4696.2,979
1787544300,4695.8,4695.8,4688.9,4690,1294
1787544600,4690.2,4695.3,4689.1,4694.9,756
1787544900,4694.7,4697.4,4690.7,4696.5,844
1787545200,4696.4,4696.5,4693.4,4693.8,459
1787545500,4693.9,4698.1,4693.9,4696.7,539
1787545800,4696.6,4697,4689.1,4692.1,687
1787546100,4691.7,4693.8,4691,4693,409
1787546400,4693.2,4694.8,4691.2,4694.4,284
1787546700,4694.4,4695.3,4692,4692.6,350
1787547000,4692.6,4696.5,4692,4695.8,363
1787547300,4695.9,4696.3,4693.1,4695.1,277
1787547600,4695.1,4697.9,4694.7,4695.8,593
1787547900,4695.7,4699,4695.5,4696,573
1787548200,4696.2,4699.6,4695,4699.5,465
1787548500,4699.5,4702.8,4697.4,4699,845
1787548800,4699.1,4699.2,4693.8,4694.6,924
1787549100,4694.5,4698.3,4691.8,4691.9,682
1787549400,4691.7,4695.9,4685.5,4688.7,2184
1787549700,4689,4695.2,4686.3,4689.2,1267
1787550000,4689.2,4692,4687.4,4689.5,684
1787550300,4689.5,4694.9,4686.3,4694.7,1003
1787550600,4694.9,4699.7,4692.6,4694.9,1111
1787550900,4695,4697.7,4693.8,4697.3,546
1787551200,4697.4,4702.4,4695.6,4701.2,1189
1787551500,4701.1,4708.2,4699.4,4705.2,1777
1787551800,4705.3,4708.9,4703.2,4708.2,993
1787552100,4708.3,4716.7,4708.3,4712.8,2538
1787552400,4713.1,4715.2,4702.9,4706.6,1940
1787552700,4706.1,4706.5,4697,4699,1391
1787553000,4699.1,4708.9,4698.5,4706.9,1507
1787553300,4707.2,4710.1,4706.6,4707.5,957
1787553600,4707.7,4708.3,4698.3,4699.4,1157
1787553900,4699.4,4706.5,4699,4706.2,871
1787554200,4706.2,4710.4,4702,4707.4,1262
1787554500,4707.4,4707.7,4705,4706.4,674
1787554800,4706.5,4711.2,4703.8,4705,1058
1787555100,4704.7,4706.5,4700.5,4702.7,837
1787555400,4703,4705.7,4700.7,4704,705
1787555700,4704.2,4706.4,4698.4,4702,1035
1787556000,4702.1,4704.4,4698,4699.2,596
1787556300,4699.4,4703.3,4698,4699.1,526
1787556600,4698.5,4702.8,4697.2,4702.3,678
1787556900,4702.5,4703.9,4699,4700.3,574
1787557200,4700.5,4700.9,4690,4690.7,1536
1787557500,4690.7,4691.6,4686.2,4687.2,2028
1787557800,4687.2,4693,4685.7,4691.6,840
1787558100,4691.7,4700,4691.4,4697.2,1112
1787558400,4697.7,4699.6,4692.3,4696.5,1088
1787558700,4696.8,4702,4692.3,4694,1206
1787559000,4694,4696.2,4691.2,4692.9,729
1787559300,4693,4693.3,4687.1,4691.4,825
1787559600,4691.8,4694.5,4690.3,4691.4,499
1787559900,4691.7,4696.3,4685,4685,1320
1787560200,4685.1,4690.3,4683.8,4690.1,1046
1787560500,4690.1,4693.2,4689.3,4692.9,538
1787560800,4693.1,4701.9,4691.9,4701,1173
1787561100,4701.2,4702.1,4697.9,4699.4,725
1787561400,4699.6,4700.4,4695.8,4697.5,587
1787561700,4697.3,4698.1,4691.4,4693.5,675
1787562000,4693.5,4698.7,4693,4697.9,889
1787562300,4698.2,4700.3,4695.7,4697.7,880
1787562600,4697.8,4699.2,4694.7,4697.1,452
1787562900,4697.2,4697.2,4690.2,4692,791
1787563200,4692.1,4694.7,4691.6,4692.3,424
1787563500,4692.3,4694,4690.8,4691.5,504
1787563800,4691.6,4696.7,4690,4691.2,970
1787564100,4691.2,4693,4688.7,4693,580
1787564400,4693.1,4696,4692.5,4695.3,518
1787564700,4695.3,4701.4,4695.2,4700.4,787
1787565000,4700.3,4701.8,4698,4700.7,419
1787565300,4700.7,4702.7,4699.8,4702.5,467
1787565600,4702.5,4706.7,4702.4,4705.7,913
1787565900,4705.8,4707.2,4702.8,4704,712
1787566200,4704.2,4707.3,4702.5,4704.9,701
1787566500,4705.2,4705.6,4703.1,4703.7,361
1787566800,4703.9,4704.5,4699.8,4701.9,596
1787567100,4701.8,4703.1,4699.2,4700.5,470
1787567400,4700.4,4702.7,4699.9,4702.5,505
1787567700,4702.6,4706.4,4700.1,4705.5,614
1787568000,4705.4,4705.5,4701.1,4701.4,479
1787568300,4701.4,4703.1,4698.5,4703,675
1787568600,4703,4704.3,4701.5,4702.7,466
1787568900,4702.9,4703.8,4699.4,4700.5,502
1787569200,4700.2,4703.9,4696.9,4702.8,839
1787569500,4703.2,4703.6,4697,4697.6,603
1787569800,4697.5,4701.9,4696.1,4699.3,713
1787570100,4699.5,4702.6,4698.5,4702.2,344
1787570400,4702.1,4703.3,4697.8,4698.6,458
1787570700,4698.6,4705.2,4698.1,4703.9,393
1787571000,4704.1,4709.7,4700.7,4709.2,1430
1787571300,4709.5,4728.3,4708,4718.6,6001
1787571600,4718.4,4724.5,4711.6,4716.5,2925
1787571900,4717,4719.5,4705.6,4706.7,1919
1787572200,4706.4,4717.6,4705.9,4717.2,1682
1787572500,4717.1,4717.6,4713,4715.4,875
1787572800,4715.3,4716.2,4707.5,4709.7,1227
1787573100,4709.8,4714.1,4707.4,4712.4,819
1787573400,4712.7,4717.9,4711.3,4715,945
1787573700,4714.7,4714.9,4709.4,4710.8,769
1787574000,4710.7,4717.5,4709.1,4715,1314
1787574300,4714.9,4720.6,4712.5,4719.4,1225
1787574600,4719.4,4719.5,4701.8,4712.2,3123
1787574900,4712.2,4722,4711.8,4720.5,1574
1787575200,4720.6,4726.6,4712.8,4715.4,2802
1787575500,4715.4,4719.9,4711.9,4719.8,1334
1787575800,4719.7,4725,4718.9,4724.9,1510
1787576100,4725,4725.2,4719.2,4720.6,1091
1787576400,4720.9,4729.1,4719.3,4724.8,2388
1787576700,4725.1,4732,4724.9,4731.4,2307
1787577000,4731.3,4735.6,4730.8,4734.8,2426
1787577300,4735.2,4735.9,4729.2,4730,1653
1787577600,4729.9,4730.3,4725.1,4728.1,1862
1787577900,4728.3,4732.3,4725.5,4729.9,1682
1787578200,4729.8,4737.9,4727.3,4737.3,3419
1787578500,4737.3,4738.5,4723.6,4724.4,3960
1787578800,4724.5,4731.7,4715.6,4716,3797
1787579100,4715.8,4735.8,4713.1,4731.1,4463
1787579400,4731.1,4733.6,4715,4723.9,3703
1787579700,4724.1,4726.4,4716.2,4721.7,2446
1787580000,4721.7,4725.5,4716.8,4720.1,2624
1787580300,4720,4727.8,4719.3,4727.6,2143
1787580600,4727.4,4729.3,4718.2,4722.6,2394
1787580900,4722.5,4723.1,4711.3,4722.4,4341
1787581200,4722.4,4727.1,4721.6,4723.3,2194
1787581500,4723.4,4732.3,4723.1,4728.9,1917
1787581800,4729.1,4734.8,4727.8,4733.9,1729
1787582100,4734.1,4736.2,4731.5,4732.9,1576
1787582400,4733.4,4735.2,4726.2,4729.3,1804
1787582700,4729.4,4730.8,4721.7,4723,1512
1787583000,4723.1,4725.8,4714,4725.5,3719
1787583300,4725.5,4733.3,4724.1,4727.6,2459
1787583600,4727.6,4734.3,4722.7,4732.5,2233
1787583900,4733,4733.6,4730.2,4730.5,1182
1787584200,4730.5,4732.4,4728.2,4730.2,1003
1787584500,4730.1,4731.1,4726.6,4730.6,1158
1787584800,4730.4,4730.7,4725,4727.5,891
1787585100,4727.5,4737.1,4726.5,4733.2,2451
1787585400,4733,4735.1,4727.1,4730,1788
1787585700,4729.9,4732,4724.5,4725.5,1253
1787586000,4725.5,4725.6,4716.6,4718,2941
1787586300,4717.5,4720.5,4701.4,4703.7,5660
1787586600,4703.8,4712.5,4703.3,4710.1,2793
1787586900,4710,4710,4696.3,4706,4953
1787587200,4706.5,4719.3,4703.1,4715.8,3941
1787587500,4715.9,4719.2,4711,4711.4,1633
1787587800,4711.8,4715.3,4710.7,4714.6,969
1787588100,4714.6,4717.8,4713.4,4716.2,996
1787588400,4716,4716.7,4713.3,4713.6,499
1787588700,4713.8,4716.6,4713.3,4716.1,561
1787589000,4716,4719.2,4715.9,4717.9,725
1787589300,4718.1,4720,4716.6,4717,678
1787589600,4716.8,4718.9,4715.6,4717.1,512
1787589900,4717.2,4717.5,4712.4,4714.9,1024
1787590200,4714.9,4715.4,4708.5,4709.8,1116
1787590500,4710,4710,4698,4701.8,3084
1787590800,4702.2,4705.1,4698.6,4702.9,1355
1787591100,4703.1,4712.7,4701,4709.6,2198
1787591400,4709.2,4712,4706.6,4708.8,1108
1787591700,4708.9,4711.3,4704.7,4705.4,1083
1787592000,4705.4,4705.4,4686.6,4693,5854
1787592300,4693.4,4701.9,4689.5,4695.2,2480
1787592600,4695.1,4697.9,4692.1,4694.7,1017
1787592900,4694.2,4699.7,4693.4,4697.8,852
1787593200,4698,4699,4695,4695.3,599
1787593500,4695.2,4695.9,4690.3,4690.4,1114
1787593800,4690.5,4695.5,4688.8,4690.8,958
1787594100,4690.5,4694.1,4689.3,4693.2,734
1787594400,4693.1,4697.4,4691.6,4696.8,927
1787594700,4696.7,4697,4681.3,4688.8,2785
1787595000,4688.4,4691.5,4686.5,4688.7,1052
1787595300,4688.7,4691.1,4684.2,4684.9,993
1787595600,4685.1,4693.5,4683.6,4692.9,1016
1787595900,4693,4698.9,4692.8,4697.3,1685
1787596200,4697.1,4698.7,4687.9,4688.6,1190
1787596500,4688.6,4689.6,4681.4,4686.5,1307
1787596800,4686.4,4692,4686.4,4691.1,811
1787597100,4691.4,4691.8,4687.8,4689.5,518
1787597400,4689.5,4691.7,4689.1,4689.6,338
1787597700,4690.1,4693.9,4689.9,4692.8,483
1787598000,4692.6,4697.2,4692.4,4695.3,663
1787598300,4695.5,4697,4692.4,4694.8,514
1787598600,4694.8,4695.2,4692.2,4692.6,382
1787598900,4692.6,4699.3,4692,4699.1,623
1787599200,4698.9,4701.3,4697.7,4698.7,858
1787599500,4698.8,4699.3,4696.1,4697.5,510
1787599800,4697.6,4698.6,4696.1,4697,309
1787600100,4696.9,4702.5,4696.6,4700.6,757
1787600400,4700.6,4706.8,4700.2,4705.8,1141
1787600700,4706,4711.2,4705.4,4710.9,910
1787601000,4711,4712.2,4707.3,4709.1,1116
1787601300,4709.1,4710.3,4706.1,4707.3,939
1787601600,4707.9,4711.2,4706.7,4710.4,763
1787601900,4710.6,4711,4709.6,4710,185
1787602200,4710.2,4711.5,4706.2,4706.7,563
1787602500,4706.6,4710,4706.6,4707.9,341
1787602800,4707.7,4709,4706.5,4706.6,253
1787603100,4706.6,4706.9,4704.7,4705.3,246
1787603400,4705.6,4706.3,4704.6,4704.8,180
1787603700,4704.8,4705.7,4704.1,4705,260
1787604000,4704.6,4705.1,4703.3,4704.1,208
1787604300,4704,4707.6,4703.5,4706.7,496
1787604600,4706.7,4708.3,4705.5,4707.6,144
1787604900,4708.1,4710,4706,4710,366
1787608800,4709.1,4714.1,4708.8,4713.3,852
1787609100,4713.3,4718.3,4712.7,4716,803
1787609400,4716.1,4717,4714.8,4715.5,358
1787609700,4715.8,4716.6,4714.9,4714.9,282
1787610000,4714.8,4715.9,4714.3,4715.4,196
1787610300,4715.3,4715.3,4713.4,4714.6,285
1787610600,4714.7,4716.1,4714,4716,372
1787610900,4716,4718.1,4715.6,4717.3,477
1787611200,4717.2,4718.5,4717.1,4718.5,276
1787611500,4718.2,4719.6,4717.7,4719.2,395
1787611800,4719.5,4722.1,4719.2,4721.5,801
1787612100,4721.5,4725.4,4720.9,4724.5,636
1787612400,4724.5,4726.8,4724.2,4725.3,874
1787612700,4725.1,4726.4,4723.3,4726.3,748
1787613000,4726.3,4729.3,4725.6,4729.2,1119
1787613300,4729.2,4733.9,4729.2,4731.8,1420
1787613600,4731.7,4732.5,4730.3,4731.5,677
1787613900,4731.7,4731.8,4726,4726,1124
1787614200,4726.2,4730.1,4724.1,4729.5,1399
1787614500,4729.5,4734.2,4728.4,4732.1,1026
1787614800,4732.1,4734.2,4732,4733.6,568
1787615100,4733.9,4734.9,4731.8,4734.4,1096
1787615400,4734.4,4740.2,4734.1,4736.6,3033
1787615700,4736.4,4738.4,4734.9,4737.3,832
1787616000,4737.3,4746.4,4733.9,4734.7,4173
1787616300,4734.5,4744.7,4732.6,4738.9,2858
1787616600,4739,4749.2,4736.7,4747.6,2383
1787616900,4747.8,4748.9,4738.2,4738.4,2083
1787617200,4738.9,4740.2,4736,4736.9,1338
1787617500,4736.7,4741.3,4733.8,4739.9,1840
1787617800,4739.8,4750.8,4739.1,4745.3,2995
1787618100,4745.9,4753.2,4745,4752.4,1957
1787618400,4752.4,4755,4749.2,4751.2,1923
1787618700,4751.3,4752.4,4745.5,4749.6,1730
1787619000,4749.7,4751.2,4744.7,4745.3,1275
1787619300,4745.3,4746.9,4740.5,4741,1383
1787619600,4741.1,4743.1,4727.4,4733.9,4981
1787619900,4734.1,4737.6,4728,4735.4,2676
1787620200,4735.7,4737,4731.7,4735.1,1578
1787620500,4734.9,4737.2,4730,4735,1901
1787620800,4734.6,4734.7,4722.7,4723.3,2331
1787621100,4723.6,4729.4,4720.5,4726.1,2586
1787621400,4726.1,4731.3,4723.4,4725,1596
1787621700,4724.8,4731.4,4723.2,4724.9,1502
1787622000,4725,4730,4724,4727.1,1173
1787622300,4726.9,4732.8,4721.5,4731.3,1814
1787622600,4731.2,4731.6,4720,4721.4,1854
1787622900,4721.9,4722.1,4713.1,4714.6,2349
1787623200,4714.5,4718.3,4707,4708.1,2991
1787623500,4707.8,4708.2,4695.6,4701.2,5300
1787623800,4701.2,4702.4,4694,4698,2683
1787624100,4697.9,4706.3,4697.1,4705.6,2217
1787624400,4705.6,4712,4705.6,4710.7,1643
1787624700,4710.6,4713,4708.2,4712.3,1222
1787625000,4712.5,4712.9,4698.9,4702.7,3155
1787625300,4702.7,4703.8,4695.8,4699.8,1507
1787625600,4700,4704,4686.7,4686.7,3318
1787625900,4687.2,4693.8,4686.2,4688.8,3251
1787626200,4689.2,4692.9,4671,4682.8,5299
1787626500,4682.6,4685.9,4676.7,4685.5,2097
1787626800,4685.6,4687.7,4678.2,4679.6,2258
1787627100,4680,4694.1,4678.7,4691,2316
1787627400,4690.8,4693.8,4687.7,4689.6,1413
1787627700,4689.6,4692.8,4687.8,4691.3,1022
1787628000,4691.2,4692.9,4688.1,4690.5,767
1787628300,4690.8,4694.4,4690.5,4693.4,947
1787628600,4693.4,4697.3,4691.6,4695.9,951
1787628900,4695.9,4697.1,4690.2,4691.3,998
1787629200,4691.4,4693.1,4689.5,4690.2,572
1787629500,4690.1,4691.5,4687,4689.3,928
1787629800,4689.2,4691,4687.3,4688.9,460
1787630100,4689,4691.9,4687.8,4689.1,546
1787630400,4689.2,4691.7,4686.1,4690.7,788
1787630700,4690.5,4692.4,4690,4692,389
1787631000,4692,4693.7,4690.9,4693,517
1787631300,4692.7,4693.1,4688.9,4690.1,445
1787631600,4690.1,4691.2,4686.7,4688.5,391
1787631900,4688.7,4688.8,4684.5,4686.8,748
1787632200,4686.7,4688.6,4681.8,4685.7,1014
1787632500,4685.4,4687.4,4682.2,4683,599
1787632800,4683,4683.2,4679.5,4681.6,868
1787633100,4681.7,4682.6,4680,4682.3,575
1787633400,4681.8,4684.6,4679.9,4682.8,653
1787633700,4682.8,4683.3,4680.8,4681.3,435
1787634000,4681.3,4684.8,4679.1,4684.8,1013
1787634300,4684.6,4694.6,4684.6,4691.2,1834
1787634600,4691.2,4694.8,4691.1,4693.7,639
1787634900,4693.5,4700,4693.3,4700,1210
1787635200,4699.7,4702.1,4698.6,4700.2,1040
1787635500,4699.7,4703.9,4698.5,4702.8,986
1787635800,4702.5,4703.5,4695,4698.7,1872
1787636100,4698.1,4702.3,4697.7,4698.5,676
1787636400,4698.7,4699,4693.6,4694.8,1015
1787636700,4694.6,4698.4,4691.4,4695.4,1038
1787637000,4695.2,4699.5,4692.4,4699.3,829
1787637300,4699.6,4701.7,4696.9,4698.8,835
1787637600,4698.6,4702,4697.1,4700,827
1787637900,4700.1,4704.7,4699.7,4703.9,997
1787638200,4704,4706.6,4703.9,4705.8,1140
1787638500,4705.6,4705.7,4702.5,4703.7,595
1787638800,4703.8,4708.3,4701.4,4707.6,1310
1787639100,4707.8,4709.5,4705.8,4706.4,756
1787639400,4706.3,4709.7,4705,4707.8,678
1787639700,4707.5,4708.6,4704.2,4706.1,763
1787640000,4705.9,4709,4703.9,4704,605
1787640300,4704.1,4705.9,4702.8,4704,540
1787640600,4704,4704.7,4696.8,4697.7,1112
1787640900,4697.9,4698.5,4693.2,4694.7,1193
1787641200,4694.6,4697.4,4693.4,4696.1,1094
1787641500,4696.6,4698.4,4692.4,4697.4,908
1787641800,4697.3,4698.3,4694,4696.2,518
1787642100,4695.9,4699.4,4694.1,4697.5,814
1787642400,4697.3,4700.3,4695.8,4697,530
1787642700,4697.1,4697.5,4689.8,4691,982
1787643000,4690.8,4695.3,4690.1,4691.3,869
1787643300,4691.5,4693.3,4690.1,4693.1,639
1787643600,4693.1,4696.7,4691.7,4696.1,555
1787643900,4696.2,4697.2,4690.6,4692.1,571
1787644200,4692.3,4693.5,4687.1,4688,993
1787644500,4687.6,4687.9,4685.8,4686.4,747
1787644800,4686.2,4687.5,4681.5,4682,1446
1787645100,4681.9,4685.3,4676.4,4679.5,1306
1787645400,4679.4,4683.1,4679.2,4683,875
1787645700,4683,4686.6,4682,4684.8,907
1787646000,4684.7,4701.9,4683,4699.8,2425
1787646300,4699.1,4699.8,4688.2,4689.1,1383
1787646600,4689.1,4691.6,4687.8,4690.6,789
1787646900,4690.9,4691,4685.1,4686.2,659
1787647200,4685.9,4688.1,4681.6,4688.1,838
1787647500,4687.8,4689.7,4683.3,4683.9,563
1787647800,4684,4684.4,4680.9,4682.4,602
1787648100,4682.3,4686.4,4682.1,4686,463
1787648400,4685.8,4685.9,4680.3,4682.2,751
1787648700,4682.3,4689.1,4680.3,4688.6,764
1787649000,4688.7,4688.7,4684.8,4686,578
1787649300,4686.5,4689.2,4685.7,4687.2,528
1787649600,4687,4688,4684.9,4685.5,504
1787649900,4685.4,4685.4,4681.2,4681.4,614
1787650200,4681.9,4695.2,4679.6,4692.7,1995
1787650500,4692.4,4692.4,4685,4685.8,891
1787650800,4685.9,4694.7,4685,4692.8,1503
1787651100,4692.7,4696.6,4691.9,4696.1,702
1787651400,4696.2,4698,4693.5,4693.6,819
1787651700,4693.7,4697.1,4691.3,4691.6,847
1787652000,4691.5,4692.7,4688.5,4689.8,704
1787652300,4690.2,4692.3,4688.7,4690.8,450
1787652600,4690.9,4694.1,4688.8,4691,526
1787652900,4690.9,4694.6,4690.2,4692.5,411
1787653200,4692.7,4693.9,4690.8,4690.9,345
1787653500,4691.1,4693,4688.5,4689.2,497
1787653800,4689.2,4692.5,4688.2,4690.8,480
1787654100,4691,4693.8,4689,4693.1,348
1787654400,4693.2,4696.7,4692.7,4693.5,783
1787654700,4693.6,4696.9,4693,4693.8,426
1787655000,4693.7,4698,4692.5,4697,412
1787655300,4696.9,4698.1,4694.9,4694.9,311
1787655600,4695,4696.4,4693.3,4695.8,373
1787655900,4695.8,4698.9,4691.6,4695.8,1036
1787656200,4696.2,4698.5,4694.8,4698.3,600
1787656500,4698.5,4700.6,4696.9,4699.2,738
1787656800,4699.6,4700.3,4696.1,4697.8,519
1787657100,4698.1,4698.5,4694.4,4697,476
1787657400,4697.2,4700.6,4696.2,4698.7,448
1787657700,4699,4700.7,4697.8,4700.5,448
1787658000,4700.4,4701.1,4696,4696.6,544
1787658300,4696.4,4702.2,4696.2,4700.8,590
1787658600,4700.6,4703.7,4697.6,4699.7,1057
1787658900,4699.7,4701.1,4697.4,4698.5,410
1787659200,4698.6,4699,4690.4,4692.6,1519
1787659500,4692.9,4694.6,4691.3,4692.8,691
1787659800,4693,4697.8,4691.9,4695.2,1092
1787660100,4694.9,4695.2,4688.6,4691.2,1291
1787660400,4691.1,4695.1,4687.3,4689.2,1205
1787660700,4689.2,4693.2,4688.3,4692.8,753
1787661000,4693,4693.1,4688.1,4688.2,691
1787661300,4688.2,4690.3,4685.6,4685.7,847
1787661600,4685.9,4696.1,4685.1,4693.5,1400
1787661900,4693.6,4698.3,4692.3,4695.6,976
1787662200,4696,4699.8,4694.9,4696.6,896
1787662500,4696.2,4696.9,4693.7,4696,629
1787662800,4696.1,4696.7,4685,4689.6,2567
1787663100,4689.6,4692,4683.1,4686.4,2077
1787663400,4686.1,4689.3,4678,4678.4,2364
1787663700,4678.3,4683.4,4675.4,4681.1,2179
1787664000,4681,4681.3,4667.8,4669.8,3804
1787664300,4669.9,4673.6,4663.4,4664.8,3494
1787664600,4664.8,4678.7,4664.4,4677,3216
1787664900,4676.9,4677,4664.2,4670.7,3279
1787665200,4670.7,4676.9,4665.9,4667.8,2085
1787665500,4667.5,4670.4,4658.7,4661.8,3760
1787665800,4661.6,4667.4,4660.3,4662.2,2326
1787666100,4662.3,4672.9,4660.3,4672.3,2235
1787666400,4671.4,4676.9,4668.7,4674.1,3359
1787666700,4674.2,4681,4673.4,4678.7,2812
1787667000,4678.8,4682.8,4677.4,4678.5,2122
1787667300,4678.6,4680.9,4674.7,4674.9,1906
1787667600,4674.9,4681.9,4673.9,4681.4,1975
1787667900,4681.4,4684.4,4679.1,4679.8,1718
1787668200,4679.7,4687.6,4666.9,4685.4,4249
1787668500,4685.6,4693.7,4685.1,4692.9,2475
1787668800,4692.8,4694.3,4686.8,4693.1,2324
1787669100,4693,4696.1,4691.2,4692.5,1715
1787669400,4693.1,4694.2,4688.6,4690.9,1371
1787669700,4690.9,4693.4,4688.9,4691.7,1145
1787670000,4691.8,4693.3,4686.2,4687.9,1248
1787670300,4688,4690.2,4686.3,4688.4,1157
1787670600,4688.5,4691.5,4686.9,4689.2,956
1787670900,4689.3,4695.6,4685,4695,1913
1787671200,4694.7,4700.9,4694.7,4696.5,2436
1787671500,4696.6,4697,4695,4695.6,420