Trade number,Type,Date and time,Signal,Price USD,Size (qty),Size (value),Net PnL USD,Return %,Commission USD,Favorable excursion USD,Favorable excursion %,Adverse excursion USD,Adverse excursion %,Cumulative PnL USD,Cumulative PnL %,Duration (bars)
1,Exit long,2019-05-06 10:00,close_long,7737.25,1,15502,-27.5,-0.18,0,1.5,0.01,-27.5,-0.18,-27.5,-0.03,0
1,Entry long,2019-05-06 10:00,buy,7751,1,15502,-27.5,-0.18,0,1.5,0.01,-27.5,-0.18,-27.5,-0.03,0
2,Exit short,2019-05-07 10:15,close_short,7683,1,15375.5,9.5,0.06,0,9.5,0.06,-25.5,-0.17,-18,-0.02,2
2,Entry short,2019-05-07 10:05,sell,7687.75,1,15375.5,9.5,0.06,0,9.5,0.06,-25.5,-0.17,-18,-0.02,2
3,Exit long,2019-05-08 11:00,close_long,7686.75,1,15347,26.5,0.17,0,26.5,0.17,0,0.00,8.5,0.01,0
3,Entry long,2019-05-08 11:00,buy,7673.5,1,15347,26.5,0.17,0,26.5,0.17,0,0.00,8.5,0.01,0
4,Exit short,2019-05-09 09:55,close_short,7528,1,15004.5,-51.5,-0.34,0,1,0.01,-51.5,-0.34,-43,-0.04,0
4,Entry short,2019-05-09 09:55,sell,7502.25,1,15004.5,-51.5,-0.34,0,1,0.01,-51.5,-0.34,-43,-0.04,0
5,Exit short,2019-05-10 10:00,close_short,7545.5,1,15101.5,10.5,0.07,0,10.5,0.07,-1.5,-0.01,-32.5,-0.03,0
5,Entry short,2019-05-10 10:00,sell,7550.75,1,15101.5,10.5,0.07,0,10.5,0.07,-1.5,-0.01,-32.5,-0.03,0
6,Exit short,2019-05-13 10:00,close_short,7374.75,1,14768.5,19,0.13,0,19,0.13,-20,-0.14,-13.5,-0.01,1
6,Entry short,2019-05-13 09:55,sell,7384.25,1,14768.5,19,0.13,0,19,0.13,-20,-0.14,-13.5,-0.01,1
7,Exit long,2019-05-14 10:20,close_long,7404.5,1,14799,10,0.07,0,10,0.07,0,0.00,-3.5,0.00,0
7,Entry long,2019-05-14 10:20,buy,7399.5,1,14799,10,0.07,0,10,0.07,0,0.00,-3.5,0.00,0
8,Exit long,2019-05-15 10:05,close_long,7418,1,14830,6,0.04,0,6,0.04,0,0.00,2.5,0.00,0
8,Entry long,2019-05-15 10:05,buy,7415,1,14830,6,0.04,0,6,0.04,0,0.00,2.5,0.00,0
9,Exit long,2019-05-16 09:55,close_long,7581,1,15154.5,7.5,0.05,0,7.5,0.05,-6,-0.04,10,0.01,0
9,Entry long,2019-05-16 09:55,buy,7577.25,1,15154.5,7.5,0.05,0,7.5,0.05,-6,-0.04,10,0.01,0
10,Exit long,2019-05-17 10:30,close_long,7575.75,1,15143.5,8,0.05,0,8,0.05,0,0.00,18,0.02,0
10,Entry long,2019-05-17 10:30,buy,7571.75,1,15143.5,8,0.05,0,8,0.05,0,0.00,18,0.02,0
11,Exit long,2019-05-20 10:35,close_long,7436.75,1,14864,9.5,0.06,0,9.5,0.06,-9.5,-0.06,27.5,0.03,0
11,Entry long,2019-05-20 10:35,buy,7432,1,14864,9.5,0.06,0,9.5,0.06,-9.5,-0.06,27.5,0.03,0
12,Exit short,2019-05-21 10:10,close_short,7431.25,1,14872.5,10,0.07,0,10,0.07,-11,-0.07,37.5,0.04,0
12,Entry short,2019-05-21 10:10,sell,7436.25,1,14872.5,10,0.07,0,10,0.07,-11,-0.07,37.5,0.04,0
13,Exit long,2019-05-21 10:55,close_long,7479.75,1,14949.5,10,0.07,0,10,0.07,-9,-0.06,47.5,0.05,0
13,Entry long,2019-05-21 10:55,buy,7474.75,1,14949.5,10,0.07,0,10,0.07,-9,-0.06,47.5,0.05,0
14,Exit long,2019-05-22 10:15,close_long,7456,1,14900.5,11.5,0.08,0,11.5,0.08,-28,-0.19,59,0.06,4
14,Entry long,2019-05-22 09:55,buy,7450.25,1,14900.5,11.5,0.08,0,11.5,0.08,-28,-0.19,59,0.06,4
15,Exit short,2019-05-23 11:25,close_short,7323.75,1,14615,-32.5,-0.22,0,0,0.00,-32.5,-0.22,26.5,0.03,2
15,Entry short,2019-05-23 11:15,sell,7307.5,1,14615,-32.5,-0.22,0,0,0.00,-32.5,-0.22,26.5,0.03,2
16,Exit short,2019-05-24 10:40,close_short,7335.25,1,14682.5,12,0.08,0,12,0.08,-11.5,-0.08,38.5,0.04,2
16,Entry short,2019-05-24 10:30,sell,7341.25,1,14682.5,12,0.08,0,12,0.08,-11.5,-0.08,38.5,0.04,2
17,Exit short,2019-05-27 10:20,close_short,7315.5,1,14622,-9,-0.06,0,1,0.01,-9,-0.06,29.5,0.03,2
17,Entry short,2019-05-27 10:10,sell,7311,1,14622,-9,-0.06,0,1,0.01,-9,-0.06,29.5,0.03,2
18,Exit short,2019-05-28 10:40,close_short,7331,1,14645,-17,-0.12,0,2,0.01,-17,-0.12,12.5,0.01,0
18,Entry short,2019-05-28 10:40,sell,7322.5,1,14645,-17,-0.12,0,2,0.01,-17,-0.12,12.5,0.01,0
19,Exit long,2019-05-29 10:25,close_long,7258.75,1,14511,6.5,0.04,0,6.5,0.04,-20,-0.14,19,0.02,1
19,Entry long,2019-05-29 10:20,buy,7255.5,1,14511,6.5,0.04,0,6.5,0.04,-20,-0.14,19,0.02,1
20,Exit short,2019-05-29 11:25,close_short,7205.5,1,14419,8,0.06,0,8,0.06,-9,-0.06,27,0.03,0
20,Entry short,2019-05-29 11:25,sell,7209.5,1,14419,8,0.06,0,8,0.06,-9,-0.06,27,0.03,0
21,Exit short,2019-05-30 11:55,close_short,7233.75,1,14472,4.5,0.03,0,4.5,0.03,0,0.00,31.5,0.03,0
21,Entry short,2019-05-30 11:55,sell,7236,1,14472,4.5,0.03,0,4.5,0.03,0,0.00,31.5,0.03,0
22,Exit long,2019-05-31 11:00,close_long,7182.5,1,14351.5,13.5,0.09,0,13.5,0.09,-16.5,-0.11,45,0.05,2
22,Entry long,2019-05-31 10:50,buy,7175.75,1,14351.5,13.5,0.09,0,13.5,0.09,-16.5,-0.11,45,0.05,2
23,Exit short,2019-06-03 10:00,close_short,7046,1,14104,12,0.09,0,12,0.09,-22.5,-0.16,57,0.06,0
23,Entry short,2019-06-03 10:00,sell,7052,1,14104,12,0.09,0,12,0.09,-22.5,-0.16,57,0.06,0
24,Exit long,2019-06-04 10:25,close_long,7082.25,1,14152,12.5,0.09,0,12.5,0.09,-7,-0.05,69.5,0.07,0
24,Entry long,2019-06-04 10:25,buy,7076,1,14152,12.5,0.09,0,12.5,0.09,-7,-0.05,69.5,0.07,0
25,Exit short,2019-06-05 09:55,close_short,7209,1,14389.5,-28.5,-0.20,0,3,0.02,-28.5,-0.20,41,0.04,0
25,Entry short,2019-06-05 09:55,sell,7194.75,1,14389.5,-28.5,-0.20,0,3,0.02,-28.5,-0.20,41,0.04,0
26,Exit short,2019-06-06 10:05,close_short,7225,1,14423.5,-26.5,-0.18,0,2,0.01,-26.5,-0.18,14.5,0.01,1
26,Entry short,2019-06-06 10:00,sell,7211.75,1,14423.5,-26.5,-0.18,0,2,0.01,-26.5,-0.18,14.5,0.01,1
27,Exit long,2019-06-06 11:35,close_long,7246,1,14502,-10,-0.07,0,2.5,0.02,-10,-0.07,4.5,0.00,0
27,Entry long,2019-06-06 11:35,buy,7251,1,14502,-10,-0.07,0,2.5,0.02,-10,-0.07,4.5,0.00,0
28,Exit long,2019-06-07 10:00,close_long,7376.25,1,14745.5,7,0.05,0,7,0.05,-1.5,-0.01,11.5,0.01,0
28,Entry long,2019-06-07 10:00,buy,7372.75,1,14745.5,7,0.05,0,7,0.05,-1.5,-0.01,11.5,0.01,0
29,Exit long,2019-06-10 10:15,close_long,7532,1,15054.5,9.5,0.06,0,9.5,0.06,-9,-0.06,21,0.02,1
29,Entry long,2019-06-10 10:10,buy,7527.25,1,15054.5,9.5,0.06,0,9.5,0.06,-9,-0.06,21,0.02,1
30,Exit short,2019-06-11 10:45,close_short,7543.75,1,15100.5,13,0.09,0,13,0.09,0,0.00,34,0.03,0
30,Entry short,2019-06-11 10:45,sell,7550.25,1,15100.5,13,0.09,0,13,0.09,0,0.00,34,0.03,0
31,Exit short,2019-06-12 10:25,close_short,7474,1,14955,7,0.05,0,7,0.05,-5,-0.03,41,0.04,0
31,Entry short,2019-06-12 10:25,sell,7477.5,1,14955,7,0.05,0,7,0.05,-5,-0.03,41,0.04,0
32,Exit long,2019-06-14 10:50,close_long,7491,1,14972.5,9.5,0.06,0,9.5,0.06,0,0.00,50.5,0.05,0
32,Entry long,2019-06-14 10:50,buy,7486.25,1,14972.5,9.5,0.06,0,9.5,0.06,0,0.00,50.5,0.05,0
33,Exit long,2019-06-17 09:55,close_long,7543,1,15077.5,8.5,0.06,0,8.5,0.06,-7.5,-0.05,59,0.06,0
33,Entry long,2019-06-17 09:55,buy,7538.75,1,15077.5,8.5,0.06,0,8.5,0.06,-7.5,-0.05,59,0.06,0
34,Exit long,2019-06-18 10:40,close_long,7715.75,1,15426,5.5,0.04,0,5.5,0.04,0,0.00,64.5,0.06,0
34,Entry long,2019-06-18 10:40,buy,7713,1,15426,5.5,0.04,0,5.5,0.04,0,0.00,64.5,0.06,0
35,Exit short,2019-06-20 10:20,close_short,7767,1,15545,11,0.07,0,11,0.07,-2,-0.01,75.5,0.08,0
35,Entry short,2019-06-20 10:20,sell,7772.5,1,15545,11,0.07,0,11,0.07,-2,-0.01,75.5,0.08,0
36,Exit long,2019-06-21 10:05,close_long,7763.5,1,15520,7,0.05,0,7,0.05,-5.5,-0.04,82.5,0.08,0
36,Entry long,2019-06-21 10:05,buy,7760,1,15520,7,0.05,0,7,0.05,-5.5,-0.04,82.5,0.08,0
37,Exit short,2019-06-24 10:00,close_short,7758.75,1,15504.5,-13,-0.08,0,4,0.03,-13,-0.08,69.5,0.07,0
37,Entry short,2019-06-24 10:00,sell,7752.25,1,15504.5,-13,-0.08,0,4,0.03,-13,-0.08,69.5,0.07,0
38,Exit short,2019-06-25 10:20,close_short,7709,1,15420.5,2.5,0.02,0,2.5,0.02,-2,-0.01,72,0.07,0
38,Entry short,2019-06-25 10:20,sell,7710.25,1,15420.5,2.5,0.02,0,2.5,0.02,-2,-0.01,72,0.07,0
39,Exit short,2019-06-27 11:30,close_short,7664,1,15336.5,8.5,0.06,0,8.5,0.06,-13.5,-0.09,80.5,0.08,1
39,Entry short,2019-06-27 11:25,sell,7668.25,1,15336.5,8.5,0.06,0,8.5,0.06,-13.5,-0.09,80.5,0.08,1
40,Exit short,2019-06-28 09:55,close_short,7669,1,15341.5,3.5,0.02,0,3.5,0.02,0,0.00,84,0.08,0
40,Entry short,2019-06-28 09:55,sell,7670.75,1,15341.5,3.5,0.02,0,3.5,0.02,0,0.00,84,0.08,0
41,Exit short,2019-07-01 10:25,close_short,7803.75,1,15617.5,10,0.06,0,10,0.06,-4,-0.03,94,0.09,0
41,Entry short,2019-07-01 10:25,sell,7808.75,1,15617.5,10,0.06,0,10,0.06,-4,-0.03,94,0.09,0
42,Exit long,2019-07-02 10:45,close_long,7796,1,15607.5,-15.5,-0.10,0,4,0.03,-15.5,-0.10,78.5,0.08,2
42,Entry long,2019-07-02 10:35,buy,7803.75,1,15607.5,-15.5,-0.10,0,4,0.03,-15.5,-0.10,78.5,0.08,2
43,Exit long,2019-07-03 10:25,close_long,7857.75,1,15710,5.5,0.04,0,5.5,0.04,-9,-0.06,84,0.08,1
43,Entry long,2019-07-03 10:20,buy,7855,1,15710,5.5,0.04,0,5.5,0.04,-9,-0.06,84,0.08,1
44,Exit long,2019-07-04 10:55,close_long,7904.25,1,15806,2.5,0.02,0,2.5,0.02,-1.5,-0.01,86.5,0.09,0
44,Entry long,2019-07-04 10:55,buy,7903,1,15806,2.5,0.02,0,2.5,0.02,-1.5,-0.01,86.5,0.09,0
45,Exit short,2019-07-05 10:30,close_short,7803.5,1,15618,11,0.07,0,11,0.07,-34,-0.22,97.5,0.10,6
45,Entry short,2019-07-05 10:00,sell,7809,1,15618,11,0.07,0,11,0.07,-34,-0.22,97.5,0.10,6
46,Exit long,2019-07-09 10:05,close_long,7809.25,1,15612.5,6,0.04,0,6,0.04,-1,-0.01,103.5,0.10,0
46,Entry long,2019-07-09 10:05,buy,7806.25,1,15612.5,6,0.04,0,6,0.04,-1,-0.01,103.5,0.10,0
47,Exit long,2019-07-10 09:55,close_long,7938.5,1,15892.5,-15.5,-0.10,0,1,0.01,-15.5,-0.10,88,0.09,0
47,Entry long,2019-07-10 09:55,buy,7946.25,1,15892.5,-15.5,-0.10,0,1,0.01,-15.5,-0.10,88,0.09,0
48,Exit short,2019-07-10 11:30,close_short,7897.75,1,15769,-26.5,-0.17,0,4.5,0.03,-26.5,-0.17,61.5,0.06,2
48,Entry short,2019-07-10 11:20,sell,7884.5,1,15769,-26.5,-0.17,0,4.5,0.03,-26.5,-0.17,61.5,0.06,2
49,Exit short,2019-07-11 10:50,close_short,7935,1,15846,-24,-0.15,0,2.5,0.02,-24,-0.15,37.5,0.04,3
49,Entry short,2019-07-11 10:35,sell,7923,1,15846,-24,-0.15,0,2.5,0.02,-24,-0.15,37.5,0.04,3
50,Exit long,2019-07-11 11:25,close_long,7953.25,1,15903.5,3,0.02,0,3,0.02,0,0.00,40.5,0.04,0
50,Entry long,2019-07-11 11:25,buy,7951.75,1,15903.5,3,0.02,0,3,0.02,0,0.00,40.5,0.04,0
51,Exit short,2019-07-12 10:50,close_short,7930.75,1,15844,-17.5,-0.11,0,3.5,0.02,-17.5,-0.11,23,0.02,1
51,Entry short,2019-07-12 10:45,sell,7922,1,15844,-17.5,-0.11,0,3.5,0.02,-17.5,-0.11,23,0.02,1
52,Exit long,2019-07-12 12:00,close_long,7950,1,15898,2,0.01,0,2,0.01,-0.5,0.00,25,0.03,0
52,Entry long,2019-07-12 12:00,buy,7949,1,15898,2,0.01,0,2,0.01,-0.5,0.00,25,0.03,0
53,Exit short,2019-07-16 11:25,close_short,7964,1,15932,4,0.03,0,4,0.03,-8.5,-0.05,29,0.03,1
53,Entry short,2019-07-16 11:20,sell,7966,1,15932,4,0.03,0,4,0.03,-8.5,-0.05,29,0.03,1
54,Exit short,2019-07-17 10:50,close_short,7925,1,15859.5,9.5,0.06,0,9.5,0.06,-6.5,-0.04,38.5,0.04,1
54,Entry short,2019-07-17 10:45,sell,7929.75,1,15859.5,9.5,0.06,0,9.5,0.06,-6.5,-0.04,38.5,0.04,1
55,Exit short,2019-07-18 11:30,close_short,7853.5,1,15713.5,6.5,0.04,0,6.5,0.04,-11.5,-0.07,45,0.05,1
55,Entry short,2019-07-18 11:25,sell,7856.75,1,15713.5,6.5,0.04,0,6.5,0.04,-11.5,-0.07,45,0.05,1
56,Exit short,2019-07-19 09:55,close_short,7942,1,15890,6,0.04,0,6,0.04,0,0.00,51,0.05,0
56,Entry short,2019-07-19 09:55,sell,7945,1,15890,6,0.04,0,6,0.04,0,0.00,51,0.05,0
57,Exit long,2019-07-22 09:55,close_long,7915.5,1,15825.5,5.5,0.03,0,5.5,0.03,-5,-0.03,56.5,0.06,0
57,Entry long,2019-07-22 09:55,buy,7912.75,1,15825.5,5.5,0.03,0,5.5,0.03,-5,-0.03,56.5,0.06,0
58,Exit short,2019-07-23 10:00,close_short,7930,1,15865,5,0.03,0,5,0.03,0,0.00,61.5,0.06,0
58,Entry short,2019-07-23 10:00,sell,7932.5,1,15865,5,0.03,0,5,0.03,0,0.00,61.5,0.06,0
59,Exit long,2019-07-24 10:30,close_long,7979.75,1,15955,4.5,0.03,0,4.5,0.03,0,0.00,66,0.07,0
59,Entry long,2019-07-24 10:30,buy,7977.5,1,15955,4.5,0.03,0,4.5,0.03,0,0.00,66,0.07,0
60,Exit short,2019-07-29 09:55,close_short,7972.5,1,15953,8,0.05,0,8,0.05,-5,-0.03,74,0.07,0
60,Entry short,2019-07-29 09:55,sell,7976.5,1,15953,8,0.05,0,8,0.05,-5,-0.03,74,0.07,0
61,Exit long,2019-07-30 14:00,close_long,7978.5,1,15946,11,0.07,0,11,0.07,-34.5,-0.22,85,0.09,47
61,Entry long,2019-07-30 10:05,buy,7973,1,15946,11,0.07,0,11,0.07,-34.5,-0.22,85,0.09,47
62,Exit long,2019-08-01 10:15,close_long,7952.5,1,15892.5,12.5,0.08,0,12.5,0.08,-19.5,-0.12,97.5,0.10,1
62,Entry long,2019-08-01 10:10,buy,7946.25,1,15892.5,12.5,0.08,0,12.5,0.08,-19.5,-0.12,97.5,0.10,1
63,Exit short,2019-08-02 10:05,close_short,7709,1,15434,16,0.10,0,16,0.10,-14,-0.09,113.5,0.11,0
63,Entry short,2019-08-02 10:05,sell,7717,1,15434,16,0.10,0,16,0.10,-14,-0.09,113.5,0.11,0
64,Exit short,2019-08-05 10:40,close_short,7466,1,14944.5,12.5,0.08,0,12.5,0.08,-10,-0.07,126,0.13,0
64,Entry short,2019-08-05 10:40,sell,7472.25,1,14944.5,12.5,0.08,0,12.5,0.08,-10,-0.07,126,0.13,0
65,Exit short,2019-08-06 10:25,close_short,7486.5,1,14937,-36,-0.24,0,10.5,0.07,-36,-0.24,90,0.09,1
65,Entry short,2019-08-06 10:20,sell,7468.5,1,14937,-36,-0.24,0,10.5,0.07,-36,-0.24,90,0.09,1
66,Exit long,2019-08-07 10:15,close_long,7471.75,1,14935.5,8,0.05,0,8,0.05,-8,-0.05,98,0.10,0
66,Entry long,2019-08-07 10:15,buy,7467.75,1,14935.5,8,0.05,0,8,0.05,-8,-0.05,98,0.10,0
67,Exit long,2019-08-08 10:00,close_long,7624.25,1,15240,8.5,0.06,0,8.5,0.06,-6,-0.04,106.5,0.11,0
67,Entry long,2019-08-08 10:00,buy,7620,1,15240,8.5,0.06,0,8.5,0.06,-6,-0.04,106.5,0.11,0
68,Exit short,2019-08-09 09:55,close_short,7669.25,1,15343.5,5,0.03,0,5,0.03,-10,-0.07,111.5,0.11,0
68,Entry short,2019-08-09 09:55,sell,7671.75,1,15343.5,5,0.03,0,5,0.03,-10,-0.07,111.5,0.11,0
69,Exit long,2019-08-13 10:00,close_long,7742,1,15522,-38,-0.24,0,8.5,0.05,-38,-0.24,73.5,0.07,0
69,Entry long,2019-08-13 10:00,buy,7761,1,15522,-38,-0.24,0,8.5,0.05,-38,-0.24,73.5,0.07,0
70,Exit short,2019-08-14 10:20,close_short,7599,1,15166.5,-31.5,-0.21,0,4.5,0.03,-31.5,-0.21,42,0.04,1
70,Entry short,2019-08-14 10:15,sell,7583.25,1,15166.5,-31.5,-0.21,0,4.5,0.03,-31.5,-0.21,42,0.04,1
71,Exit long,2019-08-16 10:40,close_long,7604.5,1,15190.5,18.5,0.12,0,18.5,0.12,-31.5,-0.21,60.5,0.06,3
71,Entry long,2019-08-16 10:25,buy,7595.25,1,15190.5,18.5,0.12,0,18.5,0.12,-31.5,-0.21,60.5,0.06,3
72,Exit short,2019-08-19 10:10,close_short,7704.5,1,15417.5,8.5,0.06,0,8.5,0.06,-2.5,-0.02,69,0.07,0
72,Entry short,2019-08-19 10:10,sell,7708.75,1,15417.5,8.5,0.06,0,8.5,0.06,-2.5,-0.02,69,0.07,0
73,Exit long,2019-08-20 11:05,close_long,7731.25,1,15453,9.5,0.06,0,9.5,0.06,-15,-0.10,78.5,0.08,1
73,Entry long,2019-08-20 11:00,buy,7726.5,1,15453,9.5,0.06,0,9.5,0.06,-15,-0.10,78.5,0.08,1
74,Exit short,2019-08-22 10:10,close_short,7739.25,1,15487,8.5,0.05,0,8.5,0.05,-2,-0.01,87,0.09,0
74,Entry short,2019-08-22 10:10,sell,7743.5,1,15487,8.5,0.05,0,8.5,0.05,-2,-0.01,87,0.09,0
75,Exit long,2019-08-23 10:15,close_long,7689,1,15359,19,0.12,0,19,0.12,-13,-0.08,106,0.11,0
75,Entry long,2019-08-23 10:15,buy,7679.5,1,15359,19,0.12,0,19,0.12,-13,-0.08,106,0.11,0
76,Exit short,2019-08-23 11:05,close_short,7610.75,1,15267,45.5,0.30,0,45.5,0.30,-17,-0.11,151.5,0.15,0
76,Entry short,2019-08-23 11:05,sell,7633.5,1,15267,45.5,0.30,0,45.5,0.30,-17,-0.11,151.5,0.15,0
77,Exit short,2019-08-26 10:25,close_short,7515.5,1,15038.5,7.5,0.05,0,7.5,0.05,-17,-0.11,159,0.16,1
77,Entry short,2019-08-26 10:20,sell,7519.25,1,15038.5,7.5,0.05,0,7.5,0.05,-17,-0.11,159,0.16,1
78,Exit short,2019-08-27 10:30,close_short,7612.5,1,15229,4,0.03,0,4,0.03,0,0.00,163,0.16,0
78,Entry short,2019-08-27 10:30,sell,7614.5,1,15229,4,0.03,0,4,0.03,0,0.00,163,0.16,0
79,Exit long,2019-08-28 10:15,close_long,7546.5,1,15136,-43,-0.28,0,8,0.05,-43,-0.28,120,0.12,1
79,Entry long,2019-08-28 10:10,buy,7568,1,15136,-43,-0.28,0,8,0.05,-43,-0.28,120,0.12,1
80,Exit short,2019-08-29 11:15,close_short,7707.5,1,15350,-65,-0.42,0,15,0.10,-65,-0.42,55,0.06,7
80,Entry short,2019-08-29 10:40,sell,7675,1,15350,-65,-0.42,0,15,0.10,-65,-0.42,55,0.06,7
81,Exit short,2019-08-30 10:20,close_short,7705.75,1,15426,14.5,0.09,0,14.5,0.09,-10.5,-0.07,69.5,0.07,1
81,Entry short,2019-08-30 10:15,sell,7713,1,15426,14.5,0.09,0,14.5,0.09,-10.5,-0.07,69.5,0.07,1
82,Exit long,2019-09-02 10:30,close_long,7668.25,1,15333.5,3,0.02,0,3,0.02,-8.5,-0.06,72.5,0.07,1
82,Entry long,2019-09-02 10:25,buy,7666.75,1,15333.5,3,0.02,0,3,0.02,-8.5,-0.06,72.5,0.07,1
83,Exit short,2019-09-02 11:50,close_short,7589.75,1,15209.5,30,0.20,0,30,0.20,-29.5,-0.19,102.5,0.10,0
83,Entry short,2019-09-02 11:50,sell,7604.75,1,15209.5,30,0.20,0,30,0.20,-29.5,-0.19,102.5,0.10,0
84,Exit long,2019-09-03 10:00,close_long,7653.5,1,15347,-40,-0.26,0,6.5,0.04,-40,-0.26,62.5,0.06,1
84,Entry long,2019-09-03 09:55,buy,7673.5,1,15347,-40,-0.26,0,6.5,0.04,-40,-0.26,62.5,0.06,1
85,Exit short,2019-09-03 10:15,close_short,7597,1,15224.5,30.5,0.20,0,30.5,0.20,-16.5,-0.11,93,0.09,2
85,Entry short,2019-09-03 10:05,sell,7612.25,1,15224.5,30.5,0.20,0,30.5,0.20,-16.5,-0.11,93,0.09,2
86,Exit short,2019-09-04 10:10,close_short,7672,1,15352,8,0.05,0,8,0.05,-5,-0.03,101,0.10,0
86,Entry short,2019-09-04 10:10,sell,7676,1,15352,8,0.05,0,8,0.05,-5,-0.03,101,0.10,0
87,Exit long,2019-09-05 10:00,close_long,7845.25,1,15687,3.5,0.02,0,3.5,0.02,0,0.00,104.5,0.10,0
87,Entry long,2019-09-05 10:00,buy,7843.5,1,15687,3.5,0.02,0,3.5,0.02,0,0.00,104.5,0.10,0
88,Exit short,2019-09-09 10:20,close_short,7847.75,1,15704,8.5,0.05,0,8.5,0.05,-21,-0.13,113,0.11,4
88,Entry short,2019-09-09 10:00,sell,7852,1,15704,8.5,0.05,0,8.5,0.05,-21,-0.13,113,0.11,4
89,Exit short,2019-09-10 09:55,close_short,7765.25,1,15494.5,-36,-0.23,0,6,0.04,-36,-0.23,77,0.08,0
89,Entry short,2019-09-10 09:55,sell,7747.25,1,15494.5,-36,-0.23,0,6,0.04,-36,-0.23,77,0.08,0
90,Exit long,2019-09-11 10:30,close_long,7870,1,15730.5,9.5,0.06,0,9.5,0.06,-12.5,-0.08,86.5,0.09,3
90,Entry long,2019-09-11 10:15,buy,7865.25,1,15730.5,9.5,0.06,0,9.5,0.06,-12.5,-0.08,86.5,0.09,3
91,Exit long,2019-09-12 10:20,close_long,7970.25,1,15934,6.5,0.04,0,6.5,0.04,-9.5,-0.06,93,0.09,0
91,Entry long,2019-09-12 10:20,buy,7967,1,15934,6.5,0.04,0,6.5,0.04,-9.5,-0.06,93,0.09,0
92,Exit long,2019-09-13 11:25,close_long,7914.75,1,15846,-16.5,-0.10,0,2.5,0.02,-16.5,-0.10,76.5,0.08,3
92,Entry long,2019-09-13 11:10,buy,7923,1,15846,-16.5,-0.10,0,2.5,0.02,-16.5,-0.10,76.5,0.08,3
93,Exit long,2019-09-16 09:55,close_long,7869.75,1,15732,7.5,0.05,0,7.5,0.05,0,0.00,84,0.08,0
93,Entry long,2019-09-16 09:55,buy,7866,1,15732,7.5,0.05,0,7.5,0.05,0,0.00,84,0.08,0
94,Exit long,2019-09-19 10:50,close_long,7972.25,1,15940.5,4,0.03,0,4,0.03,-12.5,-0.08,88,0.09,3
94,Entry long,2019-09-19 10:35,buy,7970.25,1,15940.5,4,0.03,0,4,0.03,-12.5,-0.08,88,0.09,3
95,Exit short,2019-09-20 10:50,close_short,7915.25,1,15838,7.5,0.05,0,7.5,0.05,-10.5,-0.07,95.5,0.10,2
95,Entry short,2019-09-20 10:40,sell,7919,1,15838,7.5,0.05,0,7.5,0.05,-10.5,-0.07,95.5,0.10,2
96,Exit short,2019-09-23 10:10,close_short,7813.75,1,15633.5,6,0.04,0,6,0.04,-4,-0.03,101.5,0.10,0
96,Entry short,2019-09-23 10:10,sell,7816.75,1,15633.5,6,0.04,0,6,0.04,-4,-0.03,101.5,0.10,0
97,Exit long,2019-09-23 11:40,close_long,7848.25,1,15694.5,2,0.01,0,2,0.01,-3.5,-0.02,103.5,0.10,0
97,Entry long,2019-09-23 11:40,buy,7847.25,1,15694.5,2,0.01,0,2,0.01,-3.5,-0.02,103.5,0.10,0
98,Exit short,2019-09-24 10:45,close_short,7842.75,1,15701,15.5,0.10,0,15.5,0.10,-29.5,-0.19,119,0.12,4
98,Entry short,2019-09-24 10:25,sell,7850.5,1,15701,15.5,0.10,0,15.5,0.10,-29.5,-0.19,119,0.12,4
99,Exit short,2019-09-25 10:00,close_short,7694.25,1,15396,7.5,0.05,0,7.5,0.05,-9,-0.06,126.5,0.13,0
99,Entry short,2019-09-25 10:00,sell,7698,1,15396,7.5,0.05,0,7.5,0.05,-9,-0.06,126.5,0.13,0
100,Exit long,2019-09-25 11:00,close_long,7751.75,1,15482.5,21,0.14,0,21,0.14,-8,-0.05,147.5,0.15,1
100,Entry long,2019-09-25 10:55,buy,7741.25,1,15482.5,21,0.14,0,21,0.14,-8,-0.05,147.5,0.15,1
101,Exit short,2019-09-26 10:20,close_short,7761.25,1,15526.5,4,0.03,0,4,0.03,0,0.00,151.5,0.15,0
101,Entry short,2019-09-26 10:20,sell,7763.25,1,15526.5,4,0.03,0,4,0.03,0,0.00,151.5,0.15,0
102,Exit short,2019-09-27 09:55,close_short,7759,1,15529.5,11.5,0.07,0,11.5,0.07,0,0.00,163,0.16,0
102,Entry short,2019-09-27 09:55,sell,7764.75,1,15529.5,11.5,0.07,0,11.5,0.07,0,0.00,163,0.16,0
103,Exit long,2019-09-30 10:05,close_long,7738.5,1,15473.5,3.5,0.02,0,3.5,0.02,0,0.00,166.5,0.17,0
103,Entry long,2019-09-30 10:05,buy,7736.75,1,15473.5,3.5,0.02,0,3.5,0.02,0,0.00,166.5,0.17,0
104,Exit short,2019-10-01 10:10,close_short,7773,1,15558.5,12.5,0.08,0,12.5,0.08,-12,-0.08,179,0.18,0
104,Entry short,2019-10-01 10:10,sell,7779.25,1,15558.5,12.5,0.08,0,12.5,0.08,-12,-0.08,179,0.18,0
105,Exit short,2019-10-02 10:05,close_short,7606.75,1,15191.5,-22,-0.14,0,3,0.02,-22,-0.14,157,0.16,0
105,Entry short,2019-10-02 10:05,sell,7595.75,1,15191.5,-22,-0.14,0,3,0.02,-22,-0.14,157,0.16,0
106,Exit short,2019-10-03 10:05,close_short,7479.5,1,15000,41,0.27,0,41,0.27,-3.5,-0.02,198,0.20,0
106,Entry short,2019-10-03 10:05,sell,7500,1,15000,41,0.27,0,41,0.27,-3.5,-0.02,198,0.20,0
107,Exit long,2019-10-03 11:10,close_long,7604.75,1,15196.5,13,0.09,0,13,0.09,0,0.00,211,0.21,0
107,Entry long,2019-10-03 11:10,buy,7598.25,1,15196.5,13,0.09,0,13,0.09,0,0.00,211,0.21,0
108,Exit long,2019-10-04 10:00,close_long,7723,1,15435.5,10.5,0.07,0,10.5,0.07,-7,-0.05,221.5,0.22,0
108,Entry long,2019-10-04 10:00,buy,7717.75,1,15435.5,10.5,0.07,0,10.5,0.07,-7,-0.05,221.5,0.22,0
109,Exit long,2019-10-07 10:30,close_long,7764.25,1,15522,6.5,0.04,0,6.5,0.04,-5.5,-0.04,228,0.23,0
109,Entry long,2019-10-07 10:30,buy,7761,1,15522,6.5,0.04,0,6.5,0.04,-5.5,-0.04,228,0.23,0
110,Exit short,2019-10-08 09:55,close_short,7652.75,1,15310,4.5,0.03,0,4.5,0.03,-2.5,-0.02,232.5,0.23,0
110,Entry short,2019-10-08 09:55,sell,7655,1,15310,4.5,0.03,0,4.5,0.03,-2.5,-0.02,232.5,0.23,0
111,Exit short,2019-10-09 10:30,close_short,7691.5,1,15338.5,-44.5,-0.29,0,4,0.03,-44.5,-0.29,188,0.19,7
111,Entry short,2019-10-09 09:55,sell,7669.25,1,15338.5,-44.5,-0.29,0,4,0.03,-44.5,-0.29,188,0.19,7
112,Exit long,2019-10-09 11:50,close_long,7704.5,1,15403.5,5.5,0.04,0,5.5,0.04,-4.5,-0.03,193.5,0.19,0
112,Entry long,2019-10-09 11:50,buy,7701.75,1,15403.5,5.5,0.04,0,5.5,0.04,-4.5,-0.03,193.5,0.19,0
113,Exit long,2019-10-10 09:55,close_long,7750.75,1,15487,14.5,0.09,0,14.5,0.09,-1,-0.01,208,0.21,0
113,Entry long,2019-10-10 09:55,buy,7743.5,1,15487,14.5,0.09,0,14.5,0.09,-1,-0.01,208,0.21,0
114,Exit long,2019-10-11 10:25,close_long,7888.5,1,15776,1,0.01,0,1,0.01,-6,-0.04,209,0.21,0
114,Entry long,2019-10-11 10:25,buy,7888,1,15776,1,0.01,0,1,0.01,-6,-0.04,209,0.21,0
115,Exit long,2019-10-14 10:15,close_long,7858.25,1,15744,-27.5,-0.17,0,1.5,0.01,-27.5,-0.17,181.5,0.18,1
115,Entry long,2019-10-14 10:10,buy,7872,1,15744,-27.5,-0.17,0,1.5,0.01,-27.5,-0.17,181.5,0.18,1
116,Exit long,2019-10-15 10:10,close_long,7905.75,1,15808.5,3,0.02,0,3,0.02,-3,-0.02,184.5,0.18,0
116,Entry long,2019-10-15 10:10,buy,7904.25,1,15808.5,3,0.02,0,3,0.02,-3,-0.02,184.5,0.18,0
117,Exit short,2019-10-16 10:10,close_short,7924.5,1,15822.5,-26.5,-0.17,0,7,0.04,-26.5,-0.17,158,0.16,1
117,Entry short,2019-10-16 10:05,sell,7911.25,1,15822.5,-26.5,-0.17,0,7,0.04,-26.5,-0.17,158,0.16,1
118,Exit long,2019-10-16 10:55,close_long,7946,1,15886,6,0.04,0,6,0.04,-3,-0.02,164,0.16,0
118,Entry long,2019-10-16 10:55,buy,7943,1,15886,6,0.04,0,6,0.04,-3,-0.02,164,0.16,0
119,Exit short,2019-10-17 10:35,close_short,7956.5,1,15917.5,4.5,0.03,0,4.5,0.03,-1,-0.01,168.5,0.17,0
119,Entry short,2019-10-17 10:35,sell,7958.75,1,15917.5,4.5,0.03,0,4.5,0.03,-1,-0.01,168.5,0.17,0
120,Exit short,2019-10-18 10:15,close_short,7929.25,1,15866.5,8,0.05,0,8,0.05,-2.5,-0.02,176.5,0.18,0
120,Entry short,2019-10-18 10:15,sell,7933.25,1,15866.5,8,0.05,0,8,0.05,-2.5,-0.02,176.5,0.18,0
121,Exit short,2019-10-21 10:05,close_short,7898.25,1,15804.5,8,0.05,0,8,0.05,-9,-0.06,184.5,0.18,0
121,Entry short,2019-10-21 10:05,sell,7902.25,1,15804.5,8,0.05,0,8,0.05,-9,-0.06,184.5,0.18,0
122,Exit short,2019-10-22 10:15,close_short,7959,1,15924,6,0.04,0,6,0.04,-3.5,-0.02,190.5,0.19,0
122,Entry short,2019-10-22 10:15,sell,7962,1,15924,6,0.04,0,6,0.04,-3.5,-0.02,190.5,0.19,0
123,Exit long,2019-10-23 11:20,close_long,7893.75,1,15782.5,5,0.03,0,5,0.03,-1,-0.01,195.5,0.20,0
123,Entry long,2019-10-23 11:20,buy,7891.25,1,15782.5,5,0.03,0,5,0.03,-1,-0.01,195.5,0.20,0
124,Exit short,2019-10-24 09:55,close_short,7931.5,1,15872.5,9.5,0.06,0,9.5,0.06,-3,-0.02,205,0.21,0
124,Entry short,2019-10-24 09:55,sell,7936.25,1,15872.5,9.5,0.06,0,9.5,0.06,-3,-0.02,205,0.21,0
125,Exit long,2019-10-24 11:30,close_long,7966.25,1,15926,6.5,0.04,0,6.5,0.04,0,0.00,211.5,0.21,0
125,Entry long,2019-10-24 11:30,buy,7963,1,15926,6.5,0.04,0,6.5,0.04,0,0.00,211.5,0.21,0
126,Exit long,2019-10-25 09:55,close_long,7965.5,1,15927.5,3.5,0.02,0,3.5,0.02,-7,-0.04,215,0.22,0
126,Entry long,2019-10-25 09:55,buy,7963.75,1,15927.5,3.5,0.02,0,3.5,0.02,-7,-0.04,215,0.22,0
127,Exit long,2019-10-28 10:20,close_long,8106.25,1,16205.5,7,0.04,0,7,0.04,-1,-0.01,222,0.22,0
127,Entry long,2019-10-28 10:20,buy,8102.75,1,16205.5,7,0.04,0,7,0.04,-1,-0.01,222,0.22,0
128,Exit short,2019-10-29 10:05,close_short,8079.5,1,16164.5,5.5,0.03,0,5.5,0.03,-0.5,0.00,227.5,0.23,0
128,Entry short,2019-10-29 10:05,sell,8082.25,1,16164.5,5.5,0.03,0,5.5,0.03,-0.5,0.00,227.5,0.23,0
129,Exit short,2019-10-31 10:05,close_short,8080.25,1,16165,4.5,0.03,0,4.5,0.03,0,0.00,232,0.23,0
129,Entry short,2019-10-31 10:05,sell,8082.5,1,16165,4.5,0.03,0,4.5,0.03,0,0.00,232,0.23,0
130,Exit long,2019-11-01 10:00,close_long,8129.5,1,16289,-30,-0.18,0,7,0.04,-30,-0.18,202,0.20,1
130,Entry long,2019-11-01 09:55,buy,8144.5,1,16289,-30,-0.18,0,7,0.04,-30,-0.18,202,0.20,1
131,Exit short,2019-11-04 10:10,close_short,8207,1,16420.5,6.5,0.04,0,6.5,0.04,-8.5,-0.05,208.5,0.21,1
131,Entry short,2019-11-04 10:05,sell,8210.25,1,16420.5,6.5,0.04,0,6.5,0.04,-8.5,-0.05,208.5,0.21,1
132,Exit short,2019-11-05 10:15,close_short,8201.5,1,16407,4,0.02,0,4,0.02,0,0.00,212.5,0.21,0
132,Entry short,2019-11-05 10:15,sell,8203.5,1,16407,4,0.02,0,4,0.02,0,0.00,212.5,0.21,0
133,Exit short,2019-11-06 10:30,close_short,8182.75,1,16373,7.5,0.05,0,7.5,0.05,-2,-0.01,220,0.22,0
133,Entry short,2019-11-06 10:30,sell,8186.5,1,16373,7.5,0.05,0,7.5,0.05,-2,-0.01,220,0.22,0
134,Exit long,2019-11-07 10:30,close_long,8266,1,16528.5,3.5,0.02,0,3.5,0.02,-8,-0.05,223.5,0.22,2
134,Entry long,2019-11-07 10:20,buy,8264.25,1,16528.5,3.5,0.02,0,3.5,0.02,-8,-0.05,223.5,0.22,2
135,Exit long,2019-11-08 11:00,close_long,8239.5,1,16471,8,0.05,0,8,0.05,-10.5,-0.06,231.5,0.23,3
135,Entry long,2019-11-08 10:45,buy,8235.5,1,16471,8,0.05,0,8,0.05,-10.5,-0.06,231.5,0.23,3
136,Exit long,2019-11-11 10:15,close_long,8230.5,1,16459.5,1.5,0.01,0,1.5,0.01,-3.5,-0.02,233,0.23,0
136,Entry long,2019-11-11 10:15,buy,8229.75,1,16459.5,1.5,0.01,0,1.5,0.01,-3.5,-0.02,233,0.23,0
137,Exit long,2019-11-12 10:10,close_long,8279.5,1,16554,5,0.03,0,5,0.03,0,0.00,238,0.24,0
137,Entry long,2019-11-12 10:10,buy,8277,1,16554,5,0.03,0,5,0.03,0,0.00,238,0.24,0
138,Exit long,2019-11-13 11:40,close_long,8277.25,1,16544.5,10,0.06,0,10,0.06,-27,-0.16,248,0.25,12
138,Entry long,2019-11-13 10:40,buy,8272.25,1,16544.5,10,0.06,0,10,0.06,-27,-0.16,248,0.25,12
139,Exit long,2019-11-14 10:30,close_long,8249.5,1,16526.5,-27.5,-0.17,0,2,0.01,-27.5,-0.17,220.5,0.22,5
139,Entry long,2019-11-14 10:05,buy,8263.25,1,16526.5,-27.5,-0.17,0,2,0.01,-27.5,-0.17,220.5,0.22,5
140,Exit short,2019-11-14 11:05,close_short,8243.75,1,16464,-23.5,-0.14,0,5,0.03,-23.5,-0.14,197,0.20,1
140,Entry short,2019-11-14 11:00,sell,8232,1,16464,-23.5,-0.14,0,5,0.03,-23.5,-0.14,197,0.20,1
141,Exit short,2019-11-15 10:10,close_short,8299.25,1,16580,-18.5,-0.11,0,2,0.01,-18.5,-0.11,178.5,0.18,2
141,Entry short,2019-11-15 10:00,sell,8290,1,16580,-18.5,-0.11,0,2,0.01,-18.5,-0.11,178.5,0.18,2
142,Exit long,2019-11-18 11:35,close_long,8321.75,1,16639,4.5,0.03,0,4.5,0.03,-3,-0.02,183,0.18,0
142,Entry long,2019-11-18 11:35,buy,8319.5,1,16639,4.5,0.03,0,4.5,0.03,-3,-0.02,183,0.18,0
143,Exit short,2019-11-19 10:00,close_short,8337,1,16683,9,0.05,0,9,0.05,-9,-0.05,192,0.19,1
143,Entry short,2019-11-19 09:55,sell,8341.5,1,16683,9,0.05,0,9,0.05,-9,-0.05,192,0.19,1
144,Exit long,2019-11-20 10:35,close_long,8343.25,1,16681.5,5,0.03,0,5,0.03,0,0.00,197,0.20,0
144,Entry long,2019-11-20 10:35,buy,8340.75,1,16681.5,5,0.03,0,5,0.03,0,0.00,197,0.20,0
145,Exit short,2019-11-21 10:30,close_short,8249.5,1,16515.5,16.5,0.10,0,16.5,0.10,-20.5,-0.12,213.5,0.21,2
145,Entry short,2019-11-21 10:20,sell,8257.75,1,16515.5,16.5,0.10,0,16.5,0.10,-20.5,-0.12,213.5,0.21,2
146,Exit short,2019-11-22 10:10,close_short,8273.25,1,16552.5,6,0.04,0,6,0.04,-5.5,-0.03,219.5,0.22,0
146,Entry short,2019-11-22 10:10,sell,8276.25,1,16552.5,6,0.04,0,6,0.04,-5.5,-0.03,219.5,0.22,0
147,Exit long,2019-11-25 09:55,close_long,8353.25,1,16701.5,5,0.03,0,5,0.03,-4,-0.02,224.5,0.22,0
147,Entry long,2019-11-25 09:55,buy,8350.75,1,16701.5,5,0.03,0,5,0.03,-4,-0.02,224.5,0.22,0
148,Exit long,2019-11-26 10:45,close_long,8391,1,16777.5,4.5,0.03,0,4.5,0.03,-4.5,-0.03,229,0.23,0
148,Entry long,2019-11-26 10:45,buy,8388.75,1,16777.5,4.5,0.03,0,4.5,0.03,-4.5,-0.03,229,0.23,0
149,Exit long,2019-11-27 10:15,close_long,8420.25,1,16838,2.5,0.01,0,2.5,0.01,-0.5,0.00,231.5,0.23,0
149,Entry long,2019-11-27 10:15,buy,8419,1,16838,2.5,0.01,0,2.5,0.01,-0.5,0.00,231.5,0.23,0
150,Exit long,2019-11-29 10:05,close_long,8440.5,1,16875,6,0.04,0,6,0.04,-7.5,-0.04,237.5,0.24,1
150,Entry long,2019-11-29 10:00,buy,8437.5,1,16875,6,0.04,0,6,0.04,-7.5,-0.04,237.5,0.24,1
151,Exit short,2019-12-02 10:00,close_short,8335.75,1,16682,10.5,0.06,0,10.5,0.06,-1.5,-0.01,248,0.25,0
151,Entry short,2019-12-02 10:00,sell,8341,1,16682,10.5,0.06,0,10.5,0.06,-1.5,-0.01,248,0.25,0
152,Exit short,2019-12-05 10:10,close_short,8273.5,1,16561.5,14.5,0.09,0,14.5,0.09,-5.5,-0.03,262.5,0.26,0
152,Entry short,2019-12-05 10:10,sell,8280.75,1,16561.5,14.5,0.09,0,14.5,0.09,-5.5,-0.03,262.5,0.26,0
153,Exit long,2019-12-06 11:30,close_long,8391.5,1,16788.5,-5.5,-0.03,0,0.5,0.00,-5.5,-0.03,257,0.26,0
153,Entry long,2019-12-06 11:30,buy,8394.25,1,16788.5,-5.5,-0.03,0,0.5,0.00,-5.5,-0.03,257,0.26,0
154,Exit long,2019-12-10 10:15,close_long,8381.25,1,16757.5,5,0.03,0,5,0.03,-3.5,-0.02,262,0.26,0
154,Entry long,2019-12-10 10:15,buy,8378.75,1,16757.5,5,0.03,0,5,0.03,-3.5,-0.02,262,0.26,0
155,Exit long,2019-12-11 10:00,close_long,8391.75,1,16778,5.5,0.03,0,5.5,0.03,-1.5,-0.01,267.5,0.27,0
155,Entry long,2019-12-11 10:00,buy,8389,1,16778,5.5,0.03,0,5.5,0.03,-1.5,-0.01,267.5,0.27,0
156,Exit long,2019-12-12 10:05,close_long,8487.5,1,16964.5,10.5,0.06,0,10.5,0.06,-16.5,-0.10,278,0.28,0
156,Entry long,2019-12-12 10:05,buy,8482.25,1,16964.5,10.5,0.06,0,10.5,0.06,-16.5,-0.10,278,0.28,0
157,Exit long,2019-12-13 10:00,close_long,8461.75,1,16963,-39.5,-0.23,0,10.5,0.06,-39.5,-0.23,238.5,0.24,1
157,Entry long,2019-12-13 09:55,buy,8481.5,1,16963,-39.5,-0.23,0,10.5,0.06,-39.5,-0.23,238.5,0.24,1
158,Exit long,2019-12-16 10:20,close_long,8580.25,1,17157.5,3,0.02,0,3,0.02,-3.5,-0.02,241.5,0.24,0
158,Entry long,2019-12-16 10:20,buy,8578.75,1,17157.5,3,0.02,0,3,0.02,-3.5,-0.02,241.5,0.24,0
159,Exit long,2019-12-18 11:40,close_long,8638.5,1,17269.5,7.5,0.04,0,7.5,0.04,-7,-0.04,249,0.25,4
159,Entry long,2019-12-18 11:20,buy,8634.75,1,17269.5,7.5,0.04,0,7.5,0.04,-7,-0.04,249,0.25,4
160,Exit long,2019-12-19 11:05,close_long,8641.25,1,17277,5.5,0.03,0,5.5,0.03,-11,-0.06,254.5,0.25,7
160,Entry long,2019-12-19 10:30,buy,8638.5,1,17277,5.5,0.03,0,5.5,0.03,-11,-0.06,254.5,0.25,7
161,Exit short,2019-12-20 10:00,close_short,8698.25,1,17374,-22.5,-0.13,0,1.5,0.01,-22.5,-0.13,232,0.23,0
161,Entry short,2019-12-20 10:00,sell,8687,1,17374,-22.5,-0.13,0,1.5,0.01,-22.5,-0.13,232,0.23,0
162,Exit long,2019-12-26 10:20,close_long,8763.75,1,17526,1.5,0.01,0,1.5,0.01,-1,-0.01,233.5,0.23,0
162,Entry long,2019-12-26 10:20,buy,8763,1,17526,1.5,0.01,0,1.5,0.01,-1,-0.01,233.5,0.23,0
163,Exit short,2019-12-27 09:55,close_short,8803.25,1,17610.5,4,0.02,0,4,0.02,-2,-0.01,237.5,0.24,0
163,Entry short,2019-12-27 09:55,sell,8805.25,1,17610.5,4,0.02,0,4,0.02,-2,-0.01,237.5,0.24,0
164,Exit short,2019-12-30 10:15,close_short,8693.25,1,17401,14.5,0.08,0,14.5,0.08,-16,-0.09,252,0.25,0
164,Entry short,2019-12-30 10:15,sell,8700.5,1,17401,14.5,0.08,0,14.5,0.08,-16,-0.09,252,0.25,0
165,Exit short,2020-01-02 10:25,close_short,8808.25,1,17619,2.5,0.01,0,2.5,0.01,0,0.00,254.5,0.25,0
165,Entry short,2020-01-02 10:25,sell,8809.5,1,17619,2.5,0.01,0,2.5,0.01,0,0.00,254.5,0.25,0
166,Exit long,2020-01-06 10:00,close_long,8802.25,1,17594.5,10,0.06,0,10,0.06,-10,-0.06,264.5,0.26,0
166,Entry long,2020-01-06 10:00,buy,8797.25,1,17594.5,10,0.06,0,10,0.06,-10,-0.06,264.5,0.26,0
167,Exit long,2020-01-07 11:20,close_long,8884.75,1,17764.5,5,0.03,0,5,0.03,-13,-0.07,269.5,0.27,3
167,Entry long,2020-01-07 11:05,buy,8882.25,1,17764.5,5,0.03,0,5,0.03,-13,-0.07,269.5,0.27,3
168,Exit long,2020-01-08 09:55,close_long,8893.5,1,17779,8,0.04,0,8,0.04,-2,-0.01,277.5,0.28,0
168,Entry long,2020-01-08 09:55,buy,8889.5,1,17779,8,0.04,0,8,0.04,-2,-0.01,277.5,0.28,0
169,Exit long,2020-01-13 10:35,close_long,9021,1,18066.5,-24.5,-0.14,0,5.5,0.03,-24.5,-0.14,253,0.25,7
169,Entry long,2020-01-13 10:00,buy,9033.25,1,18066.5,-24.5,-0.14,0,5.5,0.03,-24.5,-0.14,253,0.25,7
170,Exit short,2020-01-14 10:00,close_short,9036.75,1,18082.5,9,0.05,0,9,0.05,0,0.00,262,0.26,0
170,Entry short,2020-01-14 10:00,sell,9041.25,1,18082.5,9,0.05,0,9,0.05,0,0.00,262,0.26,0
171,Exit long,2020-01-15 10:05,close_long,9088.25,1,18167,9.5,0.05,0,9.5,0.05,-11.5,-0.06,271.5,0.27,2
171,Entry long,2020-01-15 09:55,buy,9083.5,1,18167,9.5,0.05,0,9.5,0.05,-11.5,-0.06,271.5,0.27,2
172,Exit short,2020-01-16 11:15,close_short,9081.5,1,18171.5,8.5,0.05,0,8.5,0.05,-4.5,-0.02,280,0.28,0
172,Entry short,2020-01-16 11:15,sell,9085.75,1,18171.5,8.5,0.05,0,8.5,0.05,-4.5,-0.02,280,0.28,0
173,Exit short,2020-01-17 11:55,close_short,9146,1,18262,-30,-0.16,0,2,0.01,-30,-0.16,250,0.25,8
173,Entry short,2020-01-17 11:15,sell,9131,1,18262,-30,-0.16,0,2,0.01,-30,-0.16,250,0.25,8
174,Exit long,2020-01-20 12:00,close_long,9174.5,1,18346.5,2.5,0.01,0,2.5,0.01,-4,-0.02,252.5,0.25,5
174,Entry long,2020-01-20 11:35,buy,9173.25,1,18346.5,2.5,0.01,0,2.5,0.01,-4,-0.02,252.5,0.25,5
175,Exit long,2020-01-21 10:15,close_long,9167.75,1,18359.5,-24,-0.13,0,5,0.03,-24,-0.13,228.5,0.23,2
175,Entry long,2020-01-21 10:05,buy,9179.75,1,18359.5,-24,-0.13,0,5,0.03,-24,-0.13,228.5,0.23,2
176,Exit long,2020-01-22 10:35,close_long,9245.25,1,18486,4.5,0.02,0,4.5,0.02,-3.5,-0.02,233,0.23,1
176,Entry long,2020-01-22 10:30,buy,9243,1,18486,4.5,0.02,0,4.5,0.02,-3.5,-0.02,233,0.23,1
177,Exit long,2020-01-23 10:30,close_long,9208.5,1,18409.5,7.5,0.04,0,7.5,0.04,0,0.00,240.5,0.24,0
177,Entry long,2020-01-23 10:30,buy,9204.75,1,18409.5,7.5,0.04,0,7.5,0.04,0,0.00,240.5,0.24,0
178,Exit short,2020-01-24 10:20,close_short,9241,1,18494,12,0.06,0,12,0.06,-5.5,-0.03,252.5,0.25,0
178,Entry short,2020-01-24 10:20,sell,9247,1,18494,12,0.06,0,12,0.06,-5.5,-0.03,252.5,0.25,0
179,Exit long,2020-01-27 09:55,close_long,8968.25,1,17978,-41.5,-0.23,0,2,0.01,-41.5,-0.23,211,0.21,0
179,Entry long,2020-01-27 09:55,buy,8989,1,17978,-41.5,-0.23,0,2,0.01,-41.5,-0.23,211,0.21,0
180,Exit long,2020-01-28 10:25,close_long,9055.75,1,18099,12.5,0.07,0,12.5,0.07,-6,-0.03,223.5,0.22,0
180,Entry long,2020-01-28 10:25,buy,9049.5,1,18099,12.5,0.07,0,12.5,0.07,-6,-0.03,223.5,0.22,0
181,Exit short,2020-01-29 10:00,close_short,9101.25,1,18211.5,9,0.05,0,9,0.05,0,0.00,232.5,0.23,0
181,Entry short,2020-01-29 10:00,sell,9105.75,1,18211.5,9,0.05,0,9,0.05,0,0.00,232.5,0.23,0
182,Exit short,2020-01-30 10:55,close_short,9028,1,18067,11,0.06,0,11,0.06,-14.5,-0.08,243.5,0.24,0
182,Entry short,2020-01-30 10:55,sell,9033.5,1,18067,11,0.06,0,11,0.06,-14.5,-0.08,243.5,0.24,0
183,Exit short,2020-01-31 09:55,close_short,9131.25,1,18228,-34.5,-0.19,0,2,0.01,-34.5,-0.19,209,0.21,0
183,Entry short,2020-01-31 09:55,sell,9114,1,18228,-34.5,-0.19,0,2,0.01,-34.5,-0.19,209,0.21,0
184,Exit long,2020-02-03 09:55,close_long,9118.25,1,18231,5.5,0.03,0,5.5,0.03,-6,-0.03,214.5,0.21,0
184,Entry long,2020-02-03 09:55,buy,9115.5,1,18231,5.5,0.03,0,5.5,0.03,-6,-0.03,214.5,0.21,0
185,Exit long,2020-02-04 10:35,close_long,9284.25,1,18560.5,8,0.04,0,8,0.04,-11,-0.06,222.5,0.22,1
185,Entry long,2020-02-04 10:30,buy,9280.25,1,18560.5,8,0.04,0,8,0.04,-11,-0.06,222.5,0.22,1
186,Exit short,2020-02-05 10:20,close_short,9368,1,18739.5,3.5,0.02,0,3.5,0.02,0,0.00,226,0.23,0
186,Entry short,2020-02-05 10:20,sell,9369.75,1,18739.5,3.5,0.02,0,3.5,0.02,0,0.00,226,0.23,0
187,Exit long,2020-02-06 10:20,close_long,9394.5,1,18828,-39,-0.21,0,9,0.05,-39,-0.21,187,0.19,4
187,Entry long,2020-02-06 10:00,buy,9414,1,18828,-39,-0.21,0,9,0.05,-39,-0.21,187,0.19,4
188,Exit long,2020-02-07 10:40,close_long,9428.5,1,18854,3,0.02,0,3,0.02,-8,-0.04,190,0.19,0
188,Entry long,2020-02-07 10:40,buy,9427,1,18854,3,0.02,0,3,0.02,-8,-0.04,190,0.19,0
189,Exit long,2020-02-10 10:05,close_long,9453,1,18895.5,10.5,0.06,0,10.5,0.06,-6.5,-0.03,200.5,0.20,1
189,Entry long,2020-02-10 10:00,buy,9447.75,1,18895.5,10.5,0.06,0,10.5,0.06,-6.5,-0.03,200.5,0.20,1
190,Exit long,2020-02-11 10:15,close_long,9592.25,1,19176,8.5,0.04,0,8.5,0.04,-5.5,-0.03,209,0.21,0
190,Entry long,2020-02-11 10:15,buy,9588,1,19176,8.5,0.04,0,8.5,0.04,-5.5,-0.03,209,0.21,0
191,Exit short,2020-02-12 09:55,close_short,9567.5,1,19142,7,0.04,0,7,0.04,0,0.00,216,0.22,0
191,Entry short,2020-02-12 09:55,sell,9571,1,19142,7,0.04,0,7,0.04,0,0.00,216,0.22,0
192,Exit long,2020-02-12 11:30,close_long,9606.5,1,19210,3,0.02,0,3,0.02,0,0.00,219,0.22,0
192,Entry long,2020-02-12 11:30,buy,9605,1,19210,3,0.02,0,3,0.02,0,0.00,219,0.22,0
193,Exit long,2020-02-13 09:55,close_long,9573.25,1,19180.5,-34,-0.18,0,5,0.03,-34,-0.18,185,0.19,0
193,Entry long,2020-02-13 09:55,buy,9590.25,1,19180.5,-34,-0.18,0,5,0.03,-34,-0.18,185,0.19,0
194,Exit short,2020-02-14 10:15,close_short,9596.75,1,19200,6.5,0.03,0,6.5,0.03,0,0.00,191.5,0.19,0
194,Entry short,2020-02-14 10:15,sell,9600,1,19200,6.5,0.03,0,6.5,0.03,0,0.00,191.5,0.19,0
195,Exit long,2020-02-17 11:30,close_long,9666.75,1,19332.5,1,0.01,0,1,0.01,-2.5,-0.01,192.5,0.19,1
195,Entry long,2020-02-17 11:25,buy,9666.25,1,19332.5,1,0.01,0,1,0.01,-2.5,-0.01,192.5,0.19,1
196,Exit long,2020-02-18 10:05,close_long,9626.5,1,19244.5,8.5,0.04,0,8.5,0.04,-18,-0.09,201,0.20,1
196,Entry long,2020-02-18 10:00,buy,9622.25,1,19244.5,8.5,0.04,0,8.5,0.04,-18,-0.09,201,0.20,1
197,Exit long,2020-02-19 09:55,close_long,9716.75,1,19427,6.5,0.03,0,6.5,0.03,0,0.00,207.5,0.21,0
197,Entry long,2020-02-19 09:55,buy,9713.5,1,19427,6.5,0.03,0,6.5,0.03,0,0.00,207.5,0.21,0
198,Exit short,2020-02-20 11:15,close_short,9653.5,1,19324,17,0.09,0,17,0.09,0,0.00,224.5,0.22,0
198,Entry short,2020-02-20 11:15,sell,9662,1,19324,17,0.09,0,17,0.09,0,0.00,224.5,0.22,0
199,Exit long,2020-02-24 10:20,close_long,9165.5,1,18401.5,-70.5,-0.38,0,3,0.02,-70.5,-0.38,154,0.15,1
199,Entry long,2020-02-24 10:15,buy,9200.75,1,18401.5,-70.5,-0.38,0,3,0.02,-70.5,-0.38,154,0.15,1
200,Exit short,2020-02-25 10:25,close_short,9060,1,18137,17,0.09,0,17,0.09,-4,-0.02,171,0.17,0
200,Entry short,2020-02-25 10:25,sell,9068.5,1,18137,17,0.09,0,17,0.09,-4,-0.02,171,0.17,0
201,Exit long,2020-02-26 11:00,close_long,8997.75,1,18059,-63.5,-0.35,0,16.5,0.09,-63.5,-0.35,107.5,0.11,3
201,Entry long,2020-02-26 10:45,buy,9029.5,1,18059,-63.5,-0.35,0,16.5,0.09,-63.5,-0.35,107.5,0.11,3
202,Exit short,2020-02-27 10:30,close_short,8579,1,17167.5,9.5,0.06,0,9.5,0.06,-3,-0.02,117,0.12,0
202,Entry short,2020-02-27 10:30,sell,8583.75,1,17167.5,9.5,0.06,0,9.5,0.06,-3,-0.02,117,0.12,0
203,Exit long,2020-02-27 11:20,close_long,8690.75,1,17462.5,-81,-0.46,0,3,0.02,-81,-0.46,36,0.04,0
203,Entry long,2020-02-27 11:20,buy,8731.25,1,17462.5,-81,-0.46,0,3,0.02,-81,-0.46,36,0.04,0
204,Exit long,2020-02-28 11:30,close_long,8356,1,16681.5,30.5,0.18,0,30.5,0.18,-27,-0.16,66.5,0.07,0
204,Entry long,2020-02-28 11:30,buy,8340.75,1,16681.5,30.5,0.18,0,30.5,0.18,-27,-0.16,66.5,0.07,0
205,Exit short,2020-03-02 10:10,close_short,8508.25,1,16929,-87.5,-0.52,0,4,0.02,-87.5,-0.52,-21,-0.02,0
205,Entry short,2020-03-02 10:10,sell,8464.5,1,16929,-87.5,-0.52,0,4,0.02,-87.5,-0.52,-21,-0.02,0
206,Exit long,2020-03-02 11:20,close_long,8657.75,1,17273.5,42,0.24,0,42,0.24,-38.5,-0.22,21,0.02,1
206,Entry long,2020-03-02 11:15,buy,8636.75,1,17273.5,42,0.24,0,42,0.24,-38.5,-0.22,21,0.02,1
207,Exit short,2020-03-03 09:55,close_short,8750.75,1,17530,28.5,0.16,0,28.5,0.16,0,0.00,49.5,0.05,0
207,Entry short,2020-03-03 09:55,sell,8765,1,17530,28.5,0.16,0,28.5,0.16,0,0.00,49.5,0.05,0
208,Exit long,2020-03-03 11:20,close_long,8775.5,1,17954.5,-403.5,-2.25,0,34.5,0.19,-403.5,-2.25,-354,-0.35,15
208,Entry long,2020-03-03 10:05,buy,8977.25,1,17954.5,-403.5,-2.25,0,34.5,0.19,-403.5,-2.25,-354,-0.35,15
209,Exit short,2020-03-04 10:00,close_short,8718.75,1,17344.5,-93,-0.54,0,13.5,0.08,-93,-0.54,-447,-0.45,1
209,Entry short,2020-03-04 09:55,sell,8672.25,1,17344.5,-93,-0.54,0,13.5,0.08,-93,-0.54,-447,-0.45,1
210,Exit long,2020-03-04 10:25,close_long,8797.25,1,17577,17.5,0.10,0,17.5,0.10,0,0.00,-429.5,-0.43,0
210,Entry long,2020-03-04 10:25,buy,8788.5,1,17577,17.5,0.10,0,17.5,0.10,0,0.00,-429.5,-0.43,0
211,Exit long,2020-03-05 10:20,close_long,8802,1,17584.5,19.5,0.11,0,19.5,0.11,-16.5,-0.09,-410,-0.41,0
211,Entry long,2020-03-05 10:20,buy,8792.25,1,17584.5,19.5,0.11,0,19.5,0.11,-16.5,-0.09,-410,-0.41,0
212,Exit long,2020-03-06 10:25,close_long,8473.75,1,16928.5,19,0.11,0,19,0.11,-9,-0.05,-391,-0.39,0
212,Entry long,2020-03-06 10:25,buy,8464.25,1,16928.5,19,0.11,0,19,0.11,-9,-0.05,-391,-0.39,0
213,Exit long,2020-03-09 10:05,close_long,8102,1,16075.5,128.5,0.80,0,128.5,0.80,-38.5,-0.24,-262.5,-0.26,2
213,Entry long,2020-03-09 09:55,buy,8037.75,1,16075.5,128.5,0.80,0,128.5,0.80,-38.5,-0.24,-262.5,-0.26,2
214,Exit short,2020-03-10 10:50,close_short,8096.25,1,16223.5,31,0.19,0,31,0.19,-22.5,-0.14,-231.5,-0.23,0
214,Entry short,2020-03-10 10:50,sell,8111.75,1,16223.5,31,0.19,0,31,0.19,-22.5,-0.14,-231.5,-0.23,0
215,Exit short,2020-03-11 10:55,close_short,8092.5,1,16197,12,0.07,0,12,0.07,0,0.00,-219.5,-0.22,0
215,Entry short,2020-03-11 10:55,sell,8098.5,1,16197,12,0.07,0,12,0.07,0,0.00,-219.5,-0.22,0
216,Exit short,2020-03-12 09:55,close_short,7394,1,14806.5,18.5,0.12,0,18.5,0.12,0,0.00,-201,-0.20,0
216,Entry short,2020-03-12 09:55,sell,7403.25,1,14806.5,18.5,0.12,0,18.5,0.12,0,0.00,-201,-0.20,0
217,Exit long,2020-03-12 11:00,close_long,7542,1,15216.5,-132.5,-0.87,0,1,0.01,-132.5,-0.87,-333.5,-0.33,1
217,Entry long,2020-03-12 10:55,buy,7608.25,1,15216.5,-132.5,-0.87,0,1,0.01,-132.5,-0.87,-333.5,-0.33,1
218,Exit short,2020-03-13 10:00,close_short,7553.25,1,14952.5,-154,-1.03,0,20.5,0.14,-154,-1.03,-487.5,-0.49,1
218,Entry short,2020-03-13 09:55,sell,7476.25,1,14952.5,-154,-1.03,0,20.5,0.14,-154,-1.03,-487.5,-0.49,1
219,Exit long,2020-03-16 11:30,close_long,7510,1,15118.5,-98.5,-0.65,0,10.5,0.07,-98.5,-0.65,-586,-0.59,1
219,Entry long,2020-03-16 11:25,buy,7559.25,1,15118.5,-98.5,-0.65,0,10.5,0.07,-98.5,-0.65,-586,-0.59,1
220,Exit short,2020-03-17 10:05,close_short,7051.25,1,13914,-188.5,-1.35,0,51.5,0.37,-188.5,-1.35,-774.5,-0.77,2
220,Entry short,2020-03-17 09:55,sell,6957,1,13914,-188.5,-1.35,0,51.5,0.37,-188.5,-1.35,-774.5,-0.77,2
221,Exit long,2020-03-17 11:10,close_long,7324.5,1,14607.5,41.5,0.28,0,41.5,0.28,-6.5,-0.04,-733,-0.73,0
221,Entry long,2020-03-17 11:10,buy,7303.75,1,14607.5,41.5,0.28,0,41.5,0.28,-6.5,-0.04,-733,-0.73,0
222,Exit long,2020-03-18 10:00,close_long,7260.5,1,14450,71,0.49,0,71,0.49,-85.5,-0.59,-662,-0.66,1
222,Entry long,2020-03-18 09:55,buy,7225,1,14450,71,0.49,0,71,0.49,-85.5,-0.59,-662,-0.66,1
223,Exit long,2020-03-19 10:05,close_long,7254.75,1,14452.5,57,0.39,0,57,0.39,-84.5,-0.58,-605,-0.60,1
223,Entry long,2020-03-19 10:00,buy,7226.25,1,14452.5,57,0.39,0,57,0.39,-84.5,-0.58,-605,-0.60,1
224,Exit short,2020-03-23 11:30,close_short,6868.5,1,13651,-86,-0.63,0,14,0.10,-86,-0.63,-691,-0.69,0
224,Entry short,2020-03-23 11:30,sell,6825.5,1,13651,-86,-0.63,0,14,0.10,-86,-0.63,-691,-0.69,0
225,Exit long,2020-03-24 11:40,close_long,7456,1,14891,21,0.14,0,21,0.14,-24,-0.16,-670,-0.67,0
225,Entry long,2020-03-24 11:40,buy,7445.5,1,14891,21,0.14,0,21,0.14,-24,-0.16,-670,-0.67,0
226,Exit short,2020-03-25 10:00,close_short,7457,1,14944.5,30.5,0.20,0,30.5,0.20,-19,-0.13,-639.5,-0.64,0
226,Entry short,2020-03-25 10:00,sell,7472.25,1,14944.5,30.5,0.20,0,30.5,0.20,-19,-0.13,-639.5,-0.64,0
227,Exit long,2020-03-26 10:15,close_long,7680.5,1,15331.5,29.5,0.19,0,29.5,0.19,-72,-0.47,-610,-0.61,1
227,Entry long,2020-03-26 10:10,buy,7665.75,1,15331.5,29.5,0.19,0,29.5,0.19,-72,-0.47,-610,-0.61,1
228,Exit long,2020-03-30 10:15,close_long,7740.5,1,15448.5,32.5,0.21,0,32.5,0.21,-32.5,-0.21,-577.5,-0.58,2
228,Entry long,2020-03-30 10:05,buy,7724.25,1,15448.5,32.5,0.21,0,32.5,0.21,-32.5,-0.21,-577.5,-0.58,2
229,Exit short,2020-03-31 09:55,close_short,7826.75,1,15610.5,-43,-0.28,0,4,0.03,-43,-0.28,-620.5,-0.62,0
229,Entry short,2020-03-31 09:55,sell,7805.25,1,15610.5,-43,-0.28,0,4,0.03,-43,-0.28,-620.5,-0.62,0
230,Exit long,2020-03-31 10:10,close_long,7886.5,1,15758.5,14.5,0.09,0,14.5,0.09,0,0.00,-606,-0.61,0
230,Entry long,2020-03-31 10:10,buy,7879.25,1,15758.5,14.5,0.09,0,14.5,0.09,0,0.00,-606,-0.61,0
231,Exit long,2020-04-01 10:35,close_long,7647.75,1,15275,20.5,0.13,0,20.5,0.13,0,0.00,-585.5,-0.59,0
231,Entry long,2020-04-01 10:35,buy,7637.5,1,15275,20.5,0.13,0,20.5,0.13,0,0.00,-585.5,-0.59,0
232,Exit long,2020-04-02 10:35,close_long,7571,1,15115,27,0.18,0,27,0.18,-0.5,0.00,-558.5,-0.56,0
232,Entry long,2020-04-02 10:35,buy,7557.5,1,15115,27,0.18,0,27,0.18,-0.5,0.00,-558.5,-0.56,0
233,Exit short,2020-04-03 10:30,close_short,7563.25,1,15136,9.5,0.06,0,9.5,0.06,-15.5,-0.10,-549,-0.55,0
233,Entry short,2020-04-03 10:30,sell,7568,1,15136,9.5,0.06,0,9.5,0.06,-15.5,-0.10,-549,-0.55,0
234,Exit long,2020-04-06 10:00,close_long,7857.25,1,15689.5,25,0.16,0,25,0.16,-29.5,-0.19,-524,-0.52,1
234,Entry long,2020-04-06 09:55,buy,7844.75,1,15689.5,25,0.16,0,25,0.16,-29.5,-0.19,-524,-0.52,1
235,Exit short,2020-04-07 10:10,close_short,8158.5,1,16349.5,32.5,0.20,0,32.5,0.20,-33.5,-0.20,-491.5,-0.49,0
235,Entry short,2020-04-07 10:10,sell,8174.75,1,16349.5,32.5,0.20,0,32.5,0.20,-33.5,-0.20,-491.5,-0.49,0
236,Exit short,2020-04-08 10:05,close_short,8064,1,16143.5,15.5,0.10,0,15.5,0.10,-41.5,-0.26,-476,-0.48,1
236,Entry short,2020-04-08 10:00,sell,8071.75,1,16143.5,15.5,0.10,0,15.5,0.10,-41.5,-0.26,-476,-0.48,1
237,Exit long,2020-04-08 11:30,close_long,8170.75,1,16331.5,10,0.06,0,10,0.06,-13.5,-0.08,-466,-0.47,0
237,Entry long,2020-04-08 11:30,buy,8165.75,1,16331.5,10,0.06,0,10,0.06,-13.5,-0.08,-466,-0.47,0
238,Exit short,2020-04-09 10:15,close_short,8203.5,1,16441.5,34.5,0.21,0,34.5,0.21,-45.5,-0.28,-431.5,-0.43,1
238,Entry short,2020-04-09 10:10,sell,8220.75,1,16441.5,34.5,0.21,0,34.5,0.21,-45.5,-0.28,-431.5,-0.43,1
239,Exit short,2020-04-13 11:00,close_short,8155,1,16331,21,0.13,0,21,0.13,-62,-0.38,-410.5,-0.41,7
239,Entry short,2020-04-13 10:25,sell,8165.5,1,16331,21,0.13,0,21,0.13,-62,-0.38,-410.5,-0.41,7
240,Exit long,2020-04-14 09:55,close_long,8571.5,1,17135.5,7.5,0.04,0,7.5,0.04,-7,-0.04,-403,-0.40,0
240,Entry long,2020-04-14 09:55,buy,8567.75,1,17135.5,7.5,0.04,0,7.5,0.04,-7,-0.04,-403,-0.40,0
241,Exit long,2020-04-15 10:55,close_long,8576.25,1,17140,12.5,0.07,0,12.5,0.07,-19,-0.11,-390.5,-0.39,0
241,Entry long,2020-04-15 10:55,buy,8570,1,17140,12.5,0.07,0,12.5,0.07,-19,-0.11,-390.5,-0.39,0
242,Exit short,2020-04-16 10:00,close_short,8636,1,17285,13,0.08,0,13,0.08,-20,-0.12,-377.5,-0.38,0
242,Entry short,2020-04-16 10:00,sell,8642.5,1,17285,13,0.08,0,13,0.08,-20,-0.12,-377.5,-0.38,0
243,Exit long,2020-04-16 10:50,close_long,8682.5,1,17399.5,-34.5,-0.20,0,2,0.01,-34.5,-0.20,-412,-0.41,0
243,Entry long,2020-04-16 10:50,buy,8699.75,1,17399.5,-34.5,-0.20,0,2,0.01,-34.5,-0.20,-412,-0.41,0
244,Exit short,2020-04-17 10:55,close_short,8766.75,1,17485.5,-48,-0.27,0,1,0.01,-48,-0.27,-460,-0.46,1
244,Entry short,2020-04-17 10:50,sell,8742.75,1,17485.5,-48,-0.27,0,1,0.01,-48,-0.27,-460,-0.46,1
245,Exit long,2020-04-20 10:30,close_long,8790.75,1,17577,4.5,0.03,0,4.5,0.03,-9,-0.05,-455.5,-0.46,0
245,Entry long,2020-04-20 10:30,buy,8788.5,1,17577,4.5,0.03,0,4.5,0.03,-9,-0.05,-455.5,-0.46,0
246,Exit short,2020-04-21 10:30,close_short,8512.75,1,17044.5,19,0.11,0,19,0.11,-53,-0.31,-436.5,-0.44,2
246,Entry short,2020-04-21 10:20,sell,8522.25,1,17044.5,19,0.11,0,19,0.11,-53,-0.31,-436.5,-0.44,2
247,Exit long,2020-04-22 12:00,close_long,8606,1,17203,9,0.05,0,9,0.05,-26,-0.15,-427.5,-0.43,3
247,Entry long,2020-04-22 11:45,buy,8601.5,1,17203,9,0.05,0,9,0.05,-26,-0.15,-427.5,-0.43,3
248,Exit long,2020-04-23 10:20,close_long,8755.75,1,17493.5,18,0.10,0,18,0.10,-7.5,-0.04,-409.5,-0.41,0
248,Entry long,2020-04-23 10:20,buy,8746.75,1,17493.5,18,0.10,0,18,0.10,-7.5,-0.04,-409.5,-0.41,0
249,Exit short,2020-04-27 11:00,close_short,8810.75,1,17633,11.5,0.07,0,11.5,0.07,0,0.00,-398,-0.40,0
249,Entry short,2020-04-27 11:00,sell,8816.5,1,17633,11.5,0.07,0,11.5,0.07,0,0.00,-398,-0.40,0
250,Exit short,2020-04-28 10:00,close_short,8822.25,1,17659.5,15,0.08,0,15,0.08,-18.5,-0.10,-383,-0.38,0
250,Entry short,2020-04-28 10:00,sell,8829.75,1,17659.5,15,0.08,0,15,0.08,-18.5,-0.10,-383,-0.38,0
251,Exit long,2020-04-29 10:00,close_long,8879.25,1,17787,-28.5,-0.16,0,6,0.03,-28.5,-0.16,-411.5,-0.41,0
251,Entry long,2020-04-29 10:00,buy,8893.5,1,17787,-28.5,-0.16,0,6,0.03,-28.5,-0.16,-411.5,-0.41,0
252,Exit long,2020-05-01 10:05,close_long,8866.75,1,17712,21.5,0.12,0,21.5,0.12,-14,-0.08,-390,-0.39,0
252,Entry long,2020-05-01 10:05,buy,8856,1,17712,21.5,0.12,0,21.5,0.12,-14,-0.08,-390,-0.39,0
253,Exit short,2020-05-01 11:45,close_short,8762.5,1,17535.5,10.5,0.06,0,10.5,0.06,-28.5,-0.16,-379.5,-0.38,2
253,Entry short,2020-05-01 11:35,sell,8767.75,1,17535.5,10.5,0.06,0,10.5,0.06,-28.5,-0.16,-379.5,-0.38,2
254,Exit long,2020-05-04 10:00,close_long,8727.25,1,17433,21.5,0.12,0,21.5,0.12,-20,-0.11,-358,-0.36,1
254,Entry long,2020-05-04 09:55,buy,8716.5,1,17433,21.5,0.12,0,21.5,0.12,-20,-0.11,-358,-0.36,1
255,Exit long,2020-05-05 10:00,close_long,8958,1,17906,10,0.06,0,10,0.06,-13.5,-0.08,-348,-0.35,1
255,Entry long,2020-05-05 09:55,buy,8953,1,17906,10,0.06,0,10,0.06,-13.5,-0.08,-348,-0.35,1
256,Exit short,2020-05-06 10:05,close_short,8956.5,1,17930.5,17.5,0.10,0,17.5,0.10,-21.5,-0.12,-330.5,-0.33,0
256,Entry short,2020-05-06 10:05,sell,8965.25,1,17930.5,17.5,0.10,0,17.5,0.10,-21.5,-0.12,-330.5,-0.33,0
257,Exit long,2020-05-06 10:50,close_long,9039.75,1,18070.5,9,0.05,0,9,0.05,-3.5,-0.02,-321.5,-0.32,0
257,Entry long,2020-05-06 10:50,buy,9035.25,1,18070.5,9,0.05,0,9,0.05,-3.5,-0.02,-321.5,-0.32,0
258,Exit short,2020-05-07 10:15,close_short,9046,1,18103,11,0.06,0,11,0.06,0,0.00,-310.5,-0.31,0
258,Entry short,2020-05-07 10:15,sell,9051.5,1,18103,11,0.06,0,11,0.06,0,0.00,-310.5,-0.31,0
259,Exit long,2020-05-08 10:30,close_long,9186.5,1,18364.5,8.5,0.05,0,8.5,0.05,0,0.00,-302,-0.30,0
259,Entry long,2020-05-08 10:30,buy,9182.25,1,18364.5,8.5,0.05,0,8.5,0.05,0,0.00,-302,-0.30,0
260,Exit long,2020-05-11 10:10,close_long,9246,1,18471.5,20.5,0.11,0,20.5,0.11,-16,-0.09,-281.5,-0.28,1
260,Entry long,2020-05-11 10:05,buy,9235.75,1,18471.5,20.5,0.11,0,20.5,0.11,-16,-0.09,-281.5,-0.28,1
261,Exit short,2020-05-12 10:15,close_short,9281.5,1,18490,-73,-0.39,0,0,0.00,-73,-0.39,-354.5,-0.35,4
261,Entry short,2020-05-12 09:55,sell,9245,1,18490,-73,-0.39,0,0,0.00,-73,-0.39,-354.5,-0.35,4
262,Exit long,2020-05-13 10:25,close_long,9164.75,1,18303.5,26,0.14,0,26,0.14,-25,-0.14,-328.5,-0.33,4
262,Entry long,2020-05-13 10:05,buy,9151.75,1,18303.5,26,0.14,0,26,0.14,-25,-0.14,-328.5,-0.33,4
263,Exit short,2020-05-13 11:45,close_short,9021.5,1,18064,21,0.12,0,21,0.12,-2,-0.01,-307.5,-0.31,0
263,Entry short,2020-05-13 11:45,sell,9032,1,18064,21,0.12,0,21,0.12,-2,-0.01,-307.5,-0.31,0
264,Exit short,2020-05-14 10:05,close_short,8908.5,1,17715,-102,-0.58,0,3.5,0.02,-102,-0.58,-409.5,-0.41,2
264,Entry short,2020-05-14 09:55,sell,8857.5,1,17715,-102,-0.58,0,3.5,0.02,-102,-0.58,-409.5,-0.41,2
265,Exit long,2020-05-15 10:00,close_long,9005.75,1,18030,-18.5,-0.10,0,0,0.00,-18.5,-0.10,-428,-0.43,0
265,Entry long,2020-05-15 10:00,buy,9015,1,18030,-18.5,-0.10,0,0,0.00,-18.5,-0.10,-428,-0.43,0
266,Exit short,2020-05-18 10:00,close_short,9273.75,1,18488.5,-59,-0.32,0,15.5,0.08,-59,-0.32,-487,-0.49,1
266,Entry short,2020-05-18 09:55,sell,9244.25,1,18488.5,-59,-0.32,0,15.5,0.08,-59,-0.32,-487,-0.49,1
267,Exit long,2020-05-18 10:35,close_long,9308,1,18607,9,0.05,0,9,0.05,0,0.00,-478,-0.48,0
267,Entry long,2020-05-18 10:35,buy,9303.5,1,18607,9,0.05,0,9,0.05,0,0.00,-478,-0.48,0
268,Exit long,2020-05-19 10:00,close_long,9377.25,1,18744,10.5,0.06,0,10.5,0.06,-8,-0.04,-467.5,-0.47,0
268,Entry long,2020-05-19 10:00,buy,9372,1,18744,10.5,0.06,0,10.5,0.06,-8,-0.04,-467.5,-0.47,0
269,Exit long,2020-05-20 09:55,close_long,9451.25,1,18896.5,6,0.03,0,6,0.03,-7.5,-0.04,-461.5,-0.46,0
269,Entry long,2020-05-20 09:55,buy,9448.25,1,18896.5,6,0.03,0,6,0.03,-7.5,-0.04,-461.5,-0.46,0
270,Exit short,2020-05-21 10:30,close_short,9427,1,18880,26,0.14,0,26,0.14,-53.5,-0.28,-435.5,-0.44,5
270,Entry short,2020-05-21 10:05,sell,9440,1,18880,26,0.14,0,26,0.14,-53.5,-0.28,-435.5,-0.44,5
271,Exit long,2020-05-22 09:55,close_long,9388.25,1,18761.5,15,0.08,0,15,0.08,-6.5,-0.03,-420.5,-0.42,0
271,Entry long,2020-05-22 09:55,buy,9380.75,1,18761.5,15,0.08,0,15,0.08,-6.5,-0.03,-420.5,-0.42,0
272,Exit long,2020-05-25 11:00,close_long,9525.5,1,19056,-5,-0.03,0,0.5,0.00,-5,-0.03,-425.5,-0.43,0
272,Entry long,2020-05-25 11:00,buy,9528,1,19056,-5,-0.03,0,0.5,0.00,-5,-0.03,-425.5,-0.43,0
273,Exit short,2020-05-26 09:55,close_short,9502.25,1,19014.5,10,0.05,0,10,0.05,-16,-0.08,-415.5,-0.42,0
273,Entry short,2020-05-26 09:55,sell,9507.25,1,19014.5,10,0.05,0,10,0.05,-16,-0.08,-415.5,-0.42,0
274,Exit short,2020-05-27 10:00,close_short,9267.5,1,18554.5,19.5,0.11,0,19.5,0.11,-44.5,-0.24,-396,-0.40,1
274,Entry short,2020-05-27 09:55,sell,9277.25,1,18554.5,19.5,0.11,0,19.5,0.11,-44.5,-0.24,-396,-0.40,1
275,Exit long,2020-05-28 10:15,close_long,9470.75,1,18936,5.5,0.03,0,5.5,0.03,0,0.00,-390.5,-0.39,0
275,Entry long,2020-05-28 10:15,buy,9468,1,18936,5.5,0.03,0,5.5,0.03,0,0.00,-390.5,-0.39,0
276,Exit short,2020-05-29 10:10,close_short,9399.5,1,18830,31,0.16,0,31,0.16,-7,-0.04,-359.5,-0.36,0
276,Entry short,2020-05-29 10:10,sell,9415,1,18830,31,0.16,0,31,0.16,-7,-0.04,-359.5,-0.36,0
277,Exit long,2020-06-01 10:10,close_long,9577,1,19147,7,0.04,0,7,0.04,0,0.00,-352.5,-0.35,0
277,Entry long,2020-06-01 10:10,buy,9573.5,1,19147,7,0.04,0,7,0.04,0,0.00,-352.5,-0.35,0
278,Exit short,2020-06-02 11:00,close_short,9533,1,19085,19,0.10,0,19,0.10,-34,-0.18,-333.5,-0.33,2
278,Entry short,2020-06-02 10:50,sell,9542.5,1,19085,19,0.10,0,19,0.10,-34,-0.18,-333.5,-0.33,2
279,Exit long,2020-06-04 09:55,close_long,9737.75,1,19467.5,8,0.04,0,8,0.04,0,0.00,-325.5,-0.33,0
279,Entry long,2020-06-04 09:55,buy,9733.75,1,19467.5,8,0.04,0,8,0.04,0,0.00,-325.5,-0.33,0
280,Exit short,2020-06-04 11:15,close_short,9658,1,19330,14,0.07,0,14,0.07,-7.5,-0.04,-311.5,-0.31,0
280,Entry short,2020-06-04 11:15,sell,9665,1,19330,14,0.07,0,14,0.07,-7.5,-0.04,-311.5,-0.31,0
281,Exit long,2020-06-05 09:55,close_long,9756.75,1,19551,-37.5,-0.19,0,0.5,0.00,-37.5,-0.19,-349,-0.35,0
281,Entry long,2020-06-05 09:55,buy,9775.5,1,19551,-37.5,-0.19,0,0.5,0.00,-37.5,-0.19,-349,-0.35,0
282,Exit short,2020-06-08 10:05,close_short,9759,1,19531.5,13.5,0.07,0,13.5,0.07,-1.5,-0.01,-335.5,-0.34,0
282,Entry short,2020-06-08 10:05,sell,9765.75,1,19531.5,13.5,0.07,0,13.5,0.07,-1.5,-0.01,-335.5,-0.34,0
283,Exit long,2020-06-09 10:30,close_long,9916.5,1,19814,19,0.10,0,19,0.10,-13,-0.07,-316.5,-0.32,2
283,Entry long,2020-06-09 10:20,buy,9907,1,19814,19,0.10,0,19,0.10,-13,-0.07,-316.5,-0.32,2
284,Exit long,2020-06-10 10:05,close_long,10072,1,20137,7,0.03,0,7,0.03,-16,-0.08,-309.5,-0.31,0
284,Entry long,2020-06-10 10:05,buy,10068.5,1,20137,7,0.03,0,7,0.03,-16,-0.08,-309.5,-0.31,0
285,Exit long,2020-06-11 10:30,close_long,9975.5,1,19927.5,23.5,0.12,0,23.5,0.12,-69.5,-0.35,-286,-0.29,3
285,Entry long,2020-06-11 10:15,buy,9963.75,1,19927.5,23.5,0.12,0,23.5,0.12,-69.5,-0.35,-286,-0.29,3
286,Exit short,2020-06-11 11:50,close_short,9848.75,1,19713,15.5,0.08,0,15.5,0.08,0,0.00,-270.5,-0.27,0
286,Entry short,2020-06-11 11:50,sell,9856.5,1,19713,15.5,0.08,0,15.5,0.08,0,0.00,-270.5,-0.27,0
287,Exit short,2020-06-12 10:20,close_short,9783.5,1,19522,-45,-0.23,0,2,0.01,-45,-0.23,-315.5,-0.32,0
287,Entry short,2020-06-12 10:20,sell,9761,1,19522,-45,-0.23,0,2,0.01,-45,-0.23,-315.5,-0.32,0
288,Exit long,2020-06-15 10:00,close_long,9608.5,1,19192,25,0.13,0,25,0.13,-28,-0.15,-290.5,-0.29,0
288,Entry long,2020-06-15 10:00,buy,9596,1,19192,25,0.13,0,25,0.13,-28,-0.15,-290.5,-0.29,0
289,Exit short,2020-06-16 10:45,close_short,9921.5,1,19866.5,23.5,0.12,0,23.5,0.12,-24.5,-0.12,-267,-0.27,0
289,Entry short,2020-06-16 10:45,sell,9933.25,1,19866.5,23.5,0.12,0,23.5,0.12,-24.5,-0.12,-267,-0.27,0
290,Exit short,2020-06-17 10:15,close_short,9991.75,1,19937.5,-46,-0.23,0,5.5,0.03,-46,-0.23,-313,-0.31,2
290,Entry short,2020-06-17 10:05,sell,9968.75,1,19937.5,-46,-0.23,0,5.5,0.03,-46,-0.23,-313,-0.31,2
291,Exit long,2020-06-18 11:10,close_long,10003.5,1,19987.5,19.5,0.10,0,19.5,0.10,-16.5,-0.08,-293.5,-0.29,2
291,Entry long,2020-06-18 11:00,buy,9993.75,1,19987.5,19.5,0.10,0,19.5,0.10,-16.5,-0.08,-293.5,-0.29,2
292,Exit short,2020-06-19 11:20,close_short,10065.25,1,20143.5,13,0.06,0,13,0.06,-13,-0.06,-280.5,-0.28,0
292,Entry short,2020-06-19 11:20,sell,10071.75,1,20143.5,13,0.06,0,13,0.06,-13,-0.06,-280.5,-0.28,0
293,Exit long,2020-06-22 10:00,close_long,10026,1,20041.5,10.5,0.05,0,10.5,0.05,-5,-0.02,-270,-0.27,0
293,Entry long,2020-06-22 10:00,buy,10020.75,1,20041.5,10.5,0.05,0,10.5,0.05,-5,-0.02,-270,-0.27,0
294,Exit long,2020-06-23 10:20,close_long,10212.75,1,20415,10.5,0.05,0,10.5,0.05,-9,-0.04,-259.5,-0.26,0
294,Entry long,2020-06-23 10:20,buy,10207.5,1,20415,10.5,0.05,0,10.5,0.05,-9,-0.04,-259.5,-0.26,0
295,Exit short,2020-06-24 09:55,close_short,10119,1,20265.5,27.5,0.14,0,27.5,0.14,-17.5,-0.09,-232,-0.23,0
295,Entry short,2020-06-24 09:55,sell,10132.75,1,20265.5,27.5,0.14,0,27.5,0.14,-17.5,-0.09,-232,-0.23,0
296,Exit short,2020-06-26 10:10,close_short,9974.75,1,19970,20.5,0.10,0,20.5,0.10,-15.5,-0.08,-211.5,-0.21,1
296,Entry short,2020-06-26 10:05,sell,9985,1,19970,20.5,0.10,0,20.5,0.10,-15.5,-0.08,-211.5,-0.21,1
297,Exit long,2020-06-29 10:50,close_long,9878,1,19736.5,19.5,0.10,0,19.5,0.10,-26.5,-0.13,-192,-0.19,2
297,Entry long,2020-06-29 10:40,buy,9868.25,1,19736.5,19.5,0.10,0,19.5,0.10,-26.5,-0.13,-192,-0.19,2
298,Exit long,2020-06-30 10:05,close_long,10037.25,1,20067.5,7,0.03,0,7,0.03,0,0.00,-185,-0.18,0
298,Entry long,2020-06-30 10:05,buy,10033.75,1,20067.5,7,0.03,0,7,0.03,0,0.00,-185,-0.18,0
299,Exit long,2020-07-01 10:30,close_long,10210.75,1,20413,8.5,0.04,0,8.5,0.04,-10.5,-0.05,-176.5,-0.18,0
299,Entry long,2020-07-01 10:30,buy,10206.5,1,20413,8.5,0.04,0,8.5,0.04,-10.5,-0.05,-176.5,-0.18,0
300,Exit short,2020-07-02 10:45,close_short,10403.25,1,20729,-77.5,-0.37,0,14.5,0.07,-77.5,-0.37,-254,-0.25,3
300,Entry short,2020-07-02 10:30,sell,10364.5,1,20729,-77.5,-0.37,0,14.5,0.07,-77.5,-0.37,-254,-0.25,3
301,Exit short,2020-07-03 10:30,close_short,10339.75,1,20681.5,2,0.01,0,2,0.01,-2,-0.01,-252,-0.25,0
301,Entry short,2020-07-03 10:30,sell,10340.75,1,20681.5,2,0.01,0,2,0.01,-2,-0.01,-252,-0.25,0
302,Exit long,2020-07-06 10:00,close_long,10525.5,1,21038.5,12.5,0.06,0,12.5,0.06,0,0.00,-239.5,-0.24,0
302,Entry long,2020-07-06 10:00,buy,10519.25,1,21038.5,12.5,0.06,0,12.5,0.06,0,0.00,-239.5,-0.24,0
303,Exit long,2020-07-07 10:15,close_long,10657.75,1,21296,19.5,0.09,0,19.5,0.09,-12.5,-0.06,-220,-0.22,0
303,Entry long,2020-07-07 10:15,buy,10648,1,21296,19.5,0.09,0,19.5,0.09,-12.5,-0.06,-220,-0.22,0
304,Exit long,2020-07-08 10:10,close_long,10633,1,21255,11,0.05,0,11,0.05,-29,-0.14,-209,-0.21,2
304,Entry long,2020-07-08 10:00,buy,10627.5,1,21255,11,0.05,0,11,0.05,-29,-0.14,-209,-0.21,2
305,Exit short,2020-07-08 11:20,close_short,10532.25,1,21094.5,30,0.14,0,30,0.14,-17.5,-0.08,-179,-0.18,0
305,Entry short,2020-07-08 11:20,sell,10547.25,1,21094.5,30,0.14,0,30,0.14,-17.5,-0.08,-179,-0.18,0
306,Exit short,2020-07-09 10:40,close_short,10672,1,21366.5,22.5,0.11,0,22.5,0.11,-7,-0.03,-156.5,-0.16,0
306,Entry short,2020-07-09 10:40,sell,10683.25,1,21366.5,22.5,0.11,0,22.5,0.11,-7,-0.03,-156.5,-0.16,0
307,Exit short,2020-07-10 10:10,close_short,10674.5,1,21275.5,-73.5,-0.35,0,12.5,0.06,-73.5,-0.35,-230,-0.23,1
307,Entry short,2020-07-10 10:05,sell,10637.75,1,21275.5,-73.5,-0.35,0,12.5,0.06,-73.5,-0.35,-230,-0.23,1
308,Exit long,2020-07-13 10:35,close_long,10975.25,1,21998,-47.5,-0.22,0,8,0.04,-47.5,-0.22,-277.5,-0.28,1
308,Entry long,2020-07-13 10:30,buy,10999,1,21998,-47.5,-0.22,0,8,0.04,-47.5,-0.22,-277.5,-0.28,1
309,Exit short,2020-07-14 09:55,close_short,10399.75,1,20855,55.5,0.27,0,55.5,0.27,0,0.00,-222,-0.22,0
309,Entry short,2020-07-14 09:55,sell,10427.5,1,20855,55.5,0.27,0,55.5,0.27,0,0.00,-222,-0.22,0
310,Exit short,2020-07-15 11:05,close_short,10633.5,1,21303.5,36.5,0.17,0,36.5,0.17,-42,-0.20,-185.5,-0.19,0
310,Entry short,2020-07-15 11:05,sell,10651.75,1,21303.5,36.5,0.17,0,36.5,0.17,-42,-0.20,-185.5,-0.19,0
311,Exit short,2020-07-16 10:05,close_short,10507.25,1,21040.5,26,0.12,0,26,0.12,0,0.00,-159.5,-0.16,0
311,Entry short,2020-07-16 10:05,sell,10520.25,1,21040.5,26,0.12,0,26,0.12,0,0.00,-159.5,-0.16,0
312,Exit short,2020-07-17 10:25,close_short,10548.5,1,21116,19,0.09,0,19,0.09,-11.5,-0.05,-140.5,-0.14,0
312,Entry short,2020-07-17 10:25,sell,10558,1,21116,19,0.09,0,19,0.09,-11.5,-0.05,-140.5,-0.14,0
313,Exit long,2020-07-20 10:05,close_long,10704.75,1,21394,15.5,0.07,0,15.5,0.07,-12,-0.06,-125,-0.12,0
313,Entry long,2020-07-20 10:05,buy,10697,1,21394,15.5,0.07,0,15.5,0.07,-12,-0.06,-125,-0.12,0
314,Exit short,2020-07-21 10:35,close_short,10890.75,1,21801.5,20,0.09,0,20,0.09,-29.5,-0.14,-105,-0.10,1
314,Entry short,2020-07-21 10:30,sell,10900.75,1,21801.5,20,0.09,0,20,0.09,-29.5,-0.14,-105,-0.10,1
315,Exit long,2020-07-22 09:55,close_long,10894.5,1,21768,21,0.10,0,21,0.10,-16.5,-0.08,-84,-0.08,0
315,Entry long,2020-07-22 09:55,buy,10884,1,21768,21,0.10,0,21,0.10,-16.5,-0.08,-84,-0.08,0
316,Exit short,2020-07-22 10:50,close_short,10795.5,1,21613.5,22.5,0.10,0,22.5,0.10,-5.5,-0.03,-61.5,-0.06,0
316,Entry short,2020-07-22 10:50,sell,10806.75,1,21613.5,22.5,0.10,0,22.5,0.10,-5.5,-0.03,-61.5,-0.06,0
317,Exit short,2020-07-23 10:15,close_short,10777.25,1,21579.5,25,0.12,0,25,0.12,-32.5,-0.15,-36.5,-0.04,0
317,Entry short,2020-07-23 10:15,sell,10789.75,1,21579.5,25,0.12,0,25,0.12,-32.5,-0.15,-36.5,-0.04,0
318,Exit long,2020-07-24 10:25,close_long,10459.75,1,20904,15.5,0.07,0,15.5,0.07,0,0.00,-21,-0.02,0
318,Entry long,2020-07-24 10:25,buy,10452,1,20904,15.5,0.07,0,15.5,0.07,0,0.00,-21,-0.02,0
319,Exit long,2020-07-27 09:55,close_long,10623.5,1,21241.5,5.5,0.03,0,5.5,0.03,0,0.00,-15.5,-0.02,0
319,Entry long,2020-07-27 09:55,buy,10620.75,1,21241.5,5.5,0.03,0,5.5,0.03,0,0.00,-15.5,-0.02,0
320,Exit short,2020-07-28 10:00,close_short,10604.25,1,21126,-82.5,-0.39,0,9.5,0.04,-82.5,-0.39,-98,-0.10,1
320,Entry short,2020-07-28 09:55,sell,10563,1,21126,-82.5,-0.39,0,9.5,0.04,-82.5,-0.39,-98,-0.10,1
321,Exit long,2020-07-29 10:35,close_long,10634.75,1,21251.5,18,0.08,0,18,0.08,-36,-0.17,-80,-0.08,6
321,Entry long,2020-07-29 10:05,buy,10625.75,1,21251.5,18,0.08,0,18,0.08,-36,-0.17,-80,-0.08,6
322,Exit short,2020-07-30 10:00,close_short,10536.75,1,21087,13.5,0.06,0,13.5,0.06,0,0.00,-66.5,-0.07,0
322,Entry short,2020-07-30 10:00,sell,10543.5,1,21087,13.5,0.06,0,13.5,0.06,0,0.00,-66.5,-0.07,0
323,Exit long,2020-07-30 11:40,close_long,10647.25,1,21277.5,17,0.08,0,17,0.08,-9.5,-0.04,-49.5,-0.05,1
323,Entry long,2020-07-30 11:35,buy,10638.75,1,21277.5,17,0.08,0,17,0.08,-9.5,-0.04,-49.5,-0.05,1
324,Exit short,2020-07-31 10:10,close_short,10764,1,21547.5,19.5,0.09,0,19.5,0.09,-10.5,-0.05,-30,-0.03,0
324,Entry short,2020-07-31 10:10,sell,10773.75,1,21547.5,19.5,0.09,0,19.5,0.09,-10.5,-0.05,-30,-0.03,0
325,Exit long,2020-08-03 12:00,close_long,11043.5,1,22106,-19,-0.09,0,2.5,0.01,-19,-0.09,-49,-0.05,0
325,Entry long,2020-08-03 12:00,buy,11053,1,22106,-19,-0.09,0,2.5,0.01,-19,-0.09,-49,-0.05,0
326,Exit long,2020-08-04 10:25,close_long,11060.5,1,22161,-40,-0.18,0,3,0.01,-40,-0.18,-89,-0.09,3
326,Entry long,2020-08-04 10:10,buy,11080.5,1,22161,-40,-0.18,0,3,0.01,-40,-0.18,-89,-0.09,3
327,Exit long,2020-08-05 10:00,close_long,11112.75,1,22214.5,11,0.05,0,11,0.05,-14.5,-0.07,-78,-0.08,1
327,Entry long,2020-08-05 09:55,buy,11107.25,1,22214.5,11,0.05,0,11,0.05,-14.5,-0.07,-78,-0.08,1
328,Exit long,2020-08-06 10:15,close_long,11136,1,22261.5,10.5,0.05,0,10.5,0.05,-9.5,-0.04,-67.5,-0.07,0
328,Entry long,2020-08-06 10:15,buy,11130.75,1,22261.5,10.5,0.05,0,10.5,0.05,-9.5,-0.04,-67.5,-0.07,0
329,Exit long,2020-08-07 11:15,close_long,11236.25,1,22530,-57.5,-0.26,0,5.5,0.02,-57.5,-0.26,-125,-0.12,4
329,Entry long,2020-08-07 10:55,buy,11265,1,22530,-57.5,-0.26,0,5.5,0.02,-57.5,-0.26,-125,-0.12,4
330,Exit short,2020-08-07 11:30,close_short,11221.75,1,22409,-34.5,-0.15,0,4,0.02,-34.5,-0.15,-159.5,-0.16,0
330,Entry short,2020-08-07 11:30,sell,11204.5,1,22409,-34.5,-0.15,0,4,0.02,-34.5,-0.15,-159.5,-0.16,0
331,Exit short,2020-08-10 09:55,close_short,11091.25,1,22202,19.5,0.09,0,19.5,0.09,-7,-0.03,-140,-0.14,0
331,Entry short,2020-08-10 09:55,sell,11101,1,22202,19.5,0.09,0,19.5,0.09,-7,-0.03,-140,-0.14,0
332,Exit long,2020-08-11 11:10,close_long,11053.5,1,22095.5,11.5,0.05,0,11.5,0.05,-10,-0.05,-128.5,-0.13,0
332,Entry long,2020-08-11 11:10,buy,11047.75,1,22095.5,11.5,0.05,0,11.5,0.05,-10,-0.05,-128.5,-0.13,0
333,Exit long,2020-08-12 09:55,close_long,11053,1,22089,17,0.08,0,17,0.08,-2,-0.01,-111.5,-0.11,0
333,Entry long,2020-08-12 09:55,buy,11044.5,1,22089,17,0.08,0,17,0.08,-2,-0.01,-111.5,-0.11,0
334,Exit long,2020-08-13 10:45,close_long,11242.75,1,22476,9.5,0.04,0,9.5,0.04,-16.5,-0.07,-102,-0.10,2
334,Entry long,2020-08-13 10:35,buy,11238,1,22476,9.5,0.04,0,9.5,0.04,-16.5,-0.07,-102,-0.10,2
335,Exit short,2020-08-14 10:15,close_short,11129,1,22276.5,18.5,0.08,0,18.5,0.08,-26.5,-0.12,-83.5,-0.08,0
335,Entry short,2020-08-14 10:15,sell,11138.25,1,22276.5,18.5,0.08,0,18.5,0.08,-26.5,-0.12,-83.5,-0.08,0
336,Exit long,2020-08-17 09:55,close_long,11261.5,1,22515.5,7.5,0.03,0,7.5,0.03,-3,-0.01,-76,-0.08,0
336,Entry long,2020-08-17 09:55,buy,11257.75,1,22515.5,7.5,0.03,0,7.5,0.03,-3,-0.01,-76,-0.08,0
337,Exit short,2020-08-18 10:25,close_short,11283.5,1,22597,30,0.13,0,30,0.13,-73,-0.32,-46,-0.05,3
337,Entry short,2020-08-18 10:10,sell,11298.5,1,22597,30,0.13,0,30,0.13,-73,-0.32,-46,-0.05,3
338,Exit long,2020-08-19 11:35,close_long,11421.75,1,22835,8.5,0.04,0,8.5,0.04,-6.5,-0.03,-37.5,-0.04,0
338,Entry long,2020-08-19 11:35,buy,11417.5,1,22835,8.5,0.04,0,8.5,0.04,-6.5,-0.03,-37.5,-0.04,0
339,Exit long,2020-08-20 09:55,close_long,11365,1,22720,10,0.04,0,10,0.04,-5.5,-0.02,-27.5,-0.03,0
339,Entry long,2020-08-20 09:55,buy,11360,1,22720,10,0.04,0,10,0.04,-5.5,-0.02,-27.5,-0.03,0
340,Exit long,2020-08-21 10:30,close_long,11530.25,1,23048,12.5,0.05,0,12.5,0.05,-0.5,0.00,-15,-0.01,0
340,Entry long,2020-08-21 10:30,buy,11524,1,23048,12.5,0.05,0,12.5,0.05,-0.5,0.00,-15,-0.01,0
341,Exit short,2020-08-24 10:45,close_short,11589.5,1,23234,55,0.24,0,55,0.24,-97,-0.42,40,0.04,10
341,Entry short,2020-08-24 09:55,sell,11617,1,23234,55,0.24,0,55,0.24,-97,-0.42,40,0.04,10
342,Exit long,2020-08-25 10:25,close_long,11612.25,1,23276.5,-52,-0.22,0,6,0.03,-52,-0.22,-12,-0.01,1
342,Entry long,2020-08-25 10:20,buy,11638.25,1,23276.5,-52,-0.22,0,6,0.03,-52,-0.22,-12,-0.01,1
343,Exit long,2020-08-26 10:25,close_long,11806.25,1,23602,10.5,0.04,0,10.5,0.04,-7.5,-0.03,-1.5,0.00,0
343,Entry long,2020-08-26 10:25,buy,11801,1,23602,10.5,0.04,0,10.5,0.04,-7.5,-0.03,-1.5,0.00,0
344,Exit short,2020-08-28 11:00,close_short,11951.75,1,23915,11.5,0.05,0,11.5,0.05,0,0.00,10,0.01,0
344,Entry short,2020-08-28 11:00,sell,11957.5,1,23915,11.5,0.05,0,11.5,0.05,0,0.00,10,0.01,0
345,Exit long,2020-08-31 10:20,close_long,12063.75,1,24112.5,15,0.06,0,15,0.06,-5,-0.02,25,0.03,0
345,Entry long,2020-08-31 10:20,buy,12056.25,1,24112.5,15,0.06,0,15,0.06,-5,-0.02,25,0.03,0
346,Exit long,2020-09-01 10:05,close_long,12241.5,1,24459.5,23.5,0.10,0,23.5,0.10,0,0.00,48.5,0.05,0
346,Entry long,2020-09-01 10:05,buy,12229.75,1,24459.5,23.5,0.10,0,23.5,0.10,0,0.00,48.5,0.05,0
347,Exit short,2020-09-02 09:55,close_short,12319.5,1,24669.5,30.5,0.12,0,30.5,0.12,-4.5,-0.02,79,0.08,0
347,Entry short,2020-09-02 09:55,sell,12334.75,1,24669.5,30.5,0.12,0,30.5,0.12,-4.5,-0.02,79,0.08,0
348,Exit short,2020-09-03 10:20,close_short,12073,1,24183.5,37.5,0.16,0,37.5,0.16,-16.5,-0.07,116.5,0.12,0
348,Entry short,2020-09-03 10:20,sell,12091.75,1,24183.5,37.5,0.16,0,37.5,0.16,-16.5,-0.07,116.5,0.12,0
349,Exit short,2020-09-04 10:10,close_short,11497.75,1,23062,66.5,0.29,0,66.5,0.29,-162,-0.70,183,0.18,3
349,Entry short,2020-09-04 09:55,sell,11531,1,23062,66.5,0.29,0,66.5,0.29,-162,-0.70,183,0.18,3
350,Exit long,2020-09-07 10:55,close_long,11507.25,1,23008,6.5,0.03,0,6.5,0.03,0,0.00,189.5,0.19,0
350,Entry long,2020-09-07 10:55,buy,11504,1,23008,6.5,0.03,0,6.5,0.03,0,0.00,189.5,0.19,0
351,Exit long,2020-09-08 10:05,close_long,11314.75,1,22590,39.5,0.17,0,39.5,0.17,-115,-0.51,229,0.23,1
351,Entry long,2020-09-08 10:00,buy,11295,1,22590,39.5,0.17,0,39.5,0.17,-115,-0.51,229,0.23,1
352,Exit long,2020-09-09 10:35,close_long,11366.25,1,22692.5,40,0.18,0,40,0.18,-32.5,-0.14,269,0.27,1
352,Entry long,2020-09-09 10:30,buy,11346.25,1,22692.5,40,0.18,0,40,0.18,-32.5,-0.14,269,0.27,1
353,Exit long,2020-09-10 10:40,close_long,11500.75,1,23112.5,-111,-0.48,0,21.5,0.09,-111,-0.48,158,0.16,7
353,Entry long,2020-09-10 10:05,buy,11556.25,1,23112.5,-111,-0.48,0,21.5,0.09,-111,-0.48,158,0.16,7
354,Exit short,2020-09-10 10:55,close_short,11425,1,22889.5,39.5,0.17,0,39.5,0.17,-80,-0.35,197.5,0.20,1
354,Entry short,2020-09-10 10:50,sell,11444.75,1,22889.5,39.5,0.17,0,39.5,0.17,-80,-0.35,197.5,0.20,1
355,Exit short,2020-09-11 10:10,close_short,11108.5,1,22278.5,61.5,0.28,0,61.5,0.28,-85.5,-0.38,259,0.26,2
355,Entry short,2020-09-11 10:00,sell,11139.25,1,22278.5,61.5,0.28,0,61.5,0.28,-85.5,-0.38,259,0.26,2
356,Exit long,2020-09-14 10:10,close_long,11330.75,1,22638.5,23,0.10,0,23,0.10,-22,-0.10,282,0.28,1
356,Entry long,2020-09-14 10:05,buy,11319.25,1,22638.5,23,0.10,0,23,0.10,-22,-0.10,282,0.28,1
357,Exit long,2020-09-15 09:55,close_long,11464.25,1,22913,15.5,0.07,0,15.5,0.07,-9,-0.04,297.5,0.30,0
357,Entry long,2020-09-15 09:55,buy,11456.5,1,22913,15.5,0.07,0,15.5,0.07,-9,-0.04,297.5,0.30,0
358,Exit short,2020-09-15 10:25,close_short,11423.75,1,22795,-52.5,-0.23,0,3,0.01,-52.5,-0.23,245,0.25,0
358,Entry short,2020-09-15 10:25,sell,11397.5,1,22795,-52.5,-0.23,0,3,0.01,-52.5,-0.23,245,0.25,0
359,Exit short,2020-09-16 10:20,close_short,11389.25,1,22803.5,25,0.11,0,25,0.11,-29.5,-0.13,270,0.27,0
359,Entry short,2020-09-16 10:20,sell,11401.75,1,22803.5,25,0.11,0,25,0.11,-29.5,-0.13,270,0.27,0
360,Exit long,2020-09-17 10:00,close_long,11070.25,1,22112,28.5,0.13,0,28.5,0.13,-29,-0.13,298.5,0.30,1
360,Entry long,2020-09-17 09:55,buy,11056,1,22112,28.5,0.13,0,28.5,0.13,-29,-0.13,298.5,0.30,1
361,Exit short,2020-09-18 10:35,close_short,11001.25,1,22026,23.5,0.11,0,23.5,0.11,-19,-0.09,322,0.32,0
361,Entry short,2020-09-18 10:35,sell,11013,1,22026,23.5,0.11,0,23.5,0.11,-19,-0.09,322,0.32,0
362,Exit short,2020-09-21 10:50,close_short,10711.25,1,21330,-92.5,-0.43,0,16.5,0.08,-92.5,-0.43,229.5,0.23,2
362,Entry short,2020-09-21 10:40,sell,10665,1,21330,-92.5,-0.43,0,16.5,0.08,-92.5,-0.43,229.5,0.23,2
363,Exit short,2020-09-22 11:00,close_short,10930.5,1,21892,31,0.14,0,31,0.14,0,0.00,260.5,0.26,0
363,Entry short,2020-09-22 11:00,sell,10946,1,21892,31,0.14,0,31,0.14,0,0.00,260.5,0.26,0
364,Exit short,2020-09-23 09:55,close_short,11073.75,1,22174.5,27,0.12,0,27,0.12,-27.5,-0.12,287.5,0.29,0
364,Entry short,2020-09-23 09:55,sell,11087.25,1,22174.5,27,0.12,0,27,0.12,-27.5,-0.12,287.5,0.29,0
365,Exit long,2020-09-24 09:55,close_long,10827.75,1,21692.5,-37,-0.17,0,11.5,0.05,-37,-0.17,250.5,0.25,0
365,Entry long,2020-09-24 09:55,buy,10846.25,1,21692.5,-37,-0.17,0,11.5,0.05,-37,-0.17,250.5,0.25,0
366,Exit long,2020-09-25 10:25,close_long,10942,1,21859.5,24.5,0.11,0,24.5,0.11,-9,-0.04,275,0.27,0
366,Entry long,2020-09-25 10:25,buy,10929.75,1,21859.5,24.5,0.11,0,24.5,0.11,-9,-0.04,275,0.27,0
367,Exit short,2020-09-28 09:55,close_short,11252,1,22515.5,11.5,0.05,0,11.5,0.05,0,0.00,286.5,0.29,0
367,Entry short,2020-09-28 09:55,sell,11257.75,1,22515.5,11.5,0.05,0,11.5,0.05,0,0.00,286.5,0.29,0
368,Exit short,2020-09-29 10:35,close_short,11311.5,1,22645.5,22.5,0.10,0,22.5,0.10,-10,-0.04,309,0.31,0
368,Entry short,2020-09-29 10:35,sell,11322.75,1,22645.5,22.5,0.10,0,22.5,0.10,-10,-0.04,309,0.31,0
369,Exit long,2020-09-30 09:55,close_long,11393.25,1,22764.5,22,0.10,0,22,0.10,-0.5,0.00,331,0.33,0
369,Entry long,2020-09-30 09:55,buy,11382.25,1,22764.5,22,0.10,0,22,0.10,-0.5,0.00,331,0.33,0
370,Exit short,2020-10-01 10:00,close_short,11505.5,1,23031,20,0.09,0,20,0.09,-49,-0.21,351,0.35,1
370,Entry short,2020-10-01 09:55,sell,11515.5,1,23031,20,0.09,0,20,0.09,-49,-0.21,351,0.35,1
371,Exit long,2020-10-02 10:10,close_long,11451.5,1,22891,12,0.05,0,12,0.05,-13.5,-0.06,363,0.36,0
371,Entry long,2020-10-02 10:10,buy,11445.5,1,22891,12,0.05,0,12,0.05,-13.5,-0.06,363,0.36,0
372,Exit short,2020-10-02 12:00,close_short,11263.25,1,22543.5,17,0.08,0,17,0.08,-1,0.00,380,0.38,0
372,Entry short,2020-10-02 12:00,sell,11271.75,1,22543.5,17,0.08,0,17,0.08,-1,0.00,380,0.38,0
373,Exit long,2020-10-05 10:05,close_long,11392.5,1,22773,12,0.05,0,12,0.05,-6.5,-0.03,392,0.39,0
373,Entry long,2020-10-05 10:05,buy,11386.5,1,22773,12,0.05,0,12,0.05,-6.5,-0.03,392,0.39,0
374,Exit long,2020-10-06 10:10,close_long,11488.5,1,22968.5,8.5,0.04,0,8.5,0.04,-14,-0.06,400.5,0.40,0
374,Entry long,2020-10-06 10:10,buy,11484.25,1,22968.5,8.5,0.04,0,8.5,0.04,-14,-0.06,400.5,0.40,0
375,Exit short,2020-10-06 11:20,close_short,11405.25,1,22821.5,11,0.05,0,11,0.05,-19,-0.08,411.5,0.41,0
375,Entry short,2020-10-06 11:20,sell,11410.75,1,22821.5,11,0.05,0,11,0.05,-19,-0.08,411.5,0.41,0
376,Exit short,2020-10-07 10:40,close_short,11366.5,1,22743.5,10.5,0.05,0,10.5,0.05,0,0.00,422,0.42,0
376,Entry short,2020-10-07 10:40,sell,11371.75,1,22743.5,10.5,0.05,0,10.5,0.05,0,0.00,422,0.42,0
377,Exit long,2020-10-07 11:40,close_long,11440.25,1,22874.5,6,0.03,0,6,0.03,-17,-0.07,428,0.43,1
377,Entry long,2020-10-07 11:35,buy,11437.25,1,22874.5,6,0.03,0,6,0.03,-17,-0.07,428,0.43,1
378,Exit short,2020-10-08 10:25,close_short,11506.5,1,23021.5,8.5,0.04,0,8.5,0.04,-3.5,-0.02,436.5,0.44,0
378,Entry short,2020-10-08 10:25,sell,11510.75,1,23021.5,8.5,0.04,0,8.5,0.04,-3.5,-0.02,436.5,0.44,0
379,Exit long,2020-10-09 10:05,close_long,11623.75,1,23285.5,-38,-0.16,0,1,0.00,-38,-0.16,398.5,0.40,0
379,Entry long,2020-10-09 10:05,buy,11642.75,1,23285.5,-38,-0.16,0,1,0.00,-38,-0.16,398.5,0.40,0
380,Exit long,2020-10-12 10:55,close_long,11960.25,1,23908,12.5,0.05,0,12.5,0.05,-1.5,-0.01,411,0.41,0
380,Entry long,2020-10-12 10:55,buy,11954,1,23908,12.5,0.05,0,12.5,0.05,-1.5,-0.01,411,0.41,0
381,Exit long,2020-10-13 11:40,close_long,12152,1,24359.5,-55.5,-0.23,0,3.5,0.01,-55.5,-0.23,355.5,0.36,1
381,Entry long,2020-10-13 11:35,buy,12179.75,1,24359.5,-55.5,-0.23,0,3.5,0.01,-55.5,-0.23,355.5,0.36,1
382,Exit short,2020-10-14 10:30,close_short,12043.75,1,24107,19.5,0.08,0,19.5,0.08,-14.5,-0.06,375,0.38,0
382,Entry short,2020-10-14 10:30,sell,12053.5,1,24107,19.5,0.08,0,19.5,0.08,-14.5,-0.06,375,0.38,0
383,Exit long,2020-10-15 10:00,close_long,11837.75,1,23750,-74.5,-0.31,0,10,0.04,-74.5,-0.31,300.5,0.30,1
383,Entry long,2020-10-15 09:55,buy,11875,1,23750,-74.5,-0.31,0,10,0.04,-74.5,-0.31,300.5,0.30,1
384,Exit long,2020-10-16 10:15,close_long,11997.5,1,23977.5,17.5,0.07,0,17.5,0.07,-15.5,-0.06,318,0.32,2
384,Entry long,2020-10-16 10:05,buy,11988.75,1,23977.5,17.5,0.07,0,17.5,0.07,-15.5,-0.06,318,0.32,2
385,Exit short,2020-10-16 11:20,close_short,11911.25,1,23833,10.5,0.04,0,10.5,0.04,-1.5,-0.01,328.5,0.33,0
385,Entry short,2020-10-16 11:20,sell,11916.5,1,23833,10.5,0.04,0,10.5,0.04,-1.5,-0.01,328.5,0.33,0
386,Exit short,2020-10-19 10:00,close_short,11866.25,1,23749,16.5,0.07,0,16.5,0.07,-4,-0.02,345,0.35,0
386,Entry short,2020-10-19 10:00,sell,11874.5,1,23749,16.5,0.07,0,16.5,0.07,-4,-0.02,345,0.35,0
387,Exit long,2020-10-20 10:05,close_long,11711,1,23410,12,0.05,0,12,0.05,-9,-0.04,357,0.36,0
387,Entry long,2020-10-20 10:05,buy,11705,1,23410,12,0.05,0,12,0.05,-9,-0.04,357,0.36,0
388,Exit short,2020-10-20 11:05,close_short,11604.75,1,23226.5,17,0.07,0,17,0.07,0,0.00,374,0.37,0
388,Entry short,2020-10-20 11:05,sell,11613.25,1,23226.5,17,0.07,0,17,0.07,0,0.00,374,0.37,0
389,Exit long,2020-10-21 10:05,close_long,11745,1,23547,-57,-0.24,0,10.5,0.04,-57,-0.24,317,0.32,1
389,Entry long,2020-10-21 10:00,buy,11773.5,1,23547,-57,-0.24,0,10.5,0.04,-57,-0.24,317,0.32,1
390,Exit short,2020-10-21 11:20,close_short,11640,1,23292,12,0.05,0,12,0.05,-13,-0.06,329,0.33,0
390,Entry short,2020-10-21 11:20,sell,11646,1,23292,12,0.05,0,12,0.05,-13,-0.06,329,0.33,0
391,Exit short,2020-10-22 10:05,close_short,11640.5,1,23301,20,0.09,0,20,0.09,-16.5,-0.07,349,0.35,0
391,Entry short,2020-10-22 10:05,sell,11650.5,1,23301,20,0.09,0,20,0.09,-16.5,-0.07,349,0.35,0
392,Exit short,2020-10-23 10:15,close_short,11615.25,1,23155,-75.5,-0.33,0,17.5,0.08,-75.5,-0.33,273.5,0.27,2
392,Entry short,2020-10-23 10:05,sell,11577.5,1,23155,-75.5,-0.33,0,17.5,0.08,-75.5,-0.33,273.5,0.27,2
393,Exit long,2020-10-26 09:55,close_long,11678.5,1,23337.5,19.5,0.08,0,19.5,0.08,-17,-0.07,293,0.29,0
393,Entry long,2020-10-26 09:55,buy,11668.75,1,23337.5,19.5,0.08,0,19.5,0.08,-17,-0.07,293,0.29,0
394,Exit short,2020-10-26 10:55,close_short,11550,1,23112.5,12.5,0.05,0,12.5,0.05,-13.5,-0.06,305.5,0.31,0
394,Entry short,2020-10-26 10:55,sell,11556.25,1,23112.5,12.5,0.05,0,12.5,0.05,-13.5,-0.06,305.5,0.31,0
395,Exit short,2020-10-27 10:25,close_short,11490.25,1,22991,10.5,0.05,0,10.5,0.05,0,0.00,316,0.32,0
395,Entry short,2020-10-27 10:25,sell,11495.5,1,22991,10.5,0.05,0,10.5,0.05,0,0.00,316,0.32,0
396,Exit long,2020-10-27 11:25,close_long,11561,1,23175,-53,-0.23,0,7.5,0.03,-53,-0.23,263,0.26,2
396,Entry long,2020-10-27 11:15,buy,11587.5,1,23175,-53,-0.23,0,7.5,0.03,-53,-0.23,263,0.26,2
397,Exit short,2020-10-28 10:15,close_short,11252.25,1,22544,39.5,0.18,0,39.5,0.18,-72,-0.32,302.5,0.30,4
397,Entry short,2020-10-28 09:55,sell,11272,1,22544,39.5,0.18,0,39.5,0.18,-72,-0.32,302.5,0.30,4
398,Exit long,2020-10-29 09:55,close_long,11261,1,22490.5,31.5,0.14,0,31.5,0.14,-11,-0.05,334,0.33,0
398,Entry long,2020-10-29 09:55,buy,11245.25,1,22490.5,31.5,0.14,0,31.5,0.14,-11,-0.05,334,0.33,0
399,Exit short,2020-10-30 10:15,close_short,11099.75,1,22231,31.5,0.14,0,31.5,0.14,-14.5,-0.07,365.5,0.37,0
399,Entry short,2020-10-30 10:15,sell,11115.5,1,22231,31.5,0.14,0,31.5,0.14,-14.5,-0.07,365.5,0.37,0
400,Exit long,2020-11-02 09:55,close_long,11210.5,1,22398.5,22.5,0.10,0,22.5,0.10,0,0.00,388,0.39,0
400,Entry long,2020-11-02 09:55,buy,11199.25,1,22398.5,22.5,0.10,0,22.5,0.10,0,0.00,388,0.39,0
401,Exit short,2020-11-02 11:20,close_short,11067.5,1,22154,19,0.09,0,19,0.09,-11,-0.05,407,0.41,0
401,Entry short,2020-11-02 11:20,sell,11077,1,22154,19,0.09,0,19,0.09,-11,-0.05,407,0.41,0
402,Exit long,2020-11-03 10:00,close_long,11203,1,22388,18,0.08,0,18,0.08,-21.5,-0.10,425,0.43,1
402,Entry long,2020-11-03 09:55,buy,11194,1,22388,18,0.08,0,18,0.08,-21.5,-0.10,425,0.43,1
403,Exit long,2020-11-04 10:05,close_long,11705.75,1,23377,34.5,0.15,0,34.5,0.15,-12,-0.05,459.5,0.46,0
403,Entry long,2020-11-04 10:05,buy,11688.5,1,23377,34.5,0.15,0,34.5,0.15,-12,-0.05,459.5,0.46,0
404,Exit long,2020-11-05 09:55,close_long,12085.25,1,24157.5,13,0.05,0,13,0.05,0,0.00,472.5,0.47,0
404,Entry long,2020-11-05 09:55,buy,12078.75,1,24157.5,13,0.05,0,13,0.05,0,0.00,472.5,0.47,0
405,Exit short,2020-11-06 10:00,close_short,11893,1,23799,13,0.05,0,13,0.05,0,0.00,485.5,0.49,0
405,Entry short,2020-11-06 10:00,sell,11899.5,1,23799,13,0.05,0,13,0.05,0,0.00,485.5,0.49,0
406,Exit long,2020-11-09 10:35,close_long,12200.75,1,24507.5,-106,-0.43,0,14,0.06,-106,-0.43,379.5,0.38,3
406,Entry long,2020-11-09 10:20,buy,12253.75,1,24507.5,-106,-0.43,0,14,0.06,-106,-0.43,379.5,0.38,3
407,Exit short,2020-11-10 10:25,close_short,11566.25,1,23168,35.5,0.15,0,35.5,0.15,-16.5,-0.07,415,0.42,0
407,Entry short,2020-11-10 10:25,sell,11584,1,23168,35.5,0.15,0,35.5,0.15,-16.5,-0.07,415,0.42,0
408,Exit long,2020-11-11 10:35,close_long,11834.75,1,23661.5,8,0.03,0,8,0.03,0,0.00,423,0.42,0
408,Entry long,2020-11-11 10:35,buy,11830.75,1,23661.5,8,0.03,0,8,0.03,0,0.00,423,0.42,0
409,Exit short,2020-11-12 11:50,close_short,11885.25,1,23721.5,-49,-0.21,0,5,0.02,-49,-0.21,374,0.37,1
409,Entry short,2020-11-12 11:45,sell,11860.75,1,23721.5,-49,-0.21,0,5,0.02,-49,-0.21,374,0.37,1
410,Exit short,2020-11-13 10:05,close_short,11856.5,1,23728,15,0.06,0,15,0.06,0,0.00,389,0.39,0
410,Entry short,2020-11-13 10:05,sell,11864,1,23728,15,0.06,0,15,0.06,0,0.00,389,0.39,0
411,Exit long,2020-11-16 10:25,close_long,12002.75,1,23985.5,20,0.08,0,20,0.08,-3,-0.01,409,0.41,0
411,Entry long,2020-11-16 10:25,buy,11992.75,1,23985.5,20,0.08,0,20,0.08,-3,-0.01,409,0.41,0
412,Exit short,2020-11-17 10:10,close_short,12004,1,23927.5,-80.5,-0.34,0,1,0.00,-80.5,-0.34,328.5,0.33,2
412,Entry short,2020-11-17 10:00,sell,11963.75,1,23927.5,-80.5,-0.34,0,1,0.00,-80.5,-0.34,328.5,0.33,2
413,Exit short,2020-11-18 09:55,close_short,11920.5,1,23865,24,0.10,0,24,0.10,-0.5,0.00,352.5,0.35,0
413,Entry short,2020-11-18 09:55,sell,11932.5,1,23865,24,0.10,0,24,0.10,-0.5,0.00,352.5,0.35,0
414,Exit long,2020-11-18 12:00,close_long,12001.5,1,23995.5,7.5,0.03,0,7.5,0.03,-0.5,0.00,360,0.36,0
414,Entry long,2020-11-18 12:00,buy,11997.75,1,23995.5,7.5,0.03,0,7.5,0.03,-0.5,0.00,360,0.36,0
415,Exit long,2020-11-19 09:55,close_long,11909.25,1,23806.5,12,0.05,0,12,0.05,-3.5,-0.01,372,0.37,0
415,Entry long,2020-11-19 09:55,buy,11903.25,1,23806.5,12,0.05,0,12,0.05,-3.5,-0.01,372,0.37,0
416,Exit long,2020-11-20 11:05,close_long,12008,1,24004.5,11.5,0.05,0,11.5,0.05,-20.5,-0.09,383.5,0.38,5
416,Entry long,2020-11-20 10:40,buy,12002.25,1,24004.5,11.5,0.05,0,11.5,0.05,-20.5,-0.09,383.5,0.38,5
417,Exit short,2020-11-23 10:10,close_short,11916.5,1,23855.5,22.5,0.09,0,22.5,0.09,0,0.00,406,0.41,0
417,Entry short,2020-11-23 10:10,sell,11927.75,1,23855.5,22.5,0.09,0,22.5,0.09,0,0.00,406,0.41,0
418,Exit long,2020-11-24 10:50,close_long,11979.5,1,23940.5,18.5,0.08,0,18.5,0.08,-13.5,-0.06,424.5,0.42,1
418,Entry long,2020-11-24 10:45,buy,11970.25,1,23940.5,18.5,0.08,0,18.5,0.08,-13.5,-0.06,424.5,0.42,1
419,Exit short,2020-11-25 10:05,close_short,12081.5,1,24185,22,0.09,0,22,0.09,-6,-0.02,446.5,0.45,0
419,Entry short,2020-11-25 10:05,sell,12092.5,1,24185,22,0.09,0,22,0.09,-6,-0.02,446.5,0.45,0
420,Exit short,2020-11-26 10:50,close_short,12184,1,24373,5,0.02,0,5,0.02,-13.5,-0.06,451.5,0.45,6
420,Entry short,2020-11-26 10:20,sell,12186.5,1,24373,5,0.02,0,5,0.02,-13.5,-0.06,451.5,0.45,6
421,Exit long,2020-11-27 10:15,close_long,12266.25,1,24525.5,7,0.03,0,7,0.03,-2,-0.01,458.5,0.46,0
421,Entry long,2020-11-27 10:15,buy,12262.75,1,24525.5,7,0.03,0,7,0.03,-2,-0.01,458.5,0.46,0
422,Exit short,2020-11-30 10:30,close_short,12199.75,1,24416,16.5,0.07,0,16.5,0.07,-6,-0.02,475,0.48,0
422,Entry short,2020-11-30 10:30,sell,12208,1,24416,16.5,0.07,0,16.5,0.07,-6,-0.02,475,0.48,0
423,Exit long,2020-12-01 10:00,close_long,12396,1,24775,17,0.07,0,17,0.07,-8.5,-0.03,492,0.49,0
423,Entry long,2020-12-01 10:00,buy,12387.5,1,24775,17,0.07,0,17,0.07,-8.5,-0.03,492,0.49,0
424,Exit long,2020-12-02 10:20,close_long,12418.75,1,24827.5,10,0.04,0,10,0.04,0,0.00,502,0.50,0
424,Entry long,2020-12-02 10:20,buy,12413.75,1,24827.5,10,0.04,0,10,0.04,0,0.00,502,0.50,0
425,Exit long,2020-12-03 10:05,close_long,12513.75,1,25017,10.5,0.04,0,10.5,0.04,-0.5,0.00,512.5,0.51,0
425,Entry long,2020-12-03 10:05,buy,12508.5,1,25017,10.5,0.04,0,10.5,0.04,-0.5,0.00,512.5,0.51,0
426,Exit long,2020-12-04 10:00,close_long,12509.5,1,25013,6,0.02,0,6,0.02,0,0.00,518.5,0.52,0
426,Entry long,2020-12-04 10:00,buy,12506.5,1,25013,6,0.02,0,6,0.02,0,0.00,518.5,0.52,0
427,Exit long,2020-12-07 10:05,close_long,12593.25,1,25182,4.5,0.02,0,4.5,0.02,-8.5,-0.03,523,0.52,0
427,Entry long,2020-12-07 10:05,buy,12591,1,25182,4.5,0.02,0,4.5,0.02,-8.5,-0.03,523,0.52,0
428,Exit short,2020-12-08 10:30,close_short,12526.5,1,25011.5,-41.5,-0.17,0,6.5,0.03,-41.5,-0.17,481.5,0.48,1
428,Entry short,2020-12-08 10:25,sell,12505.75,1,25011.5,-41.5,-0.17,0,6.5,0.03,-41.5,-0.17,481.5,0.48,1
429,Exit short,2020-12-09 10:15,close_short,12570,1,25157,17,0.07,0,17,0.07,0,0.00,498.5,0.50,0
429,Entry short,2020-12-09 10:15,sell,12578.5,1,25157,17,0.07,0,17,0.07,0,0.00,498.5,0.50,0
430,Exit long,2020-12-10 09:55,close_long,12362.75,1,24715,10.5,0.04,0,10.5,0.04,-1.5,-0.01,509,0.51,0
430,Entry long,2020-12-10 09:55,buy,12357.5,1,24715,10.5,0.04,0,10.5,0.04,-1.5,-0.01,509,0.51,0
431,Exit short,2020-12-11 11:40,close_short,12262.25,1,24540,15.5,0.06,0,15.5,0.06,0,0.00,524.5,0.52,0
431,Entry short,2020-12-11 11:40,sell,12270,1,24540,15.5,0.06,0,15.5,0.06,0,0.00,524.5,0.52,0
432,Exit long,2020-12-14 10:00,close_long,12524.25,1,25034.5,14,0.06,0,14,0.06,0,0.00,538.5,0.54,0
432,Entry long,2020-12-14 10:00,buy,12517.25,1,25034.5,14,0.06,0,14,0.06,0,0.00,538.5,0.54,0
433,Exit short,2020-12-15 10:50,close_short,12525,1,25070,20,0.08,0,20,0.08,-26,-0.10,558.5,0.56,2
433,Entry short,2020-12-15 10:40,sell,12535,1,25070,20,0.08,0,20,0.08,-26,-0.10,558.5,0.56,2
434,Exit long,2020-12-16 10:45,close_long,12632,1,25260,4,0.02,0,4,0.02,0,0.00,562.5,0.56,0
434,Entry long,2020-12-16 10:45,buy,12630,1,25260,4,0.02,0,4,0.02,0,0.00,562.5,0.56,0
435,Exit short,2020-12-17 10:05,close_short,12720,1,25452,12,0.05,0,12,0.05,-14,-0.06,574.5,0.57,0
435,Entry short,2020-12-17 10:05,sell,12726,1,25452,12,0.05,0,12,0.05,-14,-0.06,574.5,0.57,0
436,Exit short,2020-12-18 10:00,close_short,12722.5,1,25450.5,5.5,0.02,0,5.5,0.02,-1,0.00,580,0.58,0
436,Entry short,2020-12-18 10:00,sell,12725.25,1,25450.5,5.5,0.02,0,5.5,0.02,-1,0.00,580,0.58,0
437,Exit short,2020-12-21 10:05,close_short,12516,1,25067,35,0.14,0,35,0.14,-11,-0.04,615,0.62,0
437,Entry short,2020-12-21 10:05,sell,12533.5,1,25067,35,0.14,0,35,0.14,-11,-0.04,615,0.62,0
438,Exit long,2020-12-22 09:55,close_long,12748.5,1,25482,15,0.06,0,15,0.06,-1,0.00,630,0.63,0
438,Entry long,2020-12-22 09:55,buy,12741,1,25482,15,0.06,0,15,0.06,-1,0.00,630,0.63,0
439,Exit short,2020-12-22 11:35,close_short,12626.75,1,25279.5,26,0.10,0,26,0.10,-6,-0.02,656,0.66,0
439,Entry short,2020-12-22 11:35,sell,12639.75,1,25279.5,26,0.10,0,26,0.10,-6,-0.02,656,0.66,0
440,Exit long,2020-12-24 10:35,close_long,12722.75,1,25440,5.5,0.02,0,5.5,0.02,0,0.00,661.5,0.66,0
440,Entry long,2020-12-24 10:35,buy,12720,1,25440,5.5,0.02,0,5.5,0.02,0,0.00,661.5,0.66,0
441,Exit short,2020-12-28 10:15,close_short,12756.75,1,25528.5,15,0.06,0,15,0.06,-25.5,-0.10,676.5,0.68,1
441,Entry short,2020-12-28 10:10,sell,12764.25,1,25528.5,15,0.06,0,15,0.06,-25.5,-0.10,676.5,0.68,1
442,Exit short,2020-12-29 10:00,close_short,12850,1,25719.5,19.5,0.08,0,19.5,0.08,-18,-0.07,696,0.70,0
442,Entry short,2020-12-29 10:00,sell,12859.75,1,25719.5,19.5,0.08,0,19.5,0.08,-18,-0.07,696,0.70,0
443,Exit short,2020-12-30 10:15,close_short,12836.5,1,25685,12,0.05,0,12,0.05,0,0.00,708,0.71,0
443,Entry short,2020-12-30 10:15,sell,12842.5,1,25685,12,0.05,0,12,0.05,0,0.00,708,0.71,0
444,Exit short,2020-12-31 11:55,close_short,12812,1,25632.5,8.5,0.03,0,8.5,0.03,-0.5,0.00,716.5,0.72,0
444,Entry short,2020-12-31 11:55,sell,12816.25,1,25632.5,8.5,0.03,0,8.5,0.03,-0.5,0.00,716.5,0.72,0
445,Exit short,2021-01-04 10:50,close_short,12804.5,1,25638,29,0.11,0,29,0.11,-10.5,-0.04,745.5,0.75,0
445,Entry short,2021-01-04 10:50,sell,12819,1,25638,29,0.11,0,29,0.11,-10.5,-0.04,745.5,0.75,0
446,Exit long,2021-01-05 10:00,close_long,12740,1,25525,-45,-0.18,0,12.5,0.05,-45,-0.18,700.5,0.70,1
446,Entry long,2021-01-05 09:55,buy,12762.5,1,25525,-45,-0.18,0,12.5,0.05,-45,-0.18,700.5,0.70,1
447,Exit long,2021-01-06 09:55,close_long,12641.5,1,25328,-45,-0.18,0,5.5,0.02,-45,-0.18,655.5,0.66,0
447,Entry long,2021-01-06 09:55,buy,12664,1,25328,-45,-0.18,0,5.5,0.02,-45,-0.18,655.5,0.66,0
448,Exit long,2021-01-07 10:00,close_long,12846.75,1,25676,17.5,0.07,0,17.5,0.07,-12.5,-0.05,673,0.67,0
448,Entry long,2021-01-07 10:00,buy,12838,1,25676,17.5,0.07,0,17.5,0.07,-12.5,-0.05,673,0.67,0
449,Exit short,2021-01-08 10:40,close_short,13011.25,1,25918.5,-104,-0.40,0,7.5,0.03,-104,-0.40,569,0.57,2
449,Entry short,2021-01-08 10:30,sell,12959.25,1,25918.5,-104,-0.40,0,7.5,0.03,-104,-0.40,569,0.57,2
450,Exit long,2021-01-11 10:15,close_long,12988.5,1,25960.5,16.5,0.06,0,16.5,0.06,-36.5,-0.14,585.5,0.59,1
450,Entry long,2021-01-11 10:10,buy,12980.25,1,25960.5,16.5,0.06,0,16.5,0.06,-36.5,-0.14,585.5,0.59,1
451,Exit short,2021-01-12 09:55,close_short,12888.25,1,25751.5,-25,-0.10,0,1.5,0.01,-25,-0.10,560.5,0.56,0
451,Entry short,2021-01-12 09:55,sell,12875.75,1,25751.5,-25,-0.10,0,1.5,0.01,-25,-0.10,560.5,0.56,0
452,Exit long,2021-01-13 10:00,close_long,12909.5,1,25871.5,-52.5,-0.20,0,13,0.05,-52.5,-0.20,508,0.51,1
452,Entry long,2021-01-13 09:55,buy,12935.75,1,25871.5,-52.5,-0.20,0,13,0.05,-52.5,-0.20,508,0.51,1
453,Exit long,2021-01-14 10:50,close_long,13024,1,26042,6,0.02,0,6,0.02,-1,0.00,514,0.51,0
453,Entry long,2021-01-14 10:50,buy,13021,1,26042,6,0.02,0,6,0.02,-1,0.00,514,0.51,0
454,Exit short,2021-01-15 10:05,close_short,12841.75,1,25715.5,32,0.12,0,32,0.12,-1,0.00,546,0.55,0
454,Entry short,2021-01-15 10:05,sell,12857.75,1,25715.5,32,0.12,0,32,0.12,-1,0.00,546,0.55,0
455,Exit long,2021-01-18 10:00,close_long,12812.75,1,25621.5,4,0.02,0,4,0.02,-4.5,-0.02,550,0.55,0
455,Entry long,2021-01-18 10:00,buy,12810.75,1,25621.5,4,0.02,0,4,0.02,-4.5,-0.02,550,0.55,0
456,Exit short,2021-01-19 10:00,close_short,12888,1,25732,-44,-0.17,0,11.5,0.04,-44,-0.17,506,0.51,1
456,Entry short,2021-01-19 09:55,sell,12866,1,25732,-44,-0.17,0,11.5,0.04,-44,-0.17,506,0.51,1
457,Exit long,2021-01-20 10:10,close_long,13216.5,1,26412.5,20.5,0.08,0,20.5,0.08,-2,-0.01,526.5,0.53,0
457,Entry long,2021-01-20 10:10,buy,13206.25,1,26412.5,20.5,0.08,0,20.5,0.08,-2,-0.01,526.5,0.53,0
458,Exit long,2021-01-21 10:15,close_long,13375.25,1,26729,21.5,0.08,0,21.5,0.08,-1.5,-0.01,548,0.55,0
458,Entry long,2021-01-21 10:15,buy,13364.5,1,26729,21.5,0.08,0,21.5,0.08,-1.5,-0.01,548,0.55,0
459,Exit long,2021-01-22 10:10,close_long,13372.25,1,26778,-33.5,-0.13,0,1.5,0.01,-33.5,-0.13,514.5,0.51,0
459,Entry long,2021-01-22 10:10,buy,13389,1,26778,-33.5,-0.13,0,1.5,0.01,-33.5,-0.13,514.5,0.51,0
460,Exit short,2021-01-25 10:50,close_short,13447.25,1,26922,27.5,0.10,0,27.5,0.10,-15.5,-0.06,542,0.54,0
460,Entry short,2021-01-25 10:50,sell,13461,1,26922,27.5,0.10,0,27.5,0.10,-15.5,-0.06,542,0.54,0
461,Exit long,2021-01-26 10:50,close_long,13520.5,1,27028,13,0.05,0,13,0.05,-17,-0.06,555,0.56,0
461,Entry long,2021-01-26 10:50,buy,13514,1,27028,13,0.05,0,13,0.05,-17,-0.06,555,0.56,0
462,Exit long,2021-01-28 10:20,close_long,13274.75,1,26534,15.5,0.06,0,15.5,0.06,0,0.00,570.5,0.57,0
462,Entry long,2021-01-28 10:20,buy,13267,1,26534,15.5,0.06,0,15.5,0.06,0,0.00,570.5,0.57,0
463,Exit long,2021-01-29 10:35,close_long,13094.25,1,26294.5,-106,-0.40,0,19.5,0.07,-106,-0.40,464.5,0.46,2
463,Entry long,2021-01-29 10:25,buy,13147.25,1,26294.5,-106,-0.40,0,19.5,0.07,-106,-0.40,464.5,0.46,2
464,Exit short,2021-01-29 11:30,close_short,12981.5,1,25988,25,0.10,0,25,0.10,-27.5,-0.11,489.5,0.49,0
464,Entry short,2021-01-29 11:30,sell,12994,1,25988,25,0.10,0,25,0.10,-27.5,-0.11,489.5,0.49,0
465,Exit short,2021-02-01 09:55,close_short,13021.5,1,25952.5,-90.5,-0.35,0,1,0.00,-90.5,-0.35,399,0.40,0
465,Entry short,2021-02-01 09:55,sell,12976.25,1,25952.5,-90.5,-0.35,0,1,0.00,-90.5,-0.35,399,0.40,0
466,Exit long,2021-02-01 10:45,close_long,13128,1,26232,24,0.09,0,24,0.09,-8,-0.03,423,0.42,0
466,Entry long,2021-02-01 10:45,buy,13116,1,26232,24,0.09,0,24,0.09,-8,-0.03,423,0.42,0
467,Exit long,2021-02-02 10:25,close_long,13386.5,1,26868.5,-95.5,-0.36,0,6.5,0.02,-95.5,-0.36,327.5,0.33,1
467,Entry long,2021-02-02 10:20,buy,13434.25,1,26868.5,-95.5,-0.36,0,6.5,0.02,-95.5,-0.36,327.5,0.33,1
468,Exit short,2021-02-03 10:15,close_short,13452,1,26918.5,14.5,0.05,0,14.5,0.05,-35,-0.13,342,0.34,0
468,Entry short,2021-02-03 10:15,sell,13459.25,1,26918.5,14.5,0.05,0,14.5,0.05,-35,-0.13,342,0.34,0
469,Exit short,2021-02-04 10:15,close_short,13439.5,1,26787,-92,-0.34,0,0.5,0.00,-92,-0.34,250,0.25,2
469,Entry short,2021-02-04 10:05,sell,13393.5,1,26787,-92,-0.34,0,0.5,0.00,-92,-0.34,250,0.25,2
470,Exit short,2021-02-05 10:00,close_short,13532,1,27078,14,0.05,0,14,0.05,0,0.00,264,0.26,0
470,Entry short,2021-02-05 10:00,sell,13539,1,27078,14,0.05,0,14,0.05,0,0.00,264,0.26,0
471,Exit long,2021-02-08 10:10,close_long,13670.25,1,27374,-33.5,-0.12,0,5,0.02,-33.5,-0.12,230.5,0.23,0
471,Entry long,2021-02-08 10:10,buy,13687,1,27374,-33.5,-0.12,0,5,0.02,-33.5,-0.12,230.5,0.23,0
472,Exit short,2021-02-08 11:35,close_short,13603.75,1,27224,16.5,0.06,0,16.5,0.06,-12,-0.04,247,0.25,0
472,Entry short,2021-02-08 11:35,sell,13612,1,27224,16.5,0.06,0,16.5,0.06,-12,-0.04,247,0.25,0
473,Exit long,2021-02-09 10:00,close_long,13709,1,27407.5,10.5,0.04,0,10.5,0.04,-12,-0.04,257.5,0.26,0
473,Entry long,2021-02-09 10:00,buy,13703.75,1,27407.5,10.5,0.04,0,10.5,0.04,-12,-0.04,257.5,0.26,0
474,Exit short,2021-02-10 10:15,close_short,13693.75,1,27406.5,19,0.07,0,19,0.07,-3.5,-0.01,276.5,0.28,0
474,Entry short,2021-02-10 10:15,sell,13703.25,1,27406.5,19,0.07,0,19,0.07,-3.5,-0.01,276.5,0.28,0
475,Exit short,2021-02-11 10:40,close_short,13724.5,1,27380,-69,-0.25,0,14,0.05,-69,-0.25,207.5,0.21,9
475,Entry short,2021-02-11 09:55,sell,13690,1,27380,-69,-0.25,0,14,0.05,-69,-0.25,207.5,0.21,9
476,Exit long,2021-02-12 10:15,close_long,13690.25,1,27414,-33.5,-0.12,0,5.5,0.02,-33.5,-0.12,174,0.17,0
476,Entry long,2021-02-12 10:15,buy,13707,1,27414,-33.5,-0.12,0,5.5,0.02,-33.5,-0.12,174,0.17,0
477,Exit long,2021-02-16 10:40,close_long,13873,1,27741.5,4.5,0.02,0,4.5,0.02,0,0.00,178.5,0.18,0
477,Entry long,2021-02-16 10:40,buy,13870.75,1,27741.5,4.5,0.02,0,4.5,0.02,0,0.00,178.5,0.18,0
478,Exit short,2021-02-16 11:20,close_short,13793.75,1,27606.5,19,0.07,0,19,0.07,-43,-0.16,197.5,0.20,2
478,Entry short,2021-02-16 11:10,sell,13803.25,1,27606.5,19,0.07,0,19,0.07,-43,-0.16,197.5,0.20,2
479,Exit long,2021-02-17 09:55,close_long,13690,1,27370.5,9.5,0.03,0,9.5,0.03,0,0.00,207,0.21,0
479,Entry long,2021-02-17 09:55,buy,13685.25,1,27370.5,9.5,0.03,0,9.5,0.03,0,0.00,207,0.21,0
480,Exit short,2021-02-17 10:25,close_short,13589.25,1,27203.5,25,0.09,0,25,0.09,-16.5,-0.06,232,0.23,0
480,Entry short,2021-02-17 10:25,sell,13601.75,1,27203.5,25,0.09,0,25,0.09,-16.5,-0.06,232,0.23,0
481,Exit short,2021-02-18 10:10,close_short,13500,1,27021.5,21.5,0.08,0,21.5,0.08,0,0.00,253.5,0.25,0
481,Entry short,2021-02-18 10:10,sell,13510.75,1,27021.5,21.5,0.08,0,21.5,0.08,0,0.00,253.5,0.25,0
482,Exit short,2021-02-19 10:20,close_short,13636,1,27281,9,0.03,0,9,0.03,0,0.00,262.5,0.26,0
482,Entry short,2021-02-19 10:20,sell,13640.5,1,27281,9,0.03,0,9,0.03,0,0.00,262.5,0.26,0
483,Exit long,2021-02-22 10:05,close_long,13421.5,1,26873,-30,-0.11,0,3,0.01,-30,-0.11,232.5,0.23,0
483,Entry long,2021-02-22 10:05,buy,13436.5,1,26873,-30,-0.11,0,3,0.01,-30,-0.11,232.5,0.23,0
484,Exit short,2021-02-22 10:30,close_short,13335.75,1,26695,23.5,0.09,0,23.5,0.09,-31.5,-0.12,256,0.26,1
484,Entry short,2021-02-22 10:25,sell,13347.5,1,26695,23.5,0.09,0,23.5,0.09,-31.5,-0.12,256,0.26,1
485,Exit long,2021-02-23 10:30,close_long,13004.75,1,26050,-40.5,-0.16,0,10,0.04,-40.5,-0.16,215.5,0.22,0
485,Entry long,2021-02-23 10:30,buy,13025,1,26050,-40.5,-0.16,0,10,0.04,-40.5,-0.16,215.5,0.22,0
486,Exit short,2021-02-24 10:20,close_short,13049,1,25954,-144,-0.55,0,38,0.15,-144,-0.55,71.5,0.07,3
486,Entry short,2021-02-24 10:05,sell,12977,1,25954,-144,-0.55,0,38,0.15,-144,-0.55,71.5,0.07,3
487,Exit long,2021-02-24 11:15,close_long,13152,1,26286,18,0.07,0,18,0.07,-3,-0.01,89.5,0.09,0
487,Entry long,2021-02-24 11:15,buy,13143,1,26286,18,0.07,0,18,0.07,-3,-0.01,89.5,0.09,0
488,Exit short,2021-02-25 10:10,close_short,13142.5,1,26299,14,0.05,0,14,0.05,-46.5,-0.18,103.5,0.10,0
488,Entry short,2021-02-25 10:10,sell,13149.5,1,26299,14,0.05,0,14,0.05,-46.5,-0.18,103.5,0.10,0
489,Exit short,2021-02-26 09:55,close_short,12877,1,25788,34,0.13,0,34,0.13,-12,-0.05,137.5,0.14,0
489,Entry short,2021-02-26 09:55,sell,12894,1,25788,34,0.13,0,34,0.13,-12,-0.05,137.5,0.14,0
490,Exit long,2021-03-01 10:20,close_long,13144,1,26263.5,24.5,0.09,0,24.5,0.09,-3.5,-0.01,162,0.16,0
490,Entry long,2021-03-01 10:20,buy,13131.75,1,26263.5,24.5,0.09,0,24.5,0.09,-3.5,-0.01,162,0.16,0
491,Exit short,2021-03-02 10:40,close_short,13141.5,1,26313.5,30.5,0.12,0,30.5,0.12,-71,-0.27,192.5,0.19,2
491,Entry short,2021-03-02 10:30,sell,13156.75,1,26313.5,30.5,0.12,0,30.5,0.12,-71,-0.27,192.5,0.19,2
492,Exit short,2021-03-03 10:05,close_short,12884.25,1,25809.5,41,0.16,0,41,0.16,-36,-0.14,233.5,0.23,1
492,Entry short,2021-03-03 10:00,sell,12904.75,1,25809.5,41,0.16,0,41,0.16,-36,-0.14,233.5,0.23,1
493,Exit short,2021-03-04 10:00,close_short,12581,1,25180,18,0.07,0,18,0.07,-53.5,-0.21,251.5,0.25,0
493,Entry short,2021-03-04 10:00,sell,12590,1,25180,18,0.07,0,18,0.07,-53.5,-0.21,251.5,0.25,0
494,Exit long,2021-03-04 11:45,close_long,12796.25,1,25565.5,27,0.11,0,27,0.11,-9.5,-0.04,278.5,0.28,0
494,Entry long,2021-03-04 11:45,buy,12782.75,1,25565.5,27,0.11,0,27,0.11,-9.5,-0.04,278.5,0.28,0
495,Exit short,2021-03-05 09:55,close_short,12384.25,1,24808,39.5,0.16,0,39.5,0.16,-39,-0.16,318,0.32,0
495,Entry short,2021-03-05 09:55,sell,12404,1,24808,39.5,0.16,0,39.5,0.16,-39,-0.16,318,0.32,0
496,Exit long,2021-03-08 10:35,close_long,12715.25,1,25416,14.5,0.06,0,14.5,0.06,0,0.00,332.5,0.33,0
496,Entry long,2021-03-08 10:35,buy,12708,1,25416,14.5,0.06,0,14.5,0.06,0,0.00,332.5,0.33,0
497,Exit short,2021-03-08 12:05,close_short,12494.75,1,25017,27.5,0.11,0,27.5,0.11,-50.5,-0.20,360,0.36,1
497,Entry short,2021-03-08 12:00,sell,12508.5,1,25017,27.5,0.11,0,27.5,0.11,-50.5,-0.20,360,0.36,1
498,Exit long,2021-03-09 09:55,close_long,12699,1,25371,27,0.11,0,27,0.11,-11.5,-0.05,387,0.39,0
498,Entry long,2021-03-09 09:55,buy,12685.5,1,25371,27,0.11,0,27,0.11,-11.5,-0.05,387,0.39,0
499,Exit short,2021-03-10 10:25,close_short,12831.25,1,25694,31.5,0.12,0,31.5,0.12,-5,-0.02,418.5,0.42,0
499,Entry short,2021-03-10 10:25,sell,12847,1,25694,31.5,0.12,0,31.5,0.12,-5,-0.02,418.5,0.42,0
500,Exit short,2021-03-11 10:40,close_short,12989.25,1,25846,-132.5,-0.51,0,19,0.07,-132.5,-0.51,286,0.29,4
500,Entry short,2021-03-11 10:20,sell,12923,1,25846,-132.5,-0.51,0,19,0.07,-132.5,-0.51,286,0.29,4
501,Exit long,2021-03-11 10:50,close_long,13016.75,1,26018.5,15,0.06,0,15,0.06,-16.5,-0.06,301,0.30,0
501,Entry long,2021-03-11 10:50,buy,13009.25,1,26018.5,15,0.06,0,15,0.06,-16.5,-0.06,301,0.30,0
502,Exit long,2021-03-12 09:55,close_long,12887,1,25758.5,15.5,0.06,0,15.5,0.06,-16,-0.06,316.5,0.32,0
502,Entry long,2021-03-12 09:55,buy,12879.25,1,25758.5,15.5,0.06,0,15.5,0.06,-16,-0.06,316.5,0.32,0
503,Exit short,2021-03-12 10:55,close_short,12770.5,1,25575,34,0.13,0,34,0.13,-19.5,-0.08,350.5,0.35,0
503,Entry short,2021-03-12 10:55,sell,12787.5,1,25575,34,0.13,0,34,0.13,-19.5,-0.08,350.5,0.35,0
504,Exit long,2021-03-15 09:55,close_long,12974,1,25923.5,24.5,0.09,0,24.5,0.09,-32,-0.12,375,0.38,0
504,Entry long,2021-03-15 09:55,buy,12961.75,1,25923.5,24.5,0.09,0,24.5,0.09,-32,-0.12,375,0.38,0
505,Exit long,2021-03-16 10:00,close_long,13231.75,1,26448.5,15,0.06,0,15,0.06,-24,-0.09,390,0.39,0
505,Entry long,2021-03-16 10:00,buy,13224.25,1,26448.5,15,0.06,0,15,0.06,-24,-0.09,390,0.39,0
506,Exit long,2021-03-17 10:00,close_long,13044.75,1,26069.5,20,0.08,0,20,0.08,0,0.00,410,0.41,0
506,Entry long,2021-03-17 10:00,buy,13034.75,1,26069.5,20,0.08,0,20,0.08,0,0.00,410,0.41,0
507,Exit short,2021-03-19 10:05,close_short,12690.25,1,25420,39.5,0.16,0,39.5,0.16,-18.5,-0.07,449.5,0.45,0
507,Entry short,2021-03-19 10:05,sell,12710,1,25420,39.5,0.16,0,39.5,0.16,-18.5,-0.07,449.5,0.45,0
508,Exit long,2021-03-19 11:05,close_long,12847.75,1,25682.5,13,0.05,0,13,0.05,0,0.00,462.5,0.46,0
508,Entry long,2021-03-19 11:05,buy,12841.25,1,25682.5,13,0.05,0,13,0.05,0,0.00,462.5,0.46,0
509,Exit long,2021-03-22 10:00,close_long,13025.5,1,26028.5,22.5,0.09,0,22.5,0.09,-44.5,-0.17,485,0.49,1
509,Entry long,2021-03-22 09:55,buy,13014.25,1,26028.5,22.5,0.09,0,22.5,0.09,-44.5,-0.17,485,0.49,1
510,Exit long,2021-03-23 11:05,close_long,13133,1,26249.5,16.5,0.06,0,16.5,0.06,-26.5,-0.10,501.5,0.50,1
510,Entry long,2021-03-23 11:00,buy,13124.75,1,26249.5,16.5,0.06,0,16.5,0.06,-26.5,-0.10,501.5,0.50,1
511,Exit short,2021-03-24 10:00,close_short,12949.5,1,25912.5,13.5,0.05,0,13.5,0.05,-32.5,-0.13,515,0.52,0
511,Entry short,2021-03-24 10:00,sell,12956.25,1,25912.5,13.5,0.05,0,13.5,0.05,-32.5,-0.13,515,0.52,0
512,Exit long,2021-03-25 10:05,close_long,12837,1,25645.5,28.5,0.11,0,28.5,0.11,0,0.00,543.5,0.54,0
512,Entry long,2021-03-25 10:05,buy,12822.75,1,25645.5,28.5,0.11,0,28.5,0.11,0,0.00,543.5,0.54,0
513,Exit short,2021-03-25 10:50,close_short,12659.75,1,25351.5,32,0.13,0,32,0.13,-3,-0.01,575.5,0.58,0
513,Entry short,2021-03-25 10:50,sell,12675.75,1,25351.5,32,0.13,0,32,0.13,-3,-0.01,575.5,0.58,0
514,Exit long,2021-03-26 10:20,close_long,12791,1,25700.5,-118.5,-0.46,0,6.5,0.03,-118.5,-0.46,457,0.46,3
514,Entry long,2021-03-26 10:05,buy,12850.25,1,25700.5,-118.5,-0.46,0,6.5,0.03,-118.5,-0.46,457,0.46,3
515,Exit short,2021-03-29 10:00,close_short,12842,1,25709.5,25.5,0.10,0,25.5,0.10,-20.5,-0.08,482.5,0.48,0
515,Entry short,2021-03-29 10:00,sell,12854.75,1,25709.5,25.5,0.10,0,25.5,0.10,-20.5,-0.08,482.5,0.48,0
516,Exit short,2021-03-30 10:20,close_short,12780.5,1,25590,29,0.11,0,29,0.11,-3,-0.01,511.5,0.51,0
516,Entry short,2021-03-30 10:20,sell,12795,1,25590,29,0.11,0,29,0.11,-3,-0.01,511.5,0.51,0
517,Exit long,2021-03-30 11:35,close_long,12903.25,1,25790,16.5,0.06,0,16.5,0.06,-6,-0.02,528,0.53,0
517,Entry long,2021-03-30 11:35,buy,12895,1,25790,16.5,0.06,0,16.5,0.06,-6,-0.02,528,0.53,0
518,Exit long,2021-03-31 09:55,close_long,13048,1,26086.5,9.5,0.04,0,9.5,0.04,-10.5,-0.04,537.5,0.54,0
518,Entry long,2021-03-31 09:55,buy,13043.25,1,26086.5,9.5,0.04,0,9.5,0.04,-10.5,-0.04,537.5,0.54,0
519,Exit long,2021-04-01 10:40,close_long,13319.5,1,26612,27,0.10,0,27,0.10,-28.5,-0.11,564.5,0.56,6
519,Entry long,2021-04-01 10:10,buy,13306,1,26612,27,0.10,0,27,0.10,-28.5,-0.11,564.5,0.56,6
520,Exit long,2021-04-05 10:05,close_long,13490,1,26964.5,15.5,0.06,0,15.5,0.06,-20,-0.07,580,0.58,0
520,Entry long,2021-04-05 10:05,buy,13482.25,1,26964.5,15.5,0.06,0,15.5,0.06,-20,-0.07,580,0.58,0
521,Exit long,2021-04-06 10:00,close_long,13600.25,1,27193.5,7,0.03,0,7,0.03,-8,-0.03,587,0.59,0
521,Entry long,2021-04-06 10:00,buy,13596.75,1,27193.5,7,0.03,0,7,0.03,-8,-0.03,587,0.59,0
522,Exit long,2021-04-07 10:00,close_long,13570,1,27151.5,-11.5,-0.04,0,0,0.00,-11.5,-0.04,575.5,0.58,0
522,Entry long,2021-04-07 10:00,buy,13575.75,1,27151.5,-11.5,-0.04,0,0,0.00,-11.5,-0.04,575.5,0.58,0
523,Exit long,2021-04-08 10:05,close_long,13724,1,27499.5,-51.5,-0.19,0,11,0.04,-51.5,-0.19,524,0.52,1
523,Entry long,2021-04-08 10:00,buy,13749.75,1,27499.5,-51.5,-0.19,0,11,0.04,-51.5,-0.19,524,0.52,1
524,Exit short,2021-04-08 10:20,close_short,13695.75,1,27403.5,12,0.04,0,12,0.04,0,0.00,536,0.54,0
524,Entry short,2021-04-08 10:20,sell,13701.75,1,27403.5,12,0.04,0,12,0.04,0,0.00,536,0.54,0
525,Exit long,2021-04-09 10:00,close_long,13725,1,27441,9,0.03,0,9,0.03,-0.5,0.00,545,0.55,0
525,Entry long,2021-04-09 10:00,buy,13720.5,1,27441,9,0.03,0,9,0.03,-0.5,0.00,545,0.55,0
526,Exit short,2021-04-12 09:55,close_short,13754,1,27512,4,0.01,0,4,0.01,0,0.00,549,0.55,0
526,Entry short,2021-04-12 09:55,sell,13756,1,27512,4,0.01,0,4,0.01,0,0.00,549,0.55,0
527,Exit long,2021-04-13 10:15,close_long,13921.5,1,27885.5,-42.5,-0.15,0,12.5,0.04,-42.5,-0.15,506.5,0.51,4
527,Entry long,2021-04-13 09:55,buy,13942.75,1,27885.5,-42.5,-0.15,0,12.5,0.04,-42.5,-0.15,506.5,0.51,4
528,Exit short,2021-04-14 10:25,close_short,13934.75,1,27882.5,13,0.05,0,13,0.05,-2.5,-0.01,519.5,0.52,0
528,Entry short,2021-04-14 10:25,sell,13941.25,1,27882.5,13,0.05,0,13,0.05,-2.5,-0.01,519.5,0.52,0
529,Exit long,2021-04-15 10:30,close_long,13994.5,1,27978,11,0.04,0,11,0.04,0,0.00,530.5,0.53,0
529,Entry long,2021-04-15 10:30,buy,13989,1,27978,11,0.04,0,11,0.04,0,0.00,530.5,0.53,0
530,Exit short,2021-04-16 09:55,close_short,13954.5,1,27929.5,20.5,0.07,0,20.5,0.07,-13,-0.05,551,0.55,0
530,Entry short,2021-04-16 09:55,sell,13964.75,1,27929.5,20.5,0.07,0,20.5,0.07,-13,-0.05,551,0.55,0
531,Exit short,2021-04-19 10:10,close_short,13912.5,1,27848,23,0.08,0,23,0.08,-6.5,-0.02,574,0.57,0
531,Entry short,2021-04-19 10:10,sell,13924,1,27848,23,0.08,0,23,0.08,-6.5,-0.02,574,0.57,0
532,Exit short,2021-04-20 10:45,close_short,13812.75,1,27649.5,24,0.09,0,24,0.09,-13,-0.05,598,0.60,0
532,Entry short,2021-04-20 10:45,sell,13824.75,1,27649.5,24,0.09,0,24,0.09,-13,-0.05,598,0.60,0
533,Exit long,2021-04-21 10:05,close_long,13773.25,1,27605,-58.5,-0.21,0,3.5,0.01,-58.5,-0.21,539.5,0.54,1
533,Entry long,2021-04-21 10:00,buy,13802.5,1,27605,-58.5,-0.21,0,3.5,0.01,-58.5,-0.21,539.5,0.54,1
534,Exit long,2021-04-22 10:50,close_long,13937.75,1,27861.5,14,0.05,0,14,0.05,-25,-0.09,553.5,0.55,3
534,Entry long,2021-04-22 10:35,buy,13930.75,1,27861.5,14,0.05,0,14,0.05,-25,-0.09,553.5,0.55,3
535,Exit long,2021-04-23 10:00,close_long,13835.75,1,27659,12.5,0.05,0,12.5,0.05,-19,-0.07,566,0.57,1
535,Entry long,2021-04-23 09:55,buy,13829.5,1,27659,12.5,0.05,0,12.5,0.05,-19,-0.07,566,0.57,1
536,Exit short,2021-04-26 09:55,close_short,13928.75,1,27826.5,-31,-0.11,0,0,0.00,-31,-0.11,535,0.53,0
536,Entry short,2021-04-26 09:55,sell,13913.25,1,27826.5,-31,-0.11,0,0,0.00,-31,-0.11,535,0.53,0
537,Exit long,2021-04-26 10:10,close_long,13955.5,1,27904.5,6.5,0.02,0,6.5,0.02,-9.5,-0.03,541.5,0.54,0
537,Entry long,2021-04-26 10:10,buy,13952.25,1,27904.5,6.5,0.02,0,6.5,0.02,-9.5,-0.03,541.5,0.54,0
538,Exit short,2021-04-27 09:55,close_short,13964.75,1,27932,2.5,0.01,0,2.5,0.01,-4,-0.01,544,0.54,0
538,Entry short,2021-04-27 09:55,sell,13966,1,27932,2.5,0.01,0,2.5,0.01,-4,-0.01,544,0.54,0
539,Exit long,2021-04-28 09:55,close_long,13957.5,1,27906,9,0.03,0,9,0.03,-6.5,-0.02,553,0.55,0
539,Entry long,2021-04-28 09:55,buy,13953,1,27906,9,0.03,0,9,0.03,-6.5,-0.02,553,0.55,0
540,Exit short,2021-04-29 09:55,close_short,13968.25,1,27956.5,20,0.07,0,20,0.07,-9,-0.03,573,0.57,0
540,Entry short,2021-04-29 09:55,sell,13978.25,1,27956.5,20,0.07,0,20,0.07,-9,-0.03,573,0.57,0
541,Exit long,2021-04-30 10:05,close_long,13876,1,27813,-61,-0.22,0,8.5,0.03,-61,-0.22,512,0.51,1
541,Entry long,2021-04-30 10:00,buy,13906.5,1,27813,-61,-0.22,0,8.5,0.03,-61,-0.22,512,0.51,1
542,Exit long,2021-05-03 10:15,close_long,13934.75,1,27859,10.5,0.04,0,10.5,0.04,-1,0.00,522.5,0.52,0
542,Entry long,2021-05-03 10:15,buy,13929.5,1,27859,10.5,0.04,0,10.5,0.04,-1,0.00,522.5,0.52,0
543,Exit short,2021-05-03 11:00,close_short,13845,1,27694.5,4.5,0.02,0,4.5,0.02,-1,0.00,527,0.53,0
543,Entry short,2021-05-03 11:00,sell,13847.25,1,27694.5,4.5,0.02,0,4.5,0.02,-1,0.00,527,0.53,0
544,Exit short,2021-05-04 09:55,close_short,13566.5,1,27144.5,11.5,0.04,0,11.5,0.04,-2,-0.01,538.5,0.54,0
544,Entry short,2021-05-04 09:55,sell,13572.25,1,27144.5,11.5,0.04,0,11.5,0.04,-2,-0.01,538.5,0.54,0
545,Exit short,2021-05-05 10:00,close_short,13586,1,27193.5,21.5,0.08,0,21.5,0.08,-17,-0.06,560,0.56,0
545,Entry short,2021-05-05 10:00,sell,13596.75,1,27193.5,21.5,0.08,0,21.5,0.08,-17,-0.06,560,0.56,0
546,Exit short,2021-05-06 10:10,close_short,13444,1,26830,-58,-0.22,0,2.5,0.01,-58,-0.22,502,0.50,0
546,Entry short,2021-05-06 10:10,sell,13415,1,26830,-58,-0.22,0,2.5,0.01,-58,-0.22,502,0.50,0
547,Exit long,2021-05-06 11:40,close_long,13534.5,1,27047,22,0.08,0,22,0.08,-8.5,-0.03,524,0.52,1
547,Entry long,2021-05-06 11:35,buy,13523.5,1,27047,22,0.08,0,22,0.08,-8.5,-0.03,524,0.52,1
548,Exit long,2021-05-07 10:15,close_long,13776,1,27545.5,6.5,0.02,0,6.5,0.02,-5,-0.02,530.5,0.53,0
548,Entry long,2021-05-07 10:15,buy,13772.75,1,27545.5,6.5,0.02,0,6.5,0.02,-5,-0.02,530.5,0.53,0
549,Exit short,2021-05-10 10:00,close_short,13510.5,1,27045.5,24.5,0.09,0,24.5,0.09,-44,-0.16,555,0.56,1
549,Entry short,2021-05-10 09:55,sell,13522.75,1,27045.5,24.5,0.09,0,24.5,0.09,-44,-0.16,555,0.56,1
550,Exit long,2021-05-11 09:55,close_long,13242.75,1,26460.5,25,0.09,0,25,0.09,-32.5,-0.12,580,0.58,0
550,Entry long,2021-05-11 09:55,buy,13230.25,1,26460.5,25,0.09,0,25,0.09,-32.5,-0.12,580,0.58,0
551,Exit short,2021-05-12 10:30,close_short,13094.25,1,26211,22.5,0.09,0,22.5,0.09,-33,-0.13,602.5,0.60,0
551,Entry short,2021-05-12 10:30,sell,13105.5,1,26211,22.5,0.09,0,22.5,0.09,-33,-0.13,602.5,0.60,0
552,Exit long,2021-05-13 10:10,close_long,13198.5,1,26378,19,0.07,0,19,0.07,-30,-0.11,621.5,0.62,1
552,Entry long,2021-05-13 10:05,buy,13189,1,26378,19,0.07,0,19,0.07,-30,-0.11,621.5,0.62,1
553,Exit short,2021-05-13 12:10,close_short,13122.5,1,26129.5,-115.5,-0.44,0,13.5,0.05,-115.5,-0.44,506,0.51,5
553,Entry short,2021-05-13 11:45,sell,13064.75,1,26129.5,-115.5,-0.44,0,13.5,0.05,-115.5,-0.44,506,0.51,5
554,Exit long,2021-05-14 10:05,close_long,13236.5,1,26535,-62,-0.23,0,15,0.06,-62,-0.23,444,0.44,1
554,Entry long,2021-05-14 10:00,buy,13267.5,1,26535,-62,-0.23,0,15,0.06,-62,-0.23,444,0.44,1
555,Exit short,2021-05-17 10:05,close_short,13245.5,1,26509.5,18.5,0.07,0,18.5,0.07,0,0.00,462.5,0.46,0
555,Entry short,2021-05-17 10:05,sell,13254.75,1,26509.5,18.5,0.07,0,18.5,0.07,0,0.00,462.5,0.46,0
556,Exit long,2021-05-18 10:30,close_long,13390.75,1,26765,16.5,0.06,0,16.5,0.06,-1.5,-0.01,479,0.48,0
556,Entry long,2021-05-18 10:30,buy,13382.5,1,26765,16.5,0.06,0,16.5,0.06,-1.5,-0.01,479,0.48,0
557,Exit long,2021-05-19 10:35,close_long,13054,1,26183.5,-75.5,-0.29,0,22.5,0.09,-75.5,-0.29,403.5,0.40,1
557,Entry long,2021-05-19 10:30,buy,13091.75,1,26183.5,-75.5,-0.29,0,22.5,0.09,-75.5,-0.29,403.5,0.40,1
558,Exit long,2021-05-20 10:05,close_long,13413.5,1,26812.5,14.5,0.05,0,14.5,0.05,-17,-0.06,418,0.42,0
558,Entry long,2021-05-20 10:05,buy,13406.25,1,26812.5,14.5,0.05,0,14.5,0.05,-17,-0.06,418,0.42,0
559,Exit short,2021-05-21 10:30,close_short,13507.75,1,26964.5,-51,-0.19,0,10.5,0.04,-51,-0.19,367,0.37,2
559,Entry short,2021-05-21 10:20,sell,13482.25,1,26964.5,-51,-0.19,0,10.5,0.04,-51,-0.19,367,0.37,2
560,Exit long,2021-05-24 10:05,close_long,13592.5,1,27179.5,5.5,0.02,0,5.5,0.02,-11,-0.04,372.5,0.37,0
560,Entry long,2021-05-24 10:05,buy,13589.75,1,27179.5,5.5,0.02,0,5.5,0.02,-11,-0.04,372.5,0.37,0
561,Exit short,2021-05-25 09:55,close_short,13655.5,1,27326,15,0.05,0,15,0.05,0,0.00,387.5,0.39,0
561,Entry short,2021-05-25 09:55,sell,13663,1,27326,15,0.05,0,15,0.05,0,0.00,387.5,0.39,0
562,Exit short,2021-05-26 10:15,close_short,13680,1,27323,-37,-0.14,0,8.5,0.03,-37,-0.14,350.5,0.35,2
562,Entry short,2021-05-26 10:05,sell,13661.5,1,27323,-37,-0.14,0,8.5,0.03,-37,-0.14,350.5,0.35,2
563,Exit long,2021-05-26 11:10,close_long,13714,1,27423,5,0.02,0,5,0.02,0,0.00,355.5,0.36,0
563,Entry long,2021-05-26 11:10,buy,13711.5,1,27423,5,0.02,0,5,0.02,0,0.00,355.5,0.36,0
564,Exit long,2021-05-27 10:35,close_long,13720,1,27428.5,11.5,0.04,0,11.5,0.04,-6.5,-0.02,367,0.37,0
564,Entry long,2021-05-27 10:35,buy,13714.25,1,27428.5,11.5,0.04,0,11.5,0.04,-6.5,-0.02,367,0.37,0
565,Exit long,2021-05-28 11:55,close_long,13748,1,27490.5,5.5,0.02,0,5.5,0.02,-8.5,-0.03,372.5,0.37,2
565,Entry long,2021-05-28 11:45,buy,13745.25,1,27490.5,5.5,0.02,0,5.5,0.02,-8.5,-0.03,372.5,0.37,2
566,Exit short,2021-05-31 11:35,close_short,13670.25,1,27326,-14.5,-0.05,0,3,0.01,-14.5,-0.05,358,0.36,8
566,Entry short,2021-05-31 10:55,sell,13663,1,27326,-14.5,-0.05,0,3,0.01,-14.5,-0.05,358,0.36,8
567,Exit short,2021-06-01 09:55,close_short,13708.75,1,27432.5,15,0.05,0,15,0.05,-18,-0.07,373,0.37,0
567,Entry short,2021-06-01 09:55,sell,13716.25,1,27432.5,15,0.05,0,15,0.05,-18,-0.07,373,0.37,0
568,Exit long,2021-06-03 11:00,close_long,13591.5,1,27158,25,0.09,0,25,0.09,-8,-0.03,398,0.40,0
568,Entry long,2021-06-03 11:00,buy,13579,1,27158,25,0.09,0,25,0.09,-8,-0.03,398,0.40,0
569,Exit long,2021-06-04 10:00,close_long,13701,1,27397.5,4.5,0.02,0,4.5,0.02,0,0.00,402.5,0.40,0
569,Entry long,2021-06-04 10:00,buy,13698.75,1,27397.5,4.5,0.02,0,4.5,0.02,0,0.00,402.5,0.40,0
570,Exit short,2021-06-07 10:20,close_short,13733.25,1,27430,-36.5,-0.13,0,4.5,0.02,-36.5,-0.13,366,0.37,0
570,Entry short,2021-06-07 10:20,sell,13715,1,27430,-36.5,-0.13,0,4.5,0.02,-36.5,-0.13,366,0.37,0
571,Exit short,2021-06-08 09:55,close_short,13838.75,1,27705,27.5,0.10,0,27.5,0.10,-3,-0.01,393.5,0.39,0
571,Entry short,2021-06-08 09:55,sell,13852.5,1,27705,27.5,0.10,0,27.5,0.10,-3,-0.01,393.5,0.39,0
572,Exit short,2021-06-09 09:55,close_short,13871,1,27707.5,-34.5,-0.12,0,0,0.00,-34.5,-0.12,359,0.36,0
572,Entry short,2021-06-09 09:55,sell,13853.75,1,27707.5,-34.5,-0.12,0,0,0.00,-34.5,-0.12,359,0.36,0
573,Exit long,2021-06-10 09:55,close_long,13960,1,27908.5,11.5,0.04,0,11.5,0.04,0,0.00,370.5,0.37,0
573,Entry long,2021-06-10 09:55,buy,13954.25,1,27908.5,11.5,0.04,0,11.5,0.04,0,0.00,370.5,0.37,0
574,Exit long,2021-06-11 09:55,close_long,13969.5,1,27969,-30,-0.11,0,2,0.01,-30,-0.11,340.5,0.34,0
574,Entry long,2021-06-11 09:55,buy,13984.5,1,27969,-30,-0.11,0,2,0.01,-30,-0.11,340.5,0.34,0
575,Exit short,2021-06-11 11:05,close_short,13957.25,1,27874.5,-40,-0.14,0,3,0.01,-40,-0.14,300.5,0.30,0
575,Entry short,2021-06-11 11:05,sell,13937.25,1,27874.5,-40,-0.14,0,3,0.01,-40,-0.14,300.5,0.30,0
576,Exit short,2021-06-15 10:40,close_short,14054.25,1,28119.5,11,0.04,0,11,0.04,-29.5,-0.10,311.5,0.31,2
576,Entry short,2021-06-15 10:30,sell,14059.75,1,28119.5,11,0.04,0,11,0.04,-29.5,-0.10,311.5,0.31,2
577,Exit long,2021-06-16 09:55,close_long,14084,1,28162,6,0.02,0,6,0.02,0,0.00,317.5,0.32,0
577,Entry long,2021-06-16 09:55,buy,14081,1,28162,6,0.02,0,6,0.02,0,0.00,317.5,0.32,0
578,Exit short,2021-06-16 11:35,close_short,14034.25,1,28077,8.5,0.03,0,8.5,0.03,-6,-0.02,326,0.33,0
578,Entry short,2021-06-16 11:35,sell,14038.5,1,28077,8.5,0.03,0,8.5,0.03,-6,-0.02,326,0.33,0
579,Exit long,2021-06-17 10:00,close_long,14029.25,1,28049,9.5,0.03,0,9.5,0.03,-12.5,-0.04,335.5,0.34,0
579,Entry long,2021-06-17 10:00,buy,14024.5,1,28049,9.5,0.03,0,9.5,0.03,-12.5,-0.04,335.5,0.34,0
580,Exit short,2021-06-18 11:25,close_short,14017.75,1,28059,23.5,0.08,0,23.5,0.08,-43,-0.15,359,0.36,2
580,Entry short,2021-06-18 11:15,sell,14029.5,1,28059,23.5,0.08,0,23.5,0.08,-43,-0.15,359,0.36,2
581,Exit long,2021-06-21 10:40,close_long,14087.5,1,28163,12,0.04,0,12,0.04,-3,-0.01,371,0.37,0
581,Entry long,2021-06-21 10:40,buy,14081.5,1,28163,12,0.04,0,12,0.04,-3,-0.01,371,0.37,0
582,Exit long,2021-06-22 11:10,close_long,14193.5,1,28375,12,0.04,0,12,0.04,-1,0.00,383,0.38,0
582,Entry long,2021-06-22 11:10,buy,14187.5,1,28375,12,0.04,0,12,0.04,-1,0.00,383,0.38,0
583,Exit long,2021-06-23 10:00,close_long,14314.5,1,28611,18,0.06,0,18,0.06,0,0.00,401,0.40,0
583,Entry long,2021-06-23 10:00,buy,14305.5,1,28611,18,0.06,0,18,0.06,0,0.00,401,0.40,0
584,Exit long,2021-06-24 10:20,close_long,14393.5,1,28783.5,3.5,0.01,0,3.5,0.01,-6,-0.02,404.5,0.40,0
584,Entry long,2021-06-24 10:20,buy,14391.75,1,28783.5,3.5,0.01,0,3.5,0.01,-6,-0.02,404.5,0.40,0
585,Exit short,2021-06-25 10:00,close_short,14335.5,1,28683,12,0.04,0,12,0.04,-15.5,-0.05,416.5,0.42,0
585,Entry short,2021-06-25 10:00,sell,14341.5,1,28683,12,0.04,0,12,0.04,-15.5,-0.05,416.5,0.42,0
586,Exit long,2021-06-28 10:10,close_long,14472,1,28934.5,9.5,0.03,0,9.5,0.03,-6,-0.02,426,0.43,0
586,Entry long,2021-06-28 10:10,buy,14467.25,1,28934.5,9.5,0.03,0,9.5,0.03,-6,-0.02,426,0.43,0
587,Exit short,2021-07-01 11:10,close_short,14503,1,29020,14,0.05,0,14,0.05,-3.5,-0.01,440,0.44,0
587,Entry short,2021-07-01 11:10,sell,14510,1,29020,14,0.05,0,14,0.05,-3.5,-0.01,440,0.44,0
588,Exit long,2021-07-02 11:55,close_long,14673.5,1,29340.5,6.5,0.02,0,6.5,0.02,-7,-0.02,446.5,0.45,0
588,Entry long,2021-07-02 11:55,buy,14670.25,1,29340.5,6.5,0.02,0,6.5,0.02,-7,-0.02,446.5,0.45,0
589,Exit long,2021-07-06 10:20,close_long,14760,1,29572,-52,-0.18,0,7.5,0.03,-52,-0.18,394.5,0.39,2
589,Entry long,2021-07-06 10:10,buy,14786,1,29572,-52,-0.18,0,7.5,0.03,-52,-0.18,394.5,0.39,2
590,Exit short,2021-07-06 11:00,close_short,14714,1,29454.5,26.5,0.09,0,26.5,0.09,-54.5,-0.19,421,0.42,5
590,Entry short,2021-07-06 10:35,sell,14727.25,1,29454.5,26.5,0.09,0,26.5,0.09,-54.5,-0.19,421,0.42,5
591,Exit short,2021-07-07 10:10,close_short,14839,1,29604.5,-73.5,-0.25,0,19,0.06,-73.5,-0.25,347.5,0.35,1
591,Entry short,2021-07-07 10:05,sell,14802.25,1,29604.5,-73.5,-0.25,0,19,0.06,-73.5,-0.25,347.5,0.35,1
592,Exit long,2021-07-08 10:35,close_long,14590.75,1,29289,-107.5,-0.37,0,26,0.09,-107.5,-0.37,240,0.24,1
592,Entry long,2021-07-08 10:30,buy,14644.5,1,29289,-107.5,-0.37,0,26,0.09,-107.5,-0.37,240,0.24,1
593,Exit long,2021-07-09 10:25,close_long,14733.25,1,29456,10.5,0.04,0,10.5,0.04,0,0.00,250.5,0.25,0
593,Entry long,2021-07-09 10:25,buy,14728,1,29456,10.5,0.04,0,10.5,0.04,0,0.00,250.5,0.25,0
594,Exit short,2021-07-12 10:05,close_short,14815,1,29637.5,7.5,0.03,0,7.5,0.03,-16.5,-0.06,258,0.26,0
594,Entry short,2021-07-12 10:05,sell,14818.75,1,29637.5,7.5,0.03,0,7.5,0.03,-16.5,-0.06,258,0.26,0
595,Exit long,2021-07-13 09:55,close_long,14911,1,29811,11,0.04,0,11,0.04,-2.5,-0.01,269,0.27,0
595,Entry long,2021-07-13 09:55,buy,14905.5,1,29811,11,0.04,0,11,0.04,-2.5,-0.01,269,0.27,0
596,Exit short,2021-07-14 11:35,close_short,14907.5,1,29837.5,22.5,0.08,0,22.5,0.08,-21,-0.07,291.5,0.29,1
596,Entry short,2021-07-14 11:30,sell,14918.75,1,29837.5,22.5,0.08,0,22.5,0.08,-21,-0.07,291.5,0.29,1
597,Exit short,2021-07-15 10:45,close_short,14770.25,1,29573.5,33,0.11,0,33,0.11,-17.5,-0.06,324.5,0.32,0
597,Entry short,2021-07-15 10:45,sell,14786.75,1,29573.5,33,0.11,0,33,0.11,-17.5,-0.06,324.5,0.32,0
598,Exit short,2021-07-16 10:05,close_short,14806,1,29619.5,7.5,0.03,0,7.5,0.03,-12,-0.04,332,0.33,0
598,Entry short,2021-07-16 10:05,sell,14809.75,1,29619.5,7.5,0.03,0,7.5,0.03,-12,-0.04,332,0.33,0
599,Exit short,2021-07-19 10:00,close_short,14478.75,1,28967,9.5,0.03,0,9.5,0.03,-27,-0.09,341.5,0.34,0
599,Entry short,2021-07-19 10:00,sell,14483.5,1,28967,9.5,0.03,0,9.5,0.03,-27,-0.09,341.5,0.34,0
600,Exit long,2021-07-20 10:25,close_long,14590.75,1,29216.5,-35,-0.12,0,4.5,0.02,-35,-0.12,306.5,0.31,0
600,Entry long,2021-07-20 10:25,buy,14608.25,1,29216.5,-35,-0.12,0,4.5,0.02,-35,-0.12,306.5,0.31,0
601,Exit long,2021-07-21 10:05,close_long,14736.25,1,29511.5,-39,-0.13,0,3,0.01,-39,-0.13,267.5,0.27,1
601,Entry long,2021-07-21 10:00,buy,14755.75,1,29511.5,-39,-0.13,0,3,0.01,-39,-0.13,267.5,0.27,1
602,Exit long,2021-07-22 10:35,close_long,14911.5,1,29809,14,0.05,0,14,0.05,-19.5,-0.07,281.5,0.28,1
602,Entry long,2021-07-22 10:30,buy,14904.5,1,29809,14,0.05,0,14,0.05,-19.5,-0.07,281.5,0.28,1
603,Exit long,2021-07-23 10:20,close_long,15002,1,29995,9,0.03,0,9,0.03,0,0.00,290.5,0.29,0
603,Entry long,2021-07-23 10:20,buy,14997.5,1,29995,9,0.03,0,9,0.03,0,0.00,290.5,0.29,0
604,Exit long,2021-07-26 10:00,close_long,15102.75,1,30198.5,7,0.02,0,7,0.02,-2,-0.01,297.5,0.30,0
604,Entry long,2021-07-26 10:00,buy,15099.25,1,30198.5,7,0.02,0,7,0.02,-2,-0.01,297.5,0.30,0
605,Exit short,2021-07-27 10:00,close_short,15036.25,1,30084.5,12,0.04,0,12,0.04,-33.5,-0.11,309.5,0.31,0
605,Entry short,2021-07-27 10:00,sell,15042.25,1,30084.5,12,0.04,0,12,0.04,-33.5,-0.11,309.5,0.31,0
606,Exit long,2021-07-28 10:30,close_long,15070.5,1,30108,33,0.11,0,33,0.11,-29.5,-0.10,342.5,0.34,2
606,Entry long,2021-07-28 10:20,buy,15054,1,30108,33,0.11,0,33,0.11,-29.5,-0.10,342.5,0.34,2
607,Exit long,2021-07-30 10:00,close_long,14952.25,1,29896,8.5,0.03,0,8.5,0.03,0,0.00,351,0.35,0
607,Entry long,2021-07-30 10:00,buy,14948,1,29896,8.5,0.03,0,8.5,0.03,0,0.00,351,0.35,0
608,Exit short,2021-08-03 09:55,close_short,14917.75,1,29867,31.5,0.11,0,31.5,0.11,-1.5,-0.01,382.5,0.38,0
608,Entry short,2021-08-03 09:55,sell,14933.5,1,29867,31.5,0.11,0,31.5,0.11,-1.5,-0.01,382.5,0.38,0
609,Exit long,2021-08-03 12:00,close_long,15018.75,1,30021.5,16,0.05,0,16,0.05,-7,-0.02,398.5,0.40,0
609,Entry long,2021-08-03 12:00,buy,15010.75,1,30021.5,16,0.05,0,16,0.05,-7,-0.02,398.5,0.40,0
610,Exit short,2021-08-04 10:30,close_short,15032,1,30037,-27,-0.09,0,0,0.00,-27,-0.09,371.5,0.37,0
610,Entry short,2021-08-04 10:30,sell,15018.5,1,30037,-27,-0.09,0,0,0.00,-27,-0.09,371.5,0.37,0
611,Exit long,2021-08-05 10:20,close_long,15122,1,30261.5,-17.5,-0.06,0,3,0.01,-17.5,-0.06,354,0.35,0
611,Entry long,2021-08-05 10:20,buy,15130.75,1,30261.5,-17.5,-0.06,0,3,0.01,-17.5,-0.06,354,0.35,0
612,Exit short,2021-08-06 10:50,close_short,15081,1,30177,15,0.05,0,15,0.05,-1.5,0.00,369,0.37,0
612,Entry short,2021-08-06 10:50,sell,15088.5,1,30177,15,0.05,0,15,0.05,-1.5,0.00,369,0.37,0
613,Exit short,2021-08-10 10:30,close_short,15086.75,1,30193,19.5,0.06,0,19.5,0.06,-1,0.00,388.5,0.39,0
613,Entry short,2021-08-10 10:30,sell,15096.5,1,30193,19.5,0.06,0,19.5,0.06,-1,0.00,388.5,0.39,0
614,Exit short,2021-08-11 10:30,close_short,15033,1,30081,15,0.05,0,15,0.05,-26.5,-0.09,403.5,0.40,3
614,Entry short,2021-08-11 10:15,sell,15040.5,1,30081,15,0.05,0,15,0.05,-26.5,-0.09,403.5,0.40,3
615,Exit long,2021-08-12 10:20,close_long,15018,1,30016,20,0.07,0,20,0.07,-8,-0.03,423.5,0.42,0
615,Entry long,2021-08-12 10:20,buy,15008,1,30016,20,0.07,0,20,0.07,-8,-0.03,423.5,0.42,0
616,Exit long,2021-08-13 10:40,close_long,15106.75,1,30267,-53.5,-0.18,0,16,0.05,-53.5,-0.18,370,0.37,4
616,Entry long,2021-08-13 10:20,buy,15133.5,1,30267,-53.5,-0.18,0,16,0.05,-53.5,-0.18,370,0.37,4
617,Exit short,2021-08-16 10:05,close_short,15014.5,1,30059,30,0.10,0,30,0.10,-24,-0.08,400,0.40,2
617,Entry short,2021-08-16 09:55,sell,15029.5,1,30059,30,0.10,0,30,0.10,-24,-0.08,400,0.40,2
618,Exit long,2021-08-17 11:00,close_long,15018.75,1,30099.5,-62,-0.21,0,16,0.05,-62,-0.21,338,0.34,3
618,Entry long,2021-08-17 10:45,buy,15049.75,1,30099.5,-62,-0.21,0,16,0.05,-62,-0.21,338,0.34,3
619,Exit short,2021-08-17 11:55,close_short,14948.25,1,29914,17.5,0.06,0,17.5,0.06,0,0.00,355.5,0.36,0
619,Entry short,2021-08-17 11:55,sell,14957,1,29914,17.5,0.06,0,17.5,0.06,0,0.00,355.5,0.36,0
620,Exit long,2021-08-18 09:55,close_long,15028.25,1,30039,17.5,0.06,0,17.5,0.06,-2.5,-0.01,373,0.37,0
620,Entry long,2021-08-18 09:55,buy,15019.5,1,30039,17.5,0.06,0,17.5,0.06,-2.5,-0.01,373,0.37,0
621,Exit long,2021-08-19 10:10,close_long,14853.75,1,29693,14.5,0.05,0,14.5,0.05,-15.5,-0.05,387.5,0.39,0
621,Entry long,2021-08-19 10:10,buy,14846.5,1,29693,14.5,0.05,0,14.5,0.05,-15.5,-0.05,387.5,0.39,0
622,Exit long,2021-08-20 10:00,close_long,15044.25,1,30082,6.5,0.02,0,6.5,0.02,-8.5,-0.03,394,0.39,0
622,Entry long,2021-08-20 10:00,buy,15041,1,30082,6.5,0.02,0,6.5,0.02,-8.5,-0.03,394,0.39,0
623,Exit long,2021-08-23 09:55,close_long,15202.5,1,30400,5,0.02,0,5,0.02,-9.5,-0.03,399,0.40,0
623,Entry long,2021-08-23 09:55,buy,15200,1,30400,5,0.02,0,5,0.02,-9.5,-0.03,399,0.40,0
624,Exit long,2021-08-24 10:25,close_long,15368.25,1,30722,14.5,0.05,0,14.5,0.05,-29,-0.09,413.5,0.41,3
624,Entry long,2021-08-24 10:10,buy,15361,1,30722,14.5,0.05,0,14.5,0.05,-29,-0.09,413.5,0.41,3
625,Exit short,2021-08-25 10:15,close_short,15376.75,1,30714.5,-39,-0.13,0,6.5,0.02,-39,-0.13,374.5,0.37,1
625,Entry short,2021-08-25 10:10,sell,15357.25,1,30714.5,-39,-0.13,0,6.5,0.02,-39,-0.13,374.5,0.37,1
626,Exit short,2021-08-26 10:25,close_short,15313.75,1,30644,16.5,0.05,0,16.5,0.05,-0.5,0.00,391,0.39,0
626,Entry short,2021-08-26 10:25,sell,15322,1,30644,16.5,0.05,0,16.5,0.05,-0.5,0.00,391,0.39,0
627,Exit long,2021-08-27 10:10,close_long,15386.75,1,30723,50.5,0.16,0,50.5,0.16,-40.5,-0.13,441.5,0.44,1
627,Entry long,2021-08-27 10:05,buy,15361.5,1,30723,50.5,0.16,0,50.5,0.16,-40.5,-0.13,441.5,0.44,1
628,Exit long,2021-08-30 09:55,close_long,15523.5,1,31038.5,8.5,0.03,0,8.5,0.03,-8.5,-0.03,450,0.45,0
628,Entry long,2021-08-30 09:55,buy,15519.25,1,31038.5,8.5,0.03,0,8.5,0.03,-8.5,-0.03,450,0.45,0
629,Exit short,2021-08-31 10:00,close_short,15519.25,1,31058.5,20,0.06,0,20,0.06,-30,-0.10,470,0.47,1
629,Entry short,2021-08-31 09:55,sell,15529.25,1,31058.5,20,0.06,0,20,0.06,-30,-0.10,470,0.47,1
630,Exit short,2021-09-02 10:00,close_short,15659.5,1,31298,-21,-0.07,0,0,0.00,-21,-0.07,449,0.45,0
630,Entry short,2021-09-02 10:00,sell,15649,1,31298,-21,-0.07,0,0,0.00,-21,-0.07,449,0.45,0
631,Exit long,2021-09-03 10:00,close_long,15657,1,31280.5,33.5,0.11,0,33.5,0.11,-6.5,-0.02,482.5,0.48,0
631,Entry long,2021-09-03 10:00,buy,15640.25,1,31280.5,33.5,0.11,0,33.5,0.11,-6.5,-0.02,482.5,0.48,0
632,Exit long,2021-09-06 09:55,close_long,15699.75,1,31397.5,2,0.01,0,2,0.01,0,0.00,484.5,0.48,0
632,Entry long,2021-09-06 09:55,buy,15698.75,1,31397.5,2,0.01,0,2,0.01,0,0.00,484.5,0.48,0
633,Exit short,2021-09-07 09:55,close_short,15638.75,1,31233,-44.5,-0.14,0,6,0.02,-44.5,-0.14,440,0.44,0
633,Entry short,2021-09-07 09:55,sell,15616.5,1,31233,-44.5,-0.14,0,6,0.02,-44.5,-0.14,440,0.44,0
634,Exit long,2021-09-07 10:55,close_long,15675.25,1,31346.5,4,0.01,0,4,0.01,-8,-0.03,444,0.44,0
634,Entry long,2021-09-07 10:55,buy,15673.25,1,31346.5,4,0.01,0,4,0.01,-8,-0.03,444,0.44,0
635,Exit short,2021-09-08 10:35,close_short,15580.75,1,31186,24.5,0.08,0,24.5,0.08,-6.5,-0.02,468.5,0.47,0
635,Entry short,2021-09-08 10:35,sell,15593,1,31186,24.5,0.08,0,24.5,0.08,-6.5,-0.02,468.5,0.47,0
636,Exit short,2021-09-09 12:00,close_short,15630.25,1,31229,-31.5,-0.10,0,6.5,0.02,-31.5,-0.10,437,0.44,6
636,Entry short,2021-09-09 11:30,sell,15614.5,1,31229,-31.5,-0.10,0,6.5,0.02,-31.5,-0.10,437,0.44,6
637,Exit short,2021-09-10 10:05,close_short,15612,1,31244,20,0.06,0,20,0.06,-15.5,-0.05,457,0.46,0
637,Entry short,2021-09-10 10:05,sell,15622,1,31244,20,0.06,0,20,0.06,-15.5,-0.05,457,0.46,0
638,Exit short,2021-09-13 10:05,close_short,15402.25,1,30831,26.5,0.09,0,26.5,0.09,-6.5,-0.02,483.5,0.48,0
638,Entry short,2021-09-13 10:05,sell,15415.5,1,30831,26.5,0.09,0,26.5,0.09,-6.5,-0.02,483.5,0.48,0
639,Exit short,2021-09-14 09:55,close_short,15430,1,30880.5,20.5,0.07,0,20.5,0.07,-5.5,-0.02,504,0.50,0
639,Entry short,2021-09-14 09:55,sell,15440.25,1,30880.5,20.5,0.07,0,20.5,0.07,-5.5,-0.02,504,0.50,0
640,Exit short,2021-09-15 10:30,close_short,15360,1,30637.5,-82.5,-0.27,0,21.5,0.07,-82.5,-0.27,421.5,0.42,3
640,Entry short,2021-09-15 10:15,sell,15318.75,1,30637.5,-82.5,-0.27,0,21.5,0.07,-82.5,-0.27,421.5,0.42,3
641,Exit short,2021-09-16 09:55,close_short,15394.5,1,30801,12,0.04,0,12,0.04,0,0.00,433.5,0.43,0
641,Entry short,2021-09-16 09:55,sell,15400.5,1,30801,12,0.04,0,12,0.04,0,0.00,433.5,0.43,0
642,Exit short,2021-09-17 09:55,close_short,15390,1,30792.5,12.5,0.04,0,12.5,0.04,-16.5,-0.05,446,0.45,0
642,Entry short,2021-09-17 09:55,sell,15396.25,1,30792.5,12.5,0.04,0,12.5,0.04,-16.5,-0.05,446,0.45,0
643,Exit short,2021-09-20 10:25,close_short,15014.25,1,30042.5,14,0.05,0,14,0.05,0,0.00,460,0.46,0
643,Entry short,2021-09-20 10:25,sell,15021.25,1,30042.5,14,0.05,0,14,0.05,0,0.00,460,0.46,0
644,Exit short,2021-09-21 10:45,close_short,14995,1,30031,41,0.14,0,41,0.14,-85,-0.28,501,0.50,7
644,Entry short,2021-09-21 10:10,sell,15015.5,1,30031,41,0.14,0,41,0.14,-85,-0.28,501,0.50,7
645,Exit long,2021-09-22 10:05,close_long,15099.75,1,30187.5,12,0.04,0,12,0.04,-8.5,-0.03,513,0.51,0
645,Entry long,2021-09-22 10:05,buy,15093.75,1,30187.5,12,0.04,0,12,0.04,-8.5,-0.03,513,0.51,0
646,Exit long,2021-09-23 10:15,close_long,15332,1,30637.5,26.5,0.09,0,26.5,0.09,-21,-0.07,539.5,0.54,2
646,Entry long,2021-09-23 10:05,buy,15318.75,1,30637.5,26.5,0.09,0,26.5,0.09,-21,-0.07,539.5,0.54,2
647,Exit long,2021-09-24 10:00,close_long,15260.25,1,30495.5,25,0.08,0,25,0.08,-4,-0.01,564.5,0.56,0
647,Entry long,2021-09-24 10:00,buy,15247.75,1,30495.5,25,0.08,0,25,0.08,-4,-0.01,564.5,0.56,0
648,Exit long,2021-09-27 11:25,close_long,15175.5,1,30442.5,-91.5,-0.30,0,3.5,0.01,-91.5,-0.30,473,0.47,4
648,Entry long,2021-09-27 11:05,buy,15221.25,1,30442.5,-91.5,-0.30,0,3.5,0.01,-91.5,-0.30,473,0.47,4
649,Exit short,2021-09-28 10:15,close_short,14870,1,29762.5,22.5,0.08,0,22.5,0.08,-32,-0.11,495.5,0.50,1
649,Entry short,2021-09-28 10:10,sell,14881.25,1,29762.5,22.5,0.08,0,22.5,0.08,-32,-0.11,495.5,0.50,1
650,Exit long,2021-09-29 10:10,close_long,14852.75,1,29792.5,-87,-0.29,0,21,0.07,-87,-0.29,408.5,0.41,3
650,Entry long,2021-09-29 09:55,buy,14896.25,1,29792.5,-87,-0.29,0,21,0.07,-87,-0.29,408.5,0.41,3
651,Exit short,2021-09-29 11:50,close_short,14798.25,1,29526,-70.5,-0.24,0,11.5,0.04,-70.5,-0.24,338,0.34,2
651,Entry short,2021-09-29 11:40,sell,14763,1,29526,-70.5,-0.24,0,11.5,0.04,-70.5,-0.24,338,0.34,2
652,Exit short,2021-09-30 11:40,close_short,14749.75,1,29519.5,20,0.07,0,20,0.07,-2.5,-0.01,358,0.36,0
652,Entry short,2021-09-30 11:40,sell,14759.75,1,29519.5,20,0.07,0,20,0.07,-2.5,-0.01,358,0.36,0
653,Exit short,2021-10-01 10:15,close_short,14596.25,1,29216.5,24,0.08,0,24,0.08,-68,-0.23,382,0.38,2
653,Entry short,2021-10-01 10:05,sell,14608.25,1,29216.5,24,0.08,0,24,0.08,-68,-0.23,382,0.38,2
654,Exit short,2021-10-04 10:15,close_short,14538.25,1,29110,33.5,0.12,0,33.5,0.12,-35,-0.12,415.5,0.42,2
654,Entry short,2021-10-04 10:05,sell,14555,1,29110,33.5,0.12,0,33.5,0.12,-35,-0.12,415.5,0.42,2
655,Exit long,2021-10-05 09:55,close_long,14594.25,1,29176,12.5,0.04,0,12.5,0.04,0,0.00,428,0.43,0
655,Entry long,2021-10-05 09:55,buy,14588,1,29176,12.5,0.04,0,12.5,0.04,0,0.00,428,0.43,0
656,Exit short,2021-10-06 10:10,close_short,14538.5,1,28991.5,-85.5,-0.29,0,18,0.06,-85.5,-0.29,342.5,0.34,1
656,Entry short,2021-10-06 10:05,sell,14495.75,1,28991.5,-85.5,-0.29,0,18,0.06,-85.5,-0.29,342.5,0.34,1
657,Exit long,2021-10-06 10:50,close_long,14686.5,1,29316.5,56.5,0.19,0,56.5,0.19,-69.5,-0.24,399,0.40,5
657,Entry long,2021-10-06 10:25,buy,14658.25,1,29316.5,56.5,0.19,0,56.5,0.19,-69.5,-0.24,399,0.40,5
658,Exit long,2021-10-07 10:00,close_long,14964,1,29911,17,0.06,0,17,0.06,-21,-0.07,416,0.42,0
658,Entry long,2021-10-07 10:00,buy,14955.5,1,29911,17,0.06,0,17,0.06,-21,-0.07,416,0.42,0
659,Exit short,2021-10-08 10:50,close_short,14865.75,1,29654.5,-77,-0.26,0,4.5,0.02,-77,-0.26,339,0.34,1
659,Entry short,2021-10-08 10:45,sell,14827.25,1,29654.5,-77,-0.26,0,4.5,0.02,-77,-0.26,339,0.34,1
660,Exit long,2021-10-11 09:55,close_long,14858.75,1,29708,9.5,0.03,0,9.5,0.03,0,0.00,348.5,0.35,0
660,Entry long,2021-10-11 09:55,buy,14854,1,29708,9.5,0.03,0,9.5,0.03,0,0.00,348.5,0.35,0
661,Exit short,2021-10-12 10:55,close_short,14640.5,1,29295,14,0.05,0,14,0.05,-13.5,-0.05,362.5,0.36,0
661,Entry short,2021-10-12 10:55,sell,14647.5,1,29295,14,0.05,0,14,0.05,-13.5,-0.05,362.5,0.36,0
662,Exit short,2021-10-13 09:55,close_short,14695.25,1,29406,15.5,0.05,0,15.5,0.05,0,0.00,378,0.38,0
662,Entry short,2021-10-13 09:55,sell,14703,1,29406,15.5,0.05,0,15.5,0.05,0,0.00,378,0.38,0
663,Exit long,2021-10-14 10:05,close_long,14983.75,1,29946.5,21,0.07,0,21,0.07,-1.5,-0.01,399,0.40,0
663,Entry long,2021-10-14 10:05,buy,14973.25,1,29946.5,21,0.07,0,21,0.07,-1.5,-0.01,399,0.40,0
664,Exit long,2021-10-15 11:00,close_long,15117.25,1,30221,13.5,0.04,0,13.5,0.04,-13,-0.04,412.5,0.41,0
664,Entry long,2021-10-15 11:00,buy,15110.5,1,30221,13.5,0.04,0,13.5,0.04,-13,-0.04,412.5,0.41,0
665,Exit long,2021-10-18 10:05,close_long,15143.25,1,30276,10.5,0.03,0,10.5,0.03,-18.5,-0.06,423,0.42,1
665,Entry long,2021-10-18 10:00,buy,15138,1,30276,10.5,0.03,0,10.5,0.03,-18.5,-0.06,423,0.42,1
666,Exit long,2021-10-19 11:00,close_long,15382,1,30751.5,12.5,0.04,0,12.5,0.04,-10.5,-0.03,435.5,0.44,0
666,Entry long,2021-10-19 11:00,buy,15375.75,1,30751.5,12.5,0.04,0,12.5,0.04,-10.5,-0.03,435.5,0.44,0
667,Exit short,2021-10-20 10:10,close_short,15406.75,1,30782,-31.5,-0.10,0,9,0.03,-31.5,-0.10,404,0.40,1
667,Entry short,2021-10-20 10:05,sell,15391,1,30782,-31.5,-0.10,0,9,0.03,-31.5,-0.10,404,0.40,1
668,Exit long,2021-10-20 10:30,close_long,15441.5,1,30874.5,8.5,0.03,0,8.5,0.03,-12.5,-0.04,412.5,0.41,0
668,Entry long,2021-10-20 10:30,buy,15437.25,1,30874.5,8.5,0.03,0,8.5,0.03,-12.5,-0.04,412.5,0.41,0
669,Exit long,2021-10-21 10:05,close_long,15395,1,30779.5,10.5,0.03,0,10.5,0.03,-30,-0.10,423,0.42,2
669,Entry long,2021-10-21 09:55,buy,15389.75,1,30779.5,10.5,0.03,0,10.5,0.03,-30,-0.10,423,0.42,2
670,Exit long,2021-10-22 10:30,close_long,15437.75,1,30925.5,-50,-0.16,0,2,0.01,-50,-0.16,373,0.37,0
670,Entry long,2021-10-22 10:30,buy,15462.75,1,30925.5,-50,-0.16,0,2,0.01,-50,-0.16,373,0.37,0
671,Exit short,2021-10-22 11:20,close_short,15346.5,1,30715,22,0.07,0,22,0.07,-7.5,-0.02,395,0.40,0
671,Entry short,2021-10-22 11:20,sell,15357.5,1,30715,22,0.07,0,22,0.07,-7.5,-0.02,395,0.40,0
672,Exit long,2021-10-25 12:00,close_long,15439.25,1,30873,5.5,0.02,0,5.5,0.02,-5,-0.02,400.5,0.40,0
672,Entry long,2021-10-25 12:00,buy,15436.5,1,30873,5.5,0.02,0,5.5,0.02,-5,-0.02,400.5,0.40,0
673,Exit long,2021-10-26 10:15,close_long,15681.25,1,31349,13.5,0.04,0,13.5,0.04,-2.5,-0.01,414,0.41,0
673,Entry long,2021-10-26 10:15,buy,15674.5,1,31349,13.5,0.04,0,13.5,0.04,-2.5,-0.01,414,0.41,0
674,Exit long,2021-10-27 10:55,close_long,15659.25,1,31298,20.5,0.07,0,20.5,0.07,0,0.00,434.5,0.43,0
674,Entry long,2021-10-27 10:55,buy,15649,1,31298,20.5,0.07,0,20.5,0.07,0,0.00,434.5,0.43,0
675,Exit long,2021-10-28 10:30,close_long,15702.5,1,31398,7,0.02,0,7,0.02,-7,-0.02,441.5,0.44,0
675,Entry long,2021-10-28 10:30,buy,15699,1,31398,7,0.02,0,7,0.02,-7,-0.02,441.5,0.44,0
676,Exit long,2021-10-29 10:15,close_long,15706.25,1,31397,15.5,0.05,0,15.5,0.05,-28.5,-0.09,457,0.46,1
676,Entry long,2021-10-29 10:10,buy,15698.5,1,31397,15.5,0.05,0,15.5,0.05,-28.5,-0.09,457,0.46,1
677,Exit short,2021-11-01 10:10,close_short,15809.5,1,31557.5,-61.5,-0.19,0,2,0.01,-61.5,-0.19,395.5,0.40,1
677,Entry short,2021-11-01 10:05,sell,15778.75,1,31557.5,-61.5,-0.19,0,2,0.01,-61.5,-0.19,395.5,0.40,1
678,Exit long,2021-11-02 09:55,close_long,15948.25,1,31922,-25.5,-0.08,0,1.5,0.00,-25.5,-0.08,370,0.37,0
678,Entry long,2021-11-02 09:55,buy,15961,1,31922,-25.5,-0.08,0,1.5,0.00,-25.5,-0.08,370,0.37,0
679,Exit short,2021-11-03 10:20,close_short,15975.5,1,31878.5,-72.5,-0.23,0,5,0.02,-72.5,-0.23,297.5,0.30,3
679,Entry short,2021-11-03 10:05,sell,15939.25,1,31878.5,-72.5,-0.23,0,5,0.02,-72.5,-0.23,297.5,0.30,3
680,Exit long,2021-11-04 09:55,close_long,16245,1,32478.5,11.5,0.04,0,11.5,0.04,-3,-0.01,309,0.31,0
680,Entry long,2021-11-04 09:55,buy,16239.25,1,32478.5,11.5,0.04,0,11.5,0.04,-3,-0.01,309,0.31,0
681,Exit short,2021-11-05 09:55,close_short,16403.5,1,32765.5,-41.5,-0.13,0,11,0.03,-41.5,-0.13,267.5,0.27,0
681,Entry short,2021-11-05 09:55,sell,16382.75,1,32765.5,-41.5,-0.13,0,11,0.03,-41.5,-0.13,267.5,0.27,0
682,Exit short,2021-11-08 10:05,close_short,16341.5,1,32650,-33,-0.10,0,2,0.01,-33,-0.10,234.5,0.23,0
682,Entry short,2021-11-08 10:05,sell,16325,1,32650,-33,-0.10,0,2,0.01,-33,-0.10,234.5,0.23,0
683,Exit short,2021-11-09 09:55,close_short,16288.75,1,32600,22.5,0.07,0,22.5,0.07,-25,-0.08,257,0.26,0
683,Entry short,2021-11-09 09:55,sell,16300,1,32600,22.5,0.07,0,22.5,0.07,-25,-0.08,257,0.26,0
684,Exit long,2021-11-10 09:55,close_long,16164.5,1,32305.5,23.5,0.07,0,23.5,0.07,-19.5,-0.06,280.5,0.28,0
684,Entry long,2021-11-10 09:55,buy,16152.75,1,32305.5,23.5,0.07,0,23.5,0.07,-19.5,-0.06,280.5,0.28,0
685,Exit short,2021-11-11 10:30,close_short,16043.25,1,32098,11.5,0.04,0,11.5,0.04,-20,-0.06,292,0.29,0
685,Entry short,2021-11-11 10:30,sell,16049,1,32098,11.5,0.04,0,11.5,0.04,-20,-0.06,292,0.29,0
686,Exit long,2021-11-12 10:55,close_long,16096.75,1,32186.5,7,0.02,0,7,0.02,-8.5,-0.03,299,0.30,0
686,Entry long,2021-11-12 10:55,buy,16093.25,1,32186.5,7,0.02,0,7,0.02,-8.5,-0.03,299,0.30,0
687,Exit short,2021-11-15 10:05,close_short,16192.75,1,32403,17.5,0.05,0,17.5,0.05,-17,-0.05,316.5,0.32,0
687,Entry short,2021-11-15 10:05,sell,16201.5,1,32403,17.5,0.05,0,17.5,0.05,-17,-0.05,316.5,0.32,0
688,Exit long,2021-11-16 11:10,close_long,16263.25,1,32510.5,16,0.05,0,16,0.05,-19.5,-0.06,332.5,0.33,1
688,Entry long,2021-11-16 11:05,buy,16255.25,1,32510.5,16,0.05,0,16,0.05,-19.5,-0.06,332.5,0.33,1
689,Exit short,2021-11-17 10:05,close_short,16306,1,32565.5,-46.5,-0.14,0,9.5,0.03,-46.5,-0.14,286,0.29,2
689,Entry short,2021-11-17 09:55,sell,16282.75,1,32565.5,-46.5,-0.14,0,9.5,0.03,-46.5,-0.14,286,0.29,2
690,Exit long,2021-11-17 11:20,close_long,16354,1,32689.5,18.5,0.06,0,18.5,0.06,-41.5,-0.13,304.5,0.30,8
690,Entry long,2021-11-17 10:40,buy,16344.75,1,32689.5,18.5,0.06,0,18.5,0.06,-41.5,-0.13,304.5,0.30,8
691,Exit short,2021-11-18 10:15,close_short,16324.5,1,32673.5,24.5,0.07,0,24.5,0.07,-31.5,-0.10,329,0.33,0
691,Entry short,2021-11-18 10:15,sell,16336.75,1,32673.5,24.5,0.07,0,24.5,0.07,-31.5,-0.10,329,0.33,0
692,Exit long,2021-11-18 11:35,close_long,16444.25,1,32860.5,28,0.09,0,28,0.09,-18,-0.05,357,0.36,0
692,Entry long,2021-11-18 11:35,buy,16430.25,1,32860.5,28,0.09,0,28,0.09,-18,-0.05,357,0.36,0
693,Exit long,2021-11-19 09:55,close_long,16592.25,1,33174.5,10,0.03,0,10,0.03,-14.5,-0.04,367,0.37,0
693,Entry long,2021-11-19 09:55,buy,16587.25,1,33174.5,10,0.03,0,10,0.03,-14.5,-0.04,367,0.37,0
694,Exit long,2021-11-22 10:10,close_long,16751.25,1,33489,13.5,0.04,0,13.5,0.04,-32,-0.10,380.5,0.38,1
694,Entry long,2021-11-22 10:05,buy,16744.5,1,33489,13.5,0.04,0,13.5,0.04,-32,-0.10,380.5,0.38,1
695,Exit short,2021-11-22 11:25,close_short,16625.75,1,33264,12.5,0.04,0,12.5,0.04,-2,-0.01,393,0.39,0
695,Entry short,2021-11-22 11:25,sell,16632,1,33264,12.5,0.04,0,12.5,0.04,-2,-0.01,393,0.39,0
696,Exit short,2021-11-23 10:40,close_short,16226,1,32485,33,0.10,0,33,0.10,-54,-0.17,426,0.43,2
696,Entry short,2021-11-23 10:30,sell,16242.5,1,32485,33,0.10,0,33,0.10,-54,-0.17,426,0.43,2
697,Exit long,2021-11-24 10:25,close_long,16247.25,1,32451,43.5,0.13,0,43.5,0.13,-137,-0.42,469.5,0.47,4
697,Entry long,2021-11-24 10:05,buy,16225.5,1,32451,43.5,0.13,0,43.5,0.13,-137,-0.42,469.5,0.47,4
698,Exit long,2021-11-25 10:00,close_long,16416.75,1,32828.5,5,0.02,0,5,0.02,0,0.00,474.5,0.47,0
698,Entry long,2021-11-25 10:00,buy,16414.25,1,32828.5,5,0.02,0,5,0.02,0,0.00,474.5,0.47,0
699,Exit short,2021-11-26 10:10,close_short,16145.75,1,32334.5,43,0.13,0,43,0.13,-75,-0.23,517.5,0.52,1
699,Entry short,2021-11-26 10:05,sell,16167.25,1,32334.5,43,0.13,0,43,0.13,-75,-0.23,517.5,0.52,1
700,Exit long,2021-11-29 10:00,close_long,16307,1,32595.5,18.5,0.06,0,18.5,0.06,-28.5,-0.09,536,0.54,0
700,Entry long,2021-11-29 10:00,buy,16297.75,1,32595.5,18.5,0.06,0,18.5,0.06,-28.5,-0.09,536,0.54,0
701,Exit long,2021-11-30 09:55,close_long,16400.75,1,32779,22.5,0.07,0,22.5,0.07,-6,-0.02,558.5,0.56,0
701,Entry long,2021-11-30 09:55,buy,16389.5,1,32779,22.5,0.07,0,22.5,0.07,-6,-0.02,558.5,0.56,0
702,Exit short,2021-11-30 10:50,close_short,16242.5,1,32537,52,0.16,0,52,0.16,-23.5,-0.07,610.5,0.61,0
702,Entry short,2021-11-30 10:50,sell,16268.5,1,32537,52,0.16,0,52,0.16,-23.5,-0.07,610.5,0.61,0
703,Exit long,2021-12-01 10:10,close_long,16341.75,1,32743,-59.5,-0.18,0,12,0.04,-59.5,-0.18,551,0.55,0
703,Entry long,2021-12-01 10:10,buy,16371.5,1,32743,-59.5,-0.18,0,12,0.04,-59.5,-0.18,551,0.55,0
704,Exit long,2021-12-02 10:00,close_long,16018,1,31999,37,0.12,0,37,0.12,-63.5,-0.20,588,0.59,1
704,Entry long,2021-12-02 09:55,buy,15999.5,1,31999,37,0.12,0,37,0.12,-63.5,-0.20,588,0.59,1
705,Exit short,2021-12-02 10:45,close_short,15846.75,1,31550,-143.5,-0.45,0,23.5,0.07,-143.5,-0.45,444.5,0.44,0
705,Entry short,2021-12-02 10:45,sell,15775,1,31550,-143.5,-0.45,0,23.5,0.07,-143.5,-0.45,444.5,0.44,0
706,Exit short,2021-12-03 10:00,close_short,15801,1,31669,67,0.21,0,67,0.21,-96,-0.30,511.5,0.51,1
706,Entry short,2021-12-03 09:55,sell,15834.5,1,31669,67,0.21,0,67,0.21,-96,-0.30,511.5,0.51,1
707,Exit long,2021-12-06 10:20,close_long,15771,1,31526,16,0.05,0,16,0.05,-35,-0.11,527.5,0.53,0
707,Entry long,2021-12-06 10:20,buy,15763,1,31526,16,0.05,0,16,0.05,-35,-0.11,527.5,0.53,0
708,Exit long,2021-12-07 09:55,close_long,16224.75,1,32431.5,18,0.06,0,18,0.06,-24,-0.07,545.5,0.55,0
708,Entry long,2021-12-07 09:55,buy,16215.75,1,32431.5,18,0.06,0,18,0.06,-24,-0.07,545.5,0.55,0
709,Exit short,2021-12-09 10:15,close_short,16322.5,1,32653,8,0.02,0,8,0.02,-22,-0.07,553.5,0.55,0
709,Entry short,2021-12-09 10:15,sell,16326.5,1,32653,8,0.02,0,8,0.02,-22,-0.07,553.5,0.55,0
710,Exit short,2021-12-10 11:05,close_short,16149.5,1,32332.5,33.5,0.10,0,33.5,0.10,-99,-0.31,587,0.59,3
710,Entry short,2021-12-10 10:50,sell,16166.25,1,32332.5,33.5,0.10,0,33.5,0.10,-99,-0.31,587,0.59,3
711,Exit short,2021-12-13 09:55,close_short,16296.5,1,32521.5,-71.5,-0.22,0,0,0.00,-71.5,-0.22,515.5,0.52,0
711,Entry short,2021-12-13 09:55,sell,16260.75,1,32521.5,-71.5,-0.22,0,0,0.00,-71.5,-0.22,515.5,0.52,0
712,Exit short,2021-12-14 10:50,close_short,15830.25,1,31681,20.5,0.06,0,20.5,0.06,-5.5,-0.02,536,0.54,0
712,Entry short,2021-12-14 10:50,sell,15840.5,1,31681,20.5,0.06,0,20.5,0.06,-5.5,-0.02,536,0.54,0
713,Exit short,2021-12-15 11:15,close_short,15821.25,1,31650.5,8,0.03,0,8,0.03,-9.5,-0.03,544,0.54,0
713,Entry short,2021-12-15 11:15,sell,15825.25,1,31650.5,8,0.03,0,8,0.03,-9.5,-0.03,544,0.54,0
714,Exit short,2021-12-16 10:00,close_short,16150.25,1,32340,39.5,0.12,0,39.5,0.12,-10.5,-0.03,583.5,0.58,0
714,Entry short,2021-12-16 10:00,sell,16170,1,32340,39.5,0.12,0,39.5,0.12,-10.5,-0.03,583.5,0.58,0
715,Exit long,2021-12-17 10:40,close_long,15836.75,1,31647,26.5,0.08,0,26.5,0.08,0,0.00,610,0.61,0
715,Entry long,2021-12-17 10:40,buy,15823.5,1,31647,26.5,0.08,0,26.5,0.08,0,0.00,610,0.61,0
716,Exit short,2021-12-20 11:30,close_short,15505.5,1,31035.5,24.5,0.08,0,24.5,0.08,-79,-0.25,634.5,0.63,5
716,Entry short,2021-12-20 11:05,sell,15517.75,1,31035.5,24.5,0.08,0,24.5,0.08,-79,-0.25,634.5,0.63,5
717,Exit short,2021-12-21 10:00,close_short,15658.75,1,31341.5,24,0.08,0,24,0.08,-37,-0.12,658.5,0.66,1
717,Entry short,2021-12-21 09:55,sell,15670.75,1,31341.5,24,0.08,0,24,0.08,-37,-0.12,658.5,0.66,1
718,Exit long,2021-12-22 10:50,close_long,16082.75,1,32131.5,34,0.11,0,34,0.11,-27,-0.08,692.5,0.69,2
718,Entry long,2021-12-22 10:40,buy,16065.75,1,32131.5,34,0.11,0,34,0.11,-27,-0.08,692.5,0.69,2
719,Exit long,2021-12-23 10:20,close_long,16265.75,1,32517,14.5,0.04,0,14.5,0.04,-25,-0.08,707,0.71,1
719,Entry long,2021-12-23 10:15,buy,16258.5,1,32517,14.5,0.04,0,14.5,0.04,-25,-0.08,707,0.71,1
720,Exit long,2021-12-27 10:05,close_long,16466.25,1,32915,17.5,0.05,0,17.5,0.05,-12.5,-0.04,724.5,0.72,0
720,Entry long,2021-12-27 10:05,buy,16457.5,1,32915,17.5,0.05,0,17.5,0.05,-12.5,-0.04,724.5,0.72,0
721,Exit short,2021-12-28 10:15,close_short,16505.5,1,33027,16,0.05,0,16,0.05,-29,-0.09,740.5,0.74,0
721,Entry short,2021-12-28 10:15,sell,16513.5,1,33027,16,0.05,0,16,0.05,-29,-0.09,740.5,0.74,0
722,Exit short,2021-12-29 10:15,close_short,16398.5,1,32845.5,48.5,0.15,0,48.5,0.15,-8,-0.02,789,0.79,0
722,Entry short,2021-12-29 10:15,sell,16422.75,1,32845.5,48.5,0.15,0,48.5,0.15,-8,-0.02,789,0.79,0
723,Exit long,2021-12-30 10:10,close_long,16548,1,33075.5,20.5,0.06,0,20.5,0.06,-18.5,-0.06,809.5,0.81,0
723,Entry long,2021-12-30 10:10,buy,16537.75,1,33075.5,20.5,0.06,0,20.5,0.06,-18.5,-0.06,809.5,0.81,0
724,Exit short,2021-12-31 10:05,close_short,16401,1,32727.5,-74.5,-0.23,0,6,0.02,-74.5,-0.23,735,0.74,0
724,Entry short,2021-12-31 10:05,sell,16363.75,1,32727.5,-74.5,-0.23,0,6,0.02,-74.5,-0.23,735,0.74,0
725,Exit short,2022-01-03 09:55,close_short,16299,1,32623.5,25.5,0.08,0,25.5,0.08,0,0.00,760.5,0.76,0
725,Entry short,2022-01-03 09:55,sell,16311.75,1,32623.5,25.5,0.08,0,25.5,0.08,0,0.00,760.5,0.76,0
726,Exit short,2022-01-04 09:55,close_short,16461.25,1,32931,8.5,0.03,0,8.5,0.03,-9.5,-0.03,769,0.77,0
726,Entry short,2022-01-04 09:55,sell,16465.5,1,32931,8.5,0.03,0,8.5,0.03,-9.5,-0.03,769,0.77,0
727,Exit short,2022-01-06 10:10,close_short,15609,1,31281.5,63.5,0.20,0,63.5,0.20,-50,-0.16,832.5,0.83,1
727,Entry short,2022-01-06 10:05,sell,15640.75,1,31281.5,63.5,0.20,0,63.5,0.20,-50,-0.16,832.5,0.83,1
728,Exit long,2022-01-06 11:15,close_long,15868,1,31721.5,14.5,0.05,0,14.5,0.05,-32.5,-0.10,847,0.85,0
728,Entry long,2022-01-06 11:15,buy,15860.75,1,31721.5,14.5,0.05,0,14.5,0.05,-32.5,-0.10,847,0.85,0
729,Exit short,2022-01-07 10:25,close_short,15686.5,1,31314.5,-58.5,-0.19,0,16,0.05,-58.5,-0.19,788.5,0.79,0
729,Entry short,2022-01-07 10:25,sell,15657.25,1,31314.5,-58.5,-0.19,0,16,0.05,-58.5,-0.19,788.5,0.79,0
730,Exit short,2022-01-10 10:00,close_short,15250,1,30518,18,0.06,0,18,0.06,-27,-0.09,806.5,0.81,0
730,Entry short,2022-01-10 10:00,sell,15259,1,30518,18,0.06,0,18,0.06,-27,-0.09,806.5,0.81,0
731,Exit long,2022-01-11 10:10,close_long,15647.75,1,31241.5,54,0.17,0,54,0.17,-36.5,-0.12,860.5,0.86,1
731,Entry long,2022-01-11 10:05,buy,15620.75,1,31241.5,54,0.17,0,54,0.17,-36.5,-0.12,860.5,0.86,1
732,Exit long,2022-01-12 10:15,close_long,15986.75,1,32006.5,-33,-0.10,0,6,0.02,-33,-0.10,827.5,0.83,0
732,Entry long,2022-01-12 10:15,buy,16003.25,1,32006.5,-33,-0.10,0,6,0.02,-33,-0.10,827.5,0.83,0
733,Exit short,2022-01-12 10:50,close_short,15861.25,1,31743.5,21,0.07,0,21,0.07,-13.5,-0.04,848.5,0.85,0
733,Entry short,2022-01-12 10:50,sell,15871.75,1,31743.5,21,0.07,0,21,0.07,-13.5,-0.04,848.5,0.85,0
734,Exit short,2022-01-13 10:05,close_short,15894.25,1,31812.5,24,0.08,0,24,0.08,-17,-0.05,872.5,0.87,0
734,Entry short,2022-01-13 10:05,sell,15906.25,1,31812.5,24,0.08,0,24,0.08,-17,-0.05,872.5,0.87,0
735,Exit long,2022-01-14 10:00,close_long,15542.25,1,31158.5,-74,-0.24,0,11.5,0.04,-74,-0.24,798.5,0.80,0
735,Entry long,2022-01-14 10:00,buy,15579.25,1,31158.5,-74,-0.24,0,11.5,0.04,-74,-0.24,798.5,0.80,0
736,Exit long,2022-01-18 10:10,close_long,15430.25,1,30816,44.5,0.14,0,44.5,0.14,-23.5,-0.08,843,0.84,0
736,Entry long,2022-01-18 10:10,buy,15408,1,30816,44.5,0.14,0,44.5,0.14,-23.5,-0.08,843,0.84,0
737,Exit short,2022-01-18 11:35,close_short,15291.75,1,30531.5,-52,-0.17,0,5.5,0.02,-52,-0.17,791,0.79,0
737,Entry short,2022-01-18 11:35,sell,15265.75,1,30531.5,-52,-0.17,0,5.5,0.02,-52,-0.17,791,0.79,0
738,Exit long,2022-01-19 10:00,close_long,15369,1,30722.5,15.5,0.05,0,15.5,0.05,0,0.00,806.5,0.81,0
738,Entry long,2022-01-19 10:00,buy,15361.25,1,30722.5,15.5,0.05,0,15.5,0.05,0,0.00,806.5,0.81,0
739,Exit short,2022-01-19 10:40,close_short,15199.5,1,30426.5,27.5,0.09,0,27.5,0.09,-1,0.00,834,0.83,0
739,Entry short,2022-01-19 10:40,sell,15213.25,1,30426.5,27.5,0.09,0,27.5,0.09,-1,0.00,834,0.83,0
740,Exit long,2022-01-20 10:00,close_long,15286.5,1,30553,20,0.07,0,20,0.07,0,0.00,854,0.85,0
740,Entry long,2022-01-20 10:00,buy,15276.5,1,30553,20,0.07,0,20,0.07,0,0.00,854,0.85,0
741,Exit short,2022-01-21 09:55,close_short,14632,1,29313.5,49.5,0.17,0,49.5,0.17,0,0.00,903.5,0.90,0
741,Entry short,2022-01-21 09:55,sell,14656.75,1,29313.5,49.5,0.17,0,49.5,0.17,0,0.00,903.5,0.90,0
742,Exit long,2022-01-21 11:35,close_long,14769.75,1,29688.5,-149,-0.50,0,15.5,0.05,-149,-0.50,754.5,0.75,2
742,Entry long,2022-01-21 11:25,buy,14844.25,1,29688.5,-149,-0.50,0,15.5,0.05,-149,-0.50,754.5,0.75,2
743,Exit short,2022-01-24 10:05,close_short,14065.25,1,28194,63.5,0.23,0,63.5,0.23,-142.5,-0.51,818,0.82,1
743,Entry short,2022-01-24 10:00,sell,14097,1,28194,63.5,0.23,0,63.5,0.23,-142.5,-0.51,818,0.82,1
744,Exit short,2022-01-25 10:00,close_short,14045.75,1,28139,47.5,0.17,0,47.5,0.17,-133.5,-0.47,865.5,0.87,1
744,Entry short,2022-01-25 09:55,sell,14069.5,1,28139,47.5,0.17,0,47.5,0.17,-133.5,-0.47,865.5,0.87,1
745,Exit long,2022-01-26 10:15,close_long,14429.75,1,29010,-150.5,-0.52,0,19,0.07,-150.5,-0.52,715,0.72,2
745,Entry long,2022-01-26 10:05,buy,14505,1,29010,-150.5,-0.52,0,19,0.07,-150.5,-0.52,715,0.72,2
746,Exit short,2022-01-26 10:45,close_short,14331.25,1,28695,32.5,0.11,0,32.5,0.11,-24.5,-0.09,747.5,0.75,0
746,Entry short,2022-01-26 10:45,sell,14347.5,1,28695,32.5,0.11,0,32.5,0.11,-24.5,-0.09,747.5,0.75,0
747,Exit long,2022-01-27 10:15,close_long,14358.25,1,28802,-85.5,-0.30,0,11,0.04,-85.5,-0.30,662,0.66,0
747,Entry long,2022-01-27 10:15,buy,14401,1,28802,-85.5,-0.30,0,11,0.04,-85.5,-0.30,662,0.66,0
748,Exit short,2022-01-27 10:40,close_short,14245.5,1,28385,-106,-0.37,0,14.5,0.05,-106,-0.37,556,0.56,0
748,Entry short,2022-01-27 10:40,sell,14192.5,1,28385,-106,-0.37,0,14.5,0.05,-106,-0.37,556,0.56,0
749,Exit long,2022-01-28 10:55,close_long,14125,1,28219,31,0.11,0,31,0.11,-52.5,-0.19,587,0.59,0
749,Entry long,2022-01-28 10:55,buy,14109.5,1,28219,31,0.11,0,31,0.11,-52.5,-0.19,587,0.59,0
750,Exit long,2022-01-31 10:00,close_long,14640.75,1,29220,61.5,0.21,0,61.5,0.21,-16.5,-0.06,648.5,0.65,1
750,Entry long,2022-01-31 09:55,buy,14610,1,29220,61.5,0.21,0,61.5,0.21,-16.5,-0.06,648.5,0.65,1
751,Exit short,2022-02-01 10:05,close_short,14729.75,1,29516,56.5,0.19,0,56.5,0.19,-47.5,-0.16,705,0.71,0
751,Entry short,2022-02-01 10:05,sell,14758,1,29516,56.5,0.19,0,56.5,0.19,-47.5,-0.16,705,0.71,0
752,Exit short,2022-02-02 11:05,close_short,15004.75,1,30044.5,35,0.12,0,35,0.12,-46.5,-0.15,740,0.74,0
752,Entry short,2022-02-02 11:05,sell,15022.25,1,30044.5,35,0.12,0,35,0.12,-46.5,-0.15,740,0.74,0
753,Exit long,2022-02-03 10:30,close_long,14835,1,29644.5,25.5,0.09,0,25.5,0.09,0,0.00,765.5,0.77,0
753,Entry long,2022-02-03 10:30,buy,14822.25,1,29644.5,25.5,0.09,0,25.5,0.09,0,0.00,765.5,0.77,0
754,Exit short,2022-02-03 12:00,close_short,14650.5,1,29333.5,32.5,0.11,0,32.5,0.11,-33.5,-0.11,798,0.80,0
754,Entry short,2022-02-03 12:00,sell,14666.75,1,29333.5,32.5,0.11,0,32.5,0.11,-33.5,-0.11,798,0.80,0
755,Exit long,2022-02-04 10:05,close_long,14623,1,29219.5,26.5,0.09,0,26.5,0.09,0,0.00,824.5,0.82,0
755,Entry long,2022-02-04 10:05,buy,14609.75,1,29219.5,26.5,0.09,0,26.5,0.09,0,0.00,824.5,0.82,0
756,Exit long,2022-02-07 10:10,close_long,14732.25,1,29599.5,-135,-0.46,0,13.5,0.05,-135,-0.46,689.5,0.69,3
756,Entry long,2022-02-07 09:55,buy,14799.75,1,29599.5,-135,-0.46,0,13.5,0.05,-135,-0.46,689.5,0.69,3
757,Exit short,2022-02-07 11:25,close_short,14678.25,1,29319,-37.5,-0.13,0,1.5,0.01,-37.5,-0.13,652,0.65,0
757,Entry short,2022-02-07 11:25,sell,14659.5,1,29319,-37.5,-0.13,0,1.5,0.01,-37.5,-0.13,652,0.65,0
758,Exit short,2022-02-08 10:15,close_short,14523.5,1,28959,-88,-0.30,0,23.5,0.08,-88,-0.30,564,0.56,2
758,Entry short,2022-02-08 10:05,sell,14479.5,1,28959,-88,-0.30,0,23.5,0.08,-88,-0.30,564,0.56,2
759,Exit long,2022-02-08 10:50,close_long,14606.25,1,29185,27.5,0.09,0,27.5,0.09,-22.5,-0.08,591.5,0.59,0
759,Entry long,2022-02-08 10:50,buy,14592.5,1,29185,27.5,0.09,0,27.5,0.09,-22.5,-0.08,591.5,0.59,0
760,Exit short,2022-02-09 10:25,close_short,14893.75,1,29719.5,-68,-0.23,0,10,0.03,-68,-0.23,523.5,0.52,1
760,Entry short,2022-02-09 10:20,sell,14859.75,1,29719.5,-68,-0.23,0,10,0.03,-68,-0.23,523.5,0.52,1
761,Exit long,2022-02-09 11:05,close_long,14947,1,29927.5,-33.5,-0.11,0,5.5,0.02,-33.5,-0.11,490,0.49,0
761,Entry long,2022-02-09 11:05,buy,14963.75,1,29927.5,-33.5,-0.11,0,5.5,0.02,-33.5,-0.11,490,0.49,0
762,Exit long,2022-02-10 10:00,close_long,14937.75,1,29823,52.5,0.18,0,52.5,0.18,-32,-0.11,542.5,0.54,1
762,Entry long,2022-02-10 09:55,buy,14911.5,1,29823,52.5,0.18,0,52.5,0.18,-32,-0.11,542.5,0.54,1
763,Exit short,2022-02-11 10:10,close_short,14612.75,1,29278,52.5,0.18,0,52.5,0.18,-171.5,-0.59,595,0.60,2
763,Entry short,2022-02-11 10:00,sell,14639,1,29278,52.5,0.18,0,52.5,0.18,-171.5,-0.59,595,0.60,2
764,Exit long,2022-02-14 09:55,close_long,14284.75,1,28664,-94.5,-0.33,0,2,0.01,-94.5,-0.33,500.5,0.50,0
764,Entry long,2022-02-14 09:55,buy,14332,1,28664,-94.5,-0.33,0,2,0.01,-94.5,-0.33,500.5,0.50,0
765,Exit long,2022-02-15 11:35,close_long,14551.25,1,29080,22.5,0.08,0,22.5,0.08,-59,-0.20,523,0.52,10
765,Entry long,2022-02-15 10:45,buy,14540,1,29080,22.5,0.08,0,22.5,0.08,-59,-0.20,523,0.52,10
766,Exit short,2022-02-16 10:40,close_short,14446.75,1,28797,-96.5,-0.34,0,26,0.09,-96.5,-0.34,426.5,0.43,9
766,Entry short,2022-02-16 09:55,sell,14398.5,1,28797,-96.5,-0.34,0,26,0.09,-96.5,-0.34,426.5,0.43,9
767,Exit short,2022-02-17 10:15,close_short,14373.75,1,28774.5,27,0.09,0,27,0.09,-86.5,-0.30,453.5,0.45,4
767,Entry short,2022-02-17 09:55,sell,14387.25,1,28774.5,27,0.09,0,27,0.09,-86.5,-0.30,453.5,0.45,4
768,Exit short,2022-02-18 10:35,close_short,14056.5,1,28131.5,18.5,0.07,0,18.5,0.07,-10.5,-0.04,472,0.47,0
768,Entry short,2022-02-18 10:35,sell,14065.75,1,28131.5,18.5,0.07,0,18.5,0.07,-10.5,-0.04,472,0.47,0
769,Exit short,2022-02-21 11:25,close_short,13785.5,1,27604.5,33.5,0.12,0,33.5,0.12,-48,-0.17,505.5,0.51,7
769,Entry short,2022-02-21 10:50,sell,13802.25,1,27604.5,33.5,0.12,0,33.5,0.12,-48,-0.17,505.5,0.51,7
770,Exit long,2022-02-22 09:55,close_long,14022.75,1,28154,-108.5,-0.39,0,0,0.00,-108.5,-0.39,397,0.40,0
770,Entry long,2022-02-22 09:55,buy,14077,1,28154,-108.5,-0.39,0,0,0.00,-108.5,-0.39,397,0.40,0
771,Exit short,2022-02-22 12:30,close_short,13831.25,1,27704.5,42,0.15,0,42,0.15,-112,-0.40,439,0.44,7
771,Entry short,2022-02-22 11:55,sell,13852.25,1,27704.5,42,0.15,0,42,0.15,-112,-0.40,439,0.44,7
772,Exit short,2022-02-23 10:00,close_short,13877.25,1,27793.5,39,0.14,0,39,0.14,-59,-0.21,478,0.48,1
772,Entry short,2022-02-23 09:55,sell,13896.75,1,27793.5,39,0.14,0,39,0.14,-59,-0.21,478,0.48,1
773,Exit long,2022-02-24 10:00,close_long,13285,1,26678.5,-108.5,-0.41,0,7.5,0.03,-108.5,-0.41,369.5,0.37,0
773,Entry long,2022-02-24 10:00,buy,13339.25,1,26678.5,-108.5,-0.41,0,7.5,0.03,-108.5,-0.41,369.5,0.37,0
774,Exit short,2022-02-25 10:00,close_short,13845.25,1,27737.5,47,0.17,0,47,0.17,-28.5,-0.10,416.5,0.42,0
774,Entry short,2022-02-25 10:00,sell,13868.75,1,27737.5,47,0.17,0,47,0.17,-28.5,-0.10,416.5,0.42,0
775,Exit long,2022-02-25 10:45,close_long,14061,1,28077,45,0.16,0,45,0.16,-12.5,-0.04,461.5,0.46,0
775,Entry long,2022-02-25 10:45,buy,14038.5,1,28077,45,0.16,0,45,0.16,-12.5,-0.04,461.5,0.46,0
776,Exit long,2022-02-28 10:00,close_long,14096.75,1,28288.5,-95,-0.34,0,26.5,0.09,-95,-0.34,366.5,0.37,0
776,Entry long,2022-02-28 10:00,buy,14144.25,1,28288.5,-95,-0.34,0,26.5,0.09,-95,-0.34,366.5,0.37,0
777,Exit short,2022-03-01 11:00,close_short,14144.5,1,28303,14,0.05,0,14,0.05,0,0.00,380.5,0.38,0
777,Entry short,2022-03-01 11:00,sell,14151.5,1,28303,14,0.05,0,14,0.05,0,0.00,380.5,0.38,0
778,Exit short,2022-03-02 10:25,close_short,13956.25,1,27981.5,69,0.25,0,69,0.25,-58,-0.21,449.5,0.45,3
778,Entry short,2022-03-02 10:10,sell,13990.75,1,27981.5,69,0.25,0,69,0.25,-58,-0.21,449.5,0.45,3
779,Exit long,2022-03-02 11:10,close_long,14173.5,1,28317.5,29.5,0.10,0,29.5,0.10,-27,-0.10,479,0.48,0
779,Entry long,2022-03-02 11:10,buy,14158.75,1,28317.5,29.5,0.10,0,29.5,0.10,-27,-0.10,479,0.48,0
780,Exit short,2022-03-03 10:10,close_short,14218,1,28460.5,24.5,0.09,0,24.5,0.09,-22.5,-0.08,503.5,0.50,0
780,Entry short,2022-03-03 10:10,sell,14230.25,1,28460.5,24.5,0.09,0,24.5,0.09,-22.5,-0.08,503.5,0.50,0
781,Exit short,2022-03-04 10:15,close_short,13803.5,1,27637,30,0.11,0,30,0.11,-36.5,-0.13,533.5,0.53,0
781,Entry short,2022-03-04 10:15,sell,13818.5,1,27637,30,0.11,0,30,0.11,-36.5,-0.13,533.5,0.53,0
782,Exit short,2022-03-07 10:10,close_short,13645.75,1,27347,55.5,0.20,0,55.5,0.20,-40.5,-0.15,589,0.59,2
782,Entry short,2022-03-07 10:00,sell,13673.5,1,27347,55.5,0.20,0,55.5,0.20,-40.5,-0.15,589,0.59,2
783,Exit short,2022-03-08 10:05,close_short,13162,1,26366.5,42.5,0.16,0,42.5,0.16,-7.5,-0.03,631.5,0.63,0
783,Entry short,2022-03-08 10:05,sell,13183.25,1,26366.5,42.5,0.16,0,42.5,0.16,-7.5,-0.03,631.5,0.63,0
784,Exit short,2022-03-09 09:55,close_short,13566.5,1,27031,-102,-0.38,0,17.5,0.06,-102,-0.38,529.5,0.53,0
784,Entry short,2022-03-09 09:55,sell,13515.5,1,27031,-102,-0.38,0,17.5,0.06,-102,-0.38,529.5,0.53,0
785,Exit long,2022-03-09 10:25,close_long,13607,1,27281.5,-67.5,-0.25,0,14,0.05,-67.5,-0.25,462,0.46,0
785,Entry long,2022-03-09 10:25,buy,13640.75,1,27281.5,-67.5,-0.25,0,14,0.05,-67.5,-0.25,462,0.46,0
786,Exit long,2022-03-10 10:20,close_long,13545.5,1,27210.5,-119.5,-0.44,0,1,0.00,-119.5,-0.44,342.5,0.34,0
786,Entry long,2022-03-10 10:20,buy,13605.25,1,27210.5,-119.5,-0.44,0,1,0.00,-119.5,-0.44,342.5,0.34,0
787,Exit short,2022-03-10 10:50,close_short,13458,1,26950.5,34.5,0.13,0,34.5,0.13,-80.5,-0.30,377,0.38,3
787,Entry short,2022-03-10 10:35,sell,13475.25,1,26950.5,34.5,0.13,0,34.5,0.13,-80.5,-0.30,377,0.38,3
788,Exit short,2022-03-11 09:55,close_short,13583,1,27202,36,0.13,0,36,0.13,-12.5,-0.05,413,0.41,0
788,Entry short,2022-03-11 09:55,sell,13601,1,27202,36,0.13,0,36,0.13,-12.5,-0.05,413,0.41,0
789,Exit long,2022-03-14 10:25,close_long,13386.5,1,26746,27,0.10,0,27,0.10,-58.5,-0.22,440,0.44,2
789,Entry long,2022-03-14 10:15,buy,13373,1,26746,27,0.10,0,27,0.10,-58.5,-0.22,440,0.44,2
790,Exit short,2022-03-14 11:45,close_short,13191,1,26401.5,19.5,0.07,0,19.5,0.07,-5.5,-0.02,459.5,0.46,0
790,Entry short,2022-03-14 11:45,sell,13200.75,1,26401.5,19.5,0.07,0,19.5,0.07,-5.5,-0.02,459.5,0.46,0
791,Exit long,2022-03-15 10:10,close_long,13162.75,1,26433,-107.5,-0.41,0,24,0.09,-107.5,-0.41,352,0.35,1
791,Entry long,2022-03-15 10:05,buy,13216.5,1,26433,-107.5,-0.41,0,24,0.09,-107.5,-0.41,352,0.35,1
792,Exit long,2022-03-16 10:15,close_long,13768,1,27501,35,0.13,0,35,0.13,-4,-0.01,387,0.39,0
792,Entry long,2022-03-16 10:15,buy,13750.5,1,27501,35,0.13,0,35,0.13,-4,-0.01,387,0.39,0
793,Exit long,2022-03-17 10:05,close_long,13999.25,1,27959,39.5,0.14,0,39.5,0.14,-42,-0.15,426.5,0.43,1
793,Entry long,2022-03-17 10:00,buy,13979.5,1,27959,39.5,0.14,0,39.5,0.14,-42,-0.15,426.5,0.43,1
794,Exit long,2022-03-18 10:00,close_long,14167.5,1,28304,31,0.11,0,31,0.11,-21,-0.07,457.5,0.46,0
794,Entry long,2022-03-18 10:00,buy,14152,1,28304,31,0.11,0,31,0.11,-21,-0.07,457.5,0.46,0
795,Exit short,2022-03-21 10:05,close_short,14275.25,1,28604,53.5,0.19,0,53.5,0.19,-51.5,-0.18,511,0.51,2
795,Entry short,2022-03-21 09:55,sell,14302,1,28604,53.5,0.19,0,53.5,0.19,-51.5,-0.18,511,0.51,2
796,Exit long,2022-03-22 10:10,close_long,14549.75,1,29061.5,38,0.13,0,38,0.13,-24.5,-0.08,549,0.55,1
796,Entry long,2022-03-22 10:05,buy,14530.75,1,29061.5,38,0.13,0,38,0.13,-24.5,-0.08,549,0.55,1
797,Exit long,2022-03-23 10:15,close_long,14579.25,1,29126.5,32,0.11,0,32,0.11,-1,0.00,581,0.58,0
797,Entry long,2022-03-23 10:15,buy,14563.25,1,29126.5,32,0.11,0,32,0.11,-1,0.00,581,0.58,0
798,Exit short,2022-03-24 10:30,close_short,14440.75,1,28916.5,35,0.12,0,35,0.12,-45,-0.16,616,0.62,2
798,Entry short,2022-03-24 10:20,sell,14458.25,1,28916.5,35,0.12,0,35,0.12,-45,-0.16,616,0.62,2
799,Exit long,2022-03-24 11:15,close_long,14572.25,1,29126.5,18,0.06,0,18,0.06,-26,-0.09,634,0.63,0
799,Entry long,2022-03-24 11:15,buy,14563.25,1,29126.5,18,0.06,0,18,0.06,-26,-0.09,634,0.63,0
800,Exit short,2022-03-25 11:10,close_short,14637.75,1,29316.5,41,0.14,0,41,0.14,-3,-0.01,675,0.68,0
800,Entry short,2022-03-25 11:10,sell,14658.25,1,29316.5,41,0.14,0,41,0.14,-3,-0.01,675,0.68,0
801,Exit long,2022-03-28 10:00,close_long,14867.5,1,29774.5,-39.5,-0.13,0,6.5,0.02,-39.5,-0.13,635.5,0.64,0
801,Entry long,2022-03-28 10:00,buy,14887.25,1,29774.5,-39.5,-0.13,0,6.5,0.02,-39.5,-0.13,635.5,0.64,0
802,Exit short,2022-03-28 12:10,close_short,14717.25,1,29460,25.5,0.09,0,25.5,0.09,-82,-0.28,661,0.66,4
802,Entry short,2022-03-28 11:50,sell,14730,1,29460,25.5,0.09,0,25.5,0.09,-82,-0.28,661,0.66,4
803,Exit short,2022-03-29 10:10,close_short,15079.5,1,30189,30,0.10,0,30,0.10,-34,-0.11,691,0.69,0
803,Entry short,2022-03-29 10:10,sell,15094.5,1,30189,30,0.10,0,30,0.10,-34,-0.11,691,0.69,0
804,Exit long,2022-03-30 10:55,close_long,15162.75,1,30438.5,-113,-0.37,0,31.5,0.10,-113,-0.37,578,0.58,8
804,Entry long,2022-03-30 10:15,buy,15219.25,1,30438.5,-113,-0.37,0,31.5,0.10,-113,-0.37,578,0.58,8
805,Exit short,2022-03-30 11:10,close_short,15102,1,30224,20,0.07,0,20,0.07,-26,-0.09,598,0.60,0
805,Entry short,2022-03-30 11:10,sell,15112,1,30224,20,0.07,0,20,0.07,-26,-0.09,598,0.60,0
806,Exit short,2022-04-01 10:10,close_short,14872.25,1,29635.5,-109,-0.37,0,23.5,0.08,-109,-0.37,489,0.49,3
806,Entry short,2022-04-01 09:55,sell,14817.75,1,29635.5,-109,-0.37,0,23.5,0.08,-109,-0.37,489,0.49,3
807,Exit long,2022-04-04 09:55,close_long,15031.75,1,30050.5,13,0.04,0,13,0.04,-3,-0.01,502,0.50,0
807,Entry long,2022-04-04 09:55,buy,15025.25,1,30050.5,13,0.04,0,13,0.04,-3,-0.01,502,0.50,0
808,Exit short,2022-04-05 10:05,close_short,15042,1,30112.5,28.5,0.09,0,28.5,0.09,-89,-0.30,530.5,0.53,2
808,Entry short,2022-04-05 09:55,sell,15056.25,1,30112.5,28.5,0.09,0,28.5,0.09,-89,-0.30,530.5,0.53,2
809,Exit short,2022-04-06 10:00,close_short,14497.5,1,29012.5,17.5,0.06,0,17.5,0.06,-12,-0.04,548,0.55,0
809,Entry short,2022-04-06 10:00,sell,14506.25,1,29012.5,17.5,0.06,0,17.5,0.06,-12,-0.04,548,0.55,0
810,Exit short,2022-04-07 10:45,close_short,14435.75,1,28898,26.5,0.09,0,26.5,0.09,-20.5,-0.07,574.5,0.57,0
810,Entry short,2022-04-07 10:45,sell,14449,1,28898,26.5,0.09,0,26.5,0.09,-20.5,-0.07,574.5,0.57,0
811,Exit short,2022-04-08 10:05,close_short,14389,1,28656,-122,-0.43,0,31.5,0.11,-122,-0.43,452.5,0.45,2
811,Entry short,2022-04-08 09:55,sell,14328,1,28656,-122,-0.43,0,31.5,0.11,-122,-0.43,452.5,0.45,2
812,Exit short,2022-04-11 10:40,close_short,14067,1,28160,26,0.09,0,26,0.09,-73.5,-0.26,478.5,0.48,2
812,Entry short,2022-04-11 10:30,sell,14080,1,28160,26,0.09,0,26,0.09,-73.5,-0.26,478.5,0.48,2
813,Exit long,2022-04-12 10:00,close_long,14265.5,1,28501.5,29.5,0.10,0,29.5,0.10,-40.5,-0.14,508,0.51,1
813,Entry long,2022-04-12 09:55,buy,14250.75,1,28501.5,29.5,0.10,0,29.5,0.10,-40.5,-0.14,508,0.51,1
814,Exit short,2022-04-12 10:50,close_short,14092.25,1,28215,30.5,0.11,0,30.5,0.11,-18,-0.06,538.5,0.54,0
814,Entry short,2022-04-12 10:50,sell,14107.5,1,28215,30.5,0.11,0,30.5,0.11,-18,-0.06,538.5,0.54,0
815,Exit long,2022-04-13 10:20,close_long,14097,1,28162.5,31.5,0.11,0,31.5,0.11,-15,-0.05,570,0.57,0
815,Entry long,2022-04-13 10:20,buy,14081.25,1,28162.5,31.5,0.11,0,31.5,0.11,-15,-0.05,570,0.57,0
816,Exit short,2022-04-14 09:55,close_short,14107,1,28230.5,16.5,0.06,0,16.5,0.06,0,0.00,586.5,0.59,0
816,Entry short,2022-04-14 09:55,sell,14115.25,1,28230.5,16.5,0.06,0,16.5,0.06,0,0.00,586.5,0.59,0
817,Exit long,2022-04-18 10:20,close_long,13964.75,1,27891,38.5,0.14,0,38.5,0.14,-29.5,-0.11,625,0.63,1
817,Entry long,2022-04-18 10:15,buy,13945.5,1,27891,38.5,0.14,0,38.5,0.14,-29.5,-0.11,625,0.63,1
818,Exit long,2022-04-19 09:55,close_long,13991.25,1,27945.5,37,0.13,0,37,0.13,-3.5,-0.01,662,0.66,0
818,Entry long,2022-04-19 09:55,buy,13972.75,1,27945.5,37,0.13,0,37,0.13,-3.5,-0.01,662,0.66,0
819,Exit short,2022-04-20 10:00,close_short,14107,1,28171.5,-42.5,-0.15,0,0,0.00,-42.5,-0.15,619.5,0.62,0
819,Entry short,2022-04-20 10:00,sell,14085.75,1,28171.5,-42.5,-0.15,0,0,0.00,-42.5,-0.15,619.5,0.62,0
820,Exit short,2022-04-21 10:15,close_short,14137.5,1,28295.5,20.5,0.07,0,20.5,0.07,0,0.00,640,0.64,0
820,Entry short,2022-04-21 10:15,sell,14147.75,1,28295.5,20.5,0.07,0,20.5,0.07,0,0.00,640,0.64,0
821,Exit short,2022-04-22 10:25,close_short,13597.25,1,27214.5,20,0.07,0,20,0.07,-14.5,-0.05,660,0.66,0
821,Entry short,2022-04-22 10:25,sell,13607.25,1,27214.5,20,0.07,0,20,0.07,-14.5,-0.05,660,0.66,0
822,Exit long,2022-04-25 10:30,close_long,13401.25,1,26785,17.5,0.07,0,17.5,0.07,-6.5,-0.02,677.5,0.68,0
822,Entry long,2022-04-25 10:30,buy,13392.5,1,26785,17.5,0.07,0,17.5,0.07,-6.5,-0.02,677.5,0.68,0
823,Exit short,2022-04-26 09:55,close_short,13259.5,1,26548.5,29.5,0.11,0,29.5,0.11,-25,-0.09,707,0.71,0
823,Entry short,2022-04-26 09:55,sell,13274.25,1,26548.5,29.5,0.11,0,29.5,0.11,-25,-0.09,707,0.71,0
824,Exit short,2022-04-27 10:20,close_short,13010,1,25960.5,-59.5,-0.23,0,13,0.05,-59.5,-0.23,647.5,0.65,0
824,Entry short,2022-04-27 10:20,sell,12980.25,1,25960.5,-59.5,-0.23,0,13,0.05,-59.5,-0.23,647.5,0.65,0
825,Exit short,2022-04-28 10:15,close_short,13073.25,1,26179.5,33,0.13,0,33,0.13,-103.5,-0.40,680.5,0.68,2
825,Entry short,2022-04-28 10:05,sell,13089.75,1,26179.5,33,0.13,0,33,0.13,-103.5,-0.40,680.5,0.68,2
826,Exit long,2022-04-29 10:05,close_long,13334.75,1,26843.5,-174,-0.65,0,18,0.07,-174,-0.65,506.5,0.51,1
826,Entry long,2022-04-29 10:00,buy,13421.75,1,26843.5,-174,-0.65,0,18,0.07,-174,-0.65,506.5,0.51,1
827,Exit short,2022-04-29 10:40,close_short,13216.5,1,26442.5,9.5,0.04,0,9.5,0.04,-25,-0.09,516,0.52,0
827,Entry short,2022-04-29 10:40,sell,13221.25,1,26442.5,9.5,0.04,0,9.5,0.04,-25,-0.09,516,0.52,0
828,Exit long,2022-05-02 10:30,close_long,13007.75,1,25965.5,50,0.19,0,50,0.19,-7.5,-0.03,566,0.57,0
828,Entry long,2022-05-02 10:30,buy,12982.75,1,25965.5,50,0.19,0,50,0.19,-7.5,-0.03,566,0.57,0
829,Exit long,2022-05-03 10:05,close_long,13108,1,26279,-63,-0.24,0,15.5,0.06,-63,-0.24,503,0.50,0
829,Entry long,2022-05-03 10:05,buy,13139.5,1,26279,-63,-0.24,0,15.5,0.06,-63,-0.24,503,0.50,0
830,Exit short,2022-05-04 09:55,close_short,13026.75,1,26086,32.5,0.12,0,32.5,0.12,-27,-0.10,535.5,0.54,0
830,Entry short,2022-05-04 09:55,sell,13043,1,26086,32.5,0.12,0,32.5,0.12,-27,-0.10,535.5,0.54,0
831,Exit short,2022-05-05 09:55,close_short,13182.75,1,26386,20.5,0.08,0,20.5,0.08,-20,-0.08,556,0.56,0
831,Entry short,2022-05-05 09:55,sell,13193,1,26386,20.5,0.08,0,20.5,0.08,-20,-0.08,556,0.56,0
832,Exit long,2022-05-06 10:50,close_long,12843.75,1,25613.5,74,0.29,0,74,0.29,0,0.00,630,0.63,0
832,Entry long,2022-05-06 10:50,buy,12806.75,1,25613.5,74,0.29,0,74,0.29,0,0.00,630,0.63,0
833,Exit short,2022-05-09 10:15,close_short,12444.75,1,24745,-144.5,-0.58,0,1.5,0.01,-144.5,-0.58,485.5,0.49,1
833,Entry short,2022-05-09 10:10,sell,12372.5,1,24745,-144.5,-0.58,0,1.5,0.01,-144.5,-0.58,485.5,0.49,1
834,Exit short,2022-05-10 10:50,close_short,12265,1,24572,42,0.17,0,42,0.17,-58,-0.24,527.5,0.53,0
834,Entry short,2022-05-10 10:50,sell,12286,1,24572,42,0.17,0,42,0.17,-58,-0.24,527.5,0.53,0
835,Exit long,2022-05-12 10:10,close_long,11940.5,1,23819.5,61.5,0.26,0,61.5,0.26,-24.5,-0.10,589,0.59,0
835,Entry long,2022-05-12 10:10,buy,11909.75,1,23819.5,61.5,0.26,0,61.5,0.26,-24.5,-0.10,589,0.59,0
836,Exit long,2022-05-13 10:00,close_long,12295.75,1,24540,51.5,0.21,0,51.5,0.21,-70,-0.29,640.5,0.64,1
836,Entry long,2022-05-13 09:55,buy,12270,1,24540,51.5,0.21,0,51.5,0.21,-70,-0.29,640.5,0.64,1
837,Exit long,2022-05-16 10:30,close_long,12307.25,1,24732.5,-118,-0.48,0,14,0.06,-118,-0.48,522.5,0.52,0
837,Entry long,2022-05-16 10:30,buy,12366.25,1,24732.5,-118,-0.48,0,14,0.06,-118,-0.48,522.5,0.52,0
838,Exit short,2022-05-16 11:00,close_short,12198,1,24418.5,22.5,0.09,0,22.5,0.09,-28,-0.11,545,0.55,0
838,Entry short,2022-05-16 11:00,sell,12209.25,1,24418.5,22.5,0.09,0,22.5,0.09,-28,-0.11,545,0.55,0
839,Exit short,2022-05-17 09:55,close_short,12436.5,1,24898,25,0.10,0,25,0.10,0,0.00,570,0.57,0
839,Entry short,2022-05-17 09:55,sell,12449,1,24898,25,0.10,0,25,0.10,0,0.00,570,0.57,0
840,Exit short,2022-05-18 10:00,close_short,12343.25,1,24598.5,-88,-0.36,0,10.5,0.04,-88,-0.36,482,0.48,0
840,Entry short,2022-05-18 10:00,sell,12299.25,1,24598.5,-88,-0.36,0,10.5,0.04,-88,-0.36,482,0.48,0
841,Exit long,2022-05-19 11:35,close_long,12009,1,23989.5,28.5,0.12,0,28.5,0.12,-34.5,-0.14,510.5,0.51,0
841,Entry long,2022-05-19 11:35,buy,11994.75,1,23989.5,28.5,0.12,0,28.5,0.12,-34.5,-0.14,510.5,0.51,0
842,Exit short,2022-05-20 10:20,close_short,11882.75,1,23813,47.5,0.20,0,47.5,0.20,-41,-0.17,558,0.56,2
842,Entry short,2022-05-20 10:10,sell,11906.5,1,23813,47.5,0.20,0,47.5,0.20,-41,-0.17,558,0.56,2
843,Exit short,2022-05-23 10:05,close_short,11788.25,1,23610,33.5,0.14,0,33.5,0.14,0,0.00,591.5,0.59,0
843,Entry short,2022-05-23 10:05,sell,11805,1,23610,33.5,0.14,0,33.5,0.14,0,0.00,591.5,0.59,0
844,Exit long,2022-05-23 12:00,close_long,12017.25,1,24002,32.5,0.14,0,32.5,0.14,-87.5,-0.36,624,0.62,5
844,Entry long,2022-05-23 11:35,buy,12001,1,24002,32.5,0.14,0,32.5,0.14,-87.5,-0.36,624,0.62,5
845,Exit short,2022-05-24 10:00,close_short,11663.75,1,23357.5,30,0.13,0,30,0.13,-2.5,-0.01,654,0.65,0
845,Entry short,2022-05-24 10:00,sell,11678.75,1,23357.5,30,0.13,0,30,0.13,-2.5,-0.01,654,0.65,0
846,Exit long,2022-05-25 10:30,close_long,11902,1,23779,25,0.11,0,25,0.11,-25,-0.11,679,0.68,0
846,Entry long,2022-05-25 10:30,buy,11889.5,1,23779,25,0.11,0,25,0.11,-25,-0.11,679,0.68,0
847,Exit long,2022-05-26 09:55,close_long,12112.75,1,24200.5,25,0.10,0,25,0.10,-19.5,-0.08,704,0.70,0
847,Entry long,2022-05-26 09:55,buy,12100.25,1,24200.5,25,0.10,0,25,0.10,-19.5,-0.08,704,0.70,0
848,Exit long,2022-05-27 10:00,close_long,12525.75,1,25040.5,11,0.04,0,11,0.04,-34.5,-0.14,715,0.72,0
848,Entry long,2022-05-27 10:00,buy,12520.25,1,25040.5,11,0.04,0,11,0.04,-34.5,-0.14,715,0.72,0
849,Exit long,2022-05-30 11:30,close_long,12812.25,1,25615,9.5,0.04,0,9.5,0.04,-4.5,-0.02,724.5,0.72,0
849,Entry long,2022-05-30 11:30,buy,12807.5,1,25615,9.5,0.04,0,9.5,0.04,-4.5,-0.02,724.5,0.72,0
850,Exit short,2022-05-31 10:05,close_short,12490,1,25016,36,0.14,0,36,0.14,-37,-0.15,760.5,0.76,0
850,Entry short,2022-05-31 10:05,sell,12508,1,25016,36,0.14,0,36,0.14,-37,-0.15,760.5,0.76,0
851,Exit long,2022-05-31 11:55,close_long,12708.5,1,25395.5,21.5,0.08,0,21.5,0.08,-0.5,0.00,782,0.78,0
851,Entry long,2022-05-31 11:55,buy,12697.75,1,25395.5,21.5,0.08,0,21.5,0.08,-0.5,0.00,782,0.78,0
852,Exit short,2022-06-01 10:15,close_short,12681.25,1,25383.5,21,0.08,0,21,0.08,-2,-0.01,803,0.80,0
852,Entry short,2022-06-01 10:15,sell,12691.75,1,25383.5,21,0.08,0,21,0.08,-2,-0.01,803,0.80,0
853,Exit long,2022-06-02 10:20,close_long,12539.5,1,25235.5,-156.5,-0.62,0,11,0.04,-156.5,-0.62,646.5,0.65,1
853,Entry long,2022-06-02 10:15,buy,12617.75,1,25235.5,-156.5,-0.62,0,11,0.04,-156.5,-0.62,646.5,0.65,1
854,Exit short,2022-06-03 11:00,close_short,12563.75,1,25160.5,33,0.13,0,33,0.13,-65,-0.26,679.5,0.68,4
854,Entry short,2022-06-03 10:40,sell,12580.25,1,25160.5,33,0.13,0,33,0.13,-65,-0.26,679.5,0.68,4
855,Exit long,2022-06-06 10:05,close_long,12802.25,1,25578.5,26,0.10,0,26,0.10,-19,-0.07,705.5,0.71,0
855,Entry long,2022-06-06 10:05,buy,12789.25,1,25578.5,26,0.10,0,26,0.10,-19,-0.07,705.5,0.71,0
856,Exit short,2022-06-06 12:00,close_short,12621.75,1,25276,32.5,0.13,0,32.5,0.13,-97,-0.38,738,0.74,8
856,Entry short,2022-06-06 11:20,sell,12638,1,25276,32.5,0.13,0,32.5,0.13,-97,-0.38,738,0.74,8
857,Exit long,2022-06-07 10:05,close_long,12553,1,25086.5,19.5,0.08,0,19.5,0.08,0,0.00,757.5,0.76,0
857,Entry long,2022-06-07 10:05,buy,12543.25,1,25086.5,19.5,0.08,0,19.5,0.08,0,0.00,757.5,0.76,0
858,Exit long,2022-06-08 09:55,close_long,12777,1,25535,19,0.07,0,19,0.07,-27.5,-0.11,776.5,0.78,0
858,Entry long,2022-06-08 09:55,buy,12767.5,1,25535,19,0.07,0,19,0.07,-27.5,-0.11,776.5,0.78,0
859,Exit long,2022-06-09 10:10,close_long,12574.25,1,25263.5,-115,-0.46,0,26,0.10,-115,-0.46,661.5,0.66,3
859,Entry long,2022-06-09 09:55,buy,12631.75,1,25263.5,-115,-0.46,0,26,0.10,-115,-0.46,661.5,0.66,3
860,Exit short,2022-06-10 09:55,close_short,11949.5,1,23934.5,35.5,0.15,0,35.5,0.15,-23,-0.10,697,0.70,0
860,Entry short,2022-06-10 09:55,sell,11967.25,1,23934.5,35.5,0.15,0,35.5,0.15,-23,-0.10,697,0.70,0
861,Exit short,2022-06-13 10:15,close_short,11425.5,1,22882,31,0.14,0,31,0.14,-3.5,-0.02,728,0.73,0
861,Entry short,2022-06-13 10:15,sell,11441,1,22882,31,0.14,0,31,0.14,-3.5,-0.02,728,0.73,0
862,Exit short,2022-06-14 10:45,close_short,11325.25,1,22583,-67.5,-0.30,0,13.5,0.06,-67.5,-0.30,660.5,0.66,0
862,Entry short,2022-06-14 10:45,sell,11291.5,1,22583,-67.5,-0.30,0,13.5,0.06,-67.5,-0.30,660.5,0.66,0
863,Exit long,2022-06-15 10:10,close_long,11560,1,23112,8,0.03,0,8,0.03,0,0.00,668.5,0.67,0
863,Entry long,2022-06-15 10:10,buy,11556,1,23112,8,0.03,0,8,0.03,0,0.00,668.5,0.67,0
864,Exit short,2022-06-16 10:05,close_short,11223.25,1,22467.5,21,0.09,0,21,0.09,-20.5,-0.09,689.5,0.69,0
864,Entry short,2022-06-16 10:05,sell,11233.75,1,22467.5,21,0.09,0,21,0.09,-20.5,-0.09,689.5,0.69,0
865,Exit long,2022-06-17 09:55,close_long,11336.75,1,22660,13.5,0.06,0,13.5,0.06,0,0.00,703,0.70,0
865,Entry long,2022-06-17 09:55,buy,11330,1,22660,13.5,0.06,0,13.5,0.06,0,0.00,703,0.70,0
866,Exit short,2022-06-17 10:35,close_short,11136.5,1,22308.5,35.5,0.16,0,35.5,0.16,-47,-0.21,738.5,0.74,0
866,Entry short,2022-06-17 10:35,sell,11154.25,1,22308.5,35.5,0.16,0,35.5,0.16,-47,-0.21,738.5,0.74,0
867,Exit long,2022-06-20 10:35,close_long,11374.75,1,22763.5,-14,-0.06,0,0.5,0.00,-14,-0.06,724.5,0.72,0
867,Entry long,2022-06-20 10:35,buy,11381.75,1,22763.5,-14,-0.06,0,0.5,0.00,-14,-0.06,724.5,0.72,0
868,Exit long,2022-06-21 10:00,close_long,11640,1,23257,23,0.10,0,23,0.10,-23,-0.10,747.5,0.75,0
868,Entry long,2022-06-21 10:00,buy,11628.5,1,23257,23,0.10,0,23,0.10,-23,-0.10,747.5,0.75,0
869,Exit long,2022-06-22 10:10,close_long,11629,1,23201,57,0.25,0,57,0.25,-85,-0.37,804.5,0.80,3
869,Entry long,2022-06-22 09:55,buy,11600.5,1,23201,57,0.25,0,57,0.25,-85,-0.37,804.5,0.80,3
870,Exit long,2022-06-23 10:45,close_long,11709.25,1,23404,14.5,0.06,0,14.5,0.06,-19,-0.08,819,0.82,0
870,Entry long,2022-06-23 10:45,buy,11702,1,23404,14.5,0.06,0,14.5,0.06,-19,-0.08,819,0.82,0
871,Exit long,2022-06-24 10:05,close_long,12061,1,24073.5,48.5,0.20,0,48.5,0.20,-10.5,-0.04,867.5,0.87,0
871,Entry long,2022-06-24 10:05,buy,12036.75,1,24073.5,48.5,0.20,0,48.5,0.20,-10.5,-0.04,867.5,0.87,0
872,Exit short,2022-06-28 10:20,close_short,12023.75,1,24069,21.5,0.09,0,21.5,0.09,-51,-0.21,889,0.89,2
872,Entry short,2022-06-28 10:10,sell,12034.5,1,24069,21.5,0.09,0,21.5,0.09,-51,-0.21,889,0.89,2
873,Exit long,2022-06-29 10:00,close_long,11733,1,23408.5,57.5,0.25,0,57.5,0.25,-74.5,-0.32,946.5,0.95,1
873,Entry long,2022-06-29 09:55,buy,11704.25,1,23408.5,57.5,0.25,0,57.5,0.25,-74.5,-0.32,946.5,0.95,1
874,Exit short,2022-06-30 09:55,close_short,11395,1,22822.5,32.5,0.14,0,32.5,0.14,-17,-0.07,979,0.98,0
874,Entry short,2022-06-30 09:55,sell,11411.25,1,22822.5,32.5,0.14,0,32.5,0.14,-17,-0.07,979,0.98,0
875,Exit long,2022-06-30 11:55,close_long,11600.25,1,23184.5,16,0.07,0,16,0.07,-34.5,-0.15,995,1.00,0
875,Entry long,2022-06-30 11:55,buy,11592.25,1,23184.5,16,0.07,0,16,0.07,-34.5,-0.15,995,1.00,0
876,Exit long,2022-07-01 09:55,close_long,11587.25,1,23148,26.5,0.11,0,26.5,0.11,-36,-0.16,1021.5,1.02,0
876,Entry long,2022-07-01 09:55,buy,11574,1,23148,26.5,0.11,0,26.5,0.11,-36,-0.16,1021.5,1.02,0
877,Exit short,2022-07-01 10:40,close_short,11407.5,1,22829,14,0.06,0,14,0.06,0,0.00,1035.5,1.04,0
877,Entry short,2022-07-01 10:40,sell,11414.5,1,22829,14,0.06,0,14,0.06,0,0.00,1035.5,1.04,0
878,Exit short,2022-07-04 10:10,close_short,11537,1,23080,6,0.03,0,6,0.03,0,0.00,1041.5,1.04,0
878,Entry short,2022-07-04 10:10,sell,11540,1,23080,6,0.03,0,6,0.03,0,0.00,1041.5,1.04,0
879,Exit long,2022-07-05 10:35,close_long,11527.75,1,23014.5,41,0.18,0,41,0.18,-87.5,-0.38,1082.5,1.08,4
879,Entry long,2022-07-05 10:15,buy,11507.25,1,23014.5,41,0.18,0,41,0.18,-87.5,-0.38,1082.5,1.08,4
880,Exit long,2022-07-07 10:00,close_long,12010.25,1,24084.5,-64,-0.27,0,13.5,0.06,-64,-0.27,1018.5,1.02,1
880,Entry long,2022-07-07 09:55,buy,12042.25,1,24084.5,-64,-0.27,0,13.5,0.06,-64,-0.27,1018.5,1.02,1
881,Exit long,2022-07-08 10:30,close_long,12129.5,1,24235,24,0.10,0,24,0.10,-8,-0.03,1042.5,1.04,0
881,Entry long,2022-07-08 10:30,buy,12117.5,1,24235,24,0.10,0,24,0.10,-8,-0.03,1042.5,1.04,0
882,Exit short,2022-07-11 10:00,close_short,11861,1,23743,21,0.09,0,21,0.09,-46.5,-0.20,1063.5,1.06,1
882,Entry short,2022-07-11 09:55,sell,11871.5,1,23743,21,0.09,0,21,0.09,-46.5,-0.20,1063.5,1.06,1
883,Exit short,2022-07-12 10:00,close_short,11836.5,1,23713,40,0.17,0,40,0.17,-2.5,-0.01,1103.5,1.10,0
883,Entry short,2022-07-12 10:00,sell,11856.5,1,23713,40,0.17,0,40,0.17,-2.5,-0.01,1103.5,1.10,0
884,Exit long,2022-07-13 10:35,close_long,11727.5,1,23419.5,35.5,0.15,0,35.5,0.15,-28,-0.12,1139,1.14,0
884,Entry long,2022-07-13 10:35,buy,11709.75,1,23419.5,35.5,0.15,0,35.5,0.15,-28,-0.12,1139,1.14,0
885,Exit short,2022-07-14 10:10,close_short,11512.25,1,23051,26.5,0.11,0,26.5,0.11,-24.5,-0.11,1165.5,1.17,1
885,Entry short,2022-07-14 10:05,sell,11525.5,1,23051,26.5,0.11,0,26.5,0.11,-24.5,-0.11,1165.5,1.17,1
886,Exit long,2022-07-14 12:00,close_long,11712.75,1,23393.5,32,0.14,0,32,0.14,-42.5,-0.18,1197.5,1.20,3
886,Entry long,2022-07-14 11:45,buy,11696.75,1,23393.5,32,0.14,0,32,0.14,-42.5,-0.18,1197.5,1.20,3
887,Exit short,2022-07-15 09:55,close_short,11854.5,1,23733,24,0.10,0,24,0.10,0,0.00,1221.5,1.22,0
887,Entry short,2022-07-15 09:55,sell,11866.5,1,23733,24,0.10,0,24,0.10,0,0.00,1221.5,1.22,0
888,Exit long,2022-07-15 11:25,close_long,11994.5,1,23983.5,5.5,0.02,0,5.5,0.02,0,0.00,1227,1.23,0
888,Entry long,2022-07-15 11:25,buy,11991.75,1,23983.5,5.5,0.02,0,5.5,0.02,0,0.00,1227,1.23,0
889,Exit long,2022-07-18 11:55,close_long,12177.25,1,24344,10.5,0.04,0,10.5,0.04,-11.5,-0.05,1237.5,1.24,0
889,Entry long,2022-07-18 11:55,buy,12172,1,24344,10.5,0.04,0,10.5,0.04,-11.5,-0.05,1237.5,1.24,0
890,Exit long,2022-07-19 10:30,close_long,12097.75,1,24171.5,24,0.10,0,24,0.10,-12.5,-0.05,1261.5,1.26,0
890,Entry long,2022-07-19 10:30,buy,12085.75,1,24171.5,24,0.10,0,24,0.10,-12.5,-0.05,1261.5,1.26,0
891,Exit long,2022-07-20 10:25,close_long,12367.5,1,24716.5,18.5,0.07,0,18.5,0.07,-11,-0.04,1280,1.28,0
891,Entry long,2022-07-20 10:25,buy,12358.25,1,24716.5,18.5,0.07,0,18.5,0.07,-11,-0.04,1280,1.28,0
892,Exit short,2022-07-21 10:30,close_short,12388,1,24794,18,0.07,0,18,0.07,-20.5,-0.08,1298,1.30,0
892,Entry short,2022-07-21 10:30,sell,12397,1,24794,18,0.07,0,18,0.07,-20.5,-0.08,1298,1.30,0
893,Exit long,2022-07-21 12:00,close_long,12550,1,25073,27,0.11,0,27,0.11,-58.5,-0.23,1325,1.33,5
893,Entry long,2022-07-21 11:35,buy,12536.5,1,25073,27,0.11,0,27,0.11,-58.5,-0.23,1325,1.33,5
894,Exit short,2022-07-22 10:10,close_short,12572.25,1,25116,-28.5,-0.11,0,2,0.01,-28.5,-0.11,1296.5,1.30,0
894,Entry short,2022-07-22 10:10,sell,12558,1,25116,-28.5,-0.11,0,2,0.01,-28.5,-0.11,1296.5,1.30,0
895,Exit short,2022-07-25 10:15,close_short,12342,1,24706,22,0.09,0,22,0.09,-6.5,-0.03,1318.5,1.32,0
895,Entry short,2022-07-25 10:15,sell,12353,1,24706,22,0.09,0,22,0.09,-6.5,-0.03,1318.5,1.32,0
896,Exit short,2022-07-26 10:25,close_short,12181,1,24376.5,14.5,0.06,0,14.5,0.06,-17,-0.07,1333,1.33,0
896,Entry short,2022-07-26 10:25,sell,12188.25,1,24376.5,14.5,0.06,0,14.5,0.06,-17,-0.07,1333,1.33,0
897,Exit long,2022-07-27 10:15,close_long,12423,1,24832,14,0.06,0,14,0.06,-5.5,-0.02,1347,1.35,0
897,Entry long,2022-07-27 10:15,buy,12416,1,24832,14,0.06,0,14,0.06,-5.5,-0.02,1347,1.35,0
898,Exit short,2022-07-28 10:00,close_short,12513.5,1,24935.5,-91.5,-0.37,0,4.5,0.02,-91.5,-0.37,1255.5,1.26,1
898,Entry short,2022-07-28 09:55,sell,12467.75,1,24935.5,-91.5,-0.37,0,4.5,0.02,-91.5,-0.37,1255.5,1.26,1
899,Exit long,2022-07-28 11:35,close_long,12644.75,1,25331,-41.5,-0.16,0,10,0.04,-41.5,-0.16,1214,1.21,1
899,Entry long,2022-07-28 11:30,buy,12665.5,1,25331,-41.5,-0.16,0,10,0.04,-41.5,-0.16,1214,1.21,1
900,Exit long,2022-07-29 10:05,close_long,12911,1,25791,31,0.12,0,31,0.12,-18.5,-0.07,1245,1.24,0
900,Entry long,2022-07-29 10:05,buy,12895.5,1,25791,31,0.12,0,31,0.12,-18.5,-0.07,1245,1.24,0
901,Exit long,2022-08-01 09:55,close_long,13022.5,1,26010.5,34.5,0.13,0,34.5,0.13,-34.5,-0.13,1279.5,1.28,0
901,Entry long,2022-08-01 09:55,buy,13005.25,1,26010.5,34.5,0.13,0,34.5,0.13,-34.5,-0.13,1279.5,1.28,0
902,Exit short,2022-08-02 10:10,close_short,12837.25,1,25702,27.5,0.11,0,27.5,0.11,-61,-0.24,1307,1.31,0
902,Entry short,2022-08-02 10:10,sell,12851,1,25702,27.5,0.11,0,27.5,0.11,-61,-0.24,1307,1.31,0
903,Exit long,2022-08-02 11:10,close_long,12942.5,1,25995.5,-110.5,-0.43,0,2.5,0.01,-110.5,-0.43,1196.5,1.20,3
903,Entry long,2022-08-02 10:55,buy,12997.75,1,25995.5,-110.5,-0.43,0,2.5,0.01,-110.5,-0.43,1196.5,1.20,3
904,Exit long,2022-08-03 09:55,close_long,13112.5,1,26201.5,23.5,0.09,0,23.5,0.09,-8,-0.03,1220,1.22,0
904,Entry long,2022-08-03 09:55,buy,13100.75,1,26201.5,23.5,0.09,0,23.5,0.09,-8,-0.03,1220,1.22,0
905,Exit short,2022-08-04 10:30,close_short,13230.75,1,26481.5,20,0.08,0,20,0.08,-13,-0.05,1240,1.24,0
905,Entry short,2022-08-04 10:30,sell,13240.75,1,26481.5,20,0.08,0,20,0.08,-13,-0.05,1240,1.24,0
906,Exit long,2022-08-05 10:10,close_long,13246.75,1,26456,37.5,0.14,0,37.5,0.14,-33,-0.12,1277.5,1.28,1
906,Entry long,2022-08-05 10:05,buy,13228,1,26456,37.5,0.14,0,37.5,0.14,-33,-0.12,1277.5,1.28,1
907,Exit short,2022-08-05 11:35,close_short,13129.5,1,26182,-77,-0.29,0,11,0.04,-77,-0.29,1200.5,1.20,1
907,Entry short,2022-08-05 11:30,sell,13091,1,26182,-77,-0.29,0,11,0.04,-77,-0.29,1200.5,1.20,1
908,Exit long,2022-08-08 09:55,close_long,13411.5,1,26797,26,0.10,0,26,0.10,0,0.00,1226.5,1.23,0
908,Entry long,2022-08-08 09:55,buy,13398.5,1,26797,26,0.10,0,26,0.10,0,0.00,1226.5,1.23,0
909,Exit short,2022-08-08 11:50,close_short,13252,1,26413.5,-90.5,-0.34,0,12,0.05,-90.5,-0.34,1136,1.14,1
909,Entry short,2022-08-08 11:45,sell,13206.75,1,26413.5,-90.5,-0.34,0,12,0.05,-90.5,-0.34,1136,1.14,1
910,Exit short,2022-08-09 09:55,close_short,13007.5,1,26047.5,32.5,0.12,0,32.5,0.12,-14.5,-0.06,1168.5,1.17,0
910,Entry short,2022-08-09 09:55,sell,13023.75,1,26047.5,32.5,0.12,0,32.5,0.12,-14.5,-0.06,1168.5,1.17,0
911,Exit short,2022-08-10 10:20,close_short,13246.5,1,26516,23,0.09,0,23,0.09,0,0.00,1191.5,1.19,0
911,Entry short,2022-08-10 10:20,sell,13258,1,26516,23,0.09,0,23,0.09,0,0.00,1191.5,1.19,0
912,Exit long,2022-08-10 11:05,close_long,13380,1,26737,23,0.09,0,23,0.09,-15,-0.06,1214.5,1.21,0
912,Entry long,2022-08-10 11:05,buy,13368.5,1,26737,23,0.09,0,23,0.09,-15,-0.06,1214.5,1.21,0
913,Exit long,2022-08-11 10:05,close_long,13537.5,1,27054,21,0.08,0,21,0.08,-2.5,-0.01,1235.5,1.24,0
913,Entry long,2022-08-11 10:05,buy,13527,1,27054,21,0.08,0,21,0.08,-2.5,-0.01,1235.5,1.24,0
914,Exit short,2022-08-11 11:15,close_short,13401.75,1,26833,29.5,0.11,0,29.5,0.11,-32.5,-0.12,1265,1.26,1
914,Entry short,2022-08-11 11:10,sell,13416.5,1,26833,29.5,0.11,0,29.5,0.11,-32.5,-0.12,1265,1.26,1
915,Exit long,2022-08-12 10:30,close_long,13417,1,26916.5,-82.5,-0.31,0,8,0.03,-82.5,-0.31,1182.5,1.18,2
915,Entry long,2022-08-12 10:20,buy,13458.25,1,26916.5,-82.5,-0.31,0,8,0.03,-82.5,-0.31,1182.5,1.18,2
916,Exit long,2022-08-15 09:55,close_long,13635,1,27231.5,38.5,0.14,0,38.5,0.14,-14.5,-0.05,1221,1.22,0
916,Entry long,2022-08-15 09:55,buy,13615.75,1,27231.5,38.5,0.14,0,38.5,0.14,-14.5,-0.05,1221,1.22,0
917,Exit short,2022-08-16 10:15,close_short,13574.25,1,27166.5,18,0.07,0,18,0.07,-50.5,-0.19,1239,1.24,2
917,Entry short,2022-08-16 10:05,sell,13583.25,1,27166.5,18,0.07,0,18,0.07,-50.5,-0.19,1239,1.24,2
918,Exit long,2022-08-16 11:55,close_long,13679.5,1,27344.5,14.5,0.05,0,14.5,0.05,0,0.00,1253.5,1.25,0
918,Entry long,2022-08-16 11:55,buy,13672.25,1,27344.5,14.5,0.05,0,14.5,0.05,0,0.00,1253.5,1.25,0
919,Exit short,2022-08-17 10:35,close_short,13475.75,1,26958.5,7,0.03,0,7,0.03,-1.5,-0.01,1260.5,1.26,0
919,Entry short,2022-08-17 10:35,sell,13479.25,1,26958.5,7,0.03,0,7,0.03,-1.5,-0.01,1260.5,1.26,0
920,Exit long,2022-08-18 10:55,close_long,13498,1,27054,-58,-0.21,0,13,0.05,-58,-0.21,1202.5,1.20,1
920,Entry long,2022-08-18 10:50,buy,13527,1,27054,-58,-0.21,0,13,0.05,-58,-0.21,1202.5,1.20,1
921,Exit short,2022-08-19 09:55,close_short,13301.25,1,26615.5,13,0.05,0,13,0.05,0,0.00,1215.5,1.22,0
921,Entry short,2022-08-19 09:55,sell,13307.75,1,26615.5,13,0.05,0,13,0.05,0,0.00,1215.5,1.22,0
922,Exit short,2022-08-22 10:15,close_short,12990.75,1,25996.5,15,0.06,0,15,0.06,-19.5,-0.08,1230.5,1.23,0
922,Entry short,2022-08-22 10:15,sell,12998.25,1,25996.5,15,0.06,0,15,0.06,-19.5,-0.08,1230.5,1.23,0
923,Exit long,2022-08-23 10:00,close_long,12938,1,25934.5,-58.5,-0.23,0,13.5,0.05,-58.5,-0.23,1172,1.17,1
923,Entry long,2022-08-23 09:55,buy,12967.25,1,25934.5,-58.5,-0.23,0,13.5,0.05,-58.5,-0.23,1172,1.17,1
924,Exit long,2022-08-24 10:15,close_long,12914.5,1,25817.5,11.5,0.04,0,11.5,0.04,-19,-0.07,1183.5,1.18,0
924,Entry long,2022-08-24 10:15,buy,12908.75,1,25817.5,11.5,0.04,0,11.5,0.04,-19,-0.07,1183.5,1.18,0
925,Exit long,2022-08-25 10:00,close_long,13055.75,1,26088,23.5,0.09,0,23.5,0.09,-1,0.00,1207,1.21,0
925,Entry long,2022-08-25 10:00,buy,13044,1,26088,23.5,0.09,0,23.5,0.09,-1,0.00,1207,1.21,0
926,Exit short,2022-08-26 10:05,close_short,13140.25,1,26009.5,-271,-1.04,0,25.5,0.10,-271,-1.04,936,0.94,0
926,Entry short,2022-08-26 10:05,sell,13004.75,1,26009.5,-271,-1.04,0,25.5,0.10,-271,-1.04,936,0.94,0
927,Exit short,2022-08-29 10:55,close_short,12458.5,1,24942.5,25.5,0.10,0,25.5,0.10,-4,-0.02,961.5,0.96,0
927,Entry short,2022-08-29 10:55,sell,12471.25,1,24942.5,25.5,0.10,0,25.5,0.10,-4,-0.02,961.5,0.96,0
928,Exit short,2022-08-30 10:05,close_short,12456.5,1,24933,20,0.08,0,20,0.08,-10.5,-0.04,981.5,0.98,0
928,Entry short,2022-08-30 10:05,sell,12466.5,1,24933,20,0.08,0,20,0.08,-10.5,-0.04,981.5,0.98,0
929,Exit short,2022-08-31 10:30,close_short,12373,1,24770,24,0.10,0,24,0.10,-34.5,-0.14,1005.5,1.01,0
929,Entry short,2022-08-31 10:30,sell,12385,1,24770,24,0.10,0,24,0.10,-34.5,-0.14,1005.5,1.01,0
930,Exit short,2022-09-01 10:10,close_short,12111.25,1,24265.5,43,0.18,0,43,0.18,-53.5,-0.22,1048.5,1.05,1
930,Entry short,2022-09-01 10:05,sell,12132.75,1,24265.5,43,0.18,0,43,0.18,-53.5,-0.22,1048.5,1.05,1
931,Exit short,2022-09-02 10:10,close_short,12323,1,24569,-77,-0.31,0,14,0.06,-77,-0.31,971.5,0.97,1
931,Entry short,2022-09-02 10:05,sell,12284.5,1,24569,-77,-0.31,0,14,0.06,-77,-0.31,971.5,0.97,1
932,Exit long,2022-09-02 10:35,close_long,12440,1,24864,16,0.06,0,16,0.06,-1,0.00,987.5,0.99,0
932,Entry long,2022-09-02 10:35,buy,12432,1,24864,16,0.06,0,16,0.06,-1,0.00,987.5,0.99,0
933,Exit long,2022-09-05 10:35,close_long,12157.75,1,24308,7.5,0.03,0,7.5,0.03,-11,-0.05,995,1.00,0
933,Entry long,2022-09-05 10:35,buy,12154,1,24308,7.5,0.03,0,7.5,0.03,-11,-0.05,995,1.00,0
934,Exit short,2022-09-06 09:55,close_short,12019.5,1,24065,26,0.11,0,26,0.11,0,0.00,1021,1.02,0
934,Entry short,2022-09-06 09:55,sell,12032.5,1,24065,26,0.11,0,26,0.11,0,0.00,1021,1.02,0
935,Exit long,2022-09-07 11:30,close_long,12147,1,24281,13,0.05,0,13,0.05,-43,-0.18,1034,1.03,3
935,Entry long,2022-09-07 11:15,buy,12140.5,1,24281,13,0.05,0,13,0.05,-43,-0.18,1034,1.03,3
936,Exit long,2022-09-08 09:55,close_long,12262.5,1,24500,25,0.10,0,25,0.10,-25.5,-0.10,1059,1.06,0
936,Entry long,2022-09-08 09:55,buy,12250,1,24500,25,0.10,0,25,0.10,-25.5,-0.10,1059,1.06,0
937,Exit long,2022-09-09 10:00,close_long,12518,1,25006,30,0.12,0,30,0.12,-16,-0.06,1089,1.09,0
937,Entry long,2022-09-09 10:00,buy,12503,1,25006,30,0.12,0,30,0.12,-16,-0.06,1089,1.09,0
938,Exit long,2022-09-12 09:55,close_long,12716.75,1,25419,14.5,0.06,0,14.5,0.06,-0.5,0.00,1103.5,1.10,0
938,Entry long,2022-09-12 09:55,buy,12709.5,1,25419,14.5,0.06,0,14.5,0.06,-0.5,0.00,1103.5,1.10,0
939,Exit short,2022-09-13 10:00,close_short,12377,1,24777.5,23.5,0.09,0,23.5,0.09,-18.5,-0.07,1127,1.13,0
939,Entry short,2022-09-13 10:00,sell,12388.75,1,24777.5,23.5,0.09,0,23.5,0.09,-18.5,-0.07,1127,1.13,0
940,Exit long,2022-09-14 11:05,close_long,12237.5,1,24448,27,0.11,0,27,0.11,-74,-0.30,1154,1.15,2
940,Entry long,2022-09-14 10:55,buy,12224,1,24448,27,0.11,0,27,0.11,-74,-0.30,1154,1.15,2
941,Exit short,2022-09-15 10:35,close_short,12128,1,24211,-45,-0.19,0,5.5,0.02,-45,-0.19,1109,1.11,0
941,Entry short,2022-09-15 10:35,sell,12105.5,1,24211,-45,-0.19,0,5.5,0.02,-45,-0.19,1109,1.11,0
942,Exit short,2022-09-16 10:00,close_short,11785.5,1,23585,14,0.06,0,14,0.06,0,0.00,1123,1.12,0
942,Entry short,2022-09-16 10:00,sell,11792.5,1,23585,14,0.06,0,14,0.06,0,0.00,1123,1.12,0
943,Exit long,2022-09-16 10:35,close_long,11914.75,1,23797,32.5,0.14,0,32.5,0.14,0,0.00,1155.5,1.16,0
943,Entry long,2022-09-16 10:35,buy,11898.5,1,23797,32.5,0.14,0,32.5,0.14,0,0.00,1155.5,1.16,0
944,Exit long,2022-09-19 10:40,close_long,11956.5,1,23892,21,0.09,0,21,0.09,-5,-0.02,1176.5,1.18,0
944,Entry long,2022-09-19 10:40,buy,11946,1,23892,21,0.09,0,21,0.09,-5,-0.02,1176.5,1.18,0
945,Exit long,2022-09-20 10:55,close_long,11958.75,1,23906.5,11,0.05,0,11,0.05,0,0.00,1187.5,1.19,0
945,Entry long,2022-09-20 10:55,buy,11953.25,1,23906.5,11,0.05,0,11,0.05,0,0.00,1187.5,1.19,0
946,Exit long,2022-09-21 10:30,close_long,11967.5,1,23993.5,-58.5,-0.24,0,6,0.03,-58.5,-0.24,1129,1.13,0
946,Entry long,2022-09-21 10:30,buy,11996.75,1,23993.5,-58.5,-0.24,0,6,0.03,-58.5,-0.24,1129,1.13,0
947,Exit short,2022-09-22 10:05,close_short,11596.25,1,23160.5,-32,-0.14,0,10.5,0.05,-32,-0.14,1097,1.10,0
947,Entry short,2022-09-22 10:05,sell,11580.25,1,23160.5,-32,-0.14,0,10.5,0.05,-32,-0.14,1097,1.10,0
948,Exit short,2022-09-23 09:55,close_short,11372.5,1,22754,9,0.04,0,9,0.04,-26.5,-0.12,1106,1.11,0
948,Entry short,2022-09-23 09:55,sell,11377,1,22754,9,0.04,0,9,0.04,-26.5,-0.12,1106,1.11,0
949,Exit long,2022-09-26 09:55,close_long,11469,1,22930,8,0.03,0,8,0.03,-15.5,-0.07,1114,1.11,0
949,Entry long,2022-09-26 09:55,buy,11465,1,22930,8,0.03,0,8,0.03,-15.5,-0.07,1114,1.11,0
950,Exit short,2022-09-27 10:05,close_short,11413.25,1,22868,41.5,0.18,0,41.5,0.18,-15.5,-0.07,1155.5,1.16,0
950,Entry short,2022-09-27 10:05,sell,11434,1,22868,41.5,0.18,0,41.5,0.18,-15.5,-0.07,1155.5,1.16,0
951,Exit long,2022-09-28 10:25,close_long,11384.75,1,22743,26.5,0.12,0,26.5,0.12,-24.5,-0.11,1182,1.18,0
951,Entry long,2022-09-28 10:25,buy,11371.5,1,22743,26.5,0.12,0,26.5,0.12,-24.5,-0.11,1182,1.18,0
952,Exit short,2022-09-29 10:05,close_short,11193.5,1,22421,34,0.15,0,34,0.15,-35.5,-0.16,1216,1.22,0
952,Entry short,2022-09-29 10:05,sell,11210.5,1,22421,34,0.15,0,34,0.15,-35.5,-0.16,1216,1.22,0
953,Exit long,2022-09-30 10:25,close_long,11258.25,1,22497.5,19,0.08,0,19,0.08,-33,-0.15,1235,1.23,0
953,Entry long,2022-09-30 10:25,buy,11248.75,1,22497.5,19,0.08,0,19,0.08,-33,-0.15,1235,1.23,0
954,Exit long,2022-10-03 10:05,close_long,11177.5,1,22314.5,40.5,0.18,0,40.5,0.18,-9,-0.04,1275.5,1.28,0
954,Entry long,2022-10-03 10:05,buy,11157.25,1,22314.5,40.5,0.18,0,40.5,0.18,-9,-0.04,1275.5,1.28,0
955,Exit long,2022-10-04 10:00,close_long,11628.5,1,23233,24,0.10,0,24,0.10,-3.5,-0.02,1299.5,1.30,0
955,Entry long,2022-10-04 10:00,buy,11616.5,1,23233,24,0.10,0,24,0.10,-3.5,-0.02,1299.5,1.30,0
956,Exit short,2022-10-05 10:15,close_short,11412.5,1,22866.5,41.5,0.18,0,41.5,0.18,-44,-0.19,1341,1.34,2
956,Entry short,2022-10-05 10:05,sell,11433.25,1,22866.5,41.5,0.18,0,41.5,0.18,-44,-0.19,1341,1.34,2
957,Exit short,2022-10-06 10:10,close_short,11560.75,1,23130.5,9,0.04,0,9,0.04,-13,-0.06,1350,1.35,0
957,Entry short,2022-10-06 10:10,sell,11565.25,1,23130.5,9,0.04,0,9,0.04,-13,-0.06,1350,1.35,0
958,Exit short,2022-10-07 09:55,close_short,11240,1,22490,10,0.04,0,10,0.04,-10.5,-0.05,1360,1.36,0
958,Entry short,2022-10-07 09:55,sell,11245,1,22490,10,0.04,0,10,0.04,-10.5,-0.05,1360,1.36,0
959,Exit short,2022-10-10 10:00,close_short,10993.25,1,22018.5,32,0.15,0,32,0.15,-49.5,-0.22,1392,1.39,1
959,Entry short,2022-10-10 09:55,sell,11009.25,1,22018.5,32,0.15,0,32,0.15,-49.5,-0.22,1392,1.39,1
960,Exit short,2022-10-11 10:00,close_short,10812.25,1,21647,22.5,0.10,0,22.5,0.10,0,0.00,1414.5,1.41,0
960,Entry short,2022-10-11 10:00,sell,10823.5,1,21647,22.5,0.10,0,22.5,0.10,0,0.00,1414.5,1.41,0
961,Exit long,2022-10-11 11:45,close_long,10985.25,1,21943.5,27,0.12,0,27,0.12,-19,-0.09,1441.5,1.44,0
961,Entry long,2022-10-11 11:45,buy,10971.75,1,21943.5,27,0.12,0,27,0.12,-19,-0.09,1441.5,1.44,0
962,Exit long,2022-10-13 09:55,close_long,10613.5,1,21209.5,17.5,0.08,0,17.5,0.08,0,0.00,1459,1.46,0
962,Entry long,2022-10-13 09:55,buy,10604.75,1,21209.5,17.5,0.08,0,17.5,0.08,0,0.00,1459,1.46,0
963,Exit short,2022-10-14 10:05,close_short,10975.75,1,21987.5,36,0.16,0,36,0.16,0,0.00,1495,1.50,0
963,Entry short,2022-10-14 10:05,sell,10993.75,1,21987.5,36,0.16,0,36,0.16,0,0.00,1495,1.50,0
964,Exit long,2022-10-17 10:30,close_long,11072.75,1,22254.5,-109,-0.49,0,11.5,0.05,-109,-0.49,1386,1.39,3
964,Entry long,2022-10-17 10:15,buy,11127.25,1,22254.5,-109,-0.49,0,11.5,0.05,-109,-0.49,1386,1.39,3
965,Exit short,2022-10-18 10:25,close_short,11277.5,1,22599.5,44.5,0.20,0,44.5,0.20,-92,-0.41,1430.5,1.43,6
965,Entry short,2022-10-18 09:55,sell,11299.75,1,22599.5,44.5,0.20,0,44.5,0.20,-92,-0.41,1430.5,1.43,6
966,Exit long,2022-10-19 10:20,close_long,11228.75,1,22448,9.5,0.04,0,9.5,0.04,-9.5,-0.04,1440,1.44,0
966,Entry long,2022-10-19 10:20,buy,11224,1,22448,9.5,0.04,0,9.5,0.04,-9.5,-0.04,1440,1.44,0
967,Exit long,2022-10-20 09:55,close_long,11216.25,1,22419,13.5,0.06,0,13.5,0.06,-20,-0.09,1453.5,1.45,0
967,Entry long,2022-10-20 09:55,buy,11209.5,1,22419,13.5,0.06,0,13.5,0.06,-20,-0.09,1453.5,1.45,0
968,Exit long,2022-10-21 10:00,close_long,11170.5,1,22311.5,29.5,0.13,0,29.5,0.13,-29,-0.13,1483,1.48,0
968,Entry long,2022-10-21 10:00,buy,11155.75,1,22311.5,29.5,0.13,0,29.5,0.13,-29,-0.13,1483,1.48,0
969,Exit short,2022-10-24 10:05,close_short,11247,1,22548.5,54.5,0.24,0,54.5,0.24,-58.5,-0.26,1537.5,1.54,0
969,Entry short,2022-10-24 10:05,sell,11274.25,1,22548.5,54.5,0.24,0,54.5,0.24,-58.5,-0.26,1537.5,1.54,0
970,Exit long,2022-10-25 09:55,close_long,11655.5,1,23292.5,18.5,0.08,0,18.5,0.08,-16,-0.07,1556,1.56,0
970,Entry long,2022-10-25 09:55,buy,11646.25,1,23292.5,18.5,0.08,0,18.5,0.08,-16,-0.07,1556,1.56,0
971,Exit long,2022-10-26 10:15,close_long,11557.25,1,23095.5,19,0.08,0,19,0.08,-43,-0.19,1575,1.58,0
971,Entry long,2022-10-26 10:15,buy,11547.75,1,23095.5,19,0.08,0,19,0.08,-43,-0.19,1575,1.58,0
972,Exit short,2022-10-27 09:55,close_short,11268.25,1,22567,30.5,0.14,0,30.5,0.14,-22,-0.10,1605.5,1.61,0
972,Entry short,2022-10-27 09:55,sell,11283.5,1,22567,30.5,0.14,0,30.5,0.14,-22,-0.10,1605.5,1.61,0
973,Exit long,2022-10-28 10:30,close_long,11393.75,1,22761.5,26,0.11,0,26,0.11,-0.5,0.00,1631.5,1.63,0
973,Entry long,2022-10-28 10:30,buy,11380.75,1,22761.5,26,0.11,0,26,0.11,-0.5,0.00,1631.5,1.63,0
974,Exit short,2022-10-31 09:55,close_short,11419,1,22846.5,8.5,0.04,0,8.5,0.04,0,0.00,1640,1.64,0
974,Entry short,2022-10-31 09:55,sell,11423.25,1,22846.5,8.5,0.04,0,8.5,0.04,0,0.00,1640,1.64,0
975,Exit short,2022-11-01 09:55,close_short,11505.5,1,23023.5,12.5,0.05,0,12.5,0.05,0,0.00,1652.5,1.65,0
975,Entry short,2022-11-01 09:55,sell,11511.75,1,23023.5,12.5,0.05,0,12.5,0.05,0,0.00,1652.5,1.65,0
976,Exit short,2022-11-02 10:35,close_short,11257,1,22532.5,18.5,0.08,0,18.5,0.08,-36,-0.16,1671,1.67,4
976,Entry short,2022-11-02 10:15,sell,11266.25,1,22532.5,18.5,0.08,0,18.5,0.08,-36,-0.16,1671,1.67,4
977,Exit short,2022-11-03 09:55,close_short,10729.25,1,21481.5,23,0.11,0,23,0.11,-10.5,-0.05,1694,1.69,0
977,Entry short,2022-11-03 09:55,sell,10740.75,1,21481.5,23,0.11,0,23,0.11,-10.5,-0.05,1694,1.69,0
978,Exit long,2022-11-03 11:00,close_long,10887,1,21747,27,0.12,0,27,0.12,-52.5,-0.24,1721,1.72,2
978,Entry long,2022-11-03 10:50,buy,10873.5,1,21747,27,0.12,0,27,0.12,-52.5,-0.24,1721,1.72,2
979,Exit short,2022-11-04 11:55,close_short,10713,1,21443,17,0.08,0,17,0.08,-26,-0.12,1738,1.74,0
979,Entry short,2022-11-04 11:55,sell,10721.5,1,21443,17,0.08,0,17,0.08,-26,-0.12,1738,1.74,0
980,Exit long,2022-11-08 10:35,close_long,11117.75,1,22221.5,14,0.06,0,14,0.06,-12.5,-0.06,1752,1.75,0
980,Entry long,2022-11-08 10:35,buy,11110.75,1,22221.5,14,0.06,0,14,0.06,-12.5,-0.06,1752,1.75,0
981,Exit short,2022-11-09 10:40,close_short,10953,1,21932,26,0.12,0,26,0.12,-36,-0.16,1778,1.78,1
981,Entry short,2022-11-09 10:35,sell,10966,1,21932,26,0.12,0,26,0.12,-36,-0.16,1778,1.78,1
982,Exit long,2022-11-10 10:00,close_long,11468.25,1,22902,34.5,0.15,0,34.5,0.15,0,0.00,1812.5,1.81,0
982,Entry long,2022-11-10 10:00,buy,11451,1,22902,34.5,0.15,0,34.5,0.15,0,0.00,1812.5,1.81,0
983,Exit long,2022-11-11 10:15,close_long,11730,1,23424.5,35.5,0.15,0,35.5,0.15,-5,-0.02,1848,1.85,0
983,Entry long,2022-11-11 10:15,buy,11712.25,1,23424.5,35.5,0.15,0,35.5,0.15,-5,-0.02,1848,1.85,0
984,Exit long,2022-11-14 10:10,close_long,11796.75,1,23577.5,16,0.07,0,16,0.07,-17,-0.07,1864,1.86,0
984,Entry long,2022-11-14 10:10,buy,11788.75,1,23577.5,16,0.07,0,16,0.07,-17,-0.07,1864,1.86,0
985,Exit short,2022-11-16 10:25,close_short,11761.75,1,23464,-59.5,-0.25,0,6,0.03,-59.5,-0.25,1804.5,1.80,1
985,Entry short,2022-11-16 10:20,sell,11732,1,23464,-59.5,-0.25,0,6,0.03,-59.5,-0.25,1804.5,1.80,1
986,Exit long,2022-11-17 10:55,close_long,11607.25,1,23318.5,-104,-0.45,0,26.5,0.11,-104,-0.45,1700.5,1.70,7
986,Entry long,2022-11-17 10:20,buy,11659.25,1,23318.5,-104,-0.45,0,26.5,0.11,-104,-0.45,1700.5,1.70,7
987,Exit short,2022-11-18 10:05,close_short,11683,1,23400.5,34.5,0.15,0,34.5,0.15,-21.5,-0.09,1735,1.74,0
987,Entry short,2022-11-18 10:05,sell,11700.25,1,23400.5,34.5,0.15,0,34.5,0.15,-21.5,-0.09,1735,1.74,0
988,Exit short,2022-11-21 10:15,close_short,11638.75,1,23241,-36.5,-0.16,0,9,0.04,-36.5,-0.16,1698.5,1.70,0
988,Entry short,2022-11-21 10:15,sell,11620.5,1,23241,-36.5,-0.16,0,9,0.04,-36.5,-0.16,1698.5,1.70,0
989,Exit long,2022-11-22 10:55,close_long,11654,1,23284,24,0.10,0,24,0.10,-15.5,-0.07,1722.5,1.72,1
989,Entry long,2022-11-22 10:50,buy,11642,1,23284,24,0.10,0,24,0.10,-15.5,-0.07,1722.5,1.72,1
990,Exit long,2022-11-23 10:00,close_long,11818.75,1,23687.5,-50,-0.21,0,10,0.04,-50,-0.21,1672.5,1.67,1
990,Entry long,2022-11-23 09:55,buy,11843.75,1,23687.5,-50,-0.21,0,10,0.04,-50,-0.21,1672.5,1.67,1
991,Exit long,2022-11-24 11:00,close_long,11922,1,23839.5,4.5,0.02,0,4.5,0.02,-2,-0.01,1677,1.68,0
991,Entry long,2022-11-24 11:00,buy,11919.75,1,23839.5,4.5,0.02,0,4.5,0.02,-2,-0.01,1677,1.68,0
992,Exit long,2022-11-25 10:20,close_long,11812,1,23631.5,-7.5,-0.03,0,0,0.00,-7.5,-0.03,1669.5,1.67,0
992,Entry long,2022-11-25 10:20,buy,11815.75,1,23631.5,-7.5,-0.03,0,0,0.00,-7.5,-0.03,1669.5,1.67,0
993,Exit short,2022-11-28 11:05,close_short,11678.5,1,23369.5,12.5,0.05,0,12.5,0.05,-30,-0.13,1682,1.68,1
993,Entry short,2022-11-28 11:00,sell,11684.75,1,23369.5,12.5,0.05,0,12.5,0.05,-30,-0.13,1682,1.68,1
994,Exit short,2022-11-29 11:05,close_short,11526.25,1,23088,35.5,0.15,0,35.5,0.15,-10,-0.04,1717.5,1.72,0
994,Entry short,2022-11-29 11:05,sell,11544,1,23088,35.5,0.15,0,35.5,0.15,-10,-0.04,1717.5,1.72,0
995,Exit short,2022-11-30 11:05,close_short,11538.75,1,23029,-48.5,-0.21,0,1,0.00,-48.5,-0.21,1669,1.67,0
995,Entry short,2022-11-30 11:05,sell,11514.5,1,23029,-48.5,-0.21,0,1,0.00,-48.5,-0.21,1669,1.67,0
996,Exit short,2022-12-01 10:15,close_short,11983.5,1,24009,42,0.17,0,42,0.17,-20,-0.08,1711,1.71,0
996,Entry short,2022-12-01 10:15,sell,12004.5,1,24009,42,0.17,0,42,0.17,-20,-0.08,1711,1.71,0
997,Exit long,2022-12-02 11:00,close_long,11890,1,23885.5,-105.5,-0.44,0,15,0.06,-105.5,-0.44,1605.5,1.61,9
997,Entry long,2022-12-02 10:15,buy,11942.75,1,23885.5,-105.5,-0.44,0,15,0.06,-105.5,-0.44,1605.5,1.61,9
998,Exit short,2022-12-05 10:05,close_short,11900.25,1,23816.5,16,0.07,0,16,0.07,-13,-0.05,1621.5,1.62,0
998,Entry short,2022-12-05 10:05,sell,11908.25,1,23816.5,16,0.07,0,16,0.07,-13,-0.05,1621.5,1.62,0
999,Exit short,2022-12-06 09:55,close_short,11684,1,23390,22,0.09,0,22,0.09,-22,-0.09,1643.5,1.64,0
999,Entry short,2022-12-06 09:55,sell,11695,1,23390,22,0.09,0,22,0.09,-22,-0.09,1643.5,1.64,0
1000,Exit short,2022-12-07 10:40,close_short,11494.5,1,22928,-61,-0.27,0,7.5,0.03,-61,-0.27,1582.5,1.58,0
1000,Entry short,2022-12-07 10:40,sell,11464,1,22928,-61,-0.27,0,7.5,0.03,-61,-0.27,1582.5,1.58,0
1001,Exit long,2022-12-08 10:00,close_long,11617.25,1,23202,32.5,0.14,0,32.5,0.14,-11,-0.05,1615,1.62,0
1001,Entry long,2022-12-08 10:00,buy,11601,1,23202,32.5,0.14,0,32.5,0.14,-11,-0.05,1615,1.62,0
1002,Exit long,2022-12-09 10:50,close_long,11630.25,1,23337.5,-77,-0.33,0,1.5,0.01,-77,-0.33,1538,1.54,2
1002,Entry long,2022-12-09 10:40,buy,11668.75,1,23337.5,-77,-0.33,0,1.5,0.01,-77,-0.33,1538,1.54,2
1003,Exit short,2022-12-12 10:50,close_short,11533.25,1,23080.5,14,0.06,0,14,0.06,-16,-0.07,1552,1.55,0
1003,Entry short,2022-12-12 10:50,sell,11540.25,1,23080.5,14,0.06,0,14,0.06,-16,-0.07,1552,1.55,0
1004,Exit short,2022-12-13 10:25,close_short,12123.25,1,24283,36.5,0.15,0,36.5,0.15,-6.5,-0.03,1588.5,1.59,0
1004,Entry short,2022-12-13 10:25,sell,12141.5,1,24283,36.5,0.15,0,36.5,0.15,-6.5,-0.03,1588.5,1.59,0
1005,Exit long,2022-12-14 10:00,close_long,12016,1,24019,13,0.05,0,13,0.05,-21,-0.09,1601.5,1.60,0
1005,Entry long,2022-12-14 10:00,buy,12009.5,1,24019,13,0.05,0,13,0.05,-21,-0.09,1601.5,1.60,0
1006,Exit short,2022-12-15 10:00,close_short,11559.25,1,23146.5,28,0.12,0,28,0.12,-7.5,-0.03,1629.5,1.63,0
1006,Entry short,2022-12-15 10:00,sell,11573.25,1,23146.5,28,0.12,0,28,0.12,-7.5,-0.03,1629.5,1.63,0
1007,Exit short,2022-12-16 10:25,close_short,11339.75,1,22696.5,17,0.07,0,17,0.07,0,0.00,1646.5,1.65,0
1007,Entry short,2022-12-16 10:25,sell,11348.25,1,22696.5,17,0.07,0,17,0.07,0,0.00,1646.5,1.65,0
1008,Exit short,2022-12-19 10:05,close_short,11243.5,1,22500,13,0.06,0,13,0.06,0,0.00,1659.5,1.66,0
1008,Entry short,2022-12-19 10:05,sell,11250,1,22500,13,0.06,0,13,0.06,0,0.00,1659.5,1.66,0
1009,Exit long,2022-12-20 10:00,close_long,11187.75,1,22337,38.5,0.17,0,38.5,0.17,-7,-0.03,1698,1.70,0
1009,Entry long,2022-12-20 10:00,buy,11168.5,1,22337,38.5,0.17,0,38.5,0.17,-7,-0.03,1698,1.70,0
1010,Exit long,2022-12-21 10:30,close_long,11304.75,1,22578.5,31,0.14,0,31,0.14,-24.5,-0.11,1729,1.73,4
1010,Entry long,2022-12-21 10:10,buy,11289.25,1,22578.5,31,0.14,0,31,0.14,-24.5,-0.11,1729,1.73,4
1011,Exit short,2022-12-22 10:05,close_short,11052,1,22137,33,0.15,0,33,0.15,-11,-0.05,1762,1.76,0
1011,Entry short,2022-12-22 10:05,sell,11068.5,1,22137,33,0.15,0,33,0.15,-11,-0.05,1762,1.76,0
1012,Exit long,2022-12-23 10:35,close_long,11081,1,22141.5,20.5,0.09,0,20.5,0.09,-26.5,-0.12,1782.5,1.78,0
1012,Entry long,2022-12-23 10:35,buy,11070.75,1,22141.5,20.5,0.09,0,20.5,0.09,-26.5,-0.12,1782.5,1.78,0
1013,Exit short,2022-12-28 11:00,close_short,10815,1,21657,27,0.12,0,27,0.12,-21,-0.10,1809.5,1.81,0
1013,Entry short,2022-12-28 11:00,sell,10828.5,1,21657,27,0.12,0,27,0.12,-21,-0.10,1809.5,1.81,0
1014,Exit long,2022-12-29 10:10,close_long,10983,1,21949.5,16.5,0.08,0,16.5,0.08,-7.5,-0.03,1826,1.83,0
1014,Entry long,2022-12-29 10:10,buy,10974.75,1,21949.5,16.5,0.08,0,16.5,0.08,-7.5,-0.03,1826,1.83,0
1015,Exit long,2022-12-30 10:55,close_long,10928,1,21932.5,-76.5,-0.35,0,0,0.00,-76.5,-0.35,1749.5,1.75,1
1015,Entry long,2022-12-30 10:50,buy,10966.25,1,21932.5,-76.5,-0.35,0,0,0.00,-76.5,-0.35,1749.5,1.75,1
1016,Exit short,2023-01-03 09:55,close_short,11018.25,1,22067,30.5,0.14,0,30.5,0.14,-19.5,-0.09,1780,1.78,0
1016,Entry short,2023-01-03 09:55,sell,11033.5,1,22067,30.5,0.14,0,30.5,0.14,-19.5,-0.09,1780,1.78,0
1017,Exit short,2023-01-04 10:05,close_short,10884.5,1,21830.5,61.5,0.28,0,61.5,0.28,-33,-0.15,1841.5,1.84,0
1017,Entry short,2023-01-04 10:05,sell,10915.25,1,21830.5,61.5,0.28,0,61.5,0.28,-33,-0.15,1841.5,1.84,0
1018,Exit long,2023-01-04 11:40,close_long,11063.75,1,22115,12.5,0.06,0,12.5,0.06,-1,0.00,1854,1.85,0
1018,Entry long,2023-01-04 11:40,buy,11057.5,1,22115,12.5,0.06,0,12.5,0.06,-1,0.00,1854,1.85,0
1019,Exit long,2023-01-06 10:40,close_long,10965.25,1,21909,21.5,0.10,0,21.5,0.10,0,0.00,1875.5,1.88,0
1019,Entry long,2023-01-06 10:40,buy,10954.5,1,21909,21.5,0.10,0,21.5,0.10,0,0.00,1875.5,1.88,0
1020,Exit long,2023-01-09 09:55,close_long,11303.25,1,22593,13.5,0.06,0,13.5,0.06,-21,-0.09,1889,1.89,0
1020,Entry long,2023-01-09 09:55,buy,11296.5,1,22593,13.5,0.06,0,13.5,0.06,-21,-0.09,1889,1.89,0
1021,Exit long,2023-01-10 10:15,close_long,11270,1,22512.5,27.5,0.12,0,27.5,0.12,-19,-0.08,1916.5,1.92,0
1021,Entry long,2023-01-10 10:15,buy,11256.25,1,22512.5,27.5,0.12,0,27.5,0.12,-19,-0.08,1916.5,1.92,0
1022,Exit short,2023-01-10 10:50,close_short,11176.75,1,22261.5,-92,-0.41,0,20,0.09,-92,-0.41,1824.5,1.82,1
1022,Entry short,2023-01-10 10:45,sell,11130.75,1,22261.5,-92,-0.41,0,20,0.09,-92,-0.41,1824.5,1.82,1
1023,Exit long,2023-01-11 10:25,close_long,11377.25,1,22743.5,11,0.05,0,11,0.05,-6.5,-0.03,1835.5,1.84,0
1023,Entry long,2023-01-11 10:25,buy,11371.75,1,22743.5,11,0.05,0,11,0.05,-6.5,-0.03,1835.5,1.84,0
1024,Exit short,2023-01-12 09:55,close_short,11355.75,1,22641.5,-70,-0.31,0,19.5,0.09,-70,-0.31,1765.5,1.77,0
1024,Entry short,2023-01-12 09:55,sell,11320.75,1,22641.5,-70,-0.31,0,19.5,0.09,-70,-0.31,1765.5,1.77,0
1025,Exit long,2023-01-13 10:05,close_long,11484.75,1,22944.5,25,0.11,0,25,0.11,-0.5,0.00,1790.5,1.79,0
1025,Entry long,2023-01-13 10:05,buy,11472.25,1,22944.5,25,0.11,0,25,0.11,-0.5,0.00,1790.5,1.79,0
1026,Exit short,2023-01-16 11:35,close_short,11577,1,23159,5,0.02,0,5,0.02,-2,-0.01,1795.5,1.80,0
1026,Entry short,2023-01-16 11:35,sell,11579.5,1,23159,5,0.02,0,5,0.02,-2,-0.01,1795.5,1.80,0
1027,Exit long,2023-01-17 10:10,close_long,11677.75,1,23325.5,30,0.13,0,30,0.13,-15,-0.06,1825.5,1.83,1
1027,Entry long,2023-01-17 10:05,buy,11662.75,1,23325.5,30,0.13,0,30,0.13,-15,-0.06,1825.5,1.83,1
1028,Exit long,2023-01-18 10:05,close_long,11744.75,1,23478,11.5,0.05,0,11.5,0.05,-8,-0.03,1837,1.84,0
1028,Entry long,2023-01-18 10:05,buy,11739,1,23478,11.5,0.05,0,11.5,0.05,-8,-0.03,1837,1.84,0
1029,Exit short,2023-01-18 10:40,close_short,11643.5,1,23312,25,0.11,0,25,0.11,-22.5,-0.10,1862,1.86,0
1029,Entry short,2023-01-18 10:40,sell,11656,1,23312,25,0.11,0,25,0.11,-22.5,-0.10,1862,1.86,0
1030,Exit short,2023-01-19 10:55,close_short,11338.5,1,22685,8,0.04,0,8,0.04,-1.5,-0.01,1870,1.87,0
1030,Entry short,2023-01-19 10:55,sell,11342.5,1,22685,8,0.04,0,8,0.04,-1.5,-0.01,1870,1.87,0
1031,Exit long,2023-01-20 10:00,close_long,11426.5,1,22911.5,-58.5,-0.26,0,16.5,0.07,-58.5,-0.26,1811.5,1.81,1
1031,Entry long,2023-01-20 09:55,buy,11455.75,1,22911.5,-58.5,-0.26,0,16.5,0.07,-58.5,-0.26,1811.5,1.81,1
1032,Exit long,2023-01-23 09:55,close_long,11815,1,23614,16,0.07,0,16,0.07,-29,-0.12,1827.5,1.83,0
1032,Entry long,2023-01-23 09:55,buy,11807,1,23614,16,0.07,0,16,0.07,-29,-0.12,1827.5,1.83,0
1033,Exit long,2023-01-24 09:55,close_long,11907.5,1,23895,-80,-0.33,0,8.5,0.04,-80,-0.33,1747.5,1.75,0
1033,Entry long,2023-01-24 09:55,buy,11947.5,1,23895,-80,-0.33,0,8.5,0.04,-80,-0.33,1747.5,1.75,0
1034,Exit short,2023-01-25 09:55,close_short,11637.25,1,23302.5,28,0.12,0,28,0.12,-22,-0.09,1775.5,1.78,0
1034,Entry short,2023-01-25 09:55,sell,11651.25,1,23302.5,28,0.12,0,28,0.12,-22,-0.09,1775.5,1.78,0
1035,Exit long,2023-01-25 11:20,close_long,11741,1,23459,23,0.10,0,23,0.10,-28,-0.12,1798.5,1.80,0
1035,Entry long,2023-01-25 11:20,buy,11729.5,1,23459,23,0.10,0,23,0.10,-28,-0.12,1798.5,1.80,0
1036,Exit short,2023-01-26 09:55,close_short,11964.25,1,23945.5,17,0.07,0,17,0.07,-34.5,-0.14,1815.5,1.82,0
1036,Entry short,2023-01-26 09:55,sell,11972.75,1,23945.5,17,0.07,0,17,0.07,-34.5,-0.14,1815.5,1.82,0
1037,Exit long,2023-01-27 09:55,close_long,12126.75,1,24284.5,-31,-0.13,0,6.5,0.03,-31,-0.13,1784.5,1.78,0
1037,Entry long,2023-01-27 09:55,buy,12142.25,1,24284.5,-31,-0.13,0,6.5,0.03,-31,-0.13,1784.5,1.78,0
1038,Exit long,2023-01-30 10:10,close_long,12104.5,1,24271.5,-62.5,-0.26,0,15.5,0.06,-62.5,-0.26,1722,1.72,1
1038,Entry long,2023-01-30 10:05,buy,12135.75,1,24271.5,-62.5,-0.26,0,15.5,0.06,-62.5,-0.26,1722,1.72,1
1039,Exit short,2023-01-30 10:30,close_short,12048.75,1,24106.5,9,0.04,0,9,0.04,-1,0.00,1731,1.73,0
1039,Entry short,2023-01-30 10:30,sell,12053.25,1,24106.5,9,0.04,0,9,0.04,-1,0.00,1731,1.73,0
1040,Exit long,2023-01-31 10:30,close_long,12069.5,1,24118.5,20.5,0.08,0,20.5,0.08,-18,-0.07,1751.5,1.75,0
1040,Entry long,2023-01-31 10:30,buy,12059.25,1,24118.5,20.5,0.08,0,20.5,0.08,-18,-0.07,1751.5,1.75,0
1041,Exit short,2023-02-01 11:00,close_short,12082,1,24174.5,10.5,0.04,0,10.5,0.04,0,0.00,1762,1.76,0
1041,Entry short,2023-02-01 11:00,sell,12087.25,1,24174.5,10.5,0.04,0,10.5,0.04,0,0.00,1762,1.76,0
1042,Exit long,2023-02-02 10:40,close_long,12807.75,1,25580.5,35,0.14,0,35,0.14,-11.5,-0.04,1797,1.80,1
1042,Entry long,2023-02-02 10:35,buy,12790.25,1,25580.5,35,0.14,0,35,0.14,-11.5,-0.04,1797,1.80,1
1043,Exit long,2023-02-03 10:00,close_long,12697,1,25483,-89,-0.35,0,26,0.10,-89,-0.35,1708,1.71,1
1043,Entry long,2023-02-03 09:55,buy,12741.5,1,25483,-89,-0.35,0,26,0.10,-89,-0.35,1708,1.71,1
1044,Exit long,2023-02-06 10:05,close_long,12582.25,1,25143.5,21,0.08,0,21,0.08,-32,-0.13,1729,1.73,0
1044,Entry long,2023-02-06 10:05,buy,12571.75,1,25143.5,21,0.08,0,21,0.08,-32,-0.13,1729,1.73,0
1045,Exit short,2023-02-06 10:30,close_short,12476.25,1,24966,13.5,0.05,0,13.5,0.05,-9,-0.04,1742.5,1.74,0
1045,Entry short,2023-02-06 10:30,sell,12483,1,24966,13.5,0.05,0,13.5,0.05,-9,-0.04,1742.5,1.74,0
1046,Exit short,2023-02-07 10:15,close_short,12516,1,24969.5,-62.5,-0.25,0,15.5,0.06,-62.5,-0.25,1680,1.68,1
1046,Entry short,2023-02-07 10:10,sell,12484.75,1,24969.5,-62.5,-0.25,0,15.5,0.06,-62.5,-0.25,1680,1.68,1
1047,Exit long,2023-02-07 11:25,close_long,12564.5,1,25106,23,0.09,0,23,0.09,-20,-0.08,1703,1.70,3
1047,Entry long,2023-02-07 11:10,buy,12553,1,25106,23,0.09,0,23,0.09,-20,-0.08,1703,1.70,3
1048,Exit short,2023-02-08 09:55,close_short,12670.25,1,25362.5,22,0.09,0,22,0.09,0,0.00,1725,1.73,0
1048,Entry short,2023-02-08 09:55,sell,12681.25,1,25362.5,22,0.09,0,22,0.09,0,0.00,1725,1.73,0
1049,Exit short,2023-02-09 11:00,close_short,12605.25,1,25240,29.5,0.12,0,29.5,0.12,-87.5,-0.35,1754.5,1.75,6
1049,Entry short,2023-02-09 10:30,sell,12620,1,25240,29.5,0.12,0,29.5,0.12,-87.5,-0.35,1754.5,1.75,6
1050,Exit short,2023-02-10 10:10,close_short,12350.25,1,24612,-88.5,-0.36,0,15,0.06,-88.5,-0.36,1666,1.67,1
1050,Entry short,2023-02-10 10:05,sell,12306,1,24612,-88.5,-0.36,0,15,0.06,-88.5,-0.36,1666,1.67,1
1051,Exit long,2023-02-10 10:20,close_long,12407.5,1,24793.5,21.5,0.09,0,21.5,0.09,-21,-0.08,1687.5,1.69,0
1051,Entry long,2023-02-10 10:20,buy,12396.75,1,24793.5,21.5,0.09,0,21.5,0.09,-21,-0.08,1687.5,1.69,0
1052,Exit long,2023-02-13 10:00,close_long,12472.25,1,24923,21.5,0.09,0,21.5,0.09,0,0.00,1709,1.71,0
1052,Entry long,2023-02-13 10:00,buy,12461.5,1,24923,21.5,0.09,0,21.5,0.09,0,0.00,1709,1.71,0
1053,Exit long,2023-02-14 10:00,close_long,12598.5,1,25171.5,25.5,0.10,0,25.5,0.10,0,0.00,1734.5,1.73,0
1053,Entry long,2023-02-14 10:00,buy,12585.75,1,25171.5,25.5,0.10,0,25.5,0.10,0,0.00,1734.5,1.73,0
1054,Exit long,2023-02-15 11:40,close_long,12643,1,25265,21,0.08,0,21,0.08,-53.5,-0.21,1755.5,1.76,2
1054,Entry long,2023-02-15 11:30,buy,12632.5,1,25265,21,0.08,0,21,0.08,-53.5,-0.21,1755.5,1.76,2
1055,Exit long,2023-02-16 10:10,close_long,12590.5,1,25161,20,0.08,0,20,0.08,-17,-0.07,1775.5,1.78,0
1055,Entry long,2023-02-16 10:10,buy,12580.5,1,25161,20,0.08,0,20,0.08,-17,-0.07,1775.5,1.78,0
1056,Exit short,2023-02-17 09:55,close_short,12330.25,1,24606.5,-54,-0.22,0,14,0.06,-54,-0.22,1721.5,1.72,0
1056,Entry short,2023-02-17 09:55,sell,12303.25,1,24606.5,-54,-0.22,0,14,0.06,-54,-0.22,1721.5,1.72,0
1057,Exit short,2023-02-20 10:10,close_short,12375.5,1,24757.5,6.5,0.03,0,6.5,0.03,-0.5,0.00,1728,1.73,0
1057,Entry short,2023-02-20 10:10,sell,12378.75,1,24757.5,6.5,0.03,0,6.5,0.03,-0.5,0.00,1728,1.73,0
1058,Exit short,2023-02-21 10:10,close_short,12210.5,1,24435,14,0.06,0,14,0.06,-14.5,-0.06,1742,1.74,0
1058,Entry short,2023-02-21 10:10,sell,12217.5,1,24435,14,0.06,0,14,0.06,-14.5,-0.06,1742,1.74,0
1059,Exit short,2023-02-22 10:05,close_short,12084.75,1,24188.5,19,0.08,0,19,0.08,0,0.00,1761,1.76,0
1059,Entry short,2023-02-22 10:05,sell,12094.25,1,24188.5,19,0.08,0,19,0.08,0,0.00,1761,1.76,0
1060,Exit short,2023-02-23 10:10,close_short,12181.5,1,24376.5,13.5,0.06,0,13.5,0.06,-5.5,-0.02,1774.5,1.77,0
1060,Entry short,2023-02-23 10:10,sell,12188.25,1,24376.5,13.5,0.06,0,13.5,0.06,-5.5,-0.02,1774.5,1.77,0
1061,Exit short,2023-02-24 10:15,close_short,11939.5,1,23890.5,11.5,0.05,0,11.5,0.05,0,0.00,1786,1.79,0
1061,Entry short,2023-02-24 10:15,sell,11945.25,1,23890.5,11.5,0.05,0,11.5,0.05,0,0.00,1786,1.79,0
1062,Exit long,2023-02-27 10:00,close_long,12155.5,1,24294,17,0.07,0,17,0.07,-26,-0.11,1803,1.80,0
1062,Entry long,2023-02-27 10:00,buy,12147,1,24294,17,0.07,0,17,0.07,-26,-0.11,1803,1.80,0
1063,Exit short,2023-02-27 10:40,close_short,12089.75,1,24207.5,28,0.12,0,28,0.12,-2.5,-0.01,1831,1.83,0
1063,Entry short,2023-02-27 10:40,sell,12103.75,1,24207.5,28,0.12,0,28,0.12,-2.5,-0.01,1831,1.83,0
1064,Exit short,2023-03-01 10:10,close_short,11969.5,1,23962.5,23.5,0.10,0,23.5,0.10,0,0.00,1854.5,1.85,0
1064,Entry short,2023-03-01 10:10,sell,11981.25,1,23962.5,23.5,0.10,0,23.5,0.10,0,0.00,1854.5,1.85,0
1065,Exit long,2023-03-02 10:00,close_long,11908,1,23799,17,0.07,0,17,0.07,-41.5,-0.17,1871.5,1.87,1
1065,Entry long,2023-03-02 09:55,buy,11899.5,1,23799,17,0.07,0,17,0.07,-41.5,-0.17,1871.5,1.87,1
1066,Exit long,2023-03-03 09:55,close_long,12197.75,1,24378,17.5,0.07,0,17.5,0.07,-11.5,-0.05,1889,1.89,0
1066,Entry long,2023-03-03 09:55,buy,12189,1,24378,17.5,0.07,0,17.5,0.07,-11.5,-0.05,1889,1.89,0
1067,Exit long,2023-03-06 10:15,close_long,12414,1,24818,10,0.04,0,10,0.04,-10,-0.04,1899,1.90,0
1067,Entry long,2023-03-06 10:15,buy,12409,1,24818,10,0.04,0,10,0.04,-10,-0.04,1899,1.90,0
1068,Exit short,2023-03-07 10:05,close_short,12198.75,1,24460,62.5,0.26,0,62.5,0.26,-23,-0.09,1961.5,1.96,0
1068,Entry short,2023-03-07 10:05,sell,12230,1,24460,62.5,0.26,0,62.5,0.26,-23,-0.09,1961.5,1.96,0
1069,Exit short,2023-03-08 10:05,close_short,12140.5,1,24301,20,0.08,0,20,0.08,0,0.00,1981.5,1.98,0
1069,Entry short,2023-03-08 10:05,sell,12150.5,1,24301,20,0.08,0,20,0.08,0,0.00,1981.5,1.98,0
1070,Exit long,2023-03-08 11:10,close_long,12230.25,1,24446.5,14,0.06,0,14,0.06,0,0.00,1995.5,2.00,0
1070,Entry long,2023-03-08 11:10,buy,12223.25,1,24446.5,14,0.06,0,14,0.06,0,0.00,1995.5,2.00,0
1071,Exit long,2023-03-09 10:00,close_long,12330.25,1,24653.5,7,0.03,0,7,0.03,-12.5,-0.05,2002.5,2.00,0
1071,Entry long,2023-03-09 10:00,buy,12326.75,1,24653.5,7,0.03,0,7,0.03,-12.5,-0.05,2002.5,2.00,0
1072,Exit long,2023-03-10 11:30,close_long,12057.25,1,24090,24.5,0.10,0,24.5,0.10,-6.5,-0.03,2027,2.03,0
1072,Entry long,2023-03-10 11:30,buy,12045,1,24090,24.5,0.10,0,24.5,0.10,-6.5,-0.03,2027,2.03,0
1073,Exit long,2023-03-13 09:55,close_long,11878,1,23735,21,0.09,0,21,0.09,-31,-0.13,2048,2.05,0
1073,Entry long,2023-03-13 09:55,buy,11867.5,1,23735,21,0.09,0,21,0.09,-31,-0.13,2048,2.05,0
1074,Exit long,2023-03-14 10:25,close_long,12305.5,1,24588.5,22.5,0.09,0,22.5,0.09,-12.5,-0.05,2070.5,2.07,0
1074,Entry long,2023-03-14 10:25,buy,12294.25,1,24588.5,22.5,0.09,0,22.5,0.09,-12.5,-0.05,2070.5,2.07,0
1075,Exit long,2023-03-15 11:50,close_long,12270.75,1,24598,-56.5,-0.23,0,4.5,0.02,-56.5,-0.23,2014,2.01,0
1075,Entry long,2023-03-15 11:50,buy,12299,1,24598,-56.5,-0.23,0,4.5,0.02,-56.5,-0.23,2014,2.01,0
1076,Exit long,2023-03-16 10:00,close_long,12430.5,1,24833.5,27.5,0.11,0,27.5,0.11,-23.5,-0.09,2041.5,2.04,0
1076,Entry long,2023-03-16 10:00,buy,12416.75,1,24833.5,27.5,0.11,0,27.5,0.11,-23.5,-0.09,2041.5,2.04,0
1077,Exit long,2023-03-17 10:15,close_long,12748,1,25586,-90,-0.35,0,8.5,0.03,-90,-0.35,1951.5,1.95,2
1077,Entry long,2023-03-17 10:05,buy,12793,1,25586,-90,-0.35,0,8.5,0.03,-90,-0.35,1951.5,1.95,2
1078,Exit short,2023-03-17 10:30,close_short,12680.25,1,25374,13.5,0.05,0,13.5,0.05,-33,-0.13,1965,1.97,0
1078,Entry short,2023-03-17 10:30,sell,12687,1,25374,13.5,0.05,0,13.5,0.05,-33,-0.13,1965,1.97,0
1079,Exit long,2023-03-20 11:10,close_long,12659.25,1,25316,2.5,0.01,0,2.5,0.01,0,0.00,1967.5,1.97,0
1079,Entry long,2023-03-20 11:10,buy,12658,1,25316,2.5,0.01,0,2.5,0.01,0,0.00,1967.5,1.97,0
1080,Exit short,2023-03-21 10:25,close_short,12741.5,1,25501.5,18.5,0.07,0,18.5,0.07,-8.5,-0.03,1986,1.99,0
1080,Entry short,2023-03-21 10:25,sell,12750.75,1,25501.5,18.5,0.07,0,18.5,0.07,-8.5,-0.03,1986,1.99,0
1081,Exit long,2023-03-22 10:25,close_long,12907.5,1,25802,13,0.05,0,13,0.05,-3.5,-0.01,1999,2.00,0
1081,Entry long,2023-03-22 10:25,buy,12901,1,25802,13,0.05,0,13,0.05,-3.5,-0.01,1999,2.00,0
1082,Exit long,2023-03-23 10:05,close_long,12896.25,1,25787.5,5,0.02,0,5,0.02,-11.5,-0.04,2004,2.00,0
1082,Entry long,2023-03-23 10:05,buy,12893.75,1,25787.5,5,0.02,0,5,0.02,-11.5,-0.04,2004,2.00,0
1083,Exit short,2023-03-27 10:45,close_short,12875.5,1,25759,8,0.03,0,8,0.03,0,0.00,2012,2.01,0
1083,Entry short,2023-03-27 10:45,sell,12879.5,1,25759,8,0.03,0,8,0.03,0,0.00,2012,2.01,0
1084,Exit short,2023-03-28 11:25,close_short,12709,1,25302,-116,-0.46,0,1.5,0.01,-116,-0.46,1896,1.90,10
1084,Entry short,2023-03-28 10:35,sell,12651,1,25302,-116,-0.46,0,1.5,0.01,-116,-0.46,1896,1.90,10
1085,Exit short,2023-03-29 10:50,close_short,12859.25,1,25728.5,10,0.04,0,10,0.04,-11,-0.04,1906,1.91,0
1085,Entry short,2023-03-29 10:50,sell,12864.25,1,25728.5,10,0.04,0,10,0.04,-11,-0.04,1906,1.91,0
1086,Exit long,2023-03-30 10:00,close_long,13087,1,26159.5,14.5,0.06,0,14.5,0.06,-20.5,-0.08,1920.5,1.92,0
1086,Entry long,2023-03-30 10:00,buy,13079.75,1,26159.5,14.5,0.06,0,14.5,0.06,-20.5,-0.08,1920.5,1.92,0
1087,Exit long,2023-03-31 10:35,close_long,13174.5,1,26336,13,0.05,0,13,0.05,-2.5,-0.01,1933.5,1.93,0
1087,Entry long,2023-03-31 10:35,buy,13168,1,26336,13,0.05,0,13,0.05,-2.5,-0.01,1933.5,1.93,0
1088,Exit long,2023-04-03 10:35,close_long,13235.75,1,26528,-56.5,-0.21,0,6,0.02,-56.5,-0.21,1877,1.88,2
1088,Entry long,2023-04-03 10:25,buy,13264,1,26528,-56.5,-0.21,0,6,0.02,-56.5,-0.21,1877,1.88,2
1089,Exit short,2023-04-03 10:55,close_short,13184.5,1,26382,13,0.05,0,13,0.05,-11.5,-0.04,1890,1.89,0
1089,Entry short,2023-04-03 10:55,sell,13191,1,26382,13,0.05,0,13,0.05,-11.5,-0.04,1890,1.89,0
1090,Exit long,2023-04-04 10:05,close_long,13309.25,1,26605.5,13,0.05,0,13,0.05,0,0.00,1903,1.90,0
1090,Entry long,2023-04-04 10:05,buy,13302.75,1,26605.5,13,0.05,0,13,0.05,0,0.00,1903,1.90,0
1091,Exit short,2023-04-04 11:30,close_short,13242.25,1,26434.5,-50,-0.19,0,4.5,0.02,-50,-0.19,1853,1.85,2
1091,Entry short,2023-04-04 11:20,sell,13217.25,1,26434.5,-50,-0.19,0,4.5,0.02,-50,-0.19,1853,1.85,2
1092,Exit short,2023-04-05 10:15,close_short,13099.5,1,26228.5,29.5,0.11,0,29.5,0.11,-22,-0.08,1882.5,1.88,2
1092,Entry short,2023-04-05 10:05,sell,13114.25,1,26228.5,29.5,0.11,0,29.5,0.11,-22,-0.08,1882.5,1.88,2
1093,Exit long,2023-04-06 10:10,close_long,13030.5,1,26052.5,8.5,0.03,0,8.5,0.03,-5,-0.02,1891,1.89,0
1093,Entry long,2023-04-06 10:10,buy,13026.25,1,26052.5,8.5,0.03,0,8.5,0.03,-5,-0.02,1891,1.89,0
1094,Exit long,2023-04-10 11:15,close_long,13070.25,1,26132,8.5,0.03,0,8.5,0.03,-11.5,-0.04,1899.5,1.90,0
1094,Entry long,2023-04-10 11:15,buy,13066,1,26132,8.5,0.03,0,8.5,0.03,-11.5,-0.04,1899.5,1.90,0
1095,Exit short,2023-04-11 10:15,close_short,13077,1,26169,15,0.06,0,15,0.06,-15.5,-0.06,1914.5,1.91,0
1095,Entry short,2023-04-11 10:15,sell,13084.5,1,26169,15,0.06,0,15,0.06,-15.5,-0.06,1914.5,1.91,0
1096,Exit short,2023-04-12 11:05,close_short,12998.5,1,26019,22,0.08,0,22,0.08,-26.5,-0.10,1936.5,1.94,1
1096,Entry short,2023-04-12 11:00,sell,13009.5,1,26019,22,0.08,0,22,0.08,-26.5,-0.10,1936.5,1.94,1
1097,Exit long,2023-04-13 10:10,close_long,13102,1,26192,12,0.05,0,12,0.05,-12.5,-0.05,1948.5,1.95,0
1097,Entry long,2023-04-13 10:10,buy,13096,1,26192,12,0.05,0,12,0.05,-12.5,-0.05,1948.5,1.95,0
1098,Exit long,2023-04-14 09:55,close_long,13239.5,1,26471.5,7.5,0.03,0,7.5,0.03,-17.5,-0.07,1956,1.96,0
1098,Entry long,2023-04-14 09:55,buy,13235.75,1,26471.5,7.5,0.03,0,7.5,0.03,-17.5,-0.07,1956,1.96,0
1099,Exit short,2023-04-14 12:05,close_short,13105.5,1,26226,15,0.06,0,15,0.06,-48.5,-0.18,1971,1.97,5
1099,Entry short,2023-04-14 11:40,sell,13113,1,26226,15,0.06,0,15,0.06,-48.5,-0.18,1971,1.97,5
1100,Exit short,2023-04-17 10:40,close_short,13122.5,1,26261,16,0.06,0,16,0.06,-8,-0.03,1987,1.99,0
1100,Entry short,2023-04-17 10:40,sell,13130.5,1,26261,16,0.06,0,16,0.06,-8,-0.03,1987,1.99,0
1101,Exit short,2023-04-18 10:00,close_short,13241.25,1,26505,22.5,0.08,0,22.5,0.08,-4,-0.02,2009.5,2.01,0
1101,Entry short,2023-04-18 10:00,sell,13252.5,1,26505,22.5,0.08,0,22.5,0.08,-4,-0.02,2009.5,2.01,0
1102,Exit long,2023-04-19 10:40,close_long,13142.25,1,26271.5,13,0.05,0,13,0.05,-21,-0.08,2022.5,2.02,0
1102,Entry long,2023-04-19 10:40,buy,13135.75,1,26271.5,13,0.05,0,13,0.05,-21,-0.08,2022.5,2.02,0
1103,Exit long,2023-04-20 10:10,close_long,13146,1,26274.5,17.5,0.07,0,17.5,0.07,-1,0.00,2040,2.04,0
1103,Entry long,2023-04-20 10:10,buy,13137.25,1,26274.5,17.5,0.07,0,17.5,0.07,-1,0.00,2040,2.04,0
1104,Exit short,2023-04-21 09:55,close_short,13014.5,1,26045.5,16.5,0.06,0,16.5,0.06,-6,-0.02,2056.5,2.06,0
1104,Entry short,2023-04-21 09:55,sell,13022.75,1,26045.5,16.5,0.06,0,16.5,0.06,-6,-0.02,2056.5,2.06,0
1105,Exit long,2023-04-21 11:40,close_long,13083.5,1,26156.5,10.5,0.04,0,10.5,0.04,-28.5,-0.11,2067,2.07,1
1105,Entry long,2023-04-21 11:35,buy,13078.25,1,26156.5,10.5,0.04,0,10.5,0.04,-28.5,-0.11,2067,2.07,1
1106,Exit short,2023-04-24 10:40,close_short,13019.25,1,26062,23.5,0.09,0,23.5,0.09,-12.5,-0.05,2090.5,2.09,0
1106,Entry short,2023-04-24 10:40,sell,13031,1,26062,23.5,0.09,0,23.5,0.09,-12.5,-0.05,2090.5,2.09,0
1107,Exit short,2023-04-25 10:15,close_short,12946.5,1,25904.5,11.5,0.04,0,11.5,0.04,-10.5,-0.04,2102,2.10,0
1107,Entry short,2023-04-25 10:15,sell,12952.25,1,25904.5,11.5,0.04,0,11.5,0.04,-10.5,-0.04,2102,2.10,0
1108,Exit long,2023-04-26 10:15,close_long,12933,1,25921.5,-55.5,-0.21,0,14,0.05,-55.5,-0.21,2046.5,2.05,3
1108,Entry long,2023-04-26 10:00,buy,12960.75,1,25921.5,-55.5,-0.21,0,14,0.05,-55.5,-0.21,2046.5,2.05,3
1109,Exit long,2023-04-27 10:15,close_long,13085.75,1,26154.5,17,0.06,0,17,0.06,-7,-0.03,2063.5,2.06,0
1109,Entry long,2023-04-27 10:15,buy,13077.25,1,26154.5,17,0.06,0,17,0.06,-7,-0.03,2063.5,2.06,0
1110,Exit long,2023-04-28 10:15,close_long,13273.75,1,26531.5,16,0.06,0,16,0.06,-11.5,-0.04,2079.5,2.08,0
1110,Entry long,2023-04-28 10:15,buy,13265.75,1,26531.5,16,0.06,0,16,0.06,-11.5,-0.04,2079.5,2.08,0
1111,Exit long,2023-05-01 09:55,close_long,13308.25,1,26640,-23.5,-0.09,0,6,0.02,-23.5,-0.09,2056,2.06,0
1111,Entry long,2023-05-01 09:55,buy,13320,1,26640,-23.5,-0.09,0,6,0.02,-23.5,-0.09,2056,2.06,0
1112,Exit short,2023-05-01 11:20,close_short,13272.75,1,26557,11.5,0.04,0,11.5,0.04,-23,-0.09,2067.5,2.07,0
1112,Entry short,2023-05-01 11:20,sell,13278.5,1,26557,11.5,0.04,0,11.5,0.04,-23,-0.09,2067.5,2.07,0
1113,Exit short,2023-05-02 10:15,close_short,13231.5,1,26480.5,17.5,0.07,0,17.5,0.07,-10,-0.04,2085,2.09,0
1113,Entry short,2023-05-02 10:15,sell,13240.25,1,26480.5,17.5,0.07,0,17.5,0.07,-10,-0.04,2085,2.09,0
1114,Exit long,2023-05-03 10:05,close_long,13207.5,1,26473.5,-58.5,-0.22,0,10.5,0.04,-58.5,-0.22,2026.5,2.03,2
1114,Entry long,2023-05-03 09:55,buy,13236.75,1,26473.5,-58.5,-0.22,0,10.5,0.04,-58.5,-0.22,2026.5,2.03,2
1115,Exit short,2023-05-03 11:35,close_short,13187.75,1,26363.5,-12,-0.05,0,2,0.01,-12,-0.05,2014.5,2.01,0
1115,Entry short,2023-05-03 11:35,sell,13181.75,1,26363.5,-12,-0.05,0,2,0.01,-12,-0.05,2014.5,2.01,0
1116,Exit short,2023-05-04 10:25,close_short,13013.75,1,26041,13.5,0.05,0,13.5,0.05,-15,-0.06,2028,2.03,0
1116,Entry short,2023-05-04 10:25,sell,13020.5,1,26041,13.5,0.05,0,13.5,0.05,-15,-0.06,2028,2.03,0
1117,Exit long,2023-05-05 10:00,close_long,13197.5,1,26381.5,13.5,0.05,0,13.5,0.05,0,0.00,2041.5,2.04,0
1117,Entry long,2023-05-05 10:00,buy,13190.75,1,26381.5,13.5,0.05,0,13.5,0.05,0,0.00,2041.5,2.04,0
1118,Exit short,2023-05-08 10:00,close_short,13279,1,26524,-34,-0.13,0,1.5,0.01,-34,-0.13,2007.5,2.01,1
1118,Entry short,2023-05-08 09:55,sell,13262,1,26524,-34,-0.13,0,1.5,0.01,-34,-0.13,2007.5,2.01,1
1119,Exit long,2023-05-08 12:50,close_long,13325.5,1,26641.5,9.5,0.04,0,9.5,0.04,-27,-0.10,2017,2.02,11
1119,Entry long,2023-05-08 11:55,buy,13320.75,1,26641.5,9.5,0.04,0,9.5,0.04,-27,-0.10,2017,2.02,11
1120,Exit long,2023-05-09 10:10,close_long,13280.75,1,26620,-58.5,-0.22,0,15,0.06,-58.5,-0.22,1958.5,1.96,2
1120,Entry long,2023-05-09 10:00,buy,13310,1,26620,-58.5,-0.22,0,15,0.06,-58.5,-0.22,1958.5,1.96,2
1121,Exit short,2023-05-09 12:00,close_short,13260.75,1,26527.5,6,0.02,0,6,0.02,0,0.00,1964.5,1.96,0
1121,Entry short,2023-05-09 12:00,sell,13263.75,1,26527.5,6,0.02,0,6,0.02,0,0.00,1964.5,1.96,0
1122,Exit long,2023-05-10 10:10,close_long,13427.5,1,26847.5,7.5,0.03,0,7.5,0.03,-14.5,-0.05,1972,1.97,0
1122,Entry long,2023-05-10 10:10,buy,13423.75,1,26847.5,7.5,0.03,0,7.5,0.03,-14.5,-0.05,1972,1.97,0
1123,Exit short,2023-05-11 10:40,close_short,13367.75,1,26753.5,18,0.07,0,18,0.07,-13.5,-0.05,1990,1.99,1
1123,Entry short,2023-05-11 10:35,sell,13376.75,1,26753.5,18,0.07,0,18,0.07,-13.5,-0.05,1990,1.99,1
1124,Exit long,2023-05-11 11:35,close_long,13442,1,26880.5,3.5,0.01,0,3.5,0.01,0,0.00,1993.5,1.99,0
1124,Entry long,2023-05-11 11:35,buy,13440.25,1,26880.5,3.5,0.01,0,3.5,0.01,0,0.00,1993.5,1.99,0
1125,Exit short,2023-05-12 10:30,close_short,13400.75,1,26826,24.5,0.09,0,24.5,0.09,-25.5,-0.10,2018,2.02,5
1125,Entry short,2023-05-12 10:05,sell,13413,1,26826,24.5,0.09,0,24.5,0.09,-25.5,-0.10,2018,2.02,5
1126,Exit short,2023-05-15 09:55,close_short,13383.5,1,26777,10,0.04,0,10,0.04,-8,-0.03,2028,2.03,0
1126,Entry short,2023-05-15 09:55,sell,13388.5,1,26777,10,0.04,0,10,0.04,-8,-0.03,2028,2.03,0
1127,Exit long,2023-05-15 11:50,close_long,13442,1,26872,12,0.04,0,12,0.04,-14.5,-0.05,2040,2.04,0
1127,Entry long,2023-05-15 11:50,buy,13436,1,26872,12,0.04,0,12,0.04,-14.5,-0.05,2040,2.04,0
1128,Exit long,2023-05-16 11:05,close_long,13523.25,1,27038,8.5,0.03,0,8.5,0.03,-14.5,-0.05,2048.5,2.05,1
1128,Entry long,2023-05-16 11:00,buy,13519,1,27038,8.5,0.03,0,8.5,0.03,-14.5,-0.05,2048.5,2.05,1
1129,Exit short,2023-05-17 09:55,close_short,13483.5,1,26979,12,0.04,0,12,0.04,-11,-0.04,2060.5,2.06,0
1129,Entry short,2023-05-17 09:55,sell,13489.5,1,26979,12,0.04,0,12,0.04,-11,-0.04,2060.5,2.06,0
1130,Exit long,2023-05-17 11:45,close_long,13553.25,1,27100,6.5,0.02,0,6.5,0.02,-6,-0.02,2067,2.07,0
1130,Entry long,2023-05-17 11:45,buy,13550,1,27100,6.5,0.02,0,6.5,0.02,-6,-0.02,2067,2.07,0
1131,Exit long,2023-05-18 10:10,close_long,13738.5,1,27462.5,14.5,0.05,0,14.5,0.05,-8.5,-0.03,2081.5,2.08,0
1131,Entry long,2023-05-18 10:10,buy,13731.25,1,27462.5,14.5,0.05,0,14.5,0.05,-8.5,-0.03,2081.5,2.08,0
1132,Exit short,2023-05-19 09:55,close_short,13895,1,27757.5,-32.5,-0.12,0,1,0.00,-32.5,-0.12,2049,2.05,0
1132,Entry short,2023-05-19 09:55,sell,13878.75,1,27757.5,-32.5,-0.12,0,1,0.00,-32.5,-0.12,2049,2.05,0
1133,Exit long,2023-05-22 09:55,close_long,13938.5,1,27870.5,6.5,0.02,0,6.5,0.02,0,0.00,2055.5,2.06,0
1133,Entry long,2023-05-22 09:55,buy,13935.25,1,27870.5,6.5,0.02,0,6.5,0.02,0,0.00,2055.5,2.06,0
1134,Exit long,2023-05-23 10:00,close_long,13877.25,1,27742,12.5,0.05,0,12.5,0.05,-25.5,-0.09,2068,2.07,1
1134,Entry long,2023-05-23 09:55,buy,13871,1,27742,12.5,0.05,0,12.5,0.05,-25.5,-0.09,2068,2.07,1
1135,Exit short,2023-05-24 10:05,close_short,13606.75,1,27234.5,21,0.08,0,21,0.08,0,0.00,2089,2.09,0
1135,Entry short,2023-05-24 10:05,sell,13617.25,1,27234.5,21,0.08,0,21,0.08,0,0.00,2089,2.09,0
1136,Exit long,2023-05-25 11:15,close_long,13983.5,1,27952.5,14.5,0.05,0,14.5,0.05,0,0.00,2103.5,2.10,0
1136,Entry long,2023-05-25 11:15,buy,13976.25,1,27952.5,14.5,0.05,0,14.5,0.05,0,0.00,2103.5,2.10,0
1137,Exit long,2023-05-26 10:00,close_long,14129,1,28242.5,15.5,0.05,0,15.5,0.05,-38,-0.13,2119,2.12,1
1137,Entry long,2023-05-26 09:55,buy,14121.25,1,28242.5,15.5,0.05,0,15.5,0.05,-38,-0.13,2119,2.12,1
1138,Exit long,2023-05-29 10:30,close_long,14384,1,28765.5,2.5,0.01,0,2.5,0.01,-4,-0.01,2121.5,2.12,0
1138,Entry long,2023-05-29 10:30,buy,14382.75,1,28765.5,2.5,0.01,0,2.5,0.01,-4,-0.01,2121.5,2.12,0
1139,Exit short,2023-05-30 10:00,close_short,14416,1,28879.5,47.5,0.16,0,47.5,0.16,-22.5,-0.08,2169,2.17,1
1139,Entry short,2023-05-30 09:55,sell,14439.75,1,28879.5,47.5,0.16,0,47.5,0.16,-22.5,-0.08,2169,2.17,1
1140,Exit short,2023-05-31 10:20,close_short,14298.75,1,28615,17.5,0.06,0,17.5,0.06,-13,-0.05,2186.5,2.19,0
1140,Entry short,2023-05-31 10:20,sell,14307.5,1,28615,17.5,0.06,0,17.5,0.06,-13,-0.05,2186.5,2.19,0
1141,Exit long,2023-06-01 10:05,close_long,14327.75,1,28646.5,9,0.03,0,9,0.03,-12,-0.04,2195.5,2.20,0
1141,Entry long,2023-06-01 10:05,buy,14323.25,1,28646.5,9,0.03,0,9,0.03,-12,-0.04,2195.5,2.20,0
1142,Exit short,2023-06-02 10:35,close_short,14540.75,1,28963.5,-118,-0.41,0,23.5,0.08,-118,-0.41,2077.5,2.08,7
1142,Entry short,2023-06-02 10:00,sell,14481.75,1,28963.5,-118,-0.41,0,23.5,0.08,-118,-0.41,2077.5,2.08,7
1143,Exit long,2023-06-05 10:55,close_long,14663,1,29314,12,0.04,0,12,0.04,-7.5,-0.03,2089.5,2.09,0
1143,Entry long,2023-06-05 10:55,buy,14657,1,29314,12,0.04,0,12,0.04,-7.5,-0.03,2089.5,2.09,0
1144,Exit long,2023-06-06 11:20,close_long,14577.25,1,29201.5,-47,-0.16,0,12,0.04,-47,-0.16,2042.5,2.04,6
1144,Entry long,2023-06-06 10:50,buy,14600.75,1,29201.5,-47,-0.16,0,12,0.04,-47,-0.16,2042.5,2.04,6
1145,Exit short,2023-06-07 10:20,close_short,14576.25,1,29162.5,10,0.03,0,10,0.03,-11,-0.04,2052.5,2.05,0
1145,Entry short,2023-06-07 10:20,sell,14581.25,1,29162.5,10,0.03,0,10,0.03,-11,-0.04,2052.5,2.05,0
1146,Exit long,2023-06-08 10:15,close_long,14411.25,1,28812.5,10,0.03,0,10,0.03,0,0.00,2062.5,2.06,0
1146,Entry long,2023-06-08 10:15,buy,14406.25,1,28812.5,10,0.03,0,10,0.03,0,0.00,2062.5,2.06,0
1147,Exit long,2023-06-09 10:15,close_long,14676,1,29332.5,19.5,0.07,0,19.5,0.07,-46,-0.16,2082,2.08,4
1147,Entry long,2023-06-09 09:55,buy,14666.25,1,29332.5,19.5,0.07,0,19.5,0.07,-46,-0.16,2082,2.08,4
1148,Exit short,2023-06-09 11:35,close_short,14546.75,1,29097,3.5,0.01,0,3.5,0.01,0,0.00,2085.5,2.09,0
1148,Entry short,2023-06-09 11:35,sell,14548.5,1,29097,3.5,0.01,0,3.5,0.01,0,0.00,2085.5,2.09,0
1149,Exit short,2023-06-12 10:20,close_short,14584.25,1,29181.5,13,0.04,0,13,0.04,0,0.00,2098.5,2.10,0
1149,Entry short,2023-06-12 10:20,sell,14590.75,1,29181.5,13,0.04,0,13,0.04,0,0.00,2098.5,2.10,0
1150,Exit long,2023-06-12 10:50,close_long,14626.25,1,29283.5,-31,-0.11,0,4,0.01,-31,-0.11,2067.5,2.07,0
1150,Entry long,2023-06-12 10:50,buy,14641.75,1,29283.5,-31,-0.11,0,4,0.01,-31,-0.11,2067.5,2.07,0
1151,Exit short,2023-06-13 10:10,close_short,14987.75,1,30002,26.5,0.09,0,26.5,0.09,-14.5,-0.05,2094,2.09,0
1151,Entry short,2023-06-13 10:10,sell,15001,1,30002,26.5,0.09,0,26.5,0.09,-14.5,-0.05,2094,2.09,0
1152,Exit long,2023-06-14 10:05,close_long,15133.25,1,30254,12.5,0.04,0,12.5,0.04,-8.5,-0.03,2106.5,2.11,0
1152,Entry long,2023-06-14 10:05,buy,15127,1,30254,12.5,0.04,0,12.5,0.04,-8.5,-0.03,2106.5,2.11,0
1153,Exit long,2023-06-15 09:55,close_long,15189.75,1,30429,-49.5,-0.16,0,4,0.01,-49.5,-0.16,2057,2.06,0
1153,Entry long,2023-06-15 09:55,buy,15214.5,1,30429,-49.5,-0.16,0,4,0.01,-49.5,-0.16,2057,2.06,0
1154,Exit short,2023-06-16 11:55,close_short,15367.25,1,30675.5,-59,-0.19,0,16,0.05,-59,-0.19,1998,2.00,1
1154,Entry short,2023-06-16 11:50,sell,15337.75,1,30675.5,-59,-0.19,0,16,0.05,-59,-0.19,1998,2.00,1
1155,Exit short,2023-06-19 10:20,close_short,15240.25,1,30462.5,-18,-0.06,0,1.5,0.00,-18,-0.06,1980,1.98,1
1155,Entry short,2023-06-19 10:15,sell,15231.25,1,30462.5,-18,-0.06,0,1.5,0.00,-18,-0.06,1980,1.98,1
1156,Exit short,2023-06-20 10:20,close_short,15172.25,1,30363,18.5,0.06,0,18.5,0.06,-9,-0.03,1998.5,2.00,0
1156,Entry short,2023-06-20 10:20,sell,15181.5,1,30363,18.5,0.06,0,18.5,0.06,-9,-0.03,1998.5,2.00,0
1157,Exit short,2023-06-21 09:55,close_short,15129.5,1,30276.5,17.5,0.06,0,17.5,0.06,-14.5,-0.05,2016,2.02,0
1157,Entry short,2023-06-21 09:55,sell,15138.25,1,30276.5,17.5,0.06,0,17.5,0.06,-14.5,-0.05,2016,2.02,0
1158,Exit long,2023-06-22 10:00,close_long,15087.5,1,30167.5,7.5,0.02,0,7.5,0.02,-18.5,-0.06,2023.5,2.02,0
1158,Entry long,2023-06-22 10:00,buy,15083.75,1,30167.5,7.5,0.02,0,7.5,0.02,-18.5,-0.06,2023.5,2.02,0
1159,Exit long,2023-06-26 09:55,close_long,15135.5,1,30247.5,23.5,0.08,0,23.5,0.08,-7.5,-0.02,2047,2.05,0
1159,Entry long,2023-06-26 09:55,buy,15123.75,1,30247.5,23.5,0.08,0,23.5,0.08,-7.5,-0.02,2047,2.05,0
1160,Exit short,2023-06-26 12:05,close_short,14975.75,1,29978.5,27,0.09,0,27,0.09,-79,-0.26,2074,2.07,9
1160,Entry short,2023-06-26 11:20,sell,14989.25,1,29978.5,27,0.09,0,27,0.09,-79,-0.26,2074,2.07,9
1161,Exit long,2023-06-27 11:35,close_long,14993.5,1,29965,22,0.07,0,22,0.07,-17,-0.06,2096,2.10,1
1161,Entry long,2023-06-27 11:30,buy,14982.5,1,29965,22,0.07,0,22,0.07,-17,-0.06,2096,2.10,1
1162,Exit long,2023-06-28 10:25,close_long,15131,1,30227,35,0.12,0,35,0.12,-26,-0.09,2131,2.13,1
1162,Entry long,2023-06-28 10:20,buy,15113.5,1,30227,35,0.12,0,35,0.12,-26,-0.09,2131,2.13,1
1163,Exit short,2023-06-29 10:10,close_short,15037.25,1,30118.5,44,0.15,0,44,0.15,-8.5,-0.03,2175,2.17,0
1163,Entry short,2023-06-29 10:10,sell,15059.25,1,30118.5,44,0.15,0,44,0.15,-8.5,-0.03,2175,2.17,0
1164,Exit long,2023-06-30 10:15,close_long,15342,1,30673,11,0.04,0,11,0.04,0,0.00,2186,2.19,0
1164,Entry long,2023-06-30 10:15,buy,15336.5,1,30673,11,0.04,0,11,0.04,0,0.00,2186,2.19,0
1165,Exit short,2023-07-03 10:40,close_short,15318.25,1,30650.5,14,0.05,0,14,0.05,-5,-0.02,2200,2.20,0
1165,Entry short,2023-07-03 10:40,sell,15325.25,1,30650.5,14,0.05,0,14,0.05,-5,-0.02,2200,2.20,0
1166,Exit short,2023-07-04 10:30,close_short,15349.25,1,30702,3.5,0.01,0,3.5,0.01,-0.5,0.00,2203.5,2.20,0
1166,Entry short,2023-07-04 10:30,sell,15351,1,30702,3.5,0.01,0,3.5,0.01,-0.5,0.00,2203.5,2.20,0
1167,Exit long,2023-07-05 10:20,close_long,15414.5,1,30813.5,15.5,0.05,0,15.5,0.05,-5.5,-0.02,2219,2.22,0
1167,Entry long,2023-07-05 10:20,buy,15406.75,1,30813.5,15.5,0.05,0,15.5,0.05,-5.5,-0.02,2219,2.22,0
1168,Exit short,2023-07-06 10:05,close_short,15122.5,1,30274.5,29.5,0.10,0,29.5,0.10,-42.5,-0.14,2248.5,2.25,2
1168,Entry short,2023-07-06 09:55,sell,15137.25,1,30274.5,29.5,0.10,0,29.5,0.10,-42.5,-0.14,2248.5,2.25,2
1169,Exit long,2023-07-07 10:00,close_long,15276.5,1,30545,8,0.03,0,8,0.03,0,0.00,2256.5,2.26,0
1169,Entry long,2023-07-07 10:00,buy,15272.5,1,30545,8,0.03,0,8,0.03,0,0.00,2256.5,2.26,0
1170,Exit short,2023-07-07 10:45,close_short,15223.25,1,30368.5,-78,-0.26,0,7,0.02,-78,-0.26,2178.5,2.18,2
1170,Entry short,2023-07-07 10:35,sell,15184.25,1,30368.5,-78,-0.26,0,7,0.02,-78,-0.26,2178.5,2.18,2
1171,Exit short,2023-07-10 09:55,close_short,15110.25,1,30239,18.5,0.06,0,18.5,0.06,-5,-0.02,2197,2.20,0
1171,Entry short,2023-07-10 09:55,sell,15119.5,1,30239,18.5,0.06,0,18.5,0.06,-5,-0.02,2197,2.20,0
1172,Exit short,2023-07-11 10:05,close_short,15122.5,1,30266,21,0.07,0,21,0.07,-2,-0.01,2218,2.22,0
1172,Entry short,2023-07-11 10:05,sell,15133,1,30266,21,0.07,0,21,0.07,-2,-0.01,2218,2.22,0
1173,Exit long,2023-07-11 12:00,close_long,15245.5,1,30471.5,19.5,0.06,0,19.5,0.06,0,0.00,2237.5,2.24,0
1173,Entry long,2023-07-11 12:00,buy,15235.75,1,30471.5,19.5,0.06,0,19.5,0.06,0,0.00,2237.5,2.24,0
1174,Exit long,2023-07-12 10:00,close_long,15467.25,1,30926.5,8,0.03,0,8,0.03,0,0.00,2245.5,2.25,0
1174,Entry long,2023-07-12 10:00,buy,15463.25,1,30926.5,8,0.03,0,8,0.03,0,0.00,2245.5,2.25,0
1175,Exit short,2023-07-12 11:45,close_short,15367,1,30754.5,20.5,0.07,0,20.5,0.07,0,0.00,2266,2.27,0
1175,Entry short,2023-07-12 11:45,sell,15377.25,1,30754.5,20.5,0.07,0,20.5,0.07,0,0.00,2266,2.27,0
1176,Exit long,2023-07-13 09:55,close_long,15601.75,1,31239.5,-36,-0.12,0,4,0.01,-36,-0.12,2230,2.23,0
1176,Entry long,2023-07-13 09:55,buy,15619.75,1,31239.5,-36,-0.12,0,4,0.01,-36,-0.12,2230,2.23,0
1177,Exit long,2023-07-14 09:55,close_long,15811.5,1,31612,11,0.03,0,11,0.03,0,0.00,2241,2.24,0
1177,Entry long,2023-07-14 09:55,buy,15806,1,31612,11,0.03,0,11,0.03,0,0.00,2241,2.24,0
1178,Exit long,2023-07-17 11:35,close_long,15787.5,1,31569,6,0.02,0,6,0.02,-10,-0.03,2247,2.25,0
1178,Entry long,2023-07-17 11:35,buy,15784.5,1,31569,6,0.02,0,6,0.02,-10,-0.03,2247,2.25,0
1179,Exit long,2023-07-18 11:45,close_long,15838.25,1,31663,13.5,0.04,0,13.5,0.04,-0.5,0.00,2260.5,2.26,0
1179,Entry long,2023-07-18 11:45,buy,15831.5,1,31663,13.5,0.04,0,13.5,0.04,-0.5,0.00,2260.5,2.26,0
1180,Exit long,2023-07-19 12:00,close_long,16050.75,1,32083,18.5,0.06,0,18.5,0.06,-55.5,-0.17,2279,2.28,9
1180,Entry long,2023-07-19 11:15,buy,16041.5,1,32083,18.5,0.06,0,18.5,0.06,-55.5,-0.17,2279,2.28,9
1181,Exit short,2023-07-20 10:20,close_short,15775.25,1,31572,21.5,0.07,0,21.5,0.07,-11.5,-0.04,2300.5,2.30,0
1181,Entry short,2023-07-20 10:20,sell,15786,1,31572,21.5,0.07,0,21.5,0.07,-11.5,-0.04,2300.5,2.30,0
1182,Exit short,2023-07-21 10:00,close_short,15613.75,1,31243.5,16,0.05,0,16,0.05,-22,-0.07,2316.5,2.32,0
1182,Entry short,2023-07-21 10:00,sell,15621.75,1,31243.5,16,0.05,0,16,0.05,-22,-0.07,2316.5,2.32,0
1183,Exit short,2023-07-24 10:15,close_short,15561.5,1,30976.5,-146.5,-0.47,0,7.5,0.02,-146.5,-0.47,2170,2.17,4
1183,Entry short,2023-07-24 09:55,sell,15488.25,1,30976.5,-146.5,-0.47,0,7.5,0.02,-146.5,-0.47,2170,2.17,4
1184,Exit long,2023-07-25 10:00,close_long,15669.75,1,31326,13.5,0.04,0,13.5,0.04,0,0.00,2183.5,2.18,0
1184,Entry long,2023-07-25 10:00,buy,15663,1,31326,13.5,0.04,0,13.5,0.04,0,0.00,2183.5,2.18,0
1185,Exit short,2023-07-26 11:00,close_short,15528.75,1,31076.5,19,0.06,0,19,0.06,-2.5,-0.01,2202.5,2.20,0
1185,Entry short,2023-07-26 11:00,sell,15538.25,1,31076.5,19,0.06,0,19,0.06,-2.5,-0.01,2202.5,2.20,0
1186,Exit short,2023-07-27 10:25,close_short,15809.75,1,31638,18.5,0.06,0,18.5,0.06,0,0.00,2221,2.22,0
1186,Entry short,2023-07-27 10:25,sell,15819,1,31638,18.5,0.06,0,18.5,0.06,0,0.00,2221,2.22,0
1187,Exit long,2023-07-28 09:55,close_long,15793.5,1,31632.5,-45.5,-0.14,0,6,0.02,-45.5,-0.14,2175.5,2.18,0
1187,Entry long,2023-07-28 09:55,buy,15816.25,1,31632.5,-45.5,-0.14,0,6,0.02,-45.5,-0.14,2175.5,2.18,0
1188,Exit short,2023-07-31 10:00,close_short,15820.5,1,31655,14,0.04,0,14,0.04,-2,-0.01,2189.5,2.19,0
1188,Entry short,2023-07-31 10:00,sell,15827.5,1,31655,14,0.04,0,14,0.04,-2,-0.01,2189.5,2.19,0
1189,Exit short,2023-08-01 10:15,close_short,15740,1,31511.5,31.5,0.10,0,31.5,0.10,-18.5,-0.06,2221,2.22,0
1189,Entry short,2023-08-01 10:15,sell,15755.75,1,31511.5,31.5,0.10,0,31.5,0.10,-18.5,-0.06,2221,2.22,0
1190,Exit long,2023-08-01 10:40,close_long,15818,1,31622,14,0.04,0,14,0.04,-19.5,-0.06,2235,2.24,0
1190,Entry long,2023-08-01 10:40,buy,15811,1,31622,14,0.04,0,14,0.04,-19.5,-0.06,2235,2.24,0
1191,Exit short,2023-08-02 10:10,close_short,15542.75,1,31112,26.5,0.09,0,26.5,0.09,0,0.00,2261.5,2.26,0
1191,Entry short,2023-08-02 10:10,sell,15556,1,31112,26.5,0.09,0,26.5,0.09,0,0.00,2261.5,2.26,0
1192,Exit long,2023-08-03 10:05,close_long,15447.75,1,30887,8.5,0.03,0,8.5,0.03,0,0.00,2270,2.27,0
1192,Entry long,2023-08-03 10:05,buy,15443.5,1,30887,8.5,0.03,0,8.5,0.03,0,0.00,2270,2.27,0
1193,Exit short,2023-08-04 09:55,close_short,15452.5,1,30945,40,0.13,0,40,0.13,-10,-0.03,2310,2.31,0
1193,Entry short,2023-08-04 09:55,sell,15472.5,1,30945,40,0.13,0,40,0.13,-10,-0.03,2310,2.31,0
1194,Exit short,2023-08-07 11:10,close_short,15385.25,1,30732,-38.5,-0.13,0,5,0.02,-38.5,-0.13,2271.5,2.27,0
1194,Entry short,2023-08-07 11:10,sell,15366,1,30732,-38.5,-0.13,0,5,0.02,-38.5,-0.13,2271.5,2.27,0
1195,Exit short,2023-08-08 10:15,close_short,15251.5,1,30519,16,0.05,0,16,0.05,-27,-0.09,2287.5,2.29,0
1195,Entry short,2023-08-08 10:15,sell,15259.5,1,30519,16,0.05,0,16,0.05,-27,-0.09,2287.5,2.29,0
1196,Exit short,2023-08-09 10:00,close_short,15297.75,1,30555.5,-40,-0.13,0,7,0.02,-40,-0.13,2247.5,2.25,1
1196,Entry short,2023-08-09 09:55,sell,15277.75,1,30555.5,-40,-0.13,0,7,0.02,-40,-0.13,2247.5,2.25,1
1197,Exit long,2023-08-10 09:55,close_long,15402.75,1,30790.5,15,0.05,0,15,0.05,-15,-0.05,2262.5,2.26,0
1197,Entry long,2023-08-10 09:55,buy,15395.25,1,30790.5,15,0.05,0,15,0.05,-15,-0.05,2262.5,2.26,0
1198,Exit short,2023-08-10 11:50,close_short,15239.75,1,30500.5,21,0.07,0,21,0.07,-3.5,-0.01,2283.5,2.28,0
1198,Entry short,2023-08-10 11:50,sell,15250.25,1,30500.5,21,0.07,0,21,0.07,-3.5,-0.01,2283.5,2.28,0
1199,Exit long,2023-08-11 10:15,close_long,15145.5,1,30263.5,27.5,0.09,0,27.5,0.09,-5.5,-0.02,2311,2.31,0
1199,Entry long,2023-08-11 10:15,buy,15131.75,1,30263.5,27.5,0.09,0,27.5,0.09,-5.5,-0.02,2311,2.31,0
1200,Exit short,2023-08-11 11:35,close_short,15068.25,1,30081,-55.5,-0.18,0,2,0.01,-55.5,-0.18,2255.5,2.26,0
1200,Entry short,2023-08-11 11:35,sell,15040.5,1,30081,-55.5,-0.18,0,2,0.01,-55.5,-0.18,2255.5,2.26,0
1201,Exit long,2023-08-14 10:05,close_long,15139,1,30260.5,17.5,0.06,0,17.5,0.06,0,0.00,2273,2.27,0
1201,Entry long,2023-08-14 10:05,buy,15130.25,1,30260.5,17.5,0.06,0,17.5,0.06,0,0.00,2273,2.27,0
1202,Exit short,2023-08-15 10:05,close_short,15153.75,1,30320.5,13,0.04,0,13,0.04,-3.5,-0.01,2286,2.29,0
1202,Entry short,2023-08-15 10:05,sell,15160.25,1,30320.5,13,0.04,0,13,0.04,-3.5,-0.01,2286,2.29,0
1203,Exit long,2023-08-16 10:20,close_long,15144,1,30271,17,0.06,0,17,0.06,0,0.00,2303,2.30,0
1203,Entry long,2023-08-16 10:20,buy,15135.5,1,30271,17,0.06,0,17,0.06,0,0.00,2303,2.30,0
1204,Exit short,2023-08-16 12:00,close_short,15039,1,30088.5,10.5,0.03,0,10.5,0.03,0,0.00,2313.5,2.31,0
1204,Entry short,2023-08-16 12:00,sell,15044.25,1,30088.5,10.5,0.03,0,10.5,0.03,0,0.00,2313.5,2.31,0
1205,Exit short,2023-08-17 10:05,close_short,14903.25,1,29831,24.5,0.08,0,24.5,0.08,-56.5,-0.19,2338,2.34,2
1205,Entry short,2023-08-17 09:55,sell,14915.5,1,29831,24.5,0.08,0,24.5,0.08,-56.5,-0.19,2338,2.34,2
1206,Exit long,2023-08-18 10:40,close_long,14695,1,29374.5,15.5,0.05,0,15.5,0.05,-8.5,-0.03,2353.5,2.35,0
1206,Entry long,2023-08-18 10:40,buy,14687.25,1,29374.5,15.5,0.05,0,15.5,0.05,-8.5,-0.03,2353.5,2.35,0
1207,Exit long,2023-08-21 10:05,close_long,14926.25,1,29827,25.5,0.09,0,25.5,0.09,-22.5,-0.08,2379,2.38,1
1207,Entry long,2023-08-21 10:00,buy,14913.5,1,29827,25.5,0.09,0,25.5,0.09,-22.5,-0.08,2379,2.38,1
1208,Exit short,2023-08-22 09:55,close_short,15007.25,1,30031.5,17,0.06,0,17,0.06,0,0.00,2396,2.40,0
1208,Entry short,2023-08-22 09:55,sell,15015.75,1,30031.5,17,0.06,0,17,0.06,0,0.00,2396,2.40,0
1209,Exit long,2023-08-23 10:00,close_long,15105,1,30186.5,23.5,0.08,0,23.5,0.08,-22,-0.07,2419.5,2.42,0
1209,Entry long,2023-08-23 10:00,buy,15093.25,1,30186.5,23.5,0.08,0,23.5,0.08,-22,-0.07,2419.5,2.42,0
1210,Exit short,2023-08-24 10:10,close_short,15138.5,1,30318.5,41.5,0.14,0,41.5,0.14,-6,-0.02,2461,2.46,0
1210,Entry short,2023-08-24 10:10,sell,15159.25,1,30318.5,41.5,0.14,0,41.5,0.14,-6,-0.02,2461,2.46,0
1211,Exit long,2023-08-25 10:15,close_long,15031,1,29998,64,0.21,0,64,0.21,-92,-0.31,2525,2.53,0
1211,Entry long,2023-08-25 10:15,buy,14999,1,29998,64,0.21,0,64,0.21,-92,-0.31,2525,2.53,0
1212,Exit short,2023-08-25 10:35,close_short,14859.75,1,29742.5,23,0.08,0,23,0.08,-53.5,-0.18,2548,2.55,0
1212,Entry short,2023-08-25 10:35,sell,14871.25,1,29742.5,23,0.08,0,23,0.08,-53.5,-0.18,2548,2.55,0
1213,Exit short,2023-08-28 10:45,close_short,15024.5,1,30066,17,0.06,0,17,0.06,0,0.00,2565,2.57,0
1213,Entry short,2023-08-28 10:45,sell,15033,1,30066,17,0.06,0,17,0.06,0,0.00,2565,2.57,0
1214,Exit long,2023-08-29 10:15,close_long,15252.25,1,30459,45.5,0.15,0,45.5,0.15,-21,-0.07,2610.5,2.61,2
1214,Entry long,2023-08-29 10:05,buy,15229.5,1,30459,45.5,0.15,0,45.5,0.15,-21,-0.07,2610.5,2.61,2
1215,Exit long,2023-08-30 10:00,close_long,15479,1,30927,31,0.10,0,31,0.10,-22.5,-0.07,2641.5,2.64,1
1215,Entry long,2023-08-30 09:55,buy,15463.5,1,30927,31,0.10,0,31,0.10,-22.5,-0.07,2641.5,2.64,1
1216,Exit long,2023-08-31 10:00,close_long,15575,1,31133.5,16.5,0.05,0,16.5,0.05,0,0.00,2658,2.66,0
1216,Entry long,2023-08-31 10:00,buy,15566.75,1,31133.5,16.5,0.05,0,16.5,0.05,0,0.00,2658,2.66,0
1217,Exit short,2023-09-01 11:05,close_short,15489.25,1,30990.5,12,0.04,0,12,0.04,-24.5,-0.08,2670,2.67,1
1217,Entry short,2023-09-01 11:00,sell,15495.25,1,30990.5,12,0.04,0,12,0.04,-24.5,-0.08,2670,2.67,1
1218,Exit short,2023-09-04 10:35,close_short,15541,1,31086,4,0.01,0,4,0.01,0,0.00,2674,2.67,0
1218,Entry short,2023-09-04 10:35,sell,15543,1,31086,4,0.01,0,4,0.01,0,0.00,2674,2.67,0
1219,Exit long,2023-09-05 10:25,close_long,15518.25,1,31021.5,15,0.05,0,15,0.05,0,0.00,2689,2.69,0
1219,Entry long,2023-09-05 10:25,buy,15510.75,1,31021.5,15,0.05,0,15,0.05,0,0.00,2689,2.69,0
1220,Exit short,2023-09-06 10:05,close_short,15390.5,1,30823.5,42.5,0.14,0,42.5,0.14,-8,-0.03,2731.5,2.73,0
1220,Entry short,2023-09-06 10:05,sell,15411.75,1,30823.5,42.5,0.14,0,42.5,0.14,-8,-0.03,2731.5,2.73,0
1221,Exit long,2023-09-07 10:45,close_long,15281,1,30540.5,21.5,0.07,0,21.5,0.07,-17.5,-0.06,2753,2.75,0
1221,Entry long,2023-09-07 10:45,buy,15270.25,1,30540.5,21.5,0.07,0,21.5,0.07,-17.5,-0.06,2753,2.75,0
1222,Exit long,2023-09-08 10:20,close_long,15379,1,30748.5,9.5,0.03,0,9.5,0.03,-7,-0.02,2762.5,2.76,0
1222,Entry long,2023-09-08 10:20,buy,15374.25,1,30748.5,9.5,0.03,0,9.5,0.03,-7,-0.02,2762.5,2.76,0
1223,Exit short,2023-09-11 10:45,close_short,15382.5,1,30695,-70,-0.23,0,17.5,0.06,-70,-0.23,2692.5,2.69,6
1223,Entry short,2023-09-11 10:15,sell,15347.5,1,30695,-70,-0.23,0,17.5,0.06,-70,-0.23,2692.5,2.69,6
1224,Exit long,2023-09-12 10:00,close_long,15638.5,1,31300.5,-23.5,-0.08,0,3,0.01,-23.5,-0.08,2669,2.67,0
1224,Entry long,2023-09-12 10:00,buy,15650.25,1,31300.5,-23.5,-0.08,0,3,0.01,-23.5,-0.08,2669,2.67,0
1225,Exit short,2023-09-12 10:30,close_short,15572.5,1,31164.5,19.5,0.06,0,19.5,0.06,-29,-0.09,2688.5,2.69,0
1225,Entry short,2023-09-12 10:30,sell,15582.25,1,31164.5,19.5,0.06,0,19.5,0.06,-29,-0.09,2688.5,2.69,0
1226,Exit short,2023-09-13 10:15,close_short,15468.5,1,30950.5,13.5,0.04,0,13.5,0.04,-4.5,-0.01,2702,2.70,0
1226,Entry short,2023-09-13 10:15,sell,15475.25,1,30950.5,13.5,0.04,0,13.5,0.04,-4.5,-0.01,2702,2.70,0
1227,Exit long,2023-09-13 11:05,close_long,15589,1,31162,16,0.05,0,16,0.05,-11.5,-0.04,2718,2.72,0
1227,Entry long,2023-09-13 11:05,buy,15581,1,31162,16,0.05,0,16,0.05,-11.5,-0.04,2718,2.72,0
1228,Exit short,2023-09-14 09:55,close_short,15551.25,1,31122.5,20,0.06,0,20,0.06,-41.5,-0.13,2738,2.74,0
1228,Entry short,2023-09-14 09:55,sell,15561.25,1,31122.5,20,0.06,0,20,0.06,-41.5,-0.13,2738,2.74,0
1229,Exit long,2023-09-14 10:50,close_long,15657.5,1,31308.5,6.5,0.02,0,6.5,0.02,-6,-0.02,2744.5,2.74,0
1229,Entry long,2023-09-14 10:50,buy,15654.25,1,31308.5,6.5,0.02,0,6.5,0.02,-6,-0.02,2744.5,2.74,0
1230,Exit short,2023-09-15 10:00,close_short,15505.75,1,31025,13.5,0.04,0,13.5,0.04,0,0.00,2758,2.76,0
1230,Entry short,2023-09-15 10:00,sell,15512.5,1,31025,13.5,0.04,0,13.5,0.04,0,0.00,2758,2.76,0
1231,Exit long,2023-09-18 11:45,close_long,15444.25,1,30880.5,8,0.03,0,8,0.03,0,0.00,2766,2.77,0
1231,Entry long,2023-09-18 11:45,buy,15440.25,1,30880.5,8,0.03,0,8,0.03,0,0.00,2766,2.77,0
1232,Exit short,2023-09-19 10:00,close_short,15296,1,30608,16,0.05,0,16,0.05,-7,-0.02,2782,2.78,0
1232,Entry short,2023-09-19 10:00,sell,15304,1,30608,16,0.05,0,16,0.05,-7,-0.02,2782,2.78,0
1233,Exit short,2023-09-20 10:15,close_short,15362,1,30746,22,0.07,0,22,0.07,-14.5,-0.05,2804,2.80,0
1233,Entry short,2023-09-20 10:15,sell,15373,1,30746,22,0.07,0,22,0.07,-14.5,-0.05,2804,2.80,0
1234,Exit short,2023-09-21 09:55,close_short,14930.75,1,29878,16.5,0.06,0,16.5,0.06,0,0.00,2820.5,2.82,0
1234,Entry short,2023-09-21 09:55,sell,14939,1,29878,16.5,0.06,0,16.5,0.06,0,0.00,2820.5,2.82,0
1235,Exit long,2023-09-22 10:50,close_long,15005.75,1,29986.5,25,0.08,0,25,0.08,-24,-0.08,2845.5,2.85,3
1235,Entry long,2023-09-22 10:35,buy,14993.25,1,29986.5,25,0.08,0,25,0.08,-24,-0.08,2845.5,2.85,3
1236,Exit long,2023-09-25 11:15,close_long,14885.25,1,29762,8.5,0.03,0,8.5,0.03,-1,0.00,2854,2.85,0
1236,Entry long,2023-09-25 11:15,buy,14881,1,29762,8.5,0.03,0,8.5,0.03,-1,0.00,2854,2.85,0
1237,Exit short,2023-09-26 09:55,close_short,14774.25,1,29561.5,13,0.04,0,13,0.04,-15,-0.05,2867,2.87,0
1237,Entry short,2023-09-26 09:55,sell,14780.75,1,29561.5,13,0.04,0,13,0.04,-15,-0.05,2867,2.87,0
1238,Exit short,2023-09-27 10:05,close_short,14730.75,1,29482,20.5,0.07,0,20.5,0.07,-6.5,-0.02,2887.5,2.89,0
1238,Entry short,2023-09-27 10:05,sell,14741,1,29482,20.5,0.07,0,20.5,0.07,-6.5,-0.02,2887.5,2.89,0
1239,Exit long,2023-09-28 10:00,close_long,14749.5,1,29465.5,33.5,0.11,0,33.5,0.11,-17.5,-0.06,2921,2.92,1
1239,Entry long,2023-09-28 09:55,buy,14732.75,1,29465.5,33.5,0.11,0,33.5,0.11,-17.5,-0.06,2921,2.92,1
1240,Exit long,2023-09-29 10:05,close_long,15030.25,1,30102.5,-42,-0.14,0,3,0.01,-42,-0.14,2879,2.88,0
1240,Entry long,2023-09-29 10:05,buy,15051.25,1,30102.5,-42,-0.14,0,3,0.01,-42,-0.14,2879,2.88,0
1241,Exit short,2023-09-29 10:50,close_short,15023.5,1,29951.5,-95.5,-0.32,0,12.5,0.04,-95.5,-0.32,2783.5,2.78,5
1241,Entry short,2023-09-29 10:25,sell,14975.75,1,29951.5,-95.5,-0.32,0,12.5,0.04,-95.5,-0.32,2783.5,2.78,5
1242,Exit long,2023-10-02 11:15,close_long,15005.25,1,29964.5,46,0.15,0,46,0.15,-152.5,-0.51,2829.5,2.83,14
1242,Entry long,2023-10-02 10:05,buy,14982.25,1,29964.5,46,0.15,0,46,0.15,-152.5,-0.51,2829.5,2.83,14
1243,Exit long,2023-10-03 10:00,close_long,14928,1,29929.5,-73.5,-0.25,0,18.5,0.06,-73.5,-0.25,2756,2.76,1
1243,Entry long,2023-10-03 09:55,buy,14964.75,1,29929.5,-73.5,-0.25,0,18.5,0.06,-73.5,-0.25,2756,2.76,1
1244,Exit short,2023-10-03 10:10,close_short,14862.75,1,29651.5,-74,-0.25,0,21,0.07,-74,-0.25,2682,2.68,0
1244,Entry short,2023-10-03 10:10,sell,14825.75,1,29651.5,-74,-0.25,0,21,0.07,-74,-0.25,2682,2.68,0
1245,Exit short,2023-10-04 10:30,close_short,14777,1,29478,-76,-0.26,0,0,0.00,-76,-0.26,2606,2.61,0
1245,Entry short,2023-10-04 10:30,sell,14739,1,29478,-76,-0.26,0,0,0.00,-76,-0.26,2606,2.61,0
1246,Exit long,2023-10-04 11:20,close_long,14856.25,1,29690,22.5,0.08,0,22.5,0.08,0,0.00,2628.5,2.63,0
1246,Entry long,2023-10-04 11:20,buy,14845,1,29690,22.5,0.08,0,22.5,0.08,0,0.00,2628.5,2.63,0
1247,Exit short,2023-10-05 10:00,close_short,14813.5,1,29649,22,0.07,0,22,0.07,-47,-0.16,2650.5,2.65,1
1247,Entry short,2023-10-05 09:55,sell,14824.5,1,29649,22,0.07,0,22,0.07,-47,-0.16,2650.5,2.65,1
1248,Exit long,2023-10-06 10:30,close_long,14847.5,1,29647.5,47.5,0.16,0,47.5,0.16,-11,-0.04,2698,2.70,1
1248,Entry long,2023-10-06 10:25,buy,14823.75,1,29647.5,47.5,0.16,0,47.5,0.16,-11,-0.04,2698,2.70,1
1249,Exit long,2023-10-10 10:00,close_long,15249.25,1,30481,17.5,0.06,0,17.5,0.06,-0.5,0.00,2715.5,2.72,0
1249,Entry long,2023-10-10 10:00,buy,15240.5,1,30481,17.5,0.06,0,17.5,0.06,-0.5,0.00,2715.5,2.72,0
1250,Exit short,2023-10-11 10:15,close_short,15304.75,1,30621,11.5,0.04,0,11.5,0.04,-41.5,-0.14,2727,2.73,2
1250,Entry short,2023-10-11 10:05,sell,15310.5,1,30621,11.5,0.04,0,11.5,0.04,-41.5,-0.14,2727,2.73,2
1251,Exit long,2023-10-12 10:10,close_long,15430,1,30845.5,14.5,0.05,0,14.5,0.05,-3,-0.01,2741.5,2.74,0
1251,Entry long,2023-10-12 10:10,buy,15422.75,1,30845.5,14.5,0.05,0,14.5,0.05,-3,-0.01,2741.5,2.74,0
1252,Exit short,2023-10-13 10:20,close_short,15280,1,30578,18,0.06,0,18,0.06,-34,-0.11,2759.5,2.76,1
1252,Entry short,2023-10-13 10:15,sell,15289,1,30578,18,0.06,0,18,0.06,-34,-0.11,2759.5,2.76,1
1253,Exit long,2023-10-16 10:20,close_long,15268.5,1,30527.5,9.5,0.03,0,9.5,0.03,-9.5,-0.03,2769,2.77,0
1253,Entry long,2023-10-16 10:20,buy,15263.75,1,30527.5,9.5,0.03,0,9.5,0.03,-9.5,-0.03,2769,2.77,0
1254,Exit short,2023-10-17 10:00,close_short,15088.5,1,30123,-54,-0.18,0,1,0.00,-54,-0.18,2715,2.72,1
1254,Entry short,2023-10-17 09:55,sell,15061.5,1,30123,-54,-0.18,0,1,0.00,-54,-0.18,2715,2.72,1
1255,Exit long,2023-10-17 10:20,close_long,15179.25,1,30346.5,12,0.04,0,12,0.04,-26,-0.09,2727,2.73,0
1255,Entry long,2023-10-17 10:20,buy,15173.25,1,30346.5,12,0.04,0,12,0.04,-26,-0.09,2727,2.73,0
1256,Exit long,2023-10-18 10:20,close_long,15214.25,1,30400.5,28,0.09,0,28,0.09,-0.5,0.00,2755,2.76,0
1256,Entry long,2023-10-18 10:20,buy,15200.25,1,30400.5,28,0.09,0,28,0.09,-0.5,0.00,2755,2.76,0
1257,Exit short,2023-10-18 10:40,close_short,15113.75,1,30238.5,11,0.04,0,11,0.04,0,0.00,2766,2.77,0
1257,Entry short,2023-10-18 10:40,sell,15119.25,1,30238.5,11,0.04,0,11,0.04,0,0.00,2766,2.77,0
1258,Exit short,2023-10-19 11:15,close_short,14986.25,1,30007,34.5,0.11,0,34.5,0.11,-97,-0.32,2800.5,2.80,9
1258,Entry short,2023-10-19 10:30,sell,15003.5,1,30007,34.5,0.11,0,34.5,0.11,-97,-0.32,2800.5,2.80,9
1259,Exit short,2023-10-20 10:25,close_short,14769,1,29567.5,29.5,0.10,0,29.5,0.10,-58.5,-0.20,2830,2.83,2
1259,Entry short,2023-10-20 10:15,sell,14783.75,1,29567.5,29.5,0.10,0,29.5,0.10,-58.5,-0.20,2830,2.83,2
1260,Exit long,2023-10-23 10:05,close_long,14645.5,1,29272.5,18.5,0.06,0,18.5,0.06,-51.5,-0.18,2848.5,2.85,1
1260,Entry long,2023-10-23 10:00,buy,14636.25,1,29272.5,18.5,0.06,0,18.5,0.06,-51.5,-0.18,2848.5,2.85,1
1261,Exit long,2023-10-24 10:35,close_long,14858,1,29696,20,0.07,0,20,0.07,-34.5,-0.12,2868.5,2.87,1
1261,Entry long,2023-10-24 10:30,buy,14848,1,29696,20,0.07,0,20,0.07,-34.5,-0.12,2868.5,2.87,1
1262,Exit short,2023-10-25 11:50,close_short,14593.25,1,29200.5,14,0.05,0,14,0.05,-2.5,-0.01,2882.5,2.88,0
1262,Entry short,2023-10-25 11:50,sell,14600.25,1,29200.5,14,0.05,0,14,0.05,-2.5,-0.01,2882.5,2.88,0
1263,Exit short,2023-10-26 09:55,close_short,14337.75,1,28688.5,13,0.05,0,13,0.05,-17,-0.06,2895.5,2.90,0
1263,Entry short,2023-10-26 09:55,sell,14344.25,1,28688.5,13,0.05,0,13,0.05,-17,-0.06,2895.5,2.90,0
1264,Exit short,2023-10-27 10:45,close_short,14306.25,1,28555,-57.5,-0.20,0,7,0.02,-57.5,-0.20,2838,2.84,0
1264,Entry short,2023-10-27 10:45,sell,14277.5,1,28555,-57.5,-0.20,0,7,0.02,-57.5,-0.20,2838,2.84,0
1265,Exit long,2023-10-27 11:10,close_long,14366.5,1,28717,16,0.06,0,16,0.06,-22,-0.08,2854,2.85,0
1265,Entry long,2023-10-27 11:10,buy,14358.5,1,28717,16,0.06,0,16,0.06,-22,-0.08,2854,2.85,0
1266,Exit short,2023-10-30 10:50,close_short,14350.5,1,28626,-75,-0.26,0,13.5,0.05,-75,-0.26,2779,2.78,1
1266,Entry short,2023-10-30 10:45,sell,14313,1,28626,-75,-0.26,0,13.5,0.05,-75,-0.26,2779,2.78,1
1267,Exit long,2023-11-01 10:45,close_long,14648.5,1,29261.5,35.5,0.12,0,35.5,0.12,-20.5,-0.07,2814.5,2.81,4
1267,Entry long,2023-11-01 10:25,buy,14630.75,1,29261.5,35.5,0.12,0,35.5,0.12,-20.5,-0.07,2814.5,2.81,4
1268,Exit short,2023-11-02 10:10,close_short,14885,1,29784.5,14.5,0.05,0,14.5,0.05,-6.5,-0.02,2829,2.83,0
1268,Entry short,2023-11-02 10:10,sell,14892.25,1,29784.5,14.5,0.05,0,14.5,0.05,-6.5,-0.02,2829,2.83,0
1269,Exit long,2023-11-02 10:55,close_long,14959.5,1,29910,9,0.03,0,9,0.03,-4,-0.01,2838,2.84,0
1269,Entry long,2023-11-02 10:55,buy,14955,1,29910,9,0.03,0,9,0.03,-4,-0.01,2838,2.84,0
1270,Exit long,2023-11-03 11:45,close_long,15147.5,1,30273.5,21.5,0.07,0,21.5,0.07,-17.5,-0.06,2859.5,2.86,2
1270,Entry long,2023-11-03 11:35,buy,15136.75,1,30273.5,21.5,0.07,0,21.5,0.07,-17.5,-0.06,2859.5,2.86,2
1271,Exit short,2023-11-06 10:20,close_short,15214.75,1,30374,-55.5,-0.18,0,1.5,0.00,-55.5,-0.18,2804,2.80,1
1271,Entry short,2023-11-06 10:15,sell,15187,1,30374,-55.5,-0.18,0,1.5,0.00,-55.5,-0.18,2804,2.80,1
1272,Exit long,2023-11-07 10:00,close_long,15303.25,1,30595,11.5,0.04,0,11.5,0.04,-0.5,0.00,2815.5,2.82,0
1272,Entry long,2023-11-07 10:00,buy,15297.5,1,30595,11.5,0.04,0,11.5,0.04,-0.5,0.00,2815.5,2.82,0
1273,Exit short,2023-11-08 10:20,close_short,15344.5,1,30713.5,24.5,0.08,0,24.5,0.08,-60.5,-0.20,2840,2.84,3
1273,Entry short,2023-11-08 10:05,sell,15356.75,1,30713.5,24.5,0.08,0,24.5,0.08,-60.5,-0.20,2840,2.84,3
1274,Exit long,2023-11-09 10:00,close_long,15432,1,30846,18,0.06,0,18,0.06,0,0.00,2858,2.86,0
1274,Entry long,2023-11-09 10:00,buy,15423,1,30846,18,0.06,0,18,0.06,0,0.00,2858,2.86,0
1275,Exit short,2023-11-09 10:30,close_short,15357.5,1,30726.5,11.5,0.04,0,11.5,0.04,-9,-0.03,2869.5,2.87,0
1275,Entry short,2023-11-09 10:30,sell,15363.25,1,30726.5,11.5,0.04,0,11.5,0.04,-9,-0.03,2869.5,2.87,0
1276,Exit long,2023-11-10 11:05,close_long,15415,1,30808,22,0.07,0,22,0.07,-1.5,0.00,2891.5,2.89,0
1276,Entry long,2023-11-10 11:05,buy,15404,1,30808,22,0.07,0,22,0.07,-1.5,0.00,2891.5,2.89,0
1277,Exit short,2023-11-13 09:55,close_short,15467.75,1,30952,16.5,0.05,0,16.5,0.05,0,0.00,2908,2.91,0
1277,Entry short,2023-11-13 09:55,sell,15476,1,30952,16.5,0.05,0,16.5,0.05,0,0.00,2908,2.91,0
1278,Exit long,2023-11-13 11:00,close_long,15549.75,1,31086,13.5,0.04,0,13.5,0.04,-27,-0.09,2921.5,2.92,1
1278,Entry long,2023-11-13 10:55,buy,15543,1,31086,13.5,0.04,0,13.5,0.04,-27,-0.09,2921.5,2.92,1
1279,Exit long,2023-11-14 10:05,close_long,15860,1,31768.5,-48.5,-0.15,0,6,0.02,-48.5,-0.15,2873,2.87,0
1279,Entry long,2023-11-14 10:05,buy,15884.25,1,31768.5,-48.5,-0.15,0,6,0.02,-48.5,-0.15,2873,2.87,0
1280,Exit short,2023-11-15 09:55,close_short,15910.75,1,31838,16.5,0.05,0,16.5,0.05,-11,-0.03,2889.5,2.89,0
1280,Entry short,2023-11-15 09:55,sell,15919,1,31838,16.5,0.05,0,16.5,0.05,-11,-0.03,2889.5,2.89,0
1281,Exit long,2023-11-16 09:55,close_long,15889.75,1,31768.5,11,0.03,0,11,0.03,-6,-0.02,2900.5,2.90,0
1281,Entry long,2023-11-16 09:55,buy,15884.25,1,31768.5,11,0.03,0,11,0.03,-6,-0.02,2900.5,2.90,0
1282,Exit short,2023-11-16 11:25,close_short,15812.5,1,31635.5,10.5,0.03,0,10.5,0.03,-11.5,-0.04,2911,2.91,0
1282,Entry short,2023-11-16 11:25,sell,15817.75,1,31635.5,10.5,0.03,0,10.5,0.03,-11.5,-0.04,2911,2.91,0
1283,Exit long,2023-11-20 10:05,close_long,16002,1,31992,12,0.04,0,12,0.04,-20.5,-0.06,2923,2.92,1
1283,Entry long,2023-11-20 10:00,buy,15996,1,31992,12,0.04,0,12,0.04,-20.5,-0.06,2923,2.92,1
1284,Exit short,2023-11-21 10:25,close_short,15932.25,1,31890,25.5,0.08,0,25.5,0.08,-14,-0.04,2948.5,2.95,0
1284,Entry short,2023-11-21 10:25,sell,15945,1,31890,25.5,0.08,0,25.5,0.08,-14,-0.04,2948.5,2.95,0
1285,Exit short,2023-11-22 10:15,close_short,16005.75,1,32044,32.5,0.10,0,32.5,0.10,-44.5,-0.14,2981,2.98,2
1285,Entry short,2023-11-22 10:05,sell,16022,1,32044,32.5,0.10,0,32.5,0.10,-44.5,-0.14,2981,2.98,2
1286,Exit long,2023-11-23 11:00,close_long,16069,1,32146.5,-8.5,-0.03,0,2,0.01,-8.5,-0.03,2972.5,2.97,0
1286,Entry long,2023-11-23 11:00,buy,16073.25,1,32146.5,-8.5,-0.03,0,2,0.01,-8.5,-0.03,2972.5,2.97,0
1287,Exit short,2023-11-24 10:30,close_short,15993,1,31992,6,0.02,0,6,0.02,0,0.00,2978.5,2.98,0
1287,Entry short,2023-11-24 10:30,sell,15996,1,31992,6,0.02,0,6,0.02,0,0.00,2978.5,2.98,0
1288,Exit long,2023-11-27 10:20,close_long,16010.75,1,32088,-66.5,-0.21,0,12,0.04,-66.5,-0.21,2912,2.91,2
1288,Entry long,2023-11-27 10:10,buy,16044,1,32088,-66.5,-0.21,0,12,0.04,-66.5,-0.21,2912,2.91,2
1289,Exit short,2023-11-28 10:00,close_short,15985.75,1,31920.5,-51,-0.16,0,3,0.01,-51,-0.16,2861,2.86,1
1289,Entry short,2023-11-28 09:55,sell,15960.25,1,31920.5,-51,-0.16,0,3,0.01,-51,-0.16,2861,2.86,1
1290,Exit long,2023-11-28 10:40,close_long,16022.25,1,32021,23.5,0.07,0,23.5,0.07,-1.5,0.00,2884.5,2.88,0
1290,Entry long,2023-11-28 10:40,buy,16010.5,1,32021,23.5,0.07,0,23.5,0.07,-1.5,0.00,2884.5,2.88,0
1291,Exit short,2023-11-29 10:10,close_short,16111.5,1,32247.5,24.5,0.08,0,24.5,0.08,-3,-0.01,2909,2.91,0
1291,Entry short,2023-11-29 10:10,sell,16123.75,1,32247.5,24.5,0.08,0,24.5,0.08,-3,-0.01,2909,2.91,0
1292,Exit short,2023-11-30 10:15,close_short,15979.25,1,31844,-114.5,-0.36,0,1,0.00,-114.5,-0.36,2794.5,2.79,2
1292,Entry short,2023-11-30 10:05,sell,15922,1,31844,-114.5,-0.36,0,1,0.00,-114.5,-0.36,2794.5,2.79,2
1293,Exit long,2023-12-01 11:20,close_long,15934.75,1,31953,-83.5,-0.26,0,15,0.05,-83.5,-0.26,2711,2.71,1
1293,Entry long,2023-12-01 11:15,buy,15976.5,1,31953,-83.5,-0.26,0,15,0.05,-83.5,-0.26,2711,2.71,1
1294,Exit short,2023-12-04 10:20,close_short,15796,1,31610,18,0.06,0,18,0.06,-17.5,-0.06,2729,2.73,0
1294,Entry short,2023-12-04 10:20,sell,15805,1,31610,18,0.06,0,18,0.06,-17.5,-0.06,2729,2.73,0
1295,Exit long,2023-12-05 09:55,close_long,15858.25,1,31704,12.5,0.04,0,12.5,0.04,-10.5,-0.03,2741.5,2.74,0
1295,Entry long,2023-12-05 09:55,buy,15852,1,31704,12.5,0.04,0,12.5,0.04,-10.5,-0.03,2741.5,2.74,0
1296,Exit short,2023-12-06 10:05,close_short,15950.25,1,31841.5,-59,-0.19,0,11.5,0.04,-59,-0.19,2682.5,2.68,0
1296,Entry short,2023-12-06 10:05,sell,15920.75,1,31841.5,-59,-0.19,0,11.5,0.04,-59,-0.19,2682.5,2.68,0
1297,Exit long,2023-12-07 10:35,close_long,16003.25,1,31987,19.5,0.06,0,19.5,0.06,-26.5,-0.08,2702,2.70,2
1297,Entry long,2023-12-07 10:25,buy,15993.5,1,31987,19.5,0.06,0,19.5,0.06,-26.5,-0.08,2702,2.70,2
1298,Exit long,2023-12-08 10:05,close_long,16059.25,1,32089.5,29,0.09,0,29,0.09,-33.5,-0.10,2731,2.73,0
1298,Entry long,2023-12-08 10:05,buy,16044.75,1,32089.5,29,0.09,0,29,0.09,-33.5,-0.10,2731,2.73,0
1299,Exit long,2023-12-11 10:10,close_long,16173.5,1,32336,11,0.03,0,11,0.03,0,0.00,2742,2.74,0
1299,Entry long,2023-12-11 10:10,buy,16168,1,32336,11,0.03,0,11,0.03,0,0.00,2742,2.74,0
1300,Exit long,2023-12-12 10:05,close_long,16478.75,1,32934.5,23,0.07,0,23,0.07,-25.5,-0.08,2765,2.77,1
1300,Entry long,2023-12-12 10:00,buy,16467.25,1,32934.5,23,0.07,0,23,0.07,-25.5,-0.08,2765,2.77,1
1301,Exit short,2023-12-14 10:20,close_short,16799,1,33610,12,0.04,0,12,0.04,-10.5,-0.03,2777,2.78,0
1301,Entry short,2023-12-14 10:20,sell,16805,1,33610,12,0.04,0,12,0.04,-10.5,-0.03,2777,2.78,0
1302,Exit long,2023-12-15 10:50,close_long,16869.5,1,33727,12,0.04,0,12,0.04,-39.5,-0.12,2789,2.79,4
1302,Entry long,2023-12-15 10:30,buy,16863.5,1,33727,12,0.04,0,12,0.04,-39.5,-0.12,2789,2.79,4
1303,Exit long,2023-12-18 10:05,close_long,16901.25,1,33792,10.5,0.03,0,10.5,0.03,0,0.00,2799.5,2.80,0
1303,Entry long,2023-12-18 10:05,buy,16896,1,33792,10.5,0.03,0,10.5,0.03,0,0.00,2799.5,2.80,0
1304,Exit long,2023-12-19 10:35,close_long,16999.75,1,33995,4.5,0.01,0,4.5,0.01,0,0.00,2804,2.80,0
1304,Entry long,2023-12-19 10:35,buy,16997.5,1,33995,4.5,0.01,0,4.5,0.01,0,0.00,2804,2.80,0
1305,Exit long,2023-12-20 10:05,close_long,17031.5,1,34052.5,10.5,0.03,0,10.5,0.03,-1.5,0.00,2814.5,2.81,0
1305,Entry long,2023-12-20 10:05,buy,17026.25,1,34052.5,10.5,0.03,0,10.5,0.03,-1.5,0.00,2814.5,2.81,0
1306,Exit short,2023-12-21 10:00,close_short,16887,1,33786.5,12.5,0.04,0,12.5,0.04,0,0.00,2827,2.83,0
1306,Entry short,2023-12-21 10:00,sell,16893.25,1,33786.5,12.5,0.04,0,12.5,0.04,0,0.00,2827,2.83,0
1307,Exit short,2023-12-22 11:05,close_short,16983.75,1,33975.5,8,0.02,0,8,0.02,-17.5,-0.05,2835,2.84,0
1307,Entry short,2023-12-22 11:05,sell,16987.75,1,33975.5,8,0.02,0,8,0.02,-17.5,-0.05,2835,2.84,0
1308,Exit long,2023-12-26 10:45,close_long,17047.25,1,34115,-20.5,-0.06,0,6,0.02,-20.5,-0.06,2814.5,2.81,1
1308,Entry long,2023-12-26 10:40,buy,17057.5,1,34115,-20.5,-0.06,0,6,0.02,-20.5,-0.06,2814.5,2.81,1
1309,Exit short,2023-12-27 13:05,close_short,17103.5,1,34124,-83,-0.24,0,8,0.02,-83,-0.24,2731.5,2.73,34
1309,Entry short,2023-12-27 10:15,sell,17062,1,34124,-83,-0.24,0,8,0.02,-83,-0.24,2731.5,2.73,34
1310,Exit short,2023-12-28 10:10,close_short,17109.25,1,34223,4.5,0.01,0,4.5,0.01,-5.5,-0.02,2736,2.74,0
1310,Entry short,2023-12-28 10:10,sell,17111.5,1,34223,4.5,0.01,0,4.5,0.01,-5.5,-0.02,2736,2.74,0
1311,Exit short,2023-12-29 10:40,close_short,17054.75,1,34121.5,12,0.04,0,12,0.04,-7.5,-0.02,2748,2.75,0
1311,Entry short,2023-12-29 10:40,sell,17060.75,1,34121.5,12,0.04,0,12,0.04,-7.5,-0.02,2748,2.75,0
1312,Exit short,2024-01-02 09:55,close_short,16725.25,1,33465.5,15,0.04,0,15,0.04,0,0.00,2763,2.76,0
1312,Entry short,2024-01-02 09:55,sell,16732.75,1,33465.5,15,0.04,0,15,0.04,0,0.00,2763,2.76,0
1313,Exit short,2024-01-03 10:20,close_short,16556.75,1,33140,26.5,0.08,0,26.5,0.08,-18.5,-0.06,2789.5,2.79,1
1313,Entry short,2024-01-03 10:15,sell,16570,1,33140,26.5,0.08,0,26.5,0.08,-18.5,-0.06,2789.5,2.79,1
1314,Exit long,2024-01-04 10:10,close_long,16522.25,1,33027,17.5,0.05,0,17.5,0.05,0,0.00,2807,2.81,0
1314,Entry long,2024-01-04 10:10,buy,16513.5,1,33027,17.5,0.05,0,17.5,0.05,0,0.00,2807,2.81,0
1315,Exit long,2024-01-05 10:30,close_long,16560.25,1,33080.5,40,0.12,0,40,0.12,-57.5,-0.17,2847,2.85,5
1315,Entry long,2024-01-05 10:05,buy,16540.25,1,33080.5,40,0.12,0,40,0.12,-57.5,-0.17,2847,2.85,5
1316,Exit long,2024-01-08 10:05,close_long,16642.25,1,33257,27.5,0.08,0,27.5,0.08,-32,-0.10,2874.5,2.87,1
1316,Entry long,2024-01-08 10:00,buy,16628.5,1,33257,27.5,0.08,0,27.5,0.08,-32,-0.10,2874.5,2.87,1
1317,Exit long,2024-01-09 10:10,close_long,16732,1,33441,23,0.07,0,23,0.07,-2,-0.01,2897.5,2.90,0
1317,Entry long,2024-01-09 10:10,buy,16720.5,1,33441,23,0.07,0,23,0.07,-2,-0.01,2897.5,2.90,0
1318,Exit short,2024-01-10 09:55,close_short,16813.5,1,33647,20,0.06,0,20,0.06,0,0.00,2917.5,2.92,0
1318,Entry short,2024-01-10 09:55,sell,16823.5,1,33647,20,0.06,0,20,0.06,0,0.00,2917.5,2.92,0
1319,Exit long,2024-01-10 10:50,close_long,16892.5,1,33770.5,14.5,0.04,0,14.5,0.04,-17,-0.05,2932,2.93,1
1319,Entry long,2024-01-10 10:45,buy,16885.25,1,33770.5,14.5,0.04,0,14.5,0.04,-17,-0.05,2932,2.93,1
1320,Exit short,2024-01-11 10:05,close_short,16869,1,33781,43,0.13,0,43,0.13,-5.5,-0.02,2975,2.97,0
1320,Entry short,2024-01-11 10:05,sell,16890.5,1,33781,43,0.13,0,43,0.13,-5.5,-0.02,2975,2.97,0
1321,Exit short,2024-01-12 10:05,close_short,16988.5,1,33918,-59,-0.17,0,9,0.03,-59,-0.17,2916,2.92,0
1321,Entry short,2024-01-12 10:05,sell,16959,1,33918,-59,-0.17,0,9,0.03,-59,-0.17,2916,2.92,0
1322,Exit long,2024-01-15 10:55,close_long,16970,1,33939,1,0.00,0,1,0.00,-5,-0.01,2917,2.92,0
1322,Entry long,2024-01-15 10:55,buy,16969.5,1,33939,1,0.00,0,1,0.00,-5,-0.01,2917,2.92,0
1323,Exit long,2024-01-16 10:20,close_long,16974.5,1,33929.5,19.5,0.06,0,19.5,0.06,-5.5,-0.02,2936.5,2.94,0
1323,Entry long,2024-01-16 10:20,buy,16964.75,1,33929.5,19.5,0.06,0,19.5,0.06,-5.5,-0.02,2936.5,2.94,0
1324,Exit short,2024-01-17 10:00,close_short,16701.75,1,33414.5,11,0.03,0,11,0.03,0,0.00,2947.5,2.95,0
1324,Entry short,2024-01-17 10:00,sell,16707.25,1,33414.5,11,0.03,0,11,0.03,0,0.00,2947.5,2.95,0
1325,Exit long,2024-01-18 10:40,close_long,17066,1,34118.5,13.5,0.04,0,13.5,0.04,0,0.00,2961,2.96,0
1325,Entry long,2024-01-18 10:40,buy,17059.25,1,34118.5,13.5,0.04,0,13.5,0.04,0,0.00,2961,2.96,0
1326,Exit long,2024-01-19 10:45,close_long,17231,1,34454,8,0.02,0,8,0.02,0,0.00,2969,2.97,0
1326,Entry long,2024-01-19 10:45,buy,17227,1,34454,8,0.02,0,8,0.02,0,0.00,2969,2.97,0
1327,Exit short,2024-01-22 10:30,close_short,17476.5,1,34976.5,23.5,0.07,0,23.5,0.07,-2.5,-0.01,2992.5,2.99,0
1327,Entry short,2024-01-22 10:30,sell,17488.25,1,34976.5,23.5,0.07,0,23.5,0.07,-2.5,-0.01,2992.5,2.99,0
1328,Exit long,2024-01-24 10:20,close_long,17707.5,1,35406,9,0.03,0,9,0.03,0,0.00,3001.5,3.00,0
1328,Entry long,2024-01-24 10:20,buy,17703,1,35406,9,0.03,0,9,0.03,0,0.00,3001.5,3.00,0
1329,Exit short,2024-01-25 10:00,close_short,17662.25,1,35339,14.5,0.04,0,14.5,0.04,-21,-0.06,3016,3.02,0
1329,Entry short,2024-01-25 10:00,sell,17669.5,1,35339,14.5,0.04,0,14.5,0.04,-21,-0.06,3016,3.02,0
1330,Exit long,2024-01-25 10:30,close_long,17734.75,1,35460.5,9,0.03,0,9,0.03,0,0.00,3025,3.03,0
1330,Entry long,2024-01-25 10:30,buy,17730.25,1,35460.5,9,0.03,0,9,0.03,0,0.00,3025,3.03,0
1331,Exit long,2024-01-26 10:30,close_long,17588.25,1,35161.5,15,0.04,0,15,0.04,-5,-0.01,3040,3.04,0
1331,Entry long,2024-01-26 10:30,buy,17580.75,1,35161.5,15,0.04,0,15,0.04,-5,-0.01,3040,3.04,0
1332,Exit short,2024-01-30 10:45,close_short,17636,1,35280.5,8.5,0.02,0,8.5,0.02,-3.5,-0.01,3048.5,3.05,0
1332,Entry short,2024-01-30 10:45,sell,17640.25,1,35280.5,8.5,0.02,0,8.5,0.02,-3.5,-0.01,3048.5,3.05,0
1333,Exit short,2024-01-31 10:25,close_short,17323,1,34673.5,27.5,0.08,0,27.5,0.08,-44.5,-0.13,3076,3.08,2
1333,Entry short,2024-01-31 10:15,sell,17336.75,1,34673.5,27.5,0.08,0,27.5,0.08,-44.5,-0.13,3076,3.08,2
1334,Exit long,2024-02-01 10:25,close_long,17365.75,1,34705,26.5,0.08,0,26.5,0.08,-80.5,-0.23,3102.5,3.10,3
1334,Entry long,2024-02-01 10:10,buy,17352.5,1,34705,26.5,0.08,0,26.5,0.08,-80.5,-0.23,3102.5,3.10,3
1335,Exit short,2024-02-01 10:55,close_short,17274.5,1,34579.5,30.5,0.09,0,30.5,0.09,-11.5,-0.03,3133,3.13,0
1335,Entry short,2024-02-01 10:55,sell,17289.75,1,34579.5,30.5,0.09,0,30.5,0.09,-11.5,-0.03,3133,3.13,0
1336,Exit long,2024-02-02 10:45,close_long,17664.75,1,35307.5,22,0.06,0,22,0.06,-25,-0.07,3155,3.16,0
1336,Entry long,2024-02-02 10:45,buy,17653.75,1,35307.5,22,0.06,0,22,0.06,-25,-0.07,3155,3.16,0
1337,Exit short,2024-02-05 10:15,close_short,17640,1,35310.5,30.5,0.09,0,30.5,0.09,-53.5,-0.15,3185.5,3.19,2
1337,Entry short,2024-02-05 10:05,sell,17655.25,1,35310.5,30.5,0.09,0,30.5,0.09,-53.5,-0.15,3185.5,3.19,2
1338,Exit short,2024-02-06 10:00,close_short,17643.5,1,35308.5,21.5,0.06,0,21.5,0.06,-1.5,0.00,3207,3.21,0
1338,Entry short,2024-02-06 10:00,sell,17654.25,1,35308.5,21.5,0.06,0,21.5,0.06,-1.5,0.00,3207,3.21,0
1339,Exit long,2024-02-07 10:15,close_long,17822.25,1,35614.5,30,0.08,0,30,0.08,-9.5,-0.03,3237,3.24,0
1339,Entry long,2024-02-07 10:15,buy,17807.25,1,35614.5,30,0.08,0,30,0.08,-9.5,-0.03,3237,3.24,0
1340,Exit long,2024-02-08 10:20,close_long,17863,1,35714,12,0.03,0,12,0.03,0,0.00,3249,3.25,0
1340,Entry long,2024-02-08 10:20,buy,17857,1,35714,12,0.03,0,12,0.03,0,0.00,3249,3.25,0
1341,Exit long,2024-02-09 10:00,close_long,17950,1,35880.5,19.5,0.05,0,19.5,0.05,-26.5,-0.07,3268.5,3.27,0
1341,Entry long,2024-02-09 10:00,buy,17940.25,1,35880.5,19.5,0.05,0,19.5,0.05,-26.5,-0.07,3268.5,3.27,0
1342,Exit long,2024-02-12 10:45,close_long,18063.25,1,36119.5,7,0.02,0,7,0.02,-5,-0.01,3275.5,3.28,0
1342,Entry long,2024-02-12 10:45,buy,18059.75,1,36119.5,7,0.02,0,7,0.02,-5,-0.01,3275.5,3.28,0
1343,Exit long,2024-02-13 10:20,close_long,17693,1,35356.5,29.5,0.08,0,29.5,0.08,-94.5,-0.27,3305,3.31,5
1343,Entry long,2024-02-13 09:55,buy,17678.25,1,35356.5,29.5,0.08,0,29.5,0.08,-94.5,-0.27,3305,3.31,5
1344,Exit long,2024-02-14 10:20,close_long,17838,1,35651.5,24.5,0.07,0,24.5,0.07,-6.5,-0.02,3329.5,3.33,0
1344,Entry long,2024-02-14 10:20,buy,17825.75,1,35651.5,24.5,0.07,0,24.5,0.07,-6.5,-0.02,3329.5,3.33,0
1345,Exit short,2024-02-14 11:15,close_short,17716.25,1,35446.5,14,0.04,0,14,0.04,-39,-0.11,3343.5,3.34,2
1345,Entry short,2024-02-14 11:05,sell,17723.25,1,35446.5,14,0.04,0,14,0.04,-39,-0.11,3343.5,3.34,2
1346,Exit short,2024-02-15 09:55,close_short,17811.5,1,35651,28,0.08,0,28,0.08,-11,-0.03,3371.5,3.37,0
1346,Entry short,2024-02-15 09:55,sell,17825.5,1,35651,28,0.08,0,28,0.08,-11,-0.03,3371.5,3.37,0
1347,Exit short,2024-02-16 10:00,close_short,17748.25,1,35552,55.5,0.16,0,55.5,0.16,-21.5,-0.06,3427,3.43,1
1347,Entry short,2024-02-16 09:55,sell,17776,1,35552,55.5,0.16,0,55.5,0.16,-21.5,-0.06,3427,3.43,1
1348,Exit short,2024-02-19 10:45,close_short,17775.25,1,35555.5,5,0.01,0,5,0.01,-6.5,-0.02,3432,3.43,0
1348,Entry short,2024-02-19 10:45,sell,17777.75,1,35555.5,5,0.01,0,5,0.01,-6.5,-0.02,3432,3.43,0
1349,Exit short,2024-02-20 10:10,close_short,17530,1,35077,17,0.05,0,17,0.05,-34,-0.10,3449,3.45,1
1349,Entry short,2024-02-20 10:05,sell,17538.5,1,35077,17,0.05,0,17,0.05,-34,-0.10,3449,3.45,1
1350,Exit long,2024-02-21 10:30,close_long,17462,1,35045,-121,-0.35,0,1,0.00,-121,-0.35,3328,3.33,5
1350,Entry long,2024-02-21 10:05,buy,17522.5,1,35045,-121,-0.35,0,1,0.00,-121,-0.35,3328,3.33,5
1351,Exit long,2024-02-22 10:30,close_long,17968.75,1,35915,22.5,0.06,0,22.5,0.06,-13.5,-0.04,3350.5,3.35,0
1351,Entry long,2024-02-22 10:30,buy,17957.5,1,35915,22.5,0.06,0,22.5,0.06,-13.5,-0.04,3350.5,3.35,0
1352,Exit short,2024-02-23 10:00,close_short,18067.25,1,36160,25.5,0.07,0,25.5,0.07,-25,-0.07,3376,3.38,0
1352,Entry short,2024-02-23 10:00,sell,18080,1,36160,25.5,0.07,0,25.5,0.07,-25,-0.07,3376,3.38,0
1353,Exit long,2024-02-26 12:00,close_long,18043,1,36111,-25,-0.07,0,1,0.00,-25,-0.07,3351,3.35,1
1353,Entry long,2024-02-26 11:55,buy,18055.5,1,36111,-25,-0.07,0,1,0.00,-25,-0.07,3351,3.35,1
1354,Exit long,2024-02-27 10:25,close_long,17993.25,1,36056.5,-70,-0.19,0,8.5,0.02,-70,-0.19,3281,3.28,1
1354,Entry long,2024-02-27 10:20,buy,18028.25,1,36056.5,-70,-0.19,0,8.5,0.02,-70,-0.19,3281,3.28,1
1355,Exit short,2024-02-28 10:00,close_short,17880,1,35773,13,0.04,0,13,0.04,-39,-0.11,3294,3.29,1
1355,Entry short,2024-02-28 09:55,sell,17886.5,1,35773,13,0.04,0,13,0.04,-39,-0.11,3294,3.29,1
1356,Exit long,2024-02-28 11:15,close_long,17958,1,35902,14,0.04,0,14,0.04,-27.5,-0.08,3308,3.31,2
1356,Entry long,2024-02-28 11:05,buy,17951,1,35902,14,0.04,0,14,0.04,-27.5,-0.08,3308,3.31,2
1357,Exit short,2024-02-29 11:00,close_short,17969.5,1,35975.5,36.5,0.10,0,36.5,0.10,-100.5,-0.28,3344.5,3.34,9
1357,Entry short,2024-02-29 10:15,sell,17987.75,1,35975.5,36.5,0.10,0,36.5,0.10,-100.5,-0.28,3344.5,3.34,9
1358,Exit long,2024-03-01 10:10,close_long,18186.5,1,36345.5,27.5,0.08,0,27.5,0.08,-8,-0.02,3372,3.37,0
1358,Entry long,2024-03-01 10:10,buy,18172.75,1,36345.5,27.5,0.08,0,27.5,0.08,-8,-0.02,3372,3.37,0
1359,Exit short,2024-03-04 11:40,close_short,18308,1,36570,-46,-0.13,0,7,0.02,-46,-0.13,3326,3.33,1
1359,Entry short,2024-03-04 11:35,sell,18285,1,36570,-46,-0.13,0,7,0.02,-46,-0.13,3326,3.33,1
1360,Exit short,2024-03-05 10:15,close_short,17982.25,1,36006,41.5,0.12,0,41.5,0.12,-45.5,-0.13,3367.5,3.37,1
1360,Entry short,2024-03-05 10:10,sell,18003,1,36006,41.5,0.12,0,41.5,0.12,-45.5,-0.13,3367.5,3.37,1
1361,Exit short,2024-03-06 09:55,close_short,18055.75,1,36125,13.5,0.04,0,13.5,0.04,-14,-0.04,3381,3.38,0
1361,Entry short,2024-03-06 09:55,sell,18062.5,1,36125,13.5,0.04,0,13.5,0.04,-14,-0.04,3381,3.38,0
1362,Exit long,2024-03-07 10:25,close_long,18232.5,1,36453.5,11.5,0.03,0,11.5,0.03,-6.5,-0.02,3392.5,3.39,0
1362,Entry long,2024-03-07 10:25,buy,18226.75,1,36453.5,11.5,0.03,0,11.5,0.03,-6.5,-0.02,3392.5,3.39,0
1363,Exit long,2024-03-08 09:55,close_long,18377,1,36740.5,13.5,0.04,0,13.5,0.04,-5.5,-0.01,3406,3.41,0
1363,Entry long,2024-03-08 09:55,buy,18370.25,1,36740.5,13.5,0.04,0,13.5,0.04,-5.5,-0.01,3406,3.41,0
1364,Exit short,2024-03-08 11:15,close_short,18249.75,1,36534,34.5,0.09,0,34.5,0.09,-54,-0.15,3440.5,3.44,1
1364,Entry short,2024-03-08 11:10,sell,18267,1,36534,34.5,0.09,0,34.5,0.09,-54,-0.15,3440.5,3.44,1
1365,Exit short,2024-03-11 10:30,close_short,17950.75,1,35800.5,-101,-0.28,0,20.5,0.06,-101,-0.28,3339.5,3.34,6
1365,Entry short,2024-03-11 10:00,sell,17900.25,1,35800.5,-101,-0.28,0,20.5,0.06,-101,-0.28,3339.5,3.34,6
1366,Exit long,2024-03-11 10:55,close_long,18022.75,1,36016.5,29,0.08,0,29,0.08,-26,-0.07,3368.5,3.37,0
1366,Entry long,2024-03-11 10:55,buy,18008.25,1,36016.5,29,0.08,0,29,0.08,-26,-0.07,3368.5,3.37,0
1367,Exit long,2024-03-12 10:30,close_long,18373.25,1,36712,34.5,0.09,0,34.5,0.09,-14.5,-0.04,3403,3.40,1
1367,Entry long,2024-03-12 10:25,buy,18356,1,36712,34.5,0.09,0,34.5,0.09,-14.5,-0.04,3403,3.40,1
1368,Exit short,2024-03-13 10:05,close_short,18323.75,1,36655,7.5,0.02,0,7.5,0.02,0,0.00,3410.5,3.41,0
1368,Entry short,2024-03-13 10:05,sell,18327.5,1,36655,7.5,0.02,0,7.5,0.02,0,0.00,3410.5,3.41,0
1369,Exit short,2024-03-14 10:00,close_short,18218,1,36465.5,29.5,0.08,0,29.5,0.08,-64.5,-0.18,3440,3.44,1
1369,Entry short,2024-03-14 09:55,sell,18232.75,1,36465.5,29.5,0.08,0,29.5,0.08,-64.5,-0.18,3440,3.44,1
1370,Exit short,2024-03-15 12:10,close_short,18046.25,1,36107.5,15,0.04,0,15,0.04,-44.5,-0.12,3455,3.45,4
1370,Entry short,2024-03-15 11:50,sell,18053.75,1,36107.5,15,0.04,0,15,0.04,-44.5,-0.12,3455,3.45,4
1371,Exit long,2024-03-18 10:30,close_long,18377.5,1,36745,10,0.03,0,10,0.03,0,0.00,3465,3.47,0
1371,Entry long,2024-03-18 10:30,buy,18372.5,1,36745,10,0.03,0,10,0.03,0,0.00,3465,3.47,0
1372,Exit long,2024-03-19 12:05,close_long,18167.75,1,36317,18.5,0.05,0,18.5,0.05,-13.5,-0.04,3483.5,3.48,1
1372,Entry long,2024-03-19 12:00,buy,18158.5,1,36317,18.5,0.05,0,18.5,0.05,-13.5,-0.04,3483.5,3.48,1
1373,Exit short,2024-03-21 10:40,close_short,18630.25,1,37271,10.5,0.03,0,10.5,0.03,0,0.00,3494,3.49,0
1373,Entry short,2024-03-21 10:40,sell,18635.5,1,37271,10.5,0.03,0,10.5,0.03,0,0.00,3494,3.49,0
1374,Exit long,2024-03-22 10:10,close_long,18530,1,37115,-55,-0.15,0,15.5,0.04,-55,-0.15,3439,3.44,1
1374,Entry long,2024-03-22 10:05,buy,18557.5,1,37115,-55,-0.15,0,15.5,0.04,-55,-0.15,3439,3.44,1
1375,Exit long,2024-03-25 10:05,close_long,18490.25,1,36968,12.5,0.03,0,12.5,0.03,-34.5,-0.09,3451.5,3.45,2
1375,Entry long,2024-03-25 09:55,buy,18484,1,36968,12.5,0.03,0,12.5,0.03,-34.5,-0.09,3451.5,3.45,2
1376,Exit long,2024-03-26 10:10,close_long,18585.5,1,37213,-42,-0.11,0,2.5,0.01,-42,-0.11,3409.5,3.41,1
1376,Entry long,2024-03-26 10:05,buy,18606.5,1,37213,-42,-0.11,0,2.5,0.01,-42,-0.11,3409.5,3.41,1
1377,Exit short,2024-03-26 10:45,close_short,18538,1,37086,10,0.03,0,10,0.03,0,0.00,3419.5,3.42,0
1377,Entry short,2024-03-26 10:45,sell,18543,1,37086,10,0.03,0,10,0.03,0,0.00,3419.5,3.42,0
1378,Exit short,2024-03-27 09:55,close_short,18453.25,1,36936,29.5,0.08,0,29.5,0.08,-16,-0.04,3449,3.45,0
1378,Entry short,2024-03-27 09:55,sell,18468,1,36936,29.5,0.08,0,29.5,0.08,-16,-0.04,3449,3.45,0
1379,Exit long,2024-03-28 09:55,close_long,18532.25,1,37057,7.5,0.02,0,7.5,0.02,0,0.00,3456.5,3.46,0
1379,Entry long,2024-03-28 09:55,buy,18528.5,1,37057,7.5,0.02,0,7.5,0.02,0,0.00,3456.5,3.46,0
1380,Exit short,2024-04-01 10:55,close_short,18468.25,1,36949,12.5,0.03,0,12.5,0.03,0,0.00,3469,3.47,0
1380,Entry short,2024-04-01 10:55,sell,18474.5,1,36949,12.5,0.03,0,12.5,0.03,0,0.00,3469,3.47,0
1381,Exit short,2024-04-02 10:15,close_short,18207.5,1,36434,19,0.05,0,19,0.05,-16.5,-0.05,3488,3.49,0
1381,Entry short,2024-04-02 10:15,sell,18217,1,36434,19,0.05,0,19,0.05,-16.5,-0.05,3488,3.49,0
1382,Exit long,2024-04-03 10:15,close_long,18377,1,36704.5,49.5,0.13,0,49.5,0.13,-47.5,-0.13,3537.5,3.54,2
1382,Entry long,2024-04-03 10:05,buy,18352.25,1,36704.5,49.5,0.13,0,49.5,0.13,-47.5,-0.13,3537.5,3.54,2
1383,Exit short,2024-04-04 09:55,close_short,18510.5,1,37035.5,14.5,0.04,0,14.5,0.04,-12,-0.03,3552,3.55,0
1383,Entry short,2024-04-04 09:55,sell,18517.75,1,37035.5,14.5,0.04,0,14.5,0.04,-12,-0.03,3552,3.55,0
1384,Exit long,2024-04-05 10:05,close_long,18179.25,1,36449.5,-91,-0.25,0,13,0.04,-91,-0.25,3461,3.46,2
1384,Entry long,2024-04-05 09:55,buy,18224.75,1,36449.5,-91,-0.25,0,13,0.04,-91,-0.25,3461,3.46,2
1385,Exit long,2024-04-08 10:55,close_long,18375.75,1,36744.5,7,0.02,0,7,0.02,0,0.00,3468,3.47,0
1385,Entry long,2024-04-08 10:55,buy,18372.25,1,36744.5,7,0.02,0,7,0.02,0,0.00,3468,3.47,0
1386,Exit short,2024-04-09 10:10,close_short,18335.75,1,36681.5,10,0.03,0,10,0.03,0,0.00,3478,3.48,0
1386,Entry short,2024-04-09 10:10,sell,18340.75,1,36681.5,10,0.03,0,10,0.03,0,0.00,3478,3.48,0
1387,Exit long,2024-04-10 10:45,close_long,18186.75,1,36442.5,-69,-0.19,0,3,0.01,-69,-0.19,3409,3.41,1
1387,Entry long,2024-04-10 10:40,buy,18221.25,1,36442.5,-69,-0.19,0,3,0.01,-69,-0.19,3409,3.41,1
1388,Exit short,2024-04-11 10:15,close_short,18204.5,1,36424.5,15.5,0.04,0,15.5,0.04,-2,-0.01,3424.5,3.42,0
1388,Entry short,2024-04-11 10:15,sell,18212.25,1,36424.5,15.5,0.04,0,15.5,0.04,-2,-0.01,3424.5,3.42,0
1389,Exit long,2024-04-11 13:00,close_long,18329,1,36634,24,0.07,0,24,0.07,-59,-0.16,3448.5,3.45,12
1389,Entry long,2024-04-11 12:00,buy,18317,1,36634,24,0.07,0,24,0.07,-59,-0.16,3448.5,3.45,12
1390,Exit long,2024-04-12 10:00,close_long,18317.5,1,36674,-39,-0.11,0,4.5,0.01,-39,-0.11,3409.5,3.41,0
1390,Entry long,2024-04-12 10:00,buy,18337,1,36674,-39,-0.11,0,4.5,0.01,-39,-0.11,3409.5,3.41,0
1391,Exit short,2024-04-12 10:35,close_short,18252.25,1,36521.5,17,0.05,0,17,0.05,-18.5,-0.05,3426.5,3.43,0
1391,Entry short,2024-04-12 10:35,sell,18260.75,1,36521.5,17,0.05,0,17,0.05,-18.5,-0.05,3426.5,3.43,0
1392,Exit short,2024-04-15 10:10,close_short,18222.75,1,36481,35.5,0.10,0,35.5,0.10,-10,-0.03,3462,3.46,0
1392,Entry short,2024-04-15 10:10,sell,18240.5,1,36481,35.5,0.10,0,35.5,0.10,-10,-0.03,3462,3.46,0
1393,Exit long,2024-04-16 10:10,close_long,17908.5,1,35795,22,0.06,0,22,0.06,-65,-0.18,3484,3.48,2
1393,Entry long,2024-04-16 10:00,buy,17897.5,1,35795,22,0.06,0,22,0.06,-65,-0.18,3484,3.48,2
1394,Exit short,2024-04-17 09:55,close_short,17889.5,1,35791,12,0.03,0,12,0.03,-16.5,-0.05,3496,3.50,0
1394,Entry short,2024-04-17 09:55,sell,17895.5,1,35791,12,0.03,0,12,0.03,-16.5,-0.05,3496,3.50,0
1395,Exit long,2024-04-18 10:45,close_long,17711.75,1,35406.5,17,0.05,0,17,0.05,0,0.00,3513,3.51,0
1395,Entry long,2024-04-18 10:45,buy,17703.25,1,35406.5,17,0.05,0,17,0.05,0,0.00,3513,3.51,0
1396,Exit short,2024-04-19 10:15,close_short,17402.75,1,34824,18.5,0.05,0,18.5,0.05,-36,-0.10,3531.5,3.53,0
1396,Entry short,2024-04-19 10:15,sell,17412,1,34824,18.5,0.05,0,18.5,0.05,-36,-0.10,3531.5,3.53,0
1397,Exit short,2024-04-22 10:20,close_short,17253.25,1,34519,12.5,0.04,0,12.5,0.04,-1,0.00,3544,3.54,0
1397,Entry short,2024-04-22 10:20,sell,17259.5,1,34519,12.5,0.04,0,12.5,0.04,-1,0.00,3544,3.54,0
1398,Exit long,2024-04-23 10:20,close_long,17533.25,1,35052.5,14,0.04,0,14,0.04,-8.5,-0.02,3558,3.56,0
1398,Entry long,2024-04-23 10:20,buy,17526.25,1,35052.5,14,0.04,0,14,0.04,-8.5,-0.02,3558,3.56,0
1399,Exit short,2024-04-24 11:05,close_short,17650.75,1,35325,23.5,0.07,0,23.5,0.07,-25,-0.07,3581.5,3.58,0
1399,Entry short,2024-04-24 11:05,sell,17662.5,1,35325,23.5,0.07,0,23.5,0.07,-25,-0.07,3581.5,3.58,0
1400,Exit long,2024-04-25 10:15,close_long,17423.25,1,34820.5,26,0.07,0,26,0.07,-9.5,-0.03,3607.5,3.61,0
1400,Entry long,2024-04-25 10:15,buy,17410.25,1,34820.5,26,0.07,0,26,0.07,-9.5,-0.03,3607.5,3.61,0
1401,Exit long,2024-04-26 09:55,close_long,17789.75,1,35562,17.5,0.05,0,17.5,0.05,0,0.00,3625,3.62,0
1401,Entry long,2024-04-26 09:55,buy,17781,1,35562,17.5,0.05,0,17.5,0.05,0,0.00,3625,3.62,0
1402,Exit short,2024-04-30 11:05,close_short,17809.75,1,35632.5,13,0.04,0,13,0.04,-16,-0.04,3638,3.64,0
1402,Entry short,2024-04-30 11:05,sell,17816.25,1,35632.5,13,0.04,0,13,0.04,-16,-0.04,3638,3.64,0
1403,Exit short,2024-05-01 10:10,close_short,17434,1,34897,29,0.08,0,29,0.08,-49,-0.14,3667,3.67,1
1403,Entry short,2024-05-01 10:05,sell,17448.5,1,34897,29,0.08,0,29,0.08,-49,-0.14,3667,3.67,1
1404,Exit short,2024-05-02 10:05,close_short,17463.75,1,34946.5,19,0.05,0,19,0.05,-10.5,-0.03,3686,3.69,0
1404,Entry short,2024-05-02 10:05,sell,17473.25,1,34946.5,19,0.05,0,19,0.05,-10.5,-0.03,3686,3.69,0
1405,Exit short,2024-05-03 11:10,close_short,17898.5,1,35819,22,0.06,0,22,0.06,-17,-0.05,3708,3.71,0
1405,Entry short,2024-05-03 11:10,sell,17909.5,1,35819,22,0.06,0,22,0.06,-17,-0.05,3708,3.71,0
1406,Exit long,2024-05-06 10:05,close_long,18116.75,1,36219.5,14,0.04,0,14,0.04,-27.5,-0.08,3722,3.72,1
1406,Entry long,2024-05-06 10:00,buy,18109.75,1,36219.5,14,0.04,0,14,0.04,-27.5,-0.08,3722,3.72,1
1407,Exit long,2024-05-07 11:00,close_long,18256.25,1,36500.5,12,0.03,0,12,0.03,0,0.00,3734,3.73,0
1407,Entry long,2024-05-07 11:00,buy,18250.25,1,36500.5,12,0.03,0,12,0.03,0,0.00,3734,3.73,0
1408,Exit long,2024-05-08 10:00,close_long,18172.75,1,36336,9.5,0.03,0,9.5,0.03,-18.5,-0.05,3743.5,3.74,0
1408,Entry long,2024-05-08 10:00,buy,18168,1,36336,9.5,0.03,0,9.5,0.03,-18.5,-0.05,3743.5,3.74,0
1409,Exit long,2024-05-09 11:00,close_long,18226.75,1,36441,12.5,0.03,0,12.5,0.03,-35,-0.10,3756,3.76,1
1409,Entry long,2024-05-09 10:55,buy,18220.5,1,36441,12.5,0.03,0,12.5,0.03,-35,-0.10,3756,3.76,1
1410,Exit short,2024-05-10 10:20,close_short,18243.5,1,36506,19,0.05,0,19,0.05,-20,-0.05,3775,3.78,0
1410,Entry short,2024-05-10 10:20,sell,18253,1,36506,19,0.05,0,19,0.05,-20,-0.05,3775,3.78,0
1411,Exit long,2024-05-14 10:25,close_long,18360.5,1,36687.5,33.5,0.09,0,33.5,0.09,-1.5,0.00,3808.5,3.81,0
1411,Entry long,2024-05-14 10:25,buy,18343.75,1,36687.5,33.5,0.09,0,33.5,0.09,-1.5,0.00,3808.5,3.81,0
1412,Exit short,2024-05-15 09:55,close_short,18463,1,36933,7,0.02,0,7,0.02,0,0.00,3815.5,3.82,0
1412,Entry short,2024-05-15 09:55,sell,18466.5,1,36933,7,0.02,0,7,0.02,0,0.00,3815.5,3.82,0
1413,Exit long,2024-05-15 10:25,close_long,18525.25,1,37072,-21.5,-0.06,0,5,0.01,-21.5,-0.06,3794,3.79,0
1413,Entry long,2024-05-15 10:25,buy,18536,1,37072,-21.5,-0.06,0,5,0.01,-21.5,-0.06,3794,3.79,0
1414,Exit long,2024-05-16 09:55,close_long,18710,1,37415,5,0.01,0,5,0.01,-13,-0.03,3799,3.80,0
1414,Entry long,2024-05-16 09:55,buy,18707.5,1,37415,5,0.01,0,5,0.01,-13,-0.03,3799,3.80,0
1415,Exit short,2024-05-17 10:10,close_short,18625.5,1,37263,12,0.03,0,12,0.03,-14.5,-0.04,3811,3.81,0
1415,Entry short,2024-05-17 10:10,sell,18631.5,1,37263,12,0.03,0,12,0.03,-14.5,-0.04,3811,3.81,0
1416,Exit long,2024-05-20 10:20,close_long,18754.75,1,37485.5,24,0.06,0,24,0.06,-22,-0.06,3835,3.84,5
1416,Entry long,2024-05-20 09:55,buy,18742.75,1,37485.5,24,0.06,0,24,0.06,-22,-0.06,3835,3.84,5
1417,Exit long,2024-05-21 10:25,close_long,18725.25,1,37435,15.5,0.04,0,15.5,0.04,-35,-0.09,3850.5,3.85,6
1417,Entry long,2024-05-21 09:55,buy,18717.5,1,37435,15.5,0.04,0,15.5,0.04,-35,-0.09,3850.5,3.85,6
1418,Exit long,2024-05-22 11:05,close_long,18834.75,1,37660,9.5,0.03,0,9.5,0.03,-2.5,-0.01,3860,3.86,0
1418,Entry long,2024-05-22 11:05,buy,18830,1,37660,9.5,0.03,0,9.5,0.03,-2.5,-0.01,3860,3.86,0
1419,Exit short,2024-05-23 09:55,close_short,18840,1,37713,33,0.09,0,33,0.09,-15,-0.04,3893,3.89,0
1419,Entry short,2024-05-23 09:55,sell,18856.5,1,37713,33,0.09,0,33,0.09,-15,-0.04,3893,3.89,0
1420,Exit long,2024-05-24 10:15,close_long,18792.5,1,37581.5,3.5,0.01,0,3.5,0.01,-1,0.00,3896.5,3.90,0
1420,Entry long,2024-05-24 10:15,buy,18790.75,1,37581.5,3.5,0.01,0,3.5,0.01,-1,0.00,3896.5,3.90,0
1421,Exit long,2024-05-27 11:05,close_long,18914.5,1,37826.5,2.5,0.01,0,2.5,0.01,-1.5,0.00,3899,3.90,0
1421,Entry long,2024-05-27 11:05,buy,18913.25,1,37826.5,2.5,0.01,0,2.5,0.01,-1.5,0.00,3899,3.90,0
1422,Exit long,2024-05-29 10:20,close_long,18853,1,37685,21,0.06,0,21,0.06,-63.5,-0.17,3920,3.92,5
1422,Entry long,2024-05-29 09:55,buy,18842.5,1,37685,21,0.06,0,21,0.06,-63.5,-0.17,3920,3.92,5
1423,Exit short,2024-05-30 10:35,close_short,18677,1,37376.5,22.5,0.06,0,22.5,0.06,-21.5,-0.06,3942.5,3.94,0
1423,Entry short,2024-05-30 10:35,sell,18688.25,1,37376.5,22.5,0.06,0,22.5,0.06,-21.5,-0.06,3942.5,3.94,0
1424,Exit short,2024-05-31 09:55,close_short,18530.25,1,37088,27.5,0.07,0,27.5,0.07,-26.5,-0.07,3970,3.97,0
1424,Entry short,2024-05-31 09:55,sell,18544,1,37088,27.5,0.07,0,27.5,0.07,-26.5,-0.07,3970,3.97,0
1425,Exit short,2024-06-03 09:55,close_short,18676.25,1,37378.5,26,0.07,0,26,0.07,-8.5,-0.02,3996,4.00,0
1425,Entry short,2024-06-03 09:55,sell,18689.25,1,37378.5,26,0.07,0,26,0.07,-8.5,-0.02,3996,4.00,0
1426,Exit short,2024-06-04 10:20,close_short,18614.25,1,37158.5,-70,-0.19,0,14.5,0.04,-70,-0.19,3926,3.93,1
1426,Entry short,2024-06-04 10:15,sell,18579.25,1,37158.5,-70,-0.19,0,14.5,0.04,-70,-0.19,3926,3.93,1
1427,Exit long,2024-06-05 10:00,close_long,18835.75,1,37679.5,-8,-0.02,0,45,0.12,-8,-0.02,3918,3.92,0
1427,Entry long,2024-06-05 10:00,buy,18839.75,1,37679.5,-8,-0.02,0,45,0.12,-8,-0.02,3918,3.92,0
1428,Exit short,2024-06-06 10:00,close_short,19074,1,38068,-80,-0.21,0,3.5,0.01,-80,-0.21,3838,3.84,0
1428,Entry short,2024-06-06 10:00,sell,19034,1,38068,-80,-0.21,0,3.5,0.01,-80,-0.21,3838,3.84,0
1429,Exit long,2024-06-07 09:55,close_long,19033.25,1,38109.5,-43,-0.11,0,3,0.01,-43,-0.11,3795,3.80,0
1429,Entry long,2024-06-07 09:55,buy,19054.75,1,38109.5,-43,-0.11,0,3,0.01,-43,-0.11,3795,3.80,0
1430,Exit long,2024-06-10 10:30,close_long,19040.75,1,38070.5,11,0.03,0,11,0.03,0,0.00,3806,3.81,0
1430,Entry long,2024-06-10 10:30,buy,19035.25,1,38070.5,11,0.03,0,11,0.03,0,0.00,3806,3.81,0
1431,Exit short,2024-06-11 09:55,close_short,19036.25,1,37991.5,-81,-0.21,0,2,0.01,-81,-0.21,3725,3.72,0
1431,Entry short,2024-06-11 09:55,sell,18995.75,1,37991.5,-81,-0.21,0,2,0.01,-81,-0.21,3725,3.72,0
1432,Exit long,2024-06-11 10:40,close_long,19096.5,1,38184.5,8.5,0.02,0,8.5,0.02,-9.5,-0.02,3733.5,3.73,0
1432,Entry long,2024-06-11 10:40,buy,19092.25,1,38184.5,8.5,0.02,0,8.5,0.02,-9.5,-0.02,3733.5,3.73,0
1433,Exit long,2024-06-12 10:05,close_long,19483,1,38994,-28,-0.07,0,6,0.02,-28,-0.07,3705.5,3.71,0
1433,Entry long,2024-06-12 10:05,buy,19497,1,38994,-28,-0.07,0,6,0.02,-28,-0.07,3705.5,3.71,0
1434,Exit short,2024-06-13 10:15,close_short,19570.5,1,39173,32,0.08,0,32,0.08,-24,-0.06,3737.5,3.74,0
1434,Entry short,2024-06-13 10:15,sell,19586.5,1,39173,32,0.08,0,32,0.08,-24,-0.06,3737.5,3.74,0
1435,Exit long,2024-06-14 10:00,close_long,19620.75,1,39270,-28.5,-0.07,0,11.5,0.03,-28.5,-0.07,3709,3.71,0
1435,Entry long,2024-06-14 10:00,buy,19635,1,39270,-28.5,-0.07,0,11.5,0.03,-28.5,-0.07,3709,3.71,0
1436,Exit long,2024-06-17 11:00,close_long,19982.75,1,39954.5,11,0.03,0,11,0.03,-0.5,0.00,3720,3.72,0
1436,Entry long,2024-06-17 11:00,buy,19977.25,1,39954.5,11,0.03,0,11,0.03,-0.5,0.00,3720,3.72,0
1437,Exit short,2024-06-18 10:45,close_short,20158,1,40333.5,17.5,0.04,0,17.5,0.04,0,0.00,3737.5,3.74,0
1437,Entry short,2024-06-18 10:45,sell,20166.75,1,40333.5,17.5,0.04,0,17.5,0.04,0,0.00,3737.5,3.74,0
1438,Exit short,2024-06-19 10:40,close_short,20236,1,40451.5,-20.5,-0.05,0,4.5,0.01,-20.5,-0.05,3717,3.72,1
1438,Entry short,2024-06-19 10:35,sell,20225.75,1,40451.5,-20.5,-0.05,0,4.5,0.01,-20.5,-0.05,3717,3.72,1
1439,Exit short,2024-06-20 10:10,close_short,20182.75,1,40383,17.5,0.04,0,17.5,0.04,-14,-0.03,3734.5,3.73,0
1439,Entry short,2024-06-20 10:10,sell,20191.5,1,40383,17.5,0.04,0,17.5,0.04,-14,-0.03,3734.5,3.73,0
1440,Exit short,2024-06-21 10:00,close_short,19964,1,39839,-89,-0.22,0,8.5,0.02,-89,-0.22,3645.5,3.65,1
1440,Entry short,2024-06-21 09:55,sell,19919.5,1,39839,-89,-0.22,0,8.5,0.02,-89,-0.22,3645.5,3.65,1
1441,Exit long,2024-06-21 12:25,close_long,20040,1,40129.5,-49.5,-0.12,0,16.5,0.04,-49.5,-0.12,3596,3.60,6
1441,Entry long,2024-06-21 11:55,buy,20064.75,1,40129.5,-49.5,-0.12,0,16.5,0.04,-49.5,-0.12,3596,3.60,6
1442,Exit long,2024-06-24 10:05,close_long,19986.75,1,39951,22.5,0.06,0,22.5,0.06,-31,-0.08,3618.5,3.62,0
1442,Entry long,2024-06-24 10:05,buy,19975.5,1,39951,22.5,0.06,0,22.5,0.06,-31,-0.08,3618.5,3.62,0
1443,Exit short,2024-06-24 10:45,close_short,19839.75,1,39722.5,43,0.11,0,43,0.11,-38.5,-0.10,3661.5,3.66,0
1443,Entry short,2024-06-24 10:45,sell,19861.25,1,39722.5,43,0.11,0,43,0.11,-38.5,-0.10,3661.5,3.66,0
1444,Exit long,2024-06-25 10:05,close_long,19888.5,1,39749,28,0.07,0,28,0.07,-14.5,-0.04,3689.5,3.69,0
1444,Entry long,2024-06-25 10:05,buy,19874.5,1,39749,28,0.07,0,28,0.07,-14.5,-0.04,3689.5,3.69,0
1445,Exit long,2024-06-26 10:05,close_long,20005,1,39990,20,0.05,0,20,0.05,-24,-0.06,3709.5,3.71,0
1445,Entry long,2024-06-26 10:05,buy,19995,1,39990,20,0.05,0,20,0.05,-24,-0.06,3709.5,3.71,0
1446,Exit long,2024-06-27 10:35,close_long,20052.5,1,40221.5,-116.5,-0.29,0,11.5,0.03,-116.5,-0.29,3593,3.59,4
1446,Entry long,2024-06-27 10:15,buy,20110.75,1,40221.5,-116.5,-0.29,0,11.5,0.03,-116.5,-0.29,3593,3.59,4
1447,Exit short,2024-06-27 11:35,close_short,19959.25,1,39935,16.5,0.04,0,16.5,0.04,0,0.00,3609.5,3.61,0
1447,Entry short,2024-06-27 11:35,sell,19967.5,1,39935,16.5,0.04,0,16.5,0.04,0,0.00,3609.5,3.61,0
1448,Exit long,2024-06-28 09:55,close_long,20133.25,1,40262,4.5,0.01,0,4.5,0.01,-11,-0.03,3614,3.61,0
1448,Entry long,2024-06-28 09:55,buy,20131,1,40262,4.5,0.01,0,4.5,0.01,-11,-0.03,3614,3.61,0
1449,Exit short,2024-07-01 09:55,close_short,19848.75,1,39707,9.5,0.02,0,9.5,0.02,0,0.00,3623.5,3.62,0
1449,Entry short,2024-07-01 09:55,sell,19853.5,1,39707,9.5,0.02,0,9.5,0.02,0,0.00,3623.5,3.62,0
1450,Exit long,2024-07-02 10:55,close_long,20121.75,1,40227,16.5,0.04,0,16.5,0.04,-8.5,-0.02,3640,3.64,0
1450,Entry long,2024-07-02 10:55,buy,20113.5,1,40227,16.5,0.04,0,16.5,0.04,-8.5,-0.02,3640,3.64,0
1451,Exit long,2024-07-03 10:00,close_long,20290,1,40580,0,0.00,0,0,0.00,0,0.00,3640,3.64,0
1451,Entry long,2024-07-03 10:00,buy,20290,1,40580,0,0.00,0,0,0.00,0,0.00,3640,3.64,0
1452,Exit short,2024-07-04 10:05,close_short,20381,1,40765,3,0.01,0,3,0.01,-3,-0.01,3643,3.64,0
1452,Entry short,2024-07-04 10:05,sell,20382.5,1,40765,3,0.01,0,3,0.01,-3,-0.01,3643,3.64,0
1453,Exit long,2024-07-05 10:00,close_long,20523.25,1,41029,17.5,0.04,0,17.5,0.04,-12,-0.03,3660.5,3.66,0
1453,Entry long,2024-07-05 10:00,buy,20514.5,1,41029,17.5,0.04,0,17.5,0.04,-12,-0.03,3660.5,3.66,0
1454,Exit long,2024-07-08 11:30,close_long,20664.5,1,41316.5,12.5,0.03,0,12.5,0.03,-23.5,-0.06,3673,3.67,1
1454,Entry long,2024-07-08 11:25,buy,20658.25,1,41316.5,12.5,0.03,0,12.5,0.03,-23.5,-0.06,3673,3.67,1
1455,Exit short,2024-07-09 10:30,close_short,20699,1,41409,11,0.03,0,11,0.03,-13.5,-0.03,3684,3.68,0
1455,Entry short,2024-07-09 10:30,sell,20704.5,1,41409,11,0.03,0,11,0.03,-13.5,-0.03,3684,3.68,0
1456,Exit long,2024-07-10 10:10,close_long,20790.5,1,41570.5,10.5,0.03,0,10.5,0.03,-6,-0.01,3694.5,3.69,0
1456,Entry long,2024-07-10 10:10,buy,20785.25,1,41570.5,10.5,0.03,0,10.5,0.03,-6,-0.01,3694.5,3.69,0
1457,Exit short,2024-07-11 09:55,close_short,20870.5,1,41673.5,-67.5,-0.16,0,3,0.01,-67.5,-0.16,3627,3.63,0
1457,Entry short,2024-07-11 09:55,sell,20836.75,1,41673.5,-67.5,-0.16,0,3,0.01,-67.5,-0.16,3627,3.63,0
1458,Exit long,2024-07-12 09:55,close_long,20523.5,1,41031,16,0.04,0,16,0.04,-32.5,-0.08,3643,3.64,0
1458,Entry long,2024-07-12 09:55,buy,20515.5,1,41031,16,0.04,0,16,0.04,-32.5,-0.08,3643,3.64,0
1459,Exit long,2024-07-15 10:10,close_long,20674,1,41336.5,11.5,0.03,0,11.5,0.03,0,0.00,3654.5,3.65,0
1459,Entry long,2024-07-15 10:10,buy,20668.25,1,41336.5,11.5,0.03,0,11.5,0.03,0,0.00,3654.5,3.65,0
1460,Exit short,2024-07-16 10:00,close_short,20567,1,41160.5,26.5,0.06,0,26.5,0.06,-29.5,-0.07,3681,3.68,0
1460,Entry short,2024-07-16 10:00,sell,20580.25,1,41160.5,26.5,0.06,0,26.5,0.06,-29.5,-0.07,3681,3.68,0
1461,Exit short,2024-07-17 10:05,close_short,20137.75,1,40310,34.5,0.09,0,34.5,0.09,-42,-0.10,3715.5,3.72,0
1461,Entry short,2024-07-17 10:05,sell,20155,1,40310,34.5,0.09,0,34.5,0.09,-42,-0.10,3715.5,3.72,0
1462,Exit short,2024-07-18 10:00,close_short,20072.75,1,40048.5,-97,-0.24,0,1,0.00,-97,-0.24,3618.5,3.62,1
1462,Entry short,2024-07-18 09:55,sell,20024.25,1,40048.5,-97,-0.24,0,1,0.00,-97,-0.24,3618.5,3.62,1
1463,Exit short,2024-07-19 10:30,close_short,19780.5,1,39604,43,0.11,0,43,0.11,0,0.00,3661.5,3.66,0
1463,Entry short,2024-07-19 10:30,sell,19802,1,39604,43,0.11,0,43,0.11,0,0.00,3661.5,3.66,0
1464,Exit short,2024-07-22 11:25,close_short,19835.5,1,39701,30,0.08,0,30,0.08,-28.5,-0.07,3691.5,3.69,0
1464,Entry short,2024-07-22 11:25,sell,19850.5,1,39701,30,0.08,0,30,0.08,-28.5,-0.07,3691.5,3.69,0
1465,Exit long,2024-07-23 11:15,close_long,20065,1,40105,25,0.06,0,25,0.06,-3,-0.01,3716.5,3.72,0
1465,Entry long,2024-07-23 11:15,buy,20052.5,1,40105,25,0.06,0,25,0.06,-3,-0.01,3716.5,3.72,0
1466,Exit short,2024-07-24 10:00,close_short,19502,1,39024,20,0.05,0,20,0.05,-23,-0.06,3736.5,3.74,0
1466,Entry short,2024-07-24 10:00,sell,19512,1,39024,20,0.05,0,20,0.05,-23,-0.06,3736.5,3.74,0
1467,Exit short,2024-07-25 09:55,close_short,19087.25,1,38203,28.5,0.07,0,28.5,0.07,-5,-0.01,3765,3.77,0
1467,Entry short,2024-07-25 09:55,sell,19101.5,1,38203,28.5,0.07,0,28.5,0.07,-5,-0.01,3765,3.77,0
1468,Exit long,2024-07-25 11:15,close_long,19268.5,1,38493,44,0.11,0,44,0.11,-21.5,-0.06,3809,3.81,0
1468,Entry long,2024-07-25 11:15,buy,19246.5,1,38493,44,0.11,0,44,0.11,-21.5,-0.06,3809,3.81,0
1469,Exit long,2024-07-26 12:00,close_long,19199.5,1,38379.5,19.5,0.05,0,19.5,0.05,-53.5,-0.14,3828.5,3.83,2
1469,Entry long,2024-07-26 11:50,buy,19189.75,1,38379.5,19.5,0.05,0,19.5,0.05,-53.5,-0.14,3828.5,3.83,2
1470,Exit short,2024-07-29 11:05,close_short,19203,1,38416,10,0.03,0,10,0.03,0,0.00,3838.5,3.84,0
1470,Entry short,2024-07-29 11:05,sell,19208,1,38416,10,0.03,0,10,0.03,0,0.00,3838.5,3.84,0
1471,Exit short,2024-07-30 10:00,close_short,19220.75,1,38454.5,13,0.03,0,13,0.03,-20.5,-0.05,3851.5,3.85,0
1471,Entry short,2024-07-30 10:00,sell,19227.25,1,38454.5,13,0.03,0,13,0.03,-20.5,-0.05,3851.5,3.85,0
1472,Exit long,2024-07-31 10:15,close_long,19456.25,1,38889,23.5,0.06,0,23.5,0.06,-61.5,-0.16,3875,3.88,1
1472,Entry long,2024-07-31 10:10,buy,19444.5,1,38889,23.5,0.06,0,23.5,0.06,-61.5,-0.16,3875,3.88,1
1473,Exit short,2024-08-01 10:30,close_short,19425.25,1,38894,43.5,0.11,0,43.5,0.11,-48.5,-0.12,3918.5,3.92,0
1473,Entry short,2024-08-01 10:30,sell,19447,1,38894,43.5,0.11,0,43.5,0.11,-48.5,-0.12,3918.5,3.92,0
1474,Exit short,2024-08-02 10:10,close_short,18454.25,1,36952,43.5,0.12,0,43.5,0.12,0,0.00,3962,3.96,0
1474,Entry short,2024-08-02 10:10,sell,18476,1,36952,43.5,0.12,0,43.5,0.12,0,0.00,3962,3.96,0
1475,Exit long,2024-08-05 10:10,close_long,17880,1,36084.5,-324.5,-0.90,0,69.5,0.19,-324.5,-0.90,3637.5,3.64,1
1475,Entry long,2024-08-05 10:05,buy,18042.25,1,36084.5,-324.5,-0.90,0,69.5,0.19,-324.5,-0.90,3637.5,3.64,1
1476,Exit long,2024-08-06 10:05,close_long,18205.25,1,36362,48.5,0.13,0,48.5,0.13,-92,-0.25,3686,3.69,0
1476,Entry long,2024-08-06 10:05,buy,18181,1,36362,48.5,0.13,0,48.5,0.13,-92,-0.25,3686,3.69,0
1477,Exit short,2024-08-07 11:45,close_short,18367.75,1,36779.5,44,0.12,0,44,0.12,-13,-0.04,3730,3.73,0
1477,Entry short,2024-08-07 11:45,sell,18389.75,1,36779.5,44,0.12,0,44,0.12,-13,-0.04,3730,3.73,0
1478,Exit long,2024-08-08 10:10,close_long,18300.75,1,36551.5,50,0.14,0,50,0.14,-91,-0.25,3780,3.78,1
1478,Entry long,2024-08-08 10:05,buy,18275.75,1,36551.5,50,0.14,0,50,0.14,-91,-0.25,3780,3.78,1
1479,Exit long,2024-08-09 10:25,close_long,18485.5,1,37093.5,-122.5,-0.33,0,24.5,0.07,-122.5,-0.33,3657.5,3.66,2
1479,Entry long,2024-08-09 10:15,buy,18546.75,1,37093.5,-122.5,-0.33,0,24.5,0.07,-122.5,-0.33,3657.5,3.66,2
1480,Exit long,2024-08-12 10:25,close_long,18712,1,37405,19,0.05,0,19,0.05,-28,-0.07,3676.5,3.68,0
1480,Entry long,2024-08-12 10:25,buy,18702.5,1,37405,19,0.05,0,19,0.05,-28,-0.07,3676.5,3.68,0
1481,Exit long,2024-08-13 10:05,close_long,18891.5,1,37827,-44,-0.12,0,6,0.02,-44,-0.12,3632.5,3.63,0
1481,Entry long,2024-08-13 10:05,buy,18913.5,1,37827,-44,-0.12,0,6,0.02,-44,-0.12,3632.5,3.63,0
1482,Exit short,2024-08-14 09:55,close_short,19013.75,1,38058.5,31,0.08,0,31,0.08,-21.5,-0.06,3663.5,3.66,0
1482,Entry short,2024-08-14 09:55,sell,19029.25,1,38058.5,31,0.08,0,31,0.08,-21.5,-0.06,3663.5,3.66,0
1483,Exit long,2024-08-14 12:05,close_long,19175.5,1,38393.5,-42.5,-0.11,0,3,0.01,-42.5,-0.11,3621,3.62,1
1483,Entry long,2024-08-14 12:00,buy,19196.75,1,38393.5,-42.5,-0.11,0,3,0.01,-42.5,-0.11,3621,3.62,1
1484,Exit long,2024-08-15 09:55,close_long,19433.25,1,38852.5,14,0.04,0,14,0.04,-2,-0.01,3635,3.64,0
1484,Entry long,2024-08-15 09:55,buy,19426.25,1,38852.5,14,0.04,0,14,0.04,-2,-0.01,3635,3.64,0
1485,Exit long,2024-08-16 10:10,close_long,19553.5,1,39093,14,0.04,0,14,0.04,-10.5,-0.03,3649,3.65,0
1485,Entry long,2024-08-16 10:10,buy,19546.5,1,39093,14,0.04,0,14,0.04,-10.5,-0.03,3649,3.65,0
1486,Exit short,2024-08-19 10:25,close_short,19613.75,1,39069,-158.5,-0.41,0,6,0.02,-158.5,-0.41,3490.5,3.49,1
1486,Entry short,2024-08-19 10:20,sell,19534.5,1,39069,-158.5,-0.41,0,6,0.02,-158.5,-0.41,3490.5,3.49,1
1487,Exit long,2024-08-19 11:00,close_long,19664.75,1,39307.5,22,0.06,0,22,0.06,-31.5,-0.08,3512.5,3.51,1
1487,Entry long,2024-08-19 10:55,buy,19653.75,1,39307.5,22,0.06,0,22,0.06,-31.5,-0.08,3512.5,3.51,1
1488,Exit long,2024-08-20 09:55,close_long,19919.25,1,39816.5,22,0.06,0,22,0.06,-14.5,-0.04,3534.5,3.53,0
1488,Entry long,2024-08-20 09:55,buy,19908.25,1,39816.5,22,0.06,0,22,0.06,-14.5,-0.04,3534.5,3.53,0
1489,Exit short,2024-08-20 10:40,close_short,19745,1,39525.5,35.5,0.09,0,35.5,0.09,0,0.00,3570,3.57,0
1489,Entry short,2024-08-20 10:40,sell,19762.75,1,39525.5,35.5,0.09,0,35.5,0.09,0,0.00,3570,3.57,0
1490,Exit long,2024-08-21 10:00,close_long,19885,1,39759,11,0.03,0,11,0.03,-0.5,0.00,3581,3.58,0
1490,Entry long,2024-08-21 10:00,buy,19879.5,1,39759,11,0.03,0,11,0.03,-0.5,0.00,3581,3.58,0
1491,Exit short,2024-08-22 10:05,close_short,19953.25,1,39923,16.5,0.04,0,16.5,0.04,-21.5,-0.05,3597.5,3.60,0
1491,Entry short,2024-08-22 10:05,sell,19961.5,1,39923,16.5,0.04,0,16.5,0.04,-21.5,-0.05,3597.5,3.60,0
1492,Exit long,2024-08-23 10:10,close_long,19875.75,1,39691.5,60,0.15,0,60,0.15,-151.5,-0.38,3657.5,3.66,1
1492,Entry long,2024-08-23 10:05,buy,19845.75,1,39691.5,60,0.15,0,60,0.15,-151.5,-0.38,3657.5,3.66,1
1493,Exit short,2024-08-23 10:50,close_short,19632.25,1,39355,90.5,0.23,0,90.5,0.23,-39.5,-0.10,3748,3.75,0
1493,Entry short,2024-08-23 10:50,sell,19677.5,1,39355,90.5,0.23,0,90.5,0.23,-39.5,-0.10,3748,3.75,0
1494,Exit short,2024-08-26 10:00,close_short,19707.25,1,39435,20.5,0.05,0,20.5,0.05,-34.5,-0.09,3768.5,3.77,1
1494,Entry short,2024-08-26 09:55,sell,19717.5,1,39435,20.5,0.05,0,20.5,0.05,-34.5,-0.09,3768.5,3.77,1
1495,Exit long,2024-08-27 09:55,close_long,19568,1,39099,37,0.09,0,37,0.09,0,0.00,3805.5,3.81,0
1495,Entry long,2024-08-27 09:55,buy,19549.5,1,39099,37,0.09,0,37,0.09,0,0.00,3805.5,3.81,0
1496,Exit short,2024-08-28 10:10,close_short,19541,1,39088,6,0.02,0,6,0.02,0,0.00,3811.5,3.81,0
1496,Entry short,2024-08-28 10:10,sell,19544,1,39088,6,0.02,0,6,0.02,0,0.00,3811.5,3.81,0
1497,Exit long,2024-08-29 10:00,close_long,19666.75,1,39287.5,46,0.12,0,46,0.12,-67.5,-0.17,3857.5,3.86,0
1497,Entry long,2024-08-29 10:00,buy,19643.75,1,39287.5,46,0.12,0,46,0.12,-67.5,-0.17,3857.5,3.86,0
1498,Exit long,2024-08-30 10:00,close_long,19601.5,1,39183,20,0.05,0,20,0.05,0,0.00,3877.5,3.88,0
1498,Entry long,2024-08-30 10:00,buy,19591.5,1,39183,20,0.05,0,20,0.05,0,0.00,3877.5,3.88,0
1499,Exit short,2024-08-30 11:00,close_short,19445,1,38937.5,47.5,0.12,0,47.5,0.12,0,0.00,3925,3.93,0
1499,Entry short,2024-08-30 11:00,sell,19468.75,1,38937.5,47.5,0.12,0,47.5,0.12,0,0.00,3925,3.93,0
1500,Exit short,2024-09-02 10:10,close_short,19605.25,1,39216.5,6,0.02,0,6,0.02,-3,-0.01,3931,3.93,0
1500,Entry short,2024-09-02 10:10,sell,19608.25,1,39216.5,6,0.02,0,6,0.02,-3,-0.01,3931,3.93,0
1501,Exit long,2024-09-02 10:40,close_long,19656.5,1,39302.5,10.5,0.03,0,10.5,0.03,-8,-0.02,3941.5,3.94,0
1501,Entry long,2024-09-02 10:40,buy,19651.25,1,39302.5,10.5,0.03,0,10.5,0.03,-8,-0.02,3941.5,3.94,0
1502,Exit short,2024-09-03 10:00,close_short,19318.75,1,38682,44.5,0.12,0,44.5,0.12,-90,-0.23,3986,3.99,1
1502,Entry short,2024-09-03 09:55,sell,19341,1,38682,44.5,0.12,0,44.5,0.12,-90,-0.23,3986,3.99,1
1503,Exit long,2024-09-04 10:30,close_long,19006,1,37985,27,0.07,0,27,0.07,-32,-0.08,4013,4.01,0
1503,Entry long,2024-09-04 10:30,buy,18992.5,1,37985,27,0.07,0,27,0.07,-32,-0.08,4013,4.01,0
1504,Exit long,2024-09-05 10:00,close_long,19060.25,1,38102,18.5,0.05,0,18.5,0.05,0,0.00,4031.5,4.03,0
1504,Entry long,2024-09-05 10:00,buy,19051,1,38102,18.5,0.05,0,18.5,0.05,0,0.00,4031.5,4.03,0
1505,Exit short,2024-09-05 11:30,close_short,18851.75,1,37737.5,34,0.09,0,34,0.09,-23.5,-0.06,4065.5,4.07,0
1505,Entry short,2024-09-05 11:30,sell,18868.75,1,37737.5,34,0.09,0,34,0.09,-23.5,-0.06,4065.5,4.07,0
1506,Exit short,2024-09-06 10:00,close_short,18723.5,1,37491.5,44.5,0.12,0,44.5,0.12,-44.5,-0.12,4110,4.11,0
1506,Entry short,2024-09-06 10:00,sell,18745.75,1,37491.5,44.5,0.12,0,44.5,0.12,-44.5,-0.12,4110,4.11,0
1507,Exit long,2024-09-09 10:05,close_long,18658,1,37374.5,-58.5,-0.16,0,11,0.03,-58.5,-0.16,4051.5,4.05,1
1507,Entry long,2024-09-09 10:00,buy,18687.25,1,37374.5,-58.5,-0.16,0,11,0.03,-58.5,-0.16,4051.5,4.05,1
1508,Exit short,2024-09-09 10:35,close_short,18570.75,1,37166,24.5,0.07,0,24.5,0.07,-22.5,-0.06,4076,4.08,0
1508,Entry short,2024-09-09 10:35,sell,18583,1,37166,24.5,0.07,0,24.5,0.07,-22.5,-0.06,4076,4.08,0
1509,Exit short,2024-09-10 10:50,close_short,18684.5,1,37422.5,53.5,0.14,0,53.5,0.14,-156,-0.42,4129.5,4.13,7
1509,Entry short,2024-09-10 10:15,sell,18711.25,1,37422.5,53.5,0.14,0,53.5,0.14,-156,-0.42,4129.5,4.13,7
1510,Exit short,2024-09-11 10:10,close_short,18762.5,1,37544,19,0.05,0,19,0.05,-14.5,-0.04,4148.5,4.15,0
1510,Entry short,2024-09-11 10:10,sell,18772,1,37544,19,0.05,0,19,0.05,-14.5,-0.04,4148.5,4.15,0
1511,Exit long,2024-09-12 10:15,close_long,19332.5,1,38622.5,42.5,0.11,0,42.5,0.11,-35,-0.09,4191,4.19,0
1511,Entry long,2024-09-12 10:15,buy,19311.25,1,38622.5,42.5,0.11,0,42.5,0.11,-35,-0.09,4191,4.19,0
1512,Exit long,2024-09-13 10:10,close_long,19473.5,1,39014.5,-67.5,-0.17,0,12,0.03,-67.5,-0.17,4123.5,4.12,0
1512,Entry long,2024-09-13 10:10,buy,19507.25,1,39014.5,-67.5,-0.17,0,12,0.03,-67.5,-0.17,4123.5,4.12,0
1513,Exit long,2024-09-16 10:10,close_long,19459.25,1,38892,26.5,0.07,0,26.5,0.07,-55.5,-0.14,4150,4.15,1
1513,Entry long,2024-09-16 10:05,buy,19446,1,38892,26.5,0.07,0,26.5,0.07,-55.5,-0.14,4150,4.15,1
1514,Exit short,2024-09-16 11:15,close_short,19390,1,38623.5,-156.5,-0.41,0,25.5,0.07,-156.5,-0.41,3993.5,3.99,8
1514,Entry short,2024-09-16 10:35,sell,19311.75,1,38623.5,-156.5,-0.41,0,25.5,0.07,-156.5,-0.41,3993.5,3.99,8
1515,Exit short,2024-09-17 09:55,close_short,19761,1,39458,-64,-0.16,0,5,0.01,-64,-0.16,3929.5,3.93,0
1515,Entry short,2024-09-17 09:55,sell,19729,1,39458,-64,-0.16,0,5,0.01,-64,-0.16,3929.5,3.93,0
1516,Exit long,2024-09-17 10:50,close_long,19815.25,1,39678,-47.5,-0.12,0,4,0.01,-47.5,-0.12,3882,3.88,0
1516,Entry long,2024-09-17 10:50,buy,19839,1,39678,-47.5,-0.12,0,4,0.01,-47.5,-0.12,3882,3.88,0
1517,Exit short,2024-09-18 10:20,close_short,19657.25,1,39333.5,19,0.05,0,19,0.05,-18.5,-0.05,3901,3.90,0
1517,Entry short,2024-09-18 10:20,sell,19666.75,1,39333.5,19,0.05,0,19,0.05,-18.5,-0.05,3901,3.90,0
1518,Exit short,2024-09-19 09:55,close_short,19997,1,40004,10,0.02,0,10,0.02,0,0.00,3911,3.91,0
1518,Entry short,2024-09-19 09:55,sell,20002,1,40004,10,0.02,0,10,0.02,0,0.00,3911,3.91,0
1519,Exit long,2024-09-19 10:25,close_long,20095.5,1,40171,20,0.05,0,20,0.05,-27,-0.07,3931,3.93,1
1519,Entry long,2024-09-19 10:20,buy,20085.5,1,40171,20,0.05,0,20,0.05,-27,-0.07,3931,3.93,1
1520,Exit short,2024-09-20 10:00,close_short,19989.25,1,40002.5,24,0.06,0,24,0.06,0,0.00,3955,3.96,0
1520,Entry short,2024-09-20 10:00,sell,20001.25,1,40002.5,24,0.06,0,24,0.06,0,0.00,3955,3.96,0
1521,Exit long,2024-09-23 10:35,close_long,20072.75,1,40209.5,-64,-0.16,0,5.5,0.01,-64,-0.16,3891,3.89,2
1521,Entry long,2024-09-23 10:25,buy,20104.75,1,40209.5,-64,-0.16,0,5.5,0.01,-64,-0.16,3891,3.89,2
1522,Exit short,2024-09-24 10:00,close_short,20086.75,1,40184.5,11,0.03,0,11,0.03,-0.5,0.00,3902,3.90,0
1522,Entry short,2024-09-24 10:00,sell,20092.25,1,40184.5,11,0.03,0,11,0.03,-0.5,0.00,3902,3.90,0
1523,Exit long,2024-09-24 11:50,close_long,20170.25,1,40327,13.5,0.03,0,13.5,0.03,-4,-0.01,3915.5,3.92,0
1523,Entry long,2024-09-24 11:50,buy,20163.5,1,40327,13.5,0.03,0,13.5,0.03,-4,-0.01,3915.5,3.92,0
1524,Exit long,2024-09-25 10:00,close_long,20243.5,1,40463,24,0.06,0,24,0.06,-16.5,-0.04,3939.5,3.94,0
1524,Entry long,2024-09-25 10:00,buy,20231.5,1,40463,24,0.06,0,24,0.06,-16.5,-0.04,3939.5,3.94,0
1525,Exit short,2024-09-26 10:15,close_short,20394.75,1,40801.5,12,0.03,0,12,0.03,-22.5,-0.06,3951.5,3.95,0
1525,Entry short,2024-09-26 10:15,sell,20400.75,1,40801.5,12,0.03,0,12,0.03,-22.5,-0.06,3951.5,3.95,0
1526,Exit short,2024-09-27 10:25,close_short,20327.5,1,40575.5,-79.5,-0.20,0,5.5,0.01,-79.5,-0.20,3872,3.87,1
1526,Entry short,2024-09-27 10:20,sell,20287.75,1,40575.5,-79.5,-0.20,0,5.5,0.01,-79.5,-0.20,3872,3.87,1
1527,Exit short,2024-09-30 10:20,close_short,20152,1,40317,13,0.03,0,13,0.03,-24,-0.06,3885,3.89,0
1527,Entry short,2024-09-30 10:20,sell,20158.5,1,40317,13,0.03,0,13,0.03,-24,-0.06,3885,3.89,0
1528,Exit short,2024-10-01 09:55,close_short,19984.75,1,39998,28.5,0.07,0,28.5,0.07,0,0.00,3913.5,3.91,0
1528,Entry short,2024-10-01 09:55,sell,19999,1,39998,28.5,0.07,0,28.5,0.07,0,0.00,3913.5,3.91,0
1529,Exit long,2024-10-02 10:30,close_long,20014,1,39994.5,33.5,0.08,0,33.5,0.08,-102.5,-0.26,3947,3.95,2
1529,Entry long,2024-10-02 10:20,buy,19997.25,1,39994.5,33.5,0.08,0,33.5,0.08,-102.5,-0.26,3947,3.95,2
1530,Exit long,2024-10-03 09:55,close_long,20020.75,1,40023,18.5,0.05,0,18.5,0.05,-8,-0.02,3965.5,3.97,0
1530,Entry long,2024-10-03 09:55,buy,20011.5,1,40023,18.5,0.05,0,18.5,0.05,-8,-0.02,3965.5,3.97,0
1531,Exit short,2024-10-04 09:55,close_short,20128.25,1,40298,41.5,0.10,0,41.5,0.10,-13,-0.03,4007,4.01,0
1531,Entry short,2024-10-04 09:55,sell,20149,1,40298,41.5,0.10,0,41.5,0.10,-13,-0.03,4007,4.01,0
1532,Exit long,2024-10-07 10:25,close_long,20178.25,1,40337.5,19,0.05,0,19,0.05,-33,-0.08,4026,4.03,1
1532,Entry long,2024-10-07 10:20,buy,20168.75,1,40337.5,19,0.05,0,19,0.05,-33,-0.08,4026,4.03,1
1533,Exit long,2024-10-08 09:55,close_long,20154,1,40277.5,30.5,0.08,0,30.5,0.08,-20.5,-0.05,4056.5,4.06,0
1533,Entry long,2024-10-08 09:55,buy,20138.75,1,40277.5,30.5,0.08,0,30.5,0.08,-20.5,-0.05,4056.5,4.06,0
1534,Exit long,2024-10-09 10:20,close_long,20328.75,1,40641.5,16,0.04,0,16,0.04,-26.5,-0.07,4072.5,4.07,0
1534,Entry long,2024-10-09 10:20,buy,20320.75,1,40641.5,16,0.04,0,16,0.04,-26.5,-0.07,4072.5,4.07,0
1535,Exit long,2024-10-10 10:15,close_long,20409,1,40804,14,0.03,0,14,0.03,-16,-0.04,4086.5,4.09,0
1535,Entry long,2024-10-10 10:15,buy,20402,1,40804,14,0.03,0,14,0.03,-16,-0.04,4086.5,4.09,0
1536,Exit long,2024-10-11 10:10,close_long,20431.25,1,40827.5,35,0.09,0,35,0.09,-9,-0.02,4121.5,4.12,0
1536,Entry long,2024-10-11 10:10,buy,20413.75,1,40827.5,35,0.09,0,35,0.09,-9,-0.02,4121.5,4.12,0
1537,Exit long,2024-10-14 10:10,close_long,20635.75,1,41342.5,-71,-0.17,0,17.5,0.04,-71,-0.17,4050.5,4.05,2
1537,Entry long,2024-10-14 10:00,buy,20671.25,1,41342.5,-71,-0.17,0,17.5,0.04,-71,-0.17,4050.5,4.05,2
1538,Exit short,2024-10-15 10:15,close_short,20570.75,1,41164.5,23,0.06,0,23,0.06,-7.5,-0.02,4073.5,4.07,0
1538,Entry short,2024-10-15 10:15,sell,20582.25,1,41164.5,23,0.06,0,23,0.06,-7.5,-0.02,4073.5,4.07,0
1539,Exit short,2024-10-16 10:00,close_short,20215.5,1,40449,18,0.04,0,18,0.04,0,0.00,4091.5,4.09,0
1539,Entry short,2024-10-16 10:00,sell,20224.5,1,40449,18,0.04,0,18,0.04,0,0.00,4091.5,4.09,0
1540,Exit short,2024-10-17 10:05,close_short,20377.25,1,40791.5,37,0.09,0,37,0.09,-36.5,-0.09,4128.5,4.13,0
1540,Entry short,2024-10-17 10:05,sell,20395.75,1,40791.5,37,0.09,0,37,0.09,-36.5,-0.09,4128.5,4.13,0
1541,Exit long,2024-10-18 10:15,close_long,20474,1,41028,-80,-0.19,0,18.5,0.05,-80,-0.19,4048.5,4.05,1
1541,Entry long,2024-10-18 10:10,buy,20514,1,41028,-80,-0.19,0,18.5,0.05,-80,-0.19,4048.5,4.05,1
1542,Exit long,2024-10-21 10:00,close_long,20504.5,1,40994,15,0.04,0,15,0.04,-33,-0.08,4063.5,4.06,1
1542,Entry long,2024-10-21 09:55,buy,20497,1,40994,15,0.04,0,15,0.04,-33,-0.08,4063.5,4.06,1
1543,Exit short,2024-10-21 11:05,close_short,20389,1,40800,22,0.05,0,22,0.05,-7,-0.02,4085.5,4.09,0
1543,Entry short,2024-10-21 11:05,sell,20400,1,40800,22,0.05,0,22,0.05,-7,-0.02,4085.5,4.09,0
1544,Exit long,2024-10-22 10:10,close_long,20503.25,1,40982,24.5,0.06,0,24.5,0.06,-25,-0.06,4110,4.11,0
1544,Entry long,2024-10-22 10:10,buy,20491,1,40982,24.5,0.06,0,24.5,0.06,-25,-0.06,4110,4.11,0
1545,Exit short,2024-10-23 10:05,close_short,20367,1,40767.5,33.5,0.08,0,33.5,0.08,-23.5,-0.06,4143.5,4.14,0
1545,Entry short,2024-10-23 10:05,sell,20383.75,1,40767.5,33.5,0.08,0,33.5,0.08,-23.5,-0.06,4143.5,4.14,0
1546,Exit short,2024-10-24 11:55,close_short,20327,1,40542.5,-111.5,-0.28,0,14.5,0.04,-111.5,-0.28,4032,4.03,1
1546,Entry short,2024-10-24 11:50,sell,20271.25,1,40542.5,-111.5,-0.28,0,14.5,0.04,-111.5,-0.28,4032,4.03,1
1547,Exit long,2024-10-25 09:55,close_long,20635.25,1,41260,10.5,0.03,0,10.5,0.03,-5,-0.01,4042.5,4.04,0
1547,Entry long,2024-10-25 09:55,buy,20630,1,41260,10.5,0.03,0,10.5,0.03,-5,-0.01,4042.5,4.04,0
1548,Exit short,2024-10-28 10:00,close_short,20568.25,1,41077.5,-59,-0.14,0,12.5,0.03,-59,-0.14,3983.5,3.98,1
1548,Entry short,2024-10-28 09:55,sell,20538.75,1,41077.5,-59,-0.14,0,12.5,0.03,-59,-0.14,3983.5,3.98,1
1549,Exit long,2024-10-29 10:10,close_long,20543.25,1,41062.5,24,0.06,0,24,0.06,-40.5,-0.10,4007.5,4.01,1
1549,Entry long,2024-10-29 10:05,buy,20531.25,1,41062.5,24,0.06,0,24,0.06,-40.5,-0.10,4007.5,4.01,1
1550,Exit long,2024-10-30 10:20,close_long,20685.5,1,41358.5,12.5,0.03,0,12.5,0.03,-23.5,-0.06,4020,4.02,0
1550,Entry long,2024-10-30 10:20,buy,20679.25,1,41358.5,12.5,0.03,0,12.5,0.03,-23.5,-0.06,4020,4.02,0
1551,Exit short,2024-10-31 10:00,close_short,20155.75,1,40332.5,21,0.05,0,21,0.05,-1.5,0.00,4041,4.04,0
1551,Entry short,2024-10-31 10:00,sell,20166.25,1,40332.5,21,0.05,0,21,0.05,-1.5,0.00,4041,4.04,0
1552,Exit long,2024-11-01 10:00,close_long,20173.25,1,40331.5,15,0.04,0,15,0.04,0,0.00,4056,4.06,0
1552,Entry long,2024-11-01 10:00,buy,20165.75,1,40331.5,15,0.04,0,15,0.04,0,0.00,4056,4.06,0
1553,Exit long,2024-11-04 10:20,close_long,20173.5,1,40322.5,24.5,0.06,0,24.5,0.06,-14,-0.03,4080.5,4.08,0
1553,Entry long,2024-11-04 10:20,buy,20161.25,1,40322.5,24.5,0.06,0,24.5,0.06,-14,-0.03,4080.5,4.08,0
1554,Exit long,2024-11-05 09:55,close_long,20277.75,1,40541,14.5,0.04,0,14.5,0.04,-12.5,-0.03,4095,4.10,0
1554,Entry long,2024-11-05 09:55,buy,20270.5,1,40541,14.5,0.04,0,14.5,0.04,-12.5,-0.03,4095,4.10,0
1555,Exit long,2024-11-07 10:05,close_long,21120.75,1,42217.5,24,0.06,0,24,0.06,-33,-0.08,4119,4.12,1
1555,Entry long,2024-11-07 10:00,buy,21108.75,1,42217.5,24,0.06,0,24,0.06,-33,-0.08,4119,4.12,1
1556,Exit short,2024-11-08 10:15,close_short,21161.5,1,42333,10,0.02,0,10,0.02,0,0.00,4129,4.13,0
1556,Entry short,2024-11-08 10:15,sell,21166.5,1,42333,10,0.02,0,10,0.02,0,0.00,4129,4.13,0
1557,Exit short,2024-11-11 09:55,close_short,21181.75,1,42372,8.5,0.02,0,8.5,0.02,-26.5,-0.06,4137.5,4.14,0
1557,Entry short,2024-11-11 09:55,sell,21186,1,42372,8.5,0.02,0,8.5,0.02,-26.5,-0.06,4137.5,4.14,0
1558,Exit short,2024-11-12 11:15,close_short,21188,1,42345.5,-30.5,-0.07,0,3,0.01,-30.5,-0.07,4107,4.11,0
1558,Entry short,2024-11-12 11:15,sell,21172.75,1,42345.5,-30.5,-0.07,0,3,0.01,-30.5,-0.07,4107,4.11,0
1559,Exit short,2024-11-13 10:05,close_short,21100.75,1,42220,18.5,0.04,0,18.5,0.04,-8,-0.02,4125.5,4.13,0
1559,Entry short,2024-11-13 10:05,sell,21110,1,42220,18.5,0.04,0,18.5,0.04,-8,-0.02,4125.5,4.13,0
1560,Exit short,2024-11-14 10:35,close_short,21109.25,1,42082,-136.5,-0.32,0,0.5,0.00,-136.5,-0.32,3989,3.99,3
1560,Entry short,2024-11-14 10:20,sell,21041,1,42082,-136.5,-0.32,0,0.5,0.00,-136.5,-0.32,3989,3.99,3
1561,Exit short,2024-11-15 10:05,close_short,20664,1,41343,15,0.04,0,15,0.04,-30.5,-0.07,4004,4.00,0
1561,Entry short,2024-11-15 10:05,sell,20671.5,1,41343,15,0.04,0,15,0.04,-30.5,-0.07,4004,4.00,0
1562,Exit long,2024-11-18 10:15,close_long,20606.75,1,41197,16.5,0.04,0,16.5,0.04,-2,0.00,4020.5,4.02,0
1562,Entry long,2024-11-18 10:15,buy,20598.5,1,41197,16.5,0.04,0,16.5,0.04,-2,0.00,4020.5,4.02,0
1563,Exit long,2024-11-19 10:30,close_long,20614.5,1,41204.5,24.5,0.06,0,24.5,0.06,0,0.00,4045,4.05,0
1563,Entry long,2024-11-19 10:30,buy,20602.25,1,41204.5,24.5,0.06,0,24.5,0.06,0,0.00,4045,4.05,0
1564,Exit short,2024-11-20 10:00,close_short,20603.75,1,41228,20.5,0.05,0,20.5,0.05,0,0.00,4065.5,4.07,0
1564,Entry short,2024-11-20 10:00,sell,20614,1,41228,20.5,0.05,0,20.5,0.05,0,0.00,4065.5,4.07,0
1565,Exit short,2024-11-21 10:05,close_short,20600,1,41234.5,34.5,0.08,0,34.5,0.08,-13.5,-0.03,4100,4.10,0
1565,Entry short,2024-11-21 10:05,sell,20617.25,1,41234.5,34.5,0.08,0,34.5,0.08,-13.5,-0.03,4100,4.10,0
1566,Exit short,2024-11-22 10:20,close_short,20758,1,41532.5,16.5,0.04,0,16.5,0.04,0,0.00,4116.5,4.12,0
1566,Entry short,2024-11-22 10:20,sell,20766.25,1,41532.5,16.5,0.04,0,16.5,0.04,0,0.00,4116.5,4.12,0
1567,Exit short,2024-11-25 10:00,close_short,20901,1,41860,58,0.14,0,58,0.14,-57,-0.14,4174.5,4.17,1
1567,Entry short,2024-11-25 09:55,sell,20930,1,41860,58,0.14,0,58,0.14,-57,-0.14,4174.5,4.17,1
1568,Exit short,2024-11-27 10:00,close_short,20828,1,41685,29,0.07,0,29,0.07,-43,-0.10,4203.5,4.20,1
1568,Entry short,2024-11-27 09:55,sell,20842.5,1,41685,29,0.07,0,29,0.07,-43,-0.10,4203.5,4.20,1
1569,Exit long,2024-11-28 10:20,close_long,20898,1,41789.5,6.5,0.02,0,6.5,0.02,-4.5,-0.01,4210,4.21,0
1569,Entry long,2024-11-28 10:20,buy,20894.75,1,41789.5,6.5,0.02,0,6.5,0.02,-4.5,-0.01,4210,4.21,0
1570,Exit long,2024-11-29 09:55,close_long,20909.25,1,41794,24.5,0.06,0,24.5,0.06,-8,-0.02,4234.5,4.23,0
1570,Entry long,2024-11-29 09:55,buy,20897,1,41794,24.5,0.06,0,24.5,0.06,-8,-0.02,4234.5,4.23,0
1571,Exit long,2024-12-02 09:55,close_long,21135.5,1,42331.5,-60.5,-0.14,0,0,0.00,-60.5,-0.14,4174,4.17,0
1571,Entry long,2024-12-02 09:55,buy,21165.75,1,42331.5,-60.5,-0.14,0,0,0.00,-60.5,-0.14,4174,4.17,0
1572,Exit long,2024-12-03 10:05,close_long,21214.5,1,42420.5,8.5,0.02,0,8.5,0.02,-10.5,-0.02,4182.5,4.18,0
1572,Entry long,2024-12-03 10:05,buy,21210.25,1,42420.5,8.5,0.02,0,8.5,0.02,-10.5,-0.02,4182.5,4.18,0
1573,Exit long,2024-12-04 10:30,close_long,21461.25,1,42913.5,9,0.02,0,9,0.02,-21,-0.05,4191.5,4.19,0
1573,Entry long,2024-12-04 10:30,buy,21456.75,1,42913.5,9,0.02,0,9,0.02,-21,-0.05,4191.5,4.19,0
1574,Exit short,2024-12-05 10:00,close_short,21516.75,1,43022,-11.5,-0.03,0,5,0.01,-11.5,-0.03,4180,4.18,0
1574,Entry short,2024-12-05 10:00,sell,21511,1,43022,-11.5,-0.03,0,5,0.01,-11.5,-0.03,4180,4.18,0
1575,Exit long,2024-12-06 10:00,close_long,21622.25,1,43224.5,20,0.05,0,20,0.05,-40,-0.09,4200,4.20,1
1575,Entry long,2024-12-06 09:55,buy,21612.25,1,43224.5,20,0.05,0,20,0.05,-40,-0.09,4200,4.20,1
1576,Exit short,2024-12-09 10:35,close_short,21540.5,1,43108.5,27.5,0.06,0,27.5,0.06,-45.5,-0.11,4227.5,4.23,1
1576,Entry short,2024-12-09 10:30,sell,21554.25,1,43108.5,27.5,0.06,0,27.5,0.06,-45.5,-0.11,4227.5,4.23,1
1577,Exit long,2024-12-10 10:10,close_long,21601,1,43186.5,15.5,0.04,0,15.5,0.04,0,0.00,4243,4.24,0
1577,Entry long,2024-12-10 10:10,buy,21593.25,1,43186.5,15.5,0.04,0,15.5,0.04,0,0.00,4243,4.24,0
1578,Exit short,2024-12-10 11:30,close_short,21462.75,1,42951.5,26,0.06,0,26,0.06,-71.5,-0.17,4269,4.27,4
1578,Entry short,2024-12-10 11:10,sell,21475.75,1,42951.5,26,0.06,0,26,0.06,-71.5,-0.17,4269,4.27,4
1579,Exit long,2024-12-11 10:00,close_long,21699.5,1,43383.5,15.5,0.04,0,15.5,0.04,-44.5,-0.10,4284.5,4.28,1
1579,Entry long,2024-12-11 09:55,buy,21691.75,1,43383.5,15.5,0.04,0,15.5,0.04,-44.5,-0.10,4284.5,4.28,1
1580,Exit short,2024-12-12 10:10,close_short,21639.25,1,43301,22.5,0.05,0,22.5,0.05,-17,-0.04,4307,4.31,0
1580,Entry short,2024-12-12 10:10,sell,21650.5,1,43301,22.5,0.05,0,22.5,0.05,-17,-0.04,4307,4.31,0
1581,Exit long,2024-12-12 10:35,close_long,21714,1,43414.5,13.5,0.03,0,13.5,0.03,-36,-0.08,4320.5,4.32,1
1581,Entry long,2024-12-12 10:30,buy,21707.25,1,43414.5,13.5,0.03,0,13.5,0.03,-36,-0.08,4320.5,4.32,1
1582,Exit short,2024-12-13 10:50,close_short,21729.25,1,43489.5,31,0.07,0,31,0.07,-64.5,-0.15,4351.5,4.35,1
1582,Entry short,2024-12-13 10:45,sell,21744.75,1,43489.5,31,0.07,0,31,0.07,-64.5,-0.15,4351.5,4.35,1
1583,Exit long,2024-12-16 10:00,close_long,21980.75,1,43935,26.5,0.06,0,26.5,0.06,-53,-0.12,4378,4.38,1
1583,Entry long,2024-12-16 09:55,buy,21967.5,1,43935,26.5,0.06,0,26.5,0.06,-53,-0.12,4378,4.38,1
1584,Exit short,2024-12-17 10:15,close_short,22265.25,1,44555.5,25,0.06,0,25,0.06,-13.5,-0.03,4403,4.40,0
1584,Entry short,2024-12-17 10:15,sell,22277.75,1,44555.5,25,0.06,0,25,0.06,-13.5,-0.03,4403,4.40,0
1585,Exit long,2024-12-17 11:50,close_long,22357.25,1,44759.5,-45,-0.10,0,13,0.03,-45,-0.10,4358,4.36,2
1585,Entry long,2024-12-17 11:40,buy,22379.75,1,44759.5,-45,-0.10,0,13,0.03,-45,-0.10,4358,4.36,2
1586,Exit long,2024-12-18 10:40,close_long,22318.75,1,44621,16.5,0.04,0,16.5,0.04,-43.5,-0.10,4374.5,4.37,5
1586,Entry long,2024-12-18 10:15,buy,22310.5,1,44621,16.5,0.04,0,16.5,0.04,-43.5,-0.10,4374.5,4.37,5
1587,Exit short,2024-12-19 10:00,close_short,21545.5,1,43125,34,0.08,0,34,0.08,-85,-0.20,4408.5,4.41,1
1587,Entry short,2024-12-19 09:55,sell,21562.5,1,43125,34,0.08,0,34,0.08,-85,-0.20,4408.5,4.41,1
1588,Exit long,2024-12-20 10:20,close_long,21370.25,1,42682.5,58,0.14,0,58,0.14,-34.5,-0.08,4466.5,4.47,1
1588,Entry long,2024-12-20 10:15,buy,21341.25,1,42682.5,58,0.14,0,58,0.14,-34.5,-0.08,4466.5,4.47,1
1589,Exit short,2024-12-23 10:10,close_short,21490,1,43028.5,48.5,0.11,0,48.5,0.11,-69,-0.16,4515,4.52,0
1589,Entry short,2024-12-23 10:10,sell,21514.25,1,43028.5,48.5,0.11,0,48.5,0.11,-69,-0.16,4515,4.52,0
1590,Exit long,2024-12-23 11:55,close_long,21686,1,43361.5,10.5,0.02,0,10.5,0.02,-19,-0.04,4525.5,4.53,0
1590,Entry long,2024-12-23 11:55,buy,21680.75,1,43361.5,10.5,0.02,0,10.5,0.02,-19,-0.04,4525.5,4.53,0
1591,Exit long,2024-12-24 10:00,close_long,21913.25,1,43807.5,19,0.04,0,19,0.04,-9,-0.02,4544.5,4.54,0
1591,Entry long,2024-12-24 10:00,buy,21903.75,1,43807.5,19,0.04,0,19,0.04,-9,-0.02,4544.5,4.54,0
1592,Exit short,2024-12-26 09:55,close_short,21956.75,1,43764.5,-149,-0.34,0,0,0.00,-149,-0.34,4395.5,4.40,0
1592,Entry short,2024-12-26 09:55,sell,21882.25,1,43764.5,-149,-0.34,0,0,0.00,-149,-0.34,4395.5,4.40,0
1593,Exit long,2024-12-26 11:15,close_long,22014.5,1,44024,5,0.01,0,5,0.01,-3,-0.01,4400.5,4.40,0
1593,Entry long,2024-12-26 11:15,buy,22012,1,44024,5,0.01,0,5,0.01,-3,-0.01,4400.5,4.40,0
1594,Exit short,2024-12-27 10:05,close_short,21575.5,1,43212,61,0.14,0,61,0.14,-52,-0.12,4461.5,4.46,0
1594,Entry short,2024-12-27 10:05,sell,21606,1,43212,61,0.14,0,61,0.14,-52,-0.12,4461.5,4.46,0
1595,Exit short,2024-12-30 10:00,close_short,21271.5,1,42577,34,0.08,0,34,0.08,0,0.00,4495.5,4.50,0
1595,Entry short,2024-12-30 10:00,sell,21288.5,1,42577,34,0.08,0,34,0.08,0,0.00,4495.5,4.50,0
1596,Exit long,2024-12-30 11:40,close_long,21440,1,42863.5,16.5,0.04,0,16.5,0.04,-7,-0.02,4512,4.51,0
1596,Entry long,2024-12-30 11:40,buy,21431.75,1,42863.5,16.5,0.04,0,16.5,0.04,-7,-0.02,4512,4.51,0
1597,Exit short,2024-12-31 10:20,close_short,21433,1,42698.5,-167.5,-0.39,0,32.5,0.08,-167.5,-0.39,4344.5,4.34,2
1597,Entry short,2024-12-31 10:10,sell,21349.25,1,42698.5,-167.5,-0.39,0,32.5,0.08,-167.5,-0.39,4344.5,4.34,2
1598,Exit long,2025-01-02 10:05,close_long,21425.75,1,42826.5,25,0.06,0,25,0.06,-30.5,-0.07,4369.5,4.37,0
1598,Entry long,2025-01-02 10:05,buy,21413.25,1,42826.5,25,0.06,0,25,0.06,-30.5,-0.07,4369.5,4.37,0
1599,Exit long,2025-01-03 11:35,close_long,21462.25,1,42905,19.5,0.05,0,19.5,0.05,0,0.00,4389,4.39,0
1599,Entry long,2025-01-03 11:35,buy,21452.5,1,42905,19.5,0.05,0,19.5,0.05,0,0.00,4389,4.39,0
1600,Exit long,2025-01-06 10:20,close_long,21874.25,1,43705,43.5,0.10,0,43.5,0.10,-41,-0.09,4432.5,4.43,1
1600,Entry long,2025-01-06 10:15,buy,21852.5,1,43705,43.5,0.10,0,43.5,0.10,-41,-0.09,4432.5,4.43,1
1601,Exit short,2025-01-07 10:05,close_short,21569.5,1,43205.5,66.5,0.15,0,66.5,0.15,-48,-0.11,4499,4.50,0
1601,Entry short,2025-01-07 10:05,sell,21602.75,1,43205.5,66.5,0.15,0,66.5,0.15,-48,-0.11,4499,4.50,0
1602,Exit long,2025-01-08 10:10,close_long,21331.25,1,42775,-112.5,-0.26,0,9,0.02,-112.5,-0.26,4386.5,4.39,1
1602,Entry long,2025-01-08 10:05,buy,21387.5,1,42775,-112.5,-0.26,0,9,0.02,-112.5,-0.26,4386.5,4.39,1
1603,Exit short,2025-01-08 10:35,close_short,21367.25,1,42489.5,-245,-0.58,0,27,0.06,-245,-0.58,4141.5,4.14,4
1603,Entry short,2025-01-08 10:15,sell,21244.75,1,42489.5,-245,-0.58,0,27,0.06,-245,-0.58,4141.5,4.14,4
1604,Exit short,2025-01-10 10:05,close_short,20904.75,1,41878.5,69,0.16,0,69,0.16,-47.5,-0.11,4210.5,4.21,0
1604,Entry short,2025-01-10 10:05,sell,20939.25,1,41878.5,69,0.16,0,69,0.16,-47.5,-0.11,4210.5,4.21,0
1605,Exit long,2025-01-13 09:55,close_long,20828.5,1,41617,40,0.10,0,40,0.10,-39.5,-0.09,4250.5,4.25,0
1605,Entry long,2025-01-13 09:55,buy,20808.5,1,41617,40,0.10,0,40,0.10,-39.5,-0.09,4250.5,4.25,0
1606,Exit short,2025-01-14 09:55,close_short,20984.5,1,42012,43,0.10,0,43,0.10,-49.5,-0.12,4293.5,4.29,0
1606,Entry short,2025-01-14 09:55,sell,21006,1,42012,43,0.10,0,43,0.10,-49.5,-0.12,4293.5,4.29,0
1607,Exit long,2025-01-15 10:05,close_long,21375,1,42728,22,0.05,0,22,0.05,-41,-0.10,4315.5,4.32,0
1607,Entry long,2025-01-15 10:05,buy,21364,1,42728,22,0.05,0,22,0.05,-41,-0.10,4315.5,4.32,0
1608,Exit short,2025-01-16 10:45,close_short,21344,1,42728.5,40.5,0.09,0,40.5,0.09,-103.5,-0.24,4356,4.36,6
1608,Entry short,2025-01-16 10:15,sell,21364.25,1,42728.5,40.5,0.09,0,40.5,0.09,-103.5,-0.24,4356,4.36,6
1609,Exit short,2025-01-21 10:10,close_short,21557,1,43167.5,53.5,0.12,0,53.5,0.12,-106,-0.25,4409.5,4.41,3
1609,Entry short,2025-01-21 09:55,sell,21583.75,1,43167.5,53.5,0.12,0,53.5,0.12,-106,-0.25,4409.5,4.41,3
1610,Exit long,2025-01-22 09:55,close_long,22015.5,1,44012.5,18.5,0.04,0,18.5,0.04,-7.5,-0.02,4428,4.43,0
1610,Entry long,2025-01-22 09:55,buy,22006.25,1,44012.5,18.5,0.04,0,18.5,0.04,-7.5,-0.02,4428,4.43,0
1611,Exit long,2025-01-23 10:35,close_long,21929.25,1,43841.5,17,0.04,0,17,0.04,-17.5,-0.04,4445,4.45,0
1611,Entry long,2025-01-23 10:35,buy,21920.75,1,43841.5,17,0.04,0,17,0.04,-17.5,-0.04,4445,4.45,0
1612,Exit short,2025-01-24 10:30,close_short,22013,1,43987.5,-38.5,-0.09,0,3,0.01,-38.5,-0.09,4406.5,4.41,0
1612,Entry short,2025-01-24 10:30,sell,21993.75,1,43987.5,-38.5,-0.09,0,3,0.01,-38.5,-0.09,4406.5,4.41,0
1613,Exit long,2025-01-27 10:00,close_long,21292.25,1,42662.5,-78,-0.18,0,6.5,0.02,-78,-0.18,4328.5,4.33,0
1613,Entry long,2025-01-27 10:00,buy,21331.25,1,42662.5,-78,-0.18,0,6.5,0.02,-78,-0.18,4328.5,4.33,0
1614,Exit long,2025-01-28 10:10,close_long,21380,1,42713.5,46.5,0.11,0,46.5,0.11,-85.5,-0.20,4375,4.38,1
1614,Entry long,2025-01-28 10:05,buy,21356.75,1,42713.5,46.5,0.11,0,46.5,0.11,-85.5,-0.20,4375,4.38,1
1615,Exit short,2025-01-29 10:45,close_short,21461.25,1,42948,25.5,0.06,0,25.5,0.06,0,0.00,4400.5,4.40,0
1615,Entry short,2025-01-29 10:45,sell,21474,1,42948,25.5,0.06,0,25.5,0.06,0,0.00,4400.5,4.40,0
1616,Exit short,2025-01-30 10:10,close_short,21584.5,1,43179.5,10.5,0.02,0,10.5,0.02,0,0.00,4411,4.41,0
1616,Entry short,2025-01-30 10:10,sell,21589.75,1,43179.5,10.5,0.02,0,10.5,0.02,0,0.00,4411,4.41,0
1617,Exit long,2025-01-31 10:00,close_long,21872.75,1,43714.5,31,0.07,0,31,0.07,-56.5,-0.13,4442,4.44,1
1617,Entry long,2025-01-31 09:55,buy,21857.25,1,43714.5,31,0.07,0,31,0.07,-56.5,-0.13,4442,4.44,1
1618,Exit short,2025-02-03 10:10,close_short,21153.75,1,42337.5,30,0.07,0,30,0.07,-93,-0.22,4472,4.47,1
1618,Entry short,2025-02-03 10:05,sell,21168.75,1,42337.5,30,0.07,0,30,0.07,-93,-0.22,4472,4.47,1
1619,Exit long,2025-02-03 10:30,close_long,21376,1,42705.5,46.5,0.11,0,46.5,0.11,0,0.00,4518.5,4.52,0
1619,Entry long,2025-02-03 10:30,buy,21352.75,1,42705.5,46.5,0.11,0,46.5,0.11,0,0.00,4518.5,4.52,0
1620,Exit long,2025-02-04 09:55,close_long,21558.75,1,43093.5,24,0.06,0,24,0.06,-3,-0.01,4542.5,4.54,0
1620,Entry long,2025-02-04 09:55,buy,21546.75,1,43093.5,24,0.06,0,24,0.06,-3,-0.01,4542.5,4.54,0
1621,Exit short,2025-02-05 11:05,close_short,21609.25,1,43033,-185.5,-0.43,0,18,0.04,-185.5,-0.43,4357,4.36,12
1621,Entry short,2025-02-05 10:05,sell,21516.5,1,43033,-185.5,-0.43,0,18,0.04,-185.5,-0.43,4357,4.36,12
1622,Exit long,2025-02-05 11:35,close_long,21636.5,1,43243.5,29.5,0.07,0,29.5,0.07,-17.5,-0.04,4386.5,4.39,1
1622,Entry long,2025-02-05 11:30,buy,21621.75,1,43243.5,29.5,0.07,0,29.5,0.07,-17.5,-0.04,4386.5,4.39,1
1623,Exit long,2025-02-06 10:10,close_long,21831.5,1,43637,26,0.06,0,26,0.06,-18,-0.04,4412.5,4.41,0
1623,Entry long,2025-02-06 10:10,buy,21818.5,1,43637,26,0.06,0,26,0.06,-18,-0.04,4412.5,4.41,0
1624,Exit short,2025-02-07 10:10,close_short,21707.5,1,43506.5,91.5,0.21,0,91.5,0.21,-84,-0.19,4504,4.50,1
1624,Entry short,2025-02-07 10:05,sell,21753.25,1,43506.5,91.5,0.21,0,91.5,0.21,-84,-0.19,4504,4.50,1
1625,Exit long,2025-02-10 10:05,close_long,21824.5,1,43629.5,19.5,0.04,0,19.5,0.04,-3,-0.01,4523.5,4.52,0
1625,Entry long,2025-02-10 10:05,buy,21814.75,1,43629.5,19.5,0.04,0,19.5,0.04,-3,-0.01,4523.5,4.52,0
1626,Exit long,2025-02-11 10:15,close_long,21807,1,43600.5,13.5,0.03,0,13.5,0.03,-2.5,-0.01,4537,4.54,0
1626,Entry long,2025-02-11 10:15,buy,21800.25,1,43600.5,13.5,0.03,0,13.5,0.03,-2.5,-0.01,4537,4.54,0
1627,Exit long,2025-02-12 10:00,close_long,21654.75,1,43376,-66.5,-0.15,0,5,0.01,-66.5,-0.15,4470.5,4.47,1
1627,Entry long,2025-02-12 09:55,buy,21688,1,43376,-66.5,-0.15,0,5,0.01,-66.5,-0.15,4470.5,4.47,1
1628,Exit long,2025-02-13 10:20,close_long,21985.25,1,43947,23.5,0.05,0,23.5,0.05,-3.5,-0.01,4494,4.49,0
1628,Entry long,2025-02-13 10:20,buy,21973.5,1,43947,23.5,0.05,0,23.5,0.05,-3.5,-0.01,4494,4.49,0
1629,Exit long,2025-02-14 10:10,close_long,22152.25,1,44288.5,16,0.04,0,16,0.04,-5.5,-0.01,4510,4.51,0
1629,Entry long,2025-02-14 10:10,buy,22144.25,1,44288.5,16,0.04,0,16,0.04,-5.5,-0.01,4510,4.51,0
1630,Exit short,2025-02-18 10:25,close_short,22148.5,1,44323,26,0.06,0,26,0.06,-50.5,-0.11,4536,4.54,1
1630,Entry short,2025-02-18 10:20,sell,22161.5,1,44323,26,0.06,0,26,0.06,-50.5,-0.11,4536,4.54,1
1631,Exit short,2025-02-19 10:05,close_short,22133.75,1,44290,22.5,0.05,0,22.5,0.05,-15,-0.03,4558.5,4.56,0
1631,Entry short,2025-02-19 10:05,sell,22145,1,44290,22.5,0.05,0,22.5,0.05,-15,-0.03,4558.5,4.56,0
1632,Exit long,2025-02-19 12:00,close_long,22244.25,1,44475,13.5,0.03,0,13.5,0.03,-32,-0.07,4572,4.57,3
1632,Entry long,2025-02-19 11:45,buy,22237.5,1,44475,13.5,0.03,0,13.5,0.03,-32,-0.07,4572,4.57,3
1633,Exit short,2025-02-20 09:55,close_short,22048.25,1,44138.5,42,0.10,0,42,0.10,-10.5,-0.02,4614,4.61,0
1633,Entry short,2025-02-20 09:55,sell,22069.25,1,44138.5,42,0.10,0,42,0.10,-10.5,-0.02,4614,4.61,0
1634,Exit short,2025-02-21 10:05,close_short,22084.25,1,44180.5,12,0.03,0,12,0.03,-9,-0.02,4626,4.63,0
1634,Entry short,2025-02-21 10:05,sell,22090.25,1,44180.5,12,0.03,0,12,0.03,-9,-0.02,4626,4.63,0
1635,Exit short,2025-02-24 09:55,close_short,21589.75,1,43224.5,45,0.10,0,45,0.10,-4.5,-0.01,4671,4.67,0
1635,Entry short,2025-02-24 09:55,sell,21612.25,1,43224.5,45,0.10,0,45,0.10,-4.5,-0.01,4671,4.67,0
1636,Exit short,2025-02-25 10:00,close_short,21218,1,42473.5,37.5,0.09,0,37.5,0.09,-110,-0.26,4708.5,4.71,1
1636,Entry short,2025-02-25 09:55,sell,21236.75,1,42473.5,37.5,0.09,0,37.5,0.09,-110,-0.26,4708.5,4.71,1
1637,Exit long,2025-02-26 10:00,close_long,21260,1,42613.5,-93.5,-0.22,0,28.5,0.07,-93.5,-0.22,4615,4.61,1
1637,Entry long,2025-02-26 09:55,buy,21306.75,1,42613.5,-93.5,-0.22,0,28.5,0.07,-93.5,-0.22,4615,4.61,1
1638,Exit short,2025-02-27 09:55,close_short,21036.5,1,42146.5,73.5,0.17,0,73.5,0.17,-3.5,-0.01,4688.5,4.69,0
1638,Entry short,2025-02-27 09:55,sell,21073.25,1,42146.5,73.5,0.17,0,73.5,0.17,-3.5,-0.01,4688.5,4.69,0
1639,Exit long,2025-02-28 10:20,close_long,20626.25,1,41385,-132.5,-0.32,0,13,0.03,-132.5,-0.32,4556,4.56,1
1639,Entry long,2025-02-28 10:15,buy,20692.5,1,41385,-132.5,-0.32,0,13,0.03,-132.5,-0.32,4556,4.56,1
1640,Exit short,2025-03-03 09:55,close_short,20890.75,1,41814.5,33,0.08,0,33,0.08,-19.5,-0.05,4589,4.59,0
1640,Entry short,2025-03-03 09:55,sell,20907.25,1,41814.5,33,0.08,0,33,0.08,-19.5,-0.05,4589,4.59,0
1641,Exit short,2025-03-04 10:00,close_short,20195.5,1,40461.5,70.5,0.17,0,70.5,0.17,-51,-0.13,4659.5,4.66,0
1641,Entry short,2025-03-04 10:00,sell,20230.75,1,40461.5,70.5,0.17,0,70.5,0.17,-51,-0.13,4659.5,4.66,0
1642,Exit short,2025-03-05 11:15,close_short,20284.25,1,40591,22.5,0.06,0,22.5,0.06,-21,-0.05,4682,4.68,0
1642,Entry short,2025-03-05 11:15,sell,20295.5,1,40591,22.5,0.06,0,22.5,0.06,-21,-0.05,4682,4.68,0
1643,Exit long,2025-03-06 10:10,close_long,20416.75,1,40805.5,28,0.07,0,28,0.07,-37,-0.09,4710,4.71,0
1643,Entry long,2025-03-06 10:10,buy,20402.75,1,40805.5,28,0.07,0,28,0.07,-37,-0.09,4710,4.71,0
1644,Exit long,2025-03-07 09:55,close_long,20233.25,1,40438.5,28,0.07,0,28,0.07,0,0.00,4738,4.74,0
1644,Entry long,2025-03-07 09:55,buy,20219.25,1,40438.5,28,0.07,0,28,0.07,0,0.00,4738,4.74,0
1645,Exit short,2025-03-07 10:35,close_short,19920.25,1,39905,64.5,0.16,0,64.5,0.16,-6,-0.02,4802.5,4.80,0
1645,Entry short,2025-03-07 10:35,sell,19952.5,1,39905,64.5,0.16,0,64.5,0.16,-6,-0.02,4802.5,4.80,0
1646,Exit short,2025-03-10 10:00,close_short,19735.25,1,39531,60.5,0.15,0,60.5,0.15,-124,-0.31,4863,4.86,1
1646,Entry short,2025-03-10 09:55,sell,19765.5,1,39531,60.5,0.15,0,60.5,0.15,-124,-0.31,4863,4.86,1
1647,Exit short,2025-03-11 10:25,close_short,19315.25,1,38767,136.5,0.35,0,136.5,0.35,-307,-0.79,4999.5,5.00,4
1647,Entry short,2025-03-11 10:05,sell,19383.5,1,38767,136.5,0.35,0,136.5,0.35,-307,-0.79,4999.5,5.00,4
1648,Exit short,2025-03-12 10:20,close_short,19644.25,1,39265,-23.5,-0.06,0,0,0.00,-23.5,-0.06,4976,4.98,0
1648,Entry short,2025-03-12 10:20,sell,19632.5,1,39265,-23.5,-0.06,0,0,0.00,-23.5,-0.06,4976,4.98,0
1649,Exit short,2025-03-13 09:55,close_short,19373.25,1,38809,62.5,0.16,0,62.5,0.16,-26.5,-0.07,5038.5,5.04,0
1649,Entry short,2025-03-13 09:55,sell,19404.5,1,38809,62.5,0.16,0,62.5,0.16,-26.5,-0.07,5038.5,5.04,0
1650,Exit long,2025-03-14 11:00,close_long,19630.75,1,39220.5,41,0.10,0,41,0.10,-1,0.00,5079.5,5.08,0
1650,Entry long,2025-03-14 11:00,buy,19610.25,1,39220.5,41,0.10,0,41,0.10,-1,0.00,5079.5,5.08,0
1651,Exit short,2025-03-17 11:15,close_short,19712,1,39337,-87,-0.22,0,25,0.06,-87,-0.22,4992.5,4.99,2
1651,Entry short,2025-03-17 11:05,sell,19668.5,1,39337,-87,-0.22,0,25,0.06,-87,-0.22,4992.5,4.99,2
1652,Exit short,2025-03-18 10:00,close_short,19662.75,1,39346,20.5,0.05,0,20.5,0.05,-43.5,-0.11,5013,5.01,0
1652,Entry short,2025-03-18 10:00,sell,19673,1,39346,20.5,0.05,0,20.5,0.05,-43.5,-0.11,5013,5.01,0
1653,Exit long,2025-03-19 10:00,close_long,19851.75,1,39667,36.5,0.09,0,36.5,0.09,-29.5,-0.07,5049.5,5.05,1
1653,Entry long,2025-03-19 09:55,buy,19833.5,1,39667,36.5,0.09,0,36.5,0.09,-29.5,-0.07,5049.5,5.05,1
1654,Exit long,2025-03-20 10:00,close_long,19946.5,1,39868,25,0.06,0,25,0.06,-20,-0.05,5074.5,5.07,0
1654,Entry long,2025-03-20 10:00,buy,19934,1,39868,25,0.06,0,25,0.06,-20,-0.05,5074.5,5.07,0
1655,Exit long,2025-03-21 10:05,close_long,19732.75,1,39444.5,21,0.05,0,21,0.05,0,0.00,5095.5,5.10,0
1655,Entry long,2025-03-21 10:05,buy,19722.25,1,39444.5,21,0.05,0,21,0.05,0,0.00,5095.5,5.10,0
1656,Exit long,2025-03-24 09:55,close_long,20325,1,40640.5,9.5,0.02,0,9.5,0.02,-20,-0.05,5105,5.10,0
1656,Entry long,2025-03-24 09:55,buy,20320.25,1,40640.5,9.5,0.02,0,9.5,0.02,-20,-0.05,5105,5.10,0
1657,Exit long,2025-03-25 10:35,close_long,20465,1,40908,22,0.05,0,22,0.05,-64.5,-0.16,5127,5.13,1
1657,Entry long,2025-03-25 10:30,buy,20454,1,40908,22,0.05,0,22,0.05,-64.5,-0.16,5127,5.13,1
1658,Exit short,2025-03-26 09:55,close_short,20364.75,1,40749,19.5,0.05,0,19.5,0.05,-3.5,-0.01,5146.5,5.15,0
1658,Entry short,2025-03-26 09:55,sell,20374.5,1,40749,19.5,0.05,0,19.5,0.05,-3.5,-0.01,5146.5,5.15,0
1659,Exit long,2025-03-27 10:00,close_long,20081,1,40152,10,0.02,0,10,0.02,-18,-0.04,5156.5,5.16,0
1659,Entry long,2025-03-27 10:00,buy,20076,1,40152,10,0.02,0,10,0.02,-18,-0.04,5156.5,5.16,0
1660,Exit short,2025-03-28 10:10,close_short,19733,1,39517.5,51.5,0.13,0,51.5,0.13,-14.5,-0.04,5208,5.21,0
1660,Entry short,2025-03-28 10:10,sell,19758.75,1,39517.5,51.5,0.13,0,51.5,0.13,-14.5,-0.04,5208,5.21,0
1661,Exit long,2025-03-31 11:35,close_long,19234.75,1,38433.5,36,0.09,0,36,0.09,-108.5,-0.28,5244,5.24,2
1661,Entry long,2025-03-31 11:25,buy,19216.75,1,38433.5,36,0.09,0,36,0.09,-108.5,-0.28,5244,5.24,2
1662,Exit short,2025-04-01 10:20,close_short,19280.75,1,38599.5,38,0.10,0,38,0.10,-50,-0.13,5282,5.28,1
1662,Entry short,2025-04-01 10:15,sell,19299.75,1,38599.5,38,0.10,0,38,0.10,-50,-0.13,5282,5.28,1
1663,Exit long,2025-04-01 10:55,close_long,19508,1,38987,29,0.07,0,29,0.07,-44.5,-0.11,5311,5.31,0
1663,Entry long,2025-04-01 10:55,buy,19493.5,1,38987,29,0.07,0,29,0.07,-44.5,-0.11,5311,5.31,0
1664,Exit long,2025-04-02 10:10,close_long,19513.25,1,39227.5,-201,-0.51,0,13.5,0.03,-201,-0.51,5110,5.11,1
1664,Entry long,2025-04-02 10:05,buy,19613.75,1,39227.5,-201,-0.51,0,13.5,0.03,-201,-0.51,5110,5.11,1
1665,Exit short,2025-04-03 10:45,close_short,18842.75,1,37708,22.5,0.06,0,22.5,0.06,-9.5,-0.03,5132.5,5.13,0
1665,Entry short,2025-04-03 10:45,sell,18854,1,37708,22.5,0.06,0,22.5,0.06,-9.5,-0.03,5132.5,5.13,0
1666,Exit short,2025-04-04 10:15,close_short,17985.75,1,36000,28.5,0.08,0,28.5,0.08,-76,-0.21,5161,5.16,0
1666,Entry short,2025-04-04 10:15,sell,18000,1,36000,28.5,0.08,0,28.5,0.08,-76,-0.21,5161,5.16,0
1667,Exit long,2025-04-07 09:55,close_long,17184.5,1,34240.5,128.5,0.38,0,128.5,0.38,-86,-0.25,5289.5,5.29,0
1667,Entry long,2025-04-07 09:55,buy,17120.25,1,34240.5,128.5,0.38,0,128.5,0.38,-86,-0.25,5289.5,5.29,0
1668,Exit long,2025-04-08 10:00,close_long,18268.25,1,36496,40.5,0.11,0,40.5,0.11,-58.5,-0.16,5330,5.33,0
1668,Entry long,2025-04-08 10:00,buy,18248,1,36496,40.5,0.11,0,40.5,0.11,-58.5,-0.16,5330,5.33,0
1669,Exit short,2025-04-08 11:15,close_short,18032,1,36106,42,0.12,0,42,0.12,-29,-0.08,5372,5.37,0
1669,Entry short,2025-04-08 11:15,sell,18053,1,36106,42,0.12,0,42,0.12,-29,-0.08,5372,5.37,0
1670,Exit short,2025-04-10 10:00,close_short,18632.25,1,37322.5,58,0.16,0,58,0.16,-107.5,-0.29,5430,5.43,0
1670,Entry short,2025-04-10 10:00,sell,18661.25,1,37322.5,58,0.16,0,58,0.16,-107.5,-0.29,5430,5.43,0
1671,Exit short,2025-04-11 10:30,close_short,18278.25,1,36609.5,53,0.14,0,53,0.14,0,0.00,5483,5.48,0
1671,Entry short,2025-04-11 10:30,sell,18304.75,1,36609.5,53,0.14,0,53,0.14,0,0.00,5483,5.48,0
1672,Exit short,2025-04-14 11:35,close_short,18922.25,1,37892,47.5,0.13,0,47.5,0.13,-93.5,-0.25,5530.5,5.53,1
1672,Entry short,2025-04-14 11:30,sell,18946,1,37892,47.5,0.13,0,47.5,0.13,-93.5,-0.25,5530.5,5.53,1
1673,Exit short,2025-04-16 09:55,close_short,18537.75,1,37107.5,32,0.09,0,32,0.09,-58.5,-0.16,5562.5,5.56,0
1673,Entry short,2025-04-16 09:55,sell,18553.75,1,37107.5,32,0.09,0,32,0.09,-58.5,-0.16,5562.5,5.56,0
1674,Exit long,2025-04-16 11:25,close_long,18734.5,1,37410,59,0.16,0,59,0.16,-4,-0.01,5621.5,5.62,0
1674,Entry long,2025-04-16 11:25,buy,18705,1,37410,59,0.16,0,59,0.16,-4,-0.01,5621.5,5.62,0
1675,Exit short,2025-04-17 10:25,close_short,18345.75,1,36717.5,26,0.07,0,26,0.07,-26.5,-0.07,5647.5,5.65,0
1675,Entry short,2025-04-17 10:25,sell,18358.75,1,36717.5,26,0.07,0,26,0.07,-26.5,-0.07,5647.5,5.65,0
1676,Exit short,2025-04-21 10:00,close_short,17974.75,1,35990,40.5,0.11,0,40.5,0.11,-8,-0.02,5688,5.69,0
1676,Entry short,2025-04-21 10:00,sell,17995,1,35990,40.5,0.11,0,40.5,0.11,-8,-0.02,5688,5.69,0
1677,Exit long,2025-04-22 10:05,close_long,18270.25,1,36507.5,33,0.09,0,33,0.09,-26.5,-0.07,5721,5.72,1
1677,Entry long,2025-04-22 10:00,buy,18253.75,1,36507.5,33,0.09,0,33,0.09,-26.5,-0.07,5721,5.72,1
1678,Exit long,2025-04-23 10:35,close_long,19147.75,1,38270,25.5,0.07,0,25.5,0.07,-38,-0.10,5746.5,5.75,0
1678,Entry long,2025-04-23 10:35,buy,19135,1,38270,25.5,0.07,0,25.5,0.07,-38,-0.10,5746.5,5.75,0
1679,Exit short,2025-04-23 11:45,close_short,18869.75,1,37777,37.5,0.10,0,37.5,0.10,-39,-0.10,5784,5.78,0
1679,Entry short,2025-04-23 11:45,sell,18888.5,1,37777,37.5,0.10,0,37.5,0.10,-39,-0.10,5784,5.78,0
1680,Exit long,2025-04-24 09:55,close_long,19019.25,1,38016.5,22,0.06,0,22,0.06,-32.5,-0.09,5806,5.81,0
1680,Entry long,2025-04-24 09:55,buy,19008.25,1,38016.5,22,0.06,0,22,0.06,-32.5,-0.09,5806,5.81,0
1681,Exit long,2025-04-25 10:10,close_long,19399.5,1,38751.5,47.5,0.12,0,47.5,0.12,-23.5,-0.06,5853.5,5.85,0
1681,Entry long,2025-04-25 10:10,buy,19375.75,1,38751.5,47.5,0.12,0,47.5,0.12,-23.5,-0.06,5853.5,5.85,0
1682,Exit short,2025-04-28 10:00,close_short,19441.5,1,38930.5,47.5,0.12,0,47.5,0.12,0,0.00,5901,5.90,0
1682,Entry short,2025-04-28 10:00,sell,19465.25,1,38930.5,47.5,0.12,0,47.5,0.12,0,0.00,5901,5.90,0
1683,Exit long,2025-04-29 10:05,close_long,19565,1,39085,45,0.12,0,45,0.12,-10.5,-0.03,5946,5.95,0
1683,Entry long,2025-04-29 10:05,buy,19542.5,1,39085,45,0.12,0,45,0.12,-10.5,-0.03,5946,5.95,0
1684,Exit short,2025-04-30 10:00,close_short,19189.25,1,38249,-129.5,-0.34,0,44.5,0.12,-129.5,-0.34,5816.5,5.82,0
1684,Entry short,2025-04-30 10:00,sell,19124.5,1,38249,-129.5,-0.34,0,44.5,0.12,-129.5,-0.34,5816.5,5.82,0
1685,Exit long,2025-04-30 10:30,close_long,19320.5,1,38618.5,22.5,0.06,0,22.5,0.06,-32.5,-0.08,5839,5.84,0
1685,Entry long,2025-04-30 10:30,buy,19309.25,1,38618.5,22.5,0.06,0,22.5,0.06,-32.5,-0.08,5839,5.84,0
1686,Exit short,2025-05-01 10:00,close_short,19866.75,1,39812,78.5,0.20,0,78.5,0.20,-70,-0.18,5917.5,5.92,0
1686,Entry short,2025-05-01 10:00,sell,19906,1,39812,78.5,0.20,0,78.5,0.20,-70,-0.18,5917.5,5.92,0
1687,Exit long,2025-05-01 10:35,close_long,20009.75,1,39997.5,22,0.06,0,22,0.06,-47.5,-0.12,5939.5,5.94,1
1687,Entry long,2025-05-01 10:30,buy,19998.75,1,39997.5,22,0.06,0,22,0.06,-47.5,-0.12,5939.5,5.94,1
1688,Exit long,2025-05-02 10:15,close_long,20161.5,1,40302,21,0.05,0,21,0.05,-14,-0.03,5960.5,5.96,0
1688,Entry long,2025-05-02 10:15,buy,20151,1,40302,21,0.05,0,21,0.05,-14,-0.03,5960.5,5.96,0
1689,Exit long,2025-05-05 10:10,close_long,20079.25,1,40134,24.5,0.06,0,24.5,0.06,0,0.00,5985,5.99,0
1689,Entry long,2025-05-05 10:10,buy,20067,1,40134,24.5,0.06,0,24.5,0.06,0,0.00,5985,5.99,0
1690,Exit short,2025-05-06 10:00,close_short,19739.75,1,39508,28.5,0.07,0,28.5,0.07,-57.5,-0.15,6013.5,6.01,1
1690,Entry short,2025-05-06 09:55,sell,19754,1,39508,28.5,0.07,0,28.5,0.07,-57.5,-0.15,6013.5,6.01,1
1691,Exit long,2025-05-06 10:20,close_long,19881.75,1,39735.5,28,0.07,0,28,0.07,0,0.00,6041.5,6.04,0
1691,Entry long,2025-05-06 10:20,buy,19867.75,1,39735.5,28,0.07,0,28,0.07,0,0.00,6041.5,6.04,0
1692,Exit long,2025-05-07 10:15,close_long,19955.75,1,39889.5,22,0.06,0,22,0.06,-27.5,-0.07,6063.5,6.06,1
1692,Entry long,2025-05-07 10:10,buy,19944.75,1,39889.5,22,0.06,0,22,0.06,-27.5,-0.07,6063.5,6.06,1
1693,Exit short,2025-05-07 11:00,close_short,19826,1,39698,46,0.12,0,46,0.12,-23.5,-0.06,6109.5,6.11,1
1693,Entry short,2025-05-07 10:55,sell,19849,1,39698,46,0.12,0,46,0.12,-23.5,-0.06,6109.5,6.11,1
1694,Exit short,2025-05-08 10:20,close_short,20078,1,40093,-63,-0.16,0,16,0.04,-63,-0.16,6046.5,6.05,1
1694,Entry short,2025-05-08 10:15,sell,20046.5,1,40093,-63,-0.16,0,16,0.04,-63,-0.16,6046.5,6.05,1
1695,Exit long,2025-05-08 11:35,close_long,20208,1,40387,29,0.07,0,29,0.07,-23,-0.06,6075.5,6.08,0
1695,Entry long,2025-05-08 11:35,buy,20193.5,1,40387,29,0.07,0,29,0.07,-23,-0.06,6075.5,6.08,0
1696,Exit short,2025-05-09 10:20,close_short,20190.75,1,40410,28.5,0.07,0,28.5,0.07,-11,-0.03,6104,6.10,0
1696,Entry short,2025-05-09 10:20,sell,20205,1,40410,28.5,0.07,0,28.5,0.07,-11,-0.03,6104,6.10,0
1697,Exit short,2025-05-12 10:30,close_short,20720.25,1,41483,42.5,0.10,0,42.5,0.10,-4,-0.01,6146.5,6.15,0
1697,Entry short,2025-05-12 10:30,sell,20741.5,1,41483,42.5,0.10,0,42.5,0.10,-4,-0.01,6146.5,6.15,0
1698,Exit long,2025-05-13 09:55,close_long,21127.25,1,42220.5,34,0.08,0,34,0.08,-15.5,-0.04,6180.5,6.18,0
1698,Entry long,2025-05-13 09:55,buy,21110.25,1,42220.5,34,0.08,0,34,0.08,-15.5,-0.04,6180.5,6.18,0
1699,Exit long,2025-05-15 11:05,close_long,21371.75,1,42723.5,20,0.05,0,20,0.05,-16.5,-0.04,6200.5,6.20,0
1699,Entry long,2025-05-15 11:05,buy,21361.75,1,42723.5,20,0.05,0,20,0.05,-16.5,-0.04,6200.5,6.20,0
1700,Exit short,2025-05-16 10:40,close_short,21371,1,42752,10,0.02,0,10,0.02,-3.5,-0.01,6210.5,6.21,0
1700,Entry short,2025-05-16 10:40,sell,21376,1,42752,10,0.02,0,10,0.02,-3.5,-0.01,6210.5,6.21,0
1701,Exit long,2025-05-19 10:05,close_long,21403,1,42781,25,0.06,0,25,0.06,-13.5,-0.03,6235.5,6.24,0
1701,Entry long,2025-05-19 10:05,buy,21390.5,1,42781,25,0.06,0,25,0.06,-13.5,-0.03,6235.5,6.24,0
1702,Exit long,2025-05-21 10:05,close_long,21407.25,1,42794,20.5,0.05,0,20.5,0.05,-31.5,-0.07,6256,6.26,0
1702,Entry long,2025-05-21 10:05,buy,21397,1,42794,20.5,0.05,0,20.5,0.05,-31.5,-0.07,6256,6.26,0
1703,Exit long,2025-05-22 09:55,close_long,21258,1,42473.5,42.5,0.10,0,42.5,0.10,-19,-0.04,6298.5,6.30,0
1703,Entry long,2025-05-22 09:55,buy,21236.75,1,42473.5,42.5,0.10,0,42.5,0.10,-19,-0.04,6298.5,6.30,0
1704,Exit long,2025-05-23 10:20,close_long,20913.75,1,41939.5,-112,-0.27,0,25,0.06,-112,-0.27,6186.5,6.19,1
1704,Entry long,2025-05-23 10:15,buy,20969.75,1,41939.5,-112,-0.27,0,25,0.06,-112,-0.27,6186.5,6.19,1
1705,Exit short,2025-05-26 10:35,close_short,21241.5,1,42495.5,12.5,0.03,0,12.5,0.03,-2,0.00,6199,6.20,0
1705,Entry short,2025-05-26 10:35,sell,21247.75,1,42495.5,12.5,0.03,0,12.5,0.03,-2,0.00,6199,6.20,0
1706,Exit long,2025-05-27 10:05,close_long,21345.75,1,42667,24.5,0.06,0,24.5,0.06,-7,-0.02,6223.5,6.22,0
1706,Entry long,2025-05-27 10:05,buy,21333.5,1,42667,24.5,0.06,0,24.5,0.06,-7,-0.02,6223.5,6.22,0
1707,Exit short,2025-05-28 10:10,close_short,21458.5,1,42934,17,0.04,0,17,0.04,-41.5,-0.10,6240.5,6.24,2
1707,Entry short,2025-05-28 10:00,sell,21467,1,42934,17,0.04,0,17,0.04,-41.5,-0.10,6240.5,6.24,2
1708,Exit short,2025-05-29 10:15,close_short,21393.75,1,42830.5,43,0.10,0,43,0.10,-68,-0.16,6283.5,6.28,1
1708,Entry short,2025-05-29 10:10,sell,21415.25,1,42830.5,43,0.10,0,43,0.10,-68,-0.16,6283.5,6.28,1
1709,Exit short,2025-05-30 09:55,close_short,21265.75,1,42544,12.5,0.03,0,12.5,0.03,-9,-0.02,6296,6.30,0
1709,Entry short,2025-05-30 09:55,sell,21272,1,42544,12.5,0.03,0,12.5,0.03,-9,-0.02,6296,6.30,0
1710,Exit long,2025-05-30 10:45,close_long,21358.75,1,42789,-71.5,-0.17,0,1.5,0.00,-71.5,-0.17,6224.5,6.22,1
1710,Entry long,2025-05-30 10:40,buy,21394.5,1,42789,-71.5,-0.17,0,1.5,0.00,-71.5,-0.17,6224.5,6.22,1
1711,Exit long,2025-06-03 10:05,close_long,21622.75,1,43232,13.5,0.03,0,13.5,0.03,0,0.00,6238,6.24,0
1711,Entry long,2025-06-03 10:05,buy,21616,1,43232,13.5,0.03,0,13.5,0.03,0,0.00,6238,6.24,0
1712,Exit short,2025-06-04 10:05,close_short,21680.25,1,43388.5,28,0.06,0,28,0.06,-21.5,-0.05,6266,6.27,0
1712,Entry short,2025-06-04 10:05,sell,21694.25,1,43388.5,28,0.06,0,28,0.06,-21.5,-0.05,6266,6.27,0
1713,Exit long,2025-06-05 11:00,close_long,21865.5,1,43716,15,0.03,0,15,0.03,-8.5,-0.02,6281,6.28,0
1713,Entry long,2025-06-05 11:00,buy,21858,1,43716,15,0.03,0,15,0.03,-8.5,-0.02,6281,6.28,0
1714,Exit long,2025-06-09 10:10,close_long,21830.25,1,43644.5,16,0.04,0,16,0.04,-7.5,-0.02,6297,6.30,0
1714,Entry long,2025-06-09 10:10,buy,21822.25,1,43644.5,16,0.04,0,16,0.04,-7.5,-0.02,6297,6.30,0
1715,Exit short,2025-06-10 11:50,close_short,21858,1,43555.5,-160.5,-0.37,0,10.5,0.02,-160.5,-0.37,6136.5,6.14,3
1715,Entry short,2025-06-10 11:35,sell,21777.75,1,43555.5,-160.5,-0.37,0,10.5,0.02,-160.5,-0.37,6136.5,6.14,3
1716,Exit long,2025-06-11 10:30,close_long,22042,1,44077,7,0.02,0,7,0.02,0,0.00,6143.5,6.14,0
1716,Entry long,2025-06-11 10:30,buy,22038.5,1,44077,7,0.02,0,7,0.02,0,0.00,6143.5,6.14,0
1717,Exit long,2025-06-12 10:15,close_long,21923.25,1,43830,16.5,0.04,0,16.5,0.04,-15,-0.03,6160,6.16,0
1717,Entry long,2025-06-12 10:15,buy,21915,1,43830,16.5,0.04,0,16.5,0.04,-15,-0.03,6160,6.16,0
1718,Exit long,2025-06-13 11:30,close_long,21806.25,1,43595,17.5,0.04,0,17.5,0.04,-13.5,-0.03,6177.5,6.18,0
1718,Entry long,2025-06-13 11:30,buy,21797.5,1,43595,17.5,0.04,0,17.5,0.04,-13.5,-0.03,6177.5,6.18,0
1719,Exit long,2025-06-16 09:55,close_long,22139,1,44259,19,0.04,0,19,0.04,-4,-0.01,6196.5,6.20,0
1719,Entry long,2025-06-16 09:55,buy,22129.5,1,44259,19,0.04,0,19,0.04,-4,-0.01,6196.5,6.20,0
1720,Exit long,2025-06-17 10:15,close_long,22127.5,1,44242.5,12.5,0.03,0,12.5,0.03,0,0.00,6209,6.21,0
1720,Entry long,2025-06-17 10:15,buy,22121.25,1,44242.5,12.5,0.03,0,12.5,0.03,0,0.00,6209,6.21,0
1721,Exit long,2025-06-18 10:05,close_long,22036.25,1,44047,25.5,0.06,0,25.5,0.06,-32,-0.07,6234.5,6.23,0
1721,Entry long,2025-06-18 10:05,buy,22023.5,1,44047,25.5,0.06,0,25.5,0.06,-32,-0.07,6234.5,6.23,0
1722,Exit short,2025-06-20 10:00,close_short,22009.25,1,44036.5,18,0.04,0,18,0.04,-18,-0.04,6252.5,6.25,0
1722,Entry short,2025-06-20 10:00,sell,22018.25,1,44036.5,18,0.04,0,18,0.04,-18,-0.04,6252.5,6.25,0
1723,Exit long,2025-06-23 10:00,close_long,21932.25,1,43846.5,18,0.04,0,18,0.04,-43,-0.10,6270.5,6.27,1
1723,Entry long,2025-06-23 09:55,buy,21923.25,1,43846.5,18,0.04,0,18,0.04,-43,-0.10,6270.5,6.27,1
1724,Exit long,2025-06-24 10:55,close_long,22312.25,1,44673,-48.5,-0.11,0,8,0.02,-48.5,-0.11,6222,6.22,2
1724,Entry long,2025-06-24 10:45,buy,22336.5,1,44673,-48.5,-0.11,0,8,0.02,-48.5,-0.11,6222,6.22,2
1725,Exit short,2025-06-25 10:20,close_short,22465.25,1,44949.5,19,0.04,0,19,0.04,-47,-0.10,6241,6.24,1
1725,Entry short,2025-06-25 10:15,sell,22474.75,1,44949.5,19,0.04,0,19,0.04,-47,-0.10,6241,6.24,1
1726,Exit long,2025-06-26 10:30,close_long,22577.25,1,45142.5,12,0.03,0,12,0.03,-14.5,-0.03,6253,6.25,1
1726,Entry long,2025-06-26 10:25,buy,22571.25,1,45142.5,12,0.03,0,12,0.03,-14.5,-0.03,6253,6.25,1
1727,Exit long,2025-06-27 10:00,close_long,22771.25,1,45529,13.5,0.03,0,13.5,0.03,0,0.00,6266.5,6.27,0
1727,Entry long,2025-06-27 10:00,buy,22764.5,1,45529,13.5,0.03,0,13.5,0.03,0,0.00,6266.5,6.27,0
1728,Exit long,2025-07-01 10:15,close_long,22841.5,1,45658.5,24.5,0.05,0,24.5,0.05,-19,-0.04,6291,6.29,0
1728,Entry long,2025-07-01 10:15,buy,22829.25,1,45658.5,24.5,0.05,0,24.5,0.05,-19,-0.04,6291,6.29,0
1729,Exit short,2025-07-01 10:30,close_short,22758.25,1,45534,17.5,0.04,0,17.5,0.04,-33,-0.07,6308.5,6.31,0
1729,Entry short,2025-07-01 10:30,sell,22767,1,45534,17.5,0.04,0,17.5,0.04,-33,-0.07,6308.5,6.31,0
1730,Exit long,2025-07-02 10:05,close_long,22742,1,45466.5,17.5,0.04,0,17.5,0.04,-9.5,-0.02,6326,6.33,0
1730,Entry long,2025-07-02 10:05,buy,22733.25,1,45466.5,17.5,0.04,0,17.5,0.04,-9.5,-0.02,6326,6.33,0
1731,Exit long,2025-07-03 09:55,close_long,23004,1,45988,20,0.04,0,20,0.04,-11.5,-0.03,6346,6.35,0
1731,Entry long,2025-07-03 09:55,buy,22994,1,45988,20,0.04,0,20,0.04,-11.5,-0.03,6346,6.35,0
1732,Exit long,2025-07-04 10:35,close_long,22943.75,1,45881.5,6,0.01,0,6,0.01,-4,-0.01,6352,6.35,0
1732,Entry long,2025-07-04 10:35,buy,22940.75,1,45881.5,6,0.01,0,6,0.01,-4,-0.01,6352,6.35,0
1733,Exit short,2025-07-07 11:00,close_short,22890.5,1,45789.5,8.5,0.02,0,8.5,0.02,0,0.00,6360.5,6.36,0
1733,Entry short,2025-07-07 11:00,sell,22894.75,1,45789.5,8.5,0.02,0,8.5,0.02,0,0.00,6360.5,6.36,0
1734,Exit short,2025-07-08 10:05,close_short,22868,1,45763.5,27.5,0.06,0,27.5,0.06,-34.5,-0.08,6388,6.39,1
1734,Entry short,2025-07-08 10:00,sell,22881.75,1,45763.5,27.5,0.06,0,27.5,0.06,-34.5,-0.08,6388,6.39,1
1735,Exit long,2025-07-09 10:15,close_long,23094.5,1,46182.5,6.5,0.01,0,6.5,0.01,0,0.00,6394.5,6.39,0
1735,Entry long,2025-07-09 10:15,buy,23091.25,1,46182.5,6.5,0.01,0,6.5,0.01,0,0.00,6394.5,6.39,0
1736,Exit short,2025-07-09 10:55,close_short,22947.25,1,45904.5,10,0.02,0,10,0.02,-9.5,-0.02,6404.5,6.40,0
1736,Entry short,2025-07-09 10:55,sell,22952.25,1,45904.5,10,0.02,0,10,0.02,-9.5,-0.02,6404.5,6.40,0
1737,Exit short,2025-07-10 09:55,close_short,22967.75,1,45956,20.5,0.04,0,20.5,0.04,-15,-0.03,6425,6.43,0
1737,Entry short,2025-07-10 09:55,sell,22978,1,45956,20.5,0.04,0,20.5,0.04,-15,-0.03,6425,6.43,0
1738,Exit long,2025-07-11 10:10,close_long,22975.25,1,45927.5,23,0.05,0,23,0.05,-49.5,-0.11,6448,6.45,2
1738,Entry long,2025-07-11 10:00,buy,22963.75,1,45927.5,23,0.05,0,23,0.05,-49.5,-0.11,6448,6.45,2
1739,Exit long,2025-07-14 11:00,close_long,22997.25,1,45983,11.5,0.03,0,11.5,0.03,-13.5,-0.03,6459.5,6.46,0
1739,Entry long,2025-07-14 11:00,buy,22991.5,1,45983,11.5,0.03,0,11.5,0.03,-13.5,-0.03,6459.5,6.46,0
1740,Exit short,2025-07-15 11:00,close_short,23124.25,1,46199,-49.5,-0.11,0,0.5,0.00,-49.5,-0.11,6410,6.41,0
1740,Entry short,2025-07-15 11:00,sell,23099.5,1,46199,-49.5,-0.11,0,0.5,0.00,-49.5,-0.11,6410,6.41,0
1741,Exit short,2025-07-16 10:05,close_short,22955.25,1,45931,20.5,0.04,0,20.5,0.04,-41,-0.09,6430.5,6.43,2
1741,Entry short,2025-07-16 09:55,sell,22965.5,1,45931,20.5,0.04,0,20.5,0.04,-41,-0.09,6430.5,6.43,2
1742,Exit long,2025-07-17 10:00,close_long,23160.5,1,46306.5,14.5,0.03,0,14.5,0.03,-28,-0.06,6445,6.44,1
1742,Entry long,2025-07-17 09:55,buy,23153.25,1,46306.5,14.5,0.03,0,14.5,0.03,-28,-0.06,6445,6.44,1
1743,Exit short,2025-07-18 10:10,close_short,23233.5,1,46495.5,28.5,0.06,0,28.5,0.06,-18.5,-0.04,6473.5,6.47,1
1743,Entry short,2025-07-18 10:05,sell,23247.75,1,46495.5,28.5,0.06,0,28.5,0.06,-18.5,-0.04,6473.5,6.47,1
1744,Exit long,2025-07-21 10:05,close_long,23399,1,46787,11,0.02,0,11,0.02,-10,-0.02,6484.5,6.48,0
1744,Entry long,2025-07-21 10:05,buy,23393.5,1,46787,11,0.02,0,11,0.02,-10,-0.02,6484.5,6.48,0
1745,Exit short,2025-07-22 10:35,close_short,23221.75,1,46261,-182.5,-0.39,0,51,0.11,-182.5,-0.39,6302,6.30,8
1745,Entry short,2025-07-22 09:55,sell,23130.5,1,46261,-182.5,-0.39,0,51,0.11,-182.5,-0.39,6302,6.30,8
1746,Exit short,2025-07-23 10:05,close_short,23152.75,1,46319.5,14,0.03,0,14,0.03,0,0.00,6316,6.32,0
1746,Entry short,2025-07-23 10:05,sell,23159.75,1,46319.5,14,0.03,0,14,0.03,0,0.00,6316,6.32,0
1747,Exit short,2025-07-24 10:10,close_short,23318.25,1,46658.5,22,0.05,0,22,0.05,-19.5,-0.04,6338,6.34,0
1747,Entry short,2025-07-24 10:10,sell,23329.25,1,46658.5,22,0.05,0,22,0.05,-19.5,-0.04,6338,6.34,0
1748,Exit long,2025-07-25 09:55,close_long,23400.25,1,46786.5,14,0.03,0,14,0.03,-21.5,-0.05,6352,6.35,0
1748,Entry long,2025-07-25 09:55,buy,23393.25,1,46786.5,14,0.03,0,14,0.03,-21.5,-0.05,6352,6.35,0
1749,Exit long,2025-07-28 10:10,close_long,23507.25,1,47045.5,-31,-0.07,0,7.5,0.02,-31,-0.07,6321,6.32,0
1749,Entry long,2025-07-28 10:10,buy,23522.75,1,47045.5,-31,-0.07,0,7.5,0.02,-31,-0.07,6321,6.32,0
1750,Exit short,2025-07-28 11:20,close_short,23448.25,1,46919.5,23,0.05,0,23,0.05,-21.5,-0.05,6344,6.34,0
1750,Entry short,2025-07-28 11:20,sell,23459.75,1,46919.5,23,0.05,0,23,0.05,-21.5,-0.05,6344,6.34,0
1751,Exit short,2025-07-29 10:05,close_short,23559,1,47134.5,16.5,0.04,0,16.5,0.04,-19.5,-0.04,6360.5,6.36,0
1751,Entry short,2025-07-29 10:05,sell,23567.25,1,47134.5,16.5,0.04,0,16.5,0.04,-19.5,-0.04,6360.5,6.36,0
1752,Exit long,2025-07-30 10:55,close_long,23537.5,1,47064,11,0.02,0,11,0.02,0,0.00,6371.5,6.37,0
1752,Entry long,2025-07-30 10:55,buy,23532,1,47064,11,0.02,0,11,0.02,0,0.00,6371.5,6.37,0
1753,Exit short,2025-07-31 10:50,close_short,23597,1,47206,12,0.03,0,12,0.03,-15,-0.03,6383.5,6.38,0
1753,Entry short,2025-07-31 10:50,sell,23603,1,47206,12,0.03,0,12,0.03,-15,-0.03,6383.5,6.38,0
1754,Exit short,2025-08-01 10:05,close_short,22855,1,45723,13,0.03,0,13,0.03,0,0.00,6396.5,6.40,0
1754,Entry short,2025-08-01 10:05,sell,22861.5,1,45723,13,0.03,0,13,0.03,0,0.00,6396.5,6.40,0
1755,Exit long,2025-08-04 10:00,close_long,23257,1,46493,21,0.05,0,21,0.05,-14.5,-0.03,6417.5,6.42,0
1755,Entry long,2025-08-04 10:00,buy,23246.5,1,46493,21,0.05,0,21,0.05,-14.5,-0.03,6417.5,6.42,0
1756,Exit short,2025-08-05 10:25,close_short,23270.5,1,46559,18,0.04,0,18,0.04,-32,-0.07,6435.5,6.44,0
1756,Entry short,2025-08-05 10:25,sell,23279.5,1,46559,18,0.04,0,18,0.04,-32,-0.07,6435.5,6.44,0
1757,Exit long,2025-08-06 10:20,close_long,23195.75,1,46539,-147.5,-0.32,0,31,0.07,-147.5,-0.32,6288,6.29,3
1757,Entry long,2025-08-06 10:05,buy,23269.5,1,46539,-147.5,-0.32,0,31,0.07,-147.5,-0.32,6288,6.29,3
1758,Exit long,2025-08-07 10:00,close_long,23669.25,1,47308.5,30,0.06,0,30,0.06,0,0.00,6318,6.32,0
1758,Entry long,2025-08-07 10:00,buy,23654.25,1,47308.5,30,0.06,0,30,0.06,0,0.00,6318,6.32,0
1759,Exit short,2025-08-07 10:25,close_short,23549.25,1,47128,29.5,0.06,0,29.5,0.06,-26,-0.06,6347.5,6.35,0
1759,Entry short,2025-08-07 10:25,sell,23564,1,47128,29.5,0.06,0,29.5,0.06,-26,-0.06,6347.5,6.35,0
1760,Exit long,2025-08-08 10:05,close_long,23655.25,1,47299,11.5,0.02,0,11.5,0.02,-20,-0.04,6359,6.36,0
1760,Entry long,2025-08-08 10:05,buy,23649.5,1,47299,11.5,0.02,0,11.5,0.02,-20,-0.04,6359,6.36,0
1761,Exit long,2025-08-11 10:00,close_long,23716.25,1,47489.5,-57,-0.12,0,6.5,0.01,-57,-0.12,6302,6.30,0
1761,Entry long,2025-08-11 10:00,buy,23744.75,1,47489.5,-57,-0.12,0,6.5,0.01,-57,-0.12,6302,6.30,0
1762,Exit short,2025-08-12 10:00,close_short,23632,1,47308,44,0.09,0,44,0.09,-25.5,-0.05,6346,6.35,0
1762,Entry short,2025-08-12 10:00,sell,23654,1,47308,44,0.09,0,44,0.09,-25.5,-0.05,6346,6.35,0
1763,Exit long,2025-08-12 11:10,close_long,23816,1,47620,12,0.03,0,12,0.03,0,0.00,6358,6.36,0
1763,Entry long,2025-08-12 11:10,buy,23810,1,47620,12,0.03,0,12,0.03,0,0.00,6358,6.36,0
1764,Exit short,2025-08-13 10:00,close_short,24006,1,48035,23,0.05,0,23,0.05,-0.5,0.00,6381,6.38,0
1764,Entry short,2025-08-13 10:00,sell,24017.5,1,48035,23,0.05,0,23,0.05,-0.5,0.00,6381,6.38,0
1765,Exit long,2025-08-14 10:30,close_long,23958.25,1,47894,22.5,0.05,0,22.5,0.05,-40,-0.08,6403.5,6.40,2
1765,Entry long,2025-08-14 10:20,buy,23947,1,47894,22.5,0.05,0,22.5,0.05,-40,-0.08,6403.5,6.40,2
1766,Exit short,2025-08-15 11:40,close_short,23762.75,1,47549,23.5,0.05,0,23.5,0.05,-9,-0.02,6427,6.43,0
1766,Entry short,2025-08-15 11:40,sell,23774.5,1,47549,23.5,0.05,0,23.5,0.05,-9,-0.02,6427,6.43,0
1767,Exit short,2025-08-18 09:55,close_short,23746.75,1,47515.5,22,0.05,0,22,0.05,-23.5,-0.05,6449,6.45,0
1767,Entry short,2025-08-18 09:55,sell,23757.75,1,47515.5,22,0.05,0,22,0.05,-23.5,-0.05,6449,6.45,0
1768,Exit short,2025-08-19 10:35,close_short,23605.25,1,47254,43.5,0.09,0,43.5,0.09,-64,-0.14,6492.5,6.49,1
1768,Entry short,2025-08-19 10:30,sell,23627,1,47254,43.5,0.09,0,43.5,0.09,-64,-0.14,6492.5,6.49,1
1769,Exit short,2025-08-20 10:05,close_short,23143.75,1,46345,57.5,0.12,0,57.5,0.12,-84,-0.18,6550,6.55,2
1769,Entry short,2025-08-20 09:55,sell,23172.5,1,46345,57.5,0.12,0,57.5,0.12,-84,-0.18,6550,6.55,2
1770,Exit long,2025-08-21 10:20,close_long,23313.25,1,46604.5,22,0.05,0,22,0.05,-12,-0.03,6572,6.57,0
1770,Entry long,2025-08-21 10:20,buy,23302.25,1,46604.5,22,0.05,0,22,0.05,-12,-0.03,6572,6.57,0
1771,Exit long,2025-08-22 10:05,close_long,23551.75,1,46973,130.5,0.28,0,130.5,0.28,-7,-0.01,6702.5,6.70,0
1771,Entry long,2025-08-22 10:05,buy,23486.5,1,46973,130.5,0.28,0,130.5,0.28,-7,-0.01,6702.5,6.70,0
1772,Exit long,2025-08-25 10:05,close_long,23554,1,47084.5,23.5,0.05,0,23.5,0.05,-22.5,-0.05,6726,6.73,0
1772,Entry long,2025-08-25 10:05,buy,23542.25,1,47084.5,23.5,0.05,0,23.5,0.05,-22.5,-0.05,6726,6.73,0
1773,Exit long,2025-08-26 10:45,close_long,23549.25,1,47081,17.5,0.04,0,17.5,0.04,-52,-0.11,6743.5,6.74,4
1773,Entry long,2025-08-26 10:25,buy,23540.5,1,47081,17.5,0.04,0,17.5,0.04,-52,-0.11,6743.5,6.74,4
1774,Exit long,2025-08-27 10:30,close_long,23609,1,47198,20,0.04,0,20,0.04,-20.5,-0.04,6763.5,6.76,2
1774,Entry long,2025-08-27 10:20,buy,23599,1,47198,20,0.04,0,20,0.04,-20.5,-0.04,6763.5,6.76,2
1775,Exit short,2025-08-28 09:55,close_short,23601.25,1,47230.5,28,0.06,0,28,0.06,-27.5,-0.06,6791.5,6.79,0
1775,Entry short,2025-08-28 09:55,sell,23615.25,1,47230.5,28,0.06,0,28,0.06,-27.5,-0.06,6791.5,6.79,0
1776,Exit short,2025-08-29 10:00,close_short,23506.75,1,47039,25.5,0.05,0,25.5,0.05,-64.5,-0.14,6817,6.82,0
1776,Entry short,2025-08-29 10:00,sell,23519.5,1,47039,25.5,0.05,0,25.5,0.05,-64.5,-0.14,6817,6.82,0
1777,Exit long,2025-09-01 09:55,close_long,23491.5,1,46979,4,0.01,0,4,0.01,-5.5,-0.01,6821,6.82,0
1777,Entry long,2025-09-01 09:55,buy,23489.5,1,46979,4,0.01,0,4,0.01,-5.5,-0.01,6821,6.82,0
1778,Exit long,2025-09-02 10:00,close_long,23270.25,1,46500.5,40,0.09,0,40,0.09,-63,-0.14,6861,6.86,1
1778,Entry long,2025-09-02 09:55,buy,23250.25,1,46500.5,40,0.09,0,40,0.09,-63,-0.14,6861,6.86,1
1779,Exit long,2025-09-03 10:40,close_long,23488.75,1,46950.5,27,0.06,0,27,0.06,-10.5,-0.02,6888,6.89,1
1779,Entry long,2025-09-03 10:35,buy,23475.25,1,46950.5,27,0.06,0,27,0.06,-10.5,-0.02,6888,6.89,1
1780,Exit short,2025-09-04 10:15,close_short,23415,1,46864.5,34.5,0.07,0,34.5,0.07,-77,-0.16,6922.5,6.92,2
1780,Entry short,2025-09-04 10:05,sell,23432.25,1,46864.5,34.5,0.07,0,34.5,0.07,-77,-0.16,6922.5,6.92,2
1781,Exit long,2025-09-04 12:00,close_long,23531,1,47101,-39,-0.08,0,8,0.02,-39,-0.08,6883.5,6.88,1
1781,Entry long,2025-09-04 11:55,buy,23550.5,1,47101,-39,-0.08,0,8,0.02,-39,-0.08,6883.5,6.88,1
1782,Exit short,2025-09-05 10:10,close_short,23783,1,47593,27,0.06,0,27,0.06,-13,-0.03,6910.5,6.91,0
1782,Entry short,2025-09-05 10:10,sell,23796.5,1,47593,27,0.06,0,27,0.06,-13,-0.03,6910.5,6.91,0
1783,Exit long,2025-09-08 09:55,close_long,23876,1,47730.5,21.5,0.05,0,21.5,0.05,0,0.00,6932,6.93,0
1783,Entry long,2025-09-08 09:55,buy,23865.25,1,47730.5,21.5,0.05,0,21.5,0.05,0,0.00,6932,6.93,0
1784,Exit short,2025-09-09 09:55,close_short,23831.75,1,47615,-48.5,-0.10,0,12.5,0.03,-48.5,-0.10,6883.5,6.88,0
1784,Entry short,2025-09-09 09:55,sell,23807.5,1,47615,-48.5,-0.10,0,12.5,0.03,-48.5,-0.10,6883.5,6.88,0
1785,Exit long,2025-09-11 10:40,close_long,24017.25,1,48024.5,10,0.02,0,10,0.02,0,0.00,6893.5,6.89,0
1785,Entry long,2025-09-11 10:40,buy,24012.25,1,48024.5,10,0.02,0,10,0.02,0,0.00,6893.5,6.89,0
1786,Exit long,2025-09-12 10:30,close_long,24078,1,48142,14,0.03,0,14,0.03,-13,-0.03,6907.5,6.91,1
1786,Entry long,2025-09-12 10:25,buy,24071,1,48142,14,0.03,0,14,0.03,-13,-0.03,6907.5,6.91,1
1787,Exit long,2025-09-15 09:55,close_long,24252.75,1,48493,12.5,0.03,0,12.5,0.03,-15.5,-0.03,6920,6.92,0
1787,Entry long,2025-09-15 09:55,buy,24246.5,1,48493,12.5,0.03,0,12.5,0.03,-15.5,-0.03,6920,6.92,0
1788,Exit short,2025-09-16 09:55,close_short,24529.75,1,49076,16.5,0.03,0,16.5,0.03,-17.5,-0.04,6936.5,6.94,0
1788,Entry short,2025-09-16 09:55,sell,24538,1,49076,16.5,0.03,0,16.5,0.03,-17.5,-0.04,6936.5,6.94,0
1789,Exit short,2025-09-17 10:25,close_short,24447.25,1,48908,13.5,0.03,0,13.5,0.03,-9,-0.02,6950,6.95,0
1789,Entry short,2025-09-17 10:25,sell,24454,1,48908,13.5,0.03,0,13.5,0.03,-9,-0.02,6950,6.95,0
1790,Exit long,2025-09-18 10:05,close_long,24731,1,49443.5,18.5,0.04,0,18.5,0.04,-2,0.00,6968.5,6.97,0
1790,Entry long,2025-09-18 10:05,buy,24721.75,1,49443.5,18.5,0.04,0,18.5,0.04,-2,0.00,6968.5,6.97,0
1791,Exit long,2025-09-19 09:55,close_long,24807.25,1,49605,9.5,0.02,0,9.5,0.02,0,0.00,6978,6.98,0
1791,Entry long,2025-09-19 09:55,buy,24802.5,1,49605,9.5,0.02,0,9.5,0.02,0,0.00,6978,6.98,0
1792,Exit short,2025-09-19 11:15,close_short,24731.5,1,49471,8,0.02,0,8,0.02,-9,-0.02,6986,6.99,0
1792,Entry short,2025-09-19 11:15,sell,24735.5,1,49471,8,0.02,0,8,0.02,-9,-0.02,6986,6.99,0
1793,Exit long,2025-09-22 10:00,close_long,24884.25,1,49754.5,14,0.03,0,14,0.03,-38.5,-0.08,7000,7.00,1
1793,Entry long,2025-09-22 09:55,buy,24877.25,1,49754.5,14,0.03,0,14,0.03,-38.5,-0.08,7000,7.00,1
1794,Exit short,2025-09-23 10:00,close_short,24936.25,1,49881,8.5,0.02,0,8.5,0.02,0,0.00,7008.5,7.01,0
1794,Entry short,2025-09-23 10:00,sell,24940.5,1,49881,8.5,0.02,0,8.5,0.02,0,0.00,7008.5,7.01,0
1795,Exit short,2025-09-24 09:55,close_short,24818.25,1,49605.5,-31,-0.06,0,1,0.00,-31,-0.06,6977.5,6.98,0
1795,Entry short,2025-09-24 09:55,sell,24802.75,1,49605.5,-31,-0.06,0,1,0.00,-31,-0.06,6977.5,6.98,0
1796,Exit long,2025-09-25 10:20,close_long,24615,1,49211,19,0.04,0,19,0.04,-15.5,-0.03,6996.5,7.00,0
1796,Entry long,2025-09-25 10:20,buy,24605.5,1,49211,19,0.04,0,19,0.04,-15.5,-0.03,6996.5,7.00,0
1797,Exit short,2025-09-26 10:25,close_short,24558.25,1,49142.5,26,0.05,0,26,0.05,-5,-0.01,7022.5,7.02,0
1797,Entry short,2025-09-26 10:25,sell,24571.25,1,49142.5,26,0.05,0,26,0.05,-5,-0.01,7022.5,7.02,0
1798,Exit long,2025-09-29 10:00,close_long,24921.5,1,49903,-60,-0.12,0,17.5,0.04,-60,-0.12,6962.5,6.96,1
1798,Entry long,2025-09-29 09:55,buy,24951.5,1,49903,-60,-0.12,0,17.5,0.04,-60,-0.12,6962.5,6.96,1
1799,Exit short,2025-09-30 09:55,close_short,24784.75,1,49468.5,-101,-0.20,0,23.5,0.05,-101,-0.20,6861.5,6.86,0
1799,Entry short,2025-09-30 09:55,sell,24734.25,1,49468.5,-101,-0.20,0,23.5,0.05,-101,-0.20,6861.5,6.86,0
1800,Exit long,2025-09-30 11:00,close_long,24847.25,1,49685,9.5,0.02,0,9.5,0.02,-6.5,-0.01,6871,6.87,0
1800,Entry long,2025-09-30 11:00,buy,24842.5,1,49685,9.5,0.02,0,9.5,0.02,-6.5,-0.01,6871,6.87,0
1801,Exit long,2025-10-01 10:20,close_long,24867.5,1,49716,19,0.04,0,19,0.04,-7.5,-0.02,6890,6.89,0
1801,Entry long,2025-10-01 10:20,buy,24858,1,49716,19,0.04,0,19,0.04,-7.5,-0.02,6890,6.89,0
1802,Exit short,2025-10-02 11:00,close_short,25014.25,1,50045.5,17,0.03,0,17,0.03,-27.5,-0.05,6907,6.91,1
1802,Entry short,2025-10-02 10:55,sell,25022.75,1,50045.5,17,0.03,0,17,0.03,-27.5,-0.05,6907,6.91,1
1803,Exit short,2025-10-03 10:00,close_short,25097,1,50213.5,19.5,0.04,0,19.5,0.04,-7,-0.01,6926.5,6.93,0
1803,Entry short,2025-10-03 10:00,sell,25106.75,1,50213.5,19.5,0.04,0,19.5,0.04,-7,-0.01,6926.5,6.93,0
1804,Exit short,2025-10-07 10:35,close_short,25206.25,1,50427,14.5,0.03,0,14.5,0.03,-35.5,-0.07,6941,6.94,1
1804,Entry short,2025-10-07 10:30,sell,25213.5,1,50427,14.5,0.03,0,14.5,0.03,-35.5,-0.07,6941,6.94,1
1805,Exit long,2025-10-08 10:00,close_long,25178.5,1,50348,9,0.02,0,9,0.02,0,0.00,6950,6.95,0
1805,Entry long,2025-10-08 10:00,buy,25174,1,50348,9,0.02,0,9,0.02,0,0.00,6950,6.95,0
1806,Exit short,2025-10-09 10:30,close_short,25244.75,1,50504.5,15,0.03,0,15,0.03,-1.5,0.00,6965,6.97,0
1806,Entry short,2025-10-09 10:30,sell,25252.25,1,50504.5,15,0.03,0,15,0.03,-1.5,0.00,6965,6.97,0
1807,Exit short,2025-10-10 11:00,close_short,25148.25,1,50388,91.5,0.18,0,91.5,0.18,-3.5,-0.01,7056.5,7.06,0
1807,Entry short,2025-10-10 11:00,sell,25194,1,50388,91.5,0.18,0,91.5,0.18,-3.5,-0.01,7056.5,7.06,0
1808,Exit long,2025-10-13 10:00,close_long,24904.25,1,49774.5,34,0.07,0,34,0.07,0,0.00,7090.5,7.09,0
1808,Entry long,2025-10-13 10:00,buy,24887.25,1,49774.5,34,0.07,0,34,0.07,0,0.00,7090.5,7.09,0
1809,Exit long,2025-10-14 10:25,close_long,24708,1,49377,39,0.08,0,39,0.08,-4,-0.01,7129.5,7.13,0
1809,Entry long,2025-10-14 10:25,buy,24688.5,1,49377,39,0.08,0,39,0.08,-4,-0.01,7129.5,7.13,0
1810,Exit long,2025-10-15 10:05,close_long,25046.25,1,50077.5,15,0.03,0,15,0.03,-3,-0.01,7144.5,7.14,0
1810,Entry long,2025-10-15 10:05,buy,25038.75,1,50077.5,15,0.03,0,15,0.03,-3,-0.01,7144.5,7.14,0
1811,Exit long,2025-10-16 10:50,close_long,25123.5,1,50339,-92,-0.18,0,20.5,0.04,-92,-0.18,7052.5,7.05,1
1811,Entry long,2025-10-16 10:45,buy,25169.5,1,50339,-92,-0.18,0,20.5,0.04,-92,-0.18,7052.5,7.05,1
1812,Exit short,2025-10-16 11:45,close_short,24982.75,1,49998,32.5,0.07,0,32.5,0.07,-4.5,-0.01,7085,7.09,0
1812,Entry short,2025-10-16 11:45,sell,24999,1,49998,32.5,0.07,0,32.5,0.07,-4.5,-0.01,7085,7.09,0
1813,Exit long,2025-10-17 09:55,close_long,24874,1,49698.5,49.5,0.10,0,49.5,0.10,-70.5,-0.14,7134.5,7.13,0
1813,Entry long,2025-10-17 09:55,buy,24849.25,1,49698.5,49.5,0.10,0,49.5,0.10,-70.5,-0.14,7134.5,7.13,0
1814,Exit long,2025-10-20 10:05,close_long,25247.75,1,50478,17.5,0.03,0,17.5,0.03,-14,-0.03,7152,7.15,0
1814,Entry long,2025-10-20 10:05,buy,25239,1,50478,17.5,0.03,0,17.5,0.03,-14,-0.03,7152,7.15,0
1815,Exit long,2025-10-21 11:50,close_long,25317,1,50617.5,16.5,0.03,0,16.5,0.03,-2,0.00,7168.5,7.17,0
1815,Entry long,2025-10-21 11:50,buy,25308.75,1,50617.5,16.5,0.03,0,16.5,0.03,-2,0.00,7168.5,7.17,0
1816,Exit long,2025-10-22 10:00,close_long,25247.75,1,50561,-65.5,-0.13,0,4,0.01,-65.5,-0.13,7103,7.10,1
1816,Entry long,2025-10-22 09:55,buy,25280.5,1,50561,-65.5,-0.13,0,4,0.01,-65.5,-0.13,7103,7.10,1
1817,Exit short,2025-10-22 10:30,close_short,25100.5,1,50251,50,0.10,0,50,0.10,-33.5,-0.07,7153,7.15,0
1817,Entry short,2025-10-22 10:30,sell,25125.5,1,50251,50,0.10,0,50,0.10,-33.5,-0.07,7153,7.15,0
1818,Exit long,2025-10-23 09:55,close_long,25172.25,1,50329,15.5,0.03,0,15.5,0.03,0,0.00,7168.5,7.17,0
1818,Entry long,2025-10-23 09:55,buy,25164.5,1,50329,15.5,0.03,0,15.5,0.03,0,0.00,7168.5,7.17,0
1819,Exit long,2025-10-27 10:05,close_long,25873.5,1,51733,14,0.03,0,14,0.03,-8.5,-0.02,7182.5,7.18,0
1819,Entry long,2025-10-27 10:05,buy,25866.5,1,51733,14,0.03,0,14,0.03,-8.5,-0.02,7182.5,7.18,0
1820,Exit short,2025-10-28 10:40,close_short,26020.25,1,52054.5,14,0.03,0,14,0.03,-5,-0.01,7196.5,7.20,0
1820,Entry short,2025-10-28 10:40,sell,26027.25,1,52054.5,14,0.03,0,14,0.03,-5,-0.01,7196.5,7.20,0
1821,Exit long,2025-10-29 10:00,close_long,26288.5,1,52637.5,-60.5,-0.11,0,15.5,0.03,-60.5,-0.11,7136,7.14,0
1821,Entry long,2025-10-29 10:00,buy,26318.75,1,52637.5,-60.5,-0.11,0,15.5,0.03,-60.5,-0.11,7136,7.14,0
1822,Exit short,2025-10-29 11:35,close_short,26234,1,52480.5,12.5,0.02,0,12.5,0.02,-17.5,-0.03,7148.5,7.15,0
1822,Entry short,2025-10-29 11:35,sell,26240.25,1,52480.5,12.5,0.02,0,12.5,0.02,-17.5,-0.03,7148.5,7.15,0
1823,Exit long,2025-10-30 10:00,close_long,26156.75,1,52265.5,48,0.09,0,48,0.09,-78.5,-0.15,7196.5,7.20,1
1823,Entry long,2025-10-30 09:55,buy,26132.75,1,52265.5,48,0.09,0,48,0.09,-78.5,-0.15,7196.5,7.20,1
1824,Exit short,2025-10-31 10:05,close_short,26113.75,1,52130,-97.5,-0.19,0,2.5,0.00,-97.5,-0.19,7099,7.10,0
1824,Entry short,2025-10-31 10:05,sell,26065,1,52130,-97.5,-0.19,0,2.5,0.00,-97.5,-0.19,7099,7.10,0
1825,Exit short,2025-11-03 09:55,close_short,26130.5,1,52274,13,0.02,0,13,0.02,-18.5,-0.04,7112,7.11,0
1825,Entry short,2025-11-03 09:55,sell,26137,1,52274,13,0.02,0,13,0.02,-18.5,-0.04,7112,7.11,0
1826,Exit long,2025-11-04 09:55,close_long,25878.25,1,51704.5,52,0.10,0,52,0.10,-8.5,-0.02,7164,7.16,0
1826,Entry long,2025-11-04 09:55,buy,25852.25,1,51704.5,52,0.10,0,52,0.10,-8.5,-0.02,7164,7.16,0
1827,Exit long,2025-11-05 09:55,close_long,25688.25,1,51335,41.5,0.08,0,41.5,0.08,-34.5,-0.07,7205.5,7.21,0
1827,Entry long,2025-11-05 09:55,buy,25667.5,1,51335,41.5,0.08,0,41.5,0.08,-34.5,-0.07,7205.5,7.21,0
1828,Exit short,2025-11-06 09:55,close_short,25525.5,1,51111.5,60.5,0.12,0,60.5,0.12,-20,-0.04,7266,7.27,0
1828,Entry short,2025-11-06 09:55,sell,25555.75,1,51111.5,60.5,0.12,0,60.5,0.12,-20,-0.04,7266,7.27,0
1829,Exit short,2025-11-07 10:40,close_short,24869,1,49782,44,0.09,0,44,0.09,-45,-0.09,7310,7.31,0
1829,Entry short,2025-11-07 10:40,sell,24891,1,49782,44,0.09,0,44,0.09,-45,-0.09,7310,7.31,0
1830,Exit long,2025-11-10 10:25,close_long,25666.25,1,51310.5,22,0.04,0,22,0.04,0,0.00,7332,7.33,0
1830,Entry long,2025-11-10 10:25,buy,25655.25,1,51310.5,22,0.04,0,22,0.04,0,0.00,7332,7.33,0
1831,Exit short,2025-11-10 11:05,close_short,25525.5,1,51011,-40,-0.08,0,0,0.00,-40,-0.08,7292,7.29,0
1831,Entry short,2025-11-10 11:05,sell,25505.5,1,51011,-40,-0.08,0,0,0.00,-40,-0.08,7292,7.29,0
1832,Exit short,2025-11-11 09:55,close_short,25571.75,1,51150.5,7,0.01,0,7,0.01,0,0.00,7299,7.30,0
1832,Entry short,2025-11-11 09:55,sell,25575.25,1,51150.5,7,0.01,0,7,0.01,0,0.00,7299,7.30,0
1833,Exit short,2025-11-12 10:55,close_short,25540,1,51098,18,0.04,0,18,0.04,0,0.00,7317,7.32,0
1833,Entry short,2025-11-12 10:55,sell,25549,1,51098,18,0.04,0,18,0.04,0,0.00,7317,7.32,0
1834,Exit short,2025-11-13 10:50,close_short,25223.5,1,50482.5,35.5,0.07,0,35.5,0.07,-14,-0.03,7352.5,7.35,0
1834,Entry short,2025-11-13 10:50,sell,25241.25,1,50482.5,35.5,0.07,0,35.5,0.07,-14,-0.03,7352.5,7.35,0
1835,Exit long,2025-11-14 09:55,close_long,24954.75,1,49864.5,45,0.09,0,45,0.09,-17.5,-0.04,7397.5,7.40,0
1835,Entry long,2025-11-14 09:55,buy,24932.25,1,49864.5,45,0.09,0,45,0.09,-17.5,-0.04,7397.5,7.40,0
1836,Exit long,2025-11-17 09:55,close_long,25244,1,50474,14,0.03,0,14,0.03,0,0.00,7411.5,7.41,0
1836,Entry long,2025-11-17 09:55,buy,25237,1,50474,14,0.03,0,14,0.03,0,0.00,7411.5,7.41,0
1837,Exit short,2025-11-18 09:55,close_short,24556,1,49152,40,0.08,0,40,0.08,-24,-0.05,7451.5,7.45,0
1837,Entry short,2025-11-18 09:55,sell,24576,1,49152,40,0.08,0,40,0.08,-24,-0.05,7451.5,7.45,0
1838,Exit long,2025-11-19 09:55,close_long,24869.75,1,49680,59.5,0.12,0,59.5,0.12,-26.5,-0.05,7511,7.51,0
1838,Entry long,2025-11-19 09:55,buy,24840,1,49680,59.5,0.12,0,59.5,0.12,-26.5,-0.05,7511,7.51,0
1839,Exit long,2025-11-20 10:00,close_long,25284,1,50550.5,17.5,0.03,0,17.5,0.03,-44,-0.09,7528.5,7.53,0
1839,Entry long,2025-11-20 10:00,buy,25275.25,1,50550.5,17.5,0.03,0,17.5,0.03,-44,-0.09,7528.5,7.53,0
1840,Exit short,2025-11-20 11:05,close_short,25078.5,1,50197,40,0.08,0,40,0.08,-28,-0.06,7568.5,7.57,0
1840,Entry short,2025-11-20 11:05,sell,25098.5,1,50197,40,0.08,0,40,0.08,-28,-0.06,7568.5,7.57,0
1841,Exit short,2025-11-21 10:35,close_short,23997.75,1,48091,95.5,0.20,0,95.5,0.20,-81,-0.17,7664,7.66,1
1841,Entry short,2025-11-21 10:30,sell,24045.5,1,48091,95.5,0.20,0,95.5,0.20,-81,-0.17,7664,7.66,1
1842,Exit long,2025-11-21 12:30,close_long,24401.25,1,48744,58.5,0.12,0,58.5,0.12,-129.5,-0.27,7722.5,7.72,6
1842,Entry long,2025-11-21 12:00,buy,24372,1,48744,58.5,0.12,0,58.5,0.12,-129.5,-0.27,7722.5,7.72,6
1843,Exit long,2025-11-24 10:05,close_long,24750.25,1,49468.5,32,0.06,0,32,0.06,-61,-0.12,7754.5,7.75,0
1843,Entry long,2025-11-24 10:05,buy,24734.25,1,49468.5,32,0.06,0,32,0.06,-61,-0.12,7754.5,7.75,0
1844,Exit long,2025-11-25 11:55,close_long,24911.75,1,49795,28.5,0.06,0,28.5,0.06,-15.5,-0.03,7783,7.78,0
1844,Entry long,2025-11-25 11:55,buy,24897.5,1,49795,28.5,0.06,0,28.5,0.06,-15.5,-0.03,7783,7.78,0
1845,Exit short,2025-11-26 10:00,close_short,25147.5,1,50335,40,0.08,0,40,0.08,-65,-0.13,7823,7.82,0
1845,Entry short,2025-11-26 10:00,sell,25167.5,1,50335,40,0.08,0,40,0.08,-65,-0.13,7823,7.82,0
1846,Exit long,2025-11-26 11:05,close_long,25300,1,50584,16,0.03,0,16,0.03,-5,-0.01,7839,7.84,0
1846,Entry long,2025-11-26 11:05,buy,25292,1,50584,16,0.03,0,16,0.03,-5,-0.01,7839,7.84,0
1847,Exit long,2025-11-28 11:20,close_long,25411,1,50870,-48,-0.09,0,4,0.01,-48,-0.09,7791,7.79,2
1847,Entry long,2025-11-28 11:10,buy,25435,1,50870,-48,-0.09,0,4,0.01,-48,-0.09,7791,7.79,2
1848,Exit long,2025-12-01 09:55,close_long,25362.5,1,50692.5,32.5,0.06,0,32.5,0.06,-25.5,-0.05,7823.5,7.82,0
1848,Entry long,2025-12-01 09:55,buy,25346.25,1,50692.5,32.5,0.06,0,32.5,0.06,-25.5,-0.05,7823.5,7.82,0
1849,Exit long,2025-12-02 10:05,close_long,25647.25,1,51271,23.5,0.05,0,23.5,0.05,-13.5,-0.03,7847,7.85,0
1849,Entry long,2025-12-02 10:05,buy,25635.5,1,51271,23.5,0.05,0,23.5,0.05,-13.5,-0.03,7847,7.85,0
1850,Exit short,2025-12-02 11:30,close_short,25438.5,1,50924.5,47.5,0.09,0,47.5,0.09,-45,-0.09,7894.5,7.89,1
1850,Entry short,2025-12-02 11:25,sell,25462.25,1,50924.5,47.5,0.09,0,47.5,0.09,-45,-0.09,7894.5,7.89,1
1851,Exit long,2025-12-03 10:35,close_long,25596.75,1,51143,50.5,0.10,0,50.5,0.10,-147,-0.29,7945,7.95,6
1851,Entry long,2025-12-03 10:05,buy,25571.5,1,51143,50.5,0.10,0,50.5,0.10,-147,-0.29,7945,7.95,6
1852,Exit short,2025-12-04 11:05,close_short,25518.5,1,51067,30,0.06,0,30,0.06,-32,-0.06,7975,7.98,0
1852,Entry short,2025-12-04 11:05,sell,25533.5,1,51067,30,0.06,0,30,0.06,-32,-0.06,7975,7.98,0
1853,Exit long,2025-12-05 10:00,close_long,25811,1,51590,32,0.06,0,32,0.06,-57,-0.11,8007,8.01,1
1853,Entry long,2025-12-05 09:55,buy,25795,1,51590,32,0.06,0,32,0.06,-57,-0.11,8007,8.01,1
1854,Exit short,2025-12-08 10:25,close_short,25693.75,1,51408.5,21,0.04,0,21,0.04,-2.5,0.00,8028,8.03,0
1854,Entry short,2025-12-08 10:25,sell,25704.25,1,51408.5,21,0.04,0,21,0.04,-2.5,0.00,8028,8.03,0
1855,Exit long,2025-12-09 10:30,close_long,25665.75,1,51314,17.5,0.03,0,17.5,0.03,0,0.00,8045.5,8.05,0
1855,Entry long,2025-12-09 10:30,buy,25657,1,51314,17.5,0.03,0,17.5,0.03,0,0.00,8045.5,8.05,0
1856,Exit short,2025-12-10 11:05,close_short,25546.25,1,51103,10.5,0.02,0,10.5,0.02,0,0.00,8056,8.06,0
1856,Entry short,2025-12-10 11:05,sell,25551.5,1,51103,10.5,0.02,0,10.5,0.02,0,0.00,8056,8.06,0
1857,Exit short,2025-12-11 09:55,close_short,25412.25,1,50868,43.5,0.09,0,43.5,0.09,-58,-0.11,8099.5,8.10,0
1857,Entry short,2025-12-11 09:55,sell,25434,1,50868,43.5,0.09,0,43.5,0.09,-58,-0.11,8099.5,8.10,0
1858,Exit short,2025-12-12 10:05,close_short,25463.75,1,50972,44.5,0.09,0,44.5,0.09,-24.5,-0.05,8144,8.14,0
1858,Entry short,2025-12-12 10:05,sell,25486,1,50972,44.5,0.09,0,44.5,0.09,-24.5,-0.05,8144,8.14,0
1859,Exit short,2025-12-15 10:00,close_short,25214,1,50451.5,23.5,0.05,0,23.5,0.05,-7,-0.01,8167.5,8.17,0
1859,Entry short,2025-12-15 10:00,sell,25225.75,1,50451.5,23.5,0.05,0,23.5,0.05,-7,-0.01,8167.5,8.17,0
1860,Exit long,2025-12-16 10:00,close_long,25326.5,1,50788.5,-135.5,-0.27,0,28.5,0.06,-135.5,-0.27,8032,8.03,0
1860,Entry long,2025-12-16 10:00,buy,25394.25,1,50788.5,-135.5,-0.27,0,28.5,0.06,-135.5,-0.27,8032,8.03,0
1861,Exit short,2025-12-17 10:40,close_short,25169.75,1,50384.5,45,0.09,0,45,0.09,-45.5,-0.09,8077,8.08,0
1861,Entry short,2025-12-17 10:40,sell,25192.25,1,50384.5,45,0.09,0,45,0.09,-45.5,-0.09,8077,8.08,0
1862,Exit long,2025-12-18 10:35,close_long,25380.75,1,50728,33.5,0.07,0,33.5,0.07,-50,-0.10,8110.5,8.11,0
1862,Entry long,2025-12-18 10:35,buy,25364,1,50728,33.5,0.07,0,33.5,0.07,-50,-0.10,8110.5,8.11,0
1863,Exit short,2025-12-22 10:40,close_short,25674.75,1,51297.5,-52,-0.10,0,13,0.03,-52,-0.10,8058.5,8.06,0
1863,Entry short,2025-12-22 10:40,sell,25648.75,1,51297.5,-52,-0.10,0,13,0.03,-52,-0.10,8058.5,8.06,0
1864,Exit long,2025-12-23 11:50,close_long,25760,1,51515.5,4.5,0.01,0,4.5,0.01,-3,-0.01,8063,8.06,0
1864,Entry long,2025-12-23 11:50,buy,25757.75,1,51515.5,4.5,0.01,0,4.5,0.01,-3,-0.01,8063,8.06,0
1865,Exit long,2025-12-24 10:20,close_long,25833.25,1,51663,3.5,0.01,0,3.5,0.01,0,0.00,8066.5,8.07,0
1865,Entry long,2025-12-24 10:20,buy,25831.5,1,51663,3.5,0.01,0,3.5,0.01,0,0.00,8066.5,8.07,0
1866,Exit short,2025-12-26 10:10,close_short,25853.5,1,51721.5,14.5,0.03,0,14.5,0.03,-23.5,-0.05,8081,8.08,1
1866,Entry short,2025-12-26 10:05,sell,25860.75,1,51721.5,14.5,0.03,0,14.5,0.03,-23.5,-0.05,8081,8.08,1
1867,Exit long,2025-12-30 09:55,close_long,25750,1,51489,11,0.02,0,11,0.02,-4,-0.01,8092,8.09,0
1867,Entry long,2025-12-30 09:55,buy,25744.5,1,51489,11,0.02,0,11,0.02,-4,-0.01,8092,8.09,0
1868,Exit short,2025-12-31 10:50,close_short,25569.25,1,51159,20.5,0.04,0,20.5,0.04,-61,-0.12,8112.5,8.11,6
1868,Entry short,2025-12-31 10:20,sell,25579.5,1,51159,20.5,0.04,0,20.5,0.04,-61,-0.12,8112.5,8.11,6
1869,Exit short,2026-01-02 10:15,close_short,25573,1,51208,62,0.12,0,62,0.12,-4.5,-0.01,8174.5,8.17,0
1869,Entry short,2026-01-02 10:15,sell,25604,1,51208,62,0.12,0,62,0.12,-4.5,-0.01,8174.5,8.17,0
1870,Exit long,2026-01-05 10:35,close_long,25666.75,1,51366.5,-33,-0.06,0,8.5,0.02,-33,-0.06,8141.5,8.14,0
1870,Entry long,2026-01-05 10:35,buy,25683.25,1,51366.5,-33,-0.06,0,8.5,0.02,-33,-0.06,8141.5,8.14,0
1871,Exit long,2026-01-06 09:55,close_long,25740,1,51464.5,15.5,0.03,0,15.5,0.03,-15,-0.03,8157,8.16,0
1871,Entry long,2026-01-06 09:55,buy,25732.25,1,51464.5,15.5,0.03,0,15.5,0.03,-15,-0.03,8157,8.16,0
1872,Exit long,2026-01-07 10:35,close_long,25890.5,1,51764.5,16.5,0.03,0,16.5,0.03,0,0.00,8173.5,8.17,0
1872,Entry long,2026-01-07 10:35,buy,25882.25,1,51764.5,16.5,0.03,0,16.5,0.03,0,0.00,8173.5,8.17,0
1873,Exit short,2026-01-09 10:10,close_short,25719.25,1,51286,-152.5,-0.30,0,8,0.02,-152.5,-0.30,8021,8.02,0
1873,Entry short,2026-01-09 10:10,sell,25643,1,51286,-152.5,-0.30,0,8,0.02,-152.5,-0.30,8021,8.02,0
1874,Exit long,2026-01-09 10:25,close_long,25814.25,1,51600,28.5,0.06,0,28.5,0.06,-4,-0.01,8049.5,8.05,0
1874,Entry long,2026-01-09 10:25,buy,25800,1,51600,28.5,0.06,0,28.5,0.06,-4,-0.01,8049.5,8.05,0
1875,Exit long,2026-01-12 10:00,close_long,25904.5,1,51802.5,6.5,0.01,0,6.5,0.01,0,0.00,8056,8.06,0
1875,Entry long,2026-01-12 10:00,buy,25901.25,1,51802.5,6.5,0.01,0,6.5,0.01,0,0.00,8056,8.06,0
1876,Exit short,2026-01-13 10:10,close_short,25899.75,1,51826.5,27,0.05,0,27,0.05,-21,-0.04,8083,8.08,0
1876,Entry short,2026-01-13 10:10,sell,25913.25,1,51826.5,27,0.05,0,27,0.05,-21,-0.04,8083,8.08,0
1877,Exit short,2026-01-14 10:00,close_short,25570.5,1,51171.5,30.5,0.06,0,30.5,0.06,-7.5,-0.01,8113.5,8.11,0
1877,Entry short,2026-01-14 10:00,sell,25585.75,1,51171.5,30.5,0.06,0,30.5,0.06,-7.5,-0.01,8113.5,8.11,0
1878,Exit short,2026-01-15 10:50,close_short,25813,1,51646.5,20.5,0.04,0,20.5,0.04,-39,-0.08,8134,8.13,0
1878,Entry short,2026-01-15 10:50,sell,25823.25,1,51646.5,20.5,0.04,0,20.5,0.04,-39,-0.08,8134,8.13,0
1879,Exit short,2026-01-16 09:55,close_short,25771.75,1,51571,27.5,0.05,0,27.5,0.05,-3.5,-0.01,8161.5,8.16,0
1879,Entry short,2026-01-16 09:55,sell,25785.5,1,51571,27.5,0.05,0,27.5,0.05,-3.5,-0.01,8161.5,8.16,0
1880,Exit long,2026-01-19 10:00,close_long,25325.25,1,50632,18.5,0.04,0,18.5,0.04,-8.5,-0.02,8180,8.18,0
1880,Entry long,2026-01-19 10:00,buy,25316,1,50632,18.5,0.04,0,18.5,0.04,-8.5,-0.02,8180,8.18,0
1881,Exit long,2026-01-20 10:30,close_long,25374,1,50723,25,0.05,0,25,0.05,-27,-0.05,8205,8.21,0
1881,Entry long,2026-01-20 10:30,buy,25361.5,1,50723,25,0.05,0,25,0.05,-27,-0.05,8205,8.21,0
1882,Exit long,2026-01-21 09:55,close_long,25307.75,1,50577.5,38,0.08,0,38,0.08,-25.5,-0.05,8243,8.24,0
1882,Entry long,2026-01-21 09:55,buy,25288.75,1,50577.5,38,0.08,0,38,0.08,-25.5,-0.05,8243,8.24,0
1883,Exit short,2026-01-22 10:10,close_short,25569.75,1,51099,-40.5,-0.08,0,10.5,0.02,-40.5,-0.08,8202.5,8.20,0
1883,Entry short,2026-01-22 10:10,sell,25549.5,1,51099,-40.5,-0.08,0,10.5,0.02,-40.5,-0.08,8202.5,8.20,0
1884,Exit long,2026-01-23 10:00,close_long,25682,1,51346.5,17.5,0.03,0,17.5,0.03,-21.5,-0.04,8220,8.22,0
1884,Entry long,2026-01-23 10:00,buy,25673.25,1,51346.5,17.5,0.03,0,17.5,0.03,-21.5,-0.04,8220,8.22,0
1885,Exit long,2026-01-26 10:00,close_long,25843,1,51675,11,0.02,0,11,0.02,0,0.00,8231,8.23,0
1885,Entry long,2026-01-26 10:00,buy,25837.5,1,51675,11,0.02,0,11,0.02,0,0.00,8231,8.23,0
1886,Exit long,2026-01-27 09:55,close_long,26055,1,52075,35,0.07,0,35,0.07,-3,-0.01,8266,8.27,0
1886,Entry long,2026-01-27 09:55,buy,26037.5,1,52075,35,0.07,0,35,0.07,-3,-0.01,8266,8.27,0
1887,Exit short,2026-01-28 10:40,close_short,26182.75,1,52391,25.5,0.05,0,25.5,0.05,-65.5,-0.13,8291.5,8.29,1
1887,Entry short,2026-01-28 10:35,sell,26195.5,1,52391,25.5,0.05,0,25.5,0.05,-65.5,-0.13,8291.5,8.29,1
1888,Exit short,2026-01-29 10:00,close_short,25837.25,1,51728.5,54,0.10,0,54,0.10,-8.5,-0.02,8345.5,8.35,0
1888,Entry short,2026-01-29 10:00,sell,25864.25,1,51728.5,54,0.10,0,54,0.10,-8.5,-0.02,8345.5,8.35,0
1889,Exit short,2026-01-30 10:30,close_short,25773.5,1,51589,42,0.08,0,42,0.08,-31,-0.06,8387.5,8.39,0
1889,Entry short,2026-01-30 10:30,sell,25794.5,1,51589,42,0.08,0,42,0.08,-31,-0.06,8387.5,8.39,0
1890,Exit long,2026-02-02 09:55,close_long,25786.5,1,51552,21,0.04,0,21,0.04,0,0.00,8408.5,8.41,0
1890,Entry long,2026-02-02 09:55,buy,25776,1,51552,21,0.04,0,21,0.04,0,0.00,8408.5,8.41,0
1891,Exit short,2026-02-03 09:55,close_short,25696,1,51439.5,47.5,0.09,0,47.5,0.09,-16.5,-0.03,8456,8.46,0
1891,Entry short,2026-02-03 09:55,sell,25719.75,1,51439.5,47.5,0.09,0,47.5,0.09,-16.5,-0.03,8456,8.46,0
1892,Exit short,2026-02-04 10:00,close_short,25165.5,1,50393.5,62.5,0.12,0,62.5,0.12,-0.5,0.00,8518.5,8.52,0
1892,Entry short,2026-02-04 10:00,sell,25196.75,1,50393.5,62.5,0.12,0,62.5,0.12,-0.5,0.00,8518.5,8.52,0
1893,Exit short,2026-02-05 11:20,close_short,24701.25,1,49118.5,-284,-0.58,0,44.5,0.09,-284,-0.58,8234.5,8.23,13
1893,Entry short,2026-02-05 10:15,sell,24559.25,1,49118.5,-284,-0.58,0,44.5,0.09,-284,-0.58,8234.5,8.23,13
1894,Exit long,2026-02-06 11:05,close_long,24982.25,1,49918,46.5,0.09,0,46.5,0.09,-28,-0.06,8281,8.28,0
1894,Entry long,2026-02-06 11:05,buy,24959,1,49918,46.5,0.09,0,46.5,0.09,-28,-0.06,8281,8.28,0
1895,Exit long,2026-02-09 10:10,close_long,25211,1,50397,25,0.05,0,25,0.05,0,0.00,8306,8.31,0
1895,Entry long,2026-02-09 10:10,buy,25198.5,1,50397,25,0.05,0,25,0.05,0,0.00,8306,8.31,0
1896,Exit long,2026-02-10 10:10,close_long,25391.5,1,50870,-87,-0.17,0,24,0.05,-87,-0.17,8219,8.22,0
1896,Entry long,2026-02-10 10:10,buy,25435,1,50870,-87,-0.17,0,24,0.05,-87,-0.17,8219,8.22,0
1897,Exit short,2026-02-11 10:00,close_short,25277.5,1,50611,56,0.11,0,56,0.11,0,0.00,8275,8.28,0
1897,Entry short,2026-02-11 10:00,sell,25305.5,1,50611,56,0.11,0,56,0.11,0,0.00,8275,8.28,0
1898,Exit short,2026-02-12 10:00,close_short,25185.75,1,50416.5,45,0.09,0,45,0.09,0,0.00,8320,8.32,0
1898,Entry short,2026-02-12 10:00,sell,25208.25,1,50416.5,45,0.09,0,45,0.09,0,0.00,8320,8.32,0
1899,Exit long,2026-02-13 10:35,close_long,24925.75,1,49814.5,37,0.07,0,37,0.07,0,0.00,8357,8.36,0
1899,Entry long,2026-02-13 10:35,buy,24907.25,1,49814.5,37,0.07,0,37,0.07,0,0.00,8357,8.36,0
1900,Exit short,2026-02-16 10:45,close_short,24712.25,1,49371.5,-53,-0.11,0,16,0.03,-53,-0.11,8304,8.30,0
1900,Entry short,2026-02-16 10:45,sell,24685.75,1,49371.5,-53,-0.11,0,16,0.03,-53,-0.11,8304,8.30,0
1901,Exit short,2026-02-17 09:55,close_short,24487,1,49063.5,89.5,0.18,0,89.5,0.18,-30.5,-0.06,8393.5,8.39,0
1901,Entry short,2026-02-17 09:55,sell,24531.75,1,49063.5,89.5,0.18,0,89.5,0.18,-30.5,-0.06,8393.5,8.39,0
1902,Exit long,2026-02-18 09:55,close_long,24913,1,49773,53,0.11,0,53,0.11,-5.5,-0.01,8446.5,8.45,0
1902,Entry long,2026-02-18 09:55,buy,24886.5,1,49773,53,0.11,0,53,0.11,-5.5,-0.01,8446.5,8.45,0
1903,Exit long,2026-02-19 11:15,close_long,24950,1,49850,50,0.10,0,50,0.10,-151,-0.30,8496.5,8.50,14
1903,Entry long,2026-02-19 10:05,buy,24925,1,49850,50,0.10,0,50,0.10,-151,-0.30,8496.5,8.50,14
1904,Exit long,2026-02-20 10:05,close_long,24883,1,49947.5,-181.5,-0.36,0,17,0.03,-181.5,-0.36,8315,8.32,0
1904,Entry long,2026-02-20 10:05,buy,24973.75,1,49947.5,-181.5,-0.36,0,17,0.03,-181.5,-0.36,8315,8.32,0
1905,Exit short,2026-02-23 10:35,close_short,24835.5,1,49701.5,30.5,0.06,0,30.5,0.06,0,0.00,8345.5,8.35,0
1905,Entry short,2026-02-23 10:35,sell,24850.75,1,49701.5,30.5,0.06,0,30.5,0.06,0,0.00,8345.5,8.35,0
1906,Exit long,2026-02-24 11:10,close_long,25035.5,1,50022.5,48.5,0.10,0,48.5,0.10,-88.5,-0.18,8394,8.39,8
1906,Entry long,2026-02-24 10:30,buy,25011.25,1,50022.5,48.5,0.10,0,48.5,0.10,-88.5,-0.18,8394,8.39,8
1907,Exit long,2026-02-25 09:55,close_long,25341.25,1,50670.5,12,0.02,0,12,0.02,0,0.00,8406,8.41,0
1907,Entry long,2026-02-25 09:55,buy,25335.25,1,50670.5,12,0.02,0,12,0.02,0,0.00,8406,8.41,0
1908,Exit short,2026-02-26 10:00,close_short,25178.25,1,50386,29.5,0.06,0,29.5,0.06,-36,-0.07,8435.5,8.44,0
1908,Entry short,2026-02-26 10:00,sell,25193,1,50386,29.5,0.06,0,29.5,0.06,-36,-0.07,8435.5,8.44,0
1909,Exit long,2026-02-27 10:10,close_long,24967.25,1,49910.5,24,0.05,0,24,0.05,-12.5,-0.03,8459.5,8.46,0
1909,Entry long,2026-02-27 10:10,buy,24955.25,1,49910.5,24,0.05,0,24,0.05,-12.5,-0.03,8459.5,8.46,0
1910,Exit long,2026-03-02 10:10,close_long,24911.75,1,49805.5,18,0.04,0,18,0.04,-5,-0.01,8477.5,8.48,0
1910,Entry long,2026-03-02 10:10,buy,24902.75,1,49805.5,18,0.04,0,18,0.04,-5,-0.01,8477.5,8.48,0
1911,Exit short,2026-03-03 10:20,close_short,24409,1,48869,51,0.10,0,51,0.10,-16,-0.03,8528.5,8.53,0
1911,Entry short,2026-03-03 10:20,sell,24434.5,1,48869,51,0.10,0,51,0.10,-16,-0.03,8528.5,8.53,0
1912,Exit long,2026-03-03 11:55,close_long,24704,1,49380,28,0.06,0,28,0.06,-50,-0.10,8556.5,8.56,1
1912,Entry long,2026-03-03 11:50,buy,24690,1,49380,28,0.06,0,28,0.06,-50,-0.10,8556.5,8.56,1
1913,Exit long,2026-03-04 10:15,close_long,25016.75,1,49990,43.5,0.09,0,43.5,0.09,-75,-0.15,8600,8.60,1
1913,Entry long,2026-03-04 10:10,buy,24995,1,49990,43.5,0.09,0,43.5,0.09,-75,-0.15,8600,8.60,1
1914,Exit long,2026-03-05 09:55,close_long,25162,1,50284.5,39.5,0.08,0,39.5,0.08,-44,-0.09,8639.5,8.64,0
1914,Entry long,2026-03-05 09:55,buy,25142.25,1,50284.5,39.5,0.08,0,39.5,0.08,-44,-0.09,8639.5,8.64,0
1915,Exit short,2026-03-05 11:20,close_short,25000.75,1,49888,-113.5,-0.23,0,8,0.02,-113.5,-0.23,8526,8.53,0
1915,Entry short,2026-03-05 11:20,sell,24944,1,49888,-113.5,-0.23,0,8,0.02,-113.5,-0.23,8526,8.53,0
1916,Exit long,2026-03-06 10:05,close_long,24687.5,1,49530,-155,-0.31,0,18,0.04,-155,-0.31,8371,8.37,0
1916,Entry long,2026-03-06 10:05,buy,24765,1,49530,-155,-0.31,0,18,0.04,-155,-0.31,8371,8.37,0
1917,Exit short,2026-03-09 09:55,close_short,24328.75,1,48682.5,25,0.05,0,25,0.05,0,0.00,8396,8.40,0
1917,Entry short,2026-03-09 09:55,sell,24341.25,1,48682.5,25,0.05,0,25,0.05,0,0.00,8396,8.40,0
1918,Exit long,2026-03-09 10:45,close_long,24556.5,1,49071,42,0.09,0,42,0.09,-11.5,-0.02,8438,8.44,0
1918,Entry long,2026-03-09 10:45,buy,24535.5,1,49071,42,0.09,0,42,0.09,-11.5,-0.02,8438,8.44,0
1919,Exit short,2026-03-10 10:25,close_short,24999,1,49803,-195,-0.39,0,18,0.04,-195,-0.39,8243,8.24,3
1919,Entry short,2026-03-10 10:10,sell,24901.5,1,49803,-195,-0.39,0,18,0.04,-195,-0.39,8243,8.24,3
1920,Exit long,2026-03-10 10:40,close_long,25107.75,1,50182.5,33,0.07,0,33,0.07,-36,-0.07,8276,8.28,0
1920,Entry long,2026-03-10 10:40,buy,25091.25,1,50182.5,33,0.07,0,33,0.07,-36,-0.07,8276,8.28,0
1921,Exit long,2026-03-11 10:05,close_long,25133.25,1,50245,21.5,0.04,0,21.5,0.04,0,0.00,8297.5,8.30,0
1921,Entry long,2026-03-11 10:05,buy,25122.5,1,50245,21.5,0.04,0,21.5,0.04,0,0.00,8297.5,8.30,0
1922,Exit short,2026-03-11 11:45,close_short,24910.25,1,49870,49.5,0.10,0,49.5,0.10,-58,-0.12,8347,8.35,3
1922,Entry short,2026-03-11 11:30,sell,24935,1,49870,49.5,0.10,0,49.5,0.10,-58,-0.12,8347,8.35,3
1923,Exit short,2026-03-12 09:55,close_short,24639.75,1,49338,58.5,0.12,0,58.5,0.12,-19.5,-0.04,8405.5,8.41,0
1923,Entry short,2026-03-12 09:55,sell,24669,1,49338,58.5,0.12,0,58.5,0.12,-19.5,-0.04,8405.5,8.41,0
1924,Exit short,2026-03-13 10:45,close_short,24575,1,49193,43,0.09,0,43,0.09,-2,0.00,8448.5,8.45,0
1924,Entry short,2026-03-13 10:45,sell,24596.5,1,49193,43,0.09,0,43,0.09,-2,0.00,8448.5,8.45,0
1925,Exit long,2026-03-16 10:10,close_long,24753.75,1,49472,35.5,0.07,0,35.5,0.07,-79.5,-0.16,8484,8.48,2
1925,Entry long,2026-03-16 10:00,buy,24736,1,49472,35.5,0.07,0,35.5,0.07,-79.5,-0.16,8484,8.48,2
1926,Exit short,2026-03-18 11:00,close_short,24895.25,1,49644,-146.5,-0.30,0,9.5,0.02,-146.5,-0.30,8337.5,8.34,6
1926,Entry short,2026-03-18 10:30,sell,24822,1,49644,-146.5,-0.30,0,9.5,0.02,-146.5,-0.30,8337.5,8.34,6
1927,Exit long,2026-03-19 10:10,close_long,24535.5,1,49030,41,0.08,0,41,0.08,-104.5,-0.21,8378.5,8.38,3
1927,Entry long,2026-03-19 09:55,buy,24515,1,49030,41,0.08,0,41,0.08,-104.5,-0.21,8378.5,8.38,3
1928,Exit short,2026-03-20 09:55,close_short,24347.25,1,48727,32.5,0.07,0,32.5,0.07,-15.5,-0.03,8411,8.41,0
1928,Entry short,2026-03-20 09:55,sell,24363.5,1,48727,32.5,0.07,0,32.5,0.07,-15.5,-0.03,8411,8.41,0
1929,Exit long,2026-03-23 10:05,close_long,24538.5,1,49200.5,-123.5,-0.25,0,30.5,0.06,-123.5,-0.25,8287.5,8.29,1
1929,Entry long,2026-03-23 10:00,buy,24600.25,1,49200.5,-123.5,-0.25,0,30.5,0.06,-123.5,-0.25,8287.5,8.29,1
1930,Exit short,2026-03-23 12:05,close_short,24443.25,1,48763.5,-123,-0.25,0,7,0.01,-123,-0.25,8164.5,8.16,1
1930,Entry short,2026-03-23 12:00,sell,24381.75,1,48763.5,-123,-0.25,0,7,0.01,-123,-0.25,8164.5,8.16,1
1931,Exit long,2026-03-24 11:20,close_long,24341.75,1,48666.5,17,0.03,0,17,0.03,-40,-0.08,8181.5,8.18,0
1931,Entry long,2026-03-24 11:20,buy,24333.25,1,48666.5,17,0.03,0,17,0.03,-40,-0.08,8181.5,8.18,0
1932,Exit short,2026-03-25 10:00,close_short,24353,1,48738.5,32.5,0.07,0,32.5,0.07,-83,-0.17,8214,8.21,1
1932,Entry short,2026-03-25 09:55,sell,24369.25,1,48738.5,32.5,0.07,0,32.5,0.07,-83,-0.17,8214,8.21,1
1933,Exit long,2026-03-26 09:55,close_long,24161.5,1,48462.5,-139.5,-0.29,0,2.5,0.01,-139.5,-0.29,8074.5,8.07,0
1933,Entry long,2026-03-26 09:55,buy,24231.25,1,48462.5,-139.5,-0.29,0,2.5,0.01,-139.5,-0.29,8074.5,8.07,0
1934,Exit short,2026-03-26 11:35,close_short,24084.75,1,48127.5,-42,-0.09,0,9,0.02,-42,-0.09,8032.5,8.03,0
1934,Entry short,2026-03-26 11:35,sell,24063.75,1,48127.5,-42,-0.09,0,9,0.02,-42,-0.09,8032.5,8.03,0
1935,Exit short,2026-03-27 09:55,close_short,23495,1,47051.5,61.5,0.13,0,61.5,0.13,-1,0.00,8094,8.09,0
1935,Entry short,2026-03-27 09:55,sell,23525.75,1,47051.5,61.5,0.13,0,61.5,0.13,-1,0.00,8094,8.09,0
1936,Exit short,2026-03-30 09:55,close_short,23334.25,1,46686.5,18,0.04,0,18,0.04,-11.5,-0.02,8112,8.11,0
1936,Entry short,2026-03-30 09:55,sell,23343.25,1,46686.5,18,0.04,0,18,0.04,-11.5,-0.02,8112,8.11,0
1937,Exit long,2026-03-31 09:55,close_long,23573.5,1,47112.5,34.5,0.07,0,34.5,0.07,0,0.00,8146.5,8.15,0
1937,Entry long,2026-03-31 09:55,buy,23556.25,1,47112.5,34.5,0.07,0,34.5,0.07,0,0.00,8146.5,8.15,0
1938,Exit long,2026-04-01 10:45,close_long,24238.25,1,48428,48.5,0.10,0,48.5,0.10,-92,-0.19,8195,8.20,1
1938,Entry long,2026-04-01 10:40,buy,24214,1,48428,48.5,0.10,0,48.5,0.10,-92,-0.19,8195,8.20,1
1939,Exit long,2026-04-02 09:55,close_long,23871.25,1,47691,51.5,0.11,0,51.5,0.11,-18.5,-0.04,8246.5,8.25,0
1939,Entry long,2026-04-02 09:55,buy,23845.5,1,47691,51.5,0.11,0,51.5,0.11,-18.5,-0.04,8246.5,8.25,0
1940,Exit long,2026-04-06 10:00,close_long,24435.25,1,48835.5,35,0.07,0,35,0.07,0,0.00,8281.5,8.28,0
1940,Entry long,2026-04-06 10:00,buy,24417.75,1,48835.5,35,0.07,0,35,0.07,0,0.00,8281.5,8.28,0
1941,Exit short,2026-04-07 10:00,close_short,24093.25,1,48242,55.5,0.12,0,55.5,0.12,-17,-0.04,8337,8.34,0
1941,Entry short,2026-04-07 10:00,sell,24121,1,48242,55.5,0.12,0,55.5,0.12,-17,-0.04,8337,8.34,0
1942,Exit short,2026-04-08 10:05,close_short,25059.5,1,50162.5,43.5,0.09,0,43.5,0.09,-51.5,-0.10,8380.5,8.38,2
1942,Entry short,2026-04-08 09:55,sell,25081.25,1,50162.5,43.5,0.09,0,43.5,0.09,-51.5,-0.10,8380.5,8.38,2
1943,Exit short,2026-04-09 10:10,close_short,25003.5,1,50031,24,0.05,0,24,0.05,0,0.00,8404.5,8.40,0
1943,Entry short,2026-04-09 10:10,sell,25015.5,1,50031,24,0.05,0,24,0.05,0,0.00,8404.5,8.40,0
1944,Exit long,2026-04-09 11:45,close_long,25144.5,1,50243.5,45.5,0.09,0,45.5,0.09,-64.5,-0.13,8450,8.45,2
1944,Entry long,2026-04-09 11:35,buy,25121.75,1,50243.5,45.5,0.09,0,45.5,0.09,-64.5,-0.13,8450,8.45,2
1945,Exit short,2026-04-10 10:10,close_short,25281.75,1,50574.5,11,0.02,0,11,0.02,0,0.00,8461,8.46,0
1945,Entry short,2026-04-10 10:10,sell,25287.25,1,50574.5,11,0.02,0,11,0.02,0,0.00,8461,8.46,0
1946,Exit long,2026-04-10 11:25,close_long,25362.5,1,50778,-53,-0.10,0,0,0.00,-53,-0.10,8408,8.41,0
1946,Entry long,2026-04-10 11:25,buy,25389,1,50778,-53,-0.10,0,0,0.00,-53,-0.10,8408,8.41,0
1947,Exit long,2026-04-13 10:00,close_long,25323,1,50613.5,32.5,0.06,0,32.5,0.06,-37.5,-0.07,8440.5,8.44,0
1947,Entry long,2026-04-13 10:00,buy,25306.75,1,50613.5,32.5,0.06,0,32.5,0.06,-37.5,-0.07,8440.5,8.44,0
1948,Exit long,2026-04-14 10:15,close_long,25785.25,1,51550.5,20,0.04,0,20,0.04,-19.5,-0.04,8460.5,8.46,0
1948,Entry long,2026-04-14 10:15,buy,25775.25,1,51550.5,20,0.04,0,20,0.04,-19.5,-0.04,8460.5,8.46,0
1949,Exit long,2026-04-15 10:00,close_long,26076.75,1,52138,15.5,0.03,0,15.5,0.03,0,0.00,8476,8.48,0
1949,Entry long,2026-04-15 10:00,buy,26069,1,52138,15.5,0.03,0,15.5,0.03,0,0.00,8476,8.48,0
1950,Exit short,2026-04-16 10:10,close_short,26383.5,1,52565.5,-201.5,-0.38,0,14,0.03,-201.5,-0.38,8274.5,8.27,3
1950,Entry short,2026-04-16 09:55,sell,26282.75,1,52565.5,-201.5,-0.38,0,14,0.03,-201.5,-0.38,8274.5,8.27,3
1951,Exit long,2026-04-16 11:10,close_long,26475.25,1,52930,20.5,0.04,0,20.5,0.04,-9,-0.02,8295,8.30,0
1951,Entry long,2026-04-16 11:10,buy,26465,1,52930,20.5,0.04,0,20.5,0.04,-9,-0.02,8295,8.30,0
1952,Exit long,2026-04-17 10:45,close_long,26839.75,1,53664,15.5,0.03,0,15.5,0.03,-15,-0.03,8310.5,8.31,0
1952,Entry long,2026-04-17 10:45,buy,26832,1,53664,15.5,0.03,0,15.5,0.03,-15,-0.03,8310.5,8.31,0
1953,Exit short,2026-04-20 10:45,close_short,26685.25,1,53392.5,22,0.04,0,22,0.04,0,0.00,8332.5,8.33,0
1953,Entry short,2026-04-20 10:45,sell,26696.25,1,53392.5,22,0.04,0,22,0.04,0,0.00,8332.5,8.33,0
1954,Exit long,2026-04-21 10:10,close_long,26872.75,1,53722,23.5,0.04,0,23.5,0.04,-26.5,-0.05,8356,8.36,0
1954,Entry long,2026-04-21 10:10,buy,26861,1,53722,23.5,0.04,0,23.5,0.04,-26.5,-0.05,8356,8.36,0
1955,Exit short,2026-04-21 11:05,close_short,26673.5,1,53382.5,35.5,0.07,0,35.5,0.07,0,0.00,8391.5,8.39,0
1955,Entry short,2026-04-21 11:05,sell,26691.25,1,53382.5,35.5,0.07,0,35.5,0.07,0,0.00,8391.5,8.39,0
1956,Exit long,2026-04-22 10:15,close_long,26933,1,53846,20,0.04,0,20,0.04,-2.5,0.00,8411.5,8.41,0
1956,Entry long,2026-04-22 10:15,buy,26923,1,53846,20,0.04,0,20,0.04,-2.5,0.00,8411.5,8.41,0
1957,Exit long,2026-04-23 11:05,close_long,27109,1,54211,7,0.01,0,7,0.01,-24,-0.04,8418.5,8.42,0
1957,Entry long,2026-04-23 11:05,buy,27105.5,1,54211,7,0.01,0,7,0.01,-24,-0.04,8418.5,8.42,0
1958,Exit short,2026-04-24 09:55,close_short,27148.25,1,54346.5,50,0.09,0,50,0.09,-55,-0.10,8468.5,8.47,0
1958,Entry short,2026-04-24 09:55,sell,27173.25,1,54346.5,50,0.09,0,50,0.09,-55,-0.10,8468.5,8.47,0
1959,Exit long,2026-04-24 11:00,close_long,27299.25,1,54581.5,17,0.03,0,17,0.03,-13.5,-0.02,8485.5,8.49,0
1959,Entry long,2026-04-24 11:00,buy,27290.75,1,54581.5,17,0.03,0,17,0.03,-13.5,-0.02,8485.5,8.49,0
1960,Exit short,2026-04-27 11:25,close_short,27315.25,1,54643,12.5,0.02,0,12.5,0.02,0,0.00,8498,8.50,0
1960,Entry short,2026-04-27 11:25,sell,27321.5,1,54643,12.5,0.02,0,12.5,0.02,0,0.00,8498,8.50,0
1961,Exit short,2026-04-28 10:50,close_short,27045.25,1,54121,30.5,0.06,0,30.5,0.06,-3,-0.01,8528.5,8.53,0
1961,Entry short,2026-04-28 10:50,sell,27060.5,1,54121,30.5,0.06,0,30.5,0.06,-3,-0.01,8528.5,8.53,0
1962,Exit long,2026-04-29 10:30,close_long,27278.25,1,54537,19.5,0.04,0,19.5,0.04,-40.5,-0.07,8548,8.55,0
1962,Entry long,2026-04-29 10:30,buy,27268.5,1,54537,19.5,0.04,0,19.5,0.04,-40.5,-0.07,8548,8.55,0
1963,Exit short,2026-04-30 09:55,close_short,27213.75,1,54487.5,60,0.11,0,60,0.11,-37,-0.07,8608,8.61,0
1963,Entry short,2026-04-30 09:55,sell,27243.75,1,54487.5,60,0.11,0,60,0.11,-37,-0.07,8608,8.61,0
1964,Exit long,2026-05-01 10:00,close_long,27896,1,55766,26,0.05,0,26,0.05,0,0.00,8634,8.63,0
1964,Entry long,2026-05-01 10:00,buy,27883,1,55766,26,0.05,0,26,0.05,0,0.00,8634,8.63,0
1965,Exit long,2026-05-04 10:25,close_long,27878.75,1,55812.5,-55,-0.10,0,12,0.02,-55,-0.10,8579,8.58,1
1965,Entry long,2026-05-04 10:20,buy,27906.25,1,55812.5,-55,-0.10,0,12,0.02,-55,-0.10,8579,8.58,1
1966,Exit short,2026-05-04 11:20,close_short,27755.75,1,55563.5,52,0.09,0,52,0.09,-15.5,-0.03,8631,8.63,0
1966,Entry short,2026-05-04 11:20,sell,27781.75,1,55563.5,52,0.09,0,52,0.09,-15.5,-0.03,8631,8.63,0
1967,Exit long,2026-05-05 10:25,close_long,28126.25,1,56216.5,36,0.06,0,36,0.06,-3.5,-0.01,8667,8.67,0
1967,Entry long,2026-05-05 10:25,buy,28108.25,1,56216.5,36,0.06,0,36,0.06,-3.5,-0.01,8667,8.67,0
1968,Exit long,2026-05-06 10:45,close_long,28527.75,1,57042,13.5,0.02,0,13.5,0.02,-5,-0.01,8680.5,8.68,0
1968,Entry long,2026-05-06 10:45,buy,28521,1,57042,13.5,0.02,0,13.5,0.02,-5,-0.01,8680.5,8.68,0
1969,Exit long,2026-05-07 10:00,close_long,28805.75,1,57575,36.5,0.06,0,36.5,0.06,-34.5,-0.06,8717,8.72,1
1969,Entry long,2026-05-07 09:55,buy,28787.5,1,57575,36.5,0.06,0,36.5,0.06,-34.5,-0.06,8717,8.72,1
1970,Exit long,2026-05-08 10:00,close_long,29130.5,1,58211,50,0.09,0,50,0.09,-51,-0.09,8767,8.77,0
1970,Entry long,2026-05-08 10:00,buy,29105.5,1,58211,50,0.09,0,50,0.09,-51,-0.09,8767,8.77,0
1971,Exit long,2026-05-11 11:50,close_long,29447.5,1,58879.5,15.5,0.03,0,15.5,0.03,-18,-0.03,8782.5,8.78,0
1971,Entry long,2026-05-11 11:50,buy,29439.75,1,58879.5,15.5,0.03,0,15.5,0.03,-18,-0.03,8782.5,8.78,0
1972,Exit short,2026-05-12 10:00,close_short,29099.5,1,58259,60,0.10,0,60,0.10,-66,-0.11,8842.5,8.84,0
1972,Entry short,2026-05-12 10:00,sell,29129.5,1,58259,60,0.10,0,60,0.10,-66,-0.11,8842.5,8.84,0
1973,Exit long,2026-05-13 11:00,close_long,29326.5,1,58619.5,33.5,0.06,0,33.5,0.06,-25.5,-0.04,8876,8.88,1
1973,Entry long,2026-05-13 10:55,buy,29309.75,1,58619.5,33.5,0.06,0,33.5,0.06,-25.5,-0.04,8876,8.88,1
1974,Exit long,2026-05-14 10:45,close_long,29692.5,1,59372,13,0.02,0,13,0.02,-6.5,-0.01,8889,8.89,0
1974,Entry long,2026-05-14 10:45,buy,29686,1,59372,13,0.02,0,13,0.02,-6.5,-0.01,8889,8.89,0
1975,Exit long,2026-05-15 10:15,close_long,29333.75,1,58602.5,65,0.11,0,65,0.11,-52.5,-0.09,8954,8.95,0
1975,Entry long,2026-05-15 10:15,buy,29301.25,1,58602.5,65,0.11,0,65,0.11,-52.5,-0.09,8954,8.95,0
1976,Exit short,2026-05-18 10:35,close_short,28979.25,1,58047.5,89,0.15,0,89,0.15,0,0.00,9043,9.04,0
1976,Entry short,2026-05-18 10:35,sell,29023.75,1,58047.5,89,0.15,0,89,0.15,0,0.00,9043,9.04,0
1977,Exit short,2026-05-19 10:10,close_short,28751.25,1,57584.5,82,0.14,0,82,0.14,-77,-0.13,9125,9.13,0
1977,Entry short,2026-05-19 10:10,sell,28792.25,1,57584.5,82,0.14,0,82,0.14,-77,-0.13,9125,9.13,0
1978,Exit long,2026-05-20 10:30,close_long,29237.5,1,58418.5,56.5,0.10,0,56.5,0.10,-10,-0.02,9181.5,9.18,0
1978,Entry long,2026-05-20 10:30,buy,29209.25,1,58418.5,56.5,0.10,0,56.5,0.10,-10,-0.02,9181.5,9.18,0
1979,Exit long,2026-05-21 10:00,close_long,29327,1,58588.5,65.5,0.11,0,65.5,0.11,-101.5,-0.17,9247,9.25,1
1979,Entry long,2026-05-21 09:55,buy,29294.25,1,58588.5,65.5,0.11,0,65.5,0.11,-101.5,-0.17,9247,9.25,1
1980,Exit short,2026-05-21 10:25,close_short,29148,1,58317,21,0.04,0,21,0.04,0,0.00,9268,9.27,0
1980,Entry short,2026-05-21 10:25,sell,29158.5,1,58317,21,0.04,0,21,0.04,0,0.00,9268,9.27,0
1981,Exit short,2026-05-22 10:25,close_short,29559.25,1,59037.5,-81,-0.14,0,14,0.02,-81,-0.14,9187,9.19,0
1981,Entry short,2026-05-22 10:25,sell,29518.75,1,59037.5,-81,-0.14,0,14,0.02,-81,-0.14,9187,9.19,0
1982,Exit long,2026-05-25 10:05,close_long,29975,1,59983,-33,-0.06,0,6.5,0.01,-33,-0.06,9154,9.15,2
1982,Entry long,2026-05-25 09:55,buy,29991.5,1,59983,-33,-0.06,0,6.5,0.01,-33,-0.06,9154,9.15,2
1983,Exit short,2026-05-25 10:35,close_short,29926.75,1,59862,8.5,0.01,0,8.5,0.01,-4,-0.01,9162.5,9.16,0
1983,Entry short,2026-05-25 10:35,sell,29931,1,59862,8.5,0.01,0,8.5,0.01,-4,-0.01,9162.5,9.16,0
1984,Exit long,2026-05-26 10:10,close_long,30024,1,60012,36,0.06,0,36,0.06,-62,-0.10,9198.5,9.20,2
1984,Entry long,2026-05-26 10:00,buy,30006,1,60012,36,0.06,0,36,0.06,-62,-0.10,9198.5,9.20,2
1985,Exit short,2026-05-27 10:30,close_short,29901.5,1,59832.5,29.5,0.05,0,29.5,0.05,-65.5,-0.11,9228,9.23,0
1985,Entry short,2026-05-27 10:30,sell,29916.25,1,59832.5,29.5,0.05,0,29.5,0.05,-65.5,-0.11,9228,9.23,0
1986,Exit long,2026-05-28 11:00,close_long,30208,1,60322.5,93.5,0.16,0,93.5,0.16,-196,-0.32,9321.5,9.32,9
1986,Entry long,2026-05-28 10:15,buy,30161.25,1,60322.5,93.5,0.16,0,93.5,0.16,-196,-0.32,9321.5,9.32,9
1987,Exit long,2026-05-29 09:55,close_long,30503.75,1,60993,14.5,0.02,0,14.5,0.02,-12,-0.02,9336,9.34,0
1987,Entry long,2026-05-29 09:55,buy,30496.5,1,60993,14.5,0.02,0,14.5,0.02,-12,-0.02,9336,9.34,0
1988,Exit short,2026-05-29 10:45,close_short,30272,1,60587.5,43.5,0.07,0,43.5,0.07,0,0.00,9379.5,9.38,0
1988,Entry short,2026-05-29 10:45,sell,30293.75,1,60587.5,43.5,0.07,0,43.5,0.07,0,0.00,9379.5,9.38,0
1989,Exit long,2026-06-01 11:25,close_long,30481.75,1,60955,8.5,0.01,0,8.5,0.01,0,0.00,9388,9.39,0
1989,Entry long,2026-06-01 11:25,buy,30477.5,1,60955,8.5,0.01,0,8.5,0.01,0,0.00,9388,9.39,0
1990,Exit long,2026-06-02 10:00,close_long,30534.25,1,61205.5,-137,-0.22,0,16.5,0.03,-137,-0.22,9251,9.25,0
1990,Entry long,2026-06-02 10:00,buy,30602.75,1,61205.5,-137,-0.22,0,16.5,0.03,-137,-0.22,9251,9.25,0
1991,Exit short,2026-06-04 10:10,close_short,30209.25,1,60371.5,-47,-0.08,0,9,0.01,-47,-0.08,9204,9.20,0
1991,Entry short,2026-06-04 10:10,sell,30185.75,1,60371.5,-47,-0.08,0,9,0.01,-47,-0.08,9204,9.20,0
1992,Exit long,2026-06-04 11:05,close_long,30374.75,1,60739,10.5,0.02,0,10.5,0.02,-1.5,0.00,9214.5,9.21,0
1992,Entry long,2026-06-04 11:05,buy,30369.5,1,60739,10.5,0.02,0,10.5,0.02,-1.5,0.00,9214.5,9.21,0
1993,Exit short,2026-06-05 10:15,close_short,29897.75,1,59547.5,-248,-0.42,0,31.5,0.05,-248,-0.42,8966.5,8.97,3
1993,Entry short,2026-06-05 10:00,sell,29773.75,1,59547.5,-248,-0.42,0,31.5,0.05,-248,-0.42,8966.5,8.97,3
1994,Exit short,2026-06-08 10:25,close_short,29504.75,1,58700,-309.5,-0.53,0,37.5,0.06,-309.5,-0.53,8657,8.66,5
1994,Entry short,2026-06-08 10:00,sell,29350,1,58700,-309.5,-0.53,0,37.5,0.06,-309.5,-0.53,8657,8.66,5
1995,Exit long,2026-06-08 10:50,close_long,29630,1,59221.5,38.5,0.07,0,38.5,0.07,-20.5,-0.03,8695.5,8.70,0
1995,Entry long,2026-06-08 10:50,buy,29610.75,1,59221.5,38.5,0.07,0,38.5,0.07,-20.5,-0.03,8695.5,8.70,0
1996,Exit short,2026-06-09 10:15,close_short,29449,1,58982.5,84.5,0.14,0,84.5,0.14,-47,-0.08,8780,8.78,0
1996,Entry short,2026-06-09 10:15,sell,29491.25,1,58982.5,84.5,0.14,0,84.5,0.14,-47,-0.08,8780,8.78,0
1997,Exit long,2026-06-10 10:45,close_long,29070.75,1,58435,-293.5,-0.50,0,67,0.11,-293.5,-0.50,8486.5,8.49,4
1997,Entry long,2026-06-10 10:25,buy,29217.5,1,58435,-293.5,-0.50,0,67,0.11,-293.5,-0.50,8486.5,8.49,4
1998,Exit short,2026-06-10 11:15,close_short,28720.75,1,57497.5,56,0.10,0,56,0.10,-28.5,-0.05,8542.5,8.54,0
1998,Entry short,2026-06-10 11:15,sell,28748.75,1,57497.5,56,0.10,0,56,0.10,-28.5,-0.05,8542.5,8.54,0
1999,Exit long,2026-06-11 10:00,close_long,29014.75,1,57937,92.5,0.16,0,92.5,0.16,-182,-0.31,8635,8.64,1
1999,Entry long,2026-06-11 09:55,buy,28968.5,1,57937,92.5,0.16,0,92.5,0.16,-182,-0.31,8635,8.64,1
2000,Exit short,2026-06-11 11:00,close_short,28615.5,1,57298,67,0.12,0,67,0.12,-100,-0.17,8702,8.70,0
2000,Entry short,2026-06-11 11:00,sell,28649,1,57298,67,0.12,0,67,0.12,-100,-0.17,8702,8.70,0
2001,Exit long,2026-06-12 10:15,close_long,29619,1,59157,81,0.14,0,81,0.14,-132,-0.22,8783,8.78,1
2001,Entry long,2026-06-12 10:10,buy,29578.5,1,59157,81,0.14,0,81,0.14,-132,-0.22,8783,8.78,1
2002,Exit long,2026-06-15 11:05,close_long,30812.75,1,61605.5,20,0.03,0,20,0.03,-13,-0.02,8803,8.80,0
2002,Entry long,2026-06-15 11:05,buy,30802.75,1,61605.5,20,0.03,0,20,0.03,-13,-0.02,8803,8.80,0
2003,Exit short,2026-06-16 10:20,close_short,30712.5,1,61478,53,0.09,0,53,0.09,-62.5,-0.10,8856,8.86,0
2003,Entry short,2026-06-16 10:20,sell,30739,1,61478,53,0.09,0,53,0.09,-62.5,-0.10,8856,8.86,0
2004,Exit short,2026-06-17 10:15,close_short,30477.5,1,60695.5,-259.5,-0.43,0,56,0.09,-259.5,-0.43,8596.5,8.60,3
2004,Entry short,2026-06-17 10:00,sell,30347.75,1,60695.5,-259.5,-0.43,0,56,0.09,-259.5,-0.43,8596.5,8.60,3
2005,Exit long,2026-06-18 10:25,close_long,30565.75,1,61249,-117.5,-0.19,0,6.5,0.01,-117.5,-0.19,8479,8.48,0
2005,Entry long,2026-06-18 10:25,buy,30624.5,1,61249,-117.5,-0.19,0,6.5,0.01,-117.5,-0.19,8479,8.48,0
2006,Exit long,2026-06-19 10:55,close_long,30691,1,61375.5,6.5,0.01,0,6.5,0.01,-6,-0.01,8485.5,8.49,0
2006,Entry long,2026-06-19 10:55,buy,30687.75,1,61375.5,6.5,0.01,0,6.5,0.01,-6,-0.01,8485.5,8.49,0
2007,Exit long,2026-06-22 10:10,close_long,30966,1,61873.5,58.5,0.09,0,58.5,0.09,-58,-0.09,8544,8.54,2
2007,Entry long,2026-06-22 10:00,buy,30936.75,1,61873.5,58.5,0.09,0,58.5,0.09,-58,-0.09,8544,8.54,2
2008,Exit short,2026-06-22 10:35,close_short,30670.5,1,61383,42,0.07,0,42,0.07,0,0.00,8586,8.59,0
2008,Entry short,2026-06-22 10:35,sell,30691.5,1,61383,42,0.07,0,42,0.07,0,0.00,8586,8.59,0
2009,Exit long,2026-06-23 09:55,close_long,29894.5,1,59753.5,35.5,0.06,0,35.5,0.06,-66,-0.11,8621.5,8.62,0
2009,Entry long,2026-06-23 09:55,buy,29876.75,1,59753.5,35.5,0.06,0,35.5,0.06,-66,-0.11,8621.5,8.62,0
2010,Exit long,2026-06-24 11:05,close_long,29790,1,59783,-203,-0.34,0,32,0.05,-203,-0.34,8418.5,8.42,1
2010,Entry long,2026-06-24 11:00,buy,29891.5,1,59783,-203,-0.34,0,32,0.05,-203,-0.34,8418.5,8.42,1
2011,Exit short,2026-06-25 09:55,close_short,29340,1,58840,160,0.27,0,160,0.27,-86.5,-0.15,8578.5,8.58,0
2011,Entry short,2026-06-25 09:55,sell,29420,1,58840,160,0.27,0,160,0.27,-86.5,-0.15,8578.5,8.58,0
2012,Exit long,2026-06-26 10:00,close_long,29485.75,1,58885.5,86,0.15,0,86,0.15,-44,-0.07,8664.5,8.66,0
2012,Entry long,2026-06-26 10:00,buy,29442.75,1,58885.5,86,0.15,0,86,0.15,-44,-0.07,8664.5,8.66,0
2013,Exit short,2026-06-29 10:05,close_short,29515.75,1,59086.5,55,0.09,0,55,0.09,-22.5,-0.04,8719.5,8.72,0
2013,Entry short,2026-06-29 10:05,sell,29543.25,1,59086.5,55,0.09,0,55,0.09,-22.5,-0.04,8719.5,8.72,0
2014,Exit long,2026-06-29 12:00,close_long,29852,1,59679,25,0.04,0,25,0.04,-7,-0.01,8744.5,8.74,0
2014,Entry long,2026-06-29 12:00,buy,29839.5,1,59679,25,0.04,0,25,0.04,-7,-0.01,8744.5,8.74,0
2015,Exit long,2026-06-30 09:55,close_long,30322,1,60587.5,56.5,0.09,0,56.5,0.09,-0.5,0.00,8801,8.80,0
2015,Entry long,2026-06-30 09:55,buy,30293.75,1,60587.5,56.5,0.09,0,56.5,0.09,-0.5,0.00,8801,8.80,0
2016,Exit long,2026-07-01 11:35,close_long,30293.75,1,60684.5,-97,-0.16,0,31,0.05,-97,-0.16,8704,8.70,1
2016,Entry long,2026-07-01 11:30,buy,30342.25,1,60684.5,-97,-0.16,0,31,0.05,-97,-0.16,8704,8.70,1
2017,Exit long,2026-07-02 09:55,close_long,30256.75,1,60468.5,45,0.07,0,45,0.07,0,0.00,8749,8.75,0
2017,Entry long,2026-07-02 09:55,buy,30234.25,1,60468.5,45,0.07,0,45,0.07,0,0.00,8749,8.75,0
2018,Exit short,2026-07-02 10:35,close_short,29886.25,1,59870,97.5,0.16,0,97.5,0.16,-143,-0.24,8846.5,8.85,1
2018,Entry short,2026-07-02 10:30,sell,29935,1,59870,97.5,0.16,0,97.5,0.16,-143,-0.24,8846.5,8.85,1
2019,Exit long,2026-07-06 09:55,close_long,29985.75,1,59942.5,29,0.05,0,29,0.05,0,0.00,8875.5,8.88,0
2019,Entry long,2026-07-06 09:55,buy,29971.25,1,59942.5,29,0.05,0,29,0.05,0,0.00,8875.5,8.88,0
2020,Exit short,2026-07-07 09:55,close_short,29430,1,58909.5,49.5,0.08,0,49.5,0.08,-59.5,-0.10,8925,8.92,0
2020,Entry short,2026-07-07 09:55,sell,29454.75,1,58909.5,49.5,0.08,0,49.5,0.08,-59.5,-0.10,8925,8.92,0
2021,Exit short,2026-07-08 11:15,close_short,29115.5,1,58275.5,44.5,0.08,0,44.5,0.08,-48,-0.08,8969.5,8.97,0
2021,Entry short,2026-07-08 11:15,sell,29137.75,1,58275.5,44.5,0.08,0,44.5,0.08,-48,-0.08,8969.5,8.97,0
2022,Exit long,2026-07-09 09:55,close_long,29927.25,1,59803,51.5,0.09,0,51.5,0.09,-8.5,-0.01,9021,9.02,0
2022,Entry long,2026-07-09 09:55,buy,29901.5,1,59803,51.5,0.09,0,51.5,0.09,-8.5,-0.01,9021,9.02,0
2023,Exit long,2026-07-10 10:15,close_long,29905.75,1,59921.5,-110,-0.18,0,12,0.02,-110,-0.18,8911,8.91,1
2023,Entry long,2026-07-10 10:10,buy,29960.75,1,59921.5,-110,-0.18,0,12,0.02,-110,-0.18,8911,8.91,1
2024,Exit short,2026-07-14 10:10,close_short,29655.5,1,59333.5,22.5,0.04,0,22.5,0.04,-48.5,-0.08,8933.5,8.93,0
2024,Entry short,2026-07-14 10:10,sell,29666.75,1,59333.5,22.5,0.04,0,22.5,0.04,-48.5,-0.08,8933.5,8.93,0
2025,Exit long,2026-07-14 11:20,close_long,29875.25,1,59713,37.5,0.06,0,37.5,0.06,-62,-0.10,8971,8.97,2
2025,Entry long,2026-07-14 11:10,buy,29856.5,1,59713,37.5,0.06,0,37.5,0.06,-62,-0.10,8971,8.97,2
2026,Exit short,2026-07-15 10:35,close_short,29633.75,1,59346.5,79,0.13,0,79,0.13,-126.5,-0.21,9050,9.05,2
2026,Entry short,2026-07-15 10:25,sell,29673.25,1,59346.5,79,0.13,0,79,0.13,-126.5,-0.21,9050,9.05,2
2027,Exit long,2026-07-17 10:05,close_long,28733.75,1,57435.5,32,0.06,0,32,0.06,-0.5,0.00,9082,9.08,0
2027,Entry long,2026-07-17 10:05,buy,28717.75,1,57435.5,32,0.06,0,32,0.06,-0.5,0.00,9082,9.08,0
2028,Exit short,2026-07-20 10:00,close_short,28975,1,57992.5,42.5,0.07,0,42.5,0.07,0,0.00,9124.5,9.12,0
2028,Entry short,2026-07-20 10:00,sell,28996.25,1,57992.5,42.5,0.07,0,42.5,0.07,0,0.00,9124.5,9.12,0
2029,Exit short,2026-07-21 10:15,close_short,29139.25,1,58160.5,-118,-0.20,0,34.5,0.06,-118,-0.20,9006.5,9.01,1
2029,Entry short,2026-07-21 10:10,sell,29080.25,1,58160.5,-118,-0.20,0,34.5,0.06,-118,-0.20,9006.5,9.01,1
2030,Exit long,2026-07-21 11:20,close_long,29302,1,58548,56,0.10,0,56,0.10,-9.5,-0.02,9062.5,9.06,2
2030,Entry long,2026-07-21 11:10,buy,29274,1,58548,56,0.10,0,56,0.10,-9.5,-0.02,9062.5,9.06,2
2031,Exit long,2026-07-22 09:55,close_long,29261.75,1,58472.5,51,0.09,0,51,0.09,-14,-0.02,9113.5,9.11,0
2031,Entry long,2026-07-22 09:55,buy,29236.25,1,58472.5,51,0.09,0,51,0.09,-14,-0.02,9113.5,9.11,0
2032,Exit short,2026-07-23 10:50,close_short,28606,1,57288.5,76.5,0.13,0,76.5,0.13,-53.5,-0.09,9190,9.19,1
2032,Entry short,2026-07-23 10:45,sell,28644.25,1,57288.5,76.5,0.13,0,76.5,0.13,-53.5,-0.09,9190,9.19,1
2033,Exit short,2026-07-24 10:35,close_short,28297.25,1,56688,93.5,0.16,0,93.5,0.16,-215.5,-0.38,9283.5,9.28,8
2033,Entry short,2026-07-24 09:55,sell,28344,1,56688,93.5,0.16,0,93.5,0.16,-215.5,-0.38,9283.5,9.28,8
2034,Exit short,2026-07-27 10:00,close_short,28311.75,1,56695,71.5,0.13,0,71.5,0.13,-50,-0.09,9355,9.35,0
2034,Entry short,2026-07-27 10:00,sell,28347.5,1,56695,71.5,0.13,0,71.5,0.13,-50,-0.09,9355,9.35,0
2035,Exit short,2026-07-28 10:35,close_short,27731.5,1,55261,-202,-0.37,0,54.5,0.10,-202,-0.37,9153,9.15,4
2035,Entry short,2026-07-28 10:15,sell,27630.5,1,55261,-202,-0.37,0,54.5,0.10,-202,-0.37,9153,9.15,4
2036,Exit long,2026-07-28 11:45,close_long,28044.75,1,56063,26.5,0.05,0,26.5,0.05,-4.5,-0.01,9179.5,9.18,0
2036,Entry long,2026-07-28 11:45,buy,28031.5,1,56063,26.5,0.05,0,26.5,0.05,-4.5,-0.01,9179.5,9.18,0
2037,Exit short,2026-07-29 09:55,close_short,27722.5,1,55507.5,62.5,0.11,0,62.5,0.11,0,0.00,9242,9.24,0
2037,Entry short,2026-07-29 09:55,sell,27753.75,1,55507.5,62.5,0.11,0,62.5,0.11,0,0.00,9242,9.24,0
2038,Exit long,2026-07-30 09:55,close_long,28121.5,1,56204.5,38.5,0.07,0,38.5,0.07,-38.5,-0.07,9280.5,9.28,0
2038,Entry long,2026-07-30 09:55,buy,28102.25,1,56204.5,38.5,0.07,0,38.5,0.07,-38.5,-0.07,9280.5,9.28,0
2039,Exit short,2026-07-31 10:05,close_short,28197.5,1,56486,91,0.16,0,91,0.16,-62,-0.11,9371.5,9.37,0
2039,Entry short,2026-07-31 10:05,sell,28243,1,56486,91,0.16,0,91,0.16,-62,-0.11,9371.5,9.37,0
2040,Exit long,2026-08-03 10:20,close_long,28664,1,57248.5,79.5,0.14,0,79.5,0.14,-198.5,-0.35,9451,9.45,4
2040,Entry long,2026-08-03 10:00,buy,28624.25,1,57248.5,79.5,0.14,0,79.5,0.14,-198.5,-0.35,9451,9.45,4
2041,Exit long,2026-08-04 09:55,close_long,29454.5,1,59002.5,-93.5,-0.16,0,2,0.00,-93.5,-0.16,9357.5,9.36,0
2041,Entry long,2026-08-04 09:55,buy,29501.25,1,59002.5,-93.5,-0.16,0,2,0.00,-93.5,-0.16,9357.5,9.36,0
2042,Exit short,2026-08-05 10:35,close_short,29874.75,1,59769,19.5,0.03,0,19.5,0.03,-60.5,-0.10,9377,9.38,0
2042,Entry short,2026-08-05 10:35,sell,29884.5,1,59769,19.5,0.03,0,19.5,0.03,-60.5,-0.10,9377,9.38,0
2043,Exit long,2026-08-06 10:10,close_long,29601.25,1,59159,43.5,0.07,0,43.5,0.07,-3,-0.01,9420.5,9.42,0
2043,Entry long,2026-08-06 10:10,buy,29579.5,1,59159,43.5,0.07,0,43.5,0.07,-3,-0.01,9420.5,9.42,0
2044,Exit short,2026-08-07 10:00,close_short,29653.75,1,59358,50.5,0.09,0,50.5,0.09,-68,-0.11,9471,9.47,0
2044,Entry short,2026-08-07 10:00,sell,29679,1,59358,50.5,0.09,0,50.5,0.09,-68,-0.11,9471,9.47,0
2045,Exit long,2026-08-07 11:30,close_long,29836.75,1,59652.5,21,0.04,0,21,0.04,-0.5,0.00,9492,9.49,0
2045,Entry long,2026-08-07 11:30,buy,29826.25,1,59652.5,21,0.04,0,21,0.04,-0.5,0.00,9492,9.49,0
2046,Exit long,2026-08-10 10:10,close_long,29891.75,1,59749.5,34,0.06,0,34,0.06,-7.5,-0.01,9526,9.53,0
2046,Entry long,2026-08-10 10:10,buy,29874.75,1,59749.5,34,0.06,0,34,0.06,-7.5,-0.01,9526,9.53,0
2047,Exit short,2026-08-12 11:05,close_short,29842.75,1,59703,17.5,0.03,0,17.5,0.03,0,0.00,9543.5,9.54,0
2047,Entry short,2026-08-12 11:05,sell,29851.5,1,59703,17.5,0.03,0,17.5,0.03,0,0.00,9543.5,9.54,0
2048,Exit long,2026-08-13 10:10,close_long,30192.75,1,60351.5,34,0.06,0,34,0.06,-40,-0.07,9577.5,9.58,2
2048,Entry long,2026-08-13 10:00,buy,30175.75,1,60351.5,34,0.06,0,34,0.06,-40,-0.07,9577.5,9.58,2
2049,Exit short,2026-08-14 10:25,close_short,30149.75,1,60321.5,22,0.04,0,22,0.04,-18.5,-0.03,9599.5,9.60,0
2049,Entry short,2026-08-14 10:25,sell,30160.75,1,60321.5,22,0.04,0,22,0.04,-18.5,-0.03,9599.5,9.60,0
2050,Exit long,2026-08-17 11:05,close_long,30280.75,1,60537.5,24,0.04,0,24,0.04,-23.5,-0.04,9623.5,9.62,0
2050,Entry long,2026-08-17 11:05,buy,30268.75,1,60537.5,24,0.04,0,24,0.04,-23.5,-0.04,9623.5,9.62,0
2051,Exit short,2026-08-18 10:10,close_short,29600.75,1,59237.5,36,0.06,0,36,0.06,-5,-0.01,9659.5,9.66,0
2051,Entry short,2026-08-18 10:10,sell,29618.75,1,59237.5,36,0.06,0,36,0.06,-5,-0.01,9659.5,9.66,0
2052,Exit short,2026-08-19 10:10,close_short,29435,1,58903,33,0.06,0,33,0.06,-21.5,-0.04,9692.5,9.69,0
2052,Entry short,2026-08-19 10:10,sell,29451.5,1,58903,33,0.06,0,33,0.06,-21.5,-0.04,9692.5,9.69,0
2053,Exit short,2026-08-20 10:20,close_short,29382.5,1,58631.5,-133.5,-0.23,0,22.5,0.04,-133.5,-0.23,9559,9.56,0
2053,Entry short,2026-08-20 10:20,sell,29315.75,1,58631.5,-133.5,-0.23,0,22.5,0.04,-133.5,-0.23,9559,9.56,0
2054,Exit short,2026-08-21 09:55,close_short,29276,1,58584.5,32.5,0.06,0,32.5,0.06,0,0.00,9591.5,9.59,0
2054,Entry short,2026-08-21 09:55,sell,29292.25,1,58584.5,32.5,0.06,0,32.5,0.06,0,0.00,9591.5,9.59,0
2055,Exit short,2026-08-25 10:05,close_short,29245.5,1,58523.5,32.5,0.06,0,32.5,0.06,0,0.00,9624,9.62,0
2055,Entry short,2026-08-25 10:05,sell,29261.75,1,58523.5,32.5,0.06,0,32.5,0.06,0,0.00,9624,9.62,0
2056,Exit long,2026-08-26 10:05,close_long,29294.25,1,58662,-73.5,-0.13,0,2.5,0.00,-73.5,-0.13,9550.5,9.55,1
2056,Entry long,2026-08-26 10:00,buy,29331,1,58662,-73.5,-0.13,0,2.5,0.00,-73.5,-0.13,9550.5,9.55,1
2057,Exit long,2026-08-27 10:30,close_long,29576.5,1,59213.5,-60.5,-0.10,0,8.5,0.01,-60.5,-0.10,9490,9.49,0
2057,Entry long,2026-08-27 10:30,buy,29606.75,1,59213.5,-60.5,-0.10,0,8.5,0.01,-60.5,-0.10,9490,9.49,0
2058,Exit short,2026-08-28 10:15,close_short,29602.25,1,59070.5,-134,-0.23,0,6,0.01,-134,-0.23,9356,9.36,0
2058,Entry short,2026-08-28 10:15,sell,29535.25,1,59070.5,-134,-0.23,0,6,0.01,-134,-0.23,9356,9.36,0
2059,Exit long,2026-08-28 10:45,close_long,29752.5,1,59469.5,35.5,0.06,0,35.5,0.06,-19.5,-0.03,9391.5,9.39,0
2059,Entry long,2026-08-28 10:45,buy,29734.75,1,59469.5,35.5,0.06,0,35.5,0.06,-19.5,-0.03,9391.5,9.39,0
2060,Exit short,2026-08-31 10:15,close_short,29423.75,1,58755.5,-92,-0.16,0,14.5,0.02,-92,-0.16,9299.5,9.30,1
2060,Entry short,2026-08-31 10:10,sell,29377.75,1,58755.5,-92,-0.16,0,14.5,0.02,-92,-0.16,9299.5,9.30,1
2061,Exit long,2026-09-01 10:15,close_long,29168.25,1,58307.5,29,0.05,0,29,0.05,-75.5,-0.13,9328.5,9.33,1
2061,Entry long,2026-09-01 10:10,buy,29153.75,1,58307.5,29,0.05,0,29,0.05,-75.5,-0.13,9328.5,9.33,1
2062,Exit short,2026-09-02 10:00,close_short,29073.75,1,58060,-87.5,-0.15,0,25.5,0.04,-87.5,-0.15,9241,9.24,1
2062,Entry short,2026-09-02 09:55,sell,29030,1,58060,-87.5,-0.15,0,25.5,0.04,-87.5,-0.15,9241,9.24,1
2063,Exit long,2026-09-02 10:15,close_long,29140,1,58255,25,0.04,0,25,0.04,-16.5,-0.03,9266,9.27,0
2063,Entry long,2026-09-02 10:15,buy,29127.5,1,58255,25,0.04,0,25,0.04,-16.5,-0.03,9266,9.27,0
2064,Exit long,2026-09-03 11:10,close_long,29459.25,1,58873.5,45,0.08,0,45,0.08,-29.5,-0.05,9311,9.31,1
2064,Entry long,2026-09-03 11:05,buy,29436.75,1,58873.5,45,0.08,0,45,0.08,-29.5,-0.05,9311,9.31,1
2065,Exit long,2026-09-04 09:55,close_long,29675,1,59320.5,29.5,0.05,0,29.5,0.05,-17,-0.03,9340.5,9.34,0
2065,Entry long,2026-09-04 09:55,buy,29660.25,1,59320.5,29.5,0.05,0,29.5,0.05,-17,-0.03,9340.5,9.34,0
2066,Exit short,2026-09-04 10:45,close_short,29517,1,59066,32,0.05,0,32,0.05,-22.5,-0.04,9372.5,9.37,0
2066,Entry short,2026-09-04 10:45,sell,29533,1,59066,32,0.05,0,32,0.05,-22.5,-0.04,9372.5,9.37,0
2067,Exit short,2026-09-07 11:15,close_short,29582.25,1,59184,19.5,0.03,0,19.5,0.03,-36,-0.06,9392,9.39,3
2067,Entry short,2026-09-07 11:00,sell,29592,1,59184,19.5,0.03,0,19.5,0.03,-36,-0.06,9392,9.39,3
2068,Exit short,2026-09-08 10:10,close_short,29440.75,1,58905.5,24,0.04,0,24,0.04,-54,-0.09,9416,9.42,0
2068,Entry short,2026-09-08 10:10,sell,29452.75,1,58905.5,24,0.04,0,24,0.04,-54,-0.09,9416,9.42,0
2069,Exit long,2026-09-09 10:00,close_long,29572.5,1,59116.5,28.5,0.05,0,28.5,0.05,-54.5,-0.09,9444.5,9.44,0
2069,Entry long,2026-09-09 10:00,buy,29558.25,1,59116.5,28.5,0.05,0,28.5,0.05,-54.5,-0.09,9444.5,9.44,0
2070,Exit short,2026-09-09 11:35,close_short,29454.75,1,58728,-181.5,-0.31,0,9,0.02,-181.5,-0.31,9263,9.26,2
2070,Entry short,2026-09-09 11:25,sell,29364,1,58728,-181.5,-0.31,0,9,0.02,-181.5,-0.31,9263,9.26,2
2071,Exit long,2026-09-10 10:25,close_long,29253.5,1,58460,47,0.08,0,47,0.08,0,0.00,9310,9.31,0
2071,Entry long,2026-09-10 10:25,buy,29230,1,58460,47,0.08,0,47,0.08,0,0.00,9310,9.31,0
2072,Exit long,2026-09-11 11:30,close_long,29493.75,1,58970,17.5,0.03,0,17.5,0.03,-16,-0.03,9327.5,9.33,0
2072,Entry long,2026-09-11 11:30,buy,29485,1,58970,17.5,0.03,0,17.5,0.03,-16,-0.03,9327.5,9.33,0
2073,Exit long,2026-09-14 10:10,close_long,29079,1,58129.5,28.5,0.05,0,28.5,0.05,0,0.00,9356,9.36,0
2073,Entry long,2026-09-14 10:10,buy,29064.75,1,58129.5,28.5,0.05,0,28.5,0.05,0,0.00,9356,9.36,0
2074,Exit short,2026-09-15 10:20,close_short,29331,1,58687,25,0.04,0,25,0.04,-43.5,-0.07,9381,9.38,1
2074,Entry short,2026-09-15 10:15,sell,29343.5,1,58687,25,0.04,0,25,0.04,-43.5,-0.07,9381,9.38,1
2075,Exit long,2026-09-16 10:00,close_long,29456,1,58958.5,-46.5,-0.08,0,7,0.01,-46.5,-0.08,9334.5,9.33,0
2075,Entry long,2026-09-16 10:00,buy,29479.25,1,58958.5,-46.5,-0.08,0,7,0.01,-46.5,-0.08,9334.5,9.33,0
2076,Exit short,2026-09-18 10:15,close_short,29710.5,1,59455.5,34.5,0.06,0,34.5,0.06,-58.5,-0.10,9369,9.37,2
2076,Entry short,2026-09-18 10:05,sell,29727.75,1,59455.5,34.5,0.06,0,34.5,0.06,-58.5,-0.10,9369,9.37,2
2077,Exit long,2026-09-21 10:00,close_long,30424.75,1,60816,33.5,0.06,0,33.5,0.06,-27,-0.04,9402.5,9.40,1
2077,Entry long,2026-09-21 09:55,buy,30408,1,60816,33.5,0.06,0,33.5,0.06,-27,-0.04,9402.5,9.40,1
2078,Exit long,2026-09-22 09:55,close_long,30904.75,1,61883,-73.5,-0.12,0,4,0.01,-73.5,-0.12,9329,9.33,0
2078,Entry long,2026-09-22 09:55,buy,30941.5,1,61883,-73.5,-0.12,0,4,0.01,-73.5,-0.12,9329,9.33,0
2079,Exit short,2026-09-23 09:55,close_short,30836.75,1,61698,24.5,0.04,0,24.5,0.04,-29,-0.05,9353.5,9.35,0
2079,Entry short,2026-09-23 09:55,sell,30849,1,61698,24.5,0.04,0,24.5,0.04,-29,-0.05,9353.5,9.35,0
2080,Exit long,2026-09-24 10:35,close_long,30641.25,1,61260.5,22,0.04,0,22,0.04,-55,-0.09,9375.5,9.38,1
2080,Entry long,2026-09-24 10:30,buy,30630.25,1,61260.5,22,0.04,0,22,0.04,-55,-0.09,9375.5,9.38,1
2081,Exit long,2026-09-25 09:55,close_long,30924.5,1,61821.5,27.5,0.04,0,27.5,0.04,0,0.00,9403,9.40,0
2081,Entry long,2026-09-25 09:55,buy,30910.75,1,61821.5,27.5,0.04,0,27.5,0.04,0,0.00,9403,9.40,0
2082,Exit short,2026-09-25 10:15,close_short,30716.25,1,61482.5,50,0.08,0,50,0.08,-23.5,-0.04,9453,9.45,0
2082,Entry short,2026-09-25 10:15,sell,30741.25,1,61482.5,50,0.08,0,50,0.08,-23.5,-0.04,9453,9.45,0
2083,Exit short,2026-09-28 10:10,close_short,30552.25,1,61126.5,22,0.04,0,22,0.04,0,0.00,9475,9.48,0
2083,Entry short,2026-09-28 10:10,sell,30563.25,1,61126.5,22,0.04,0,22,0.04,0,0.00,9475,9.48,0